ARM GAS  C:\Users\Made\AppData\Local\Temp\cc0ouLC5.s 			page 1


   1              		.cpu cortex-m7
   2              		.arch armv7e-m
   3              		.fpu fpv5-d16
   4              		.eabi_attribute 28, 1
   5              		.eabi_attribute 20, 1
   6              		.eabi_attribute 21, 1
   7              		.eabi_attribute 23, 3
   8              		.eabi_attribute 24, 1
   9              		.eabi_attribute 25, 1
  10              		.eabi_attribute 26, 1
  11              		.eabi_attribute 30, 1
  12              		.eabi_attribute 34, 1
  13              		.eabi_attribute 18, 4
  14              		.file	"glcd.c"
  15              		.text
  16              	.Ltext0:
  17              		.cfi_sections	.debug_frame
  18              		.file 1 "Core/Inc/glcd/glcd.c"
  19              		.section	.text.glcdDmaSpiTx,"ax",%progbits
  20              		.align	1
  21              		.global	glcdDmaSpiTx
  22              		.syntax unified
  23              		.thumb
  24              		.thumb_func
  26              	glcdDmaSpiTx:
  27              	.LVL0:
  28              	.LFB338:
   1:Core/Inc/glcd/glcd.c **** //
   2:Core/Inc/glcd/glcd.c **** // Created by Made on 18/05/2025.
   3:Core/Inc/glcd/glcd.c **** //
   4:Core/Inc/glcd/glcd.c **** 
   5:Core/Inc/glcd/glcd.c **** #include "glcd.h"
   6:Core/Inc/glcd/glcd.c **** 
   7:Core/Inc/glcd/glcd.c **** #include <main.h>
   8:Core/Inc/glcd/glcd.c **** #include <stdio.h>
   9:Core/Inc/glcd/glcd.c **** #include <stdlib.h>
  10:Core/Inc/glcd/glcd.c **** #include <stm32h7xx_hal_spi.h>
  11:Core/Inc/glcd/glcd.c **** #include <string.h>
  12:Core/Inc/glcd/glcd.c **** #include <stdarg.h>
  13:Core/Inc/glcd/glcd.c **** #include <ssys/ssys.h>
  14:Core/Inc/glcd/glcd.c **** 
  15:Core/Inc/glcd/glcd.c **** SPI_HandleTypeDef *gGlcdSpi = NULL;
  16:Core/Inc/glcd/glcd.c **** BDMA_BUFFER u8     gGlcdDmaData[GLCD_SEND_QUEUE_MAX_DATA_LENGTH];
  17:Core/Inc/glcd/glcd.c **** u16                gGlcdDmaDataSize  = 0;
  18:Core/Inc/glcd/glcd.c **** u32                gGlcdFrameCounter = 0;
  19:Core/Inc/glcd/glcd.c **** u8                 gGlcdFrameBufBack[0x400];
  20:Core/Inc/glcd/glcd.c **** u8                 gGlcdFrameBufFront[0x400];
  21:Core/Inc/glcd/glcd.c **** GPIO_TypeDef *     gGlcdCsPort = NULL;
  22:Core/Inc/glcd/glcd.c **** sfsGlyph *         gGlyphs     = NULL;
  23:Core/Inc/glcd/glcd.c **** SD_HandleTypeDef * gGlcdSd     = NULL;
  24:Core/Inc/glcd/glcd.c **** 
  25:Core/Inc/glcd/glcd.c **** bool gGlcdInitialized       = false;
  26:Core/Inc/glcd/glcd.c **** bool gGlcdFinishedRendering = true;
  27:Core/Inc/glcd/glcd.c **** 
  28:Core/Inc/glcd/glcd.c **** u16 gGlcdCsPin   = 0;
  29:Core/Inc/glcd/glcd.c **** u8  gGlcdCursorX = 0;
  30:Core/Inc/glcd/glcd.c **** u8  gGlcdCursorY = 0;
ARM GAS  C:\Users\Made\AppData\Local\Temp\cc0ouLC5.s 			page 2


  31:Core/Inc/glcd/glcd.c **** u8  gGlcdOriginX = 0;
  32:Core/Inc/glcd/glcd.c **** u8  gGlcdOriginY = 0;
  33:Core/Inc/glcd/glcd.c **** 
  34:Core/Inc/glcd/glcd.c **** void glcdDmaSpiTx(u8 pDat) {
  29              		.loc 1 34 28 view -0
  30              		.cfi_startproc
  31              		@ args = 0, pretend = 0, frame = 0
  32              		@ frame_needed = 0, uses_anonymous_args = 0
  33              		@ link register save eliminated.
  35:Core/Inc/glcd/glcd.c ****     gGlcdDmaData[gGlcdDmaDataSize++] = pDat;
  34              		.loc 1 35 5 view .LVU1
  35              		.loc 1 35 34 is_stmt 0 view .LVU2
  36 0000 034A     		ldr	r2, .L2
  37 0002 1388     		ldrh	r3, [r2]
  38 0004 591C     		adds	r1, r3, #1
  39 0006 1180     		strh	r1, [r2]	@ movhi
  40              		.loc 1 35 38 view .LVU3
  41 0008 024A     		ldr	r2, .L2+4
  42 000a D054     		strb	r0, [r2, r3]
  36:Core/Inc/glcd/glcd.c **** }
  43              		.loc 1 36 1 view .LVU4
  44 000c 7047     		bx	lr
  45              	.L3:
  46 000e 00BF     		.align	2
  47              	.L2:
  48 0010 00000000 		.word	gGlcdDmaDataSize
  49 0014 00000000 		.word	gGlcdDmaData
  50              		.cfi_endproc
  51              	.LFE338:
  53              		.section	.text.glcdDmaSpiTxBulk,"ax",%progbits
  54              		.align	1
  55              		.global	glcdDmaSpiTxBulk
  56              		.syntax unified
  57              		.thumb
  58              		.thumb_func
  60              	glcdDmaSpiTxBulk:
  61              	.LVL1:
  62              	.LFB339:
  37:Core/Inc/glcd/glcd.c **** 
  38:Core/Inc/glcd/glcd.c **** void glcdDmaSpiTxBulk(u8 *pDat, u8 pCount) {
  63              		.loc 1 38 44 is_stmt 1 view -0
  64              		.cfi_startproc
  65              		@ args = 0, pretend = 0, frame = 0
  66              		@ frame_needed = 0, uses_anonymous_args = 0
  67              		.loc 1 38 44 is_stmt 0 view .LVU6
  68 0000 70B5     		push	{r4, r5, r6, lr}
  69              	.LCFI0:
  70              		.cfi_def_cfa_offset 16
  71              		.cfi_offset 4, -16
  72              		.cfi_offset 5, -12
  73              		.cfi_offset 6, -8
  74              		.cfi_offset 14, -4
  75 0002 0546     		mov	r5, r0
  76 0004 0E46     		mov	r6, r1
  39:Core/Inc/glcd/glcd.c ****     for (int i = 0; i < pCount; ++i, pDat++)
  77              		.loc 1 39 5 is_stmt 1 view .LVU7
  78              	.LBB2:
ARM GAS  C:\Users\Made\AppData\Local\Temp\cc0ouLC5.s 			page 3


  79              		.loc 1 39 10 view .LVU8
  80              	.LVL2:
  81              		.loc 1 39 14 is_stmt 0 view .LVU9
  82 0006 0024     		movs	r4, #0
  83              		.loc 1 39 5 view .LVU10
  84 0008 04E0     		b	.L5
  85              	.LVL3:
  86              	.L6:
  40:Core/Inc/glcd/glcd.c ****     {
  41:Core/Inc/glcd/glcd.c ****         glcdDmaSpiTx(*pDat);
  87              		.loc 1 41 9 is_stmt 1 view .LVU11
  88 000a 15F8010B 		ldrb	r0, [r5], #1	@ zero_extendqisi2
  89              	.LVL4:
  90              		.loc 1 41 9 is_stmt 0 view .LVU12
  91 000e FFF7FEFF 		bl	glcdDmaSpiTx
  92              	.LVL5:
  39:Core/Inc/glcd/glcd.c ****     for (int i = 0; i < pCount; ++i, pDat++)
  93              		.loc 1 39 36 is_stmt 1 discriminator 3 view .LVU13
  39:Core/Inc/glcd/glcd.c ****     for (int i = 0; i < pCount; ++i, pDat++)
  94              		.loc 1 39 33 is_stmt 0 discriminator 3 view .LVU14
  95 0012 0134     		adds	r4, r4, #1
  96              	.LVL6:
  97              	.L5:
  39:Core/Inc/glcd/glcd.c ****     for (int i = 0; i < pCount; ++i, pDat++)
  98              		.loc 1 39 23 is_stmt 1 discriminator 1 view .LVU15
  99 0014 A642     		cmp	r6, r4
 100 0016 F8DC     		bgt	.L6
  39:Core/Inc/glcd/glcd.c ****     for (int i = 0; i < pCount; ++i, pDat++)
 101              		.loc 1 39 23 is_stmt 0 discriminator 1 view .LVU16
 102              	.LBE2:
  42:Core/Inc/glcd/glcd.c ****     }
  43:Core/Inc/glcd/glcd.c **** }
 103              		.loc 1 43 1 view .LVU17
 104 0018 70BD     		pop	{r4, r5, r6, pc}
 105              		.loc 1 43 1 view .LVU18
 106              		.cfi_endproc
 107              	.LFE339:
 109              		.section	.text.glcdSpiTx,"ax",%progbits
 110              		.align	1
 111              		.global	glcdSpiTx
 112              		.syntax unified
 113              		.thumb
 114              		.thumb_func
 116              	glcdSpiTx:
 117              	.LVL7:
 118              	.LFB340:
  44:Core/Inc/glcd/glcd.c **** 
  45:Core/Inc/glcd/glcd.c **** void glcdSpiTx(u8 pDat) {
 119              		.loc 1 45 25 is_stmt 1 view -0
 120              		.cfi_startproc
 121              		@ args = 0, pretend = 0, frame = 8
 122              		@ frame_needed = 0, uses_anonymous_args = 0
 123              		.loc 1 45 25 is_stmt 0 view .LVU20
 124 0000 00B5     		push	{lr}
 125              	.LCFI1:
 126              		.cfi_def_cfa_offset 4
 127              		.cfi_offset 14, -4
ARM GAS  C:\Users\Made\AppData\Local\Temp\cc0ouLC5.s 			page 4


 128 0002 83B0     		sub	sp, sp, #12
 129              	.LCFI2:
 130              		.cfi_def_cfa_offset 16
 131 0004 8DF80700 		strb	r0, [sp, #7]
  46:Core/Inc/glcd/glcd.c ****     auto ret = HAL_SPI_Transmit(gGlcdSpi, &pDat, 1, 1000);
 132              		.loc 1 46 5 is_stmt 1 view .LVU21
 133              		.loc 1 46 16 is_stmt 0 view .LVU22
 134 0008 4FF47A73 		mov	r3, #1000
 135 000c 0122     		movs	r2, #1
 136 000e 0DF10701 		add	r1, sp, #7
 137 0012 0648     		ldr	r0, .L12
 138              	.LVL8:
 139              		.loc 1 46 16 view .LVU23
 140 0014 0068     		ldr	r0, [r0]
 141 0016 FFF7FEFF 		bl	HAL_SPI_Transmit
 142              	.LVL9:
  47:Core/Inc/glcd/glcd.c ****     if (ret != HAL_OK)
 143              		.loc 1 47 5 is_stmt 1 view .LVU24
 144              		.loc 1 47 8 is_stmt 0 view .LVU25
 145 001a 10B9     		cbnz	r0, .L11
 146              	.LVL10:
 147              	.L8:
  48:Core/Inc/glcd/glcd.c ****     {
  49:Core/Inc/glcd/glcd.c ****         sysError(SERR_GENERIC_ERROR);
  50:Core/Inc/glcd/glcd.c ****     }
  51:Core/Inc/glcd/glcd.c **** }
 148              		.loc 1 51 1 view .LVU26
 149 001c 03B0     		add	sp, sp, #12
 150              	.LCFI3:
 151              		.cfi_remember_state
 152              		.cfi_def_cfa_offset 4
 153              		@ sp needed
 154 001e 5DF804FB 		ldr	pc, [sp], #4
 155              	.LVL11:
 156              	.L11:
 157              	.LCFI4:
 158              		.cfi_restore_state
  49:Core/Inc/glcd/glcd.c ****     }
 159              		.loc 1 49 9 is_stmt 1 view .LVU27
 160 0022 4FF4C870 		mov	r0, #400
 161              	.LVL12:
  49:Core/Inc/glcd/glcd.c ****     }
 162              		.loc 1 49 9 is_stmt 0 view .LVU28
 163 0026 FFF7FEFF 		bl	sysError
 164              	.LVL13:
 165              		.loc 1 51 1 view .LVU29
 166 002a F7E7     		b	.L8
 167              	.L13:
 168              		.align	2
 169              	.L12:
 170 002c 00000000 		.word	gGlcdSpi
 171              		.cfi_endproc
 172              	.LFE340:
 174              		.section	.text.glcdSpiTxBulk,"ax",%progbits
 175              		.align	1
 176              		.global	glcdSpiTxBulk
 177              		.syntax unified
ARM GAS  C:\Users\Made\AppData\Local\Temp\cc0ouLC5.s 			page 5


 178              		.thumb
 179              		.thumb_func
 181              	glcdSpiTxBulk:
 182              	.LVL14:
 183              	.LFB341:
  52:Core/Inc/glcd/glcd.c **** 
  53:Core/Inc/glcd/glcd.c **** void glcdSpiTxBulk(u8 *pDat, u8 pCount) {
 184              		.loc 1 53 41 is_stmt 1 view -0
 185              		.cfi_startproc
 186              		@ args = 0, pretend = 0, frame = 0
 187              		@ frame_needed = 0, uses_anonymous_args = 0
 188              		.loc 1 53 41 is_stmt 0 view .LVU31
 189 0000 70B5     		push	{r4, r5, r6, lr}
 190              	.LCFI5:
 191              		.cfi_def_cfa_offset 16
 192              		.cfi_offset 4, -16
 193              		.cfi_offset 5, -12
 194              		.cfi_offset 6, -8
 195              		.cfi_offset 14, -4
 196 0002 0546     		mov	r5, r0
 197 0004 0E46     		mov	r6, r1
  54:Core/Inc/glcd/glcd.c ****     for (int i = 0; i < pCount; ++i, pDat++)
 198              		.loc 1 54 5 is_stmt 1 view .LVU32
 199              	.LBB3:
 200              		.loc 1 54 10 view .LVU33
 201              	.LVL15:
 202              		.loc 1 54 14 is_stmt 0 view .LVU34
 203 0006 0024     		movs	r4, #0
 204              		.loc 1 54 5 view .LVU35
 205 0008 04E0     		b	.L15
 206              	.LVL16:
 207              	.L16:
  55:Core/Inc/glcd/glcd.c ****     {
  56:Core/Inc/glcd/glcd.c ****         glcdSpiTx(*pDat);
 208              		.loc 1 56 9 is_stmt 1 view .LVU36
 209 000a 15F8010B 		ldrb	r0, [r5], #1	@ zero_extendqisi2
 210              	.LVL17:
 211              		.loc 1 56 9 is_stmt 0 view .LVU37
 212 000e FFF7FEFF 		bl	glcdSpiTx
 213              	.LVL18:
  54:Core/Inc/glcd/glcd.c ****     for (int i = 0; i < pCount; ++i, pDat++)
 214              		.loc 1 54 36 is_stmt 1 discriminator 3 view .LVU38
  54:Core/Inc/glcd/glcd.c ****     for (int i = 0; i < pCount; ++i, pDat++)
 215              		.loc 1 54 33 is_stmt 0 discriminator 3 view .LVU39
 216 0012 0134     		adds	r4, r4, #1
 217              	.LVL19:
 218              	.L15:
  54:Core/Inc/glcd/glcd.c ****     for (int i = 0; i < pCount; ++i, pDat++)
 219              		.loc 1 54 23 is_stmt 1 discriminator 1 view .LVU40
 220 0014 A642     		cmp	r6, r4
 221 0016 F8DC     		bgt	.L16
  54:Core/Inc/glcd/glcd.c ****     for (int i = 0; i < pCount; ++i, pDat++)
 222              		.loc 1 54 23 is_stmt 0 discriminator 1 view .LVU41
 223              	.LBE3:
  57:Core/Inc/glcd/glcd.c ****     }
  58:Core/Inc/glcd/glcd.c **** }
 224              		.loc 1 58 1 view .LVU42
ARM GAS  C:\Users\Made\AppData\Local\Temp\cc0ouLC5.s 			page 6


 225 0018 70BD     		pop	{r4, r5, r6, pc}
 226              		.loc 1 58 1 view .LVU43
 227              		.cfi_endproc
 228              	.LFE341:
 230              		.section	.text.glcdCmd,"ax",%progbits
 231              		.align	1
 232              		.global	glcdCmd
 233              		.syntax unified
 234              		.thumb
 235              		.thumb_func
 237              	glcdCmd:
 238              	.LVL20:
 239              	.LFB342:
  59:Core/Inc/glcd/glcd.c **** 
  60:Core/Inc/glcd/glcd.c **** void glcdCmd(u8 pRs, u8 pRw, u8 pData) {
 240              		.loc 1 60 40 is_stmt 1 view -0
 241              		.cfi_startproc
 242              		@ args = 0, pretend = 0, frame = 0
 243              		@ frame_needed = 0, uses_anonymous_args = 0
 244              		.loc 1 60 40 is_stmt 0 view .LVU45
 245 0000 2DE9F041 		push	{r4, r5, r6, r7, r8, lr}
 246              	.LCFI6:
 247              		.cfi_def_cfa_offset 24
 248              		.cfi_offset 4, -24
 249              		.cfi_offset 5, -20
 250              		.cfi_offset 6, -16
 251              		.cfi_offset 7, -12
 252              		.cfi_offset 8, -8
 253              		.cfi_offset 14, -4
 254 0004 8046     		mov	r8, r0
 255 0006 0C46     		mov	r4, r1
 256 0008 1546     		mov	r5, r2
  61:Core/Inc/glcd/glcd.c ****     glcdCsHigh();
 257              		.loc 1 61 5 is_stmt 1 view .LVU46
 258 000a 104F     		ldr	r7, .L20
 259 000c 104E     		ldr	r6, .L20+4
 260 000e 0122     		movs	r2, #1
 261              	.LVL21:
 262              		.loc 1 61 5 is_stmt 0 view .LVU47
 263 0010 3988     		ldrh	r1, [r7]
 264              	.LVL22:
 265              		.loc 1 61 5 view .LVU48
 266 0012 3068     		ldr	r0, [r6]
 267              	.LVL23:
 268              		.loc 1 61 5 view .LVU49
 269 0014 FFF7FEFF 		bl	HAL_GPIO_WritePin
 270              	.LVL24:
  62:Core/Inc/glcd/glcd.c ****     glcdSpiTx(0b11111000 | pRw << 2 | pRs << 1);
 271              		.loc 1 62 5 is_stmt 1 view .LVU50
 272              		.loc 1 62 26 is_stmt 0 view .LVU51
 273 0018 A400     		lsls	r4, r4, #2
 274              	.LVL25:
 275              		.loc 1 62 26 view .LVU52
 276 001a 64F00704 		orn	r4, r4, #7
 277              		.loc 1 62 37 view .LVU53
 278 001e 44EA4800 		orr	r0, r4, r8, lsl #1
 279              		.loc 1 62 5 view .LVU54
ARM GAS  C:\Users\Made\AppData\Local\Temp\cc0ouLC5.s 			page 7


 280 0022 00F0FE00 		and	r0, r0, #254
 281 0026 FFF7FEFF 		bl	glcdSpiTx
 282              	.LVL26:
  63:Core/Inc/glcd/glcd.c ****     glcdSpiTx(pData & 0b11110000);
 283              		.loc 1 63 5 is_stmt 1 view .LVU55
 284 002a 05F0F000 		and	r0, r5, #240
 285 002e FFF7FEFF 		bl	glcdSpiTx
 286              	.LVL27:
  64:Core/Inc/glcd/glcd.c ****     glcdSpiTx((pData & 0b1111) << 4);
 287              		.loc 1 64 5 view .LVU56
 288 0032 2801     		lsls	r0, r5, #4
 289 0034 00F0F000 		and	r0, r0, #240
 290 0038 FFF7FEFF 		bl	glcdSpiTx
 291              	.LVL28:
  65:Core/Inc/glcd/glcd.c ****     glcdCsLow();
 292              		.loc 1 65 5 view .LVU57
 293 003c 0022     		movs	r2, #0
 294 003e 3988     		ldrh	r1, [r7]
 295 0040 3068     		ldr	r0, [r6]
 296 0042 FFF7FEFF 		bl	HAL_GPIO_WritePin
 297              	.LVL29:
  66:Core/Inc/glcd/glcd.c **** }
 298              		.loc 1 66 1 is_stmt 0 view .LVU58
 299 0046 BDE8F081 		pop	{r4, r5, r6, r7, r8, pc}
 300              	.LVL30:
 301              	.L21:
 302              		.loc 1 66 1 view .LVU59
 303 004a 00BF     		.align	2
 304              	.L20:
 305 004c 00000000 		.word	gGlcdCsPin
 306 0050 00000000 		.word	gGlcdCsPort
 307              		.cfi_endproc
 308              	.LFE342:
 310              		.section	.text.glcdDmaCmd,"ax",%progbits
 311              		.align	1
 312              		.global	glcdDmaCmd
 313              		.syntax unified
 314              		.thumb
 315              		.thumb_func
 317              	glcdDmaCmd:
 318              	.LVL31:
 319              	.LFB343:
  67:Core/Inc/glcd/glcd.c **** 
  68:Core/Inc/glcd/glcd.c **** void glcdDmaCmd(u8 pRs, u8 pRw, u8 pData) {
 320              		.loc 1 68 43 is_stmt 1 view -0
 321              		.cfi_startproc
 322              		@ args = 0, pretend = 0, frame = 0
 323              		@ frame_needed = 0, uses_anonymous_args = 0
 324              		.loc 1 68 43 is_stmt 0 view .LVU61
 325 0000 10B5     		push	{r4, lr}
 326              	.LCFI7:
 327              		.cfi_def_cfa_offset 8
 328              		.cfi_offset 4, -8
 329              		.cfi_offset 14, -4
 330 0002 1446     		mov	r4, r2
  69:Core/Inc/glcd/glcd.c ****     glcdDmaSpiTx(0b11111000 | pRw << 2 | pRs << 1);
 331              		.loc 1 69 5 is_stmt 1 view .LVU62
ARM GAS  C:\Users\Made\AppData\Local\Temp\cc0ouLC5.s 			page 8


 332              		.loc 1 69 29 is_stmt 0 view .LVU63
 333 0004 8900     		lsls	r1, r1, #2
 334              	.LVL32:
 335              		.loc 1 69 29 view .LVU64
 336 0006 61F00701 		orn	r1, r1, #7
 337              		.loc 1 69 40 view .LVU65
 338 000a 41EA4000 		orr	r0, r1, r0, lsl #1
 339              	.LVL33:
 340              		.loc 1 69 5 view .LVU66
 341 000e 00F0FE00 		and	r0, r0, #254
 342 0012 FFF7FEFF 		bl	glcdDmaSpiTx
 343              	.LVL34:
  70:Core/Inc/glcd/glcd.c ****     glcdDmaSpiTx(pData & 0b11110000);
 344              		.loc 1 70 5 is_stmt 1 view .LVU67
 345 0016 04F0F000 		and	r0, r4, #240
 346 001a FFF7FEFF 		bl	glcdDmaSpiTx
 347              	.LVL35:
  71:Core/Inc/glcd/glcd.c ****     glcdDmaSpiTx((pData & 0b1111) << 4);
 348              		.loc 1 71 5 view .LVU68
 349 001e 2001     		lsls	r0, r4, #4
 350 0020 00F0F000 		and	r0, r0, #240
 351 0024 FFF7FEFF 		bl	glcdDmaSpiTx
 352              	.LVL36:
  72:Core/Inc/glcd/glcd.c **** }
 353              		.loc 1 72 1 is_stmt 0 view .LVU69
 354 0028 10BD     		pop	{r4, pc}
 355              		.loc 1 72 1 view .LVU70
 356              		.cfi_endproc
 357              	.LFE343:
 359              		.section	.text.glcdGdramSetAddr,"ax",%progbits
 360              		.align	1
 361              		.global	glcdGdramSetAddr
 362              		.syntax unified
 363              		.thumb
 364              		.thumb_func
 366              	glcdGdramSetAddr:
 367              	.LVL37:
 368              	.LFB344:
  73:Core/Inc/glcd/glcd.c **** 
  74:Core/Inc/glcd/glcd.c **** void glcdGdramSetAddr(u8 pX, u8 pY) {
 369              		.loc 1 74 37 is_stmt 1 view -0
 370              		.cfi_startproc
 371              		@ args = 0, pretend = 0, frame = 0
 372              		@ frame_needed = 0, uses_anonymous_args = 0
 373              		.loc 1 74 37 is_stmt 0 view .LVU72
 374 0000 10B5     		push	{r4, lr}
 375              	.LCFI8:
 376              		.cfi_def_cfa_offset 8
 377              		.cfi_offset 4, -8
 378              		.cfi_offset 14, -4
 379 0002 0446     		mov	r4, r0
  75:Core/Inc/glcd/glcd.c ****     glcdCmd(0, 0, 0b10000000 | pY);
 380              		.loc 1 75 5 is_stmt 1 view .LVU73
 381 0004 41F08002 		orr	r2, r1, #128
 382 0008 0021     		movs	r1, #0
 383              	.LVL38:
 384              		.loc 1 75 5 is_stmt 0 view .LVU74
ARM GAS  C:\Users\Made\AppData\Local\Temp\cc0ouLC5.s 			page 9


 385 000a 0846     		mov	r0, r1
 386              	.LVL39:
 387              		.loc 1 75 5 view .LVU75
 388 000c FFF7FEFF 		bl	glcdCmd
 389              	.LVL40:
  76:Core/Inc/glcd/glcd.c ****     glcdCmd(0, 0, 0b10000000 | pX);
 390              		.loc 1 76 5 is_stmt 1 view .LVU76
 391 0010 44F08002 		orr	r2, r4, #128
 392 0014 0021     		movs	r1, #0
 393 0016 0846     		mov	r0, r1
 394 0018 FFF7FEFF 		bl	glcdCmd
 395              	.LVL41:
  77:Core/Inc/glcd/glcd.c **** }
 396              		.loc 1 77 1 is_stmt 0 view .LVU77
 397 001c 10BD     		pop	{r4, pc}
 398              		.loc 1 77 1 view .LVU78
 399              		.cfi_endproc
 400              	.LFE344:
 402              		.section	.text.glcdDmaGdramSetAddr,"ax",%progbits
 403              		.align	1
 404              		.global	glcdDmaGdramSetAddr
 405              		.syntax unified
 406              		.thumb
 407              		.thumb_func
 409              	glcdDmaGdramSetAddr:
 410              	.LVL42:
 411              	.LFB345:
  78:Core/Inc/glcd/glcd.c **** 
  79:Core/Inc/glcd/glcd.c **** void glcdDmaGdramSetAddr(u8 pX, u8 pY) {
 412              		.loc 1 79 40 is_stmt 1 view -0
 413              		.cfi_startproc
 414              		@ args = 0, pretend = 0, frame = 0
 415              		@ frame_needed = 0, uses_anonymous_args = 0
 416              		.loc 1 79 40 is_stmt 0 view .LVU80
 417 0000 10B5     		push	{r4, lr}
 418              	.LCFI9:
 419              		.cfi_def_cfa_offset 8
 420              		.cfi_offset 4, -8
 421              		.cfi_offset 14, -4
 422 0002 0446     		mov	r4, r0
  80:Core/Inc/glcd/glcd.c ****     glcdDmaCmd(0, 0, 0b10000000 | pY);
 423              		.loc 1 80 5 is_stmt 1 view .LVU81
 424 0004 41F08002 		orr	r2, r1, #128
 425 0008 0021     		movs	r1, #0
 426              	.LVL43:
 427              		.loc 1 80 5 is_stmt 0 view .LVU82
 428 000a 0846     		mov	r0, r1
 429              	.LVL44:
 430              		.loc 1 80 5 view .LVU83
 431 000c FFF7FEFF 		bl	glcdDmaCmd
 432              	.LVL45:
  81:Core/Inc/glcd/glcd.c ****     glcdDmaCmd(0, 0, 0b10000000 | pX);
 433              		.loc 1 81 5 is_stmt 1 view .LVU84
 434 0010 44F08002 		orr	r2, r4, #128
 435 0014 0021     		movs	r1, #0
 436 0016 0846     		mov	r0, r1
 437 0018 FFF7FEFF 		bl	glcdDmaCmd
ARM GAS  C:\Users\Made\AppData\Local\Temp\cc0ouLC5.s 			page 10


 438              	.LVL46:
  82:Core/Inc/glcd/glcd.c **** }
 439              		.loc 1 82 1 is_stmt 0 view .LVU85
 440 001c 10BD     		pop	{r4, pc}
 441              		.loc 1 82 1 view .LVU86
 442              		.cfi_endproc
 443              	.LFE345:
 445              		.section	.text.glcdSeek,"ax",%progbits
 446              		.align	1
 447              		.global	glcdSeek
 448              		.syntax unified
 449              		.thumb
 450              		.thumb_func
 452              	glcdSeek:
 453              	.LVL47:
 454              	.LFB346:
  83:Core/Inc/glcd/glcd.c **** 
  84:Core/Inc/glcd/glcd.c **** void glcdSeek(u8 pX, u8 pY) {
 455              		.loc 1 84 29 is_stmt 1 view -0
 456              		.cfi_startproc
 457              		@ args = 0, pretend = 0, frame = 0
 458              		@ frame_needed = 0, uses_anonymous_args = 0
 459              		@ link register save eliminated.
  85:Core/Inc/glcd/glcd.c ****     gGlcdCursorX = pX;
 460              		.loc 1 85 5 view .LVU88
 461              		.loc 1 85 18 is_stmt 0 view .LVU89
 462 0000 024B     		ldr	r3, .L29
 463 0002 1870     		strb	r0, [r3]
  86:Core/Inc/glcd/glcd.c ****     gGlcdCursorY = pY;
 464              		.loc 1 86 5 is_stmt 1 view .LVU90
 465              		.loc 1 86 18 is_stmt 0 view .LVU91
 466 0004 024B     		ldr	r3, .L29+4
 467 0006 1970     		strb	r1, [r3]
  87:Core/Inc/glcd/glcd.c **** }
 468              		.loc 1 87 1 view .LVU92
 469 0008 7047     		bx	lr
 470              	.L30:
 471 000a 00BF     		.align	2
 472              	.L29:
 473 000c 00000000 		.word	gGlcdCursorX
 474 0010 00000000 		.word	gGlcdCursorY
 475              		.cfi_endproc
 476              	.LFE346:
 478              		.section	.text.glcdSetOrigin,"ax",%progbits
 479              		.align	1
 480              		.global	glcdSetOrigin
 481              		.syntax unified
 482              		.thumb
 483              		.thumb_func
 485              	glcdSetOrigin:
 486              	.LVL48:
 487              	.LFB347:
  88:Core/Inc/glcd/glcd.c **** 
  89:Core/Inc/glcd/glcd.c **** void glcdSetOrigin(u8 pX, u8 pY) {
 488              		.loc 1 89 34 is_stmt 1 view -0
 489              		.cfi_startproc
 490              		@ args = 0, pretend = 0, frame = 0
ARM GAS  C:\Users\Made\AppData\Local\Temp\cc0ouLC5.s 			page 11


 491              		@ frame_needed = 0, uses_anonymous_args = 0
 492              		@ link register save eliminated.
  90:Core/Inc/glcd/glcd.c ****     gGlcdOriginX = pX;
 493              		.loc 1 90 5 view .LVU94
 494              		.loc 1 90 18 is_stmt 0 view .LVU95
 495 0000 024B     		ldr	r3, .L32
 496 0002 1870     		strb	r0, [r3]
  91:Core/Inc/glcd/glcd.c ****     gGlcdOriginY = pY;
 497              		.loc 1 91 5 is_stmt 1 view .LVU96
 498              		.loc 1 91 18 is_stmt 0 view .LVU97
 499 0004 024B     		ldr	r3, .L32+4
 500 0006 1970     		strb	r1, [r3]
  92:Core/Inc/glcd/glcd.c **** }
 501              		.loc 1 92 1 view .LVU98
 502 0008 7047     		bx	lr
 503              	.L33:
 504 000a 00BF     		.align	2
 505              	.L32:
 506 000c 00000000 		.word	gGlcdOriginX
 507 0010 00000000 		.word	gGlcdOriginY
 508              		.cfi_endproc
 509              	.LFE347:
 511              		.section	.text.glcdDrawPixel,"ax",%progbits
 512              		.align	1
 513              		.global	glcdDrawPixel
 514              		.syntax unified
 515              		.thumb
 516              		.thumb_func
 518              	glcdDrawPixel:
 519              	.LVL49:
 520              	.LFB348:
  93:Core/Inc/glcd/glcd.c **** 
  94:Core/Inc/glcd/glcd.c **** void glcdDrawPixel(u8 pX, u8 pY, bool pSet) {
 521              		.loc 1 94 45 is_stmt 1 view -0
 522              		.cfi_startproc
 523              		@ args = 0, pretend = 0, frame = 0
 524              		@ frame_needed = 0, uses_anonymous_args = 0
 525              		@ link register save eliminated.
 526              		.loc 1 94 45 is_stmt 0 view .LVU100
 527 0000 10B4     		push	{r4}
 528              	.LCFI10:
 529              		.cfi_def_cfa_offset 4
 530              		.cfi_offset 4, -4
  95:Core/Inc/glcd/glcd.c ****     u8 idx                 = pY * 16 + pX / 8;
 531              		.loc 1 95 5 is_stmt 1 view .LVU101
 532              		.loc 1 95 38 is_stmt 0 view .LVU102
 533 0002 0B01     		lsls	r3, r1, #4
 534 0004 DBB2     		uxtb	r3, r3
 535              		.loc 1 95 8 view .LVU103
 536 0006 03EBD003 		add	r3, r3, r0, lsr #3
 537 000a DBB2     		uxtb	r3, r3
 538              	.LVL50:
  96:Core/Inc/glcd/glcd.c ****     u8 row                 = gGlcdFrameBufBack[idx];
 539              		.loc 1 96 5 is_stmt 1 view .LVU104
 540              		.loc 1 96 8 is_stmt 0 view .LVU105
 541 000c 094C     		ldr	r4, .L36
 542 000e 14F803C0 		ldrb	ip, [r4, r3]	@ zero_extendqisi2
ARM GAS  C:\Users\Made\AppData\Local\Temp\cc0ouLC5.s 			page 12


 543              	.LVL51:
  97:Core/Inc/glcd/glcd.c ****     u8 rem                 = pX & 7;
 544              		.loc 1 97 5 is_stmt 1 view .LVU106
 545              		.loc 1 97 8 is_stmt 0 view .LVU107
 546 0012 00F00700 		and	r0, r0, #7
 547              	.LVL52:
  98:Core/Inc/glcd/glcd.c ****     row                    = (row & ~(0x80 >> rem)) | (pSet << (7 - rem));
 548              		.loc 1 98 5 is_stmt 1 view .LVU108
 549              		.loc 1 98 37 is_stmt 0 view .LVU109
 550 0016 6FF08001 		mvn	r1, #128
 551              	.LVL53:
 552              		.loc 1 98 37 view .LVU110
 553 001a 0141     		asrs	r1, r1, r0
 554              		.loc 1 98 35 view .LVU111
 555 001c 01EA0C01 		and	r1, r1, ip
 556 0020 49B2     		sxtb	r1, r1
 557              		.loc 1 98 67 view .LVU112
 558 0022 C0F10700 		rsb	r0, r0, #7
 559              	.LVL54:
 560              		.loc 1 98 61 view .LVU113
 561 0026 8240     		lsls	r2, r2, r0
 562              	.LVL55:
 563              		.loc 1 98 53 view .LVU114
 564 0028 1143     		orrs	r1, r1, r2
 565              	.LVL56:
  99:Core/Inc/glcd/glcd.c ****     gGlcdFrameBufBack[idx] = row;
 566              		.loc 1 99 5 is_stmt 1 view .LVU115
 567              		.loc 1 99 28 is_stmt 0 view .LVU116
 568 002a E154     		strb	r1, [r4, r3]
 100:Core/Inc/glcd/glcd.c **** }
 569              		.loc 1 100 1 view .LVU117
 570 002c 5DF8044B 		ldr	r4, [sp], #4
 571              	.LCFI11:
 572              		.cfi_restore 4
 573              		.cfi_def_cfa_offset 0
 574 0030 7047     		bx	lr
 575              	.L37:
 576 0032 00BF     		.align	2
 577              	.L36:
 578 0034 00000000 		.word	gGlcdFrameBufBack
 579              		.cfi_endproc
 580              	.LFE348:
 582              		.section	.text.glcdClsSoft,"ax",%progbits
 583              		.align	1
 584              		.global	glcdClsSoft
 585              		.syntax unified
 586              		.thumb
 587              		.thumb_func
 589              	glcdClsSoft:
 590              	.LFB349:
 101:Core/Inc/glcd/glcd.c **** 
 102:Core/Inc/glcd/glcd.c **** void glcdClsSoft() {
 591              		.loc 1 102 20 is_stmt 1 view -0
 592              		.cfi_startproc
 593              		@ args = 0, pretend = 0, frame = 0
 594              		@ frame_needed = 0, uses_anonymous_args = 0
 595 0000 08B5     		push	{r3, lr}
ARM GAS  C:\Users\Made\AppData\Local\Temp\cc0ouLC5.s 			page 13


 596              	.LCFI12:
 597              		.cfi_def_cfa_offset 8
 598              		.cfi_offset 3, -8
 599              		.cfi_offset 14, -4
 103:Core/Inc/glcd/glcd.c ****     memset(gGlcdFrameBufBack, 0, 0x400);
 600              		.loc 1 103 5 view .LVU119
 601 0002 4FF48062 		mov	r2, #1024
 602 0006 0021     		movs	r1, #0
 603 0008 0148     		ldr	r0, .L40
 604 000a FFF7FEFF 		bl	memset
 605              	.LVL57:
 104:Core/Inc/glcd/glcd.c **** }
 606              		.loc 1 104 1 is_stmt 0 view .LVU120
 607 000e 08BD     		pop	{r3, pc}
 608              	.L41:
 609              		.align	2
 610              	.L40:
 611 0010 00000000 		.word	gGlcdFrameBufBack
 612              		.cfi_endproc
 613              	.LFE349:
 615              		.section	.text.glcdInit,"ax",%progbits
 616              		.align	1
 617              		.global	glcdInit
 618              		.syntax unified
 619              		.thumb
 620              		.thumb_func
 622              	glcdInit:
 623              	.LVL58:
 624              	.LFB350:
 105:Core/Inc/glcd/glcd.c **** 
 106:Core/Inc/glcd/glcd.c **** void glcdInit(SD_HandleTypeDef *pSd, SPI_HandleTypeDef *pSpi, GPIO_TypeDef *pCsPort, u16 pPin) {
 625              		.loc 1 106 96 is_stmt 1 view -0
 626              		.cfi_startproc
 627              		@ args = 0, pretend = 0, frame = 0
 628              		@ frame_needed = 0, uses_anonymous_args = 0
 629              		.loc 1 106 96 is_stmt 0 view .LVU122
 630 0000 2DE9F041 		push	{r4, r5, r6, r7, r8, lr}
 631              	.LCFI13:
 632              		.cfi_def_cfa_offset 24
 633              		.cfi_offset 4, -24
 634              		.cfi_offset 5, -20
 635              		.cfi_offset 6, -16
 636              		.cfi_offset 7, -12
 637              		.cfi_offset 8, -8
 638              		.cfi_offset 14, -4
 639 0004 82B0     		sub	sp, sp, #8
 640              	.LCFI14:
 641              		.cfi_def_cfa_offset 32
 642 0006 0446     		mov	r4, r0
 643 0008 0D46     		mov	r5, r1
 644 000a 1746     		mov	r7, r2
 645 000c 1E46     		mov	r6, r3
 107:Core/Inc/glcd/glcd.c ****     HAL_Delay(50);
 646              		.loc 1 107 5 is_stmt 1 view .LVU123
 647 000e 3220     		movs	r0, #50
 648              	.LVL59:
 649              		.loc 1 107 5 is_stmt 0 view .LVU124
ARM GAS  C:\Users\Made\AppData\Local\Temp\cc0ouLC5.s 			page 14


 650 0010 FFF7FEFF 		bl	HAL_Delay
 651              	.LVL60:
 108:Core/Inc/glcd/glcd.c ****     HAL_GPIO_WritePin(LCD_RESET_GPIO_Port, LCD_RESET_Pin, GPIO_PIN_RESET);
 652              		.loc 1 108 5 is_stmt 1 view .LVU125
 653 0014 DFF8EC80 		ldr	r8, .L46+36
 654 0018 0022     		movs	r2, #0
 655 001a 2021     		movs	r1, #32
 656 001c 4046     		mov	r0, r8
 657 001e FFF7FEFF 		bl	HAL_GPIO_WritePin
 658              	.LVL61:
 109:Core/Inc/glcd/glcd.c ****     HAL_Delay(50);
 659              		.loc 1 109 5 view .LVU126
 660 0022 3220     		movs	r0, #50
 661 0024 FFF7FEFF 		bl	HAL_Delay
 662              	.LVL62:
 110:Core/Inc/glcd/glcd.c ****     HAL_GPIO_WritePin(LCD_RESET_GPIO_Port, LCD_RESET_Pin, GPIO_PIN_SET);
 663              		.loc 1 110 5 view .LVU127
 664 0028 0122     		movs	r2, #1
 665 002a 2021     		movs	r1, #32
 666 002c 4046     		mov	r0, r8
 667 002e FFF7FEFF 		bl	HAL_GPIO_WritePin
 668              	.LVL63:
 111:Core/Inc/glcd/glcd.c ****     HAL_Delay(50);
 669              		.loc 1 111 5 view .LVU128
 670 0032 3220     		movs	r0, #50
 671 0034 FFF7FEFF 		bl	HAL_Delay
 672              	.LVL64:
 112:Core/Inc/glcd/glcd.c **** 
 113:Core/Inc/glcd/glcd.c ****     gGlcdCsPort = pCsPort;
 673              		.loc 1 113 5 view .LVU129
 674              		.loc 1 113 17 is_stmt 0 view .LVU130
 675 0038 294B     		ldr	r3, .L46
 676 003a 1F60     		str	r7, [r3]
 114:Core/Inc/glcd/glcd.c ****     gGlcdCsPin  = pPin;
 677              		.loc 1 114 5 is_stmt 1 view .LVU131
 678              		.loc 1 114 17 is_stmt 0 view .LVU132
 679 003c 294B     		ldr	r3, .L46+4
 680 003e 1E80     		strh	r6, [r3]	@ movhi
 115:Core/Inc/glcd/glcd.c ****     gGlcdSpi    = pSpi;
 681              		.loc 1 115 5 is_stmt 1 view .LVU133
 682              		.loc 1 115 17 is_stmt 0 view .LVU134
 683 0040 294B     		ldr	r3, .L46+8
 684 0042 1D60     		str	r5, [r3]
 116:Core/Inc/glcd/glcd.c ****     gGlcdSd     = pSd;
 685              		.loc 1 116 5 is_stmt 1 view .LVU135
 686              		.loc 1 116 17 is_stmt 0 view .LVU136
 687 0044 294D     		ldr	r5, .L46+12
 688              	.LVL65:
 689              		.loc 1 116 17 view .LVU137
 690 0046 2C60     		str	r4, [r5]
 117:Core/Inc/glcd/glcd.c **** 
 118:Core/Inc/glcd/glcd.c ****     memset(gGlcdFrameBufFront, 0, 0x400);
 691              		.loc 1 118 5 is_stmt 1 view .LVU138
 692 0048 4FF48064 		mov	r4, #1024
 693              	.LVL66:
 694              		.loc 1 118 5 is_stmt 0 view .LVU139
 695 004c 2246     		mov	r2, r4
ARM GAS  C:\Users\Made\AppData\Local\Temp\cc0ouLC5.s 			page 15


 696 004e 0021     		movs	r1, #0
 697 0050 2748     		ldr	r0, .L46+16
 698 0052 FFF7FEFF 		bl	memset
 699              	.LVL67:
 119:Core/Inc/glcd/glcd.c ****     memset(gGlcdFrameBufBack, 0, 0x400);
 700              		.loc 1 119 5 is_stmt 1 view .LVU140
 701 0056 2246     		mov	r2, r4
 702 0058 0021     		movs	r1, #0
 703 005a 2648     		ldr	r0, .L46+20
 704 005c FFF7FEFF 		bl	memset
 705              	.LVL68:
 120:Core/Inc/glcd/glcd.c **** 
 121:Core/Inc/glcd/glcd.c ****     glcdClsSoft();
 706              		.loc 1 121 5 view .LVU141
 707 0060 FFF7FEFF 		bl	glcdClsSoft
 708              	.LVL69:
 122:Core/Inc/glcd/glcd.c **** 
 123:Core/Inc/glcd/glcd.c ****     gGlyphs                  = malloc(SFS_FONT_SIZE_ALIGNED);
 709              		.loc 1 123 5 view .LVU142
 710              		.loc 1 123 32 is_stmt 0 view .LVU143
 711 0064 4FF42060 		mov	r0, #2560
 712 0068 FFF7FEFF 		bl	malloc
 713              	.LVL70:
 714 006c 0146     		mov	r1, r0
 715              		.loc 1 123 30 discriminator 1 view .LVU144
 716 006e 224B     		ldr	r3, .L46+24
 717 0070 1860     		str	r0, [r3]
 124:Core/Inc/glcd/glcd.c ****     HAL_StatusTypeDef halRet = HAL_SD_ReadBlocks(gGlcdSd, (u8 *) gGlyphs, gSfsHeader->fontDataBlock
 718              		.loc 1 124 5 is_stmt 1 view .LVU145
 719              		.loc 1 124 32 is_stmt 0 view .LVU146
 720 0072 4FF47A73 		mov	r3, #1000
 721 0076 0093     		str	r3, [sp]
 722 0078 0523     		movs	r3, #5
 723 007a 204A     		ldr	r2, .L46+28
 724 007c 5268     		ldr	r2, [r2, #4]	@ unaligned
 725 007e 2868     		ldr	r0, [r5]
 726 0080 FFF7FEFF 		bl	HAL_SD_ReadBlocks
 727              	.LVL71:
 125:Core/Inc/glcd/glcd.c **** 
 126:Core/Inc/glcd/glcd.c ****     if (halRet != HAL_OK)
 728              		.loc 1 126 5 is_stmt 1 view .LVU147
 729              		.loc 1 126 8 is_stmt 0 view .LVU148
 730 0084 10B1     		cbz	r0, .L45
 731              	.LVL72:
 732              	.L42:
 127:Core/Inc/glcd/glcd.c ****     {
 128:Core/Inc/glcd/glcd.c ****         return;
 129:Core/Inc/glcd/glcd.c ****     }
 130:Core/Inc/glcd/glcd.c **** 
 131:Core/Inc/glcd/glcd.c ****     glcdCmd(0, 0, 0b00110000);
 132:Core/Inc/glcd/glcd.c ****     glcdCmd(0, 0, 0b00110000);
 133:Core/Inc/glcd/glcd.c ****     glcdCmd(0, 0, 1);
 134:Core/Inc/glcd/glcd.c ****     HAL_Delay(2);
 135:Core/Inc/glcd/glcd.c **** 
 136:Core/Inc/glcd/glcd.c ****     glcdCmd(0, 0, 6);
 137:Core/Inc/glcd/glcd.c ****     glcdCmd(0, 0, 12);
 138:Core/Inc/glcd/glcd.c **** 
ARM GAS  C:\Users\Made\AppData\Local\Temp\cc0ouLC5.s 			page 16


 139:Core/Inc/glcd/glcd.c ****     glcdCmd(0, 0, 0x34);
 140:Core/Inc/glcd/glcd.c ****     glcdCmd(0, 0, 0x36);
 141:Core/Inc/glcd/glcd.c **** 
 142:Core/Inc/glcd/glcd.c ****     gGlcdInitialized = true;
 143:Core/Inc/glcd/glcd.c **** }
 733              		.loc 1 143 1 view .LVU149
 734 0086 02B0     		add	sp, sp, #8
 735              	.LCFI15:
 736              		.cfi_remember_state
 737              		.cfi_def_cfa_offset 24
 738              		@ sp needed
 739 0088 BDE8F081 		pop	{r4, r5, r6, r7, r8, pc}
 740              	.LVL73:
 741              	.L45:
 742              	.LCFI16:
 743              		.cfi_restore_state
 131:Core/Inc/glcd/glcd.c ****     glcdCmd(0, 0, 0b00110000);
 744              		.loc 1 131 5 is_stmt 1 view .LVU150
 745 008c 3022     		movs	r2, #48
 746 008e 0021     		movs	r1, #0
 747 0090 0846     		mov	r0, r1
 748              	.LVL74:
 131:Core/Inc/glcd/glcd.c ****     glcdCmd(0, 0, 0b00110000);
 749              		.loc 1 131 5 is_stmt 0 view .LVU151
 750 0092 FFF7FEFF 		bl	glcdCmd
 751              	.LVL75:
 132:Core/Inc/glcd/glcd.c ****     glcdCmd(0, 0, 1);
 752              		.loc 1 132 5 is_stmt 1 view .LVU152
 753 0096 3022     		movs	r2, #48
 754 0098 0021     		movs	r1, #0
 755 009a 0846     		mov	r0, r1
 756 009c FFF7FEFF 		bl	glcdCmd
 757              	.LVL76:
 133:Core/Inc/glcd/glcd.c ****     HAL_Delay(2);
 758              		.loc 1 133 5 view .LVU153
 759 00a0 0122     		movs	r2, #1
 760 00a2 0021     		movs	r1, #0
 761 00a4 0846     		mov	r0, r1
 762 00a6 FFF7FEFF 		bl	glcdCmd
 763              	.LVL77:
 134:Core/Inc/glcd/glcd.c **** 
 764              		.loc 1 134 5 view .LVU154
 765 00aa 0220     		movs	r0, #2
 766 00ac FFF7FEFF 		bl	HAL_Delay
 767              	.LVL78:
 136:Core/Inc/glcd/glcd.c ****     glcdCmd(0, 0, 12);
 768              		.loc 1 136 5 view .LVU155
 769 00b0 0622     		movs	r2, #6
 770 00b2 0021     		movs	r1, #0
 771 00b4 0846     		mov	r0, r1
 772 00b6 FFF7FEFF 		bl	glcdCmd
 773              	.LVL79:
 137:Core/Inc/glcd/glcd.c **** 
 774              		.loc 1 137 5 view .LVU156
 775 00ba 0C22     		movs	r2, #12
 776 00bc 0021     		movs	r1, #0
 777 00be 0846     		mov	r0, r1
ARM GAS  C:\Users\Made\AppData\Local\Temp\cc0ouLC5.s 			page 17


 778 00c0 FFF7FEFF 		bl	glcdCmd
 779              	.LVL80:
 139:Core/Inc/glcd/glcd.c ****     glcdCmd(0, 0, 0x36);
 780              		.loc 1 139 5 view .LVU157
 781 00c4 3422     		movs	r2, #52
 782 00c6 0021     		movs	r1, #0
 783 00c8 0846     		mov	r0, r1
 784 00ca FFF7FEFF 		bl	glcdCmd
 785              	.LVL81:
 140:Core/Inc/glcd/glcd.c **** 
 786              		.loc 1 140 5 view .LVU158
 787 00ce 3622     		movs	r2, #54
 788 00d0 0021     		movs	r1, #0
 789 00d2 0846     		mov	r0, r1
 790 00d4 FFF7FEFF 		bl	glcdCmd
 791              	.LVL82:
 142:Core/Inc/glcd/glcd.c **** }
 792              		.loc 1 142 5 view .LVU159
 142:Core/Inc/glcd/glcd.c **** }
 793              		.loc 1 142 22 is_stmt 0 view .LVU160
 794 00d8 094B     		ldr	r3, .L46+32
 795 00da 0122     		movs	r2, #1
 796 00dc 1A70     		strb	r2, [r3]
 797 00de D2E7     		b	.L42
 798              	.L47:
 799              		.align	2
 800              	.L46:
 801 00e0 00000000 		.word	gGlcdCsPort
 802 00e4 00000000 		.word	gGlcdCsPin
 803 00e8 00000000 		.word	gGlcdSpi
 804 00ec 00000000 		.word	gGlcdSd
 805 00f0 00000000 		.word	gGlcdFrameBufFront
 806 00f4 00000000 		.word	gGlcdFrameBufBack
 807 00f8 00000000 		.word	gGlyphs
 808 00fc 00000000 		.word	gSfsFirstBlockData
 809 0100 00000000 		.word	gGlcdInitialized
 810 0104 00100258 		.word	1476530176
 811              		.cfi_endproc
 812              	.LFE350:
 814              		.section	.text.glcdDrawChar,"ax",%progbits
 815              		.align	1
 816              		.global	glcdDrawChar
 817              		.syntax unified
 818              		.thumb
 819              		.thumb_func
 821              	glcdDrawChar:
 822              	.LVL83:
 823              	.LFB351:
 144:Core/Inc/glcd/glcd.c **** 
 145:Core/Inc/glcd/glcd.c **** void glcdDrawChar(char pChar) {
 824              		.loc 1 145 31 is_stmt 1 view -0
 825              		.cfi_startproc
 826              		@ args = 0, pretend = 0, frame = 0
 827              		@ frame_needed = 0, uses_anonymous_args = 0
 828              		.loc 1 145 31 is_stmt 0 view .LVU162
 829 0000 2DE9F04F 		push	{r4, r5, r6, r7, r8, r9, r10, fp, lr}
 830              	.LCFI17:
ARM GAS  C:\Users\Made\AppData\Local\Temp\cc0ouLC5.s 			page 18


 831              		.cfi_def_cfa_offset 36
 832              		.cfi_offset 4, -36
 833              		.cfi_offset 5, -32
 834              		.cfi_offset 6, -28
 835              		.cfi_offset 7, -24
 836              		.cfi_offset 8, -20
 837              		.cfi_offset 9, -16
 838              		.cfi_offset 10, -12
 839              		.cfi_offset 11, -8
 840              		.cfi_offset 14, -4
 146:Core/Inc/glcd/glcd.c ****     sfsGlyph *glyph = gGlyphs + pChar;
 841              		.loc 1 146 5 is_stmt 1 view .LVU163
 842              		.loc 1 146 31 is_stmt 0 view .LVU164
 843 0004 2E4B     		ldr	r3, .L58
 844 0006 1B68     		ldr	r3, [r3]
 845 0008 00EBC000 		add	r0, r0, r0, lsl #3
 846              	.LVL84:
 847              		.loc 1 146 15 view .LVU165
 848 000c 03EB000B 		add	fp, r3, r0
 849              	.LVL85:
 147:Core/Inc/glcd/glcd.c **** 
 148:Core/Inc/glcd/glcd.c ****     u8 drawingStartEnd = glyph->drawingStartEnd;
 850              		.loc 1 148 5 is_stmt 1 view .LVU166
 851              		.loc 1 148 8 is_stmt 0 view .LVU167
 852 0010 1B5C     		ldrb	r3, [r3, r0]	@ zero_extendqisi2
 853              	.LVL86:
 149:Core/Inc/glcd/glcd.c **** 
 150:Core/Inc/glcd/glcd.c ****     u8 drawingStart = (drawingStartEnd >> 0) & 0b111;
 854              		.loc 1 150 5 is_stmt 1 view .LVU168
 855              		.loc 1 150 8 is_stmt 0 view .LVU169
 856 0012 03F00702 		and	r2, r3, #7
 857              	.LVL87:
 151:Core/Inc/glcd/glcd.c ****     u8 drawingEnd   = (drawingStartEnd >> 3) & 0b111;
 858              		.loc 1 151 5 is_stmt 1 view .LVU170
 859              		.loc 1 151 8 is_stmt 0 view .LVU171
 860 0016 C3F3C20A 		ubfx	r10, r3, #3, #3
 861              	.LVL88:
 152:Core/Inc/glcd/glcd.c **** 
 153:Core/Inc/glcd/glcd.c ****     int glyphWidth = 1 + drawingEnd - drawingStart;
 862              		.loc 1 153 5 is_stmt 1 view .LVU172
 863              		.loc 1 153 24 is_stmt 0 view .LVU173
 864 001a 0AF1010A 		add	r10, r10, #1
 865              	.LVL89:
 866              		.loc 1 153 37 view .LVU174
 867 001e 9146     		mov	r9, r2
 868              		.loc 1 153 9 view .LVU175
 869 0020 AAEB020A 		sub	r10, r10, r2
 870              	.LVL90:
 154:Core/Inc/glcd/glcd.c **** 
 155:Core/Inc/glcd/glcd.c ****     if (gGlcdCursorX + glyphWidth > 128)
 871              		.loc 1 155 5 is_stmt 1 view .LVU176
 872              		.loc 1 155 22 is_stmt 0 view .LVU177
 873 0024 274B     		ldr	r3, .L58+4
 874              	.LVL91:
 875              		.loc 1 155 22 view .LVU178
 876 0026 1B78     		ldrb	r3, [r3]	@ zero_extendqisi2
 877 0028 5344     		add	r3, r3, r10
ARM GAS  C:\Users\Made\AppData\Local\Temp\cc0ouLC5.s 			page 19


 878              		.loc 1 155 8 view .LVU179
 879 002a 802B     		cmp	r3, #128
 880 002c 07DD     		ble	.L49
 156:Core/Inc/glcd/glcd.c ****     {
 157:Core/Inc/glcd/glcd.c ****         gGlcdCursorX = gGlcdOriginX;
 881              		.loc 1 157 9 is_stmt 1 view .LVU180
 882              		.loc 1 157 22 is_stmt 0 view .LVU181
 883 002e 264B     		ldr	r3, .L58+8
 884 0030 1A78     		ldrb	r2, [r3]	@ zero_extendqisi2
 885              	.LVL92:
 886              		.loc 1 157 22 view .LVU182
 887 0032 244B     		ldr	r3, .L58+4
 888 0034 1A70     		strb	r2, [r3]
 889              	.LVL93:
 158:Core/Inc/glcd/glcd.c ****         gGlcdCursorY += SYS_FONT_HEIGHT + SYS_FONT_SPACING_Y;
 890              		.loc 1 158 9 is_stmt 1 view .LVU183
 891              		.loc 1 158 22 is_stmt 0 view .LVU184
 892 0036 254A     		ldr	r2, .L58+12
 893 0038 1378     		ldrb	r3, [r2]	@ zero_extendqisi2
 894 003a 0933     		adds	r3, r3, #9
 895 003c 1370     		strb	r3, [r2]
 896              	.L49:
 897              	.LBB4:
 898              	.LBB5:
 899              	.LBB6:
 159:Core/Inc/glcd/glcd.c ****     }
 160:Core/Inc/glcd/glcd.c **** 
 161:Core/Inc/glcd/glcd.c ****     for (int localX = drawingStart, i = 0; i < glyphWidth && gGlcdCursorX < 128; gGlcdCursorX++, lo
 162:Core/Inc/glcd/glcd.c ****     {
 163:Core/Inc/glcd/glcd.c ****         u8 column = glyph->cols[localX];
 164:Core/Inc/glcd/glcd.c **** 
 165:Core/Inc/glcd/glcd.c ****         u8 rightShift = gGlcdCursorX % 8;
 166:Core/Inc/glcd/glcd.c ****         u8 mask       = ~(0x80 >> rightShift);
 167:Core/Inc/glcd/glcd.c **** 
 168:Core/Inc/glcd/glcd.c ****         for (int y = gGlcdCursorY, j = 7; j >= 0 && y < 64; j--, y++)
 900              		.loc 1 168 36 view .LVU185
 901 003e 4FF00008 		mov	r8, #0
 902 0042 24E0     		b	.L53
 903              	.LVL94:
 904              	.L51:
 905              	.LBB7:
 169:Core/Inc/glcd/glcd.c ****         {
 170:Core/Inc/glcd/glcd.c ****             u8  rowIdx = gGlcdCursorX / 8;
 906              		.loc 1 170 13 is_stmt 1 view .LVU186
 171:Core/Inc/glcd/glcd.c ****             u16 pxIdx  = y * 16 + rowIdx;
 907              		.loc 1 171 13 view .LVU187
 908              		.loc 1 171 33 is_stmt 0 view .LVU188
 909 0044 4FEA0C13 		lsl	r3, ip, #4
 910 0048 9BB2     		uxth	r3, r3
 911              		.loc 1 171 17 view .LVU189
 912 004a 03EBDE03 		add	r3, r3, lr, lsr #3
 913 004e 9BB2     		uxth	r3, r3
 914              	.LVL95:
 172:Core/Inc/glcd/glcd.c **** 
 173:Core/Inc/glcd/glcd.c ****             u8 row = gGlcdFrameBufBack[pxIdx];
 915              		.loc 1 173 13 is_stmt 1 view .LVU190
 916              		.loc 1 173 16 is_stmt 0 view .LVU191
ARM GAS  C:\Users\Made\AppData\Local\Temp\cc0ouLC5.s 			page 20


 917 0050 1F4C     		ldr	r4, .L58+16
 918 0052 E25C     		ldrb	r2, [r4, r3]	@ zero_extendqisi2
 919              	.LVL96:
 174:Core/Inc/glcd/glcd.c ****             row &= mask;
 920              		.loc 1 174 13 is_stmt 1 view .LVU192
 921              		.loc 1 174 17 is_stmt 0 view .LVU193
 922 0054 2A40     		ands	r2, r2, r5
 923              	.LVL97:
 175:Core/Inc/glcd/glcd.c ****             u8 bit = column << j & 0x80;
 924              		.loc 1 175 13 is_stmt 1 view .LVU194
 925              		.loc 1 175 29 is_stmt 0 view .LVU195
 926 0056 07FA00F1 		lsl	r1, r7, r0
 927              		.loc 1 175 16 view .LVU196
 928 005a 01F08001 		and	r1, r1, #128
 929              	.LVL98:
 176:Core/Inc/glcd/glcd.c ****             row |= bit >> rightShift;
 930              		.loc 1 176 13 is_stmt 1 view .LVU197
 931              		.loc 1 176 24 is_stmt 0 view .LVU198
 932 005e 3141     		asrs	r1, r1, r6
 933              	.LVL99:
 934              		.loc 1 176 17 view .LVU199
 935 0060 0A43     		orrs	r2, r2, r1
 936              	.LVL100:
 177:Core/Inc/glcd/glcd.c **** 
 178:Core/Inc/glcd/glcd.c ****             gGlcdFrameBufBack[pxIdx] = row;
 937              		.loc 1 178 13 is_stmt 1 view .LVU200
 938              		.loc 1 178 38 is_stmt 0 view .LVU201
 939 0062 E254     		strb	r2, [r4, r3]
 940              	.LBE7:
 168:Core/Inc/glcd/glcd.c ****         {
 941              		.loc 1 168 64 is_stmt 1 discriminator 3 view .LVU202
 168:Core/Inc/glcd/glcd.c ****         {
 942              		.loc 1 168 62 is_stmt 0 discriminator 3 view .LVU203
 943 0064 0138     		subs	r0, r0, #1
 944              	.LVL101:
 168:Core/Inc/glcd/glcd.c ****         {
 945              		.loc 1 168 67 discriminator 3 view .LVU204
 946 0066 0CF1010C 		add	ip, ip, #1
 947              	.LVL102:
 948              	.L50:
 168:Core/Inc/glcd/glcd.c ****         {
 949              		.loc 1 168 50 is_stmt 1 discriminator 1 view .LVU205
 168:Core/Inc/glcd/glcd.c ****         {
 950              		.loc 1 168 55 is_stmt 0 discriminator 1 view .LVU206
 951 006a BCF13F0F 		cmp	ip, #63
 952 006e CCBF     		ite	gt
 953 0070 0023     		movgt	r3, #0
 954 0072 0123     		movle	r3, #1
 168:Core/Inc/glcd/glcd.c ****         {
 955              		.loc 1 168 50 discriminator 1 view .LVU207
 956 0074 0028     		cmp	r0, #0
 957 0076 01DB     		blt	.L56
 168:Core/Inc/glcd/glcd.c ****         {
 958              		.loc 1 168 50 discriminator 1 view .LVU208
 959 0078 002B     		cmp	r3, #0
 960 007a E3D1     		bne	.L51
 961              	.L56:
ARM GAS  C:\Users\Made\AppData\Local\Temp\cc0ouLC5.s 			page 21


 962              	.LBE6:
 963              	.LBE5:
 161:Core/Inc/glcd/glcd.c ****     {
 964              		.loc 1 161 106 is_stmt 1 discriminator 2 view .LVU209
 161:Core/Inc/glcd/glcd.c ****     {
 965              		.loc 1 161 94 is_stmt 0 discriminator 2 view .LVU210
 966 007c 0EF1010E 		add	lr, lr, #1
 967 0080 104B     		ldr	r3, .L58+4
 968 0082 83F800E0 		strb	lr, [r3]
 161:Core/Inc/glcd/glcd.c ****     {
 969              		.loc 1 161 104 discriminator 2 view .LVU211
 970 0086 09F10109 		add	r9, r9, #1
 971              	.LVL103:
 161:Core/Inc/glcd/glcd.c ****     {
 972              		.loc 1 161 109 discriminator 2 view .LVU212
 973 008a 08F10108 		add	r8, r8, #1
 974              	.LVL104:
 975              	.L53:
 161:Core/Inc/glcd/glcd.c ****     {
 976              		.loc 1 161 59 is_stmt 1 discriminator 1 view .LVU213
 977 008e D045     		cmp	r8, r10
 978 0090 14DA     		bge	.L48
 161:Core/Inc/glcd/glcd.c ****     {
 979              		.loc 1 161 75 is_stmt 0 discriminator 3 view .LVU214
 980 0092 0C4B     		ldr	r3, .L58+4
 981 0094 93F800E0 		ldrb	lr, [r3]	@ zero_extendqisi2
 982 0098 93F90030 		ldrsb	r3, [r3]
 161:Core/Inc/glcd/glcd.c ****     {
 983              		.loc 1 161 59 discriminator 3 view .LVU215
 984 009c 002B     		cmp	r3, #0
 985 009e 0DDB     		blt	.L48
 986              	.LBB9:
 163:Core/Inc/glcd/glcd.c **** 
 987              		.loc 1 163 9 is_stmt 1 view .LVU216
 163:Core/Inc/glcd/glcd.c **** 
 988              		.loc 1 163 12 is_stmt 0 view .LVU217
 989 00a0 0BEB0903 		add	r3, fp, r9
 990 00a4 5F78     		ldrb	r7, [r3, #1]	@ zero_extendqisi2
 991              	.LVL105:
 165:Core/Inc/glcd/glcd.c ****         u8 mask       = ~(0x80 >> rightShift);
 992              		.loc 1 165 9 is_stmt 1 view .LVU218
 165:Core/Inc/glcd/glcd.c ****         u8 mask       = ~(0x80 >> rightShift);
 993              		.loc 1 165 12 is_stmt 0 view .LVU219
 994 00a6 0EF00706 		and	r6, lr, #7
 995              	.LVL106:
 166:Core/Inc/glcd/glcd.c **** 
 996              		.loc 1 166 9 is_stmt 1 view .LVU220
 166:Core/Inc/glcd/glcd.c **** 
 997              		.loc 1 166 25 is_stmt 0 view .LVU221
 998 00aa 6FF08005 		mvn	r5, #128
 999 00ae 3541     		asrs	r5, r5, r6
 166:Core/Inc/glcd/glcd.c **** 
 1000              		.loc 1 166 12 view .LVU222
 1001 00b0 EDB2     		uxtb	r5, r5
 1002              	.LVL107:
 168:Core/Inc/glcd/glcd.c ****         {
 1003              		.loc 1 168 9 is_stmt 1 view .LVU223
ARM GAS  C:\Users\Made\AppData\Local\Temp\cc0ouLC5.s 			page 22


 1004              	.LBB8:
 168:Core/Inc/glcd/glcd.c ****         {
 1005              		.loc 1 168 14 view .LVU224
 168:Core/Inc/glcd/glcd.c ****         {
 1006              		.loc 1 168 18 is_stmt 0 view .LVU225
 1007 00b2 064B     		ldr	r3, .L58+12
 1008 00b4 93F800C0 		ldrb	ip, [r3]	@ zero_extendqisi2
 1009              	.LVL108:
 168:Core/Inc/glcd/glcd.c ****         {
 1010              		.loc 1 168 36 view .LVU226
 1011 00b8 0720     		movs	r0, #7
 168:Core/Inc/glcd/glcd.c ****         {
 1012              		.loc 1 168 9 view .LVU227
 1013 00ba D6E7     		b	.L50
 1014              	.LVL109:
 1015              	.L48:
 168:Core/Inc/glcd/glcd.c ****         {
 1016              		.loc 1 168 9 view .LVU228
 1017              	.LBE8:
 1018              	.LBE9:
 1019              	.LBE4:
 179:Core/Inc/glcd/glcd.c ****         }
 180:Core/Inc/glcd/glcd.c ****     }
 181:Core/Inc/glcd/glcd.c **** }
 1020              		.loc 1 181 1 view .LVU229
 1021 00bc BDE8F08F 		pop	{r4, r5, r6, r7, r8, r9, r10, fp, pc}
 1022              	.LVL110:
 1023              	.L59:
 1024              		.loc 1 181 1 view .LVU230
 1025              		.align	2
 1026              	.L58:
 1027 00c0 00000000 		.word	gGlyphs
 1028 00c4 00000000 		.word	gGlcdCursorX
 1029 00c8 00000000 		.word	gGlcdOriginX
 1030 00cc 00000000 		.word	gGlcdCursorY
 1031 00d0 00000000 		.word	gGlcdFrameBufBack
 1032              		.cfi_endproc
 1033              	.LFE351:
 1035              		.section	.text.glcdDrawStringLen,"ax",%progbits
 1036              		.align	1
 1037              		.global	glcdDrawStringLen
 1038              		.syntax unified
 1039              		.thumb
 1040              		.thumb_func
 1042              	glcdDrawStringLen:
 1043              	.LVL111:
 1044              	.LFB352:
 182:Core/Inc/glcd/glcd.c **** 
 183:Core/Inc/glcd/glcd.c **** void glcdDrawStringLen(char *pString, u8 pLen) {
 1045              		.loc 1 183 48 is_stmt 1 view -0
 1046              		.cfi_startproc
 1047              		@ args = 0, pretend = 0, frame = 0
 1048              		@ frame_needed = 0, uses_anonymous_args = 0
 1049              		.loc 1 183 48 is_stmt 0 view .LVU232
 1050 0000 70B5     		push	{r4, r5, r6, lr}
 1051              	.LCFI18:
 1052              		.cfi_def_cfa_offset 16
ARM GAS  C:\Users\Made\AppData\Local\Temp\cc0ouLC5.s 			page 23


 1053              		.cfi_offset 4, -16
 1054              		.cfi_offset 5, -12
 1055              		.cfi_offset 6, -8
 1056              		.cfi_offset 14, -4
 1057 0002 0446     		mov	r4, r0
 1058 0004 0E46     		mov	r6, r1
 184:Core/Inc/glcd/glcd.c ****     for (int i = 0; i < pLen; ++i)
 1059              		.loc 1 184 5 is_stmt 1 view .LVU233
 1060              	.LBB10:
 1061              		.loc 1 184 10 view .LVU234
 1062              	.LVL112:
 1063              		.loc 1 184 14 is_stmt 0 view .LVU235
 1064 0006 0025     		movs	r5, #0
 1065              		.loc 1 184 5 view .LVU236
 1066 0008 08E0     		b	.L61
 1067              	.LVL113:
 1068              	.L67:
 1069              	.LBB11:
 185:Core/Inc/glcd/glcd.c ****     {
 186:Core/Inc/glcd/glcd.c ****         char c = *pString++;
 187:Core/Inc/glcd/glcd.c ****         if (c == '\n')
 188:Core/Inc/glcd/glcd.c ****         {
 189:Core/Inc/glcd/glcd.c ****             gGlcdCursorY += SYS_FONT_HEIGHT + SYS_FONT_SPACING_Y;
 1070              		.loc 1 189 13 is_stmt 1 view .LVU237
 1071              		.loc 1 189 26 is_stmt 0 view .LVU238
 1072 000a 0B4A     		ldr	r2, .L68
 1073 000c 1378     		ldrb	r3, [r2]	@ zero_extendqisi2
 1074 000e 0933     		adds	r3, r3, #9
 1075 0010 1370     		strb	r3, [r2]
 190:Core/Inc/glcd/glcd.c ****             gGlcdCursorX = gGlcdOriginX;
 1076              		.loc 1 190 13 is_stmt 1 view .LVU239
 1077              		.loc 1 190 26 is_stmt 0 view .LVU240
 1078 0012 0A4B     		ldr	r3, .L68+4
 1079 0014 1A78     		ldrb	r2, [r3]	@ zero_extendqisi2
 1080 0016 0A4B     		ldr	r3, .L68+8
 1081 0018 1A70     		strb	r2, [r3]
 191:Core/Inc/glcd/glcd.c ****             continue;
 1082              		.loc 1 191 13 is_stmt 1 view .LVU241
 1083              	.LVL114:
 1084              	.L63:
 1085              		.loc 1 191 13 is_stmt 0 view .LVU242
 1086              	.LBE11:
 184:Core/Inc/glcd/glcd.c ****     {
 1087              		.loc 1 184 31 is_stmt 1 discriminator 2 view .LVU243
 1088 001a 0135     		adds	r5, r5, #1
 1089              	.LVL115:
 1090              	.L61:
 184:Core/Inc/glcd/glcd.c ****     {
 1091              		.loc 1 184 23 discriminator 1 view .LVU244
 1092 001c AE42     		cmp	r6, r5
 1093 001e 0ADD     		ble	.L66
 1094              	.LBB12:
 186:Core/Inc/glcd/glcd.c ****         if (c == '\n')
 1095              		.loc 1 186 9 view .LVU245
 1096              	.LVL116:
 186:Core/Inc/glcd/glcd.c ****         if (c == '\n')
 1097              		.loc 1 186 14 is_stmt 0 view .LVU246
ARM GAS  C:\Users\Made\AppData\Local\Temp\cc0ouLC5.s 			page 24


 1098 0020 14F8010B 		ldrb	r0, [r4], #1	@ zero_extendqisi2
 1099              	.LVL117:
 187:Core/Inc/glcd/glcd.c ****         {
 1100              		.loc 1 187 9 is_stmt 1 view .LVU247
 187:Core/Inc/glcd/glcd.c ****         {
 1101              		.loc 1 187 12 is_stmt 0 view .LVU248
 1102 0024 0A28     		cmp	r0, #10
 1103 0026 F0D0     		beq	.L67
 192:Core/Inc/glcd/glcd.c ****         }
 193:Core/Inc/glcd/glcd.c **** 
 194:Core/Inc/glcd/glcd.c ****         glcdDrawChar(c);
 1104              		.loc 1 194 9 is_stmt 1 view .LVU249
 1105 0028 FFF7FEFF 		bl	glcdDrawChar
 1106              	.LVL118:
 195:Core/Inc/glcd/glcd.c ****         gGlcdCursorX += SYS_FONT_SPACING_X;
 1107              		.loc 1 195 9 view .LVU250
 1108              		.loc 1 195 22 is_stmt 0 view .LVU251
 1109 002c 044A     		ldr	r2, .L68+8
 1110 002e 1378     		ldrb	r3, [r2]	@ zero_extendqisi2
 1111 0030 0133     		adds	r3, r3, #1
 1112 0032 1370     		strb	r3, [r2]
 1113 0034 F1E7     		b	.L63
 1114              	.LVL119:
 1115              	.L66:
 1116              		.loc 1 195 22 view .LVU252
 1117              	.LBE12:
 1118              	.LBE10:
 196:Core/Inc/glcd/glcd.c ****     }
 197:Core/Inc/glcd/glcd.c **** }
 1119              		.loc 1 197 1 view .LVU253
 1120 0036 70BD     		pop	{r4, r5, r6, pc}
 1121              	.LVL120:
 1122              	.L69:
 1123              		.loc 1 197 1 view .LVU254
 1124              		.align	2
 1125              	.L68:
 1126 0038 00000000 		.word	gGlcdCursorY
 1127 003c 00000000 		.word	gGlcdOriginX
 1128 0040 00000000 		.word	gGlcdCursorX
 1129              		.cfi_endproc
 1130              	.LFE352:
 1132              		.section	.text.glcdDrawString,"ax",%progbits
 1133              		.align	1
 1134              		.global	glcdDrawString
 1135              		.syntax unified
 1136              		.thumb
 1137              		.thumb_func
 1139              	glcdDrawString:
 1140              	.LVL121:
 1141              	.LFB353:
 198:Core/Inc/glcd/glcd.c **** 
 199:Core/Inc/glcd/glcd.c **** void glcdDrawString(char *pString) {
 1142              		.loc 1 199 36 is_stmt 1 view -0
 1143              		.cfi_startproc
 1144              		@ args = 0, pretend = 0, frame = 0
 1145              		@ frame_needed = 0, uses_anonymous_args = 0
 1146              		.loc 1 199 36 is_stmt 0 view .LVU256
ARM GAS  C:\Users\Made\AppData\Local\Temp\cc0ouLC5.s 			page 25


 1147 0000 10B5     		push	{r4, lr}
 1148              	.LCFI19:
 1149              		.cfi_def_cfa_offset 8
 1150              		.cfi_offset 4, -8
 1151              		.cfi_offset 14, -4
 1152 0002 0446     		mov	r4, r0
 200:Core/Inc/glcd/glcd.c ****     glcdDrawStringLen(pString, strlen(pString));
 1153              		.loc 1 200 5 is_stmt 1 view .LVU257
 1154              		.loc 1 200 32 is_stmt 0 view .LVU258
 1155 0004 FFF7FEFF 		bl	strlen
 1156              	.LVL122:
 1157              		.loc 1 200 5 discriminator 1 view .LVU259
 1158 0008 C1B2     		uxtb	r1, r0
 1159 000a 2046     		mov	r0, r4
 1160 000c FFF7FEFF 		bl	glcdDrawStringLen
 1161              	.LVL123:
 201:Core/Inc/glcd/glcd.c **** }
 1162              		.loc 1 201 1 view .LVU260
 1163 0010 10BD     		pop	{r4, pc}
 1164              		.loc 1 201 1 view .LVU261
 1165              		.cfi_endproc
 1166              	.LFE353:
 1168              		.section	.text.glcdDrawStringLenCenteredInRect,"ax",%progbits
 1169              		.align	1
 1170              		.global	glcdDrawStringLenCenteredInRect
 1171              		.syntax unified
 1172              		.thumb
 1173              		.thumb_func
 1175              	glcdDrawStringLenCenteredInRect:
 1176              	.LVL124:
 1177              	.LFB354:
 202:Core/Inc/glcd/glcd.c **** 
 203:Core/Inc/glcd/glcd.c **** void glcdDrawStringLenCenteredInRect(char *pString, u8 pLen, u8 pX0, u8 pY0, u8 pWidth, u8 pHeight,
 1178              		.loc 1 203 139 is_stmt 1 view -0
 1179              		.cfi_startproc
 1180              		@ args = 16, pretend = 0, frame = 16
 1181              		@ frame_needed = 0, uses_anonymous_args = 0
 1182              		.loc 1 203 139 is_stmt 0 view .LVU263
 1183 0000 2DE9F047 		push	{r4, r5, r6, r7, r8, r9, r10, lr}
 1184              	.LCFI20:
 1185              		.cfi_def_cfa_offset 32
 1186              		.cfi_offset 4, -32
 1187              		.cfi_offset 5, -28
 1188              		.cfi_offset 6, -24
 1189              		.cfi_offset 7, -20
 1190              		.cfi_offset 8, -16
 1191              		.cfi_offset 9, -12
 1192              		.cfi_offset 10, -8
 1193              		.cfi_offset 14, -4
 1194 0004 84B0     		sub	sp, sp, #16
 1195              	.LCFI21:
 1196              		.cfi_def_cfa_offset 48
 1197 0006 0446     		mov	r4, r0
 1198 0008 0D46     		mov	r5, r1
 1199 000a 0192     		str	r2, [sp, #4]
 1200 000c 9A46     		mov	r10, r3
 1201 000e 9DF83080 		ldrb	r8, [sp, #48]	@ zero_extendqisi2
ARM GAS  C:\Users\Made\AppData\Local\Temp\cc0ouLC5.s 			page 26


 1202 0012 9DF83860 		ldrb	r6, [sp, #56]	@ zero_extendqisi2
 1203 0016 9DF83C70 		ldrb	r7, [sp, #60]	@ zero_extendqisi2
 204:Core/Inc/glcd/glcd.c ****     // glcdDrawRectangle(pX0, pY0, pWidth, pHeight, 1);
 205:Core/Inc/glcd/glcd.c **** 
 206:Core/Inc/glcd/glcd.c ****     if (!pVertically && !pHorizontally)
 1204              		.loc 1 206 5 is_stmt 1 view .LVU264
 1205              		.loc 1 206 8 is_stmt 0 view .LVU265
 1206 001a 06B9     		cbnz	r6, .L91
 1207 001c 27B1     		cbz	r7, .L97
 1208              	.L91:
 1209              	.LBB13:
 207:Core/Inc/glcd/glcd.c ****     {
 208:Core/Inc/glcd/glcd.c ****         glcdSetOrigin(pX0, pY0);
 209:Core/Inc/glcd/glcd.c ****         gGlcdCursorY = pY0;
 210:Core/Inc/glcd/glcd.c ****         glcdDrawStringLen(pString, pLen);
 211:Core/Inc/glcd/glcd.c **** 
 212:Core/Inc/glcd/glcd.c ****         return;
 213:Core/Inc/glcd/glcd.c ****     }
 214:Core/Inc/glcd/glcd.c **** 
 215:Core/Inc/glcd/glcd.c ****     u8 lineLengths[64 / SYS_FONT_HEIGHT];
 216:Core/Inc/glcd/glcd.c ****     u8 pixelLenCurrentLine = 0;
 217:Core/Inc/glcd/glcd.c ****     u8 pixelHeight         = 0;
 218:Core/Inc/glcd/glcd.c ****     u8 line                = 0;
 219:Core/Inc/glcd/glcd.c **** 
 220:Core/Inc/glcd/glcd.c ****     for (int i = 0; i < pLen; ++i)
 1210              		.loc 1 220 14 view .LVU266
 1211 001e 0023     		movs	r3, #0
 1212              	.LVL125:
 1213              		.loc 1 220 14 view .LVU267
 1214              	.LBE13:
 218:Core/Inc/glcd/glcd.c **** 
 1215              		.loc 1 218 8 view .LVU268
 1216 0020 1946     		mov	r1, r3
 1217              	.LVL126:
 217:Core/Inc/glcd/glcd.c ****     u8 line                = 0;
 1218              		.loc 1 217 8 view .LVU269
 1219 0022 1846     		mov	r0, r3
 1220              	.LVL127:
 216:Core/Inc/glcd/glcd.c ****     u8 pixelHeight         = 0;
 1221              		.loc 1 216 8 view .LVU270
 1222 0024 9E46     		mov	lr, r3
 1223 0026 16E0     		b	.L73
 1224              	.LVL128:
 1225              	.L97:
 208:Core/Inc/glcd/glcd.c ****         gGlcdCursorY = pY0;
 1226              		.loc 1 208 9 is_stmt 1 view .LVU271
 1227 0028 1946     		mov	r1, r3
 1228              	.LVL129:
 208:Core/Inc/glcd/glcd.c ****         gGlcdCursorY = pY0;
 1229              		.loc 1 208 9 is_stmt 0 view .LVU272
 1230 002a 1046     		mov	r0, r2
 1231              	.LVL130:
 208:Core/Inc/glcd/glcd.c ****         gGlcdCursorY = pY0;
 1232              		.loc 1 208 9 view .LVU273
 1233 002c FFF7FEFF 		bl	glcdSetOrigin
 1234              	.LVL131:
 209:Core/Inc/glcd/glcd.c ****         glcdDrawStringLen(pString, pLen);
ARM GAS  C:\Users\Made\AppData\Local\Temp\cc0ouLC5.s 			page 27


 1235              		.loc 1 209 9 is_stmt 1 view .LVU274
 209:Core/Inc/glcd/glcd.c ****         glcdDrawStringLen(pString, pLen);
 1236              		.loc 1 209 22 is_stmt 0 view .LVU275
 1237 0030 514B     		ldr	r3, .L101
 1238 0032 83F800A0 		strb	r10, [r3]
 210:Core/Inc/glcd/glcd.c **** 
 1239              		.loc 1 210 9 is_stmt 1 view .LVU276
 1240 0036 2946     		mov	r1, r5
 1241 0038 2046     		mov	r0, r4
 1242 003a FFF7FEFF 		bl	glcdDrawStringLen
 1243              	.LVL132:
 212:Core/Inc/glcd/glcd.c ****     }
 1244              		.loc 1 212 9 view .LVU277
 1245 003e 98E0     		b	.L72
 1246              	.LVL133:
 1247              	.L75:
 1248              	.LBB17:
 1249              	.LBB14:
 221:Core/Inc/glcd/glcd.c ****     {
 222:Core/Inc/glcd/glcd.c ****         char c = pString[i];
 223:Core/Inc/glcd/glcd.c **** 
 224:Core/Inc/glcd/glcd.c ****         if (c != '\n')
 225:Core/Inc/glcd/glcd.c ****         {
 226:Core/Inc/glcd/glcd.c ****             sfsGlyph *glyph = gGlyphs + c;
 227:Core/Inc/glcd/glcd.c **** 
 228:Core/Inc/glcd/glcd.c ****             u8 drawingStartEnd = glyph->drawingStartEnd;
 229:Core/Inc/glcd/glcd.c **** 
 230:Core/Inc/glcd/glcd.c ****             u8 drawingStart = (drawingStartEnd >> 0) & 0b111;
 231:Core/Inc/glcd/glcd.c ****             u8 drawingEnd   = (drawingStartEnd >> 3) & 0b111;
 232:Core/Inc/glcd/glcd.c **** 
 233:Core/Inc/glcd/glcd.c ****             int glyphWidth = SYS_FONT_SPACING_X + 1 + drawingEnd - drawingStart;
 234:Core/Inc/glcd/glcd.c ****             pixelLenCurrentLine += glyphWidth;
 235:Core/Inc/glcd/glcd.c ****         }
 236:Core/Inc/glcd/glcd.c **** 
 237:Core/Inc/glcd/glcd.c ****         if (c == '\n' || i == pLen - 1)
 238:Core/Inc/glcd/glcd.c ****         {
 239:Core/Inc/glcd/glcd.c ****             lineLengths[line++] = pixelLenCurrentLine;
 1250              		.loc 1 239 13 view .LVU278
 1251              		.loc 1 239 29 is_stmt 0 view .LVU279
 1252 0040 4A1C     		adds	r2, r1, #1
 1253              	.LVL134:
 1254              		.loc 1 239 33 view .LVU280
 1255 0042 1031     		adds	r1, r1, #16
 1256 0044 6944     		add	r1, sp, r1
 1257 0046 01F808EC 		strb	lr, [r1, #-8]
 240:Core/Inc/glcd/glcd.c ****             pixelLenCurrentLine = 0;
 1258              		.loc 1 240 13 is_stmt 1 view .LVU281
 1259              	.LVL135:
 241:Core/Inc/glcd/glcd.c ****             pixelHeight += SYS_FONT_HEIGHT + SYS_FONT_SPACING_Y;
 1260              		.loc 1 241 13 view .LVU282
 1261              		.loc 1 241 25 is_stmt 0 view .LVU283
 1262 004a 0930     		adds	r0, r0, #9
 1263              	.LVL136:
 1264              		.loc 1 241 25 view .LVU284
 1265 004c C0B2     		uxtb	r0, r0
 1266              	.LVL137:
 239:Core/Inc/glcd/glcd.c ****             pixelLenCurrentLine = 0;
ARM GAS  C:\Users\Made\AppData\Local\Temp\cc0ouLC5.s 			page 28


 1267              		.loc 1 239 29 view .LVU285
 1268 004e D1B2     		uxtb	r1, r2
 240:Core/Inc/glcd/glcd.c ****             pixelLenCurrentLine = 0;
 1269              		.loc 1 240 33 view .LVU286
 1270 0050 4FF0000E 		mov	lr, #0
 1271              	.LVL138:
 1272              	.L76:
 240:Core/Inc/glcd/glcd.c ****             pixelLenCurrentLine = 0;
 1273              		.loc 1 240 33 view .LVU287
 1274              	.LBE14:
 220:Core/Inc/glcd/glcd.c ****     {
 1275              		.loc 1 220 31 is_stmt 1 discriminator 2 view .LVU288
 1276 0054 0133     		adds	r3, r3, #1
 1277              	.LVL139:
 1278              	.L73:
 220:Core/Inc/glcd/glcd.c ****     {
 1279              		.loc 1 220 23 discriminator 1 view .LVU289
 1280 0056 9D42     		cmp	r5, r3
 1281 0058 18DD     		ble	.L98
 1282              	.LBB16:
 222:Core/Inc/glcd/glcd.c **** 
 1283              		.loc 1 222 9 view .LVU290
 222:Core/Inc/glcd/glcd.c **** 
 1284              		.loc 1 222 14 is_stmt 0 view .LVU291
 1285 005a E25C     		ldrb	r2, [r4, r3]	@ zero_extendqisi2
 1286              	.LVL140:
 224:Core/Inc/glcd/glcd.c ****         {
 1287              		.loc 1 224 9 is_stmt 1 view .LVU292
 224:Core/Inc/glcd/glcd.c ****         {
 1288              		.loc 1 224 12 is_stmt 0 view .LVU293
 1289 005c 0A2A     		cmp	r2, #10
 1290 005e EFD0     		beq	.L75
 1291              	.LBB15:
 226:Core/Inc/glcd/glcd.c **** 
 1292              		.loc 1 226 13 is_stmt 1 view .LVU294
 226:Core/Inc/glcd/glcd.c **** 
 1293              		.loc 1 226 39 is_stmt 0 view .LVU295
 1294 0060 DFF82491 		ldr	r9, .L101+16
 1295 0064 D9F80090 		ldr	r9, [r9]
 1296 0068 02EBC202 		add	r2, r2, r2, lsl #3
 1297              	.LVL141:
 228:Core/Inc/glcd/glcd.c **** 
 1298              		.loc 1 228 13 is_stmt 1 view .LVU296
 228:Core/Inc/glcd/glcd.c **** 
 1299              		.loc 1 228 16 is_stmt 0 view .LVU297
 1300 006c 19F80220 		ldrb	r2, [r9, r2]	@ zero_extendqisi2
 1301              	.LVL142:
 230:Core/Inc/glcd/glcd.c ****             u8 drawingEnd   = (drawingStartEnd >> 3) & 0b111;
 1302              		.loc 1 230 13 is_stmt 1 view .LVU298
 230:Core/Inc/glcd/glcd.c ****             u8 drawingEnd   = (drawingStartEnd >> 3) & 0b111;
 1303              		.loc 1 230 16 is_stmt 0 view .LVU299
 1304 0070 02F00709 		and	r9, r2, #7
 1305              	.LVL143:
 231:Core/Inc/glcd/glcd.c **** 
 1306              		.loc 1 231 13 is_stmt 1 view .LVU300
 231:Core/Inc/glcd/glcd.c **** 
 1307              		.loc 1 231 16 is_stmt 0 view .LVU301
ARM GAS  C:\Users\Made\AppData\Local\Temp\cc0ouLC5.s 			page 29


 1308 0074 C2F3C202 		ubfx	r2, r2, #3, #3
 1309              	.LVL144:
 233:Core/Inc/glcd/glcd.c ****             pixelLenCurrentLine += glyphWidth;
 1310              		.loc 1 233 13 is_stmt 1 view .LVU302
 233:Core/Inc/glcd/glcd.c ****             pixelLenCurrentLine += glyphWidth;
 1311              		.loc 1 233 53 is_stmt 0 view .LVU303
 1312 0078 0232     		adds	r2, r2, #2
 1313              	.LVL145:
 233:Core/Inc/glcd/glcd.c ****             pixelLenCurrentLine += glyphWidth;
 1314              		.loc 1 233 17 view .LVU304
 1315 007a A2EB0902 		sub	r2, r2, r9
 1316              	.LVL146:
 234:Core/Inc/glcd/glcd.c ****         }
 1317              		.loc 1 234 13 is_stmt 1 view .LVU305
 234:Core/Inc/glcd/glcd.c ****         }
 1318              		.loc 1 234 33 is_stmt 0 view .LVU306
 1319 007e 7244     		add	r2, r2, lr
 1320              	.LVL147:
 234:Core/Inc/glcd/glcd.c ****         }
 1321              		.loc 1 234 33 view .LVU307
 1322 0080 5FFA82FE 		uxtb	lr, r2
 1323              	.LVL148:
 234:Core/Inc/glcd/glcd.c ****         }
 1324              		.loc 1 234 33 view .LVU308
 1325              	.LBE15:
 237:Core/Inc/glcd/glcd.c ****         {
 1326              		.loc 1 237 9 is_stmt 1 view .LVU309
 237:Core/Inc/glcd/glcd.c ****         {
 1327              		.loc 1 237 36 is_stmt 0 discriminator 1 view .LVU310
 1328 0084 6A1E     		subs	r2, r5, #1
 237:Core/Inc/glcd/glcd.c ****         {
 1329              		.loc 1 237 23 discriminator 1 view .LVU311
 1330 0086 9A42     		cmp	r2, r3
 1331 0088 E4D1     		bne	.L76
 1332 008a D9E7     		b	.L75
 1333              	.LVL149:
 1334              	.L98:
 237:Core/Inc/glcd/glcd.c ****         {
 1335              		.loc 1 237 23 discriminator 1 view .LVU312
 1336              	.LBE16:
 1337              	.LBE17:
 242:Core/Inc/glcd/glcd.c ****         }
 243:Core/Inc/glcd/glcd.c ****     }
 244:Core/Inc/glcd/glcd.c **** 
 245:Core/Inc/glcd/glcd.c ****     f32 marginY = pVertically ? (pHeight - pixelHeight) / 2.0F : 0;
 1338              		.loc 1 245 5 is_stmt 1 view .LVU313
 1339              		.loc 1 245 64 is_stmt 0 view .LVU314
 1340 008c A6B1     		cbz	r6, .L92
 1341              		.loc 1 245 42 discriminator 1 view .LVU315
 1342 008e 9DF83430 		ldrb	r3, [sp, #52]	@ zero_extendqisi2
 1343              	.LVL150:
 1344              		.loc 1 245 42 discriminator 1 view .LVU316
 1345 0092 1B1A     		subs	r3, r3, r0
 1346 0094 07EE103A 		vmov	s14, r3	@ int
 1347              		.loc 1 245 57 discriminator 1 view .LVU317
 1348 0098 B8EEC77A 		vcvt.f32.s32	s14, s14
 1349              		.loc 1 245 64 discriminator 1 view .LVU318
ARM GAS  C:\Users\Made\AppData\Local\Temp\cc0ouLC5.s 			page 30


 1350 009c F6EE007A 		vmov.f32	s15, #5.0e-1
 1351 00a0 27EE277A 		vmul.f32	s14, s14, s15
 1352              	.LVL151:
 246:Core/Inc/glcd/glcd.c ****     f32 cursorY = marginY >= 0 ? pY0 + marginY : pY0;
 1353              		.loc 1 246 5 is_stmt 1 view .LVU319
 1354              		.loc 1 246 48 is_stmt 0 view .LVU320
 1355 00a4 B5EEC07A 		vcmpe.f32	s14, #0
 1356 00a8 F1EE10FA 		vmrs	APSR_nzcv, FPSCR
 1357 00ac 06DA     		bge	.L78
 1358              		.loc 1 246 48 discriminator 2 view .LVU321
 1359 00ae 07EE90AA 		vmov	s15, r10	@ int
 1360 00b2 F8EEE77A 		vcvt.f32.s32	s15, s15
 1361 00b6 07E0     		b	.L81
 1362              	.LVL152:
 1363              	.L92:
 245:Core/Inc/glcd/glcd.c ****     f32 cursorY = marginY >= 0 ? pY0 + marginY : pY0;
 1364              		.loc 1 245 64 discriminator 2 view .LVU322
 1365 00b8 9FED307A 		vldr.32	s14, .L101+4
 1366              	.LVL153:
 1367              	.L78:
 1368              		.loc 1 246 38 discriminator 1 view .LVU323
 1369 00bc 07EE90AA 		vmov	s15, r10	@ int
 1370 00c0 F8EEE77A 		vcvt.f32.s32	s15, s15
 1371              		.loc 1 246 48 discriminator 1 view .LVU324
 1372 00c4 77EE877A 		vadd.f32	s15, s15, s14
 1373              	.L81:
 1374              	.LVL154:
 247:Core/Inc/glcd/glcd.c **** 
 248:Core/Inc/glcd/glcd.c ****     gGlcdCursorY = cursorY;
 1375              		.loc 1 248 5 is_stmt 1 view .LVU325
 1376              		.loc 1 248 18 is_stmt 0 view .LVU326
 1377 00c8 FCEEE77A 		vcvt.u32.f32	s15, s15
 1378              	.LVL155:
 1379              		.loc 1 248 18 view .LVU327
 1380 00cc 17EE903A 		vmov	r3, s15	@ int
 1381 00d0 294A     		ldr	r2, .L101
 1382 00d2 1370     		strb	r3, [r2]
 249:Core/Inc/glcd/glcd.c **** 
 250:Core/Inc/glcd/glcd.c ****     line        = 0;
 1383              		.loc 1 250 5 is_stmt 1 view .LVU328
 1384              	.LVL156:
 251:Core/Inc/glcd/glcd.c ****     u8 lastLine = 0xFF;
 1385              		.loc 1 251 5 view .LVU329
 252:Core/Inc/glcd/glcd.c **** 
 253:Core/Inc/glcd/glcd.c ****     for (int i = 0; i < pLen; ++i)
 1386              		.loc 1 253 5 view .LVU330
 1387              	.LBB18:
 1388              		.loc 1 253 10 view .LVU331
 1389              		.loc 1 253 14 is_stmt 0 view .LVU332
 1390 00d4 4FF00009 		mov	r9, #0
 1391              	.LBE18:
 251:Core/Inc/glcd/glcd.c ****     u8 lastLine = 0xFF;
 1392              		.loc 1 251 8 view .LVU333
 1393 00d8 FF22     		movs	r2, #255
 250:Core/Inc/glcd/glcd.c ****     u8 lastLine = 0xFF;
 1394              		.loc 1 250 17 view .LVU334
 1395 00da 4E46     		mov	r6, r9
ARM GAS  C:\Users\Made\AppData\Local\Temp\cc0ouLC5.s 			page 31


 1396              	.LBB24:
 1397              		.loc 1 253 5 view .LVU335
 1398 00dc 20E0     		b	.L82
 1399              	.LVL157:
 1400              	.L93:
 1401              	.LBB19:
 1402              	.LBB20:
 254:Core/Inc/glcd/glcd.c ****     {
 255:Core/Inc/glcd/glcd.c ****         if (line != lastLine)
 256:Core/Inc/glcd/glcd.c ****         {
 257:Core/Inc/glcd/glcd.c ****             f32 marginX = pHorizontally ? (pWidth - lineLengths[line]) / 2.0F : 0;
 1403              		.loc 1 257 79 discriminator 2 view .LVU336
 1404 00de DFED277A 		vldr.32	s15, .L101+4
 1405              	.L84:
 258:Core/Inc/glcd/glcd.c ****             f32 cursorX = marginX >= 0 ? pX0 + marginX : pX0;
 1406              		.loc 1 258 46 discriminator 1 view .LVU337
 1407 00e2 9DED017A 		vldr.32	s14, [sp, #4]	@ int
 1408 00e6 B8EEC77A 		vcvt.f32.s32	s14, s14
 1409              		.loc 1 258 56 discriminator 1 view .LVU338
 1410 00ea 77EE277A 		vadd.f32	s15, s14, s15
 1411              	.L87:
 1412              	.LVL158:
 259:Core/Inc/glcd/glcd.c **** 
 260:Core/Inc/glcd/glcd.c ****             // glcdDrawRectangle(pX0, gGlcdCursorY, marginX, SYS_FONT_HEIGHT + SYS_FONT_SPACING_Y, 
 261:Core/Inc/glcd/glcd.c **** 
 262:Core/Inc/glcd/glcd.c ****             gGlcdOriginX = cursorX;
 1413              		.loc 1 262 13 is_stmt 1 view .LVU339
 1414              		.loc 1 262 26 is_stmt 0 view .LVU340
 1415 00ee FCEEE77A 		vcvt.u32.f32	s15, s15
 1416              	.LVL159:
 1417              		.loc 1 262 26 view .LVU341
 1418 00f2 CDED007A 		vstr.32	s15, [sp]	@ int
 1419 00f6 9DF80030 		ldrb	r3, [sp]	@ zero_extendqisi2
 1420 00fa 214A     		ldr	r2, .L101+8
 1421              	.LVL160:
 1422              		.loc 1 262 26 view .LVU342
 1423 00fc 1370     		strb	r3, [r2]
 263:Core/Inc/glcd/glcd.c ****             gGlcdCursorX = cursorX;
 1424              		.loc 1 263 13 is_stmt 1 view .LVU343
 1425              		.loc 1 263 26 is_stmt 0 view .LVU344
 1426 00fe 214A     		ldr	r2, .L101+12
 1427 0100 1370     		strb	r3, [r2]
 1428              	.LVL161:
 1429              	.L83:
 1430              		.loc 1 263 26 view .LVU345
 1431              	.LBE20:
 264:Core/Inc/glcd/glcd.c ****         }
 265:Core/Inc/glcd/glcd.c ****         lastLine = line;
 1432              		.loc 1 265 9 is_stmt 1 view .LVU346
 266:Core/Inc/glcd/glcd.c **** 
 267:Core/Inc/glcd/glcd.c ****         // glcdDrawRectangle(gGlcdOriginX, gGlcdCursorY, max(lineLengths[line], 1), SYS_FONT_HEIGHT
 268:Core/Inc/glcd/glcd.c **** 
 269:Core/Inc/glcd/glcd.c ****         char c = *pString++;
 1433              		.loc 1 269 9 view .LVU347
 1434              		.loc 1 269 14 is_stmt 0 view .LVU348
 1435 0102 14F8010B 		ldrb	r0, [r4], #1	@ zero_extendqisi2
 1436              	.LVL162:
ARM GAS  C:\Users\Made\AppData\Local\Temp\cc0ouLC5.s 			page 32


 270:Core/Inc/glcd/glcd.c ****         if (c == '\n')
 1437              		.loc 1 270 9 is_stmt 1 view .LVU349
 1438              		.loc 1 270 12 is_stmt 0 view .LVU350
 1439 0106 0A28     		cmp	r0, #10
 1440 0108 29D0     		beq	.L99
 271:Core/Inc/glcd/glcd.c ****         {
 272:Core/Inc/glcd/glcd.c ****             line++;
 273:Core/Inc/glcd/glcd.c ****             gGlcdCursorY += SYS_FONT_HEIGHT + SYS_FONT_SPACING_Y;
 274:Core/Inc/glcd/glcd.c ****             continue;
 275:Core/Inc/glcd/glcd.c ****         }
 276:Core/Inc/glcd/glcd.c **** 
 277:Core/Inc/glcd/glcd.c ****         glcdDrawChar(c);
 1441              		.loc 1 277 9 is_stmt 1 view .LVU351
 1442 010a FFF7FEFF 		bl	glcdDrawChar
 1443              	.LVL163:
 278:Core/Inc/glcd/glcd.c ****         gGlcdCursorX += SYS_FONT_SPACING_X;
 1444              		.loc 1 278 9 view .LVU352
 1445              		.loc 1 278 22 is_stmt 0 view .LVU353
 1446 010e 1D4A     		ldr	r2, .L101+12
 1447 0110 1378     		ldrb	r3, [r2]	@ zero_extendqisi2
 1448 0112 0133     		adds	r3, r3, #1
 1449 0114 1370     		strb	r3, [r2]
 1450 0116 3346     		mov	r3, r6
 1451              	.LVL164:
 1452              	.L89:
 1453              		.loc 1 278 22 view .LVU354
 1454              	.LBE19:
 253:Core/Inc/glcd/glcd.c ****     {
 1455              		.loc 1 253 31 is_stmt 1 discriminator 2 view .LVU355
 1456 0118 09F10109 		add	r9, r9, #1
 1457              	.LVL165:
 1458              	.LBB22:
 265:Core/Inc/glcd/glcd.c **** 
 1459              		.loc 1 265 18 is_stmt 0 view .LVU356
 1460 011c 3246     		mov	r2, r6
 1461              	.LBE22:
 253:Core/Inc/glcd/glcd.c ****     {
 1462              		.loc 1 253 31 discriminator 2 view .LVU357
 1463 011e 1E46     		mov	r6, r3
 1464              	.LVL166:
 1465              	.L82:
 253:Core/Inc/glcd/glcd.c ****     {
 1466              		.loc 1 253 23 is_stmt 1 discriminator 1 view .LVU358
 1467 0120 4D45     		cmp	r5, r9
 1468 0122 23DD     		ble	.L100
 1469              	.LBB23:
 255:Core/Inc/glcd/glcd.c ****         {
 1470              		.loc 1 255 9 view .LVU359
 255:Core/Inc/glcd/glcd.c ****         {
 1471              		.loc 1 255 12 is_stmt 0 view .LVU360
 1472 0124 9642     		cmp	r6, r2
 1473 0126 ECD0     		beq	.L83
 1474              	.LBB21:
 257:Core/Inc/glcd/glcd.c ****             f32 cursorX = marginX >= 0 ? pX0 + marginX : pX0;
 1475              		.loc 1 257 13 is_stmt 1 view .LVU361
 257:Core/Inc/glcd/glcd.c ****             f32 cursorX = marginX >= 0 ? pX0 + marginX : pX0;
 1476              		.loc 1 257 79 is_stmt 0 view .LVU362
ARM GAS  C:\Users\Made\AppData\Local\Temp\cc0ouLC5.s 			page 33


 1477 0128 002F     		cmp	r7, #0
 1478 012a D8D0     		beq	.L93
 257:Core/Inc/glcd/glcd.c ****             f32 cursorX = marginX >= 0 ? pX0 + marginX : pX0;
 1479              		.loc 1 257 64 discriminator 1 view .LVU363
 1480 012c 06F11003 		add	r3, r6, #16
 1481 0130 6B44     		add	r3, sp, r3
 1482 0132 13F8083C 		ldrb	r3, [r3, #-8]	@ zero_extendqisi2
 257:Core/Inc/glcd/glcd.c ****             f32 cursorX = marginX >= 0 ? pX0 + marginX : pX0;
 1483              		.loc 1 257 51 discriminator 1 view .LVU364
 1484 0136 A8EB0303 		sub	r3, r8, r3
 1485 013a 07EE903A 		vmov	s15, r3	@ int
 257:Core/Inc/glcd/glcd.c ****             f32 cursorX = marginX >= 0 ? pX0 + marginX : pX0;
 1486              		.loc 1 257 72 discriminator 1 view .LVU365
 1487 013e F8EEE77A 		vcvt.f32.s32	s15, s15
 257:Core/Inc/glcd/glcd.c ****             f32 cursorX = marginX >= 0 ? pX0 + marginX : pX0;
 1488              		.loc 1 257 79 discriminator 1 view .LVU366
 1489 0142 B6EE007A 		vmov.f32	s14, #5.0e-1
 1490 0146 67EE877A 		vmul.f32	s15, s15, s14
 1491              	.LVL167:
 258:Core/Inc/glcd/glcd.c **** 
 1492              		.loc 1 258 13 is_stmt 1 view .LVU367
 258:Core/Inc/glcd/glcd.c **** 
 1493              		.loc 1 258 56 is_stmt 0 view .LVU368
 1494 014a F5EEC07A 		vcmpe.f32	s15, #0
 1495 014e F1EE10FA 		vmrs	APSR_nzcv, FPSCR
 1496 0152 C6DA     		bge	.L84
 258:Core/Inc/glcd/glcd.c **** 
 1497              		.loc 1 258 56 discriminator 2 view .LVU369
 1498 0154 DDED017A 		vldr.32	s15, [sp, #4]	@ int
 1499              	.LVL168:
 258:Core/Inc/glcd/glcd.c **** 
 1500              		.loc 1 258 56 discriminator 2 view .LVU370
 1501 0158 F8EEE77A 		vcvt.f32.s32	s15, s15
 1502 015c C7E7     		b	.L87
 1503              	.LVL169:
 1504              	.L99:
 258:Core/Inc/glcd/glcd.c **** 
 1505              		.loc 1 258 56 discriminator 2 view .LVU371
 1506              	.LBE21:
 272:Core/Inc/glcd/glcd.c ****             gGlcdCursorY += SYS_FONT_HEIGHT + SYS_FONT_SPACING_Y;
 1507              		.loc 1 272 13 is_stmt 1 view .LVU372
 272:Core/Inc/glcd/glcd.c ****             gGlcdCursorY += SYS_FONT_HEIGHT + SYS_FONT_SPACING_Y;
 1508              		.loc 1 272 17 is_stmt 0 view .LVU373
 1509 015e 731C     		adds	r3, r6, #1
 1510 0160 DBB2     		uxtb	r3, r3
 1511              	.LVL170:
 273:Core/Inc/glcd/glcd.c ****             continue;
 1512              		.loc 1 273 13 is_stmt 1 view .LVU374
 273:Core/Inc/glcd/glcd.c ****             continue;
 1513              		.loc 1 273 26 is_stmt 0 view .LVU375
 1514 0162 0549     		ldr	r1, .L101
 1515 0164 0A78     		ldrb	r2, [r1]	@ zero_extendqisi2
 1516 0166 0932     		adds	r2, r2, #9
 1517 0168 0A70     		strb	r2, [r1]
 274:Core/Inc/glcd/glcd.c ****         }
 1518              		.loc 1 274 13 is_stmt 1 view .LVU376
 1519 016a D5E7     		b	.L89
ARM GAS  C:\Users\Made\AppData\Local\Temp\cc0ouLC5.s 			page 34


 1520              	.LVL171:
 1521              	.L100:
 274:Core/Inc/glcd/glcd.c ****         }
 1522              		.loc 1 274 13 is_stmt 0 view .LVU377
 1523              	.LBE23:
 1524              	.LBE24:
 279:Core/Inc/glcd/glcd.c ****     }
 280:Core/Inc/glcd/glcd.c **** 
 281:Core/Inc/glcd/glcd.c ****     gGlcdCursorX = pX0;
 1525              		.loc 1 281 5 is_stmt 1 view .LVU378
 1526              		.loc 1 281 18 is_stmt 0 view .LVU379
 1527 016c 054B     		ldr	r3, .L101+12
 1528 016e 019A     		ldr	r2, [sp, #4]
 1529              	.LVL172:
 1530              		.loc 1 281 18 view .LVU380
 1531 0170 1A70     		strb	r2, [r3]
 1532              	.LVL173:
 1533              	.L72:
 282:Core/Inc/glcd/glcd.c **** }
 1534              		.loc 1 282 1 view .LVU381
 1535 0172 04B0     		add	sp, sp, #16
 1536              	.LCFI22:
 1537              		.cfi_def_cfa_offset 32
 1538              		@ sp needed
 1539 0174 BDE8F087 		pop	{r4, r5, r6, r7, r8, r9, r10, pc}
 1540              	.LVL174:
 1541              	.L102:
 1542              		.loc 1 282 1 view .LVU382
 1543              		.align	2
 1544              	.L101:
 1545 0178 00000000 		.word	gGlcdCursorY
 1546 017c 00000000 		.word	0
 1547 0180 00000000 		.word	gGlcdOriginX
 1548 0184 00000000 		.word	gGlcdCursorX
 1549 0188 00000000 		.word	gGlyphs
 1550              		.cfi_endproc
 1551              	.LFE354:
 1553              		.section	.text.glcdDrawStringCenteredInRect,"ax",%progbits
 1554              		.align	1
 1555              		.global	glcdDrawStringCenteredInRect
 1556              		.syntax unified
 1557              		.thumb
 1558              		.thumb_func
 1560              	glcdDrawStringCenteredInRect:
 1561              	.LVL175:
 1562              	.LFB355:
 283:Core/Inc/glcd/glcd.c **** 
 284:Core/Inc/glcd/glcd.c **** void glcdDrawStringCenteredInRect(char *pString, u8 pX0, u8 pY0, u8 pWidth, u8 pHeight, bool pVerti
 1563              		.loc 1 284 127 is_stmt 1 view -0
 1564              		.cfi_startproc
 1565              		@ args = 12, pretend = 0, frame = 0
 1566              		@ frame_needed = 0, uses_anonymous_args = 0
 1567              		.loc 1 284 127 is_stmt 0 view .LVU384
 1568 0000 F0B5     		push	{r4, r5, r6, r7, lr}
 1569              	.LCFI23:
 1570              		.cfi_def_cfa_offset 20
 1571              		.cfi_offset 4, -20
ARM GAS  C:\Users\Made\AppData\Local\Temp\cc0ouLC5.s 			page 35


 1572              		.cfi_offset 5, -16
 1573              		.cfi_offset 6, -12
 1574              		.cfi_offset 7, -8
 1575              		.cfi_offset 14, -4
 1576 0002 85B0     		sub	sp, sp, #20
 1577              	.LCFI24:
 1578              		.cfi_def_cfa_offset 40
 1579 0004 0446     		mov	r4, r0
 1580 0006 0D46     		mov	r5, r1
 1581 0008 1646     		mov	r6, r2
 1582 000a 1F46     		mov	r7, r3
 285:Core/Inc/glcd/glcd.c ****     glcdDrawStringLenCenteredInRect(pString, strlen(pString), pX0, pY0, pWidth, pHeight, pVerticall
 1583              		.loc 1 285 5 is_stmt 1 view .LVU385
 1584              		.loc 1 285 46 is_stmt 0 view .LVU386
 1585 000c FFF7FEFF 		bl	strlen
 1586              	.LVL176:
 1587              		.loc 1 285 5 discriminator 1 view .LVU387
 1588 0010 9DF83030 		ldrb	r3, [sp, #48]	@ zero_extendqisi2
 1589 0014 0393     		str	r3, [sp, #12]
 1590 0016 9DF82C30 		ldrb	r3, [sp, #44]	@ zero_extendqisi2
 1591 001a 0293     		str	r3, [sp, #8]
 1592 001c 9DF82830 		ldrb	r3, [sp, #40]	@ zero_extendqisi2
 1593 0020 0193     		str	r3, [sp, #4]
 1594 0022 0097     		str	r7, [sp]
 1595 0024 3346     		mov	r3, r6
 1596 0026 2A46     		mov	r2, r5
 1597 0028 C1B2     		uxtb	r1, r0
 1598 002a 2046     		mov	r0, r4
 1599 002c FFF7FEFF 		bl	glcdDrawStringLenCenteredInRect
 1600              	.LVL177:
 286:Core/Inc/glcd/glcd.c **** }
 1601              		.loc 1 286 1 view .LVU388
 1602 0030 05B0     		add	sp, sp, #20
 1603              	.LCFI25:
 1604              		.cfi_def_cfa_offset 20
 1605              		@ sp needed
 1606 0032 F0BD     		pop	{r4, r5, r6, r7, pc}
 1607              		.loc 1 286 1 view .LVU389
 1608              		.cfi_endproc
 1609              	.LFE355:
 1611              		.section	.text.glcdPrintf,"ax",%progbits
 1612              		.align	1
 1613              		.global	glcdPrintf
 1614              		.syntax unified
 1615              		.thumb
 1616              		.thumb_func
 1618              	glcdPrintf:
 1619              	.LVL178:
 1620              	.LFB356:
 287:Core/Inc/glcd/glcd.c **** 
 288:Core/Inc/glcd/glcd.c **** void glcdPrintf(char *pFormat, ...) {
 1621              		.loc 1 288 37 is_stmt 1 view -0
 1622              		.cfi_startproc
 1623              		@ args = 4, pretend = 16, frame = 264
 1624              		@ frame_needed = 0, uses_anonymous_args = 1
 1625              		.loc 1 288 37 is_stmt 0 view .LVU391
 1626 0000 0FB4     		push	{r0, r1, r2, r3}
ARM GAS  C:\Users\Made\AppData\Local\Temp\cc0ouLC5.s 			page 36


 1627              	.LCFI26:
 1628              		.cfi_def_cfa_offset 16
 1629              		.cfi_offset 0, -16
 1630              		.cfi_offset 1, -12
 1631              		.cfi_offset 2, -8
 1632              		.cfi_offset 3, -4
 1633 0002 00B5     		push	{lr}
 1634              	.LCFI27:
 1635              		.cfi_def_cfa_offset 20
 1636              		.cfi_offset 14, -20
 1637 0004 C3B0     		sub	sp, sp, #268
 1638              	.LCFI28:
 1639              		.cfi_def_cfa_offset 288
 1640 0006 44AA     		add	r2, sp, #272
 1641 0008 52F8041B 		ldr	r1, [r2], #4
 289:Core/Inc/glcd/glcd.c ****     va_list args;
 1642              		.loc 1 289 5 is_stmt 1 view .LVU392
 290:Core/Inc/glcd/glcd.c ****     va_start(args, pFormat);
 1643              		.loc 1 290 5 view .LVU393
 1644 000c 4192     		str	r2, [sp, #260]
 291:Core/Inc/glcd/glcd.c **** 
 292:Core/Inc/glcd/glcd.c ****     char buf[256];
 1645              		.loc 1 292 5 view .LVU394
 293:Core/Inc/glcd/glcd.c ****     vsprintf(buf, pFormat, args);
 1646              		.loc 1 293 5 view .LVU395
 1647 000e 01A8     		add	r0, sp, #4
 1648 0010 FFF7FEFF 		bl	vsprintf
 1649              	.LVL179:
 294:Core/Inc/glcd/glcd.c **** 
 295:Core/Inc/glcd/glcd.c ****     glcdDrawString(buf);
 1650              		.loc 1 295 5 view .LVU396
 1651 0014 01A8     		add	r0, sp, #4
 1652 0016 FFF7FEFF 		bl	glcdDrawString
 1653              	.LVL180:
 296:Core/Inc/glcd/glcd.c **** 
 297:Core/Inc/glcd/glcd.c ****     va_end(args);
 1654              		.loc 1 297 5 view .LVU397
 298:Core/Inc/glcd/glcd.c **** }
 1655              		.loc 1 298 1 is_stmt 0 view .LVU398
 1656 001a 43B0     		add	sp, sp, #268
 1657              	.LCFI29:
 1658              		.cfi_def_cfa_offset 20
 1659              		@ sp needed
 1660 001c 5DF804EB 		ldr	lr, [sp], #4
 1661              	.LCFI30:
 1662              		.cfi_restore 14
 1663              		.cfi_def_cfa_offset 16
 1664 0020 04B0     		add	sp, sp, #16
 1665              	.LCFI31:
 1666              		.cfi_restore 3
 1667              		.cfi_restore 2
 1668              		.cfi_restore 1
 1669              		.cfi_restore 0
 1670              		.cfi_def_cfa_offset 0
 1671 0022 7047     		bx	lr
 1672              		.cfi_endproc
 1673              	.LFE356:
ARM GAS  C:\Users\Made\AppData\Local\Temp\cc0ouLC5.s 			page 37


 1675              		.section	.text.glcdFinalize,"ax",%progbits
 1676              		.align	1
 1677              		.global	glcdFinalize
 1678              		.syntax unified
 1679              		.thumb
 1680              		.thumb_func
 1682              	glcdFinalize:
 1683              	.LFB357:
 299:Core/Inc/glcd/glcd.c **** 
 300:Core/Inc/glcd/glcd.c **** void glcdFinalize() {
 1684              		.loc 1 300 21 is_stmt 1 view -0
 1685              		.cfi_startproc
 1686              		@ args = 0, pretend = 0, frame = 0
 1687              		@ frame_needed = 0, uses_anonymous_args = 0
 301:Core/Inc/glcd/glcd.c ****     if (!gGlcdInitialized || gGlcdSpi->State != HAL_SPI_STATE_READY)
 1688              		.loc 1 301 5 view .LVU400
 1689              		.loc 1 301 9 is_stmt 0 view .LVU401
 1690 0000 2D4B     		ldr	r3, .L121
 1691 0002 1B78     		ldrb	r3, [r3]	@ zero_extendqisi2
 1692              		.loc 1 301 8 view .LVU402
 1693 0004 4BB1     		cbz	r3, .L116
 1694              		.loc 1 301 38 discriminator 1 view .LVU403
 1695 0006 2D4B     		ldr	r3, .L121+4
 1696 0008 1B68     		ldr	r3, [r3]
 1697 000a 93F88130 		ldrb	r3, [r3, #129]	@ zero_extendqisi2
 1698 000e DBB2     		uxtb	r3, r3
 1699              		.loc 1 301 27 discriminator 1 view .LVU404
 1700 0010 012B     		cmp	r3, #1
 1701 0012 02D1     		bne	.L116
 302:Core/Inc/glcd/glcd.c ****     {
 303:Core/Inc/glcd/glcd.c ****         return;
 304:Core/Inc/glcd/glcd.c ****     }
 305:Core/Inc/glcd/glcd.c **** 
 306:Core/Inc/glcd/glcd.c ****     if (!gGlcdFinishedRendering)
 1702              		.loc 1 306 5 is_stmt 1 view .LVU405
 1703              		.loc 1 306 9 is_stmt 0 view .LVU406
 1704 0014 2A4B     		ldr	r3, .L121+8
 1705 0016 1B78     		ldrb	r3, [r3]	@ zero_extendqisi2
 1706              		.loc 1 306 8 view .LVU407
 1707 0018 03B9     		cbnz	r3, .L119
 1708              	.L116:
 1709 001a 7047     		bx	lr
 1710              	.L119:
 300:Core/Inc/glcd/glcd.c ****     if (!gGlcdInitialized || gGlcdSpi->State != HAL_SPI_STATE_READY)
 1711              		.loc 1 300 21 view .LVU408
 1712 001c 70B5     		push	{r4, r5, r6, lr}
 1713              	.LCFI32:
 1714              		.cfi_def_cfa_offset 16
 1715              		.cfi_offset 4, -16
 1716              		.cfi_offset 5, -12
 1717              		.cfi_offset 6, -8
 1718              		.cfi_offset 14, -4
 307:Core/Inc/glcd/glcd.c ****     {
 308:Core/Inc/glcd/glcd.c ****         return;
 309:Core/Inc/glcd/glcd.c ****     }
 310:Core/Inc/glcd/glcd.c **** 
 311:Core/Inc/glcd/glcd.c ****     memcpy(gGlcdFrameBufFront, gGlcdFrameBufBack, 0x400);
ARM GAS  C:\Users\Made\AppData\Local\Temp\cc0ouLC5.s 			page 38


 1719              		.loc 1 311 5 is_stmt 1 view .LVU409
 1720 001e 4FF48062 		mov	r2, #1024
 1721 0022 2849     		ldr	r1, .L121+12
 1722 0024 2848     		ldr	r0, .L121+16
 1723 0026 FFF7FEFF 		bl	memcpy
 1724              	.LVL181:
 312:Core/Inc/glcd/glcd.c **** 
 313:Core/Inc/glcd/glcd.c ****     glcdCsHigh();
 1725              		.loc 1 313 5 view .LVU410
 1726 002a 0122     		movs	r2, #1
 1727 002c 274B     		ldr	r3, .L121+20
 1728 002e 1988     		ldrh	r1, [r3]
 1729 0030 274B     		ldr	r3, .L121+24
 1730 0032 1868     		ldr	r0, [r3]
 1731 0034 FFF7FEFF 		bl	HAL_GPIO_WritePin
 1732              	.LVL182:
 314:Core/Inc/glcd/glcd.c ****     gGlcdDmaDataSize = 0;
 1733              		.loc 1 314 5 view .LVU411
 1734              		.loc 1 314 22 is_stmt 0 view .LVU412
 1735 0038 0026     		movs	r6, #0
 1736 003a 264B     		ldr	r3, .L121+28
 1737 003c 1E80     		strh	r6, [r3]	@ movhi
 315:Core/Inc/glcd/glcd.c ****     for (int i = 0; i < 32; ++i)
 1738              		.loc 1 315 5 is_stmt 1 view .LVU413
 1739              	.LBB25:
 1740              		.loc 1 315 10 view .LVU414
 1741              	.LVL183:
 1742              		.loc 1 315 5 is_stmt 0 view .LVU415
 1743 003e 24E0     		b	.L109
 1744              	.LVL184:
 1745              	.L111:
 1746              	.LBB26:
 1747              	.LBB27:
 316:Core/Inc/glcd/glcd.c ****     {
 317:Core/Inc/glcd/glcd.c ****         glcdDmaGdramSetAddr(0, i);
 318:Core/Inc/glcd/glcd.c **** 
 319:Core/Inc/glcd/glcd.c ****         glcdDmaSpiTx(0xFA);
 320:Core/Inc/glcd/glcd.c **** 
 321:Core/Inc/glcd/glcd.c ****         for (int j = 0; j < 16; ++j)
 322:Core/Inc/glcd/glcd.c ****         {
 323:Core/Inc/glcd/glcd.c ****             u8 row = gGlcdFrameBufFront[i * 16 + j];
 1748              		.loc 1 323 13 is_stmt 1 view .LVU416
 1749              		.loc 1 323 48 is_stmt 0 view .LVU417
 1750 0040 05EB0613 		add	r3, r5, r6, lsl #4
 1751              		.loc 1 323 16 view .LVU418
 1752 0044 204A     		ldr	r2, .L121+16
 1753 0046 D45C     		ldrb	r4, [r2, r3]	@ zero_extendqisi2
 1754              	.LVL185:
 324:Core/Inc/glcd/glcd.c ****             glcdDmaSpiTx(row & 0xF0);
 1755              		.loc 1 324 13 is_stmt 1 view .LVU419
 1756 0048 04F0F000 		and	r0, r4, #240
 1757 004c FFF7FEFF 		bl	glcdDmaSpiTx
 1758              	.LVL186:
 325:Core/Inc/glcd/glcd.c ****             glcdDmaSpiTx(row << 4);
 1759              		.loc 1 325 13 view .LVU420
 1760 0050 2001     		lsls	r0, r4, #4
 1761 0052 00F0F000 		and	r0, r0, #240
ARM GAS  C:\Users\Made\AppData\Local\Temp\cc0ouLC5.s 			page 39


 1762 0056 FFF7FEFF 		bl	glcdDmaSpiTx
 1763              	.LVL187:
 1764              	.LBE27:
 321:Core/Inc/glcd/glcd.c ****         {
 1765              		.loc 1 321 33 discriminator 3 view .LVU421
 1766 005a 0135     		adds	r5, r5, #1
 1767              	.LVL188:
 1768              	.L110:
 321:Core/Inc/glcd/glcd.c ****         {
 1769              		.loc 1 321 27 discriminator 1 view .LVU422
 1770 005c 0F2D     		cmp	r5, #15
 1771 005e EFDD     		ble	.L111
 1772              	.LBE26:
 1773              	.LBB28:
 326:Core/Inc/glcd/glcd.c ****         }
 327:Core/Inc/glcd/glcd.c **** 
 328:Core/Inc/glcd/glcd.c ****         for (int j = 0; j < 16; ++j)
 1774              		.loc 1 328 18 is_stmt 0 view .LVU423
 1775 0060 0025     		movs	r5, #0
 1776              	.LVL189:
 1777              		.loc 1 328 18 view .LVU424
 1778 0062 0FE0     		b	.L112
 1779              	.LVL190:
 1780              	.L113:
 1781              	.LBB29:
 329:Core/Inc/glcd/glcd.c ****         {
 330:Core/Inc/glcd/glcd.c ****             u8 row = gGlcdFrameBufFront[(32 + i) * 16 + j];
 1782              		.loc 1 330 13 is_stmt 1 view .LVU425
 1783              		.loc 1 330 45 is_stmt 0 view .LVU426
 1784 0064 06F12003 		add	r3, r6, #32
 1785              		.loc 1 330 55 view .LVU427
 1786 0068 05EB0313 		add	r3, r5, r3, lsl #4
 1787              		.loc 1 330 16 view .LVU428
 1788 006c 164A     		ldr	r2, .L121+16
 1789 006e D45C     		ldrb	r4, [r2, r3]	@ zero_extendqisi2
 1790              	.LVL191:
 331:Core/Inc/glcd/glcd.c ****             glcdDmaSpiTx(row & 0xF0);
 1791              		.loc 1 331 13 is_stmt 1 view .LVU429
 1792 0070 04F0F000 		and	r0, r4, #240
 1793 0074 FFF7FEFF 		bl	glcdDmaSpiTx
 1794              	.LVL192:
 332:Core/Inc/glcd/glcd.c ****             glcdDmaSpiTx(row << 4);
 1795              		.loc 1 332 13 view .LVU430
 1796 0078 2001     		lsls	r0, r4, #4
 1797 007a 00F0F000 		and	r0, r0, #240
 1798 007e FFF7FEFF 		bl	glcdDmaSpiTx
 1799              	.LVL193:
 1800              	.LBE29:
 328:Core/Inc/glcd/glcd.c ****         {
 1801              		.loc 1 328 33 discriminator 3 view .LVU431
 1802 0082 0135     		adds	r5, r5, #1
 1803              	.LVL194:
 1804              	.L112:
 328:Core/Inc/glcd/glcd.c ****         {
 1805              		.loc 1 328 27 discriminator 1 view .LVU432
 1806 0084 0F2D     		cmp	r5, #15
 1807 0086 EDDD     		ble	.L113
ARM GAS  C:\Users\Made\AppData\Local\Temp\cc0ouLC5.s 			page 40


 1808              	.LBE28:
 315:Core/Inc/glcd/glcd.c ****     {
 1809              		.loc 1 315 29 discriminator 2 view .LVU433
 1810 0088 0136     		adds	r6, r6, #1
 1811              	.LVL195:
 1812              	.L109:
 315:Core/Inc/glcd/glcd.c ****     {
 1813              		.loc 1 315 23 discriminator 1 view .LVU434
 1814 008a 1F2E     		cmp	r6, #31
 1815 008c 08DC     		bgt	.L120
 317:Core/Inc/glcd/glcd.c **** 
 1816              		.loc 1 317 9 view .LVU435
 1817 008e F1B2     		uxtb	r1, r6
 1818 0090 0020     		movs	r0, #0
 1819 0092 FFF7FEFF 		bl	glcdDmaGdramSetAddr
 1820              	.LVL196:
 319:Core/Inc/glcd/glcd.c **** 
 1821              		.loc 1 319 9 view .LVU436
 1822 0096 FA20     		movs	r0, #250
 1823 0098 FFF7FEFF 		bl	glcdDmaSpiTx
 1824              	.LVL197:
 321:Core/Inc/glcd/glcd.c ****         {
 1825              		.loc 1 321 9 view .LVU437
 1826              	.LBB30:
 321:Core/Inc/glcd/glcd.c ****         {
 1827              		.loc 1 321 14 view .LVU438
 321:Core/Inc/glcd/glcd.c ****         {
 1828              		.loc 1 321 18 is_stmt 0 view .LVU439
 1829 009c 0025     		movs	r5, #0
 321:Core/Inc/glcd/glcd.c ****         {
 1830              		.loc 1 321 9 view .LVU440
 1831 009e DDE7     		b	.L110
 1832              	.LVL198:
 1833              	.L120:
 321:Core/Inc/glcd/glcd.c ****         {
 1834              		.loc 1 321 9 view .LVU441
 1835              	.LBE30:
 1836              	.LBE25:
 333:Core/Inc/glcd/glcd.c ****         }
 334:Core/Inc/glcd/glcd.c ****     }
 335:Core/Inc/glcd/glcd.c **** 
 336:Core/Inc/glcd/glcd.c ****     gGlcdFinishedRendering = false;
 1837              		.loc 1 336 5 is_stmt 1 view .LVU442
 1838              		.loc 1 336 28 is_stmt 0 view .LVU443
 1839 00a0 074B     		ldr	r3, .L121+8
 1840 00a2 0022     		movs	r2, #0
 1841 00a4 1A70     		strb	r2, [r3]
 337:Core/Inc/glcd/glcd.c ****     HAL_SPI_Transmit_DMA(gGlcdSpi, gGlcdDmaData, gGlcdDmaDataSize);
 1842              		.loc 1 337 5 is_stmt 1 view .LVU444
 1843 00a6 0B4B     		ldr	r3, .L121+28
 1844 00a8 1A88     		ldrh	r2, [r3]
 1845 00aa 0B49     		ldr	r1, .L121+32
 1846 00ac 034B     		ldr	r3, .L121+4
 1847 00ae 1868     		ldr	r0, [r3]
 1848 00b0 FFF7FEFF 		bl	HAL_SPI_Transmit_DMA
 1849              	.LVL199:
 338:Core/Inc/glcd/glcd.c **** 
ARM GAS  C:\Users\Made\AppData\Local\Temp\cc0ouLC5.s 			page 41


 339:Core/Inc/glcd/glcd.c ****     // for (int i = 0; i < 32; ++i)
 340:Core/Inc/glcd/glcd.c ****     // {
 341:Core/Inc/glcd/glcd.c ****     //     glcdGdramSetAddr(0, i);
 342:Core/Inc/glcd/glcd.c ****     //
 343:Core/Inc/glcd/glcd.c ****     //     glcdCsHigh();
 344:Core/Inc/glcd/glcd.c ****     //     glcdSpiTx(0xFA);
 345:Core/Inc/glcd/glcd.c ****     //
 346:Core/Inc/glcd/glcd.c ****     //     for (int j = 0; j < 16; ++j)
 347:Core/Inc/glcd/glcd.c ****     //     {
 348:Core/Inc/glcd/glcd.c ****     //         u8 row = gGlcdFrameBufFront[i * 16 + j];
 349:Core/Inc/glcd/glcd.c ****     //         glcdSpiTx(row & 0xF0);
 350:Core/Inc/glcd/glcd.c ****     //         glcdSpiTx(row << 4);
 351:Core/Inc/glcd/glcd.c ****     //     }
 352:Core/Inc/glcd/glcd.c ****     //
 353:Core/Inc/glcd/glcd.c ****     //     for (int j = 0; j < 16; ++j)
 354:Core/Inc/glcd/glcd.c ****     //     {
 355:Core/Inc/glcd/glcd.c ****     //         u8 row = gGlcdFrameBufFront[(32 + i) * 16 + j];
 356:Core/Inc/glcd/glcd.c ****     //         glcdSpiTx(row & 0xF0);
 357:Core/Inc/glcd/glcd.c ****     //         glcdSpiTx(row << 4);
 358:Core/Inc/glcd/glcd.c ****     //     }
 359:Core/Inc/glcd/glcd.c ****     //
 360:Core/Inc/glcd/glcd.c ****     //     glcdCsLow();
 361:Core/Inc/glcd/glcd.c ****     // }
 362:Core/Inc/glcd/glcd.c **** }
 1850              		.loc 1 362 1 is_stmt 0 view .LVU445
 1851 00b4 70BD     		pop	{r4, r5, r6, pc}
 1852              	.LVL200:
 1853              	.L122:
 1854              		.loc 1 362 1 view .LVU446
 1855 00b6 00BF     		.align	2
 1856              	.L121:
 1857 00b8 00000000 		.word	gGlcdInitialized
 1858 00bc 00000000 		.word	gGlcdSpi
 1859 00c0 00000000 		.word	gGlcdFinishedRendering
 1860 00c4 00000000 		.word	gGlcdFrameBufBack
 1861 00c8 00000000 		.word	gGlcdFrameBufFront
 1862 00cc 00000000 		.word	gGlcdCsPin
 1863 00d0 00000000 		.word	gGlcdCsPort
 1864 00d4 00000000 		.word	gGlcdDmaDataSize
 1865 00d8 00000000 		.word	gGlcdDmaData
 1866              		.cfi_endproc
 1867              	.LFE357:
 1869              		.section	.text.glcdDrawLineHorizontal,"ax",%progbits
 1870              		.align	1
 1871              		.global	glcdDrawLineHorizontal
 1872              		.syntax unified
 1873              		.thumb
 1874              		.thumb_func
 1876              	glcdDrawLineHorizontal:
 1877              	.LVL201:
 1878              	.LFB358:
 363:Core/Inc/glcd/glcd.c **** 
 364:Core/Inc/glcd/glcd.c **** void glcdDrawLineHorizontal(u8 pX0, u8 pY0, u8 pLength) {
 1879              		.loc 1 364 57 is_stmt 1 view -0
 1880              		.cfi_startproc
 1881              		@ args = 0, pretend = 0, frame = 0
 1882              		@ frame_needed = 0, uses_anonymous_args = 0
ARM GAS  C:\Users\Made\AppData\Local\Temp\cc0ouLC5.s 			page 42


 1883              		.loc 1 364 57 is_stmt 0 view .LVU448
 1884 0000 70B5     		push	{r4, r5, r6, lr}
 1885              	.LCFI33:
 1886              		.cfi_def_cfa_offset 16
 1887              		.cfi_offset 4, -16
 1888              		.cfi_offset 5, -12
 1889              		.cfi_offset 6, -8
 1890              		.cfi_offset 14, -4
 365:Core/Inc/glcd/glcd.c ****     u8 length = pLength;
 1891              		.loc 1 365 5 is_stmt 1 view .LVU449
 1892              	.LVL202:
 366:Core/Inc/glcd/glcd.c ****     if (pX0 + length > 128)
 1893              		.loc 1 366 5 view .LVU450
 1894              		.loc 1 366 13 is_stmt 0 view .LVU451
 1895 0002 8318     		adds	r3, r0, r2
 1896              		.loc 1 366 8 view .LVU452
 1897 0004 802B     		cmp	r3, #128
 1898 0006 01DD     		ble	.L124
 367:Core/Inc/glcd/glcd.c ****     {
 368:Core/Inc/glcd/glcd.c ****         length -= pX0;
 1899              		.loc 1 368 9 is_stmt 1 view .LVU453
 1900              		.loc 1 368 16 is_stmt 0 view .LVU454
 1901 0008 121A     		subs	r2, r2, r0
 1902              	.LVL203:
 1903              		.loc 1 368 16 view .LVU455
 1904 000a D2B2     		uxtb	r2, r2
 1905              	.LVL204:
 1906              	.L124:
 369:Core/Inc/glcd/glcd.c ****     }
 370:Core/Inc/glcd/glcd.c **** 
 371:Core/Inc/glcd/glcd.c ****     u8 modX = pX0 & 7;
 1907              		.loc 1 371 5 is_stmt 1 view .LVU456
 372:Core/Inc/glcd/glcd.c **** 
 373:Core/Inc/glcd/glcd.c ****     u16 yIdx        = pY0 * 16;
 1908              		.loc 1 373 5 view .LVU457
 1909              		.loc 1 373 9 is_stmt 0 view .LVU458
 1910 000c 0901     		lsls	r1, r1, #4
 1911              	.LVL205:
 374:Core/Inc/glcd/glcd.c ****     int rowIdxStart = pX0 / 8;
 1912              		.loc 1 374 5 is_stmt 1 view .LVU459
 1913              		.loc 1 374 27 is_stmt 0 view .LVU460
 1914 000e C308     		lsrs	r3, r0, #3
 1915              	.LVL206:
 375:Core/Inc/glcd/glcd.c ****     if (modX)
 1916              		.loc 1 375 5 is_stmt 1 view .LVU461
 1917              		.loc 1 375 8 is_stmt 0 view .LVU462
 1918 0010 10F00700 		ands	r0, r0, #7
 1919              	.LVL207:
 1920              		.loc 1 375 8 view .LVU463
 1921 0014 17D0     		beq	.L125
 1922              	.LBB31:
 376:Core/Inc/glcd/glcd.c ****     {
 377:Core/Inc/glcd/glcd.c ****         u8 leftShift = 8 - modX;
 1923              		.loc 1 377 9 is_stmt 1 view .LVU464
 1924              		.loc 1 377 12 is_stmt 0 view .LVU465
 1925 0016 C0F1080C 		rsb	ip, r0, #8
 1926 001a 5FFA8CFC 		uxtb	ip, ip
ARM GAS  C:\Users\Made\AppData\Local\Temp\cc0ouLC5.s 			page 43


 1927              	.LVL208:
 378:Core/Inc/glcd/glcd.c ****         gGlcdFrameBufBack[yIdx + rowIdxStart] |= (1 << leftShift) - 1;
 1928              		.loc 1 378 9 is_stmt 1 view .LVU466
 1929              		.loc 1 378 26 is_stmt 0 view .LVU467
 1930 001e CD18     		adds	r5, r1, r3
 1931 0020 1B4E     		ldr	r6, .L132
 1932 0022 16F805E0 		ldrb	lr, [r6, r5]	@ zero_extendqisi2
 1933              		.loc 1 378 53 view .LVU468
 1934 0026 0124     		movs	r4, #1
 1935 0028 04FA0CF4 		lsl	r4, r4, ip
 1936              		.loc 1 378 67 view .LVU469
 1937 002c 013C     		subs	r4, r4, #1
 1938 002e E4B2     		uxtb	r4, r4
 1939 0030 4EEA0404 		orr	r4, lr, r4
 1940              		.loc 1 378 47 view .LVU470
 1941 0034 7455     		strb	r4, [r6, r5]
 379:Core/Inc/glcd/glcd.c ****         if (leftShift > length)
 1942              		.loc 1 379 9 is_stmt 1 view .LVU471
 1943              		.loc 1 379 12 is_stmt 0 view .LVU472
 1944 0036 6245     		cmp	r2, ip
 1945 0038 07D3     		bcc	.L131
 380:Core/Inc/glcd/glcd.c ****         {
 381:Core/Inc/glcd/glcd.c ****             gGlcdFrameBufBack[yIdx + rowIdxStart] &= ~((1 << (length - modX)) - 1);
 382:Core/Inc/glcd/glcd.c ****             return;
 383:Core/Inc/glcd/glcd.c ****         }
 384:Core/Inc/glcd/glcd.c **** 
 385:Core/Inc/glcd/glcd.c ****         if (leftShift == length)
 1946              		.loc 1 385 9 is_stmt 1 view .LVU473
 1947              		.loc 1 385 12 is_stmt 0 view .LVU474
 1948 003a 6245     		cmp	r2, ip
 1949 003c 26D0     		beq	.L123
 386:Core/Inc/glcd/glcd.c ****         {
 387:Core/Inc/glcd/glcd.c ****             return;
 388:Core/Inc/glcd/glcd.c ****         }
 389:Core/Inc/glcd/glcd.c **** 
 390:Core/Inc/glcd/glcd.c ****         length -= leftShift;
 1950              		.loc 1 390 9 is_stmt 1 view .LVU475
 1951              		.loc 1 390 16 is_stmt 0 view .LVU476
 1952 003e 0838     		subs	r0, r0, #8
 1953 0040 1044     		add	r0, r0, r2
 1954 0042 C2B2     		uxtb	r2, r0
 1955              	.LVL209:
 391:Core/Inc/glcd/glcd.c ****         rowIdxStart++;
 1956              		.loc 1 391 9 is_stmt 1 view .LVU477
 1957              		.loc 1 391 20 is_stmt 0 view .LVU478
 1958 0044 0133     		adds	r3, r3, #1
 1959              	.LVL210:
 1960              	.L125:
 1961              		.loc 1 391 20 view .LVU479
 1962              	.LBE31:
 392:Core/Inc/glcd/glcd.c ****     }
 393:Core/Inc/glcd/glcd.c **** 
 394:Core/Inc/glcd/glcd.c ****     int rowIdx, i;
 1963              		.loc 1 394 5 is_stmt 1 view .LVU480
 395:Core/Inc/glcd/glcd.c ****     for (i = 0, rowIdx = rowIdxStart; i < length / 8; rowIdx++, i++)
 1964              		.loc 1 395 5 view .LVU481
 1965              		.loc 1 395 12 is_stmt 0 view .LVU482
ARM GAS  C:\Users\Made\AppData\Local\Temp\cc0ouLC5.s 			page 44


 1966 0046 0020     		movs	r0, #0
 1967              		.loc 1 395 5 view .LVU483
 1968 0048 0FE0     		b	.L128
 1969              	.LVL211:
 1970              	.L131:
 1971              	.LBB32:
 381:Core/Inc/glcd/glcd.c ****             return;
 1972              		.loc 1 381 13 is_stmt 1 view .LVU484
 381:Core/Inc/glcd/glcd.c ****             return;
 1973              		.loc 1 381 70 is_stmt 0 view .LVU485
 1974 004a 101A     		subs	r0, r2, r0
 381:Core/Inc/glcd/glcd.c ****             return;
 1975              		.loc 1 381 59 view .LVU486
 1976 004c 0123     		movs	r3, #1
 1977              	.LVL212:
 381:Core/Inc/glcd/glcd.c ****             return;
 1978              		.loc 1 381 59 view .LVU487
 1979 004e 8340     		lsls	r3, r3, r0
 381:Core/Inc/glcd/glcd.c ****             return;
 1980              		.loc 1 381 51 view .LVU488
 1981 0050 5B42     		rsbs	r3, r3, #0
 1982 0052 2340     		ands	r3, r3, r4
 1983 0054 7355     		strb	r3, [r6, r5]
 382:Core/Inc/glcd/glcd.c ****         }
 1984              		.loc 1 382 13 is_stmt 1 view .LVU489
 1985 0056 19E0     		b	.L123
 1986              	.LVL213:
 1987              	.L129:
 382:Core/Inc/glcd/glcd.c ****         }
 1988              		.loc 1 382 13 is_stmt 0 view .LVU490
 1989              	.LBE32:
 396:Core/Inc/glcd/glcd.c ****     {
 397:Core/Inc/glcd/glcd.c ****         gGlcdFrameBufBack[yIdx + rowIdx] = 0xFF;
 1990              		.loc 1 397 9 is_stmt 1 view .LVU491
 1991              		.loc 1 397 32 is_stmt 0 view .LVU492
 1992 0058 01EB030C 		add	ip, r1, r3
 1993              		.loc 1 397 42 view .LVU493
 1994 005c 0C4C     		ldr	r4, .L132
 1995 005e 4FF0FF0E 		mov	lr, #255
 1996 0062 04F80CE0 		strb	lr, [r4, ip]
 395:Core/Inc/glcd/glcd.c ****     {
 1997              		.loc 1 395 63 is_stmt 1 discriminator 3 view .LVU494
 395:Core/Inc/glcd/glcd.c ****     {
 1998              		.loc 1 395 61 is_stmt 0 discriminator 3 view .LVU495
 1999 0066 0133     		adds	r3, r3, #1
 2000              	.LVL214:
 395:Core/Inc/glcd/glcd.c ****     {
 2001              		.loc 1 395 66 discriminator 3 view .LVU496
 2002 0068 0130     		adds	r0, r0, #1
 2003              	.LVL215:
 2004              	.L128:
 395:Core/Inc/glcd/glcd.c ****     {
 2005              		.loc 1 395 41 is_stmt 1 discriminator 1 view .LVU497
 2006 006a B0EBD20F 		cmp	r0, r2, lsr #3
 2007 006e F3DB     		blt	.L129
 398:Core/Inc/glcd/glcd.c ****     }
 399:Core/Inc/glcd/glcd.c **** 
ARM GAS  C:\Users\Made\AppData\Local\Temp\cc0ouLC5.s 			page 45


 400:Core/Inc/glcd/glcd.c ****     u8 modLen = length & 7;
 2008              		.loc 1 400 5 view .LVU498
 2009              	.LVL216:
 401:Core/Inc/glcd/glcd.c ****     if (modLen)
 2010              		.loc 1 401 5 view .LVU499
 2011              		.loc 1 401 8 is_stmt 0 view .LVU500
 2012 0070 12F00702 		ands	r2, r2, #7
 2013              	.LVL217:
 2014              		.loc 1 401 8 view .LVU501
 2015 0074 0AD0     		beq	.L123
 402:Core/Inc/glcd/glcd.c ****     {
 403:Core/Inc/glcd/glcd.c ****         gGlcdFrameBufBack[yIdx + rowIdx] |= ((1 << modLen) - 1) << (8 - modLen);
 2016              		.loc 1 403 9 is_stmt 1 view .LVU502
 2017              		.loc 1 403 26 is_stmt 0 view .LVU503
 2018 0076 1944     		add	r1, r1, r3
 2019              	.LVL218:
 2020              		.loc 1 403 26 view .LVU504
 2021 0078 054C     		ldr	r4, .L132
 2022 007a 605C     		ldrb	r0, [r4, r1]	@ zero_extendqisi2
 2023              	.LVL219:
 2024              		.loc 1 403 49 view .LVU505
 2025 007c 0123     		movs	r3, #1
 2026              	.LVL220:
 2027              		.loc 1 403 49 view .LVU506
 2028 007e 9340     		lsls	r3, r3, r2
 2029              		.loc 1 403 60 view .LVU507
 2030 0080 013B     		subs	r3, r3, #1
 2031              		.loc 1 403 71 view .LVU508
 2032 0082 C2F10802 		rsb	r2, r2, #8
 2033              		.loc 1 403 65 view .LVU509
 2034 0086 9340     		lsls	r3, r3, r2
 2035              		.loc 1 403 42 view .LVU510
 2036 0088 0343     		orrs	r3, r3, r0
 2037 008a 6354     		strb	r3, [r4, r1]
 2038              	.LVL221:
 2039              	.L123:
 404:Core/Inc/glcd/glcd.c ****     }
 405:Core/Inc/glcd/glcd.c **** }
 2040              		.loc 1 405 1 view .LVU511
 2041 008c 70BD     		pop	{r4, r5, r6, pc}
 2042              	.L133:
 2043 008e 00BF     		.align	2
 2044              	.L132:
 2045 0090 00000000 		.word	gGlcdFrameBufBack
 2046              		.cfi_endproc
 2047              	.LFE358:
 2049              		.section	.text.glcdDrawLineVertical,"ax",%progbits
 2050              		.align	1
 2051              		.global	glcdDrawLineVertical
 2052              		.syntax unified
 2053              		.thumb
 2054              		.thumb_func
 2056              	glcdDrawLineVertical:
 2057              	.LVL222:
 2058              	.LFB359:
 406:Core/Inc/glcd/glcd.c **** 
 407:Core/Inc/glcd/glcd.c **** void glcdDrawLineVertical(u8 pX0, u8 pY0, u8 pLength) {
ARM GAS  C:\Users\Made\AppData\Local\Temp\cc0ouLC5.s 			page 46


 2059              		.loc 1 407 55 is_stmt 1 view -0
 2060              		.cfi_startproc
 2061              		@ args = 0, pretend = 0, frame = 0
 2062              		@ frame_needed = 0, uses_anonymous_args = 0
 2063              		.loc 1 407 55 is_stmt 0 view .LVU513
 2064 0000 70B5     		push	{r4, r5, r6, lr}
 2065              	.LCFI34:
 2066              		.cfi_def_cfa_offset 16
 2067              		.cfi_offset 4, -16
 2068              		.cfi_offset 5, -12
 2069              		.cfi_offset 6, -8
 2070              		.cfi_offset 14, -4
 408:Core/Inc/glcd/glcd.c ****     u8 length = pLength;
 2071              		.loc 1 408 5 is_stmt 1 view .LVU514
 2072              	.LVL223:
 409:Core/Inc/glcd/glcd.c ****     if (pY0 + length > 64)
 2073              		.loc 1 409 5 view .LVU515
 2074              		.loc 1 409 13 is_stmt 0 view .LVU516
 2075 0002 8E46     		mov	lr, r1
 2076 0004 5318     		adds	r3, r2, r1
 2077              		.loc 1 409 8 view .LVU517
 2078 0006 402B     		cmp	r3, #64
 2079 0008 01DD     		ble	.L135
 410:Core/Inc/glcd/glcd.c ****     {
 411:Core/Inc/glcd/glcd.c ****         length -= pY0;
 2080              		.loc 1 411 9 is_stmt 1 view .LVU518
 2081              		.loc 1 411 16 is_stmt 0 view .LVU519
 2082 000a 521A     		subs	r2, r2, r1
 2083              	.LVL224:
 2084              		.loc 1 411 16 view .LVU520
 2085 000c D2B2     		uxtb	r2, r2
 2086              	.LVL225:
 2087              	.L135:
 412:Core/Inc/glcd/glcd.c ****     }
 413:Core/Inc/glcd/glcd.c **** 
 414:Core/Inc/glcd/glcd.c ****     u8 shift = pX0 & 7;
 2088              		.loc 1 414 5 is_stmt 1 view .LVU521
 2089              		.loc 1 414 8 is_stmt 0 view .LVU522
 2090 000e 00F00706 		and	r6, r0, #7
 2091              	.LVL226:
 415:Core/Inc/glcd/glcd.c ****     u8 xIdx  = pX0 / 8;
 2092              		.loc 1 415 5 is_stmt 1 view .LVU523
 2093              		.loc 1 415 8 is_stmt 0 view .LVU524
 2094 0012 C508     		lsrs	r5, r0, #3
 2095              	.LVL227:
 416:Core/Inc/glcd/glcd.c **** 
 417:Core/Inc/glcd/glcd.c ****     for (int y = pY0, i = 0; i < length; y++, i++)
 2096              		.loc 1 417 5 is_stmt 1 view .LVU525
 2097              	.LBB33:
 2098              		.loc 1 417 10 view .LVU526
 2099              		.loc 1 417 23 is_stmt 0 view .LVU527
 2100 0014 4FF0000C 		mov	ip, #0
 2101              		.loc 1 417 5 view .LVU528
 2102 0018 0BE0     		b	.L136
 2103              	.LVL228:
 2104              	.L137:
 418:Core/Inc/glcd/glcd.c ****     {
ARM GAS  C:\Users\Made\AppData\Local\Temp\cc0ouLC5.s 			page 47


 419:Core/Inc/glcd/glcd.c ****         gGlcdFrameBufBack[(y * 16 + xIdx)] |= 0x80 >> shift;
 2105              		.loc 1 419 9 is_stmt 1 view .LVU529
 2106              		.loc 1 419 26 is_stmt 0 view .LVU530
 2107 001a 05EB0E10 		add	r0, r5, lr, lsl #4
 2108 001e 064C     		ldr	r4, .L139
 2109 0020 235C     		ldrb	r3, [r4, r0]	@ zero_extendqisi2
 2110              		.loc 1 419 52 view .LVU531
 2111 0022 8021     		movs	r1, #128
 2112 0024 3141     		asrs	r1, r1, r6
 2113              		.loc 1 419 44 view .LVU532
 2114 0026 0B43     		orrs	r3, r3, r1
 2115 0028 2354     		strb	r3, [r4, r0]
 417:Core/Inc/glcd/glcd.c ****     {
 2116              		.loc 1 417 45 is_stmt 1 discriminator 3 view .LVU533
 417:Core/Inc/glcd/glcd.c ****     {
 2117              		.loc 1 417 43 is_stmt 0 discriminator 3 view .LVU534
 2118 002a 0EF1010E 		add	lr, lr, #1
 2119              	.LVL229:
 417:Core/Inc/glcd/glcd.c ****     {
 2120              		.loc 1 417 48 discriminator 3 view .LVU535
 2121 002e 0CF1010C 		add	ip, ip, #1
 2122              	.LVL230:
 2123              	.L136:
 417:Core/Inc/glcd/glcd.c ****     {
 2124              		.loc 1 417 32 is_stmt 1 discriminator 1 view .LVU536
 2125 0032 6245     		cmp	r2, ip
 2126 0034 F1DC     		bgt	.L137
 2127              	.LBE33:
 420:Core/Inc/glcd/glcd.c ****     }
 421:Core/Inc/glcd/glcd.c **** }
 2128              		.loc 1 421 1 is_stmt 0 view .LVU537
 2129 0036 70BD     		pop	{r4, r5, r6, pc}
 2130              	.LVL231:
 2131              	.L140:
 2132              		.loc 1 421 1 view .LVU538
 2133              		.align	2
 2134              	.L139:
 2135 0038 00000000 		.word	gGlcdFrameBufBack
 2136              		.cfi_endproc
 2137              	.LFE359:
 2139              		.section	.text.glcdDrawRectangle,"ax",%progbits
 2140              		.align	1
 2141              		.global	glcdDrawRectangle
 2142              		.syntax unified
 2143              		.thumb
 2144              		.thumb_func
 2146              	glcdDrawRectangle:
 2147              	.LVL232:
 2148              	.LFB360:
 422:Core/Inc/glcd/glcd.c **** 
 423:Core/Inc/glcd/glcd.c **** void glcdDrawRectangle(u8 pX0, u8 pY0, u8 pWidth, u8 pHeight, u8 pThickness) {
 2149              		.loc 1 423 78 is_stmt 1 view -0
 2150              		.cfi_startproc
 2151              		@ args = 4, pretend = 0, frame = 0
 2152              		@ frame_needed = 0, uses_anonymous_args = 0
 2153              		.loc 1 423 78 is_stmt 0 view .LVU540
 2154 0000 2DE9F843 		push	{r3, r4, r5, r6, r7, r8, r9, lr}
ARM GAS  C:\Users\Made\AppData\Local\Temp\cc0ouLC5.s 			page 48


 2155              	.LCFI35:
 2156              		.cfi_def_cfa_offset 32
 2157              		.cfi_offset 3, -32
 2158              		.cfi_offset 4, -28
 2159              		.cfi_offset 5, -24
 2160              		.cfi_offset 6, -20
 2161              		.cfi_offset 7, -16
 2162              		.cfi_offset 8, -12
 2163              		.cfi_offset 9, -8
 2164              		.cfi_offset 14, -4
 2165 0004 0546     		mov	r5, r0
 2166 0006 0E46     		mov	r6, r1
 2167 0008 9046     		mov	r8, r2
 2168 000a 9946     		mov	r9, r3
 2169 000c 9DF82040 		ldrb	r4, [sp, #32]	@ zero_extendqisi2
 424:Core/Inc/glcd/glcd.c ****     // upper line
 425:Core/Inc/glcd/glcd.c ****     for (int i = 0; i < pThickness; ++i)
 2170              		.loc 1 425 5 is_stmt 1 view .LVU541
 2171              	.LBB34:
 2172              		.loc 1 425 10 view .LVU542
 2173              	.LVL233:
 2174              		.loc 1 425 14 is_stmt 0 view .LVU543
 2175 0010 0027     		movs	r7, #0
 2176              		.loc 1 425 5 view .LVU544
 2177 0012 06E0     		b	.L142
 2178              	.LVL234:
 2179              	.L143:
 426:Core/Inc/glcd/glcd.c ****     {
 427:Core/Inc/glcd/glcd.c ****         glcdDrawLineHorizontal(pX0, pY0 + i, pWidth);
 2180              		.loc 1 427 9 is_stmt 1 view .LVU545
 2181 0014 F119     		adds	r1, r6, r7
 2182 0016 4246     		mov	r2, r8
 2183 0018 C9B2     		uxtb	r1, r1
 2184 001a 2846     		mov	r0, r5
 2185 001c FFF7FEFF 		bl	glcdDrawLineHorizontal
 2186              	.LVL235:
 425:Core/Inc/glcd/glcd.c ****     {
 2187              		.loc 1 425 37 discriminator 3 view .LVU546
 2188 0020 0137     		adds	r7, r7, #1
 2189              	.LVL236:
 2190              	.L142:
 425:Core/Inc/glcd/glcd.c ****     {
 2191              		.loc 1 425 23 discriminator 1 view .LVU547
 2192 0022 BC42     		cmp	r4, r7
 2193 0024 F6DC     		bgt	.L143
 2194              	.LBE34:
 2195              	.LBB35:
 428:Core/Inc/glcd/glcd.c ****     }
 429:Core/Inc/glcd/glcd.c **** 
 430:Core/Inc/glcd/glcd.c ****     // left line
 431:Core/Inc/glcd/glcd.c ****     for (int i = 0; i < pThickness; ++i)
 2196              		.loc 1 431 14 is_stmt 0 view .LVU548
 2197 0026 0027     		movs	r7, #0
 2198              	.LVL237:
 2199              		.loc 1 431 14 view .LVU549
 2200 0028 09E0     		b	.L144
 2201              	.LVL238:
ARM GAS  C:\Users\Made\AppData\Local\Temp\cc0ouLC5.s 			page 49


 2202              	.L145:
 432:Core/Inc/glcd/glcd.c ****     {
 433:Core/Inc/glcd/glcd.c ****         glcdDrawLineVertical(pX0 + i, pY0 + pThickness, pHeight - 2 * pThickness);
 2203              		.loc 1 433 9 is_stmt 1 view .LVU550
 2204 002a A9EB4402 		sub	r2, r9, r4, lsl #1
 2205 002e A119     		adds	r1, r4, r6
 2206 0030 E819     		adds	r0, r5, r7
 2207 0032 D2B2     		uxtb	r2, r2
 2208 0034 C9B2     		uxtb	r1, r1
 2209 0036 C0B2     		uxtb	r0, r0
 2210 0038 FFF7FEFF 		bl	glcdDrawLineVertical
 2211              	.LVL239:
 431:Core/Inc/glcd/glcd.c ****     {
 2212              		.loc 1 431 37 discriminator 3 view .LVU551
 2213 003c 0137     		adds	r7, r7, #1
 2214              	.LVL240:
 2215              	.L144:
 431:Core/Inc/glcd/glcd.c ****     {
 2216              		.loc 1 431 23 discriminator 1 view .LVU552
 2217 003e BC42     		cmp	r4, r7
 2218 0040 F3DC     		bgt	.L145
 2219              	.LBE35:
 2220              	.LBB36:
 434:Core/Inc/glcd/glcd.c ****     }
 435:Core/Inc/glcd/glcd.c **** 
 436:Core/Inc/glcd/glcd.c ****     // lower line
 437:Core/Inc/glcd/glcd.c ****     for (int i = 0; i < pThickness; ++i)
 2221              		.loc 1 437 14 is_stmt 0 view .LVU553
 2222 0042 0027     		movs	r7, #0
 2223              	.LVL241:
 2224              		.loc 1 437 14 view .LVU554
 2225 0044 0BE0     		b	.L146
 2226              	.LVL242:
 2227              	.L147:
 438:Core/Inc/glcd/glcd.c ****     {
 439:Core/Inc/glcd/glcd.c ****         glcdDrawLineHorizontal(pX0, pY0 + pHeight - i - 1, pWidth);
 2228              		.loc 1 439 9 is_stmt 1 view .LVU555
 2229              		.loc 1 439 41 is_stmt 0 view .LVU556
 2230 0046 06EB0901 		add	r1, r6, r9
 2231 004a C9B2     		uxtb	r1, r1
 2232              		.loc 1 439 51 view .LVU557
 2233 004c C91B     		subs	r1, r1, r7
 2234 004e C9B2     		uxtb	r1, r1
 2235              		.loc 1 439 9 view .LVU558
 2236 0050 0139     		subs	r1, r1, #1
 2237 0052 4246     		mov	r2, r8
 2238 0054 C9B2     		uxtb	r1, r1
 2239 0056 2846     		mov	r0, r5
 2240 0058 FFF7FEFF 		bl	glcdDrawLineHorizontal
 2241              	.LVL243:
 437:Core/Inc/glcd/glcd.c ****     {
 2242              		.loc 1 437 37 is_stmt 1 discriminator 3 view .LVU559
 2243 005c 0137     		adds	r7, r7, #1
 2244              	.LVL244:
 2245              	.L146:
 437:Core/Inc/glcd/glcd.c ****     {
 2246              		.loc 1 437 23 discriminator 1 view .LVU560
ARM GAS  C:\Users\Made\AppData\Local\Temp\cc0ouLC5.s 			page 50


 2247 005e BC42     		cmp	r4, r7
 2248 0060 F1DC     		bgt	.L147
 2249              	.LBE36:
 2250              	.LBB37:
 440:Core/Inc/glcd/glcd.c ****     }
 441:Core/Inc/glcd/glcd.c **** 
 442:Core/Inc/glcd/glcd.c ****     // right line
 443:Core/Inc/glcd/glcd.c ****     for (int i = 0; i < pThickness; ++i)
 2251              		.loc 1 443 14 is_stmt 0 view .LVU561
 2252 0062 0027     		movs	r7, #0
 2253              	.LVL245:
 2254              		.loc 1 443 14 view .LVU562
 2255 0064 0EE0     		b	.L148
 2256              	.LVL246:
 2257              	.L149:
 444:Core/Inc/glcd/glcd.c ****     {
 445:Core/Inc/glcd/glcd.c ****         glcdDrawLineVertical(pX0 + pWidth - i - 1, pY0 + pThickness, pHeight - 2 * pThickness);
 2258              		.loc 1 445 9 is_stmt 1 view .LVU563
 2259              		.loc 1 445 34 is_stmt 0 view .LVU564
 2260 0066 05EB0800 		add	r0, r5, r8
 2261 006a C0B2     		uxtb	r0, r0
 2262              		.loc 1 445 43 view .LVU565
 2263 006c C01B     		subs	r0, r0, r7
 2264 006e C0B2     		uxtb	r0, r0
 2265              		.loc 1 445 9 view .LVU566
 2266 0070 A9EB4402 		sub	r2, r9, r4, lsl #1
 2267 0074 A119     		adds	r1, r4, r6
 2268 0076 0138     		subs	r0, r0, #1
 2269 0078 D2B2     		uxtb	r2, r2
 2270 007a C9B2     		uxtb	r1, r1
 2271 007c C0B2     		uxtb	r0, r0
 2272 007e FFF7FEFF 		bl	glcdDrawLineVertical
 2273              	.LVL247:
 443:Core/Inc/glcd/glcd.c ****     {
 2274              		.loc 1 443 37 is_stmt 1 discriminator 3 view .LVU567
 2275 0082 0137     		adds	r7, r7, #1
 2276              	.LVL248:
 2277              	.L148:
 443:Core/Inc/glcd/glcd.c ****     {
 2278              		.loc 1 443 23 discriminator 1 view .LVU568
 2279 0084 BC42     		cmp	r4, r7
 2280 0086 EEDC     		bgt	.L149
 2281              	.LBE37:
 446:Core/Inc/glcd/glcd.c ****     }
 447:Core/Inc/glcd/glcd.c **** }
 2282              		.loc 1 447 1 is_stmt 0 view .LVU569
 2283 0088 BDE8F883 		pop	{r3, r4, r5, r6, r7, r8, r9, pc}
 2284              		.loc 1 447 1 view .LVU570
 2285              		.cfi_endproc
 2286              	.LFE360:
 2288              		.section	.text.glcdDeinit,"ax",%progbits
 2289              		.align	1
 2290              		.global	glcdDeinit
 2291              		.syntax unified
 2292              		.thumb
 2293              		.thumb_func
 2295              	glcdDeinit:
ARM GAS  C:\Users\Made\AppData\Local\Temp\cc0ouLC5.s 			page 51


 2296              	.LFB361:
 448:Core/Inc/glcd/glcd.c **** 
 449:Core/Inc/glcd/glcd.c **** void glcdDeinit() {
 2297              		.loc 1 449 19 is_stmt 1 view -0
 2298              		.cfi_startproc
 2299              		@ args = 0, pretend = 0, frame = 0
 2300              		@ frame_needed = 0, uses_anonymous_args = 0
 2301 0000 08B5     		push	{r3, lr}
 2302              	.LCFI36:
 2303              		.cfi_def_cfa_offset 8
 2304              		.cfi_offset 3, -8
 2305              		.cfi_offset 14, -4
 450:Core/Inc/glcd/glcd.c ****     free(gGlyphs);
 2306              		.loc 1 450 5 view .LVU572
 2307 0002 024B     		ldr	r3, .L153
 2308 0004 1868     		ldr	r0, [r3]
 2309 0006 FFF7FEFF 		bl	free
 2310              	.LVL249:
 451:Core/Inc/glcd/glcd.c **** }
 2311              		.loc 1 451 1 is_stmt 0 view .LVU573
 2312 000a 08BD     		pop	{r3, pc}
 2313              	.L154:
 2314              		.align	2
 2315              	.L153:
 2316 000c 00000000 		.word	gGlyphs
 2317              		.cfi_endproc
 2318              	.LFE361:
 2320              		.global	gGlcdOriginY
 2321              		.section	.bss.gGlcdOriginY,"aw",%nobits
 2324              	gGlcdOriginY:
 2325 0000 00       		.space	1
 2326              		.global	gGlcdOriginX
 2327              		.section	.bss.gGlcdOriginX,"aw",%nobits
 2330              	gGlcdOriginX:
 2331 0000 00       		.space	1
 2332              		.global	gGlcdCursorY
 2333              		.section	.bss.gGlcdCursorY,"aw",%nobits
 2336              	gGlcdCursorY:
 2337 0000 00       		.space	1
 2338              		.global	gGlcdCursorX
 2339              		.section	.bss.gGlcdCursorX,"aw",%nobits
 2342              	gGlcdCursorX:
 2343 0000 00       		.space	1
 2344              		.global	gGlcdCsPin
 2345              		.section	.bss.gGlcdCsPin,"aw",%nobits
 2346              		.align	1
 2349              	gGlcdCsPin:
 2350 0000 0000     		.space	2
 2351              		.global	gGlcdFinishedRendering
 2352              		.section	.data.gGlcdFinishedRendering,"aw"
 2355              	gGlcdFinishedRendering:
 2356 0000 01       		.byte	1
 2357              		.global	gGlcdInitialized
 2358              		.section	.bss.gGlcdInitialized,"aw",%nobits
 2361              	gGlcdInitialized:
 2362 0000 00       		.space	1
 2363              		.global	gGlcdSd
ARM GAS  C:\Users\Made\AppData\Local\Temp\cc0ouLC5.s 			page 52


 2364              		.section	.bss.gGlcdSd,"aw",%nobits
 2365              		.align	2
 2368              	gGlcdSd:
 2369 0000 00000000 		.space	4
 2370              		.global	gGlyphs
 2371              		.section	.bss.gGlyphs,"aw",%nobits
 2372              		.align	2
 2375              	gGlyphs:
 2376 0000 00000000 		.space	4
 2377              		.global	gGlcdCsPort
 2378              		.section	.bss.gGlcdCsPort,"aw",%nobits
 2379              		.align	2
 2382              	gGlcdCsPort:
 2383 0000 00000000 		.space	4
 2384              		.global	gGlcdFrameBufFront
 2385              		.section	.bss.gGlcdFrameBufFront,"aw",%nobits
 2386              		.align	2
 2389              	gGlcdFrameBufFront:
 2390 0000 00000000 		.space	1024
 2390      00000000 
 2390      00000000 
 2390      00000000 
 2390      00000000 
 2391              		.global	gGlcdFrameBufBack
 2392              		.section	.bss.gGlcdFrameBufBack,"aw",%nobits
 2393              		.align	2
 2396              	gGlcdFrameBufBack:
 2397 0000 00000000 		.space	1024
 2397      00000000 
 2397      00000000 
 2397      00000000 
 2397      00000000 
 2398              		.global	gGlcdFrameCounter
 2399              		.section	.bss.gGlcdFrameCounter,"aw",%nobits
 2400              		.align	2
 2403              	gGlcdFrameCounter:
 2404 0000 00000000 		.space	4
 2405              		.global	gGlcdDmaDataSize
 2406              		.section	.bss.gGlcdDmaDataSize,"aw",%nobits
 2407              		.align	1
 2410              	gGlcdDmaDataSize:
 2411 0000 0000     		.space	2
 2412              		.global	gGlcdSpi
 2413              		.section	.bss.gGlcdSpi,"aw",%nobits
 2414              		.align	2
 2417              	gGlcdSpi:
 2418 0000 00000000 		.space	4
 2419              		.global	gGlcdDmaData
 2420              		.section	.bdma_buffer,"aw"
 2421              		.align	2
 2424              	gGlcdDmaData:
 2425 0000 00000000 		.space	4096
 2425      00000000 
 2425      00000000 
 2425      00000000 
 2425      00000000 
 2426              		.text
ARM GAS  C:\Users\Made\AppData\Local\Temp\cc0ouLC5.s 			page 53


 2427              	.Letext0:
 2428              		.file 2 "C:/Program Files (x86)/Arm GNU Toolchain arm-none-eabi/13.3 rel1/arm-none-eabi/include/ma
 2429              		.file 3 "C:/Program Files (x86)/Arm GNU Toolchain arm-none-eabi/13.3 rel1/arm-none-eabi/include/sy
 2430              		.file 4 "C:/Program Files (x86)/Arm GNU Toolchain arm-none-eabi/13.3 rel1/lib/gcc/arm-none-eabi/13
 2431              		.file 5 "Core/Inc/sinf/types.h"
 2432              		.file 6 "Drivers/CMSIS/Device/ST/STM32H7xx/Include/stm32h743xx.h"
 2433              		.file 7 "Drivers/STM32H7xx_HAL_Driver/Inc/stm32h7xx_hal_def.h"
 2434              		.file 8 "Drivers/STM32H7xx_HAL_Driver/Inc/stm32h7xx_hal_gpio.h"
 2435              		.file 9 "Drivers/STM32H7xx_HAL_Driver/Inc/stm32h7xx_hal_dma.h"
 2436              		.file 10 "Drivers/STM32H7xx_HAL_Driver/Inc/stm32h7xx_ll_sdmmc.h"
 2437              		.file 11 "Drivers/STM32H7xx_HAL_Driver/Inc/stm32h7xx_hal_sd.h"
 2438              		.file 12 "Drivers/STM32H7xx_HAL_Driver/Inc/stm32h7xx_hal_spi.h"
 2439              		.file 13 "Core/Inc/sinf/serrno.h"
 2440              		.file 14 "Core/Inc/sfs/sfs.h"
 2441              		.file 15 "Core/Inc/glcd/glcd.h"
 2442              		.file 16 "C:/Program Files (x86)/Arm GNU Toolchain arm-none-eabi/13.3 rel1/lib/gcc/arm-none-eabi/1
 2443              		.file 17 "C:/Program Files (x86)/Arm GNU Toolchain arm-none-eabi/13.3 rel1/arm-none-eabi/include/s
 2444              		.file 18 "C:/Program Files (x86)/Arm GNU Toolchain arm-none-eabi/13.3 rel1/arm-none-eabi/include/s
 2445              		.file 19 "C:/Program Files (x86)/Arm GNU Toolchain arm-none-eabi/13.3 rel1/arm-none-eabi/include/s
 2446              		.file 20 "Drivers/STM32H7xx_HAL_Driver/Inc/stm32h7xx_hal.h"
 2447              		.file 21 "Core/Inc/ssys/ssys.h"
 2448              		.file 22 "<built-in>"
ARM GAS  C:\Users\Made\AppData\Local\Temp\cc0ouLC5.s 			page 54


DEFINED SYMBOLS
                            *ABS*:00000000 glcd.c
C:\Users\Made\AppData\Local\Temp\cc0ouLC5.s:20     .text.glcdDmaSpiTx:00000000 $t
C:\Users\Made\AppData\Local\Temp\cc0ouLC5.s:26     .text.glcdDmaSpiTx:00000000 glcdDmaSpiTx
C:\Users\Made\AppData\Local\Temp\cc0ouLC5.s:48     .text.glcdDmaSpiTx:00000010 $d
C:\Users\Made\AppData\Local\Temp\cc0ouLC5.s:2410   .bss.gGlcdDmaDataSize:00000000 gGlcdDmaDataSize
C:\Users\Made\AppData\Local\Temp\cc0ouLC5.s:2424   .bdma_buffer:00000000 gGlcdDmaData
C:\Users\Made\AppData\Local\Temp\cc0ouLC5.s:54     .text.glcdDmaSpiTxBulk:00000000 $t
C:\Users\Made\AppData\Local\Temp\cc0ouLC5.s:60     .text.glcdDmaSpiTxBulk:00000000 glcdDmaSpiTxBulk
C:\Users\Made\AppData\Local\Temp\cc0ouLC5.s:110    .text.glcdSpiTx:00000000 $t
C:\Users\Made\AppData\Local\Temp\cc0ouLC5.s:116    .text.glcdSpiTx:00000000 glcdSpiTx
C:\Users\Made\AppData\Local\Temp\cc0ouLC5.s:170    .text.glcdSpiTx:0000002c $d
C:\Users\Made\AppData\Local\Temp\cc0ouLC5.s:2417   .bss.gGlcdSpi:00000000 gGlcdSpi
C:\Users\Made\AppData\Local\Temp\cc0ouLC5.s:175    .text.glcdSpiTxBulk:00000000 $t
C:\Users\Made\AppData\Local\Temp\cc0ouLC5.s:181    .text.glcdSpiTxBulk:00000000 glcdSpiTxBulk
C:\Users\Made\AppData\Local\Temp\cc0ouLC5.s:231    .text.glcdCmd:00000000 $t
C:\Users\Made\AppData\Local\Temp\cc0ouLC5.s:237    .text.glcdCmd:00000000 glcdCmd
C:\Users\Made\AppData\Local\Temp\cc0ouLC5.s:305    .text.glcdCmd:0000004c $d
C:\Users\Made\AppData\Local\Temp\cc0ouLC5.s:2349   .bss.gGlcdCsPin:00000000 gGlcdCsPin
C:\Users\Made\AppData\Local\Temp\cc0ouLC5.s:2382   .bss.gGlcdCsPort:00000000 gGlcdCsPort
C:\Users\Made\AppData\Local\Temp\cc0ouLC5.s:311    .text.glcdDmaCmd:00000000 $t
C:\Users\Made\AppData\Local\Temp\cc0ouLC5.s:317    .text.glcdDmaCmd:00000000 glcdDmaCmd
C:\Users\Made\AppData\Local\Temp\cc0ouLC5.s:360    .text.glcdGdramSetAddr:00000000 $t
C:\Users\Made\AppData\Local\Temp\cc0ouLC5.s:366    .text.glcdGdramSetAddr:00000000 glcdGdramSetAddr
C:\Users\Made\AppData\Local\Temp\cc0ouLC5.s:403    .text.glcdDmaGdramSetAddr:00000000 $t
C:\Users\Made\AppData\Local\Temp\cc0ouLC5.s:409    .text.glcdDmaGdramSetAddr:00000000 glcdDmaGdramSetAddr
C:\Users\Made\AppData\Local\Temp\cc0ouLC5.s:446    .text.glcdSeek:00000000 $t
C:\Users\Made\AppData\Local\Temp\cc0ouLC5.s:452    .text.glcdSeek:00000000 glcdSeek
C:\Users\Made\AppData\Local\Temp\cc0ouLC5.s:473    .text.glcdSeek:0000000c $d
C:\Users\Made\AppData\Local\Temp\cc0ouLC5.s:2342   .bss.gGlcdCursorX:00000000 gGlcdCursorX
C:\Users\Made\AppData\Local\Temp\cc0ouLC5.s:2336   .bss.gGlcdCursorY:00000000 gGlcdCursorY
C:\Users\Made\AppData\Local\Temp\cc0ouLC5.s:479    .text.glcdSetOrigin:00000000 $t
C:\Users\Made\AppData\Local\Temp\cc0ouLC5.s:485    .text.glcdSetOrigin:00000000 glcdSetOrigin
C:\Users\Made\AppData\Local\Temp\cc0ouLC5.s:506    .text.glcdSetOrigin:0000000c $d
C:\Users\Made\AppData\Local\Temp\cc0ouLC5.s:2330   .bss.gGlcdOriginX:00000000 gGlcdOriginX
C:\Users\Made\AppData\Local\Temp\cc0ouLC5.s:2324   .bss.gGlcdOriginY:00000000 gGlcdOriginY
C:\Users\Made\AppData\Local\Temp\cc0ouLC5.s:512    .text.glcdDrawPixel:00000000 $t
C:\Users\Made\AppData\Local\Temp\cc0ouLC5.s:518    .text.glcdDrawPixel:00000000 glcdDrawPixel
C:\Users\Made\AppData\Local\Temp\cc0ouLC5.s:578    .text.glcdDrawPixel:00000034 $d
C:\Users\Made\AppData\Local\Temp\cc0ouLC5.s:2396   .bss.gGlcdFrameBufBack:00000000 gGlcdFrameBufBack
C:\Users\Made\AppData\Local\Temp\cc0ouLC5.s:583    .text.glcdClsSoft:00000000 $t
C:\Users\Made\AppData\Local\Temp\cc0ouLC5.s:589    .text.glcdClsSoft:00000000 glcdClsSoft
C:\Users\Made\AppData\Local\Temp\cc0ouLC5.s:611    .text.glcdClsSoft:00000010 $d
C:\Users\Made\AppData\Local\Temp\cc0ouLC5.s:616    .text.glcdInit:00000000 $t
C:\Users\Made\AppData\Local\Temp\cc0ouLC5.s:622    .text.glcdInit:00000000 glcdInit
C:\Users\Made\AppData\Local\Temp\cc0ouLC5.s:801    .text.glcdInit:000000e0 $d
C:\Users\Made\AppData\Local\Temp\cc0ouLC5.s:2368   .bss.gGlcdSd:00000000 gGlcdSd
C:\Users\Made\AppData\Local\Temp\cc0ouLC5.s:2389   .bss.gGlcdFrameBufFront:00000000 gGlcdFrameBufFront
C:\Users\Made\AppData\Local\Temp\cc0ouLC5.s:2375   .bss.gGlyphs:00000000 gGlyphs
C:\Users\Made\AppData\Local\Temp\cc0ouLC5.s:2361   .bss.gGlcdInitialized:00000000 gGlcdInitialized
C:\Users\Made\AppData\Local\Temp\cc0ouLC5.s:815    .text.glcdDrawChar:00000000 $t
C:\Users\Made\AppData\Local\Temp\cc0ouLC5.s:821    .text.glcdDrawChar:00000000 glcdDrawChar
C:\Users\Made\AppData\Local\Temp\cc0ouLC5.s:1027   .text.glcdDrawChar:000000c0 $d
C:\Users\Made\AppData\Local\Temp\cc0ouLC5.s:1036   .text.glcdDrawStringLen:00000000 $t
C:\Users\Made\AppData\Local\Temp\cc0ouLC5.s:1042   .text.glcdDrawStringLen:00000000 glcdDrawStringLen
C:\Users\Made\AppData\Local\Temp\cc0ouLC5.s:1126   .text.glcdDrawStringLen:00000038 $d
C:\Users\Made\AppData\Local\Temp\cc0ouLC5.s:1133   .text.glcdDrawString:00000000 $t
ARM GAS  C:\Users\Made\AppData\Local\Temp\cc0ouLC5.s 			page 55


C:\Users\Made\AppData\Local\Temp\cc0ouLC5.s:1139   .text.glcdDrawString:00000000 glcdDrawString
C:\Users\Made\AppData\Local\Temp\cc0ouLC5.s:1169   .text.glcdDrawStringLenCenteredInRect:00000000 $t
C:\Users\Made\AppData\Local\Temp\cc0ouLC5.s:1175   .text.glcdDrawStringLenCenteredInRect:00000000 glcdDrawStringLenCenteredInRect
C:\Users\Made\AppData\Local\Temp\cc0ouLC5.s:1545   .text.glcdDrawStringLenCenteredInRect:00000178 $d
C:\Users\Made\AppData\Local\Temp\cc0ouLC5.s:1554   .text.glcdDrawStringCenteredInRect:00000000 $t
C:\Users\Made\AppData\Local\Temp\cc0ouLC5.s:1560   .text.glcdDrawStringCenteredInRect:00000000 glcdDrawStringCenteredInRect
C:\Users\Made\AppData\Local\Temp\cc0ouLC5.s:1612   .text.glcdPrintf:00000000 $t
C:\Users\Made\AppData\Local\Temp\cc0ouLC5.s:1618   .text.glcdPrintf:00000000 glcdPrintf
C:\Users\Made\AppData\Local\Temp\cc0ouLC5.s:1676   .text.glcdFinalize:00000000 $t
C:\Users\Made\AppData\Local\Temp\cc0ouLC5.s:1682   .text.glcdFinalize:00000000 glcdFinalize
C:\Users\Made\AppData\Local\Temp\cc0ouLC5.s:1857   .text.glcdFinalize:000000b8 $d
C:\Users\Made\AppData\Local\Temp\cc0ouLC5.s:2355   .data.gGlcdFinishedRendering:00000000 gGlcdFinishedRendering
C:\Users\Made\AppData\Local\Temp\cc0ouLC5.s:1870   .text.glcdDrawLineHorizontal:00000000 $t
C:\Users\Made\AppData\Local\Temp\cc0ouLC5.s:1876   .text.glcdDrawLineHorizontal:00000000 glcdDrawLineHorizontal
C:\Users\Made\AppData\Local\Temp\cc0ouLC5.s:2045   .text.glcdDrawLineHorizontal:00000090 $d
C:\Users\Made\AppData\Local\Temp\cc0ouLC5.s:2050   .text.glcdDrawLineVertical:00000000 $t
C:\Users\Made\AppData\Local\Temp\cc0ouLC5.s:2056   .text.glcdDrawLineVertical:00000000 glcdDrawLineVertical
C:\Users\Made\AppData\Local\Temp\cc0ouLC5.s:2135   .text.glcdDrawLineVertical:00000038 $d
C:\Users\Made\AppData\Local\Temp\cc0ouLC5.s:2140   .text.glcdDrawRectangle:00000000 $t
C:\Users\Made\AppData\Local\Temp\cc0ouLC5.s:2146   .text.glcdDrawRectangle:00000000 glcdDrawRectangle
C:\Users\Made\AppData\Local\Temp\cc0ouLC5.s:2289   .text.glcdDeinit:00000000 $t
C:\Users\Made\AppData\Local\Temp\cc0ouLC5.s:2295   .text.glcdDeinit:00000000 glcdDeinit
C:\Users\Made\AppData\Local\Temp\cc0ouLC5.s:2316   .text.glcdDeinit:0000000c $d
C:\Users\Made\AppData\Local\Temp\cc0ouLC5.s:2325   .bss.gGlcdOriginY:00000000 $d
C:\Users\Made\AppData\Local\Temp\cc0ouLC5.s:2331   .bss.gGlcdOriginX:00000000 $d
C:\Users\Made\AppData\Local\Temp\cc0ouLC5.s:2337   .bss.gGlcdCursorY:00000000 $d
C:\Users\Made\AppData\Local\Temp\cc0ouLC5.s:2343   .bss.gGlcdCursorX:00000000 $d
C:\Users\Made\AppData\Local\Temp\cc0ouLC5.s:2346   .bss.gGlcdCsPin:00000000 $d
C:\Users\Made\AppData\Local\Temp\cc0ouLC5.s:2362   .bss.gGlcdInitialized:00000000 $d
C:\Users\Made\AppData\Local\Temp\cc0ouLC5.s:2365   .bss.gGlcdSd:00000000 $d
C:\Users\Made\AppData\Local\Temp\cc0ouLC5.s:2372   .bss.gGlyphs:00000000 $d
C:\Users\Made\AppData\Local\Temp\cc0ouLC5.s:2379   .bss.gGlcdCsPort:00000000 $d
C:\Users\Made\AppData\Local\Temp\cc0ouLC5.s:2386   .bss.gGlcdFrameBufFront:00000000 $d
C:\Users\Made\AppData\Local\Temp\cc0ouLC5.s:2393   .bss.gGlcdFrameBufBack:00000000 $d
C:\Users\Made\AppData\Local\Temp\cc0ouLC5.s:2403   .bss.gGlcdFrameCounter:00000000 gGlcdFrameCounter
C:\Users\Made\AppData\Local\Temp\cc0ouLC5.s:2400   .bss.gGlcdFrameCounter:00000000 $d
C:\Users\Made\AppData\Local\Temp\cc0ouLC5.s:2407   .bss.gGlcdDmaDataSize:00000000 $d
C:\Users\Made\AppData\Local\Temp\cc0ouLC5.s:2414   .bss.gGlcdSpi:00000000 $d
C:\Users\Made\AppData\Local\Temp\cc0ouLC5.s:2421   .bdma_buffer:00000000 $d

UNDEFINED SYMBOLS
HAL_SPI_Transmit
sysError
HAL_GPIO_WritePin
memset
HAL_Delay
malloc
HAL_SD_ReadBlocks
gSfsFirstBlockData
strlen
vsprintf
memcpy
HAL_SPI_Transmit_DMA
free
