ARM GAS  C:\Users\Made\AppData\Local\Temp\cclTNyiU.s 			page 1


   1              		.cpu cortex-m7
   2              		.arch armv7e-m
   3              		.fpu fpv5-d16
   4              		.eabi_attribute 28, 1
   5              		.eabi_attribute 20, 1
   6              		.eabi_attribute 21, 1
   7              		.eabi_attribute 23, 3
   8              		.eabi_attribute 24, 1
   9              		.eabi_attribute 25, 1
  10              		.eabi_attribute 26, 1
  11              		.eabi_attribute 30, 1
  12              		.eabi_attribute 34, 1
  13              		.eabi_attribute 18, 4
  14              		.file	"queue.c"
  15              		.text
  16              	.Ltext0:
  17              		.cfi_sections	.debug_frame
  18              		.file 1 "Middlewares/Third_Party/FreeRTOS/Source/queue.c"
  19              		.section	.text.prvGetDisinheritPriorityAfterTimeout,"ax",%progbits
  20              		.align	1
  21              		.syntax unified
  22              		.thumb
  23              		.thumb_func
  25              	prvGetDisinheritPriorityAfterTimeout:
  26              	.LVL0:
  27              	.LFB32:
   1:Middlewares/Third_Party/FreeRTOS/Source/queue.c **** /*
   2:Middlewares/Third_Party/FreeRTOS/Source/queue.c ****  * FreeRTOS Kernel V10.3.1
   3:Middlewares/Third_Party/FreeRTOS/Source/queue.c ****  * Copyright (C) 2020 Amazon.com, Inc. or its affiliates.  All Rights Reserved.
   4:Middlewares/Third_Party/FreeRTOS/Source/queue.c ****  *
   5:Middlewares/Third_Party/FreeRTOS/Source/queue.c ****  * Permission is hereby granted, free of charge, to any person obtaining a copy of
   6:Middlewares/Third_Party/FreeRTOS/Source/queue.c ****  * this software and associated documentation files (the "Software"), to deal in
   7:Middlewares/Third_Party/FreeRTOS/Source/queue.c ****  * the Software without restriction, including without limitation the rights to
   8:Middlewares/Third_Party/FreeRTOS/Source/queue.c ****  * use, copy, modify, merge, publish, distribute, sublicense, and/or sell copies of
   9:Middlewares/Third_Party/FreeRTOS/Source/queue.c ****  * the Software, and to permit persons to whom the Software is furnished to do so,
  10:Middlewares/Third_Party/FreeRTOS/Source/queue.c ****  * subject to the following conditions:
  11:Middlewares/Third_Party/FreeRTOS/Source/queue.c ****  *
  12:Middlewares/Third_Party/FreeRTOS/Source/queue.c ****  * The above copyright notice and this permission notice shall be included in all
  13:Middlewares/Third_Party/FreeRTOS/Source/queue.c ****  * copies or substantial portions of the Software.
  14:Middlewares/Third_Party/FreeRTOS/Source/queue.c ****  *
  15:Middlewares/Third_Party/FreeRTOS/Source/queue.c ****  * THE SOFTWARE IS PROVIDED "AS IS", WITHOUT WARRANTY OF ANY KIND, EXPRESS OR
  16:Middlewares/Third_Party/FreeRTOS/Source/queue.c ****  * IMPLIED, INCLUDING BUT NOT LIMITED TO THE WARRANTIES OF MERCHANTABILITY, FITNESS
  17:Middlewares/Third_Party/FreeRTOS/Source/queue.c ****  * FOR A PARTICULAR PURPOSE AND NONINFRINGEMENT. IN NO EVENT SHALL THE AUTHORS OR
  18:Middlewares/Third_Party/FreeRTOS/Source/queue.c ****  * COPYRIGHT HOLDERS BE LIABLE FOR ANY CLAIM, DAMAGES OR OTHER LIABILITY, WHETHER
  19:Middlewares/Third_Party/FreeRTOS/Source/queue.c ****  * IN AN ACTION OF CONTRACT, TORT OR OTHERWISE, ARISING FROM, OUT OF OR IN
  20:Middlewares/Third_Party/FreeRTOS/Source/queue.c ****  * CONNECTION WITH THE SOFTWARE OR THE USE OR OTHER DEALINGS IN THE SOFTWARE.
  21:Middlewares/Third_Party/FreeRTOS/Source/queue.c ****  *
  22:Middlewares/Third_Party/FreeRTOS/Source/queue.c ****  * http://www.FreeRTOS.org
  23:Middlewares/Third_Party/FreeRTOS/Source/queue.c ****  * http://aws.amazon.com/freertos
  24:Middlewares/Third_Party/FreeRTOS/Source/queue.c ****  *
  25:Middlewares/Third_Party/FreeRTOS/Source/queue.c ****  * 1 tab == 4 spaces!
  26:Middlewares/Third_Party/FreeRTOS/Source/queue.c ****  */
  27:Middlewares/Third_Party/FreeRTOS/Source/queue.c **** 
  28:Middlewares/Third_Party/FreeRTOS/Source/queue.c **** #include <stdlib.h>
  29:Middlewares/Third_Party/FreeRTOS/Source/queue.c **** #include <string.h>
  30:Middlewares/Third_Party/FreeRTOS/Source/queue.c **** 
  31:Middlewares/Third_Party/FreeRTOS/Source/queue.c **** /* Defining MPU_WRAPPERS_INCLUDED_FROM_API_FILE prevents task.h from redefining
ARM GAS  C:\Users\Made\AppData\Local\Temp\cclTNyiU.s 			page 2


  32:Middlewares/Third_Party/FreeRTOS/Source/queue.c **** all the API functions to use the MPU wrappers.  That should only be done when
  33:Middlewares/Third_Party/FreeRTOS/Source/queue.c **** task.h is included from an application file. */
  34:Middlewares/Third_Party/FreeRTOS/Source/queue.c **** #define MPU_WRAPPERS_INCLUDED_FROM_API_FILE
  35:Middlewares/Third_Party/FreeRTOS/Source/queue.c **** 
  36:Middlewares/Third_Party/FreeRTOS/Source/queue.c **** #include "FreeRTOS.h"
  37:Middlewares/Third_Party/FreeRTOS/Source/queue.c **** #include "task.h"
  38:Middlewares/Third_Party/FreeRTOS/Source/queue.c **** #include "queue.h"
  39:Middlewares/Third_Party/FreeRTOS/Source/queue.c **** 
  40:Middlewares/Third_Party/FreeRTOS/Source/queue.c **** #if ( configUSE_CO_ROUTINES == 1 )
  41:Middlewares/Third_Party/FreeRTOS/Source/queue.c **** 	#include "croutine.h"
  42:Middlewares/Third_Party/FreeRTOS/Source/queue.c **** #endif
  43:Middlewares/Third_Party/FreeRTOS/Source/queue.c **** 
  44:Middlewares/Third_Party/FreeRTOS/Source/queue.c **** /* Lint e9021, e961 and e750 are suppressed as a MISRA exception justified
  45:Middlewares/Third_Party/FreeRTOS/Source/queue.c **** because the MPU ports require MPU_WRAPPERS_INCLUDED_FROM_API_FILE to be defined
  46:Middlewares/Third_Party/FreeRTOS/Source/queue.c **** for the header files above, but not in this file, in order to generate the
  47:Middlewares/Third_Party/FreeRTOS/Source/queue.c **** correct privileged Vs unprivileged linkage and placement. */
  48:Middlewares/Third_Party/FreeRTOS/Source/queue.c **** #undef MPU_WRAPPERS_INCLUDED_FROM_API_FILE /*lint !e961 !e750 !e9021. */
  49:Middlewares/Third_Party/FreeRTOS/Source/queue.c **** 
  50:Middlewares/Third_Party/FreeRTOS/Source/queue.c **** 
  51:Middlewares/Third_Party/FreeRTOS/Source/queue.c **** /* Constants used with the cRxLock and cTxLock structure members. */
  52:Middlewares/Third_Party/FreeRTOS/Source/queue.c **** #define queueUNLOCKED					( ( int8_t ) -1 )
  53:Middlewares/Third_Party/FreeRTOS/Source/queue.c **** #define queueLOCKED_UNMODIFIED			( ( int8_t ) 0 )
  54:Middlewares/Third_Party/FreeRTOS/Source/queue.c **** 
  55:Middlewares/Third_Party/FreeRTOS/Source/queue.c **** /* When the Queue_t structure is used to represent a base queue its pcHead and
  56:Middlewares/Third_Party/FreeRTOS/Source/queue.c **** pcTail members are used as pointers into the queue storage area.  When the
  57:Middlewares/Third_Party/FreeRTOS/Source/queue.c **** Queue_t structure is used to represent a mutex pcHead and pcTail pointers are
  58:Middlewares/Third_Party/FreeRTOS/Source/queue.c **** not necessary, and the pcHead pointer is set to NULL to indicate that the
  59:Middlewares/Third_Party/FreeRTOS/Source/queue.c **** structure instead holds a pointer to the mutex holder (if any).  Map alternative
  60:Middlewares/Third_Party/FreeRTOS/Source/queue.c **** names to the pcHead and structure member to ensure the readability of the code
  61:Middlewares/Third_Party/FreeRTOS/Source/queue.c **** is maintained.  The QueuePointers_t and SemaphoreData_t types are used to form
  62:Middlewares/Third_Party/FreeRTOS/Source/queue.c **** a union as their usage is mutually exclusive dependent on what the queue is
  63:Middlewares/Third_Party/FreeRTOS/Source/queue.c **** being used for. */
  64:Middlewares/Third_Party/FreeRTOS/Source/queue.c **** #define uxQueueType						pcHead
  65:Middlewares/Third_Party/FreeRTOS/Source/queue.c **** #define queueQUEUE_IS_MUTEX				NULL
  66:Middlewares/Third_Party/FreeRTOS/Source/queue.c **** 
  67:Middlewares/Third_Party/FreeRTOS/Source/queue.c **** typedef struct QueuePointers
  68:Middlewares/Third_Party/FreeRTOS/Source/queue.c **** {
  69:Middlewares/Third_Party/FreeRTOS/Source/queue.c **** 	int8_t *pcTail;					/*< Points to the byte at the end of the queue storage area.  Once more byte i
  70:Middlewares/Third_Party/FreeRTOS/Source/queue.c **** 	int8_t *pcReadFrom;				/*< Points to the last place that a queued item was read from when the stru
  71:Middlewares/Third_Party/FreeRTOS/Source/queue.c **** } QueuePointers_t;
  72:Middlewares/Third_Party/FreeRTOS/Source/queue.c **** 
  73:Middlewares/Third_Party/FreeRTOS/Source/queue.c **** typedef struct SemaphoreData
  74:Middlewares/Third_Party/FreeRTOS/Source/queue.c **** {
  75:Middlewares/Third_Party/FreeRTOS/Source/queue.c **** 	TaskHandle_t xMutexHolder;		 /*< The handle of the task that holds the mutex. */
  76:Middlewares/Third_Party/FreeRTOS/Source/queue.c **** 	UBaseType_t uxRecursiveCallCount;/*< Maintains a count of the number of times a recursive mutex ha
  77:Middlewares/Third_Party/FreeRTOS/Source/queue.c **** } SemaphoreData_t;
  78:Middlewares/Third_Party/FreeRTOS/Source/queue.c **** 
  79:Middlewares/Third_Party/FreeRTOS/Source/queue.c **** /* Semaphores do not actually store or copy data, so have an item size of
  80:Middlewares/Third_Party/FreeRTOS/Source/queue.c **** zero. */
  81:Middlewares/Third_Party/FreeRTOS/Source/queue.c **** #define queueSEMAPHORE_QUEUE_ITEM_LENGTH ( ( UBaseType_t ) 0 )
  82:Middlewares/Third_Party/FreeRTOS/Source/queue.c **** #define queueMUTEX_GIVE_BLOCK_TIME		 ( ( TickType_t ) 0U )
  83:Middlewares/Third_Party/FreeRTOS/Source/queue.c **** 
  84:Middlewares/Third_Party/FreeRTOS/Source/queue.c **** #if( configUSE_PREEMPTION == 0 )
  85:Middlewares/Third_Party/FreeRTOS/Source/queue.c **** 	/* If the cooperative scheduler is being used then a yield should not be
  86:Middlewares/Third_Party/FreeRTOS/Source/queue.c **** 	performed just because a higher priority task has been woken. */
  87:Middlewares/Third_Party/FreeRTOS/Source/queue.c **** 	#define queueYIELD_IF_USING_PREEMPTION()
  88:Middlewares/Third_Party/FreeRTOS/Source/queue.c **** #else
ARM GAS  C:\Users\Made\AppData\Local\Temp\cclTNyiU.s 			page 3


  89:Middlewares/Third_Party/FreeRTOS/Source/queue.c **** 	#define queueYIELD_IF_USING_PREEMPTION() portYIELD_WITHIN_API()
  90:Middlewares/Third_Party/FreeRTOS/Source/queue.c **** #endif
  91:Middlewares/Third_Party/FreeRTOS/Source/queue.c **** 
  92:Middlewares/Third_Party/FreeRTOS/Source/queue.c **** /*
  93:Middlewares/Third_Party/FreeRTOS/Source/queue.c ****  * Definition of the queue used by the scheduler.
  94:Middlewares/Third_Party/FreeRTOS/Source/queue.c ****  * Items are queued by copy, not reference.  See the following link for the
  95:Middlewares/Third_Party/FreeRTOS/Source/queue.c ****  * rationale: https://www.freertos.org/Embedded-RTOS-Queues.html
  96:Middlewares/Third_Party/FreeRTOS/Source/queue.c ****  */
  97:Middlewares/Third_Party/FreeRTOS/Source/queue.c **** typedef struct QueueDefinition 		/* The old naming convention is used to prevent breaking kernel aw
  98:Middlewares/Third_Party/FreeRTOS/Source/queue.c **** {
  99:Middlewares/Third_Party/FreeRTOS/Source/queue.c **** 	int8_t *pcHead;					/*< Points to the beginning of the queue storage area. */
 100:Middlewares/Third_Party/FreeRTOS/Source/queue.c **** 	int8_t *pcWriteTo;				/*< Points to the free next place in the storage area. */
 101:Middlewares/Third_Party/FreeRTOS/Source/queue.c **** 
 102:Middlewares/Third_Party/FreeRTOS/Source/queue.c **** 	union
 103:Middlewares/Third_Party/FreeRTOS/Source/queue.c **** 	{
 104:Middlewares/Third_Party/FreeRTOS/Source/queue.c **** 		QueuePointers_t xQueue;		/*< Data required exclusively when this structure is used as a queue. */
 105:Middlewares/Third_Party/FreeRTOS/Source/queue.c **** 		SemaphoreData_t xSemaphore; /*< Data required exclusively when this structure is used as a semaph
 106:Middlewares/Third_Party/FreeRTOS/Source/queue.c **** 	} u;
 107:Middlewares/Third_Party/FreeRTOS/Source/queue.c **** 
 108:Middlewares/Third_Party/FreeRTOS/Source/queue.c **** 	List_t xTasksWaitingToSend;		/*< List of tasks that are blocked waiting to post onto this queue.  
 109:Middlewares/Third_Party/FreeRTOS/Source/queue.c **** 	List_t xTasksWaitingToReceive;	/*< List of tasks that are blocked waiting to read from this queue.
 110:Middlewares/Third_Party/FreeRTOS/Source/queue.c **** 
 111:Middlewares/Third_Party/FreeRTOS/Source/queue.c **** 	volatile UBaseType_t uxMessagesWaiting;/*< The number of items currently in the queue. */
 112:Middlewares/Third_Party/FreeRTOS/Source/queue.c **** 	UBaseType_t uxLength;			/*< The length of the queue defined as the number of items it will hold, n
 113:Middlewares/Third_Party/FreeRTOS/Source/queue.c **** 	UBaseType_t uxItemSize;			/*< The size of each items that the queue will hold. */
 114:Middlewares/Third_Party/FreeRTOS/Source/queue.c **** 
 115:Middlewares/Third_Party/FreeRTOS/Source/queue.c **** 	volatile int8_t cRxLock;		/*< Stores the number of items received from the queue (removed from the
 116:Middlewares/Third_Party/FreeRTOS/Source/queue.c **** 	volatile int8_t cTxLock;		/*< Stores the number of items transmitted to the queue (added to the qu
 117:Middlewares/Third_Party/FreeRTOS/Source/queue.c **** 
 118:Middlewares/Third_Party/FreeRTOS/Source/queue.c **** 	#if( ( configSUPPORT_STATIC_ALLOCATION == 1 ) && ( configSUPPORT_DYNAMIC_ALLOCATION == 1 ) )
 119:Middlewares/Third_Party/FreeRTOS/Source/queue.c **** 		uint8_t ucStaticallyAllocated;	/*< Set to pdTRUE if the memory used by the queue was statically a
 120:Middlewares/Third_Party/FreeRTOS/Source/queue.c **** 	#endif
 121:Middlewares/Third_Party/FreeRTOS/Source/queue.c **** 
 122:Middlewares/Third_Party/FreeRTOS/Source/queue.c **** 	#if ( configUSE_QUEUE_SETS == 1 )
 123:Middlewares/Third_Party/FreeRTOS/Source/queue.c **** 		struct QueueDefinition *pxQueueSetContainer;
 124:Middlewares/Third_Party/FreeRTOS/Source/queue.c **** 	#endif
 125:Middlewares/Third_Party/FreeRTOS/Source/queue.c **** 
 126:Middlewares/Third_Party/FreeRTOS/Source/queue.c **** 	#if ( configUSE_TRACE_FACILITY == 1 )
 127:Middlewares/Third_Party/FreeRTOS/Source/queue.c **** 		UBaseType_t uxQueueNumber;
 128:Middlewares/Third_Party/FreeRTOS/Source/queue.c **** 		uint8_t ucQueueType;
 129:Middlewares/Third_Party/FreeRTOS/Source/queue.c **** 	#endif
 130:Middlewares/Third_Party/FreeRTOS/Source/queue.c **** 
 131:Middlewares/Third_Party/FreeRTOS/Source/queue.c **** } xQUEUE;
 132:Middlewares/Third_Party/FreeRTOS/Source/queue.c **** 
 133:Middlewares/Third_Party/FreeRTOS/Source/queue.c **** /* The old xQUEUE name is maintained above then typedefed to the new Queue_t
 134:Middlewares/Third_Party/FreeRTOS/Source/queue.c **** name below to enable the use of older kernel aware debuggers. */
 135:Middlewares/Third_Party/FreeRTOS/Source/queue.c **** typedef xQUEUE Queue_t;
 136:Middlewares/Third_Party/FreeRTOS/Source/queue.c **** 
 137:Middlewares/Third_Party/FreeRTOS/Source/queue.c **** /*-----------------------------------------------------------*/
 138:Middlewares/Third_Party/FreeRTOS/Source/queue.c **** 
 139:Middlewares/Third_Party/FreeRTOS/Source/queue.c **** /*
 140:Middlewares/Third_Party/FreeRTOS/Source/queue.c ****  * The queue registry is just a means for kernel aware debuggers to locate
 141:Middlewares/Third_Party/FreeRTOS/Source/queue.c ****  * queue structures.  It has no other purpose so is an optional component.
 142:Middlewares/Third_Party/FreeRTOS/Source/queue.c ****  */
 143:Middlewares/Third_Party/FreeRTOS/Source/queue.c **** #if ( configQUEUE_REGISTRY_SIZE > 0 )
 144:Middlewares/Third_Party/FreeRTOS/Source/queue.c **** 
 145:Middlewares/Third_Party/FreeRTOS/Source/queue.c **** 	/* The type stored within the queue registry array.  This allows a name
ARM GAS  C:\Users\Made\AppData\Local\Temp\cclTNyiU.s 			page 4


 146:Middlewares/Third_Party/FreeRTOS/Source/queue.c **** 	to be assigned to each queue making kernel aware debugging a little
 147:Middlewares/Third_Party/FreeRTOS/Source/queue.c **** 	more user friendly. */
 148:Middlewares/Third_Party/FreeRTOS/Source/queue.c **** 	typedef struct QUEUE_REGISTRY_ITEM
 149:Middlewares/Third_Party/FreeRTOS/Source/queue.c **** 	{
 150:Middlewares/Third_Party/FreeRTOS/Source/queue.c **** 		const char *pcQueueName; /*lint !e971 Unqualified char types are allowed for strings and single c
 151:Middlewares/Third_Party/FreeRTOS/Source/queue.c **** 		QueueHandle_t xHandle;
 152:Middlewares/Third_Party/FreeRTOS/Source/queue.c **** 	} xQueueRegistryItem;
 153:Middlewares/Third_Party/FreeRTOS/Source/queue.c **** 
 154:Middlewares/Third_Party/FreeRTOS/Source/queue.c **** 	/* The old xQueueRegistryItem name is maintained above then typedefed to the
 155:Middlewares/Third_Party/FreeRTOS/Source/queue.c **** 	new xQueueRegistryItem name below to enable the use of older kernel aware
 156:Middlewares/Third_Party/FreeRTOS/Source/queue.c **** 	debuggers. */
 157:Middlewares/Third_Party/FreeRTOS/Source/queue.c **** 	typedef xQueueRegistryItem QueueRegistryItem_t;
 158:Middlewares/Third_Party/FreeRTOS/Source/queue.c **** 
 159:Middlewares/Third_Party/FreeRTOS/Source/queue.c **** 	/* The queue registry is simply an array of QueueRegistryItem_t structures.
 160:Middlewares/Third_Party/FreeRTOS/Source/queue.c **** 	The pcQueueName member of a structure being NULL is indicative of the
 161:Middlewares/Third_Party/FreeRTOS/Source/queue.c **** 	array position being vacant. */
 162:Middlewares/Third_Party/FreeRTOS/Source/queue.c **** 	PRIVILEGED_DATA QueueRegistryItem_t xQueueRegistry[ configQUEUE_REGISTRY_SIZE ];
 163:Middlewares/Third_Party/FreeRTOS/Source/queue.c **** 
 164:Middlewares/Third_Party/FreeRTOS/Source/queue.c **** #endif /* configQUEUE_REGISTRY_SIZE */
 165:Middlewares/Third_Party/FreeRTOS/Source/queue.c **** 
 166:Middlewares/Third_Party/FreeRTOS/Source/queue.c **** /*
 167:Middlewares/Third_Party/FreeRTOS/Source/queue.c ****  * Unlocks a queue locked by a call to prvLockQueue.  Locking a queue does not
 168:Middlewares/Third_Party/FreeRTOS/Source/queue.c ****  * prevent an ISR from adding or removing items to the queue, but does prevent
 169:Middlewares/Third_Party/FreeRTOS/Source/queue.c ****  * an ISR from removing tasks from the queue event lists.  If an ISR finds a
 170:Middlewares/Third_Party/FreeRTOS/Source/queue.c ****  * queue is locked it will instead increment the appropriate queue lock count
 171:Middlewares/Third_Party/FreeRTOS/Source/queue.c ****  * to indicate that a task may require unblocking.  When the queue in unlocked
 172:Middlewares/Third_Party/FreeRTOS/Source/queue.c ****  * these lock counts are inspected, and the appropriate action taken.
 173:Middlewares/Third_Party/FreeRTOS/Source/queue.c ****  */
 174:Middlewares/Third_Party/FreeRTOS/Source/queue.c **** static void prvUnlockQueue( Queue_t * const pxQueue ) PRIVILEGED_FUNCTION;
 175:Middlewares/Third_Party/FreeRTOS/Source/queue.c **** 
 176:Middlewares/Third_Party/FreeRTOS/Source/queue.c **** /*
 177:Middlewares/Third_Party/FreeRTOS/Source/queue.c ****  * Uses a critical section to determine if there is any data in a queue.
 178:Middlewares/Third_Party/FreeRTOS/Source/queue.c ****  *
 179:Middlewares/Third_Party/FreeRTOS/Source/queue.c ****  * @return pdTRUE if the queue contains no items, otherwise pdFALSE.
 180:Middlewares/Third_Party/FreeRTOS/Source/queue.c ****  */
 181:Middlewares/Third_Party/FreeRTOS/Source/queue.c **** static BaseType_t prvIsQueueEmpty( const Queue_t *pxQueue ) PRIVILEGED_FUNCTION;
 182:Middlewares/Third_Party/FreeRTOS/Source/queue.c **** 
 183:Middlewares/Third_Party/FreeRTOS/Source/queue.c **** /*
 184:Middlewares/Third_Party/FreeRTOS/Source/queue.c ****  * Uses a critical section to determine if there is any space in a queue.
 185:Middlewares/Third_Party/FreeRTOS/Source/queue.c ****  *
 186:Middlewares/Third_Party/FreeRTOS/Source/queue.c ****  * @return pdTRUE if there is no space, otherwise pdFALSE;
 187:Middlewares/Third_Party/FreeRTOS/Source/queue.c ****  */
 188:Middlewares/Third_Party/FreeRTOS/Source/queue.c **** static BaseType_t prvIsQueueFull( const Queue_t *pxQueue ) PRIVILEGED_FUNCTION;
 189:Middlewares/Third_Party/FreeRTOS/Source/queue.c **** 
 190:Middlewares/Third_Party/FreeRTOS/Source/queue.c **** /*
 191:Middlewares/Third_Party/FreeRTOS/Source/queue.c ****  * Copies an item into the queue, either at the front of the queue or the
 192:Middlewares/Third_Party/FreeRTOS/Source/queue.c ****  * back of the queue.
 193:Middlewares/Third_Party/FreeRTOS/Source/queue.c ****  */
 194:Middlewares/Third_Party/FreeRTOS/Source/queue.c **** static BaseType_t prvCopyDataToQueue( Queue_t * const pxQueue, const void *pvItemToQueue, const Bas
 195:Middlewares/Third_Party/FreeRTOS/Source/queue.c **** 
 196:Middlewares/Third_Party/FreeRTOS/Source/queue.c **** /*
 197:Middlewares/Third_Party/FreeRTOS/Source/queue.c ****  * Copies an item out of a queue.
 198:Middlewares/Third_Party/FreeRTOS/Source/queue.c ****  */
 199:Middlewares/Third_Party/FreeRTOS/Source/queue.c **** static void prvCopyDataFromQueue( Queue_t * const pxQueue, void * const pvBuffer ) PRIVILEGED_FUNCT
 200:Middlewares/Third_Party/FreeRTOS/Source/queue.c **** 
 201:Middlewares/Third_Party/FreeRTOS/Source/queue.c **** #if ( configUSE_QUEUE_SETS == 1 )
 202:Middlewares/Third_Party/FreeRTOS/Source/queue.c **** 	/*
ARM GAS  C:\Users\Made\AppData\Local\Temp\cclTNyiU.s 			page 5


 203:Middlewares/Third_Party/FreeRTOS/Source/queue.c **** 	 * Checks to see if a queue is a member of a queue set, and if so, notifies
 204:Middlewares/Third_Party/FreeRTOS/Source/queue.c **** 	 * the queue set that the queue contains data.
 205:Middlewares/Third_Party/FreeRTOS/Source/queue.c **** 	 */
 206:Middlewares/Third_Party/FreeRTOS/Source/queue.c **** 	static BaseType_t prvNotifyQueueSetContainer( const Queue_t * const pxQueue ) PRIVILEGED_FUNCTION;
 207:Middlewares/Third_Party/FreeRTOS/Source/queue.c **** #endif
 208:Middlewares/Third_Party/FreeRTOS/Source/queue.c **** 
 209:Middlewares/Third_Party/FreeRTOS/Source/queue.c **** /*
 210:Middlewares/Third_Party/FreeRTOS/Source/queue.c ****  * Called after a Queue_t structure has been allocated either statically or
 211:Middlewares/Third_Party/FreeRTOS/Source/queue.c ****  * dynamically to fill in the structure's members.
 212:Middlewares/Third_Party/FreeRTOS/Source/queue.c ****  */
 213:Middlewares/Third_Party/FreeRTOS/Source/queue.c **** static void prvInitialiseNewQueue( const UBaseType_t uxQueueLength, const UBaseType_t uxItemSize, u
 214:Middlewares/Third_Party/FreeRTOS/Source/queue.c **** 
 215:Middlewares/Third_Party/FreeRTOS/Source/queue.c **** /*
 216:Middlewares/Third_Party/FreeRTOS/Source/queue.c ****  * Mutexes are a special type of queue.  When a mutex is created, first the
 217:Middlewares/Third_Party/FreeRTOS/Source/queue.c ****  * queue is created, then prvInitialiseMutex() is called to configure the queue
 218:Middlewares/Third_Party/FreeRTOS/Source/queue.c ****  * as a mutex.
 219:Middlewares/Third_Party/FreeRTOS/Source/queue.c ****  */
 220:Middlewares/Third_Party/FreeRTOS/Source/queue.c **** #if( configUSE_MUTEXES == 1 )
 221:Middlewares/Third_Party/FreeRTOS/Source/queue.c **** 	static void prvInitialiseMutex( Queue_t *pxNewQueue ) PRIVILEGED_FUNCTION;
 222:Middlewares/Third_Party/FreeRTOS/Source/queue.c **** #endif
 223:Middlewares/Third_Party/FreeRTOS/Source/queue.c **** 
 224:Middlewares/Third_Party/FreeRTOS/Source/queue.c **** #if( configUSE_MUTEXES == 1 )
 225:Middlewares/Third_Party/FreeRTOS/Source/queue.c **** 	/*
 226:Middlewares/Third_Party/FreeRTOS/Source/queue.c **** 	 * If a task waiting for a mutex causes the mutex holder to inherit a
 227:Middlewares/Third_Party/FreeRTOS/Source/queue.c **** 	 * priority, but the waiting task times out, then the holder should
 228:Middlewares/Third_Party/FreeRTOS/Source/queue.c **** 	 * disinherit the priority - but only down to the highest priority of any
 229:Middlewares/Third_Party/FreeRTOS/Source/queue.c **** 	 * other tasks that are waiting for the same mutex.  This function returns
 230:Middlewares/Third_Party/FreeRTOS/Source/queue.c **** 	 * that priority.
 231:Middlewares/Third_Party/FreeRTOS/Source/queue.c **** 	 */
 232:Middlewares/Third_Party/FreeRTOS/Source/queue.c **** 	static UBaseType_t prvGetDisinheritPriorityAfterTimeout( const Queue_t * const pxQueue ) PRIVILEGE
 233:Middlewares/Third_Party/FreeRTOS/Source/queue.c **** #endif
 234:Middlewares/Third_Party/FreeRTOS/Source/queue.c **** /*-----------------------------------------------------------*/
 235:Middlewares/Third_Party/FreeRTOS/Source/queue.c **** 
 236:Middlewares/Third_Party/FreeRTOS/Source/queue.c **** /*
 237:Middlewares/Third_Party/FreeRTOS/Source/queue.c ****  * Macro to mark a queue as locked.  Locking a queue prevents an ISR from
 238:Middlewares/Third_Party/FreeRTOS/Source/queue.c ****  * accessing the queue event lists.
 239:Middlewares/Third_Party/FreeRTOS/Source/queue.c ****  */
 240:Middlewares/Third_Party/FreeRTOS/Source/queue.c **** #define prvLockQueue( pxQueue )								\
 241:Middlewares/Third_Party/FreeRTOS/Source/queue.c **** 	taskENTER_CRITICAL();									\
 242:Middlewares/Third_Party/FreeRTOS/Source/queue.c **** 	{														\
 243:Middlewares/Third_Party/FreeRTOS/Source/queue.c **** 		if( ( pxQueue )->cRxLock == queueUNLOCKED )			\
 244:Middlewares/Third_Party/FreeRTOS/Source/queue.c **** 		{													\
 245:Middlewares/Third_Party/FreeRTOS/Source/queue.c **** 			( pxQueue )->cRxLock = queueLOCKED_UNMODIFIED;	\
 246:Middlewares/Third_Party/FreeRTOS/Source/queue.c **** 		}													\
 247:Middlewares/Third_Party/FreeRTOS/Source/queue.c **** 		if( ( pxQueue )->cTxLock == queueUNLOCKED )			\
 248:Middlewares/Third_Party/FreeRTOS/Source/queue.c **** 		{													\
 249:Middlewares/Third_Party/FreeRTOS/Source/queue.c **** 			( pxQueue )->cTxLock = queueLOCKED_UNMODIFIED;	\
 250:Middlewares/Third_Party/FreeRTOS/Source/queue.c **** 		}													\
 251:Middlewares/Third_Party/FreeRTOS/Source/queue.c **** 	}														\
 252:Middlewares/Third_Party/FreeRTOS/Source/queue.c **** 	taskEXIT_CRITICAL()
 253:Middlewares/Third_Party/FreeRTOS/Source/queue.c **** /*-----------------------------------------------------------*/
 254:Middlewares/Third_Party/FreeRTOS/Source/queue.c **** 
 255:Middlewares/Third_Party/FreeRTOS/Source/queue.c **** BaseType_t xQueueGenericReset( QueueHandle_t xQueue, BaseType_t xNewQueue )
 256:Middlewares/Third_Party/FreeRTOS/Source/queue.c **** {
 257:Middlewares/Third_Party/FreeRTOS/Source/queue.c **** Queue_t * const pxQueue = xQueue;
 258:Middlewares/Third_Party/FreeRTOS/Source/queue.c **** 
 259:Middlewares/Third_Party/FreeRTOS/Source/queue.c **** 	configASSERT( pxQueue );
ARM GAS  C:\Users\Made\AppData\Local\Temp\cclTNyiU.s 			page 6


 260:Middlewares/Third_Party/FreeRTOS/Source/queue.c **** 
 261:Middlewares/Third_Party/FreeRTOS/Source/queue.c **** 	taskENTER_CRITICAL();
 262:Middlewares/Third_Party/FreeRTOS/Source/queue.c **** 	{
 263:Middlewares/Third_Party/FreeRTOS/Source/queue.c **** 		pxQueue->u.xQueue.pcTail = pxQueue->pcHead + ( pxQueue->uxLength * pxQueue->uxItemSize ); /*lint 
 264:Middlewares/Third_Party/FreeRTOS/Source/queue.c **** 		pxQueue->uxMessagesWaiting = ( UBaseType_t ) 0U;
 265:Middlewares/Third_Party/FreeRTOS/Source/queue.c **** 		pxQueue->pcWriteTo = pxQueue->pcHead;
 266:Middlewares/Third_Party/FreeRTOS/Source/queue.c **** 		pxQueue->u.xQueue.pcReadFrom = pxQueue->pcHead + ( ( pxQueue->uxLength - 1U ) * pxQueue->uxItemSi
 267:Middlewares/Third_Party/FreeRTOS/Source/queue.c **** 		pxQueue->cRxLock = queueUNLOCKED;
 268:Middlewares/Third_Party/FreeRTOS/Source/queue.c **** 		pxQueue->cTxLock = queueUNLOCKED;
 269:Middlewares/Third_Party/FreeRTOS/Source/queue.c **** 
 270:Middlewares/Third_Party/FreeRTOS/Source/queue.c **** 		if( xNewQueue == pdFALSE )
 271:Middlewares/Third_Party/FreeRTOS/Source/queue.c **** 		{
 272:Middlewares/Third_Party/FreeRTOS/Source/queue.c **** 			/* If there are tasks blocked waiting to read from the queue, then
 273:Middlewares/Third_Party/FreeRTOS/Source/queue.c **** 			the tasks will remain blocked as after this function exits the queue
 274:Middlewares/Third_Party/FreeRTOS/Source/queue.c **** 			will still be empty.  If there are tasks blocked waiting to write to
 275:Middlewares/Third_Party/FreeRTOS/Source/queue.c **** 			the queue, then one should be unblocked as after this function exits
 276:Middlewares/Third_Party/FreeRTOS/Source/queue.c **** 			it will be possible to write to it. */
 277:Middlewares/Third_Party/FreeRTOS/Source/queue.c **** 			if( listLIST_IS_EMPTY( &( pxQueue->xTasksWaitingToSend ) ) == pdFALSE )
 278:Middlewares/Third_Party/FreeRTOS/Source/queue.c **** 			{
 279:Middlewares/Third_Party/FreeRTOS/Source/queue.c **** 				if( xTaskRemoveFromEventList( &( pxQueue->xTasksWaitingToSend ) ) != pdFALSE )
 280:Middlewares/Third_Party/FreeRTOS/Source/queue.c **** 				{
 281:Middlewares/Third_Party/FreeRTOS/Source/queue.c **** 					queueYIELD_IF_USING_PREEMPTION();
 282:Middlewares/Third_Party/FreeRTOS/Source/queue.c **** 				}
 283:Middlewares/Third_Party/FreeRTOS/Source/queue.c **** 				else
 284:Middlewares/Third_Party/FreeRTOS/Source/queue.c **** 				{
 285:Middlewares/Third_Party/FreeRTOS/Source/queue.c **** 					mtCOVERAGE_TEST_MARKER();
 286:Middlewares/Third_Party/FreeRTOS/Source/queue.c **** 				}
 287:Middlewares/Third_Party/FreeRTOS/Source/queue.c **** 			}
 288:Middlewares/Third_Party/FreeRTOS/Source/queue.c **** 			else
 289:Middlewares/Third_Party/FreeRTOS/Source/queue.c **** 			{
 290:Middlewares/Third_Party/FreeRTOS/Source/queue.c **** 				mtCOVERAGE_TEST_MARKER();
 291:Middlewares/Third_Party/FreeRTOS/Source/queue.c **** 			}
 292:Middlewares/Third_Party/FreeRTOS/Source/queue.c **** 		}
 293:Middlewares/Third_Party/FreeRTOS/Source/queue.c **** 		else
 294:Middlewares/Third_Party/FreeRTOS/Source/queue.c **** 		{
 295:Middlewares/Third_Party/FreeRTOS/Source/queue.c **** 			/* Ensure the event queues start in the correct state. */
 296:Middlewares/Third_Party/FreeRTOS/Source/queue.c **** 			vListInitialise( &( pxQueue->xTasksWaitingToSend ) );
 297:Middlewares/Third_Party/FreeRTOS/Source/queue.c **** 			vListInitialise( &( pxQueue->xTasksWaitingToReceive ) );
 298:Middlewares/Third_Party/FreeRTOS/Source/queue.c **** 		}
 299:Middlewares/Third_Party/FreeRTOS/Source/queue.c **** 	}
 300:Middlewares/Third_Party/FreeRTOS/Source/queue.c **** 	taskEXIT_CRITICAL();
 301:Middlewares/Third_Party/FreeRTOS/Source/queue.c **** 
 302:Middlewares/Third_Party/FreeRTOS/Source/queue.c **** 	/* A value is returned for calling semantic consistency with previous
 303:Middlewares/Third_Party/FreeRTOS/Source/queue.c **** 	versions. */
 304:Middlewares/Third_Party/FreeRTOS/Source/queue.c **** 	return pdPASS;
 305:Middlewares/Third_Party/FreeRTOS/Source/queue.c **** }
 306:Middlewares/Third_Party/FreeRTOS/Source/queue.c **** /*-----------------------------------------------------------*/
 307:Middlewares/Third_Party/FreeRTOS/Source/queue.c **** 
 308:Middlewares/Third_Party/FreeRTOS/Source/queue.c **** #if( configSUPPORT_STATIC_ALLOCATION == 1 )
 309:Middlewares/Third_Party/FreeRTOS/Source/queue.c **** 
 310:Middlewares/Third_Party/FreeRTOS/Source/queue.c **** 	QueueHandle_t xQueueGenericCreateStatic( const UBaseType_t uxQueueLength, const UBaseType_t uxItem
 311:Middlewares/Third_Party/FreeRTOS/Source/queue.c **** 	{
 312:Middlewares/Third_Party/FreeRTOS/Source/queue.c **** 	Queue_t *pxNewQueue;
 313:Middlewares/Third_Party/FreeRTOS/Source/queue.c **** 
 314:Middlewares/Third_Party/FreeRTOS/Source/queue.c **** 		configASSERT( uxQueueLength > ( UBaseType_t ) 0 );
 315:Middlewares/Third_Party/FreeRTOS/Source/queue.c **** 
 316:Middlewares/Third_Party/FreeRTOS/Source/queue.c **** 		/* The StaticQueue_t structure and the queue storage area must be
ARM GAS  C:\Users\Made\AppData\Local\Temp\cclTNyiU.s 			page 7


 317:Middlewares/Third_Party/FreeRTOS/Source/queue.c **** 		supplied. */
 318:Middlewares/Third_Party/FreeRTOS/Source/queue.c **** 		configASSERT( pxStaticQueue != NULL );
 319:Middlewares/Third_Party/FreeRTOS/Source/queue.c **** 
 320:Middlewares/Third_Party/FreeRTOS/Source/queue.c **** 		/* A queue storage area should be provided if the item size is not 0, and
 321:Middlewares/Third_Party/FreeRTOS/Source/queue.c **** 		should not be provided if the item size is 0. */
 322:Middlewares/Third_Party/FreeRTOS/Source/queue.c **** 		configASSERT( !( ( pucQueueStorage != NULL ) && ( uxItemSize == 0 ) ) );
 323:Middlewares/Third_Party/FreeRTOS/Source/queue.c **** 		configASSERT( !( ( pucQueueStorage == NULL ) && ( uxItemSize != 0 ) ) );
 324:Middlewares/Third_Party/FreeRTOS/Source/queue.c **** 
 325:Middlewares/Third_Party/FreeRTOS/Source/queue.c **** 		#if( configASSERT_DEFINED == 1 )
 326:Middlewares/Third_Party/FreeRTOS/Source/queue.c **** 		{
 327:Middlewares/Third_Party/FreeRTOS/Source/queue.c **** 			/* Sanity check that the size of the structure used to declare a
 328:Middlewares/Third_Party/FreeRTOS/Source/queue.c **** 			variable of type StaticQueue_t or StaticSemaphore_t equals the size of
 329:Middlewares/Third_Party/FreeRTOS/Source/queue.c **** 			the real queue and semaphore structures. */
 330:Middlewares/Third_Party/FreeRTOS/Source/queue.c **** 			volatile size_t xSize = sizeof( StaticQueue_t );
 331:Middlewares/Third_Party/FreeRTOS/Source/queue.c **** 			configASSERT( xSize == sizeof( Queue_t ) );
 332:Middlewares/Third_Party/FreeRTOS/Source/queue.c **** 			( void ) xSize; /* Keeps lint quiet when configASSERT() is not defined. */
 333:Middlewares/Third_Party/FreeRTOS/Source/queue.c **** 		}
 334:Middlewares/Third_Party/FreeRTOS/Source/queue.c **** 		#endif /* configASSERT_DEFINED */
 335:Middlewares/Third_Party/FreeRTOS/Source/queue.c **** 
 336:Middlewares/Third_Party/FreeRTOS/Source/queue.c **** 		/* The address of a statically allocated queue was passed in, use it.
 337:Middlewares/Third_Party/FreeRTOS/Source/queue.c **** 		The address of a statically allocated storage area was also passed in
 338:Middlewares/Third_Party/FreeRTOS/Source/queue.c **** 		but is already set. */
 339:Middlewares/Third_Party/FreeRTOS/Source/queue.c **** 		pxNewQueue = ( Queue_t * ) pxStaticQueue; /*lint !e740 !e9087 Unusual cast is ok as the structure
 340:Middlewares/Third_Party/FreeRTOS/Source/queue.c **** 
 341:Middlewares/Third_Party/FreeRTOS/Source/queue.c **** 		if( pxNewQueue != NULL )
 342:Middlewares/Third_Party/FreeRTOS/Source/queue.c **** 		{
 343:Middlewares/Third_Party/FreeRTOS/Source/queue.c **** 			#if( configSUPPORT_DYNAMIC_ALLOCATION == 1 )
 344:Middlewares/Third_Party/FreeRTOS/Source/queue.c **** 			{
 345:Middlewares/Third_Party/FreeRTOS/Source/queue.c **** 				/* Queues can be allocated wither statically or dynamically, so
 346:Middlewares/Third_Party/FreeRTOS/Source/queue.c **** 				note this queue was allocated statically in case the queue is
 347:Middlewares/Third_Party/FreeRTOS/Source/queue.c **** 				later deleted. */
 348:Middlewares/Third_Party/FreeRTOS/Source/queue.c **** 				pxNewQueue->ucStaticallyAllocated = pdTRUE;
 349:Middlewares/Third_Party/FreeRTOS/Source/queue.c **** 			}
 350:Middlewares/Third_Party/FreeRTOS/Source/queue.c **** 			#endif /* configSUPPORT_DYNAMIC_ALLOCATION */
 351:Middlewares/Third_Party/FreeRTOS/Source/queue.c **** 
 352:Middlewares/Third_Party/FreeRTOS/Source/queue.c **** 			prvInitialiseNewQueue( uxQueueLength, uxItemSize, pucQueueStorage, ucQueueType, pxNewQueue );
 353:Middlewares/Third_Party/FreeRTOS/Source/queue.c **** 		}
 354:Middlewares/Third_Party/FreeRTOS/Source/queue.c **** 		else
 355:Middlewares/Third_Party/FreeRTOS/Source/queue.c **** 		{
 356:Middlewares/Third_Party/FreeRTOS/Source/queue.c **** 			traceQUEUE_CREATE_FAILED( ucQueueType );
 357:Middlewares/Third_Party/FreeRTOS/Source/queue.c **** 			mtCOVERAGE_TEST_MARKER();
 358:Middlewares/Third_Party/FreeRTOS/Source/queue.c **** 		}
 359:Middlewares/Third_Party/FreeRTOS/Source/queue.c **** 
 360:Middlewares/Third_Party/FreeRTOS/Source/queue.c **** 		return pxNewQueue;
 361:Middlewares/Third_Party/FreeRTOS/Source/queue.c **** 	}
 362:Middlewares/Third_Party/FreeRTOS/Source/queue.c **** 
 363:Middlewares/Third_Party/FreeRTOS/Source/queue.c **** #endif /* configSUPPORT_STATIC_ALLOCATION */
 364:Middlewares/Third_Party/FreeRTOS/Source/queue.c **** /*-----------------------------------------------------------*/
 365:Middlewares/Third_Party/FreeRTOS/Source/queue.c **** 
 366:Middlewares/Third_Party/FreeRTOS/Source/queue.c **** #if( configSUPPORT_DYNAMIC_ALLOCATION == 1 )
 367:Middlewares/Third_Party/FreeRTOS/Source/queue.c **** 
 368:Middlewares/Third_Party/FreeRTOS/Source/queue.c **** 	QueueHandle_t xQueueGenericCreate( const UBaseType_t uxQueueLength, const UBaseType_t uxItemSize, 
 369:Middlewares/Third_Party/FreeRTOS/Source/queue.c **** 	{
 370:Middlewares/Third_Party/FreeRTOS/Source/queue.c **** 	Queue_t *pxNewQueue;
 371:Middlewares/Third_Party/FreeRTOS/Source/queue.c **** 	size_t xQueueSizeInBytes;
 372:Middlewares/Third_Party/FreeRTOS/Source/queue.c **** 	uint8_t *pucQueueStorage;
 373:Middlewares/Third_Party/FreeRTOS/Source/queue.c **** 
ARM GAS  C:\Users\Made\AppData\Local\Temp\cclTNyiU.s 			page 8


 374:Middlewares/Third_Party/FreeRTOS/Source/queue.c **** 		configASSERT( uxQueueLength > ( UBaseType_t ) 0 );
 375:Middlewares/Third_Party/FreeRTOS/Source/queue.c **** 
 376:Middlewares/Third_Party/FreeRTOS/Source/queue.c **** 		/* Allocate enough space to hold the maximum number of items that
 377:Middlewares/Third_Party/FreeRTOS/Source/queue.c **** 		can be in the queue at any time.  It is valid for uxItemSize to be
 378:Middlewares/Third_Party/FreeRTOS/Source/queue.c **** 		zero in the case the queue is used as a semaphore. */
 379:Middlewares/Third_Party/FreeRTOS/Source/queue.c **** 		xQueueSizeInBytes = ( size_t ) ( uxQueueLength * uxItemSize ); /*lint !e961 MISRA exception as th
 380:Middlewares/Third_Party/FreeRTOS/Source/queue.c **** 
 381:Middlewares/Third_Party/FreeRTOS/Source/queue.c **** 		/* Allocate the queue and storage area.  Justification for MISRA
 382:Middlewares/Third_Party/FreeRTOS/Source/queue.c **** 		deviation as follows:  pvPortMalloc() always ensures returned memory
 383:Middlewares/Third_Party/FreeRTOS/Source/queue.c **** 		blocks are aligned per the requirements of the MCU stack.  In this case
 384:Middlewares/Third_Party/FreeRTOS/Source/queue.c **** 		pvPortMalloc() must return a pointer that is guaranteed to meet the
 385:Middlewares/Third_Party/FreeRTOS/Source/queue.c **** 		alignment requirements of the Queue_t structure - which in this case
 386:Middlewares/Third_Party/FreeRTOS/Source/queue.c **** 		is an int8_t *.  Therefore, whenever the stack alignment requirements
 387:Middlewares/Third_Party/FreeRTOS/Source/queue.c **** 		are greater than or equal to the pointer to char requirements the cast
 388:Middlewares/Third_Party/FreeRTOS/Source/queue.c **** 		is safe.  In other cases alignment requirements are not strict (one or
 389:Middlewares/Third_Party/FreeRTOS/Source/queue.c **** 		two bytes). */
 390:Middlewares/Third_Party/FreeRTOS/Source/queue.c **** 		pxNewQueue = ( Queue_t * ) pvPortMalloc( sizeof( Queue_t ) + xQueueSizeInBytes ); /*lint !e9087 !
 391:Middlewares/Third_Party/FreeRTOS/Source/queue.c **** 
 392:Middlewares/Third_Party/FreeRTOS/Source/queue.c **** 		if( pxNewQueue != NULL )
 393:Middlewares/Third_Party/FreeRTOS/Source/queue.c **** 		{
 394:Middlewares/Third_Party/FreeRTOS/Source/queue.c **** 			/* Jump past the queue structure to find the location of the queue
 395:Middlewares/Third_Party/FreeRTOS/Source/queue.c **** 			storage area. */
 396:Middlewares/Third_Party/FreeRTOS/Source/queue.c **** 			pucQueueStorage = ( uint8_t * ) pxNewQueue;
 397:Middlewares/Third_Party/FreeRTOS/Source/queue.c **** 			pucQueueStorage += sizeof( Queue_t ); /*lint !e9016 Pointer arithmetic allowed on char types, es
 398:Middlewares/Third_Party/FreeRTOS/Source/queue.c **** 
 399:Middlewares/Third_Party/FreeRTOS/Source/queue.c **** 			#if( configSUPPORT_STATIC_ALLOCATION == 1 )
 400:Middlewares/Third_Party/FreeRTOS/Source/queue.c **** 			{
 401:Middlewares/Third_Party/FreeRTOS/Source/queue.c **** 				/* Queues can be created either statically or dynamically, so
 402:Middlewares/Third_Party/FreeRTOS/Source/queue.c **** 				note this task was created dynamically in case it is later
 403:Middlewares/Third_Party/FreeRTOS/Source/queue.c **** 				deleted. */
 404:Middlewares/Third_Party/FreeRTOS/Source/queue.c **** 				pxNewQueue->ucStaticallyAllocated = pdFALSE;
 405:Middlewares/Third_Party/FreeRTOS/Source/queue.c **** 			}
 406:Middlewares/Third_Party/FreeRTOS/Source/queue.c **** 			#endif /* configSUPPORT_STATIC_ALLOCATION */
 407:Middlewares/Third_Party/FreeRTOS/Source/queue.c **** 
 408:Middlewares/Third_Party/FreeRTOS/Source/queue.c **** 			prvInitialiseNewQueue( uxQueueLength, uxItemSize, pucQueueStorage, ucQueueType, pxNewQueue );
 409:Middlewares/Third_Party/FreeRTOS/Source/queue.c **** 		}
 410:Middlewares/Third_Party/FreeRTOS/Source/queue.c **** 		else
 411:Middlewares/Third_Party/FreeRTOS/Source/queue.c **** 		{
 412:Middlewares/Third_Party/FreeRTOS/Source/queue.c **** 			traceQUEUE_CREATE_FAILED( ucQueueType );
 413:Middlewares/Third_Party/FreeRTOS/Source/queue.c **** 			mtCOVERAGE_TEST_MARKER();
 414:Middlewares/Third_Party/FreeRTOS/Source/queue.c **** 		}
 415:Middlewares/Third_Party/FreeRTOS/Source/queue.c **** 
 416:Middlewares/Third_Party/FreeRTOS/Source/queue.c **** 		return pxNewQueue;
 417:Middlewares/Third_Party/FreeRTOS/Source/queue.c **** 	}
 418:Middlewares/Third_Party/FreeRTOS/Source/queue.c **** 
 419:Middlewares/Third_Party/FreeRTOS/Source/queue.c **** #endif /* configSUPPORT_STATIC_ALLOCATION */
 420:Middlewares/Third_Party/FreeRTOS/Source/queue.c **** /*-----------------------------------------------------------*/
 421:Middlewares/Third_Party/FreeRTOS/Source/queue.c **** 
 422:Middlewares/Third_Party/FreeRTOS/Source/queue.c **** static void prvInitialiseNewQueue( const UBaseType_t uxQueueLength, const UBaseType_t uxItemSize, u
 423:Middlewares/Third_Party/FreeRTOS/Source/queue.c **** {
 424:Middlewares/Third_Party/FreeRTOS/Source/queue.c **** 	/* Remove compiler warnings about unused parameters should
 425:Middlewares/Third_Party/FreeRTOS/Source/queue.c **** 	configUSE_TRACE_FACILITY not be set to 1. */
 426:Middlewares/Third_Party/FreeRTOS/Source/queue.c **** 	( void ) ucQueueType;
 427:Middlewares/Third_Party/FreeRTOS/Source/queue.c **** 
 428:Middlewares/Third_Party/FreeRTOS/Source/queue.c **** 	if( uxItemSize == ( UBaseType_t ) 0 )
 429:Middlewares/Third_Party/FreeRTOS/Source/queue.c **** 	{
 430:Middlewares/Third_Party/FreeRTOS/Source/queue.c **** 		/* No RAM was allocated for the queue storage area, but PC head cannot
ARM GAS  C:\Users\Made\AppData\Local\Temp\cclTNyiU.s 			page 9


 431:Middlewares/Third_Party/FreeRTOS/Source/queue.c **** 		be set to NULL because NULL is used as a key to say the queue is used as
 432:Middlewares/Third_Party/FreeRTOS/Source/queue.c **** 		a mutex.  Therefore just set pcHead to point to the queue as a benign
 433:Middlewares/Third_Party/FreeRTOS/Source/queue.c **** 		value that is known to be within the memory map. */
 434:Middlewares/Third_Party/FreeRTOS/Source/queue.c **** 		pxNewQueue->pcHead = ( int8_t * ) pxNewQueue;
 435:Middlewares/Third_Party/FreeRTOS/Source/queue.c **** 	}
 436:Middlewares/Third_Party/FreeRTOS/Source/queue.c **** 	else
 437:Middlewares/Third_Party/FreeRTOS/Source/queue.c **** 	{
 438:Middlewares/Third_Party/FreeRTOS/Source/queue.c **** 		/* Set the head to the start of the queue storage area. */
 439:Middlewares/Third_Party/FreeRTOS/Source/queue.c **** 		pxNewQueue->pcHead = ( int8_t * ) pucQueueStorage;
 440:Middlewares/Third_Party/FreeRTOS/Source/queue.c **** 	}
 441:Middlewares/Third_Party/FreeRTOS/Source/queue.c **** 
 442:Middlewares/Third_Party/FreeRTOS/Source/queue.c **** 	/* Initialise the queue members as described where the queue type is
 443:Middlewares/Third_Party/FreeRTOS/Source/queue.c **** 	defined. */
 444:Middlewares/Third_Party/FreeRTOS/Source/queue.c **** 	pxNewQueue->uxLength = uxQueueLength;
 445:Middlewares/Third_Party/FreeRTOS/Source/queue.c **** 	pxNewQueue->uxItemSize = uxItemSize;
 446:Middlewares/Third_Party/FreeRTOS/Source/queue.c **** 	( void ) xQueueGenericReset( pxNewQueue, pdTRUE );
 447:Middlewares/Third_Party/FreeRTOS/Source/queue.c **** 
 448:Middlewares/Third_Party/FreeRTOS/Source/queue.c **** 	#if ( configUSE_TRACE_FACILITY == 1 )
 449:Middlewares/Third_Party/FreeRTOS/Source/queue.c **** 	{
 450:Middlewares/Third_Party/FreeRTOS/Source/queue.c **** 		pxNewQueue->ucQueueType = ucQueueType;
 451:Middlewares/Third_Party/FreeRTOS/Source/queue.c **** 	}
 452:Middlewares/Third_Party/FreeRTOS/Source/queue.c **** 	#endif /* configUSE_TRACE_FACILITY */
 453:Middlewares/Third_Party/FreeRTOS/Source/queue.c **** 
 454:Middlewares/Third_Party/FreeRTOS/Source/queue.c **** 	#if( configUSE_QUEUE_SETS == 1 )
 455:Middlewares/Third_Party/FreeRTOS/Source/queue.c **** 	{
 456:Middlewares/Third_Party/FreeRTOS/Source/queue.c **** 		pxNewQueue->pxQueueSetContainer = NULL;
 457:Middlewares/Third_Party/FreeRTOS/Source/queue.c **** 	}
 458:Middlewares/Third_Party/FreeRTOS/Source/queue.c **** 	#endif /* configUSE_QUEUE_SETS */
 459:Middlewares/Third_Party/FreeRTOS/Source/queue.c **** 
 460:Middlewares/Third_Party/FreeRTOS/Source/queue.c **** 	traceQUEUE_CREATE( pxNewQueue );
 461:Middlewares/Third_Party/FreeRTOS/Source/queue.c **** }
 462:Middlewares/Third_Party/FreeRTOS/Source/queue.c **** /*-----------------------------------------------------------*/
 463:Middlewares/Third_Party/FreeRTOS/Source/queue.c **** 
 464:Middlewares/Third_Party/FreeRTOS/Source/queue.c **** #if( configUSE_MUTEXES == 1 )
 465:Middlewares/Third_Party/FreeRTOS/Source/queue.c **** 
 466:Middlewares/Third_Party/FreeRTOS/Source/queue.c **** 	static void prvInitialiseMutex( Queue_t *pxNewQueue )
 467:Middlewares/Third_Party/FreeRTOS/Source/queue.c **** 	{
 468:Middlewares/Third_Party/FreeRTOS/Source/queue.c **** 		if( pxNewQueue != NULL )
 469:Middlewares/Third_Party/FreeRTOS/Source/queue.c **** 		{
 470:Middlewares/Third_Party/FreeRTOS/Source/queue.c **** 			/* The queue create function will set all the queue structure members
 471:Middlewares/Third_Party/FreeRTOS/Source/queue.c **** 			correctly for a generic queue, but this function is creating a
 472:Middlewares/Third_Party/FreeRTOS/Source/queue.c **** 			mutex.  Overwrite those members that need to be set differently -
 473:Middlewares/Third_Party/FreeRTOS/Source/queue.c **** 			in particular the information required for priority inheritance. */
 474:Middlewares/Third_Party/FreeRTOS/Source/queue.c **** 			pxNewQueue->u.xSemaphore.xMutexHolder = NULL;
 475:Middlewares/Third_Party/FreeRTOS/Source/queue.c **** 			pxNewQueue->uxQueueType = queueQUEUE_IS_MUTEX;
 476:Middlewares/Third_Party/FreeRTOS/Source/queue.c **** 
 477:Middlewares/Third_Party/FreeRTOS/Source/queue.c **** 			/* In case this is a recursive mutex. */
 478:Middlewares/Third_Party/FreeRTOS/Source/queue.c **** 			pxNewQueue->u.xSemaphore.uxRecursiveCallCount = 0;
 479:Middlewares/Third_Party/FreeRTOS/Source/queue.c **** 
 480:Middlewares/Third_Party/FreeRTOS/Source/queue.c **** 			traceCREATE_MUTEX( pxNewQueue );
 481:Middlewares/Third_Party/FreeRTOS/Source/queue.c **** 
 482:Middlewares/Third_Party/FreeRTOS/Source/queue.c **** 			/* Start with the semaphore in the expected state. */
 483:Middlewares/Third_Party/FreeRTOS/Source/queue.c **** 			( void ) xQueueGenericSend( pxNewQueue, NULL, ( TickType_t ) 0U, queueSEND_TO_BACK );
 484:Middlewares/Third_Party/FreeRTOS/Source/queue.c **** 		}
 485:Middlewares/Third_Party/FreeRTOS/Source/queue.c **** 		else
 486:Middlewares/Third_Party/FreeRTOS/Source/queue.c **** 		{
 487:Middlewares/Third_Party/FreeRTOS/Source/queue.c **** 			traceCREATE_MUTEX_FAILED();
ARM GAS  C:\Users\Made\AppData\Local\Temp\cclTNyiU.s 			page 10


 488:Middlewares/Third_Party/FreeRTOS/Source/queue.c **** 		}
 489:Middlewares/Third_Party/FreeRTOS/Source/queue.c **** 	}
 490:Middlewares/Third_Party/FreeRTOS/Source/queue.c **** 
 491:Middlewares/Third_Party/FreeRTOS/Source/queue.c **** #endif /* configUSE_MUTEXES */
 492:Middlewares/Third_Party/FreeRTOS/Source/queue.c **** /*-----------------------------------------------------------*/
 493:Middlewares/Third_Party/FreeRTOS/Source/queue.c **** 
 494:Middlewares/Third_Party/FreeRTOS/Source/queue.c **** #if( ( configUSE_MUTEXES == 1 ) && ( configSUPPORT_DYNAMIC_ALLOCATION == 1 ) )
 495:Middlewares/Third_Party/FreeRTOS/Source/queue.c **** 
 496:Middlewares/Third_Party/FreeRTOS/Source/queue.c **** 	QueueHandle_t xQueueCreateMutex( const uint8_t ucQueueType )
 497:Middlewares/Third_Party/FreeRTOS/Source/queue.c **** 	{
 498:Middlewares/Third_Party/FreeRTOS/Source/queue.c **** 	QueueHandle_t xNewQueue;
 499:Middlewares/Third_Party/FreeRTOS/Source/queue.c **** 	const UBaseType_t uxMutexLength = ( UBaseType_t ) 1, uxMutexSize = ( UBaseType_t ) 0;
 500:Middlewares/Third_Party/FreeRTOS/Source/queue.c **** 
 501:Middlewares/Third_Party/FreeRTOS/Source/queue.c **** 		xNewQueue = xQueueGenericCreate( uxMutexLength, uxMutexSize, ucQueueType );
 502:Middlewares/Third_Party/FreeRTOS/Source/queue.c **** 		prvInitialiseMutex( ( Queue_t * ) xNewQueue );
 503:Middlewares/Third_Party/FreeRTOS/Source/queue.c **** 
 504:Middlewares/Third_Party/FreeRTOS/Source/queue.c **** 		return xNewQueue;
 505:Middlewares/Third_Party/FreeRTOS/Source/queue.c **** 	}
 506:Middlewares/Third_Party/FreeRTOS/Source/queue.c **** 
 507:Middlewares/Third_Party/FreeRTOS/Source/queue.c **** #endif /* configUSE_MUTEXES */
 508:Middlewares/Third_Party/FreeRTOS/Source/queue.c **** /*-----------------------------------------------------------*/
 509:Middlewares/Third_Party/FreeRTOS/Source/queue.c **** 
 510:Middlewares/Third_Party/FreeRTOS/Source/queue.c **** #if( ( configUSE_MUTEXES == 1 ) && ( configSUPPORT_STATIC_ALLOCATION == 1 ) )
 511:Middlewares/Third_Party/FreeRTOS/Source/queue.c **** 
 512:Middlewares/Third_Party/FreeRTOS/Source/queue.c **** 	QueueHandle_t xQueueCreateMutexStatic( const uint8_t ucQueueType, StaticQueue_t *pxStaticQueue )
 513:Middlewares/Third_Party/FreeRTOS/Source/queue.c **** 	{
 514:Middlewares/Third_Party/FreeRTOS/Source/queue.c **** 	QueueHandle_t xNewQueue;
 515:Middlewares/Third_Party/FreeRTOS/Source/queue.c **** 	const UBaseType_t uxMutexLength = ( UBaseType_t ) 1, uxMutexSize = ( UBaseType_t ) 0;
 516:Middlewares/Third_Party/FreeRTOS/Source/queue.c **** 
 517:Middlewares/Third_Party/FreeRTOS/Source/queue.c **** 		/* Prevent compiler warnings about unused parameters if
 518:Middlewares/Third_Party/FreeRTOS/Source/queue.c **** 		configUSE_TRACE_FACILITY does not equal 1. */
 519:Middlewares/Third_Party/FreeRTOS/Source/queue.c **** 		( void ) ucQueueType;
 520:Middlewares/Third_Party/FreeRTOS/Source/queue.c **** 
 521:Middlewares/Third_Party/FreeRTOS/Source/queue.c **** 		xNewQueue = xQueueGenericCreateStatic( uxMutexLength, uxMutexSize, NULL, pxStaticQueue, ucQueueTy
 522:Middlewares/Third_Party/FreeRTOS/Source/queue.c **** 		prvInitialiseMutex( ( Queue_t * ) xNewQueue );
 523:Middlewares/Third_Party/FreeRTOS/Source/queue.c **** 
 524:Middlewares/Third_Party/FreeRTOS/Source/queue.c **** 		return xNewQueue;
 525:Middlewares/Third_Party/FreeRTOS/Source/queue.c **** 	}
 526:Middlewares/Third_Party/FreeRTOS/Source/queue.c **** 
 527:Middlewares/Third_Party/FreeRTOS/Source/queue.c **** #endif /* configUSE_MUTEXES */
 528:Middlewares/Third_Party/FreeRTOS/Source/queue.c **** /*-----------------------------------------------------------*/
 529:Middlewares/Third_Party/FreeRTOS/Source/queue.c **** 
 530:Middlewares/Third_Party/FreeRTOS/Source/queue.c **** #if ( ( configUSE_MUTEXES == 1 ) && ( INCLUDE_xSemaphoreGetMutexHolder == 1 ) )
 531:Middlewares/Third_Party/FreeRTOS/Source/queue.c **** 
 532:Middlewares/Third_Party/FreeRTOS/Source/queue.c **** 	TaskHandle_t xQueueGetMutexHolder( QueueHandle_t xSemaphore )
 533:Middlewares/Third_Party/FreeRTOS/Source/queue.c **** 	{
 534:Middlewares/Third_Party/FreeRTOS/Source/queue.c **** 	TaskHandle_t pxReturn;
 535:Middlewares/Third_Party/FreeRTOS/Source/queue.c **** 	Queue_t * const pxSemaphore = ( Queue_t * ) xSemaphore;
 536:Middlewares/Third_Party/FreeRTOS/Source/queue.c **** 
 537:Middlewares/Third_Party/FreeRTOS/Source/queue.c **** 		/* This function is called by xSemaphoreGetMutexHolder(), and should not
 538:Middlewares/Third_Party/FreeRTOS/Source/queue.c **** 		be called directly.  Note:  This is a good way of determining if the
 539:Middlewares/Third_Party/FreeRTOS/Source/queue.c **** 		calling task is the mutex holder, but not a good way of determining the
 540:Middlewares/Third_Party/FreeRTOS/Source/queue.c **** 		identity of the mutex holder, as the holder may change between the
 541:Middlewares/Third_Party/FreeRTOS/Source/queue.c **** 		following critical section exiting and the function returning. */
 542:Middlewares/Third_Party/FreeRTOS/Source/queue.c **** 		taskENTER_CRITICAL();
 543:Middlewares/Third_Party/FreeRTOS/Source/queue.c **** 		{
 544:Middlewares/Third_Party/FreeRTOS/Source/queue.c **** 			if( pxSemaphore->uxQueueType == queueQUEUE_IS_MUTEX )
ARM GAS  C:\Users\Made\AppData\Local\Temp\cclTNyiU.s 			page 11


 545:Middlewares/Third_Party/FreeRTOS/Source/queue.c **** 			{
 546:Middlewares/Third_Party/FreeRTOS/Source/queue.c **** 				pxReturn = pxSemaphore->u.xSemaphore.xMutexHolder;
 547:Middlewares/Third_Party/FreeRTOS/Source/queue.c **** 			}
 548:Middlewares/Third_Party/FreeRTOS/Source/queue.c **** 			else
 549:Middlewares/Third_Party/FreeRTOS/Source/queue.c **** 			{
 550:Middlewares/Third_Party/FreeRTOS/Source/queue.c **** 				pxReturn = NULL;
 551:Middlewares/Third_Party/FreeRTOS/Source/queue.c **** 			}
 552:Middlewares/Third_Party/FreeRTOS/Source/queue.c **** 		}
 553:Middlewares/Third_Party/FreeRTOS/Source/queue.c **** 		taskEXIT_CRITICAL();
 554:Middlewares/Third_Party/FreeRTOS/Source/queue.c **** 
 555:Middlewares/Third_Party/FreeRTOS/Source/queue.c **** 		return pxReturn;
 556:Middlewares/Third_Party/FreeRTOS/Source/queue.c **** 	} /*lint !e818 xSemaphore cannot be a pointer to const because it is a typedef. */
 557:Middlewares/Third_Party/FreeRTOS/Source/queue.c **** 
 558:Middlewares/Third_Party/FreeRTOS/Source/queue.c **** #endif
 559:Middlewares/Third_Party/FreeRTOS/Source/queue.c **** /*-----------------------------------------------------------*/
 560:Middlewares/Third_Party/FreeRTOS/Source/queue.c **** 
 561:Middlewares/Third_Party/FreeRTOS/Source/queue.c **** #if ( ( configUSE_MUTEXES == 1 ) && ( INCLUDE_xSemaphoreGetMutexHolder == 1 ) )
 562:Middlewares/Third_Party/FreeRTOS/Source/queue.c **** 
 563:Middlewares/Third_Party/FreeRTOS/Source/queue.c **** 	TaskHandle_t xQueueGetMutexHolderFromISR( QueueHandle_t xSemaphore )
 564:Middlewares/Third_Party/FreeRTOS/Source/queue.c **** 	{
 565:Middlewares/Third_Party/FreeRTOS/Source/queue.c **** 	TaskHandle_t pxReturn;
 566:Middlewares/Third_Party/FreeRTOS/Source/queue.c **** 
 567:Middlewares/Third_Party/FreeRTOS/Source/queue.c **** 		configASSERT( xSemaphore );
 568:Middlewares/Third_Party/FreeRTOS/Source/queue.c **** 
 569:Middlewares/Third_Party/FreeRTOS/Source/queue.c **** 		/* Mutexes cannot be used in interrupt service routines, so the mutex
 570:Middlewares/Third_Party/FreeRTOS/Source/queue.c **** 		holder should not change in an ISR, and therefore a critical section is
 571:Middlewares/Third_Party/FreeRTOS/Source/queue.c **** 		not required here. */
 572:Middlewares/Third_Party/FreeRTOS/Source/queue.c **** 		if( ( ( Queue_t * ) xSemaphore )->uxQueueType == queueQUEUE_IS_MUTEX )
 573:Middlewares/Third_Party/FreeRTOS/Source/queue.c **** 		{
 574:Middlewares/Third_Party/FreeRTOS/Source/queue.c **** 			pxReturn = ( ( Queue_t * ) xSemaphore )->u.xSemaphore.xMutexHolder;
 575:Middlewares/Third_Party/FreeRTOS/Source/queue.c **** 		}
 576:Middlewares/Third_Party/FreeRTOS/Source/queue.c **** 		else
 577:Middlewares/Third_Party/FreeRTOS/Source/queue.c **** 		{
 578:Middlewares/Third_Party/FreeRTOS/Source/queue.c **** 			pxReturn = NULL;
 579:Middlewares/Third_Party/FreeRTOS/Source/queue.c **** 		}
 580:Middlewares/Third_Party/FreeRTOS/Source/queue.c **** 
 581:Middlewares/Third_Party/FreeRTOS/Source/queue.c **** 		return pxReturn;
 582:Middlewares/Third_Party/FreeRTOS/Source/queue.c **** 	} /*lint !e818 xSemaphore cannot be a pointer to const because it is a typedef. */
 583:Middlewares/Third_Party/FreeRTOS/Source/queue.c **** 
 584:Middlewares/Third_Party/FreeRTOS/Source/queue.c **** #endif
 585:Middlewares/Third_Party/FreeRTOS/Source/queue.c **** /*-----------------------------------------------------------*/
 586:Middlewares/Third_Party/FreeRTOS/Source/queue.c **** 
 587:Middlewares/Third_Party/FreeRTOS/Source/queue.c **** #if ( configUSE_RECURSIVE_MUTEXES == 1 )
 588:Middlewares/Third_Party/FreeRTOS/Source/queue.c **** 
 589:Middlewares/Third_Party/FreeRTOS/Source/queue.c **** 	BaseType_t xQueueGiveMutexRecursive( QueueHandle_t xMutex )
 590:Middlewares/Third_Party/FreeRTOS/Source/queue.c **** 	{
 591:Middlewares/Third_Party/FreeRTOS/Source/queue.c **** 	BaseType_t xReturn;
 592:Middlewares/Third_Party/FreeRTOS/Source/queue.c **** 	Queue_t * const pxMutex = ( Queue_t * ) xMutex;
 593:Middlewares/Third_Party/FreeRTOS/Source/queue.c **** 
 594:Middlewares/Third_Party/FreeRTOS/Source/queue.c **** 		configASSERT( pxMutex );
 595:Middlewares/Third_Party/FreeRTOS/Source/queue.c **** 
 596:Middlewares/Third_Party/FreeRTOS/Source/queue.c **** 		/* If this is the task that holds the mutex then xMutexHolder will not
 597:Middlewares/Third_Party/FreeRTOS/Source/queue.c **** 		change outside of this task.  If this task does not hold the mutex then
 598:Middlewares/Third_Party/FreeRTOS/Source/queue.c **** 		pxMutexHolder can never coincidentally equal the tasks handle, and as
 599:Middlewares/Third_Party/FreeRTOS/Source/queue.c **** 		this is the only condition we are interested in it does not matter if
 600:Middlewares/Third_Party/FreeRTOS/Source/queue.c **** 		pxMutexHolder is accessed simultaneously by another task.  Therefore no
 601:Middlewares/Third_Party/FreeRTOS/Source/queue.c **** 		mutual exclusion is required to test the pxMutexHolder variable. */
ARM GAS  C:\Users\Made\AppData\Local\Temp\cclTNyiU.s 			page 12


 602:Middlewares/Third_Party/FreeRTOS/Source/queue.c **** 		if( pxMutex->u.xSemaphore.xMutexHolder == xTaskGetCurrentTaskHandle() )
 603:Middlewares/Third_Party/FreeRTOS/Source/queue.c **** 		{
 604:Middlewares/Third_Party/FreeRTOS/Source/queue.c **** 			traceGIVE_MUTEX_RECURSIVE( pxMutex );
 605:Middlewares/Third_Party/FreeRTOS/Source/queue.c **** 
 606:Middlewares/Third_Party/FreeRTOS/Source/queue.c **** 			/* uxRecursiveCallCount cannot be zero if xMutexHolder is equal to
 607:Middlewares/Third_Party/FreeRTOS/Source/queue.c **** 			the task handle, therefore no underflow check is required.  Also,
 608:Middlewares/Third_Party/FreeRTOS/Source/queue.c **** 			uxRecursiveCallCount is only modified by the mutex holder, and as
 609:Middlewares/Third_Party/FreeRTOS/Source/queue.c **** 			there can only be one, no mutual exclusion is required to modify the
 610:Middlewares/Third_Party/FreeRTOS/Source/queue.c **** 			uxRecursiveCallCount member. */
 611:Middlewares/Third_Party/FreeRTOS/Source/queue.c **** 			( pxMutex->u.xSemaphore.uxRecursiveCallCount )--;
 612:Middlewares/Third_Party/FreeRTOS/Source/queue.c **** 
 613:Middlewares/Third_Party/FreeRTOS/Source/queue.c **** 			/* Has the recursive call count unwound to 0? */
 614:Middlewares/Third_Party/FreeRTOS/Source/queue.c **** 			if( pxMutex->u.xSemaphore.uxRecursiveCallCount == ( UBaseType_t ) 0 )
 615:Middlewares/Third_Party/FreeRTOS/Source/queue.c **** 			{
 616:Middlewares/Third_Party/FreeRTOS/Source/queue.c **** 				/* Return the mutex.  This will automatically unblock any other
 617:Middlewares/Third_Party/FreeRTOS/Source/queue.c **** 				task that might be waiting to access the mutex. */
 618:Middlewares/Third_Party/FreeRTOS/Source/queue.c **** 				( void ) xQueueGenericSend( pxMutex, NULL, queueMUTEX_GIVE_BLOCK_TIME, queueSEND_TO_BACK );
 619:Middlewares/Third_Party/FreeRTOS/Source/queue.c **** 			}
 620:Middlewares/Third_Party/FreeRTOS/Source/queue.c **** 			else
 621:Middlewares/Third_Party/FreeRTOS/Source/queue.c **** 			{
 622:Middlewares/Third_Party/FreeRTOS/Source/queue.c **** 				mtCOVERAGE_TEST_MARKER();
 623:Middlewares/Third_Party/FreeRTOS/Source/queue.c **** 			}
 624:Middlewares/Third_Party/FreeRTOS/Source/queue.c **** 
 625:Middlewares/Third_Party/FreeRTOS/Source/queue.c **** 			xReturn = pdPASS;
 626:Middlewares/Third_Party/FreeRTOS/Source/queue.c **** 		}
 627:Middlewares/Third_Party/FreeRTOS/Source/queue.c **** 		else
 628:Middlewares/Third_Party/FreeRTOS/Source/queue.c **** 		{
 629:Middlewares/Third_Party/FreeRTOS/Source/queue.c **** 			/* The mutex cannot be given because the calling task is not the
 630:Middlewares/Third_Party/FreeRTOS/Source/queue.c **** 			holder. */
 631:Middlewares/Third_Party/FreeRTOS/Source/queue.c **** 			xReturn = pdFAIL;
 632:Middlewares/Third_Party/FreeRTOS/Source/queue.c **** 
 633:Middlewares/Third_Party/FreeRTOS/Source/queue.c **** 			traceGIVE_MUTEX_RECURSIVE_FAILED( pxMutex );
 634:Middlewares/Third_Party/FreeRTOS/Source/queue.c **** 		}
 635:Middlewares/Third_Party/FreeRTOS/Source/queue.c **** 
 636:Middlewares/Third_Party/FreeRTOS/Source/queue.c **** 		return xReturn;
 637:Middlewares/Third_Party/FreeRTOS/Source/queue.c **** 	}
 638:Middlewares/Third_Party/FreeRTOS/Source/queue.c **** 
 639:Middlewares/Third_Party/FreeRTOS/Source/queue.c **** #endif /* configUSE_RECURSIVE_MUTEXES */
 640:Middlewares/Third_Party/FreeRTOS/Source/queue.c **** /*-----------------------------------------------------------*/
 641:Middlewares/Third_Party/FreeRTOS/Source/queue.c **** 
 642:Middlewares/Third_Party/FreeRTOS/Source/queue.c **** #if ( configUSE_RECURSIVE_MUTEXES == 1 )
 643:Middlewares/Third_Party/FreeRTOS/Source/queue.c **** 
 644:Middlewares/Third_Party/FreeRTOS/Source/queue.c **** 	BaseType_t xQueueTakeMutexRecursive( QueueHandle_t xMutex, TickType_t xTicksToWait )
 645:Middlewares/Third_Party/FreeRTOS/Source/queue.c **** 	{
 646:Middlewares/Third_Party/FreeRTOS/Source/queue.c **** 	BaseType_t xReturn;
 647:Middlewares/Third_Party/FreeRTOS/Source/queue.c **** 	Queue_t * const pxMutex = ( Queue_t * ) xMutex;
 648:Middlewares/Third_Party/FreeRTOS/Source/queue.c **** 
 649:Middlewares/Third_Party/FreeRTOS/Source/queue.c **** 		configASSERT( pxMutex );
 650:Middlewares/Third_Party/FreeRTOS/Source/queue.c **** 
 651:Middlewares/Third_Party/FreeRTOS/Source/queue.c **** 		/* Comments regarding mutual exclusion as per those within
 652:Middlewares/Third_Party/FreeRTOS/Source/queue.c **** 		xQueueGiveMutexRecursive(). */
 653:Middlewares/Third_Party/FreeRTOS/Source/queue.c **** 
 654:Middlewares/Third_Party/FreeRTOS/Source/queue.c **** 		traceTAKE_MUTEX_RECURSIVE( pxMutex );
 655:Middlewares/Third_Party/FreeRTOS/Source/queue.c **** 
 656:Middlewares/Third_Party/FreeRTOS/Source/queue.c **** 		if( pxMutex->u.xSemaphore.xMutexHolder == xTaskGetCurrentTaskHandle() )
 657:Middlewares/Third_Party/FreeRTOS/Source/queue.c **** 		{
 658:Middlewares/Third_Party/FreeRTOS/Source/queue.c **** 			( pxMutex->u.xSemaphore.uxRecursiveCallCount )++;
ARM GAS  C:\Users\Made\AppData\Local\Temp\cclTNyiU.s 			page 13


 659:Middlewares/Third_Party/FreeRTOS/Source/queue.c **** 			xReturn = pdPASS;
 660:Middlewares/Third_Party/FreeRTOS/Source/queue.c **** 		}
 661:Middlewares/Third_Party/FreeRTOS/Source/queue.c **** 		else
 662:Middlewares/Third_Party/FreeRTOS/Source/queue.c **** 		{
 663:Middlewares/Third_Party/FreeRTOS/Source/queue.c **** 			xReturn = xQueueSemaphoreTake( pxMutex, xTicksToWait );
 664:Middlewares/Third_Party/FreeRTOS/Source/queue.c **** 
 665:Middlewares/Third_Party/FreeRTOS/Source/queue.c **** 			/* pdPASS will only be returned if the mutex was successfully
 666:Middlewares/Third_Party/FreeRTOS/Source/queue.c **** 			obtained.  The calling task may have entered the Blocked state
 667:Middlewares/Third_Party/FreeRTOS/Source/queue.c **** 			before reaching here. */
 668:Middlewares/Third_Party/FreeRTOS/Source/queue.c **** 			if( xReturn != pdFAIL )
 669:Middlewares/Third_Party/FreeRTOS/Source/queue.c **** 			{
 670:Middlewares/Third_Party/FreeRTOS/Source/queue.c **** 				( pxMutex->u.xSemaphore.uxRecursiveCallCount )++;
 671:Middlewares/Third_Party/FreeRTOS/Source/queue.c **** 			}
 672:Middlewares/Third_Party/FreeRTOS/Source/queue.c **** 			else
 673:Middlewares/Third_Party/FreeRTOS/Source/queue.c **** 			{
 674:Middlewares/Third_Party/FreeRTOS/Source/queue.c **** 				traceTAKE_MUTEX_RECURSIVE_FAILED( pxMutex );
 675:Middlewares/Third_Party/FreeRTOS/Source/queue.c **** 			}
 676:Middlewares/Third_Party/FreeRTOS/Source/queue.c **** 		}
 677:Middlewares/Third_Party/FreeRTOS/Source/queue.c **** 
 678:Middlewares/Third_Party/FreeRTOS/Source/queue.c **** 		return xReturn;
 679:Middlewares/Third_Party/FreeRTOS/Source/queue.c **** 	}
 680:Middlewares/Third_Party/FreeRTOS/Source/queue.c **** 
 681:Middlewares/Third_Party/FreeRTOS/Source/queue.c **** #endif /* configUSE_RECURSIVE_MUTEXES */
 682:Middlewares/Third_Party/FreeRTOS/Source/queue.c **** /*-----------------------------------------------------------*/
 683:Middlewares/Third_Party/FreeRTOS/Source/queue.c **** 
 684:Middlewares/Third_Party/FreeRTOS/Source/queue.c **** #if( ( configUSE_COUNTING_SEMAPHORES == 1 ) && ( configSUPPORT_STATIC_ALLOCATION == 1 ) )
 685:Middlewares/Third_Party/FreeRTOS/Source/queue.c **** 
 686:Middlewares/Third_Party/FreeRTOS/Source/queue.c **** 	QueueHandle_t xQueueCreateCountingSemaphoreStatic( const UBaseType_t uxMaxCount, const UBaseType_t
 687:Middlewares/Third_Party/FreeRTOS/Source/queue.c **** 	{
 688:Middlewares/Third_Party/FreeRTOS/Source/queue.c **** 	QueueHandle_t xHandle;
 689:Middlewares/Third_Party/FreeRTOS/Source/queue.c **** 
 690:Middlewares/Third_Party/FreeRTOS/Source/queue.c **** 		configASSERT( uxMaxCount != 0 );
 691:Middlewares/Third_Party/FreeRTOS/Source/queue.c **** 		configASSERT( uxInitialCount <= uxMaxCount );
 692:Middlewares/Third_Party/FreeRTOS/Source/queue.c **** 
 693:Middlewares/Third_Party/FreeRTOS/Source/queue.c **** 		xHandle = xQueueGenericCreateStatic( uxMaxCount, queueSEMAPHORE_QUEUE_ITEM_LENGTH, NULL, pxStatic
 694:Middlewares/Third_Party/FreeRTOS/Source/queue.c **** 
 695:Middlewares/Third_Party/FreeRTOS/Source/queue.c **** 		if( xHandle != NULL )
 696:Middlewares/Third_Party/FreeRTOS/Source/queue.c **** 		{
 697:Middlewares/Third_Party/FreeRTOS/Source/queue.c **** 			( ( Queue_t * ) xHandle )->uxMessagesWaiting = uxInitialCount;
 698:Middlewares/Third_Party/FreeRTOS/Source/queue.c **** 
 699:Middlewares/Third_Party/FreeRTOS/Source/queue.c **** 			traceCREATE_COUNTING_SEMAPHORE();
 700:Middlewares/Third_Party/FreeRTOS/Source/queue.c **** 		}
 701:Middlewares/Third_Party/FreeRTOS/Source/queue.c **** 		else
 702:Middlewares/Third_Party/FreeRTOS/Source/queue.c **** 		{
 703:Middlewares/Third_Party/FreeRTOS/Source/queue.c **** 			traceCREATE_COUNTING_SEMAPHORE_FAILED();
 704:Middlewares/Third_Party/FreeRTOS/Source/queue.c **** 		}
 705:Middlewares/Third_Party/FreeRTOS/Source/queue.c **** 
 706:Middlewares/Third_Party/FreeRTOS/Source/queue.c **** 		return xHandle;
 707:Middlewares/Third_Party/FreeRTOS/Source/queue.c **** 	}
 708:Middlewares/Third_Party/FreeRTOS/Source/queue.c **** 
 709:Middlewares/Third_Party/FreeRTOS/Source/queue.c **** #endif /* ( ( configUSE_COUNTING_SEMAPHORES == 1 ) && ( configSUPPORT_DYNAMIC_ALLOCATION == 1 ) ) *
 710:Middlewares/Third_Party/FreeRTOS/Source/queue.c **** /*-----------------------------------------------------------*/
 711:Middlewares/Third_Party/FreeRTOS/Source/queue.c **** 
 712:Middlewares/Third_Party/FreeRTOS/Source/queue.c **** #if( ( configUSE_COUNTING_SEMAPHORES == 1 ) && ( configSUPPORT_DYNAMIC_ALLOCATION == 1 ) )
 713:Middlewares/Third_Party/FreeRTOS/Source/queue.c **** 
 714:Middlewares/Third_Party/FreeRTOS/Source/queue.c **** 	QueueHandle_t xQueueCreateCountingSemaphore( const UBaseType_t uxMaxCount, const UBaseType_t uxIni
 715:Middlewares/Third_Party/FreeRTOS/Source/queue.c **** 	{
ARM GAS  C:\Users\Made\AppData\Local\Temp\cclTNyiU.s 			page 14


 716:Middlewares/Third_Party/FreeRTOS/Source/queue.c **** 	QueueHandle_t xHandle;
 717:Middlewares/Third_Party/FreeRTOS/Source/queue.c **** 
 718:Middlewares/Third_Party/FreeRTOS/Source/queue.c **** 		configASSERT( uxMaxCount != 0 );
 719:Middlewares/Third_Party/FreeRTOS/Source/queue.c **** 		configASSERT( uxInitialCount <= uxMaxCount );
 720:Middlewares/Third_Party/FreeRTOS/Source/queue.c **** 
 721:Middlewares/Third_Party/FreeRTOS/Source/queue.c **** 		xHandle = xQueueGenericCreate( uxMaxCount, queueSEMAPHORE_QUEUE_ITEM_LENGTH, queueQUEUE_TYPE_COUN
 722:Middlewares/Third_Party/FreeRTOS/Source/queue.c **** 
 723:Middlewares/Third_Party/FreeRTOS/Source/queue.c **** 		if( xHandle != NULL )
 724:Middlewares/Third_Party/FreeRTOS/Source/queue.c **** 		{
 725:Middlewares/Third_Party/FreeRTOS/Source/queue.c **** 			( ( Queue_t * ) xHandle )->uxMessagesWaiting = uxInitialCount;
 726:Middlewares/Third_Party/FreeRTOS/Source/queue.c **** 
 727:Middlewares/Third_Party/FreeRTOS/Source/queue.c **** 			traceCREATE_COUNTING_SEMAPHORE();
 728:Middlewares/Third_Party/FreeRTOS/Source/queue.c **** 		}
 729:Middlewares/Third_Party/FreeRTOS/Source/queue.c **** 		else
 730:Middlewares/Third_Party/FreeRTOS/Source/queue.c **** 		{
 731:Middlewares/Third_Party/FreeRTOS/Source/queue.c **** 			traceCREATE_COUNTING_SEMAPHORE_FAILED();
 732:Middlewares/Third_Party/FreeRTOS/Source/queue.c **** 		}
 733:Middlewares/Third_Party/FreeRTOS/Source/queue.c **** 
 734:Middlewares/Third_Party/FreeRTOS/Source/queue.c **** 		return xHandle;
 735:Middlewares/Third_Party/FreeRTOS/Source/queue.c **** 	}
 736:Middlewares/Third_Party/FreeRTOS/Source/queue.c **** 
 737:Middlewares/Third_Party/FreeRTOS/Source/queue.c **** #endif /* ( ( configUSE_COUNTING_SEMAPHORES == 1 ) && ( configSUPPORT_DYNAMIC_ALLOCATION == 1 ) ) *
 738:Middlewares/Third_Party/FreeRTOS/Source/queue.c **** /*-----------------------------------------------------------*/
 739:Middlewares/Third_Party/FreeRTOS/Source/queue.c **** 
 740:Middlewares/Third_Party/FreeRTOS/Source/queue.c **** BaseType_t xQueueGenericSend( QueueHandle_t xQueue, const void * const pvItemToQueue, TickType_t xT
 741:Middlewares/Third_Party/FreeRTOS/Source/queue.c **** {
 742:Middlewares/Third_Party/FreeRTOS/Source/queue.c **** BaseType_t xEntryTimeSet = pdFALSE, xYieldRequired;
 743:Middlewares/Third_Party/FreeRTOS/Source/queue.c **** TimeOut_t xTimeOut;
 744:Middlewares/Third_Party/FreeRTOS/Source/queue.c **** Queue_t * const pxQueue = xQueue;
 745:Middlewares/Third_Party/FreeRTOS/Source/queue.c **** 
 746:Middlewares/Third_Party/FreeRTOS/Source/queue.c **** 	configASSERT( pxQueue );
 747:Middlewares/Third_Party/FreeRTOS/Source/queue.c **** 	configASSERT( !( ( pvItemToQueue == NULL ) && ( pxQueue->uxItemSize != ( UBaseType_t ) 0U ) ) );
 748:Middlewares/Third_Party/FreeRTOS/Source/queue.c **** 	configASSERT( !( ( xCopyPosition == queueOVERWRITE ) && ( pxQueue->uxLength != 1 ) ) );
 749:Middlewares/Third_Party/FreeRTOS/Source/queue.c **** 	#if ( ( INCLUDE_xTaskGetSchedulerState == 1 ) || ( configUSE_TIMERS == 1 ) )
 750:Middlewares/Third_Party/FreeRTOS/Source/queue.c **** 	{
 751:Middlewares/Third_Party/FreeRTOS/Source/queue.c **** 		configASSERT( !( ( xTaskGetSchedulerState() == taskSCHEDULER_SUSPENDED ) && ( xTicksToWait != 0 )
 752:Middlewares/Third_Party/FreeRTOS/Source/queue.c **** 	}
 753:Middlewares/Third_Party/FreeRTOS/Source/queue.c **** 	#endif
 754:Middlewares/Third_Party/FreeRTOS/Source/queue.c **** 
 755:Middlewares/Third_Party/FreeRTOS/Source/queue.c **** 
 756:Middlewares/Third_Party/FreeRTOS/Source/queue.c **** 	/*lint -save -e904 This function relaxes the coding standard somewhat to
 757:Middlewares/Third_Party/FreeRTOS/Source/queue.c **** 	allow return statements within the function itself.  This is done in the
 758:Middlewares/Third_Party/FreeRTOS/Source/queue.c **** 	interest of execution time efficiency. */
 759:Middlewares/Third_Party/FreeRTOS/Source/queue.c **** 	for( ;; )
 760:Middlewares/Third_Party/FreeRTOS/Source/queue.c **** 	{
 761:Middlewares/Third_Party/FreeRTOS/Source/queue.c **** 		taskENTER_CRITICAL();
 762:Middlewares/Third_Party/FreeRTOS/Source/queue.c **** 		{
 763:Middlewares/Third_Party/FreeRTOS/Source/queue.c **** 			/* Is there room on the queue now?  The running task must be the
 764:Middlewares/Third_Party/FreeRTOS/Source/queue.c **** 			highest priority task wanting to access the queue.  If the head item
 765:Middlewares/Third_Party/FreeRTOS/Source/queue.c **** 			in the queue is to be overwritten then it does not matter if the
 766:Middlewares/Third_Party/FreeRTOS/Source/queue.c **** 			queue is full. */
 767:Middlewares/Third_Party/FreeRTOS/Source/queue.c **** 			if( ( pxQueue->uxMessagesWaiting < pxQueue->uxLength ) || ( xCopyPosition == queueOVERWRITE ) )
 768:Middlewares/Third_Party/FreeRTOS/Source/queue.c **** 			{
 769:Middlewares/Third_Party/FreeRTOS/Source/queue.c **** 				traceQUEUE_SEND( pxQueue );
 770:Middlewares/Third_Party/FreeRTOS/Source/queue.c **** 
 771:Middlewares/Third_Party/FreeRTOS/Source/queue.c **** 				#if ( configUSE_QUEUE_SETS == 1 )
 772:Middlewares/Third_Party/FreeRTOS/Source/queue.c **** 				{
ARM GAS  C:\Users\Made\AppData\Local\Temp\cclTNyiU.s 			page 15


 773:Middlewares/Third_Party/FreeRTOS/Source/queue.c **** 				const UBaseType_t uxPreviousMessagesWaiting = pxQueue->uxMessagesWaiting;
 774:Middlewares/Third_Party/FreeRTOS/Source/queue.c **** 
 775:Middlewares/Third_Party/FreeRTOS/Source/queue.c **** 					xYieldRequired = prvCopyDataToQueue( pxQueue, pvItemToQueue, xCopyPosition );
 776:Middlewares/Third_Party/FreeRTOS/Source/queue.c **** 
 777:Middlewares/Third_Party/FreeRTOS/Source/queue.c **** 					if( pxQueue->pxQueueSetContainer != NULL )
 778:Middlewares/Third_Party/FreeRTOS/Source/queue.c **** 					{
 779:Middlewares/Third_Party/FreeRTOS/Source/queue.c **** 						if( ( xCopyPosition == queueOVERWRITE ) && ( uxPreviousMessagesWaiting != ( UBaseType_t ) 0 )
 780:Middlewares/Third_Party/FreeRTOS/Source/queue.c **** 						{
 781:Middlewares/Third_Party/FreeRTOS/Source/queue.c **** 							/* Do not notify the queue set as an existing item
 782:Middlewares/Third_Party/FreeRTOS/Source/queue.c **** 							was overwritten in the queue so the number of items
 783:Middlewares/Third_Party/FreeRTOS/Source/queue.c **** 							in the queue has not changed. */
 784:Middlewares/Third_Party/FreeRTOS/Source/queue.c **** 							mtCOVERAGE_TEST_MARKER();
 785:Middlewares/Third_Party/FreeRTOS/Source/queue.c **** 						}
 786:Middlewares/Third_Party/FreeRTOS/Source/queue.c **** 						else if( prvNotifyQueueSetContainer( pxQueue ) != pdFALSE )
 787:Middlewares/Third_Party/FreeRTOS/Source/queue.c **** 						{
 788:Middlewares/Third_Party/FreeRTOS/Source/queue.c **** 							/* The queue is a member of a queue set, and posting
 789:Middlewares/Third_Party/FreeRTOS/Source/queue.c **** 							to the queue set caused a higher priority task to
 790:Middlewares/Third_Party/FreeRTOS/Source/queue.c **** 							unblock. A context switch is required. */
 791:Middlewares/Third_Party/FreeRTOS/Source/queue.c **** 							queueYIELD_IF_USING_PREEMPTION();
 792:Middlewares/Third_Party/FreeRTOS/Source/queue.c **** 						}
 793:Middlewares/Third_Party/FreeRTOS/Source/queue.c **** 						else
 794:Middlewares/Third_Party/FreeRTOS/Source/queue.c **** 						{
 795:Middlewares/Third_Party/FreeRTOS/Source/queue.c **** 							mtCOVERAGE_TEST_MARKER();
 796:Middlewares/Third_Party/FreeRTOS/Source/queue.c **** 						}
 797:Middlewares/Third_Party/FreeRTOS/Source/queue.c **** 					}
 798:Middlewares/Third_Party/FreeRTOS/Source/queue.c **** 					else
 799:Middlewares/Third_Party/FreeRTOS/Source/queue.c **** 					{
 800:Middlewares/Third_Party/FreeRTOS/Source/queue.c **** 						/* If there was a task waiting for data to arrive on the
 801:Middlewares/Third_Party/FreeRTOS/Source/queue.c **** 						queue then unblock it now. */
 802:Middlewares/Third_Party/FreeRTOS/Source/queue.c **** 						if( listLIST_IS_EMPTY( &( pxQueue->xTasksWaitingToReceive ) ) == pdFALSE )
 803:Middlewares/Third_Party/FreeRTOS/Source/queue.c **** 						{
 804:Middlewares/Third_Party/FreeRTOS/Source/queue.c **** 							if( xTaskRemoveFromEventList( &( pxQueue->xTasksWaitingToReceive ) ) != pdFALSE )
 805:Middlewares/Third_Party/FreeRTOS/Source/queue.c **** 							{
 806:Middlewares/Third_Party/FreeRTOS/Source/queue.c **** 								/* The unblocked task has a priority higher than
 807:Middlewares/Third_Party/FreeRTOS/Source/queue.c **** 								our own so yield immediately.  Yes it is ok to
 808:Middlewares/Third_Party/FreeRTOS/Source/queue.c **** 								do this from within the critical section - the
 809:Middlewares/Third_Party/FreeRTOS/Source/queue.c **** 								kernel takes care of that. */
 810:Middlewares/Third_Party/FreeRTOS/Source/queue.c **** 								queueYIELD_IF_USING_PREEMPTION();
 811:Middlewares/Third_Party/FreeRTOS/Source/queue.c **** 							}
 812:Middlewares/Third_Party/FreeRTOS/Source/queue.c **** 							else
 813:Middlewares/Third_Party/FreeRTOS/Source/queue.c **** 							{
 814:Middlewares/Third_Party/FreeRTOS/Source/queue.c **** 								mtCOVERAGE_TEST_MARKER();
 815:Middlewares/Third_Party/FreeRTOS/Source/queue.c **** 							}
 816:Middlewares/Third_Party/FreeRTOS/Source/queue.c **** 						}
 817:Middlewares/Third_Party/FreeRTOS/Source/queue.c **** 						else if( xYieldRequired != pdFALSE )
 818:Middlewares/Third_Party/FreeRTOS/Source/queue.c **** 						{
 819:Middlewares/Third_Party/FreeRTOS/Source/queue.c **** 							/* This path is a special case that will only get
 820:Middlewares/Third_Party/FreeRTOS/Source/queue.c **** 							executed if the task was holding multiple mutexes
 821:Middlewares/Third_Party/FreeRTOS/Source/queue.c **** 							and the mutexes were given back in an order that is
 822:Middlewares/Third_Party/FreeRTOS/Source/queue.c **** 							different to that in which they were taken. */
 823:Middlewares/Third_Party/FreeRTOS/Source/queue.c **** 							queueYIELD_IF_USING_PREEMPTION();
 824:Middlewares/Third_Party/FreeRTOS/Source/queue.c **** 						}
 825:Middlewares/Third_Party/FreeRTOS/Source/queue.c **** 						else
 826:Middlewares/Third_Party/FreeRTOS/Source/queue.c **** 						{
 827:Middlewares/Third_Party/FreeRTOS/Source/queue.c **** 							mtCOVERAGE_TEST_MARKER();
 828:Middlewares/Third_Party/FreeRTOS/Source/queue.c **** 						}
 829:Middlewares/Third_Party/FreeRTOS/Source/queue.c **** 					}
ARM GAS  C:\Users\Made\AppData\Local\Temp\cclTNyiU.s 			page 16


 830:Middlewares/Third_Party/FreeRTOS/Source/queue.c **** 				}
 831:Middlewares/Third_Party/FreeRTOS/Source/queue.c **** 				#else /* configUSE_QUEUE_SETS */
 832:Middlewares/Third_Party/FreeRTOS/Source/queue.c **** 				{
 833:Middlewares/Third_Party/FreeRTOS/Source/queue.c **** 					xYieldRequired = prvCopyDataToQueue( pxQueue, pvItemToQueue, xCopyPosition );
 834:Middlewares/Third_Party/FreeRTOS/Source/queue.c **** 
 835:Middlewares/Third_Party/FreeRTOS/Source/queue.c **** 					/* If there was a task waiting for data to arrive on the
 836:Middlewares/Third_Party/FreeRTOS/Source/queue.c **** 					queue then unblock it now. */
 837:Middlewares/Third_Party/FreeRTOS/Source/queue.c **** 					if( listLIST_IS_EMPTY( &( pxQueue->xTasksWaitingToReceive ) ) == pdFALSE )
 838:Middlewares/Third_Party/FreeRTOS/Source/queue.c **** 					{
 839:Middlewares/Third_Party/FreeRTOS/Source/queue.c **** 						if( xTaskRemoveFromEventList( &( pxQueue->xTasksWaitingToReceive ) ) != pdFALSE )
 840:Middlewares/Third_Party/FreeRTOS/Source/queue.c **** 						{
 841:Middlewares/Third_Party/FreeRTOS/Source/queue.c **** 							/* The unblocked task has a priority higher than
 842:Middlewares/Third_Party/FreeRTOS/Source/queue.c **** 							our own so yield immediately.  Yes it is ok to do
 843:Middlewares/Third_Party/FreeRTOS/Source/queue.c **** 							this from within the critical section - the kernel
 844:Middlewares/Third_Party/FreeRTOS/Source/queue.c **** 							takes care of that. */
 845:Middlewares/Third_Party/FreeRTOS/Source/queue.c **** 							queueYIELD_IF_USING_PREEMPTION();
 846:Middlewares/Third_Party/FreeRTOS/Source/queue.c **** 						}
 847:Middlewares/Third_Party/FreeRTOS/Source/queue.c **** 						else
 848:Middlewares/Third_Party/FreeRTOS/Source/queue.c **** 						{
 849:Middlewares/Third_Party/FreeRTOS/Source/queue.c **** 							mtCOVERAGE_TEST_MARKER();
 850:Middlewares/Third_Party/FreeRTOS/Source/queue.c **** 						}
 851:Middlewares/Third_Party/FreeRTOS/Source/queue.c **** 					}
 852:Middlewares/Third_Party/FreeRTOS/Source/queue.c **** 					else if( xYieldRequired != pdFALSE )
 853:Middlewares/Third_Party/FreeRTOS/Source/queue.c **** 					{
 854:Middlewares/Third_Party/FreeRTOS/Source/queue.c **** 						/* This path is a special case that will only get
 855:Middlewares/Third_Party/FreeRTOS/Source/queue.c **** 						executed if the task was holding multiple mutexes and
 856:Middlewares/Third_Party/FreeRTOS/Source/queue.c **** 						the mutexes were given back in an order that is
 857:Middlewares/Third_Party/FreeRTOS/Source/queue.c **** 						different to that in which they were taken. */
 858:Middlewares/Third_Party/FreeRTOS/Source/queue.c **** 						queueYIELD_IF_USING_PREEMPTION();
 859:Middlewares/Third_Party/FreeRTOS/Source/queue.c **** 					}
 860:Middlewares/Third_Party/FreeRTOS/Source/queue.c **** 					else
 861:Middlewares/Third_Party/FreeRTOS/Source/queue.c **** 					{
 862:Middlewares/Third_Party/FreeRTOS/Source/queue.c **** 						mtCOVERAGE_TEST_MARKER();
 863:Middlewares/Third_Party/FreeRTOS/Source/queue.c **** 					}
 864:Middlewares/Third_Party/FreeRTOS/Source/queue.c **** 				}
 865:Middlewares/Third_Party/FreeRTOS/Source/queue.c **** 				#endif /* configUSE_QUEUE_SETS */
 866:Middlewares/Third_Party/FreeRTOS/Source/queue.c **** 
 867:Middlewares/Third_Party/FreeRTOS/Source/queue.c **** 				taskEXIT_CRITICAL();
 868:Middlewares/Third_Party/FreeRTOS/Source/queue.c **** 				return pdPASS;
 869:Middlewares/Third_Party/FreeRTOS/Source/queue.c **** 			}
 870:Middlewares/Third_Party/FreeRTOS/Source/queue.c **** 			else
 871:Middlewares/Third_Party/FreeRTOS/Source/queue.c **** 			{
 872:Middlewares/Third_Party/FreeRTOS/Source/queue.c **** 				if( xTicksToWait == ( TickType_t ) 0 )
 873:Middlewares/Third_Party/FreeRTOS/Source/queue.c **** 				{
 874:Middlewares/Third_Party/FreeRTOS/Source/queue.c **** 					/* The queue was full and no block time is specified (or
 875:Middlewares/Third_Party/FreeRTOS/Source/queue.c **** 					the block time has expired) so leave now. */
 876:Middlewares/Third_Party/FreeRTOS/Source/queue.c **** 					taskEXIT_CRITICAL();
 877:Middlewares/Third_Party/FreeRTOS/Source/queue.c **** 
 878:Middlewares/Third_Party/FreeRTOS/Source/queue.c **** 					/* Return to the original privilege level before exiting
 879:Middlewares/Third_Party/FreeRTOS/Source/queue.c **** 					the function. */
 880:Middlewares/Third_Party/FreeRTOS/Source/queue.c **** 					traceQUEUE_SEND_FAILED( pxQueue );
 881:Middlewares/Third_Party/FreeRTOS/Source/queue.c **** 					return errQUEUE_FULL;
 882:Middlewares/Third_Party/FreeRTOS/Source/queue.c **** 				}
 883:Middlewares/Third_Party/FreeRTOS/Source/queue.c **** 				else if( xEntryTimeSet == pdFALSE )
 884:Middlewares/Third_Party/FreeRTOS/Source/queue.c **** 				{
 885:Middlewares/Third_Party/FreeRTOS/Source/queue.c **** 					/* The queue was full and a block time was specified so
 886:Middlewares/Third_Party/FreeRTOS/Source/queue.c **** 					configure the timeout structure. */
ARM GAS  C:\Users\Made\AppData\Local\Temp\cclTNyiU.s 			page 17


 887:Middlewares/Third_Party/FreeRTOS/Source/queue.c **** 					vTaskInternalSetTimeOutState( &xTimeOut );
 888:Middlewares/Third_Party/FreeRTOS/Source/queue.c **** 					xEntryTimeSet = pdTRUE;
 889:Middlewares/Third_Party/FreeRTOS/Source/queue.c **** 				}
 890:Middlewares/Third_Party/FreeRTOS/Source/queue.c **** 				else
 891:Middlewares/Third_Party/FreeRTOS/Source/queue.c **** 				{
 892:Middlewares/Third_Party/FreeRTOS/Source/queue.c **** 					/* Entry time was already set. */
 893:Middlewares/Third_Party/FreeRTOS/Source/queue.c **** 					mtCOVERAGE_TEST_MARKER();
 894:Middlewares/Third_Party/FreeRTOS/Source/queue.c **** 				}
 895:Middlewares/Third_Party/FreeRTOS/Source/queue.c **** 			}
 896:Middlewares/Third_Party/FreeRTOS/Source/queue.c **** 		}
 897:Middlewares/Third_Party/FreeRTOS/Source/queue.c **** 		taskEXIT_CRITICAL();
 898:Middlewares/Third_Party/FreeRTOS/Source/queue.c **** 
 899:Middlewares/Third_Party/FreeRTOS/Source/queue.c **** 		/* Interrupts and other tasks can send to and receive from the queue
 900:Middlewares/Third_Party/FreeRTOS/Source/queue.c **** 		now the critical section has been exited. */
 901:Middlewares/Third_Party/FreeRTOS/Source/queue.c **** 
 902:Middlewares/Third_Party/FreeRTOS/Source/queue.c **** 		vTaskSuspendAll();
 903:Middlewares/Third_Party/FreeRTOS/Source/queue.c **** 		prvLockQueue( pxQueue );
 904:Middlewares/Third_Party/FreeRTOS/Source/queue.c **** 
 905:Middlewares/Third_Party/FreeRTOS/Source/queue.c **** 		/* Update the timeout state to see if it has expired yet. */
 906:Middlewares/Third_Party/FreeRTOS/Source/queue.c **** 		if( xTaskCheckForTimeOut( &xTimeOut, &xTicksToWait ) == pdFALSE )
 907:Middlewares/Third_Party/FreeRTOS/Source/queue.c **** 		{
 908:Middlewares/Third_Party/FreeRTOS/Source/queue.c **** 			if( prvIsQueueFull( pxQueue ) != pdFALSE )
 909:Middlewares/Third_Party/FreeRTOS/Source/queue.c **** 			{
 910:Middlewares/Third_Party/FreeRTOS/Source/queue.c **** 				traceBLOCKING_ON_QUEUE_SEND( pxQueue );
 911:Middlewares/Third_Party/FreeRTOS/Source/queue.c **** 				vTaskPlaceOnEventList( &( pxQueue->xTasksWaitingToSend ), xTicksToWait );
 912:Middlewares/Third_Party/FreeRTOS/Source/queue.c **** 
 913:Middlewares/Third_Party/FreeRTOS/Source/queue.c **** 				/* Unlocking the queue means queue events can effect the
 914:Middlewares/Third_Party/FreeRTOS/Source/queue.c **** 				event list.  It is possible that interrupts occurring now
 915:Middlewares/Third_Party/FreeRTOS/Source/queue.c **** 				remove this task from the event list again - but as the
 916:Middlewares/Third_Party/FreeRTOS/Source/queue.c **** 				scheduler is suspended the task will go onto the pending
 917:Middlewares/Third_Party/FreeRTOS/Source/queue.c **** 				ready last instead of the actual ready list. */
 918:Middlewares/Third_Party/FreeRTOS/Source/queue.c **** 				prvUnlockQueue( pxQueue );
 919:Middlewares/Third_Party/FreeRTOS/Source/queue.c **** 
 920:Middlewares/Third_Party/FreeRTOS/Source/queue.c **** 				/* Resuming the scheduler will move tasks from the pending
 921:Middlewares/Third_Party/FreeRTOS/Source/queue.c **** 				ready list into the ready list - so it is feasible that this
 922:Middlewares/Third_Party/FreeRTOS/Source/queue.c **** 				task is already in a ready list before it yields - in which
 923:Middlewares/Third_Party/FreeRTOS/Source/queue.c **** 				case the yield will not cause a context switch unless there
 924:Middlewares/Third_Party/FreeRTOS/Source/queue.c **** 				is also a higher priority task in the pending ready list. */
 925:Middlewares/Third_Party/FreeRTOS/Source/queue.c **** 				if( xTaskResumeAll() == pdFALSE )
 926:Middlewares/Third_Party/FreeRTOS/Source/queue.c **** 				{
 927:Middlewares/Third_Party/FreeRTOS/Source/queue.c **** 					portYIELD_WITHIN_API();
 928:Middlewares/Third_Party/FreeRTOS/Source/queue.c **** 				}
 929:Middlewares/Third_Party/FreeRTOS/Source/queue.c **** 			}
 930:Middlewares/Third_Party/FreeRTOS/Source/queue.c **** 			else
 931:Middlewares/Third_Party/FreeRTOS/Source/queue.c **** 			{
 932:Middlewares/Third_Party/FreeRTOS/Source/queue.c **** 				/* Try again. */
 933:Middlewares/Third_Party/FreeRTOS/Source/queue.c **** 				prvUnlockQueue( pxQueue );
 934:Middlewares/Third_Party/FreeRTOS/Source/queue.c **** 				( void ) xTaskResumeAll();
 935:Middlewares/Third_Party/FreeRTOS/Source/queue.c **** 			}
 936:Middlewares/Third_Party/FreeRTOS/Source/queue.c **** 		}
 937:Middlewares/Third_Party/FreeRTOS/Source/queue.c **** 		else
 938:Middlewares/Third_Party/FreeRTOS/Source/queue.c **** 		{
 939:Middlewares/Third_Party/FreeRTOS/Source/queue.c **** 			/* The timeout has expired. */
 940:Middlewares/Third_Party/FreeRTOS/Source/queue.c **** 			prvUnlockQueue( pxQueue );
 941:Middlewares/Third_Party/FreeRTOS/Source/queue.c **** 			( void ) xTaskResumeAll();
 942:Middlewares/Third_Party/FreeRTOS/Source/queue.c **** 
 943:Middlewares/Third_Party/FreeRTOS/Source/queue.c **** 			traceQUEUE_SEND_FAILED( pxQueue );
ARM GAS  C:\Users\Made\AppData\Local\Temp\cclTNyiU.s 			page 18


 944:Middlewares/Third_Party/FreeRTOS/Source/queue.c **** 			return errQUEUE_FULL;
 945:Middlewares/Third_Party/FreeRTOS/Source/queue.c **** 		}
 946:Middlewares/Third_Party/FreeRTOS/Source/queue.c **** 	} /*lint -restore */
 947:Middlewares/Third_Party/FreeRTOS/Source/queue.c **** }
 948:Middlewares/Third_Party/FreeRTOS/Source/queue.c **** /*-----------------------------------------------------------*/
 949:Middlewares/Third_Party/FreeRTOS/Source/queue.c **** 
 950:Middlewares/Third_Party/FreeRTOS/Source/queue.c **** BaseType_t xQueueGenericSendFromISR( QueueHandle_t xQueue, const void * const pvItemToQueue, BaseTy
 951:Middlewares/Third_Party/FreeRTOS/Source/queue.c **** {
 952:Middlewares/Third_Party/FreeRTOS/Source/queue.c **** BaseType_t xReturn;
 953:Middlewares/Third_Party/FreeRTOS/Source/queue.c **** UBaseType_t uxSavedInterruptStatus;
 954:Middlewares/Third_Party/FreeRTOS/Source/queue.c **** Queue_t * const pxQueue = xQueue;
 955:Middlewares/Third_Party/FreeRTOS/Source/queue.c **** 
 956:Middlewares/Third_Party/FreeRTOS/Source/queue.c **** 	configASSERT( pxQueue );
 957:Middlewares/Third_Party/FreeRTOS/Source/queue.c **** 	configASSERT( !( ( pvItemToQueue == NULL ) && ( pxQueue->uxItemSize != ( UBaseType_t ) 0U ) ) );
 958:Middlewares/Third_Party/FreeRTOS/Source/queue.c **** 	configASSERT( !( ( xCopyPosition == queueOVERWRITE ) && ( pxQueue->uxLength != 1 ) ) );
 959:Middlewares/Third_Party/FreeRTOS/Source/queue.c **** 
 960:Middlewares/Third_Party/FreeRTOS/Source/queue.c **** 	/* RTOS ports that support interrupt nesting have the concept of a maximum
 961:Middlewares/Third_Party/FreeRTOS/Source/queue.c **** 	system call (or maximum API call) interrupt priority.  Interrupts that are
 962:Middlewares/Third_Party/FreeRTOS/Source/queue.c **** 	above the maximum system call priority are kept permanently enabled, even
 963:Middlewares/Third_Party/FreeRTOS/Source/queue.c **** 	when the RTOS kernel is in a critical section, but cannot make any calls to
 964:Middlewares/Third_Party/FreeRTOS/Source/queue.c **** 	FreeRTOS API functions.  If configASSERT() is defined in FreeRTOSConfig.h
 965:Middlewares/Third_Party/FreeRTOS/Source/queue.c **** 	then portASSERT_IF_INTERRUPT_PRIORITY_INVALID() will result in an assertion
 966:Middlewares/Third_Party/FreeRTOS/Source/queue.c **** 	failure if a FreeRTOS API function is called from an interrupt that has been
 967:Middlewares/Third_Party/FreeRTOS/Source/queue.c **** 	assigned a priority above the configured maximum system call priority.
 968:Middlewares/Third_Party/FreeRTOS/Source/queue.c **** 	Only FreeRTOS functions that end in FromISR can be called from interrupts
 969:Middlewares/Third_Party/FreeRTOS/Source/queue.c **** 	that have been assigned a priority at or (logically) below the maximum
 970:Middlewares/Third_Party/FreeRTOS/Source/queue.c **** 	system call	interrupt priority.  FreeRTOS maintains a separate interrupt
 971:Middlewares/Third_Party/FreeRTOS/Source/queue.c **** 	safe API to ensure interrupt entry is as fast and as simple as possible.
 972:Middlewares/Third_Party/FreeRTOS/Source/queue.c **** 	More information (albeit Cortex-M specific) is provided on the following
 973:Middlewares/Third_Party/FreeRTOS/Source/queue.c **** 	link: http://www.freertos.org/RTOS-Cortex-M3-M4.html */
 974:Middlewares/Third_Party/FreeRTOS/Source/queue.c **** 	portASSERT_IF_INTERRUPT_PRIORITY_INVALID();
 975:Middlewares/Third_Party/FreeRTOS/Source/queue.c **** 
 976:Middlewares/Third_Party/FreeRTOS/Source/queue.c **** 	/* Similar to xQueueGenericSend, except without blocking if there is no room
 977:Middlewares/Third_Party/FreeRTOS/Source/queue.c **** 	in the queue.  Also don't directly wake a task that was blocked on a queue
 978:Middlewares/Third_Party/FreeRTOS/Source/queue.c **** 	read, instead return a flag to say whether a context switch is required or
 979:Middlewares/Third_Party/FreeRTOS/Source/queue.c **** 	not (i.e. has a task with a higher priority than us been woken by this
 980:Middlewares/Third_Party/FreeRTOS/Source/queue.c **** 	post). */
 981:Middlewares/Third_Party/FreeRTOS/Source/queue.c **** 	uxSavedInterruptStatus = portSET_INTERRUPT_MASK_FROM_ISR();
 982:Middlewares/Third_Party/FreeRTOS/Source/queue.c **** 	{
 983:Middlewares/Third_Party/FreeRTOS/Source/queue.c **** 		if( ( pxQueue->uxMessagesWaiting < pxQueue->uxLength ) || ( xCopyPosition == queueOVERWRITE ) )
 984:Middlewares/Third_Party/FreeRTOS/Source/queue.c **** 		{
 985:Middlewares/Third_Party/FreeRTOS/Source/queue.c **** 			const int8_t cTxLock = pxQueue->cTxLock;
 986:Middlewares/Third_Party/FreeRTOS/Source/queue.c **** 			const UBaseType_t uxPreviousMessagesWaiting = pxQueue->uxMessagesWaiting;
 987:Middlewares/Third_Party/FreeRTOS/Source/queue.c **** 
 988:Middlewares/Third_Party/FreeRTOS/Source/queue.c **** 			traceQUEUE_SEND_FROM_ISR( pxQueue );
 989:Middlewares/Third_Party/FreeRTOS/Source/queue.c **** 
 990:Middlewares/Third_Party/FreeRTOS/Source/queue.c **** 			/* Semaphores use xQueueGiveFromISR(), so pxQueue will not be a
 991:Middlewares/Third_Party/FreeRTOS/Source/queue.c **** 			semaphore or mutex.  That means prvCopyDataToQueue() cannot result
 992:Middlewares/Third_Party/FreeRTOS/Source/queue.c **** 			in a task disinheriting a priority and prvCopyDataToQueue() can be
 993:Middlewares/Third_Party/FreeRTOS/Source/queue.c **** 			called here even though the disinherit function does not check if
 994:Middlewares/Third_Party/FreeRTOS/Source/queue.c **** 			the scheduler is suspended before accessing the ready lists. */
 995:Middlewares/Third_Party/FreeRTOS/Source/queue.c **** 			( void ) prvCopyDataToQueue( pxQueue, pvItemToQueue, xCopyPosition );
 996:Middlewares/Third_Party/FreeRTOS/Source/queue.c **** 
 997:Middlewares/Third_Party/FreeRTOS/Source/queue.c **** 			/* The event list is not altered if the queue is locked.  This will
 998:Middlewares/Third_Party/FreeRTOS/Source/queue.c **** 			be done when the queue is unlocked later. */
 999:Middlewares/Third_Party/FreeRTOS/Source/queue.c **** 			if( cTxLock == queueUNLOCKED )
1000:Middlewares/Third_Party/FreeRTOS/Source/queue.c **** 			{
ARM GAS  C:\Users\Made\AppData\Local\Temp\cclTNyiU.s 			page 19


1001:Middlewares/Third_Party/FreeRTOS/Source/queue.c **** 				#if ( configUSE_QUEUE_SETS == 1 )
1002:Middlewares/Third_Party/FreeRTOS/Source/queue.c **** 				{
1003:Middlewares/Third_Party/FreeRTOS/Source/queue.c **** 					if( pxQueue->pxQueueSetContainer != NULL )
1004:Middlewares/Third_Party/FreeRTOS/Source/queue.c **** 					{
1005:Middlewares/Third_Party/FreeRTOS/Source/queue.c **** 						if( ( xCopyPosition == queueOVERWRITE ) && ( uxPreviousMessagesWaiting != ( UBaseType_t ) 0 )
1006:Middlewares/Third_Party/FreeRTOS/Source/queue.c **** 						{
1007:Middlewares/Third_Party/FreeRTOS/Source/queue.c **** 							/* Do not notify the queue set as an existing item
1008:Middlewares/Third_Party/FreeRTOS/Source/queue.c **** 							was overwritten in the queue so the number of items
1009:Middlewares/Third_Party/FreeRTOS/Source/queue.c **** 							in the queue has not changed. */
1010:Middlewares/Third_Party/FreeRTOS/Source/queue.c **** 							mtCOVERAGE_TEST_MARKER();
1011:Middlewares/Third_Party/FreeRTOS/Source/queue.c **** 						}
1012:Middlewares/Third_Party/FreeRTOS/Source/queue.c **** 						else if( prvNotifyQueueSetContainer( pxQueue ) != pdFALSE )
1013:Middlewares/Third_Party/FreeRTOS/Source/queue.c **** 						{
1014:Middlewares/Third_Party/FreeRTOS/Source/queue.c **** 							/* The queue is a member of a queue set, and posting
1015:Middlewares/Third_Party/FreeRTOS/Source/queue.c **** 							to the queue set caused a higher priority task to
1016:Middlewares/Third_Party/FreeRTOS/Source/queue.c **** 							unblock.  A context switch is required. */
1017:Middlewares/Third_Party/FreeRTOS/Source/queue.c **** 							if( pxHigherPriorityTaskWoken != NULL )
1018:Middlewares/Third_Party/FreeRTOS/Source/queue.c **** 							{
1019:Middlewares/Third_Party/FreeRTOS/Source/queue.c **** 								*pxHigherPriorityTaskWoken = pdTRUE;
1020:Middlewares/Third_Party/FreeRTOS/Source/queue.c **** 							}
1021:Middlewares/Third_Party/FreeRTOS/Source/queue.c **** 							else
1022:Middlewares/Third_Party/FreeRTOS/Source/queue.c **** 							{
1023:Middlewares/Third_Party/FreeRTOS/Source/queue.c **** 								mtCOVERAGE_TEST_MARKER();
1024:Middlewares/Third_Party/FreeRTOS/Source/queue.c **** 							}
1025:Middlewares/Third_Party/FreeRTOS/Source/queue.c **** 						}
1026:Middlewares/Third_Party/FreeRTOS/Source/queue.c **** 						else
1027:Middlewares/Third_Party/FreeRTOS/Source/queue.c **** 						{
1028:Middlewares/Third_Party/FreeRTOS/Source/queue.c **** 							mtCOVERAGE_TEST_MARKER();
1029:Middlewares/Third_Party/FreeRTOS/Source/queue.c **** 						}
1030:Middlewares/Third_Party/FreeRTOS/Source/queue.c **** 					}
1031:Middlewares/Third_Party/FreeRTOS/Source/queue.c **** 					else
1032:Middlewares/Third_Party/FreeRTOS/Source/queue.c **** 					{
1033:Middlewares/Third_Party/FreeRTOS/Source/queue.c **** 						if( listLIST_IS_EMPTY( &( pxQueue->xTasksWaitingToReceive ) ) == pdFALSE )
1034:Middlewares/Third_Party/FreeRTOS/Source/queue.c **** 						{
1035:Middlewares/Third_Party/FreeRTOS/Source/queue.c **** 							if( xTaskRemoveFromEventList( &( pxQueue->xTasksWaitingToReceive ) ) != pdFALSE )
1036:Middlewares/Third_Party/FreeRTOS/Source/queue.c **** 							{
1037:Middlewares/Third_Party/FreeRTOS/Source/queue.c **** 								/* The task waiting has a higher priority so
1038:Middlewares/Third_Party/FreeRTOS/Source/queue.c **** 								record that a context switch is required. */
1039:Middlewares/Third_Party/FreeRTOS/Source/queue.c **** 								if( pxHigherPriorityTaskWoken != NULL )
1040:Middlewares/Third_Party/FreeRTOS/Source/queue.c **** 								{
1041:Middlewares/Third_Party/FreeRTOS/Source/queue.c **** 									*pxHigherPriorityTaskWoken = pdTRUE;
1042:Middlewares/Third_Party/FreeRTOS/Source/queue.c **** 								}
1043:Middlewares/Third_Party/FreeRTOS/Source/queue.c **** 								else
1044:Middlewares/Third_Party/FreeRTOS/Source/queue.c **** 								{
1045:Middlewares/Third_Party/FreeRTOS/Source/queue.c **** 									mtCOVERAGE_TEST_MARKER();
1046:Middlewares/Third_Party/FreeRTOS/Source/queue.c **** 								}
1047:Middlewares/Third_Party/FreeRTOS/Source/queue.c **** 							}
1048:Middlewares/Third_Party/FreeRTOS/Source/queue.c **** 							else
1049:Middlewares/Third_Party/FreeRTOS/Source/queue.c **** 							{
1050:Middlewares/Third_Party/FreeRTOS/Source/queue.c **** 								mtCOVERAGE_TEST_MARKER();
1051:Middlewares/Third_Party/FreeRTOS/Source/queue.c **** 							}
1052:Middlewares/Third_Party/FreeRTOS/Source/queue.c **** 						}
1053:Middlewares/Third_Party/FreeRTOS/Source/queue.c **** 						else
1054:Middlewares/Third_Party/FreeRTOS/Source/queue.c **** 						{
1055:Middlewares/Third_Party/FreeRTOS/Source/queue.c **** 							mtCOVERAGE_TEST_MARKER();
1056:Middlewares/Third_Party/FreeRTOS/Source/queue.c **** 						}
1057:Middlewares/Third_Party/FreeRTOS/Source/queue.c **** 					}
ARM GAS  C:\Users\Made\AppData\Local\Temp\cclTNyiU.s 			page 20


1058:Middlewares/Third_Party/FreeRTOS/Source/queue.c **** 				}
1059:Middlewares/Third_Party/FreeRTOS/Source/queue.c **** 				#else /* configUSE_QUEUE_SETS */
1060:Middlewares/Third_Party/FreeRTOS/Source/queue.c **** 				{
1061:Middlewares/Third_Party/FreeRTOS/Source/queue.c **** 					if( listLIST_IS_EMPTY( &( pxQueue->xTasksWaitingToReceive ) ) == pdFALSE )
1062:Middlewares/Third_Party/FreeRTOS/Source/queue.c **** 					{
1063:Middlewares/Third_Party/FreeRTOS/Source/queue.c **** 						if( xTaskRemoveFromEventList( &( pxQueue->xTasksWaitingToReceive ) ) != pdFALSE )
1064:Middlewares/Third_Party/FreeRTOS/Source/queue.c **** 						{
1065:Middlewares/Third_Party/FreeRTOS/Source/queue.c **** 							/* The task waiting has a higher priority so record that a
1066:Middlewares/Third_Party/FreeRTOS/Source/queue.c **** 							context	switch is required. */
1067:Middlewares/Third_Party/FreeRTOS/Source/queue.c **** 							if( pxHigherPriorityTaskWoken != NULL )
1068:Middlewares/Third_Party/FreeRTOS/Source/queue.c **** 							{
1069:Middlewares/Third_Party/FreeRTOS/Source/queue.c **** 								*pxHigherPriorityTaskWoken = pdTRUE;
1070:Middlewares/Third_Party/FreeRTOS/Source/queue.c **** 							}
1071:Middlewares/Third_Party/FreeRTOS/Source/queue.c **** 							else
1072:Middlewares/Third_Party/FreeRTOS/Source/queue.c **** 							{
1073:Middlewares/Third_Party/FreeRTOS/Source/queue.c **** 								mtCOVERAGE_TEST_MARKER();
1074:Middlewares/Third_Party/FreeRTOS/Source/queue.c **** 							}
1075:Middlewares/Third_Party/FreeRTOS/Source/queue.c **** 						}
1076:Middlewares/Third_Party/FreeRTOS/Source/queue.c **** 						else
1077:Middlewares/Third_Party/FreeRTOS/Source/queue.c **** 						{
1078:Middlewares/Third_Party/FreeRTOS/Source/queue.c **** 							mtCOVERAGE_TEST_MARKER();
1079:Middlewares/Third_Party/FreeRTOS/Source/queue.c **** 						}
1080:Middlewares/Third_Party/FreeRTOS/Source/queue.c **** 					}
1081:Middlewares/Third_Party/FreeRTOS/Source/queue.c **** 					else
1082:Middlewares/Third_Party/FreeRTOS/Source/queue.c **** 					{
1083:Middlewares/Third_Party/FreeRTOS/Source/queue.c **** 						mtCOVERAGE_TEST_MARKER();
1084:Middlewares/Third_Party/FreeRTOS/Source/queue.c **** 					}
1085:Middlewares/Third_Party/FreeRTOS/Source/queue.c **** 					
1086:Middlewares/Third_Party/FreeRTOS/Source/queue.c **** 					/* Not used in this path. */
1087:Middlewares/Third_Party/FreeRTOS/Source/queue.c **** 					( void ) uxPreviousMessagesWaiting;
1088:Middlewares/Third_Party/FreeRTOS/Source/queue.c **** 				}
1089:Middlewares/Third_Party/FreeRTOS/Source/queue.c **** 				#endif /* configUSE_QUEUE_SETS */
1090:Middlewares/Third_Party/FreeRTOS/Source/queue.c **** 			}
1091:Middlewares/Third_Party/FreeRTOS/Source/queue.c **** 			else
1092:Middlewares/Third_Party/FreeRTOS/Source/queue.c **** 			{
1093:Middlewares/Third_Party/FreeRTOS/Source/queue.c **** 				/* Increment the lock count so the task that unlocks the queue
1094:Middlewares/Third_Party/FreeRTOS/Source/queue.c **** 				knows that data was posted while it was locked. */
1095:Middlewares/Third_Party/FreeRTOS/Source/queue.c **** 				pxQueue->cTxLock = ( int8_t ) ( cTxLock + 1 );
1096:Middlewares/Third_Party/FreeRTOS/Source/queue.c **** 			}
1097:Middlewares/Third_Party/FreeRTOS/Source/queue.c **** 
1098:Middlewares/Third_Party/FreeRTOS/Source/queue.c **** 			xReturn = pdPASS;
1099:Middlewares/Third_Party/FreeRTOS/Source/queue.c **** 		}
1100:Middlewares/Third_Party/FreeRTOS/Source/queue.c **** 		else
1101:Middlewares/Third_Party/FreeRTOS/Source/queue.c **** 		{
1102:Middlewares/Third_Party/FreeRTOS/Source/queue.c **** 			traceQUEUE_SEND_FROM_ISR_FAILED( pxQueue );
1103:Middlewares/Third_Party/FreeRTOS/Source/queue.c **** 			xReturn = errQUEUE_FULL;
1104:Middlewares/Third_Party/FreeRTOS/Source/queue.c **** 		}
1105:Middlewares/Third_Party/FreeRTOS/Source/queue.c **** 	}
1106:Middlewares/Third_Party/FreeRTOS/Source/queue.c **** 	portCLEAR_INTERRUPT_MASK_FROM_ISR( uxSavedInterruptStatus );
1107:Middlewares/Third_Party/FreeRTOS/Source/queue.c **** 
1108:Middlewares/Third_Party/FreeRTOS/Source/queue.c **** 	return xReturn;
1109:Middlewares/Third_Party/FreeRTOS/Source/queue.c **** }
1110:Middlewares/Third_Party/FreeRTOS/Source/queue.c **** /*-----------------------------------------------------------*/
1111:Middlewares/Third_Party/FreeRTOS/Source/queue.c **** 
1112:Middlewares/Third_Party/FreeRTOS/Source/queue.c **** BaseType_t xQueueGiveFromISR( QueueHandle_t xQueue, BaseType_t * const pxHigherPriorityTaskWoken )
1113:Middlewares/Third_Party/FreeRTOS/Source/queue.c **** {
1114:Middlewares/Third_Party/FreeRTOS/Source/queue.c **** BaseType_t xReturn;
ARM GAS  C:\Users\Made\AppData\Local\Temp\cclTNyiU.s 			page 21


1115:Middlewares/Third_Party/FreeRTOS/Source/queue.c **** UBaseType_t uxSavedInterruptStatus;
1116:Middlewares/Third_Party/FreeRTOS/Source/queue.c **** Queue_t * const pxQueue = xQueue;
1117:Middlewares/Third_Party/FreeRTOS/Source/queue.c **** 
1118:Middlewares/Third_Party/FreeRTOS/Source/queue.c **** 	/* Similar to xQueueGenericSendFromISR() but used with semaphores where the
1119:Middlewares/Third_Party/FreeRTOS/Source/queue.c **** 	item size is 0.  Don't directly wake a task that was blocked on a queue
1120:Middlewares/Third_Party/FreeRTOS/Source/queue.c **** 	read, instead return a flag to say whether a context switch is required or
1121:Middlewares/Third_Party/FreeRTOS/Source/queue.c **** 	not (i.e. has a task with a higher priority than us been woken by this
1122:Middlewares/Third_Party/FreeRTOS/Source/queue.c **** 	post). */
1123:Middlewares/Third_Party/FreeRTOS/Source/queue.c **** 
1124:Middlewares/Third_Party/FreeRTOS/Source/queue.c **** 	configASSERT( pxQueue );
1125:Middlewares/Third_Party/FreeRTOS/Source/queue.c **** 
1126:Middlewares/Third_Party/FreeRTOS/Source/queue.c **** 	/* xQueueGenericSendFromISR() should be used instead of xQueueGiveFromISR()
1127:Middlewares/Third_Party/FreeRTOS/Source/queue.c **** 	if the item size is not 0. */
1128:Middlewares/Third_Party/FreeRTOS/Source/queue.c **** 	configASSERT( pxQueue->uxItemSize == 0 );
1129:Middlewares/Third_Party/FreeRTOS/Source/queue.c **** 
1130:Middlewares/Third_Party/FreeRTOS/Source/queue.c **** 	/* Normally a mutex would not be given from an interrupt, especially if
1131:Middlewares/Third_Party/FreeRTOS/Source/queue.c **** 	there is a mutex holder, as priority inheritance makes no sense for an
1132:Middlewares/Third_Party/FreeRTOS/Source/queue.c **** 	interrupts, only tasks. */
1133:Middlewares/Third_Party/FreeRTOS/Source/queue.c **** 	configASSERT( !( ( pxQueue->uxQueueType == queueQUEUE_IS_MUTEX ) && ( pxQueue->u.xSemaphore.xMutex
1134:Middlewares/Third_Party/FreeRTOS/Source/queue.c **** 
1135:Middlewares/Third_Party/FreeRTOS/Source/queue.c **** 	/* RTOS ports that support interrupt nesting have the concept of a maximum
1136:Middlewares/Third_Party/FreeRTOS/Source/queue.c **** 	system call (or maximum API call) interrupt priority.  Interrupts that are
1137:Middlewares/Third_Party/FreeRTOS/Source/queue.c **** 	above the maximum system call priority are kept permanently enabled, even
1138:Middlewares/Third_Party/FreeRTOS/Source/queue.c **** 	when the RTOS kernel is in a critical section, but cannot make any calls to
1139:Middlewares/Third_Party/FreeRTOS/Source/queue.c **** 	FreeRTOS API functions.  If configASSERT() is defined in FreeRTOSConfig.h
1140:Middlewares/Third_Party/FreeRTOS/Source/queue.c **** 	then portASSERT_IF_INTERRUPT_PRIORITY_INVALID() will result in an assertion
1141:Middlewares/Third_Party/FreeRTOS/Source/queue.c **** 	failure if a FreeRTOS API function is called from an interrupt that has been
1142:Middlewares/Third_Party/FreeRTOS/Source/queue.c **** 	assigned a priority above the configured maximum system call priority.
1143:Middlewares/Third_Party/FreeRTOS/Source/queue.c **** 	Only FreeRTOS functions that end in FromISR can be called from interrupts
1144:Middlewares/Third_Party/FreeRTOS/Source/queue.c **** 	that have been assigned a priority at or (logically) below the maximum
1145:Middlewares/Third_Party/FreeRTOS/Source/queue.c **** 	system call	interrupt priority.  FreeRTOS maintains a separate interrupt
1146:Middlewares/Third_Party/FreeRTOS/Source/queue.c **** 	safe API to ensure interrupt entry is as fast and as simple as possible.
1147:Middlewares/Third_Party/FreeRTOS/Source/queue.c **** 	More information (albeit Cortex-M specific) is provided on the following
1148:Middlewares/Third_Party/FreeRTOS/Source/queue.c **** 	link: http://www.freertos.org/RTOS-Cortex-M3-M4.html */
1149:Middlewares/Third_Party/FreeRTOS/Source/queue.c **** 	portASSERT_IF_INTERRUPT_PRIORITY_INVALID();
1150:Middlewares/Third_Party/FreeRTOS/Source/queue.c **** 
1151:Middlewares/Third_Party/FreeRTOS/Source/queue.c **** 	uxSavedInterruptStatus = portSET_INTERRUPT_MASK_FROM_ISR();
1152:Middlewares/Third_Party/FreeRTOS/Source/queue.c **** 	{
1153:Middlewares/Third_Party/FreeRTOS/Source/queue.c **** 		const UBaseType_t uxMessagesWaiting = pxQueue->uxMessagesWaiting;
1154:Middlewares/Third_Party/FreeRTOS/Source/queue.c **** 
1155:Middlewares/Third_Party/FreeRTOS/Source/queue.c **** 		/* When the queue is used to implement a semaphore no data is ever
1156:Middlewares/Third_Party/FreeRTOS/Source/queue.c **** 		moved through the queue but it is still valid to see if the queue 'has
1157:Middlewares/Third_Party/FreeRTOS/Source/queue.c **** 		space'. */
1158:Middlewares/Third_Party/FreeRTOS/Source/queue.c **** 		if( uxMessagesWaiting < pxQueue->uxLength )
1159:Middlewares/Third_Party/FreeRTOS/Source/queue.c **** 		{
1160:Middlewares/Third_Party/FreeRTOS/Source/queue.c **** 			const int8_t cTxLock = pxQueue->cTxLock;
1161:Middlewares/Third_Party/FreeRTOS/Source/queue.c **** 
1162:Middlewares/Third_Party/FreeRTOS/Source/queue.c **** 			traceQUEUE_SEND_FROM_ISR( pxQueue );
1163:Middlewares/Third_Party/FreeRTOS/Source/queue.c **** 
1164:Middlewares/Third_Party/FreeRTOS/Source/queue.c **** 			/* A task can only have an inherited priority if it is a mutex
1165:Middlewares/Third_Party/FreeRTOS/Source/queue.c **** 			holder - and if there is a mutex holder then the mutex cannot be
1166:Middlewares/Third_Party/FreeRTOS/Source/queue.c **** 			given from an ISR.  As this is the ISR version of the function it
1167:Middlewares/Third_Party/FreeRTOS/Source/queue.c **** 			can be assumed there is no mutex holder and no need to determine if
1168:Middlewares/Third_Party/FreeRTOS/Source/queue.c **** 			priority disinheritance is needed.  Simply increase the count of
1169:Middlewares/Third_Party/FreeRTOS/Source/queue.c **** 			messages (semaphores) available. */
1170:Middlewares/Third_Party/FreeRTOS/Source/queue.c **** 			pxQueue->uxMessagesWaiting = uxMessagesWaiting + ( UBaseType_t ) 1;
1171:Middlewares/Third_Party/FreeRTOS/Source/queue.c **** 
ARM GAS  C:\Users\Made\AppData\Local\Temp\cclTNyiU.s 			page 22


1172:Middlewares/Third_Party/FreeRTOS/Source/queue.c **** 			/* The event list is not altered if the queue is locked.  This will
1173:Middlewares/Third_Party/FreeRTOS/Source/queue.c **** 			be done when the queue is unlocked later. */
1174:Middlewares/Third_Party/FreeRTOS/Source/queue.c **** 			if( cTxLock == queueUNLOCKED )
1175:Middlewares/Third_Party/FreeRTOS/Source/queue.c **** 			{
1176:Middlewares/Third_Party/FreeRTOS/Source/queue.c **** 				#if ( configUSE_QUEUE_SETS == 1 )
1177:Middlewares/Third_Party/FreeRTOS/Source/queue.c **** 				{
1178:Middlewares/Third_Party/FreeRTOS/Source/queue.c **** 					if( pxQueue->pxQueueSetContainer != NULL )
1179:Middlewares/Third_Party/FreeRTOS/Source/queue.c **** 					{
1180:Middlewares/Third_Party/FreeRTOS/Source/queue.c **** 						if( prvNotifyQueueSetContainer( pxQueue ) != pdFALSE )
1181:Middlewares/Third_Party/FreeRTOS/Source/queue.c **** 						{
1182:Middlewares/Third_Party/FreeRTOS/Source/queue.c **** 							/* The semaphore is a member of a queue set, and
1183:Middlewares/Third_Party/FreeRTOS/Source/queue.c **** 							posting	to the queue set caused a higher priority
1184:Middlewares/Third_Party/FreeRTOS/Source/queue.c **** 							task to	unblock.  A context switch is required. */
1185:Middlewares/Third_Party/FreeRTOS/Source/queue.c **** 							if( pxHigherPriorityTaskWoken != NULL )
1186:Middlewares/Third_Party/FreeRTOS/Source/queue.c **** 							{
1187:Middlewares/Third_Party/FreeRTOS/Source/queue.c **** 								*pxHigherPriorityTaskWoken = pdTRUE;
1188:Middlewares/Third_Party/FreeRTOS/Source/queue.c **** 							}
1189:Middlewares/Third_Party/FreeRTOS/Source/queue.c **** 							else
1190:Middlewares/Third_Party/FreeRTOS/Source/queue.c **** 							{
1191:Middlewares/Third_Party/FreeRTOS/Source/queue.c **** 								mtCOVERAGE_TEST_MARKER();
1192:Middlewares/Third_Party/FreeRTOS/Source/queue.c **** 							}
1193:Middlewares/Third_Party/FreeRTOS/Source/queue.c **** 						}
1194:Middlewares/Third_Party/FreeRTOS/Source/queue.c **** 						else
1195:Middlewares/Third_Party/FreeRTOS/Source/queue.c **** 						{
1196:Middlewares/Third_Party/FreeRTOS/Source/queue.c **** 							mtCOVERAGE_TEST_MARKER();
1197:Middlewares/Third_Party/FreeRTOS/Source/queue.c **** 						}
1198:Middlewares/Third_Party/FreeRTOS/Source/queue.c **** 					}
1199:Middlewares/Third_Party/FreeRTOS/Source/queue.c **** 					else
1200:Middlewares/Third_Party/FreeRTOS/Source/queue.c **** 					{
1201:Middlewares/Third_Party/FreeRTOS/Source/queue.c **** 						if( listLIST_IS_EMPTY( &( pxQueue->xTasksWaitingToReceive ) ) == pdFALSE )
1202:Middlewares/Third_Party/FreeRTOS/Source/queue.c **** 						{
1203:Middlewares/Third_Party/FreeRTOS/Source/queue.c **** 							if( xTaskRemoveFromEventList( &( pxQueue->xTasksWaitingToReceive ) ) != pdFALSE )
1204:Middlewares/Third_Party/FreeRTOS/Source/queue.c **** 							{
1205:Middlewares/Third_Party/FreeRTOS/Source/queue.c **** 								/* The task waiting has a higher priority so
1206:Middlewares/Third_Party/FreeRTOS/Source/queue.c **** 								record that a context switch is required. */
1207:Middlewares/Third_Party/FreeRTOS/Source/queue.c **** 								if( pxHigherPriorityTaskWoken != NULL )
1208:Middlewares/Third_Party/FreeRTOS/Source/queue.c **** 								{
1209:Middlewares/Third_Party/FreeRTOS/Source/queue.c **** 									*pxHigherPriorityTaskWoken = pdTRUE;
1210:Middlewares/Third_Party/FreeRTOS/Source/queue.c **** 								}
1211:Middlewares/Third_Party/FreeRTOS/Source/queue.c **** 								else
1212:Middlewares/Third_Party/FreeRTOS/Source/queue.c **** 								{
1213:Middlewares/Third_Party/FreeRTOS/Source/queue.c **** 									mtCOVERAGE_TEST_MARKER();
1214:Middlewares/Third_Party/FreeRTOS/Source/queue.c **** 								}
1215:Middlewares/Third_Party/FreeRTOS/Source/queue.c **** 							}
1216:Middlewares/Third_Party/FreeRTOS/Source/queue.c **** 							else
1217:Middlewares/Third_Party/FreeRTOS/Source/queue.c **** 							{
1218:Middlewares/Third_Party/FreeRTOS/Source/queue.c **** 								mtCOVERAGE_TEST_MARKER();
1219:Middlewares/Third_Party/FreeRTOS/Source/queue.c **** 							}
1220:Middlewares/Third_Party/FreeRTOS/Source/queue.c **** 						}
1221:Middlewares/Third_Party/FreeRTOS/Source/queue.c **** 						else
1222:Middlewares/Third_Party/FreeRTOS/Source/queue.c **** 						{
1223:Middlewares/Third_Party/FreeRTOS/Source/queue.c **** 							mtCOVERAGE_TEST_MARKER();
1224:Middlewares/Third_Party/FreeRTOS/Source/queue.c **** 						}
1225:Middlewares/Third_Party/FreeRTOS/Source/queue.c **** 					}
1226:Middlewares/Third_Party/FreeRTOS/Source/queue.c **** 				}
1227:Middlewares/Third_Party/FreeRTOS/Source/queue.c **** 				#else /* configUSE_QUEUE_SETS */
1228:Middlewares/Third_Party/FreeRTOS/Source/queue.c **** 				{
ARM GAS  C:\Users\Made\AppData\Local\Temp\cclTNyiU.s 			page 23


1229:Middlewares/Third_Party/FreeRTOS/Source/queue.c **** 					if( listLIST_IS_EMPTY( &( pxQueue->xTasksWaitingToReceive ) ) == pdFALSE )
1230:Middlewares/Third_Party/FreeRTOS/Source/queue.c **** 					{
1231:Middlewares/Third_Party/FreeRTOS/Source/queue.c **** 						if( xTaskRemoveFromEventList( &( pxQueue->xTasksWaitingToReceive ) ) != pdFALSE )
1232:Middlewares/Third_Party/FreeRTOS/Source/queue.c **** 						{
1233:Middlewares/Third_Party/FreeRTOS/Source/queue.c **** 							/* The task waiting has a higher priority so record that a
1234:Middlewares/Third_Party/FreeRTOS/Source/queue.c **** 							context	switch is required. */
1235:Middlewares/Third_Party/FreeRTOS/Source/queue.c **** 							if( pxHigherPriorityTaskWoken != NULL )
1236:Middlewares/Third_Party/FreeRTOS/Source/queue.c **** 							{
1237:Middlewares/Third_Party/FreeRTOS/Source/queue.c **** 								*pxHigherPriorityTaskWoken = pdTRUE;
1238:Middlewares/Third_Party/FreeRTOS/Source/queue.c **** 							}
1239:Middlewares/Third_Party/FreeRTOS/Source/queue.c **** 							else
1240:Middlewares/Third_Party/FreeRTOS/Source/queue.c **** 							{
1241:Middlewares/Third_Party/FreeRTOS/Source/queue.c **** 								mtCOVERAGE_TEST_MARKER();
1242:Middlewares/Third_Party/FreeRTOS/Source/queue.c **** 							}
1243:Middlewares/Third_Party/FreeRTOS/Source/queue.c **** 						}
1244:Middlewares/Third_Party/FreeRTOS/Source/queue.c **** 						else
1245:Middlewares/Third_Party/FreeRTOS/Source/queue.c **** 						{
1246:Middlewares/Third_Party/FreeRTOS/Source/queue.c **** 							mtCOVERAGE_TEST_MARKER();
1247:Middlewares/Third_Party/FreeRTOS/Source/queue.c **** 						}
1248:Middlewares/Third_Party/FreeRTOS/Source/queue.c **** 					}
1249:Middlewares/Third_Party/FreeRTOS/Source/queue.c **** 					else
1250:Middlewares/Third_Party/FreeRTOS/Source/queue.c **** 					{
1251:Middlewares/Third_Party/FreeRTOS/Source/queue.c **** 						mtCOVERAGE_TEST_MARKER();
1252:Middlewares/Third_Party/FreeRTOS/Source/queue.c **** 					}
1253:Middlewares/Third_Party/FreeRTOS/Source/queue.c **** 				}
1254:Middlewares/Third_Party/FreeRTOS/Source/queue.c **** 				#endif /* configUSE_QUEUE_SETS */
1255:Middlewares/Third_Party/FreeRTOS/Source/queue.c **** 			}
1256:Middlewares/Third_Party/FreeRTOS/Source/queue.c **** 			else
1257:Middlewares/Third_Party/FreeRTOS/Source/queue.c **** 			{
1258:Middlewares/Third_Party/FreeRTOS/Source/queue.c **** 				/* Increment the lock count so the task that unlocks the queue
1259:Middlewares/Third_Party/FreeRTOS/Source/queue.c **** 				knows that data was posted while it was locked. */
1260:Middlewares/Third_Party/FreeRTOS/Source/queue.c **** 				pxQueue->cTxLock = ( int8_t ) ( cTxLock + 1 );
1261:Middlewares/Third_Party/FreeRTOS/Source/queue.c **** 			}
1262:Middlewares/Third_Party/FreeRTOS/Source/queue.c **** 
1263:Middlewares/Third_Party/FreeRTOS/Source/queue.c **** 			xReturn = pdPASS;
1264:Middlewares/Third_Party/FreeRTOS/Source/queue.c **** 		}
1265:Middlewares/Third_Party/FreeRTOS/Source/queue.c **** 		else
1266:Middlewares/Third_Party/FreeRTOS/Source/queue.c **** 		{
1267:Middlewares/Third_Party/FreeRTOS/Source/queue.c **** 			traceQUEUE_SEND_FROM_ISR_FAILED( pxQueue );
1268:Middlewares/Third_Party/FreeRTOS/Source/queue.c **** 			xReturn = errQUEUE_FULL;
1269:Middlewares/Third_Party/FreeRTOS/Source/queue.c **** 		}
1270:Middlewares/Third_Party/FreeRTOS/Source/queue.c **** 	}
1271:Middlewares/Third_Party/FreeRTOS/Source/queue.c **** 	portCLEAR_INTERRUPT_MASK_FROM_ISR( uxSavedInterruptStatus );
1272:Middlewares/Third_Party/FreeRTOS/Source/queue.c **** 
1273:Middlewares/Third_Party/FreeRTOS/Source/queue.c **** 	return xReturn;
1274:Middlewares/Third_Party/FreeRTOS/Source/queue.c **** }
1275:Middlewares/Third_Party/FreeRTOS/Source/queue.c **** /*-----------------------------------------------------------*/
1276:Middlewares/Third_Party/FreeRTOS/Source/queue.c **** 
1277:Middlewares/Third_Party/FreeRTOS/Source/queue.c **** BaseType_t xQueueReceive( QueueHandle_t xQueue, void * const pvBuffer, TickType_t xTicksToWait )
1278:Middlewares/Third_Party/FreeRTOS/Source/queue.c **** {
1279:Middlewares/Third_Party/FreeRTOS/Source/queue.c **** BaseType_t xEntryTimeSet = pdFALSE;
1280:Middlewares/Third_Party/FreeRTOS/Source/queue.c **** TimeOut_t xTimeOut;
1281:Middlewares/Third_Party/FreeRTOS/Source/queue.c **** Queue_t * const pxQueue = xQueue;
1282:Middlewares/Third_Party/FreeRTOS/Source/queue.c **** 
1283:Middlewares/Third_Party/FreeRTOS/Source/queue.c **** 	/* Check the pointer is not NULL. */
1284:Middlewares/Third_Party/FreeRTOS/Source/queue.c **** 	configASSERT( ( pxQueue ) );
1285:Middlewares/Third_Party/FreeRTOS/Source/queue.c **** 
ARM GAS  C:\Users\Made\AppData\Local\Temp\cclTNyiU.s 			page 24


1286:Middlewares/Third_Party/FreeRTOS/Source/queue.c **** 	/* The buffer into which data is received can only be NULL if the data size
1287:Middlewares/Third_Party/FreeRTOS/Source/queue.c **** 	is zero (so no data is copied into the buffer. */
1288:Middlewares/Third_Party/FreeRTOS/Source/queue.c **** 	configASSERT( !( ( ( pvBuffer ) == NULL ) && ( ( pxQueue )->uxItemSize != ( UBaseType_t ) 0U ) ) )
1289:Middlewares/Third_Party/FreeRTOS/Source/queue.c **** 
1290:Middlewares/Third_Party/FreeRTOS/Source/queue.c **** 	/* Cannot block if the scheduler is suspended. */
1291:Middlewares/Third_Party/FreeRTOS/Source/queue.c **** 	#if ( ( INCLUDE_xTaskGetSchedulerState == 1 ) || ( configUSE_TIMERS == 1 ) )
1292:Middlewares/Third_Party/FreeRTOS/Source/queue.c **** 	{
1293:Middlewares/Third_Party/FreeRTOS/Source/queue.c **** 		configASSERT( !( ( xTaskGetSchedulerState() == taskSCHEDULER_SUSPENDED ) && ( xTicksToWait != 0 )
1294:Middlewares/Third_Party/FreeRTOS/Source/queue.c **** 	}
1295:Middlewares/Third_Party/FreeRTOS/Source/queue.c **** 	#endif
1296:Middlewares/Third_Party/FreeRTOS/Source/queue.c **** 
1297:Middlewares/Third_Party/FreeRTOS/Source/queue.c **** 
1298:Middlewares/Third_Party/FreeRTOS/Source/queue.c **** 	/*lint -save -e904  This function relaxes the coding standard somewhat to
1299:Middlewares/Third_Party/FreeRTOS/Source/queue.c **** 	allow return statements within the function itself.  This is done in the
1300:Middlewares/Third_Party/FreeRTOS/Source/queue.c **** 	interest of execution time efficiency. */
1301:Middlewares/Third_Party/FreeRTOS/Source/queue.c **** 	for( ;; )
1302:Middlewares/Third_Party/FreeRTOS/Source/queue.c **** 	{
1303:Middlewares/Third_Party/FreeRTOS/Source/queue.c **** 		taskENTER_CRITICAL();
1304:Middlewares/Third_Party/FreeRTOS/Source/queue.c **** 		{
1305:Middlewares/Third_Party/FreeRTOS/Source/queue.c **** 			const UBaseType_t uxMessagesWaiting = pxQueue->uxMessagesWaiting;
1306:Middlewares/Third_Party/FreeRTOS/Source/queue.c **** 
1307:Middlewares/Third_Party/FreeRTOS/Source/queue.c **** 			/* Is there data in the queue now?  To be running the calling task
1308:Middlewares/Third_Party/FreeRTOS/Source/queue.c **** 			must be the highest priority task wanting to access the queue. */
1309:Middlewares/Third_Party/FreeRTOS/Source/queue.c **** 			if( uxMessagesWaiting > ( UBaseType_t ) 0 )
1310:Middlewares/Third_Party/FreeRTOS/Source/queue.c **** 			{
1311:Middlewares/Third_Party/FreeRTOS/Source/queue.c **** 				/* Data available, remove one item. */
1312:Middlewares/Third_Party/FreeRTOS/Source/queue.c **** 				prvCopyDataFromQueue( pxQueue, pvBuffer );
1313:Middlewares/Third_Party/FreeRTOS/Source/queue.c **** 				traceQUEUE_RECEIVE( pxQueue );
1314:Middlewares/Third_Party/FreeRTOS/Source/queue.c **** 				pxQueue->uxMessagesWaiting = uxMessagesWaiting - ( UBaseType_t ) 1;
1315:Middlewares/Third_Party/FreeRTOS/Source/queue.c **** 
1316:Middlewares/Third_Party/FreeRTOS/Source/queue.c **** 				/* There is now space in the queue, were any tasks waiting to
1317:Middlewares/Third_Party/FreeRTOS/Source/queue.c **** 				post to the queue?  If so, unblock the highest priority waiting
1318:Middlewares/Third_Party/FreeRTOS/Source/queue.c **** 				task. */
1319:Middlewares/Third_Party/FreeRTOS/Source/queue.c **** 				if( listLIST_IS_EMPTY( &( pxQueue->xTasksWaitingToSend ) ) == pdFALSE )
1320:Middlewares/Third_Party/FreeRTOS/Source/queue.c **** 				{
1321:Middlewares/Third_Party/FreeRTOS/Source/queue.c **** 					if( xTaskRemoveFromEventList( &( pxQueue->xTasksWaitingToSend ) ) != pdFALSE )
1322:Middlewares/Third_Party/FreeRTOS/Source/queue.c **** 					{
1323:Middlewares/Third_Party/FreeRTOS/Source/queue.c **** 						queueYIELD_IF_USING_PREEMPTION();
1324:Middlewares/Third_Party/FreeRTOS/Source/queue.c **** 					}
1325:Middlewares/Third_Party/FreeRTOS/Source/queue.c **** 					else
1326:Middlewares/Third_Party/FreeRTOS/Source/queue.c **** 					{
1327:Middlewares/Third_Party/FreeRTOS/Source/queue.c **** 						mtCOVERAGE_TEST_MARKER();
1328:Middlewares/Third_Party/FreeRTOS/Source/queue.c **** 					}
1329:Middlewares/Third_Party/FreeRTOS/Source/queue.c **** 				}
1330:Middlewares/Third_Party/FreeRTOS/Source/queue.c **** 				else
1331:Middlewares/Third_Party/FreeRTOS/Source/queue.c **** 				{
1332:Middlewares/Third_Party/FreeRTOS/Source/queue.c **** 					mtCOVERAGE_TEST_MARKER();
1333:Middlewares/Third_Party/FreeRTOS/Source/queue.c **** 				}
1334:Middlewares/Third_Party/FreeRTOS/Source/queue.c **** 
1335:Middlewares/Third_Party/FreeRTOS/Source/queue.c **** 				taskEXIT_CRITICAL();
1336:Middlewares/Third_Party/FreeRTOS/Source/queue.c **** 				return pdPASS;
1337:Middlewares/Third_Party/FreeRTOS/Source/queue.c **** 			}
1338:Middlewares/Third_Party/FreeRTOS/Source/queue.c **** 			else
1339:Middlewares/Third_Party/FreeRTOS/Source/queue.c **** 			{
1340:Middlewares/Third_Party/FreeRTOS/Source/queue.c **** 				if( xTicksToWait == ( TickType_t ) 0 )
1341:Middlewares/Third_Party/FreeRTOS/Source/queue.c **** 				{
1342:Middlewares/Third_Party/FreeRTOS/Source/queue.c **** 					/* The queue was empty and no block time is specified (or
ARM GAS  C:\Users\Made\AppData\Local\Temp\cclTNyiU.s 			page 25


1343:Middlewares/Third_Party/FreeRTOS/Source/queue.c **** 					the block time has expired) so leave now. */
1344:Middlewares/Third_Party/FreeRTOS/Source/queue.c **** 					taskEXIT_CRITICAL();
1345:Middlewares/Third_Party/FreeRTOS/Source/queue.c **** 					traceQUEUE_RECEIVE_FAILED( pxQueue );
1346:Middlewares/Third_Party/FreeRTOS/Source/queue.c **** 					return errQUEUE_EMPTY;
1347:Middlewares/Third_Party/FreeRTOS/Source/queue.c **** 				}
1348:Middlewares/Third_Party/FreeRTOS/Source/queue.c **** 				else if( xEntryTimeSet == pdFALSE )
1349:Middlewares/Third_Party/FreeRTOS/Source/queue.c **** 				{
1350:Middlewares/Third_Party/FreeRTOS/Source/queue.c **** 					/* The queue was empty and a block time was specified so
1351:Middlewares/Third_Party/FreeRTOS/Source/queue.c **** 					configure the timeout structure. */
1352:Middlewares/Third_Party/FreeRTOS/Source/queue.c **** 					vTaskInternalSetTimeOutState( &xTimeOut );
1353:Middlewares/Third_Party/FreeRTOS/Source/queue.c **** 					xEntryTimeSet = pdTRUE;
1354:Middlewares/Third_Party/FreeRTOS/Source/queue.c **** 				}
1355:Middlewares/Third_Party/FreeRTOS/Source/queue.c **** 				else
1356:Middlewares/Third_Party/FreeRTOS/Source/queue.c **** 				{
1357:Middlewares/Third_Party/FreeRTOS/Source/queue.c **** 					/* Entry time was already set. */
1358:Middlewares/Third_Party/FreeRTOS/Source/queue.c **** 					mtCOVERAGE_TEST_MARKER();
1359:Middlewares/Third_Party/FreeRTOS/Source/queue.c **** 				}
1360:Middlewares/Third_Party/FreeRTOS/Source/queue.c **** 			}
1361:Middlewares/Third_Party/FreeRTOS/Source/queue.c **** 		}
1362:Middlewares/Third_Party/FreeRTOS/Source/queue.c **** 		taskEXIT_CRITICAL();
1363:Middlewares/Third_Party/FreeRTOS/Source/queue.c **** 
1364:Middlewares/Third_Party/FreeRTOS/Source/queue.c **** 		/* Interrupts and other tasks can send to and receive from the queue
1365:Middlewares/Third_Party/FreeRTOS/Source/queue.c **** 		now the critical section has been exited. */
1366:Middlewares/Third_Party/FreeRTOS/Source/queue.c **** 
1367:Middlewares/Third_Party/FreeRTOS/Source/queue.c **** 		vTaskSuspendAll();
1368:Middlewares/Third_Party/FreeRTOS/Source/queue.c **** 		prvLockQueue( pxQueue );
1369:Middlewares/Third_Party/FreeRTOS/Source/queue.c **** 
1370:Middlewares/Third_Party/FreeRTOS/Source/queue.c **** 		/* Update the timeout state to see if it has expired yet. */
1371:Middlewares/Third_Party/FreeRTOS/Source/queue.c **** 		if( xTaskCheckForTimeOut( &xTimeOut, &xTicksToWait ) == pdFALSE )
1372:Middlewares/Third_Party/FreeRTOS/Source/queue.c **** 		{
1373:Middlewares/Third_Party/FreeRTOS/Source/queue.c **** 			/* The timeout has not expired.  If the queue is still empty place
1374:Middlewares/Third_Party/FreeRTOS/Source/queue.c **** 			the task on the list of tasks waiting to receive from the queue. */
1375:Middlewares/Third_Party/FreeRTOS/Source/queue.c **** 			if( prvIsQueueEmpty( pxQueue ) != pdFALSE )
1376:Middlewares/Third_Party/FreeRTOS/Source/queue.c **** 			{
1377:Middlewares/Third_Party/FreeRTOS/Source/queue.c **** 				traceBLOCKING_ON_QUEUE_RECEIVE( pxQueue );
1378:Middlewares/Third_Party/FreeRTOS/Source/queue.c **** 				vTaskPlaceOnEventList( &( pxQueue->xTasksWaitingToReceive ), xTicksToWait );
1379:Middlewares/Third_Party/FreeRTOS/Source/queue.c **** 				prvUnlockQueue( pxQueue );
1380:Middlewares/Third_Party/FreeRTOS/Source/queue.c **** 				if( xTaskResumeAll() == pdFALSE )
1381:Middlewares/Third_Party/FreeRTOS/Source/queue.c **** 				{
1382:Middlewares/Third_Party/FreeRTOS/Source/queue.c **** 					portYIELD_WITHIN_API();
1383:Middlewares/Third_Party/FreeRTOS/Source/queue.c **** 				}
1384:Middlewares/Third_Party/FreeRTOS/Source/queue.c **** 				else
1385:Middlewares/Third_Party/FreeRTOS/Source/queue.c **** 				{
1386:Middlewares/Third_Party/FreeRTOS/Source/queue.c **** 					mtCOVERAGE_TEST_MARKER();
1387:Middlewares/Third_Party/FreeRTOS/Source/queue.c **** 				}
1388:Middlewares/Third_Party/FreeRTOS/Source/queue.c **** 			}
1389:Middlewares/Third_Party/FreeRTOS/Source/queue.c **** 			else
1390:Middlewares/Third_Party/FreeRTOS/Source/queue.c **** 			{
1391:Middlewares/Third_Party/FreeRTOS/Source/queue.c **** 				/* The queue contains data again.  Loop back to try and read the
1392:Middlewares/Third_Party/FreeRTOS/Source/queue.c **** 				data. */
1393:Middlewares/Third_Party/FreeRTOS/Source/queue.c **** 				prvUnlockQueue( pxQueue );
1394:Middlewares/Third_Party/FreeRTOS/Source/queue.c **** 				( void ) xTaskResumeAll();
1395:Middlewares/Third_Party/FreeRTOS/Source/queue.c **** 			}
1396:Middlewares/Third_Party/FreeRTOS/Source/queue.c **** 		}
1397:Middlewares/Third_Party/FreeRTOS/Source/queue.c **** 		else
1398:Middlewares/Third_Party/FreeRTOS/Source/queue.c **** 		{
1399:Middlewares/Third_Party/FreeRTOS/Source/queue.c **** 			/* Timed out.  If there is no data in the queue exit, otherwise loop
ARM GAS  C:\Users\Made\AppData\Local\Temp\cclTNyiU.s 			page 26


1400:Middlewares/Third_Party/FreeRTOS/Source/queue.c **** 			back and attempt to read the data. */
1401:Middlewares/Third_Party/FreeRTOS/Source/queue.c **** 			prvUnlockQueue( pxQueue );
1402:Middlewares/Third_Party/FreeRTOS/Source/queue.c **** 			( void ) xTaskResumeAll();
1403:Middlewares/Third_Party/FreeRTOS/Source/queue.c **** 
1404:Middlewares/Third_Party/FreeRTOS/Source/queue.c **** 			if( prvIsQueueEmpty( pxQueue ) != pdFALSE )
1405:Middlewares/Third_Party/FreeRTOS/Source/queue.c **** 			{
1406:Middlewares/Third_Party/FreeRTOS/Source/queue.c **** 				traceQUEUE_RECEIVE_FAILED( pxQueue );
1407:Middlewares/Third_Party/FreeRTOS/Source/queue.c **** 				return errQUEUE_EMPTY;
1408:Middlewares/Third_Party/FreeRTOS/Source/queue.c **** 			}
1409:Middlewares/Third_Party/FreeRTOS/Source/queue.c **** 			else
1410:Middlewares/Third_Party/FreeRTOS/Source/queue.c **** 			{
1411:Middlewares/Third_Party/FreeRTOS/Source/queue.c **** 				mtCOVERAGE_TEST_MARKER();
1412:Middlewares/Third_Party/FreeRTOS/Source/queue.c **** 			}
1413:Middlewares/Third_Party/FreeRTOS/Source/queue.c **** 		}
1414:Middlewares/Third_Party/FreeRTOS/Source/queue.c **** 	} /*lint -restore */
1415:Middlewares/Third_Party/FreeRTOS/Source/queue.c **** }
1416:Middlewares/Third_Party/FreeRTOS/Source/queue.c **** /*-----------------------------------------------------------*/
1417:Middlewares/Third_Party/FreeRTOS/Source/queue.c **** 
1418:Middlewares/Third_Party/FreeRTOS/Source/queue.c **** BaseType_t xQueueSemaphoreTake( QueueHandle_t xQueue, TickType_t xTicksToWait )
1419:Middlewares/Third_Party/FreeRTOS/Source/queue.c **** {
1420:Middlewares/Third_Party/FreeRTOS/Source/queue.c **** BaseType_t xEntryTimeSet = pdFALSE;
1421:Middlewares/Third_Party/FreeRTOS/Source/queue.c **** TimeOut_t xTimeOut;
1422:Middlewares/Third_Party/FreeRTOS/Source/queue.c **** Queue_t * const pxQueue = xQueue;
1423:Middlewares/Third_Party/FreeRTOS/Source/queue.c **** 
1424:Middlewares/Third_Party/FreeRTOS/Source/queue.c **** #if( configUSE_MUTEXES == 1 )
1425:Middlewares/Third_Party/FreeRTOS/Source/queue.c **** 	BaseType_t xInheritanceOccurred = pdFALSE;
1426:Middlewares/Third_Party/FreeRTOS/Source/queue.c **** #endif
1427:Middlewares/Third_Party/FreeRTOS/Source/queue.c **** 
1428:Middlewares/Third_Party/FreeRTOS/Source/queue.c **** 	/* Check the queue pointer is not NULL. */
1429:Middlewares/Third_Party/FreeRTOS/Source/queue.c **** 	configASSERT( ( pxQueue ) );
1430:Middlewares/Third_Party/FreeRTOS/Source/queue.c **** 
1431:Middlewares/Third_Party/FreeRTOS/Source/queue.c **** 	/* Check this really is a semaphore, in which case the item size will be
1432:Middlewares/Third_Party/FreeRTOS/Source/queue.c **** 	0. */
1433:Middlewares/Third_Party/FreeRTOS/Source/queue.c **** 	configASSERT( pxQueue->uxItemSize == 0 );
1434:Middlewares/Third_Party/FreeRTOS/Source/queue.c **** 
1435:Middlewares/Third_Party/FreeRTOS/Source/queue.c **** 	/* Cannot block if the scheduler is suspended. */
1436:Middlewares/Third_Party/FreeRTOS/Source/queue.c **** 	#if ( ( INCLUDE_xTaskGetSchedulerState == 1 ) || ( configUSE_TIMERS == 1 ) )
1437:Middlewares/Third_Party/FreeRTOS/Source/queue.c **** 	{
1438:Middlewares/Third_Party/FreeRTOS/Source/queue.c **** 		configASSERT( !( ( xTaskGetSchedulerState() == taskSCHEDULER_SUSPENDED ) && ( xTicksToWait != 0 )
1439:Middlewares/Third_Party/FreeRTOS/Source/queue.c **** 	}
1440:Middlewares/Third_Party/FreeRTOS/Source/queue.c **** 	#endif
1441:Middlewares/Third_Party/FreeRTOS/Source/queue.c **** 
1442:Middlewares/Third_Party/FreeRTOS/Source/queue.c **** 
1443:Middlewares/Third_Party/FreeRTOS/Source/queue.c **** 	/*lint -save -e904 This function relaxes the coding standard somewhat to allow return
1444:Middlewares/Third_Party/FreeRTOS/Source/queue.c **** 	statements within the function itself.  This is done in the interest
1445:Middlewares/Third_Party/FreeRTOS/Source/queue.c **** 	of execution time efficiency. */
1446:Middlewares/Third_Party/FreeRTOS/Source/queue.c **** 	for( ;; )
1447:Middlewares/Third_Party/FreeRTOS/Source/queue.c **** 	{
1448:Middlewares/Third_Party/FreeRTOS/Source/queue.c **** 		taskENTER_CRITICAL();
1449:Middlewares/Third_Party/FreeRTOS/Source/queue.c **** 		{
1450:Middlewares/Third_Party/FreeRTOS/Source/queue.c **** 			/* Semaphores are queues with an item size of 0, and where the
1451:Middlewares/Third_Party/FreeRTOS/Source/queue.c **** 			number of messages in the queue is the semaphore's count value. */
1452:Middlewares/Third_Party/FreeRTOS/Source/queue.c **** 			const UBaseType_t uxSemaphoreCount = pxQueue->uxMessagesWaiting;
1453:Middlewares/Third_Party/FreeRTOS/Source/queue.c **** 
1454:Middlewares/Third_Party/FreeRTOS/Source/queue.c **** 			/* Is there data in the queue now?  To be running the calling task
1455:Middlewares/Third_Party/FreeRTOS/Source/queue.c **** 			must be the highest priority task wanting to access the queue. */
1456:Middlewares/Third_Party/FreeRTOS/Source/queue.c **** 			if( uxSemaphoreCount > ( UBaseType_t ) 0 )
ARM GAS  C:\Users\Made\AppData\Local\Temp\cclTNyiU.s 			page 27


1457:Middlewares/Third_Party/FreeRTOS/Source/queue.c **** 			{
1458:Middlewares/Third_Party/FreeRTOS/Source/queue.c **** 				traceQUEUE_RECEIVE( pxQueue );
1459:Middlewares/Third_Party/FreeRTOS/Source/queue.c **** 
1460:Middlewares/Third_Party/FreeRTOS/Source/queue.c **** 				/* Semaphores are queues with a data size of zero and where the
1461:Middlewares/Third_Party/FreeRTOS/Source/queue.c **** 				messages waiting is the semaphore's count.  Reduce the count. */
1462:Middlewares/Third_Party/FreeRTOS/Source/queue.c **** 				pxQueue->uxMessagesWaiting = uxSemaphoreCount - ( UBaseType_t ) 1;
1463:Middlewares/Third_Party/FreeRTOS/Source/queue.c **** 
1464:Middlewares/Third_Party/FreeRTOS/Source/queue.c **** 				#if ( configUSE_MUTEXES == 1 )
1465:Middlewares/Third_Party/FreeRTOS/Source/queue.c **** 				{
1466:Middlewares/Third_Party/FreeRTOS/Source/queue.c **** 					if( pxQueue->uxQueueType == queueQUEUE_IS_MUTEX )
1467:Middlewares/Third_Party/FreeRTOS/Source/queue.c **** 					{
1468:Middlewares/Third_Party/FreeRTOS/Source/queue.c **** 						/* Record the information required to implement
1469:Middlewares/Third_Party/FreeRTOS/Source/queue.c **** 						priority inheritance should it become necessary. */
1470:Middlewares/Third_Party/FreeRTOS/Source/queue.c **** 						pxQueue->u.xSemaphore.xMutexHolder = pvTaskIncrementMutexHeldCount();
1471:Middlewares/Third_Party/FreeRTOS/Source/queue.c **** 					}
1472:Middlewares/Third_Party/FreeRTOS/Source/queue.c **** 					else
1473:Middlewares/Third_Party/FreeRTOS/Source/queue.c **** 					{
1474:Middlewares/Third_Party/FreeRTOS/Source/queue.c **** 						mtCOVERAGE_TEST_MARKER();
1475:Middlewares/Third_Party/FreeRTOS/Source/queue.c **** 					}
1476:Middlewares/Third_Party/FreeRTOS/Source/queue.c **** 				}
1477:Middlewares/Third_Party/FreeRTOS/Source/queue.c **** 				#endif /* configUSE_MUTEXES */
1478:Middlewares/Third_Party/FreeRTOS/Source/queue.c **** 
1479:Middlewares/Third_Party/FreeRTOS/Source/queue.c **** 				/* Check to see if other tasks are blocked waiting to give the
1480:Middlewares/Third_Party/FreeRTOS/Source/queue.c **** 				semaphore, and if so, unblock the highest priority such task. */
1481:Middlewares/Third_Party/FreeRTOS/Source/queue.c **** 				if( listLIST_IS_EMPTY( &( pxQueue->xTasksWaitingToSend ) ) == pdFALSE )
1482:Middlewares/Third_Party/FreeRTOS/Source/queue.c **** 				{
1483:Middlewares/Third_Party/FreeRTOS/Source/queue.c **** 					if( xTaskRemoveFromEventList( &( pxQueue->xTasksWaitingToSend ) ) != pdFALSE )
1484:Middlewares/Third_Party/FreeRTOS/Source/queue.c **** 					{
1485:Middlewares/Third_Party/FreeRTOS/Source/queue.c **** 						queueYIELD_IF_USING_PREEMPTION();
1486:Middlewares/Third_Party/FreeRTOS/Source/queue.c **** 					}
1487:Middlewares/Third_Party/FreeRTOS/Source/queue.c **** 					else
1488:Middlewares/Third_Party/FreeRTOS/Source/queue.c **** 					{
1489:Middlewares/Third_Party/FreeRTOS/Source/queue.c **** 						mtCOVERAGE_TEST_MARKER();
1490:Middlewares/Third_Party/FreeRTOS/Source/queue.c **** 					}
1491:Middlewares/Third_Party/FreeRTOS/Source/queue.c **** 				}
1492:Middlewares/Third_Party/FreeRTOS/Source/queue.c **** 				else
1493:Middlewares/Third_Party/FreeRTOS/Source/queue.c **** 				{
1494:Middlewares/Third_Party/FreeRTOS/Source/queue.c **** 					mtCOVERAGE_TEST_MARKER();
1495:Middlewares/Third_Party/FreeRTOS/Source/queue.c **** 				}
1496:Middlewares/Third_Party/FreeRTOS/Source/queue.c **** 
1497:Middlewares/Third_Party/FreeRTOS/Source/queue.c **** 				taskEXIT_CRITICAL();
1498:Middlewares/Third_Party/FreeRTOS/Source/queue.c **** 				return pdPASS;
1499:Middlewares/Third_Party/FreeRTOS/Source/queue.c **** 			}
1500:Middlewares/Third_Party/FreeRTOS/Source/queue.c **** 			else
1501:Middlewares/Third_Party/FreeRTOS/Source/queue.c **** 			{
1502:Middlewares/Third_Party/FreeRTOS/Source/queue.c **** 				if( xTicksToWait == ( TickType_t ) 0 )
1503:Middlewares/Third_Party/FreeRTOS/Source/queue.c **** 				{
1504:Middlewares/Third_Party/FreeRTOS/Source/queue.c **** 					/* For inheritance to have occurred there must have been an
1505:Middlewares/Third_Party/FreeRTOS/Source/queue.c **** 					initial timeout, and an adjusted timeout cannot become 0, as
1506:Middlewares/Third_Party/FreeRTOS/Source/queue.c **** 					if it were 0 the function would have exited. */
1507:Middlewares/Third_Party/FreeRTOS/Source/queue.c **** 					#if( configUSE_MUTEXES == 1 )
1508:Middlewares/Third_Party/FreeRTOS/Source/queue.c **** 					{
1509:Middlewares/Third_Party/FreeRTOS/Source/queue.c **** 						configASSERT( xInheritanceOccurred == pdFALSE );
1510:Middlewares/Third_Party/FreeRTOS/Source/queue.c **** 					}
1511:Middlewares/Third_Party/FreeRTOS/Source/queue.c **** 					#endif /* configUSE_MUTEXES */
1512:Middlewares/Third_Party/FreeRTOS/Source/queue.c **** 
1513:Middlewares/Third_Party/FreeRTOS/Source/queue.c **** 					/* The semaphore count was 0 and no block time is specified
ARM GAS  C:\Users\Made\AppData\Local\Temp\cclTNyiU.s 			page 28


1514:Middlewares/Third_Party/FreeRTOS/Source/queue.c **** 					(or the block time has expired) so exit now. */
1515:Middlewares/Third_Party/FreeRTOS/Source/queue.c **** 					taskEXIT_CRITICAL();
1516:Middlewares/Third_Party/FreeRTOS/Source/queue.c **** 					traceQUEUE_RECEIVE_FAILED( pxQueue );
1517:Middlewares/Third_Party/FreeRTOS/Source/queue.c **** 					return errQUEUE_EMPTY;
1518:Middlewares/Third_Party/FreeRTOS/Source/queue.c **** 				}
1519:Middlewares/Third_Party/FreeRTOS/Source/queue.c **** 				else if( xEntryTimeSet == pdFALSE )
1520:Middlewares/Third_Party/FreeRTOS/Source/queue.c **** 				{
1521:Middlewares/Third_Party/FreeRTOS/Source/queue.c **** 					/* The semaphore count was 0 and a block time was specified
1522:Middlewares/Third_Party/FreeRTOS/Source/queue.c **** 					so configure the timeout structure ready to block. */
1523:Middlewares/Third_Party/FreeRTOS/Source/queue.c **** 					vTaskInternalSetTimeOutState( &xTimeOut );
1524:Middlewares/Third_Party/FreeRTOS/Source/queue.c **** 					xEntryTimeSet = pdTRUE;
1525:Middlewares/Third_Party/FreeRTOS/Source/queue.c **** 				}
1526:Middlewares/Third_Party/FreeRTOS/Source/queue.c **** 				else
1527:Middlewares/Third_Party/FreeRTOS/Source/queue.c **** 				{
1528:Middlewares/Third_Party/FreeRTOS/Source/queue.c **** 					/* Entry time was already set. */
1529:Middlewares/Third_Party/FreeRTOS/Source/queue.c **** 					mtCOVERAGE_TEST_MARKER();
1530:Middlewares/Third_Party/FreeRTOS/Source/queue.c **** 				}
1531:Middlewares/Third_Party/FreeRTOS/Source/queue.c **** 			}
1532:Middlewares/Third_Party/FreeRTOS/Source/queue.c **** 		}
1533:Middlewares/Third_Party/FreeRTOS/Source/queue.c **** 		taskEXIT_CRITICAL();
1534:Middlewares/Third_Party/FreeRTOS/Source/queue.c **** 
1535:Middlewares/Third_Party/FreeRTOS/Source/queue.c **** 		/* Interrupts and other tasks can give to and take from the semaphore
1536:Middlewares/Third_Party/FreeRTOS/Source/queue.c **** 		now the critical section has been exited. */
1537:Middlewares/Third_Party/FreeRTOS/Source/queue.c **** 
1538:Middlewares/Third_Party/FreeRTOS/Source/queue.c **** 		vTaskSuspendAll();
1539:Middlewares/Third_Party/FreeRTOS/Source/queue.c **** 		prvLockQueue( pxQueue );
1540:Middlewares/Third_Party/FreeRTOS/Source/queue.c **** 
1541:Middlewares/Third_Party/FreeRTOS/Source/queue.c **** 		/* Update the timeout state to see if it has expired yet. */
1542:Middlewares/Third_Party/FreeRTOS/Source/queue.c **** 		if( xTaskCheckForTimeOut( &xTimeOut, &xTicksToWait ) == pdFALSE )
1543:Middlewares/Third_Party/FreeRTOS/Source/queue.c **** 		{
1544:Middlewares/Third_Party/FreeRTOS/Source/queue.c **** 			/* A block time is specified and not expired.  If the semaphore
1545:Middlewares/Third_Party/FreeRTOS/Source/queue.c **** 			count is 0 then enter the Blocked state to wait for a semaphore to
1546:Middlewares/Third_Party/FreeRTOS/Source/queue.c **** 			become available.  As semaphores are implemented with queues the
1547:Middlewares/Third_Party/FreeRTOS/Source/queue.c **** 			queue being empty is equivalent to the semaphore count being 0. */
1548:Middlewares/Third_Party/FreeRTOS/Source/queue.c **** 			if( prvIsQueueEmpty( pxQueue ) != pdFALSE )
1549:Middlewares/Third_Party/FreeRTOS/Source/queue.c **** 			{
1550:Middlewares/Third_Party/FreeRTOS/Source/queue.c **** 				traceBLOCKING_ON_QUEUE_RECEIVE( pxQueue );
1551:Middlewares/Third_Party/FreeRTOS/Source/queue.c **** 
1552:Middlewares/Third_Party/FreeRTOS/Source/queue.c **** 				#if ( configUSE_MUTEXES == 1 )
1553:Middlewares/Third_Party/FreeRTOS/Source/queue.c **** 				{
1554:Middlewares/Third_Party/FreeRTOS/Source/queue.c **** 					if( pxQueue->uxQueueType == queueQUEUE_IS_MUTEX )
1555:Middlewares/Third_Party/FreeRTOS/Source/queue.c **** 					{
1556:Middlewares/Third_Party/FreeRTOS/Source/queue.c **** 						taskENTER_CRITICAL();
1557:Middlewares/Third_Party/FreeRTOS/Source/queue.c **** 						{
1558:Middlewares/Third_Party/FreeRTOS/Source/queue.c **** 							xInheritanceOccurred = xTaskPriorityInherit( pxQueue->u.xSemaphore.xMutexHolder );
1559:Middlewares/Third_Party/FreeRTOS/Source/queue.c **** 						}
1560:Middlewares/Third_Party/FreeRTOS/Source/queue.c **** 						taskEXIT_CRITICAL();
1561:Middlewares/Third_Party/FreeRTOS/Source/queue.c **** 					}
1562:Middlewares/Third_Party/FreeRTOS/Source/queue.c **** 					else
1563:Middlewares/Third_Party/FreeRTOS/Source/queue.c **** 					{
1564:Middlewares/Third_Party/FreeRTOS/Source/queue.c **** 						mtCOVERAGE_TEST_MARKER();
1565:Middlewares/Third_Party/FreeRTOS/Source/queue.c **** 					}
1566:Middlewares/Third_Party/FreeRTOS/Source/queue.c **** 				}
1567:Middlewares/Third_Party/FreeRTOS/Source/queue.c **** 				#endif
1568:Middlewares/Third_Party/FreeRTOS/Source/queue.c **** 
1569:Middlewares/Third_Party/FreeRTOS/Source/queue.c **** 				vTaskPlaceOnEventList( &( pxQueue->xTasksWaitingToReceive ), xTicksToWait );
1570:Middlewares/Third_Party/FreeRTOS/Source/queue.c **** 				prvUnlockQueue( pxQueue );
ARM GAS  C:\Users\Made\AppData\Local\Temp\cclTNyiU.s 			page 29


1571:Middlewares/Third_Party/FreeRTOS/Source/queue.c **** 				if( xTaskResumeAll() == pdFALSE )
1572:Middlewares/Third_Party/FreeRTOS/Source/queue.c **** 				{
1573:Middlewares/Third_Party/FreeRTOS/Source/queue.c **** 					portYIELD_WITHIN_API();
1574:Middlewares/Third_Party/FreeRTOS/Source/queue.c **** 				}
1575:Middlewares/Third_Party/FreeRTOS/Source/queue.c **** 				else
1576:Middlewares/Third_Party/FreeRTOS/Source/queue.c **** 				{
1577:Middlewares/Third_Party/FreeRTOS/Source/queue.c **** 					mtCOVERAGE_TEST_MARKER();
1578:Middlewares/Third_Party/FreeRTOS/Source/queue.c **** 				}
1579:Middlewares/Third_Party/FreeRTOS/Source/queue.c **** 			}
1580:Middlewares/Third_Party/FreeRTOS/Source/queue.c **** 			else
1581:Middlewares/Third_Party/FreeRTOS/Source/queue.c **** 			{
1582:Middlewares/Third_Party/FreeRTOS/Source/queue.c **** 				/* There was no timeout and the semaphore count was not 0, so
1583:Middlewares/Third_Party/FreeRTOS/Source/queue.c **** 				attempt to take the semaphore again. */
1584:Middlewares/Third_Party/FreeRTOS/Source/queue.c **** 				prvUnlockQueue( pxQueue );
1585:Middlewares/Third_Party/FreeRTOS/Source/queue.c **** 				( void ) xTaskResumeAll();
1586:Middlewares/Third_Party/FreeRTOS/Source/queue.c **** 			}
1587:Middlewares/Third_Party/FreeRTOS/Source/queue.c **** 		}
1588:Middlewares/Third_Party/FreeRTOS/Source/queue.c **** 		else
1589:Middlewares/Third_Party/FreeRTOS/Source/queue.c **** 		{
1590:Middlewares/Third_Party/FreeRTOS/Source/queue.c **** 			/* Timed out. */
1591:Middlewares/Third_Party/FreeRTOS/Source/queue.c **** 			prvUnlockQueue( pxQueue );
1592:Middlewares/Third_Party/FreeRTOS/Source/queue.c **** 			( void ) xTaskResumeAll();
1593:Middlewares/Third_Party/FreeRTOS/Source/queue.c **** 
1594:Middlewares/Third_Party/FreeRTOS/Source/queue.c **** 			/* If the semaphore count is 0 exit now as the timeout has
1595:Middlewares/Third_Party/FreeRTOS/Source/queue.c **** 			expired.  Otherwise return to attempt to take the semaphore that is
1596:Middlewares/Third_Party/FreeRTOS/Source/queue.c **** 			known to be available.  As semaphores are implemented by queues the
1597:Middlewares/Third_Party/FreeRTOS/Source/queue.c **** 			queue being empty is equivalent to the semaphore count being 0. */
1598:Middlewares/Third_Party/FreeRTOS/Source/queue.c **** 			if( prvIsQueueEmpty( pxQueue ) != pdFALSE )
1599:Middlewares/Third_Party/FreeRTOS/Source/queue.c **** 			{
1600:Middlewares/Third_Party/FreeRTOS/Source/queue.c **** 				#if ( configUSE_MUTEXES == 1 )
1601:Middlewares/Third_Party/FreeRTOS/Source/queue.c **** 				{
1602:Middlewares/Third_Party/FreeRTOS/Source/queue.c **** 					/* xInheritanceOccurred could only have be set if
1603:Middlewares/Third_Party/FreeRTOS/Source/queue.c **** 					pxQueue->uxQueueType == queueQUEUE_IS_MUTEX so no need to
1604:Middlewares/Third_Party/FreeRTOS/Source/queue.c **** 					test the mutex type again to check it is actually a mutex. */
1605:Middlewares/Third_Party/FreeRTOS/Source/queue.c **** 					if( xInheritanceOccurred != pdFALSE )
1606:Middlewares/Third_Party/FreeRTOS/Source/queue.c **** 					{
1607:Middlewares/Third_Party/FreeRTOS/Source/queue.c **** 						taskENTER_CRITICAL();
1608:Middlewares/Third_Party/FreeRTOS/Source/queue.c **** 						{
1609:Middlewares/Third_Party/FreeRTOS/Source/queue.c **** 							UBaseType_t uxHighestWaitingPriority;
1610:Middlewares/Third_Party/FreeRTOS/Source/queue.c **** 
1611:Middlewares/Third_Party/FreeRTOS/Source/queue.c **** 							/* This task blocking on the mutex caused another
1612:Middlewares/Third_Party/FreeRTOS/Source/queue.c **** 							task to inherit this task's priority.  Now this task
1613:Middlewares/Third_Party/FreeRTOS/Source/queue.c **** 							has timed out the priority should be disinherited
1614:Middlewares/Third_Party/FreeRTOS/Source/queue.c **** 							again, but only as low as the next highest priority
1615:Middlewares/Third_Party/FreeRTOS/Source/queue.c **** 							task that is waiting for the same mutex. */
1616:Middlewares/Third_Party/FreeRTOS/Source/queue.c **** 							uxHighestWaitingPriority = prvGetDisinheritPriorityAfterTimeout( pxQueue );
1617:Middlewares/Third_Party/FreeRTOS/Source/queue.c **** 							vTaskPriorityDisinheritAfterTimeout( pxQueue->u.xSemaphore.xMutexHolder, uxHighestWaitingPri
1618:Middlewares/Third_Party/FreeRTOS/Source/queue.c **** 						}
1619:Middlewares/Third_Party/FreeRTOS/Source/queue.c **** 						taskEXIT_CRITICAL();
1620:Middlewares/Third_Party/FreeRTOS/Source/queue.c **** 					}
1621:Middlewares/Third_Party/FreeRTOS/Source/queue.c **** 				}
1622:Middlewares/Third_Party/FreeRTOS/Source/queue.c **** 				#endif /* configUSE_MUTEXES */
1623:Middlewares/Third_Party/FreeRTOS/Source/queue.c **** 
1624:Middlewares/Third_Party/FreeRTOS/Source/queue.c **** 				traceQUEUE_RECEIVE_FAILED( pxQueue );
1625:Middlewares/Third_Party/FreeRTOS/Source/queue.c **** 				return errQUEUE_EMPTY;
1626:Middlewares/Third_Party/FreeRTOS/Source/queue.c **** 			}
1627:Middlewares/Third_Party/FreeRTOS/Source/queue.c **** 			else
ARM GAS  C:\Users\Made\AppData\Local\Temp\cclTNyiU.s 			page 30


1628:Middlewares/Third_Party/FreeRTOS/Source/queue.c **** 			{
1629:Middlewares/Third_Party/FreeRTOS/Source/queue.c **** 				mtCOVERAGE_TEST_MARKER();
1630:Middlewares/Third_Party/FreeRTOS/Source/queue.c **** 			}
1631:Middlewares/Third_Party/FreeRTOS/Source/queue.c **** 		}
1632:Middlewares/Third_Party/FreeRTOS/Source/queue.c **** 	} /*lint -restore */
1633:Middlewares/Third_Party/FreeRTOS/Source/queue.c **** }
1634:Middlewares/Third_Party/FreeRTOS/Source/queue.c **** /*-----------------------------------------------------------*/
1635:Middlewares/Third_Party/FreeRTOS/Source/queue.c **** 
1636:Middlewares/Third_Party/FreeRTOS/Source/queue.c **** BaseType_t xQueuePeek( QueueHandle_t xQueue, void * const pvBuffer, TickType_t xTicksToWait )
1637:Middlewares/Third_Party/FreeRTOS/Source/queue.c **** {
1638:Middlewares/Third_Party/FreeRTOS/Source/queue.c **** BaseType_t xEntryTimeSet = pdFALSE;
1639:Middlewares/Third_Party/FreeRTOS/Source/queue.c **** TimeOut_t xTimeOut;
1640:Middlewares/Third_Party/FreeRTOS/Source/queue.c **** int8_t *pcOriginalReadPosition;
1641:Middlewares/Third_Party/FreeRTOS/Source/queue.c **** Queue_t * const pxQueue = xQueue;
1642:Middlewares/Third_Party/FreeRTOS/Source/queue.c **** 
1643:Middlewares/Third_Party/FreeRTOS/Source/queue.c **** 	/* Check the pointer is not NULL. */
1644:Middlewares/Third_Party/FreeRTOS/Source/queue.c **** 	configASSERT( ( pxQueue ) );
1645:Middlewares/Third_Party/FreeRTOS/Source/queue.c **** 
1646:Middlewares/Third_Party/FreeRTOS/Source/queue.c **** 	/* The buffer into which data is received can only be NULL if the data size
1647:Middlewares/Third_Party/FreeRTOS/Source/queue.c **** 	is zero (so no data is copied into the buffer. */
1648:Middlewares/Third_Party/FreeRTOS/Source/queue.c **** 	configASSERT( !( ( ( pvBuffer ) == NULL ) && ( ( pxQueue )->uxItemSize != ( UBaseType_t ) 0U ) ) )
1649:Middlewares/Third_Party/FreeRTOS/Source/queue.c **** 
1650:Middlewares/Third_Party/FreeRTOS/Source/queue.c **** 	/* Cannot block if the scheduler is suspended. */
1651:Middlewares/Third_Party/FreeRTOS/Source/queue.c **** 	#if ( ( INCLUDE_xTaskGetSchedulerState == 1 ) || ( configUSE_TIMERS == 1 ) )
1652:Middlewares/Third_Party/FreeRTOS/Source/queue.c **** 	{
1653:Middlewares/Third_Party/FreeRTOS/Source/queue.c **** 		configASSERT( !( ( xTaskGetSchedulerState() == taskSCHEDULER_SUSPENDED ) && ( xTicksToWait != 0 )
1654:Middlewares/Third_Party/FreeRTOS/Source/queue.c **** 	}
1655:Middlewares/Third_Party/FreeRTOS/Source/queue.c **** 	#endif
1656:Middlewares/Third_Party/FreeRTOS/Source/queue.c **** 
1657:Middlewares/Third_Party/FreeRTOS/Source/queue.c **** 
1658:Middlewares/Third_Party/FreeRTOS/Source/queue.c **** 	/*lint -save -e904  This function relaxes the coding standard somewhat to
1659:Middlewares/Third_Party/FreeRTOS/Source/queue.c **** 	allow return statements within the function itself.  This is done in the
1660:Middlewares/Third_Party/FreeRTOS/Source/queue.c **** 	interest of execution time efficiency. */
1661:Middlewares/Third_Party/FreeRTOS/Source/queue.c **** 	for( ;; )
1662:Middlewares/Third_Party/FreeRTOS/Source/queue.c **** 	{
1663:Middlewares/Third_Party/FreeRTOS/Source/queue.c **** 		taskENTER_CRITICAL();
1664:Middlewares/Third_Party/FreeRTOS/Source/queue.c **** 		{
1665:Middlewares/Third_Party/FreeRTOS/Source/queue.c **** 			const UBaseType_t uxMessagesWaiting = pxQueue->uxMessagesWaiting;
1666:Middlewares/Third_Party/FreeRTOS/Source/queue.c **** 
1667:Middlewares/Third_Party/FreeRTOS/Source/queue.c **** 			/* Is there data in the queue now?  To be running the calling task
1668:Middlewares/Third_Party/FreeRTOS/Source/queue.c **** 			must be the highest priority task wanting to access the queue. */
1669:Middlewares/Third_Party/FreeRTOS/Source/queue.c **** 			if( uxMessagesWaiting > ( UBaseType_t ) 0 )
1670:Middlewares/Third_Party/FreeRTOS/Source/queue.c **** 			{
1671:Middlewares/Third_Party/FreeRTOS/Source/queue.c **** 				/* Remember the read position so it can be reset after the data
1672:Middlewares/Third_Party/FreeRTOS/Source/queue.c **** 				is read from the queue as this function is only peeking the
1673:Middlewares/Third_Party/FreeRTOS/Source/queue.c **** 				data, not removing it. */
1674:Middlewares/Third_Party/FreeRTOS/Source/queue.c **** 				pcOriginalReadPosition = pxQueue->u.xQueue.pcReadFrom;
1675:Middlewares/Third_Party/FreeRTOS/Source/queue.c **** 
1676:Middlewares/Third_Party/FreeRTOS/Source/queue.c **** 				prvCopyDataFromQueue( pxQueue, pvBuffer );
1677:Middlewares/Third_Party/FreeRTOS/Source/queue.c **** 				traceQUEUE_PEEK( pxQueue );
1678:Middlewares/Third_Party/FreeRTOS/Source/queue.c **** 
1679:Middlewares/Third_Party/FreeRTOS/Source/queue.c **** 				/* The data is not being removed, so reset the read pointer. */
1680:Middlewares/Third_Party/FreeRTOS/Source/queue.c **** 				pxQueue->u.xQueue.pcReadFrom = pcOriginalReadPosition;
1681:Middlewares/Third_Party/FreeRTOS/Source/queue.c **** 
1682:Middlewares/Third_Party/FreeRTOS/Source/queue.c **** 				/* The data is being left in the queue, so see if there are
1683:Middlewares/Third_Party/FreeRTOS/Source/queue.c **** 				any other tasks waiting for the data. */
1684:Middlewares/Third_Party/FreeRTOS/Source/queue.c **** 				if( listLIST_IS_EMPTY( &( pxQueue->xTasksWaitingToReceive ) ) == pdFALSE )
ARM GAS  C:\Users\Made\AppData\Local\Temp\cclTNyiU.s 			page 31


1685:Middlewares/Third_Party/FreeRTOS/Source/queue.c **** 				{
1686:Middlewares/Third_Party/FreeRTOS/Source/queue.c **** 					if( xTaskRemoveFromEventList( &( pxQueue->xTasksWaitingToReceive ) ) != pdFALSE )
1687:Middlewares/Third_Party/FreeRTOS/Source/queue.c **** 					{
1688:Middlewares/Third_Party/FreeRTOS/Source/queue.c **** 						/* The task waiting has a higher priority than this task. */
1689:Middlewares/Third_Party/FreeRTOS/Source/queue.c **** 						queueYIELD_IF_USING_PREEMPTION();
1690:Middlewares/Third_Party/FreeRTOS/Source/queue.c **** 					}
1691:Middlewares/Third_Party/FreeRTOS/Source/queue.c **** 					else
1692:Middlewares/Third_Party/FreeRTOS/Source/queue.c **** 					{
1693:Middlewares/Third_Party/FreeRTOS/Source/queue.c **** 						mtCOVERAGE_TEST_MARKER();
1694:Middlewares/Third_Party/FreeRTOS/Source/queue.c **** 					}
1695:Middlewares/Third_Party/FreeRTOS/Source/queue.c **** 				}
1696:Middlewares/Third_Party/FreeRTOS/Source/queue.c **** 				else
1697:Middlewares/Third_Party/FreeRTOS/Source/queue.c **** 				{
1698:Middlewares/Third_Party/FreeRTOS/Source/queue.c **** 					mtCOVERAGE_TEST_MARKER();
1699:Middlewares/Third_Party/FreeRTOS/Source/queue.c **** 				}
1700:Middlewares/Third_Party/FreeRTOS/Source/queue.c **** 
1701:Middlewares/Third_Party/FreeRTOS/Source/queue.c **** 				taskEXIT_CRITICAL();
1702:Middlewares/Third_Party/FreeRTOS/Source/queue.c **** 				return pdPASS;
1703:Middlewares/Third_Party/FreeRTOS/Source/queue.c **** 			}
1704:Middlewares/Third_Party/FreeRTOS/Source/queue.c **** 			else
1705:Middlewares/Third_Party/FreeRTOS/Source/queue.c **** 			{
1706:Middlewares/Third_Party/FreeRTOS/Source/queue.c **** 				if( xTicksToWait == ( TickType_t ) 0 )
1707:Middlewares/Third_Party/FreeRTOS/Source/queue.c **** 				{
1708:Middlewares/Third_Party/FreeRTOS/Source/queue.c **** 					/* The queue was empty and no block time is specified (or
1709:Middlewares/Third_Party/FreeRTOS/Source/queue.c **** 					the block time has expired) so leave now. */
1710:Middlewares/Third_Party/FreeRTOS/Source/queue.c **** 					taskEXIT_CRITICAL();
1711:Middlewares/Third_Party/FreeRTOS/Source/queue.c **** 					traceQUEUE_PEEK_FAILED( pxQueue );
1712:Middlewares/Third_Party/FreeRTOS/Source/queue.c **** 					return errQUEUE_EMPTY;
1713:Middlewares/Third_Party/FreeRTOS/Source/queue.c **** 				}
1714:Middlewares/Third_Party/FreeRTOS/Source/queue.c **** 				else if( xEntryTimeSet == pdFALSE )
1715:Middlewares/Third_Party/FreeRTOS/Source/queue.c **** 				{
1716:Middlewares/Third_Party/FreeRTOS/Source/queue.c **** 					/* The queue was empty and a block time was specified so
1717:Middlewares/Third_Party/FreeRTOS/Source/queue.c **** 					configure the timeout structure ready to enter the blocked
1718:Middlewares/Third_Party/FreeRTOS/Source/queue.c **** 					state. */
1719:Middlewares/Third_Party/FreeRTOS/Source/queue.c **** 					vTaskInternalSetTimeOutState( &xTimeOut );
1720:Middlewares/Third_Party/FreeRTOS/Source/queue.c **** 					xEntryTimeSet = pdTRUE;
1721:Middlewares/Third_Party/FreeRTOS/Source/queue.c **** 				}
1722:Middlewares/Third_Party/FreeRTOS/Source/queue.c **** 				else
1723:Middlewares/Third_Party/FreeRTOS/Source/queue.c **** 				{
1724:Middlewares/Third_Party/FreeRTOS/Source/queue.c **** 					/* Entry time was already set. */
1725:Middlewares/Third_Party/FreeRTOS/Source/queue.c **** 					mtCOVERAGE_TEST_MARKER();
1726:Middlewares/Third_Party/FreeRTOS/Source/queue.c **** 				}
1727:Middlewares/Third_Party/FreeRTOS/Source/queue.c **** 			}
1728:Middlewares/Third_Party/FreeRTOS/Source/queue.c **** 		}
1729:Middlewares/Third_Party/FreeRTOS/Source/queue.c **** 		taskEXIT_CRITICAL();
1730:Middlewares/Third_Party/FreeRTOS/Source/queue.c **** 
1731:Middlewares/Third_Party/FreeRTOS/Source/queue.c **** 		/* Interrupts and other tasks can send to and receive from the queue
1732:Middlewares/Third_Party/FreeRTOS/Source/queue.c **** 		now the critical section has been exited. */
1733:Middlewares/Third_Party/FreeRTOS/Source/queue.c **** 
1734:Middlewares/Third_Party/FreeRTOS/Source/queue.c **** 		vTaskSuspendAll();
1735:Middlewares/Third_Party/FreeRTOS/Source/queue.c **** 		prvLockQueue( pxQueue );
1736:Middlewares/Third_Party/FreeRTOS/Source/queue.c **** 
1737:Middlewares/Third_Party/FreeRTOS/Source/queue.c **** 		/* Update the timeout state to see if it has expired yet. */
1738:Middlewares/Third_Party/FreeRTOS/Source/queue.c **** 		if( xTaskCheckForTimeOut( &xTimeOut, &xTicksToWait ) == pdFALSE )
1739:Middlewares/Third_Party/FreeRTOS/Source/queue.c **** 		{
1740:Middlewares/Third_Party/FreeRTOS/Source/queue.c **** 			/* Timeout has not expired yet, check to see if there is data in the
1741:Middlewares/Third_Party/FreeRTOS/Source/queue.c **** 			queue now, and if not enter the Blocked state to wait for data. */
ARM GAS  C:\Users\Made\AppData\Local\Temp\cclTNyiU.s 			page 32


1742:Middlewares/Third_Party/FreeRTOS/Source/queue.c **** 			if( prvIsQueueEmpty( pxQueue ) != pdFALSE )
1743:Middlewares/Third_Party/FreeRTOS/Source/queue.c **** 			{
1744:Middlewares/Third_Party/FreeRTOS/Source/queue.c **** 				traceBLOCKING_ON_QUEUE_PEEK( pxQueue );
1745:Middlewares/Third_Party/FreeRTOS/Source/queue.c **** 				vTaskPlaceOnEventList( &( pxQueue->xTasksWaitingToReceive ), xTicksToWait );
1746:Middlewares/Third_Party/FreeRTOS/Source/queue.c **** 				prvUnlockQueue( pxQueue );
1747:Middlewares/Third_Party/FreeRTOS/Source/queue.c **** 				if( xTaskResumeAll() == pdFALSE )
1748:Middlewares/Third_Party/FreeRTOS/Source/queue.c **** 				{
1749:Middlewares/Third_Party/FreeRTOS/Source/queue.c **** 					portYIELD_WITHIN_API();
1750:Middlewares/Third_Party/FreeRTOS/Source/queue.c **** 				}
1751:Middlewares/Third_Party/FreeRTOS/Source/queue.c **** 				else
1752:Middlewares/Third_Party/FreeRTOS/Source/queue.c **** 				{
1753:Middlewares/Third_Party/FreeRTOS/Source/queue.c **** 					mtCOVERAGE_TEST_MARKER();
1754:Middlewares/Third_Party/FreeRTOS/Source/queue.c **** 				}
1755:Middlewares/Third_Party/FreeRTOS/Source/queue.c **** 			}
1756:Middlewares/Third_Party/FreeRTOS/Source/queue.c **** 			else
1757:Middlewares/Third_Party/FreeRTOS/Source/queue.c **** 			{
1758:Middlewares/Third_Party/FreeRTOS/Source/queue.c **** 				/* There is data in the queue now, so don't enter the blocked
1759:Middlewares/Third_Party/FreeRTOS/Source/queue.c **** 				state, instead return to try and obtain the data. */
1760:Middlewares/Third_Party/FreeRTOS/Source/queue.c **** 				prvUnlockQueue( pxQueue );
1761:Middlewares/Third_Party/FreeRTOS/Source/queue.c **** 				( void ) xTaskResumeAll();
1762:Middlewares/Third_Party/FreeRTOS/Source/queue.c **** 			}
1763:Middlewares/Third_Party/FreeRTOS/Source/queue.c **** 		}
1764:Middlewares/Third_Party/FreeRTOS/Source/queue.c **** 		else
1765:Middlewares/Third_Party/FreeRTOS/Source/queue.c **** 		{
1766:Middlewares/Third_Party/FreeRTOS/Source/queue.c **** 			/* The timeout has expired.  If there is still no data in the queue
1767:Middlewares/Third_Party/FreeRTOS/Source/queue.c **** 			exit, otherwise go back and try to read the data again. */
1768:Middlewares/Third_Party/FreeRTOS/Source/queue.c **** 			prvUnlockQueue( pxQueue );
1769:Middlewares/Third_Party/FreeRTOS/Source/queue.c **** 			( void ) xTaskResumeAll();
1770:Middlewares/Third_Party/FreeRTOS/Source/queue.c **** 
1771:Middlewares/Third_Party/FreeRTOS/Source/queue.c **** 			if( prvIsQueueEmpty( pxQueue ) != pdFALSE )
1772:Middlewares/Third_Party/FreeRTOS/Source/queue.c **** 			{
1773:Middlewares/Third_Party/FreeRTOS/Source/queue.c **** 				traceQUEUE_PEEK_FAILED( pxQueue );
1774:Middlewares/Third_Party/FreeRTOS/Source/queue.c **** 				return errQUEUE_EMPTY;
1775:Middlewares/Third_Party/FreeRTOS/Source/queue.c **** 			}
1776:Middlewares/Third_Party/FreeRTOS/Source/queue.c **** 			else
1777:Middlewares/Third_Party/FreeRTOS/Source/queue.c **** 			{
1778:Middlewares/Third_Party/FreeRTOS/Source/queue.c **** 				mtCOVERAGE_TEST_MARKER();
1779:Middlewares/Third_Party/FreeRTOS/Source/queue.c **** 			}
1780:Middlewares/Third_Party/FreeRTOS/Source/queue.c **** 		}
1781:Middlewares/Third_Party/FreeRTOS/Source/queue.c **** 	} /*lint -restore */
1782:Middlewares/Third_Party/FreeRTOS/Source/queue.c **** }
1783:Middlewares/Third_Party/FreeRTOS/Source/queue.c **** /*-----------------------------------------------------------*/
1784:Middlewares/Third_Party/FreeRTOS/Source/queue.c **** 
1785:Middlewares/Third_Party/FreeRTOS/Source/queue.c **** BaseType_t xQueueReceiveFromISR( QueueHandle_t xQueue, void * const pvBuffer, BaseType_t * const px
1786:Middlewares/Third_Party/FreeRTOS/Source/queue.c **** {
1787:Middlewares/Third_Party/FreeRTOS/Source/queue.c **** BaseType_t xReturn;
1788:Middlewares/Third_Party/FreeRTOS/Source/queue.c **** UBaseType_t uxSavedInterruptStatus;
1789:Middlewares/Third_Party/FreeRTOS/Source/queue.c **** Queue_t * const pxQueue = xQueue;
1790:Middlewares/Third_Party/FreeRTOS/Source/queue.c **** 
1791:Middlewares/Third_Party/FreeRTOS/Source/queue.c **** 	configASSERT( pxQueue );
1792:Middlewares/Third_Party/FreeRTOS/Source/queue.c **** 	configASSERT( !( ( pvBuffer == NULL ) && ( pxQueue->uxItemSize != ( UBaseType_t ) 0U ) ) );
1793:Middlewares/Third_Party/FreeRTOS/Source/queue.c **** 
1794:Middlewares/Third_Party/FreeRTOS/Source/queue.c **** 	/* RTOS ports that support interrupt nesting have the concept of a maximum
1795:Middlewares/Third_Party/FreeRTOS/Source/queue.c **** 	system call (or maximum API call) interrupt priority.  Interrupts that are
1796:Middlewares/Third_Party/FreeRTOS/Source/queue.c **** 	above the maximum system call priority are kept permanently enabled, even
1797:Middlewares/Third_Party/FreeRTOS/Source/queue.c **** 	when the RTOS kernel is in a critical section, but cannot make any calls to
1798:Middlewares/Third_Party/FreeRTOS/Source/queue.c **** 	FreeRTOS API functions.  If configASSERT() is defined in FreeRTOSConfig.h
ARM GAS  C:\Users\Made\AppData\Local\Temp\cclTNyiU.s 			page 33


1799:Middlewares/Third_Party/FreeRTOS/Source/queue.c **** 	then portASSERT_IF_INTERRUPT_PRIORITY_INVALID() will result in an assertion
1800:Middlewares/Third_Party/FreeRTOS/Source/queue.c **** 	failure if a FreeRTOS API function is called from an interrupt that has been
1801:Middlewares/Third_Party/FreeRTOS/Source/queue.c **** 	assigned a priority above the configured maximum system call priority.
1802:Middlewares/Third_Party/FreeRTOS/Source/queue.c **** 	Only FreeRTOS functions that end in FromISR can be called from interrupts
1803:Middlewares/Third_Party/FreeRTOS/Source/queue.c **** 	that have been assigned a priority at or (logically) below the maximum
1804:Middlewares/Third_Party/FreeRTOS/Source/queue.c **** 	system call	interrupt priority.  FreeRTOS maintains a separate interrupt
1805:Middlewares/Third_Party/FreeRTOS/Source/queue.c **** 	safe API to ensure interrupt entry is as fast and as simple as possible.
1806:Middlewares/Third_Party/FreeRTOS/Source/queue.c **** 	More information (albeit Cortex-M specific) is provided on the following
1807:Middlewares/Third_Party/FreeRTOS/Source/queue.c **** 	link: http://www.freertos.org/RTOS-Cortex-M3-M4.html */
1808:Middlewares/Third_Party/FreeRTOS/Source/queue.c **** 	portASSERT_IF_INTERRUPT_PRIORITY_INVALID();
1809:Middlewares/Third_Party/FreeRTOS/Source/queue.c **** 
1810:Middlewares/Third_Party/FreeRTOS/Source/queue.c **** 	uxSavedInterruptStatus = portSET_INTERRUPT_MASK_FROM_ISR();
1811:Middlewares/Third_Party/FreeRTOS/Source/queue.c **** 	{
1812:Middlewares/Third_Party/FreeRTOS/Source/queue.c **** 		const UBaseType_t uxMessagesWaiting = pxQueue->uxMessagesWaiting;
1813:Middlewares/Third_Party/FreeRTOS/Source/queue.c **** 
1814:Middlewares/Third_Party/FreeRTOS/Source/queue.c **** 		/* Cannot block in an ISR, so check there is data available. */
1815:Middlewares/Third_Party/FreeRTOS/Source/queue.c **** 		if( uxMessagesWaiting > ( UBaseType_t ) 0 )
1816:Middlewares/Third_Party/FreeRTOS/Source/queue.c **** 		{
1817:Middlewares/Third_Party/FreeRTOS/Source/queue.c **** 			const int8_t cRxLock = pxQueue->cRxLock;
1818:Middlewares/Third_Party/FreeRTOS/Source/queue.c **** 
1819:Middlewares/Third_Party/FreeRTOS/Source/queue.c **** 			traceQUEUE_RECEIVE_FROM_ISR( pxQueue );
1820:Middlewares/Third_Party/FreeRTOS/Source/queue.c **** 
1821:Middlewares/Third_Party/FreeRTOS/Source/queue.c **** 			prvCopyDataFromQueue( pxQueue, pvBuffer );
1822:Middlewares/Third_Party/FreeRTOS/Source/queue.c **** 			pxQueue->uxMessagesWaiting = uxMessagesWaiting - ( UBaseType_t ) 1;
1823:Middlewares/Third_Party/FreeRTOS/Source/queue.c **** 
1824:Middlewares/Third_Party/FreeRTOS/Source/queue.c **** 			/* If the queue is locked the event list will not be modified.
1825:Middlewares/Third_Party/FreeRTOS/Source/queue.c **** 			Instead update the lock count so the task that unlocks the queue
1826:Middlewares/Third_Party/FreeRTOS/Source/queue.c **** 			will know that an ISR has removed data while the queue was
1827:Middlewares/Third_Party/FreeRTOS/Source/queue.c **** 			locked. */
1828:Middlewares/Third_Party/FreeRTOS/Source/queue.c **** 			if( cRxLock == queueUNLOCKED )
1829:Middlewares/Third_Party/FreeRTOS/Source/queue.c **** 			{
1830:Middlewares/Third_Party/FreeRTOS/Source/queue.c **** 				if( listLIST_IS_EMPTY( &( pxQueue->xTasksWaitingToSend ) ) == pdFALSE )
1831:Middlewares/Third_Party/FreeRTOS/Source/queue.c **** 				{
1832:Middlewares/Third_Party/FreeRTOS/Source/queue.c **** 					if( xTaskRemoveFromEventList( &( pxQueue->xTasksWaitingToSend ) ) != pdFALSE )
1833:Middlewares/Third_Party/FreeRTOS/Source/queue.c **** 					{
1834:Middlewares/Third_Party/FreeRTOS/Source/queue.c **** 						/* The task waiting has a higher priority than us so
1835:Middlewares/Third_Party/FreeRTOS/Source/queue.c **** 						force a context switch. */
1836:Middlewares/Third_Party/FreeRTOS/Source/queue.c **** 						if( pxHigherPriorityTaskWoken != NULL )
1837:Middlewares/Third_Party/FreeRTOS/Source/queue.c **** 						{
1838:Middlewares/Third_Party/FreeRTOS/Source/queue.c **** 							*pxHigherPriorityTaskWoken = pdTRUE;
1839:Middlewares/Third_Party/FreeRTOS/Source/queue.c **** 						}
1840:Middlewares/Third_Party/FreeRTOS/Source/queue.c **** 						else
1841:Middlewares/Third_Party/FreeRTOS/Source/queue.c **** 						{
1842:Middlewares/Third_Party/FreeRTOS/Source/queue.c **** 							mtCOVERAGE_TEST_MARKER();
1843:Middlewares/Third_Party/FreeRTOS/Source/queue.c **** 						}
1844:Middlewares/Third_Party/FreeRTOS/Source/queue.c **** 					}
1845:Middlewares/Third_Party/FreeRTOS/Source/queue.c **** 					else
1846:Middlewares/Third_Party/FreeRTOS/Source/queue.c **** 					{
1847:Middlewares/Third_Party/FreeRTOS/Source/queue.c **** 						mtCOVERAGE_TEST_MARKER();
1848:Middlewares/Third_Party/FreeRTOS/Source/queue.c **** 					}
1849:Middlewares/Third_Party/FreeRTOS/Source/queue.c **** 				}
1850:Middlewares/Third_Party/FreeRTOS/Source/queue.c **** 				else
1851:Middlewares/Third_Party/FreeRTOS/Source/queue.c **** 				{
1852:Middlewares/Third_Party/FreeRTOS/Source/queue.c **** 					mtCOVERAGE_TEST_MARKER();
1853:Middlewares/Third_Party/FreeRTOS/Source/queue.c **** 				}
1854:Middlewares/Third_Party/FreeRTOS/Source/queue.c **** 			}
1855:Middlewares/Third_Party/FreeRTOS/Source/queue.c **** 			else
ARM GAS  C:\Users\Made\AppData\Local\Temp\cclTNyiU.s 			page 34


1856:Middlewares/Third_Party/FreeRTOS/Source/queue.c **** 			{
1857:Middlewares/Third_Party/FreeRTOS/Source/queue.c **** 				/* Increment the lock count so the task that unlocks the queue
1858:Middlewares/Third_Party/FreeRTOS/Source/queue.c **** 				knows that data was removed while it was locked. */
1859:Middlewares/Third_Party/FreeRTOS/Source/queue.c **** 				pxQueue->cRxLock = ( int8_t ) ( cRxLock + 1 );
1860:Middlewares/Third_Party/FreeRTOS/Source/queue.c **** 			}
1861:Middlewares/Third_Party/FreeRTOS/Source/queue.c **** 
1862:Middlewares/Third_Party/FreeRTOS/Source/queue.c **** 			xReturn = pdPASS;
1863:Middlewares/Third_Party/FreeRTOS/Source/queue.c **** 		}
1864:Middlewares/Third_Party/FreeRTOS/Source/queue.c **** 		else
1865:Middlewares/Third_Party/FreeRTOS/Source/queue.c **** 		{
1866:Middlewares/Third_Party/FreeRTOS/Source/queue.c **** 			xReturn = pdFAIL;
1867:Middlewares/Third_Party/FreeRTOS/Source/queue.c **** 			traceQUEUE_RECEIVE_FROM_ISR_FAILED( pxQueue );
1868:Middlewares/Third_Party/FreeRTOS/Source/queue.c **** 		}
1869:Middlewares/Third_Party/FreeRTOS/Source/queue.c **** 	}
1870:Middlewares/Third_Party/FreeRTOS/Source/queue.c **** 	portCLEAR_INTERRUPT_MASK_FROM_ISR( uxSavedInterruptStatus );
1871:Middlewares/Third_Party/FreeRTOS/Source/queue.c **** 
1872:Middlewares/Third_Party/FreeRTOS/Source/queue.c **** 	return xReturn;
1873:Middlewares/Third_Party/FreeRTOS/Source/queue.c **** }
1874:Middlewares/Third_Party/FreeRTOS/Source/queue.c **** /*-----------------------------------------------------------*/
1875:Middlewares/Third_Party/FreeRTOS/Source/queue.c **** 
1876:Middlewares/Third_Party/FreeRTOS/Source/queue.c **** BaseType_t xQueuePeekFromISR( QueueHandle_t xQueue,  void * const pvBuffer )
1877:Middlewares/Third_Party/FreeRTOS/Source/queue.c **** {
1878:Middlewares/Third_Party/FreeRTOS/Source/queue.c **** BaseType_t xReturn;
1879:Middlewares/Third_Party/FreeRTOS/Source/queue.c **** UBaseType_t uxSavedInterruptStatus;
1880:Middlewares/Third_Party/FreeRTOS/Source/queue.c **** int8_t *pcOriginalReadPosition;
1881:Middlewares/Third_Party/FreeRTOS/Source/queue.c **** Queue_t * const pxQueue = xQueue;
1882:Middlewares/Third_Party/FreeRTOS/Source/queue.c **** 
1883:Middlewares/Third_Party/FreeRTOS/Source/queue.c **** 	configASSERT( pxQueue );
1884:Middlewares/Third_Party/FreeRTOS/Source/queue.c **** 	configASSERT( !( ( pvBuffer == NULL ) && ( pxQueue->uxItemSize != ( UBaseType_t ) 0U ) ) );
1885:Middlewares/Third_Party/FreeRTOS/Source/queue.c **** 	configASSERT( pxQueue->uxItemSize != 0 ); /* Can't peek a semaphore. */
1886:Middlewares/Third_Party/FreeRTOS/Source/queue.c **** 
1887:Middlewares/Third_Party/FreeRTOS/Source/queue.c **** 	/* RTOS ports that support interrupt nesting have the concept of a maximum
1888:Middlewares/Third_Party/FreeRTOS/Source/queue.c **** 	system call (or maximum API call) interrupt priority.  Interrupts that are
1889:Middlewares/Third_Party/FreeRTOS/Source/queue.c **** 	above the maximum system call priority are kept permanently enabled, even
1890:Middlewares/Third_Party/FreeRTOS/Source/queue.c **** 	when the RTOS kernel is in a critical section, but cannot make any calls to
1891:Middlewares/Third_Party/FreeRTOS/Source/queue.c **** 	FreeRTOS API functions.  If configASSERT() is defined in FreeRTOSConfig.h
1892:Middlewares/Third_Party/FreeRTOS/Source/queue.c **** 	then portASSERT_IF_INTERRUPT_PRIORITY_INVALID() will result in an assertion
1893:Middlewares/Third_Party/FreeRTOS/Source/queue.c **** 	failure if a FreeRTOS API function is called from an interrupt that has been
1894:Middlewares/Third_Party/FreeRTOS/Source/queue.c **** 	assigned a priority above the configured maximum system call priority.
1895:Middlewares/Third_Party/FreeRTOS/Source/queue.c **** 	Only FreeRTOS functions that end in FromISR can be called from interrupts
1896:Middlewares/Third_Party/FreeRTOS/Source/queue.c **** 	that have been assigned a priority at or (logically) below the maximum
1897:Middlewares/Third_Party/FreeRTOS/Source/queue.c **** 	system call	interrupt priority.  FreeRTOS maintains a separate interrupt
1898:Middlewares/Third_Party/FreeRTOS/Source/queue.c **** 	safe API to ensure interrupt entry is as fast and as simple as possible.
1899:Middlewares/Third_Party/FreeRTOS/Source/queue.c **** 	More information (albeit Cortex-M specific) is provided on the following
1900:Middlewares/Third_Party/FreeRTOS/Source/queue.c **** 	link: http://www.freertos.org/RTOS-Cortex-M3-M4.html */
1901:Middlewares/Third_Party/FreeRTOS/Source/queue.c **** 	portASSERT_IF_INTERRUPT_PRIORITY_INVALID();
1902:Middlewares/Third_Party/FreeRTOS/Source/queue.c **** 
1903:Middlewares/Third_Party/FreeRTOS/Source/queue.c **** 	uxSavedInterruptStatus = portSET_INTERRUPT_MASK_FROM_ISR();
1904:Middlewares/Third_Party/FreeRTOS/Source/queue.c **** 	{
1905:Middlewares/Third_Party/FreeRTOS/Source/queue.c **** 		/* Cannot block in an ISR, so check there is data available. */
1906:Middlewares/Third_Party/FreeRTOS/Source/queue.c **** 		if( pxQueue->uxMessagesWaiting > ( UBaseType_t ) 0 )
1907:Middlewares/Third_Party/FreeRTOS/Source/queue.c **** 		{
1908:Middlewares/Third_Party/FreeRTOS/Source/queue.c **** 			traceQUEUE_PEEK_FROM_ISR( pxQueue );
1909:Middlewares/Third_Party/FreeRTOS/Source/queue.c **** 
1910:Middlewares/Third_Party/FreeRTOS/Source/queue.c **** 			/* Remember the read position so it can be reset as nothing is
1911:Middlewares/Third_Party/FreeRTOS/Source/queue.c **** 			actually being removed from the queue. */
1912:Middlewares/Third_Party/FreeRTOS/Source/queue.c **** 			pcOriginalReadPosition = pxQueue->u.xQueue.pcReadFrom;
ARM GAS  C:\Users\Made\AppData\Local\Temp\cclTNyiU.s 			page 35


1913:Middlewares/Third_Party/FreeRTOS/Source/queue.c **** 			prvCopyDataFromQueue( pxQueue, pvBuffer );
1914:Middlewares/Third_Party/FreeRTOS/Source/queue.c **** 			pxQueue->u.xQueue.pcReadFrom = pcOriginalReadPosition;
1915:Middlewares/Third_Party/FreeRTOS/Source/queue.c **** 
1916:Middlewares/Third_Party/FreeRTOS/Source/queue.c **** 			xReturn = pdPASS;
1917:Middlewares/Third_Party/FreeRTOS/Source/queue.c **** 		}
1918:Middlewares/Third_Party/FreeRTOS/Source/queue.c **** 		else
1919:Middlewares/Third_Party/FreeRTOS/Source/queue.c **** 		{
1920:Middlewares/Third_Party/FreeRTOS/Source/queue.c **** 			xReturn = pdFAIL;
1921:Middlewares/Third_Party/FreeRTOS/Source/queue.c **** 			traceQUEUE_PEEK_FROM_ISR_FAILED( pxQueue );
1922:Middlewares/Third_Party/FreeRTOS/Source/queue.c **** 		}
1923:Middlewares/Third_Party/FreeRTOS/Source/queue.c **** 	}
1924:Middlewares/Third_Party/FreeRTOS/Source/queue.c **** 	portCLEAR_INTERRUPT_MASK_FROM_ISR( uxSavedInterruptStatus );
1925:Middlewares/Third_Party/FreeRTOS/Source/queue.c **** 
1926:Middlewares/Third_Party/FreeRTOS/Source/queue.c **** 	return xReturn;
1927:Middlewares/Third_Party/FreeRTOS/Source/queue.c **** }
1928:Middlewares/Third_Party/FreeRTOS/Source/queue.c **** /*-----------------------------------------------------------*/
1929:Middlewares/Third_Party/FreeRTOS/Source/queue.c **** 
1930:Middlewares/Third_Party/FreeRTOS/Source/queue.c **** UBaseType_t uxQueueMessagesWaiting( const QueueHandle_t xQueue )
1931:Middlewares/Third_Party/FreeRTOS/Source/queue.c **** {
1932:Middlewares/Third_Party/FreeRTOS/Source/queue.c **** UBaseType_t uxReturn;
1933:Middlewares/Third_Party/FreeRTOS/Source/queue.c **** 
1934:Middlewares/Third_Party/FreeRTOS/Source/queue.c **** 	configASSERT( xQueue );
1935:Middlewares/Third_Party/FreeRTOS/Source/queue.c **** 
1936:Middlewares/Third_Party/FreeRTOS/Source/queue.c **** 	taskENTER_CRITICAL();
1937:Middlewares/Third_Party/FreeRTOS/Source/queue.c **** 	{
1938:Middlewares/Third_Party/FreeRTOS/Source/queue.c **** 		uxReturn = ( ( Queue_t * ) xQueue )->uxMessagesWaiting;
1939:Middlewares/Third_Party/FreeRTOS/Source/queue.c **** 	}
1940:Middlewares/Third_Party/FreeRTOS/Source/queue.c **** 	taskEXIT_CRITICAL();
1941:Middlewares/Third_Party/FreeRTOS/Source/queue.c **** 
1942:Middlewares/Third_Party/FreeRTOS/Source/queue.c **** 	return uxReturn;
1943:Middlewares/Third_Party/FreeRTOS/Source/queue.c **** } /*lint !e818 Pointer cannot be declared const as xQueue is a typedef not pointer. */
1944:Middlewares/Third_Party/FreeRTOS/Source/queue.c **** /*-----------------------------------------------------------*/
1945:Middlewares/Third_Party/FreeRTOS/Source/queue.c **** 
1946:Middlewares/Third_Party/FreeRTOS/Source/queue.c **** UBaseType_t uxQueueSpacesAvailable( const QueueHandle_t xQueue )
1947:Middlewares/Third_Party/FreeRTOS/Source/queue.c **** {
1948:Middlewares/Third_Party/FreeRTOS/Source/queue.c **** UBaseType_t uxReturn;
1949:Middlewares/Third_Party/FreeRTOS/Source/queue.c **** Queue_t * const pxQueue = xQueue;
1950:Middlewares/Third_Party/FreeRTOS/Source/queue.c **** 
1951:Middlewares/Third_Party/FreeRTOS/Source/queue.c **** 	configASSERT( pxQueue );
1952:Middlewares/Third_Party/FreeRTOS/Source/queue.c **** 
1953:Middlewares/Third_Party/FreeRTOS/Source/queue.c **** 	taskENTER_CRITICAL();
1954:Middlewares/Third_Party/FreeRTOS/Source/queue.c **** 	{
1955:Middlewares/Third_Party/FreeRTOS/Source/queue.c **** 		uxReturn = pxQueue->uxLength - pxQueue->uxMessagesWaiting;
1956:Middlewares/Third_Party/FreeRTOS/Source/queue.c **** 	}
1957:Middlewares/Third_Party/FreeRTOS/Source/queue.c **** 	taskEXIT_CRITICAL();
1958:Middlewares/Third_Party/FreeRTOS/Source/queue.c **** 
1959:Middlewares/Third_Party/FreeRTOS/Source/queue.c **** 	return uxReturn;
1960:Middlewares/Third_Party/FreeRTOS/Source/queue.c **** } /*lint !e818 Pointer cannot be declared const as xQueue is a typedef not pointer. */
1961:Middlewares/Third_Party/FreeRTOS/Source/queue.c **** /*-----------------------------------------------------------*/
1962:Middlewares/Third_Party/FreeRTOS/Source/queue.c **** 
1963:Middlewares/Third_Party/FreeRTOS/Source/queue.c **** UBaseType_t uxQueueMessagesWaitingFromISR( const QueueHandle_t xQueue )
1964:Middlewares/Third_Party/FreeRTOS/Source/queue.c **** {
1965:Middlewares/Third_Party/FreeRTOS/Source/queue.c **** UBaseType_t uxReturn;
1966:Middlewares/Third_Party/FreeRTOS/Source/queue.c **** Queue_t * const pxQueue = xQueue;
1967:Middlewares/Third_Party/FreeRTOS/Source/queue.c **** 
1968:Middlewares/Third_Party/FreeRTOS/Source/queue.c **** 	configASSERT( pxQueue );
1969:Middlewares/Third_Party/FreeRTOS/Source/queue.c **** 	uxReturn = pxQueue->uxMessagesWaiting;
ARM GAS  C:\Users\Made\AppData\Local\Temp\cclTNyiU.s 			page 36


1970:Middlewares/Third_Party/FreeRTOS/Source/queue.c **** 
1971:Middlewares/Third_Party/FreeRTOS/Source/queue.c **** 	return uxReturn;
1972:Middlewares/Third_Party/FreeRTOS/Source/queue.c **** } /*lint !e818 Pointer cannot be declared const as xQueue is a typedef not pointer. */
1973:Middlewares/Third_Party/FreeRTOS/Source/queue.c **** /*-----------------------------------------------------------*/
1974:Middlewares/Third_Party/FreeRTOS/Source/queue.c **** 
1975:Middlewares/Third_Party/FreeRTOS/Source/queue.c **** void vQueueDelete( QueueHandle_t xQueue )
1976:Middlewares/Third_Party/FreeRTOS/Source/queue.c **** {
1977:Middlewares/Third_Party/FreeRTOS/Source/queue.c **** Queue_t * const pxQueue = xQueue;
1978:Middlewares/Third_Party/FreeRTOS/Source/queue.c **** 
1979:Middlewares/Third_Party/FreeRTOS/Source/queue.c **** 	configASSERT( pxQueue );
1980:Middlewares/Third_Party/FreeRTOS/Source/queue.c **** 	traceQUEUE_DELETE( pxQueue );
1981:Middlewares/Third_Party/FreeRTOS/Source/queue.c **** 
1982:Middlewares/Third_Party/FreeRTOS/Source/queue.c **** 	#if ( configQUEUE_REGISTRY_SIZE > 0 )
1983:Middlewares/Third_Party/FreeRTOS/Source/queue.c **** 	{
1984:Middlewares/Third_Party/FreeRTOS/Source/queue.c **** 		vQueueUnregisterQueue( pxQueue );
1985:Middlewares/Third_Party/FreeRTOS/Source/queue.c **** 	}
1986:Middlewares/Third_Party/FreeRTOS/Source/queue.c **** 	#endif
1987:Middlewares/Third_Party/FreeRTOS/Source/queue.c **** 
1988:Middlewares/Third_Party/FreeRTOS/Source/queue.c **** 	#if( ( configSUPPORT_DYNAMIC_ALLOCATION == 1 ) && ( configSUPPORT_STATIC_ALLOCATION == 0 ) )
1989:Middlewares/Third_Party/FreeRTOS/Source/queue.c **** 	{
1990:Middlewares/Third_Party/FreeRTOS/Source/queue.c **** 		/* The queue can only have been allocated dynamically - free it
1991:Middlewares/Third_Party/FreeRTOS/Source/queue.c **** 		again. */
1992:Middlewares/Third_Party/FreeRTOS/Source/queue.c **** 		vPortFree( pxQueue );
1993:Middlewares/Third_Party/FreeRTOS/Source/queue.c **** 	}
1994:Middlewares/Third_Party/FreeRTOS/Source/queue.c **** 	#elif( ( configSUPPORT_DYNAMIC_ALLOCATION == 1 ) && ( configSUPPORT_STATIC_ALLOCATION == 1 ) )
1995:Middlewares/Third_Party/FreeRTOS/Source/queue.c **** 	{
1996:Middlewares/Third_Party/FreeRTOS/Source/queue.c **** 		/* The queue could have been allocated statically or dynamically, so
1997:Middlewares/Third_Party/FreeRTOS/Source/queue.c **** 		check before attempting to free the memory. */
1998:Middlewares/Third_Party/FreeRTOS/Source/queue.c **** 		if( pxQueue->ucStaticallyAllocated == ( uint8_t ) pdFALSE )
1999:Middlewares/Third_Party/FreeRTOS/Source/queue.c **** 		{
2000:Middlewares/Third_Party/FreeRTOS/Source/queue.c **** 			vPortFree( pxQueue );
2001:Middlewares/Third_Party/FreeRTOS/Source/queue.c **** 		}
2002:Middlewares/Third_Party/FreeRTOS/Source/queue.c **** 		else
2003:Middlewares/Third_Party/FreeRTOS/Source/queue.c **** 		{
2004:Middlewares/Third_Party/FreeRTOS/Source/queue.c **** 			mtCOVERAGE_TEST_MARKER();
2005:Middlewares/Third_Party/FreeRTOS/Source/queue.c **** 		}
2006:Middlewares/Third_Party/FreeRTOS/Source/queue.c **** 	}
2007:Middlewares/Third_Party/FreeRTOS/Source/queue.c **** 	#else
2008:Middlewares/Third_Party/FreeRTOS/Source/queue.c **** 	{
2009:Middlewares/Third_Party/FreeRTOS/Source/queue.c **** 		/* The queue must have been statically allocated, so is not going to be
2010:Middlewares/Third_Party/FreeRTOS/Source/queue.c **** 		deleted.  Avoid compiler warnings about the unused parameter. */
2011:Middlewares/Third_Party/FreeRTOS/Source/queue.c **** 		( void ) pxQueue;
2012:Middlewares/Third_Party/FreeRTOS/Source/queue.c **** 	}
2013:Middlewares/Third_Party/FreeRTOS/Source/queue.c **** 	#endif /* configSUPPORT_DYNAMIC_ALLOCATION */
2014:Middlewares/Third_Party/FreeRTOS/Source/queue.c **** }
2015:Middlewares/Third_Party/FreeRTOS/Source/queue.c **** /*-----------------------------------------------------------*/
2016:Middlewares/Third_Party/FreeRTOS/Source/queue.c **** 
2017:Middlewares/Third_Party/FreeRTOS/Source/queue.c **** #if ( configUSE_TRACE_FACILITY == 1 )
2018:Middlewares/Third_Party/FreeRTOS/Source/queue.c **** 
2019:Middlewares/Third_Party/FreeRTOS/Source/queue.c **** 	UBaseType_t uxQueueGetQueueNumber( QueueHandle_t xQueue )
2020:Middlewares/Third_Party/FreeRTOS/Source/queue.c **** 	{
2021:Middlewares/Third_Party/FreeRTOS/Source/queue.c **** 		return ( ( Queue_t * ) xQueue )->uxQueueNumber;
2022:Middlewares/Third_Party/FreeRTOS/Source/queue.c **** 	}
2023:Middlewares/Third_Party/FreeRTOS/Source/queue.c **** 
2024:Middlewares/Third_Party/FreeRTOS/Source/queue.c **** #endif /* configUSE_TRACE_FACILITY */
2025:Middlewares/Third_Party/FreeRTOS/Source/queue.c **** /*-----------------------------------------------------------*/
2026:Middlewares/Third_Party/FreeRTOS/Source/queue.c **** 
ARM GAS  C:\Users\Made\AppData\Local\Temp\cclTNyiU.s 			page 37


2027:Middlewares/Third_Party/FreeRTOS/Source/queue.c **** #if ( configUSE_TRACE_FACILITY == 1 )
2028:Middlewares/Third_Party/FreeRTOS/Source/queue.c **** 
2029:Middlewares/Third_Party/FreeRTOS/Source/queue.c **** 	void vQueueSetQueueNumber( QueueHandle_t xQueue, UBaseType_t uxQueueNumber )
2030:Middlewares/Third_Party/FreeRTOS/Source/queue.c **** 	{
2031:Middlewares/Third_Party/FreeRTOS/Source/queue.c **** 		( ( Queue_t * ) xQueue )->uxQueueNumber = uxQueueNumber;
2032:Middlewares/Third_Party/FreeRTOS/Source/queue.c **** 	}
2033:Middlewares/Third_Party/FreeRTOS/Source/queue.c **** 
2034:Middlewares/Third_Party/FreeRTOS/Source/queue.c **** #endif /* configUSE_TRACE_FACILITY */
2035:Middlewares/Third_Party/FreeRTOS/Source/queue.c **** /*-----------------------------------------------------------*/
2036:Middlewares/Third_Party/FreeRTOS/Source/queue.c **** 
2037:Middlewares/Third_Party/FreeRTOS/Source/queue.c **** #if ( configUSE_TRACE_FACILITY == 1 )
2038:Middlewares/Third_Party/FreeRTOS/Source/queue.c **** 
2039:Middlewares/Third_Party/FreeRTOS/Source/queue.c **** 	uint8_t ucQueueGetQueueType( QueueHandle_t xQueue )
2040:Middlewares/Third_Party/FreeRTOS/Source/queue.c **** 	{
2041:Middlewares/Third_Party/FreeRTOS/Source/queue.c **** 		return ( ( Queue_t * ) xQueue )->ucQueueType;
2042:Middlewares/Third_Party/FreeRTOS/Source/queue.c **** 	}
2043:Middlewares/Third_Party/FreeRTOS/Source/queue.c **** 
2044:Middlewares/Third_Party/FreeRTOS/Source/queue.c **** #endif /* configUSE_TRACE_FACILITY */
2045:Middlewares/Third_Party/FreeRTOS/Source/queue.c **** /*-----------------------------------------------------------*/
2046:Middlewares/Third_Party/FreeRTOS/Source/queue.c **** 
2047:Middlewares/Third_Party/FreeRTOS/Source/queue.c **** #if( configUSE_MUTEXES == 1 )
2048:Middlewares/Third_Party/FreeRTOS/Source/queue.c **** 
2049:Middlewares/Third_Party/FreeRTOS/Source/queue.c **** 	static UBaseType_t prvGetDisinheritPriorityAfterTimeout( const Queue_t * const pxQueue )
2050:Middlewares/Third_Party/FreeRTOS/Source/queue.c **** 	{
  28              		.loc 1 2050 2 view -0
  29              		.cfi_startproc
  30              		@ args = 0, pretend = 0, frame = 0
  31              		@ frame_needed = 0, uses_anonymous_args = 0
  32              		@ link register save eliminated.
  33              		.loc 1 2050 2 is_stmt 0 view .LVU1
  34 0000 0346     		mov	r3, r0
2051:Middlewares/Third_Party/FreeRTOS/Source/queue.c **** 	UBaseType_t uxHighestPriorityOfWaitingTasks;
  35              		.loc 1 2051 2 is_stmt 1 view .LVU2
2052:Middlewares/Third_Party/FreeRTOS/Source/queue.c **** 
2053:Middlewares/Third_Party/FreeRTOS/Source/queue.c **** 		/* If a task waiting for a mutex causes the mutex holder to inherit a
2054:Middlewares/Third_Party/FreeRTOS/Source/queue.c **** 		priority, but the waiting task times out, then the holder should
2055:Middlewares/Third_Party/FreeRTOS/Source/queue.c **** 		disinherit the priority - but only down to the highest priority of any
2056:Middlewares/Third_Party/FreeRTOS/Source/queue.c **** 		other tasks that are waiting for the same mutex.  For this purpose,
2057:Middlewares/Third_Party/FreeRTOS/Source/queue.c **** 		return the priority of the highest priority task that is waiting for the
2058:Middlewares/Third_Party/FreeRTOS/Source/queue.c **** 		mutex. */
2059:Middlewares/Third_Party/FreeRTOS/Source/queue.c **** 		if( listCURRENT_LIST_LENGTH( &( pxQueue->xTasksWaitingToReceive ) ) > 0U )
  36              		.loc 1 2059 3 view .LVU3
  37              		.loc 1 2059 7 is_stmt 0 view .LVU4
  38 0002 406A     		ldr	r0, [r0, #36]
  39              	.LVL1:
  40              		.loc 1 2059 5 view .LVU5
  41 0004 18B1     		cbz	r0, .L1
2060:Middlewares/Third_Party/FreeRTOS/Source/queue.c **** 		{
2061:Middlewares/Third_Party/FreeRTOS/Source/queue.c **** 			uxHighestPriorityOfWaitingTasks = ( UBaseType_t ) configMAX_PRIORITIES - ( UBaseType_t ) listGET
  42              		.loc 1 2061 4 is_stmt 1 view .LVU6
  43              		.loc 1 2061 93 is_stmt 0 view .LVU7
  44 0006 1B6B     		ldr	r3, [r3, #48]
  45              	.LVL2:
  46              		.loc 1 2061 93 view .LVU8
  47 0008 1868     		ldr	r0, [r3]
  48              		.loc 1 2061 36 view .LVU9
  49 000a C0F13800 		rsb	r0, r0, #56
ARM GAS  C:\Users\Made\AppData\Local\Temp\cclTNyiU.s 			page 38


  50              	.LVL3:
2062:Middlewares/Third_Party/FreeRTOS/Source/queue.c **** 		}
2063:Middlewares/Third_Party/FreeRTOS/Source/queue.c **** 		else
2064:Middlewares/Third_Party/FreeRTOS/Source/queue.c **** 		{
2065:Middlewares/Third_Party/FreeRTOS/Source/queue.c **** 			uxHighestPriorityOfWaitingTasks = tskIDLE_PRIORITY;
2066:Middlewares/Third_Party/FreeRTOS/Source/queue.c **** 		}
2067:Middlewares/Third_Party/FreeRTOS/Source/queue.c **** 
2068:Middlewares/Third_Party/FreeRTOS/Source/queue.c **** 		return uxHighestPriorityOfWaitingTasks;
  51              		.loc 1 2068 3 is_stmt 1 view .LVU10
  52              	.L1:
2069:Middlewares/Third_Party/FreeRTOS/Source/queue.c **** 	}
  53              		.loc 1 2069 2 is_stmt 0 view .LVU11
  54 000e 7047     		bx	lr
  55              		.cfi_endproc
  56              	.LFE32:
  58              		.section	.text.prvIsQueueFull,"ax",%progbits
  59              		.align	1
  60              		.syntax unified
  61              		.thumb
  62              		.thumb_func
  64              	prvIsQueueFull:
  65              	.LVL4:
  66              	.LFB38:
2070:Middlewares/Third_Party/FreeRTOS/Source/queue.c **** 
2071:Middlewares/Third_Party/FreeRTOS/Source/queue.c **** #endif /* configUSE_MUTEXES */
2072:Middlewares/Third_Party/FreeRTOS/Source/queue.c **** /*-----------------------------------------------------------*/
2073:Middlewares/Third_Party/FreeRTOS/Source/queue.c **** 
2074:Middlewares/Third_Party/FreeRTOS/Source/queue.c **** static BaseType_t prvCopyDataToQueue( Queue_t * const pxQueue, const void *pvItemToQueue, const Bas
2075:Middlewares/Third_Party/FreeRTOS/Source/queue.c **** {
2076:Middlewares/Third_Party/FreeRTOS/Source/queue.c **** BaseType_t xReturn = pdFALSE;
2077:Middlewares/Third_Party/FreeRTOS/Source/queue.c **** UBaseType_t uxMessagesWaiting;
2078:Middlewares/Third_Party/FreeRTOS/Source/queue.c **** 
2079:Middlewares/Third_Party/FreeRTOS/Source/queue.c **** 	/* This function is called from a critical section. */
2080:Middlewares/Third_Party/FreeRTOS/Source/queue.c **** 
2081:Middlewares/Third_Party/FreeRTOS/Source/queue.c **** 	uxMessagesWaiting = pxQueue->uxMessagesWaiting;
2082:Middlewares/Third_Party/FreeRTOS/Source/queue.c **** 
2083:Middlewares/Third_Party/FreeRTOS/Source/queue.c **** 	if( pxQueue->uxItemSize == ( UBaseType_t ) 0 )
2084:Middlewares/Third_Party/FreeRTOS/Source/queue.c **** 	{
2085:Middlewares/Third_Party/FreeRTOS/Source/queue.c **** 		#if ( configUSE_MUTEXES == 1 )
2086:Middlewares/Third_Party/FreeRTOS/Source/queue.c **** 		{
2087:Middlewares/Third_Party/FreeRTOS/Source/queue.c **** 			if( pxQueue->uxQueueType == queueQUEUE_IS_MUTEX )
2088:Middlewares/Third_Party/FreeRTOS/Source/queue.c **** 			{
2089:Middlewares/Third_Party/FreeRTOS/Source/queue.c **** 				/* The mutex is no longer being held. */
2090:Middlewares/Third_Party/FreeRTOS/Source/queue.c **** 				xReturn = xTaskPriorityDisinherit( pxQueue->u.xSemaphore.xMutexHolder );
2091:Middlewares/Third_Party/FreeRTOS/Source/queue.c **** 				pxQueue->u.xSemaphore.xMutexHolder = NULL;
2092:Middlewares/Third_Party/FreeRTOS/Source/queue.c **** 			}
2093:Middlewares/Third_Party/FreeRTOS/Source/queue.c **** 			else
2094:Middlewares/Third_Party/FreeRTOS/Source/queue.c **** 			{
2095:Middlewares/Third_Party/FreeRTOS/Source/queue.c **** 				mtCOVERAGE_TEST_MARKER();
2096:Middlewares/Third_Party/FreeRTOS/Source/queue.c **** 			}
2097:Middlewares/Third_Party/FreeRTOS/Source/queue.c **** 		}
2098:Middlewares/Third_Party/FreeRTOS/Source/queue.c **** 		#endif /* configUSE_MUTEXES */
2099:Middlewares/Third_Party/FreeRTOS/Source/queue.c **** 	}
2100:Middlewares/Third_Party/FreeRTOS/Source/queue.c **** 	else if( xPosition == queueSEND_TO_BACK )
2101:Middlewares/Third_Party/FreeRTOS/Source/queue.c **** 	{
2102:Middlewares/Third_Party/FreeRTOS/Source/queue.c **** 		( void ) memcpy( ( void * ) pxQueue->pcWriteTo, pvItemToQueue, ( size_t ) pxQueue->uxItemSize ); 
2103:Middlewares/Third_Party/FreeRTOS/Source/queue.c **** 		pxQueue->pcWriteTo += pxQueue->uxItemSize; /*lint !e9016 Pointer arithmetic on char types ok, esp
ARM GAS  C:\Users\Made\AppData\Local\Temp\cclTNyiU.s 			page 39


2104:Middlewares/Third_Party/FreeRTOS/Source/queue.c **** 		if( pxQueue->pcWriteTo >= pxQueue->u.xQueue.pcTail ) /*lint !e946 MISRA exception justified as co
2105:Middlewares/Third_Party/FreeRTOS/Source/queue.c **** 		{
2106:Middlewares/Third_Party/FreeRTOS/Source/queue.c **** 			pxQueue->pcWriteTo = pxQueue->pcHead;
2107:Middlewares/Third_Party/FreeRTOS/Source/queue.c **** 		}
2108:Middlewares/Third_Party/FreeRTOS/Source/queue.c **** 		else
2109:Middlewares/Third_Party/FreeRTOS/Source/queue.c **** 		{
2110:Middlewares/Third_Party/FreeRTOS/Source/queue.c **** 			mtCOVERAGE_TEST_MARKER();
2111:Middlewares/Third_Party/FreeRTOS/Source/queue.c **** 		}
2112:Middlewares/Third_Party/FreeRTOS/Source/queue.c **** 	}
2113:Middlewares/Third_Party/FreeRTOS/Source/queue.c **** 	else
2114:Middlewares/Third_Party/FreeRTOS/Source/queue.c **** 	{
2115:Middlewares/Third_Party/FreeRTOS/Source/queue.c **** 		( void ) memcpy( ( void * ) pxQueue->u.xQueue.pcReadFrom, pvItemToQueue, ( size_t ) pxQueue->uxIt
2116:Middlewares/Third_Party/FreeRTOS/Source/queue.c **** 		pxQueue->u.xQueue.pcReadFrom -= pxQueue->uxItemSize;
2117:Middlewares/Third_Party/FreeRTOS/Source/queue.c **** 		if( pxQueue->u.xQueue.pcReadFrom < pxQueue->pcHead ) /*lint !e946 MISRA exception justified as co
2118:Middlewares/Third_Party/FreeRTOS/Source/queue.c **** 		{
2119:Middlewares/Third_Party/FreeRTOS/Source/queue.c **** 			pxQueue->u.xQueue.pcReadFrom = ( pxQueue->u.xQueue.pcTail - pxQueue->uxItemSize );
2120:Middlewares/Third_Party/FreeRTOS/Source/queue.c **** 		}
2121:Middlewares/Third_Party/FreeRTOS/Source/queue.c **** 		else
2122:Middlewares/Third_Party/FreeRTOS/Source/queue.c **** 		{
2123:Middlewares/Third_Party/FreeRTOS/Source/queue.c **** 			mtCOVERAGE_TEST_MARKER();
2124:Middlewares/Third_Party/FreeRTOS/Source/queue.c **** 		}
2125:Middlewares/Third_Party/FreeRTOS/Source/queue.c **** 
2126:Middlewares/Third_Party/FreeRTOS/Source/queue.c **** 		if( xPosition == queueOVERWRITE )
2127:Middlewares/Third_Party/FreeRTOS/Source/queue.c **** 		{
2128:Middlewares/Third_Party/FreeRTOS/Source/queue.c **** 			if( uxMessagesWaiting > ( UBaseType_t ) 0 )
2129:Middlewares/Third_Party/FreeRTOS/Source/queue.c **** 			{
2130:Middlewares/Third_Party/FreeRTOS/Source/queue.c **** 				/* An item is not being added but overwritten, so subtract
2131:Middlewares/Third_Party/FreeRTOS/Source/queue.c **** 				one from the recorded number of items in the queue so when
2132:Middlewares/Third_Party/FreeRTOS/Source/queue.c **** 				one is added again below the number of recorded items remains
2133:Middlewares/Third_Party/FreeRTOS/Source/queue.c **** 				correct. */
2134:Middlewares/Third_Party/FreeRTOS/Source/queue.c **** 				--uxMessagesWaiting;
2135:Middlewares/Third_Party/FreeRTOS/Source/queue.c **** 			}
2136:Middlewares/Third_Party/FreeRTOS/Source/queue.c **** 			else
2137:Middlewares/Third_Party/FreeRTOS/Source/queue.c **** 			{
2138:Middlewares/Third_Party/FreeRTOS/Source/queue.c **** 				mtCOVERAGE_TEST_MARKER();
2139:Middlewares/Third_Party/FreeRTOS/Source/queue.c **** 			}
2140:Middlewares/Third_Party/FreeRTOS/Source/queue.c **** 		}
2141:Middlewares/Third_Party/FreeRTOS/Source/queue.c **** 		else
2142:Middlewares/Third_Party/FreeRTOS/Source/queue.c **** 		{
2143:Middlewares/Third_Party/FreeRTOS/Source/queue.c **** 			mtCOVERAGE_TEST_MARKER();
2144:Middlewares/Third_Party/FreeRTOS/Source/queue.c **** 		}
2145:Middlewares/Third_Party/FreeRTOS/Source/queue.c **** 	}
2146:Middlewares/Third_Party/FreeRTOS/Source/queue.c **** 
2147:Middlewares/Third_Party/FreeRTOS/Source/queue.c **** 	pxQueue->uxMessagesWaiting = uxMessagesWaiting + ( UBaseType_t ) 1;
2148:Middlewares/Third_Party/FreeRTOS/Source/queue.c **** 
2149:Middlewares/Third_Party/FreeRTOS/Source/queue.c **** 	return xReturn;
2150:Middlewares/Third_Party/FreeRTOS/Source/queue.c **** }
2151:Middlewares/Third_Party/FreeRTOS/Source/queue.c **** /*-----------------------------------------------------------*/
2152:Middlewares/Third_Party/FreeRTOS/Source/queue.c **** 
2153:Middlewares/Third_Party/FreeRTOS/Source/queue.c **** static void prvCopyDataFromQueue( Queue_t * const pxQueue, void * const pvBuffer )
2154:Middlewares/Third_Party/FreeRTOS/Source/queue.c **** {
2155:Middlewares/Third_Party/FreeRTOS/Source/queue.c **** 	if( pxQueue->uxItemSize != ( UBaseType_t ) 0 )
2156:Middlewares/Third_Party/FreeRTOS/Source/queue.c **** 	{
2157:Middlewares/Third_Party/FreeRTOS/Source/queue.c **** 		pxQueue->u.xQueue.pcReadFrom += pxQueue->uxItemSize; /*lint !e9016 Pointer arithmetic on char typ
2158:Middlewares/Third_Party/FreeRTOS/Source/queue.c **** 		if( pxQueue->u.xQueue.pcReadFrom >= pxQueue->u.xQueue.pcTail ) /*lint !e946 MISRA exception justi
2159:Middlewares/Third_Party/FreeRTOS/Source/queue.c **** 		{
2160:Middlewares/Third_Party/FreeRTOS/Source/queue.c **** 			pxQueue->u.xQueue.pcReadFrom = pxQueue->pcHead;
ARM GAS  C:\Users\Made\AppData\Local\Temp\cclTNyiU.s 			page 40


2161:Middlewares/Third_Party/FreeRTOS/Source/queue.c **** 		}
2162:Middlewares/Third_Party/FreeRTOS/Source/queue.c **** 		else
2163:Middlewares/Third_Party/FreeRTOS/Source/queue.c **** 		{
2164:Middlewares/Third_Party/FreeRTOS/Source/queue.c **** 			mtCOVERAGE_TEST_MARKER();
2165:Middlewares/Third_Party/FreeRTOS/Source/queue.c **** 		}
2166:Middlewares/Third_Party/FreeRTOS/Source/queue.c **** 		( void ) memcpy( ( void * ) pvBuffer, ( void * ) pxQueue->u.xQueue.pcReadFrom, ( size_t ) pxQueue
2167:Middlewares/Third_Party/FreeRTOS/Source/queue.c **** 	}
2168:Middlewares/Third_Party/FreeRTOS/Source/queue.c **** }
2169:Middlewares/Third_Party/FreeRTOS/Source/queue.c **** /*-----------------------------------------------------------*/
2170:Middlewares/Third_Party/FreeRTOS/Source/queue.c **** 
2171:Middlewares/Third_Party/FreeRTOS/Source/queue.c **** static void prvUnlockQueue( Queue_t * const pxQueue )
2172:Middlewares/Third_Party/FreeRTOS/Source/queue.c **** {
2173:Middlewares/Third_Party/FreeRTOS/Source/queue.c **** 	/* THIS FUNCTION MUST BE CALLED WITH THE SCHEDULER SUSPENDED. */
2174:Middlewares/Third_Party/FreeRTOS/Source/queue.c **** 
2175:Middlewares/Third_Party/FreeRTOS/Source/queue.c **** 	/* The lock counts contains the number of extra data items placed or
2176:Middlewares/Third_Party/FreeRTOS/Source/queue.c **** 	removed from the queue while the queue was locked.  When a queue is
2177:Middlewares/Third_Party/FreeRTOS/Source/queue.c **** 	locked items can be added or removed, but the event lists cannot be
2178:Middlewares/Third_Party/FreeRTOS/Source/queue.c **** 	updated. */
2179:Middlewares/Third_Party/FreeRTOS/Source/queue.c **** 	taskENTER_CRITICAL();
2180:Middlewares/Third_Party/FreeRTOS/Source/queue.c **** 	{
2181:Middlewares/Third_Party/FreeRTOS/Source/queue.c **** 		int8_t cTxLock = pxQueue->cTxLock;
2182:Middlewares/Third_Party/FreeRTOS/Source/queue.c **** 
2183:Middlewares/Third_Party/FreeRTOS/Source/queue.c **** 		/* See if data was added to the queue while it was locked. */
2184:Middlewares/Third_Party/FreeRTOS/Source/queue.c **** 		while( cTxLock > queueLOCKED_UNMODIFIED )
2185:Middlewares/Third_Party/FreeRTOS/Source/queue.c **** 		{
2186:Middlewares/Third_Party/FreeRTOS/Source/queue.c **** 			/* Data was posted while the queue was locked.  Are any tasks
2187:Middlewares/Third_Party/FreeRTOS/Source/queue.c **** 			blocked waiting for data to become available? */
2188:Middlewares/Third_Party/FreeRTOS/Source/queue.c **** 			#if ( configUSE_QUEUE_SETS == 1 )
2189:Middlewares/Third_Party/FreeRTOS/Source/queue.c **** 			{
2190:Middlewares/Third_Party/FreeRTOS/Source/queue.c **** 				if( pxQueue->pxQueueSetContainer != NULL )
2191:Middlewares/Third_Party/FreeRTOS/Source/queue.c **** 				{
2192:Middlewares/Third_Party/FreeRTOS/Source/queue.c **** 					if( prvNotifyQueueSetContainer( pxQueue ) != pdFALSE )
2193:Middlewares/Third_Party/FreeRTOS/Source/queue.c **** 					{
2194:Middlewares/Third_Party/FreeRTOS/Source/queue.c **** 						/* The queue is a member of a queue set, and posting to
2195:Middlewares/Third_Party/FreeRTOS/Source/queue.c **** 						the queue set caused a higher priority task to unblock.
2196:Middlewares/Third_Party/FreeRTOS/Source/queue.c **** 						A context switch is required. */
2197:Middlewares/Third_Party/FreeRTOS/Source/queue.c **** 						vTaskMissedYield();
2198:Middlewares/Third_Party/FreeRTOS/Source/queue.c **** 					}
2199:Middlewares/Third_Party/FreeRTOS/Source/queue.c **** 					else
2200:Middlewares/Third_Party/FreeRTOS/Source/queue.c **** 					{
2201:Middlewares/Third_Party/FreeRTOS/Source/queue.c **** 						mtCOVERAGE_TEST_MARKER();
2202:Middlewares/Third_Party/FreeRTOS/Source/queue.c **** 					}
2203:Middlewares/Third_Party/FreeRTOS/Source/queue.c **** 				}
2204:Middlewares/Third_Party/FreeRTOS/Source/queue.c **** 				else
2205:Middlewares/Third_Party/FreeRTOS/Source/queue.c **** 				{
2206:Middlewares/Third_Party/FreeRTOS/Source/queue.c **** 					/* Tasks that are removed from the event list will get
2207:Middlewares/Third_Party/FreeRTOS/Source/queue.c **** 					added to the pending ready list as the scheduler is still
2208:Middlewares/Third_Party/FreeRTOS/Source/queue.c **** 					suspended. */
2209:Middlewares/Third_Party/FreeRTOS/Source/queue.c **** 					if( listLIST_IS_EMPTY( &( pxQueue->xTasksWaitingToReceive ) ) == pdFALSE )
2210:Middlewares/Third_Party/FreeRTOS/Source/queue.c **** 					{
2211:Middlewares/Third_Party/FreeRTOS/Source/queue.c **** 						if( xTaskRemoveFromEventList( &( pxQueue->xTasksWaitingToReceive ) ) != pdFALSE )
2212:Middlewares/Third_Party/FreeRTOS/Source/queue.c **** 						{
2213:Middlewares/Third_Party/FreeRTOS/Source/queue.c **** 							/* The task waiting has a higher priority so record that a
2214:Middlewares/Third_Party/FreeRTOS/Source/queue.c **** 							context	switch is required. */
2215:Middlewares/Third_Party/FreeRTOS/Source/queue.c **** 							vTaskMissedYield();
2216:Middlewares/Third_Party/FreeRTOS/Source/queue.c **** 						}
2217:Middlewares/Third_Party/FreeRTOS/Source/queue.c **** 						else
ARM GAS  C:\Users\Made\AppData\Local\Temp\cclTNyiU.s 			page 41


2218:Middlewares/Third_Party/FreeRTOS/Source/queue.c **** 						{
2219:Middlewares/Third_Party/FreeRTOS/Source/queue.c **** 							mtCOVERAGE_TEST_MARKER();
2220:Middlewares/Third_Party/FreeRTOS/Source/queue.c **** 						}
2221:Middlewares/Third_Party/FreeRTOS/Source/queue.c **** 					}
2222:Middlewares/Third_Party/FreeRTOS/Source/queue.c **** 					else
2223:Middlewares/Third_Party/FreeRTOS/Source/queue.c **** 					{
2224:Middlewares/Third_Party/FreeRTOS/Source/queue.c **** 						break;
2225:Middlewares/Third_Party/FreeRTOS/Source/queue.c **** 					}
2226:Middlewares/Third_Party/FreeRTOS/Source/queue.c **** 				}
2227:Middlewares/Third_Party/FreeRTOS/Source/queue.c **** 			}
2228:Middlewares/Third_Party/FreeRTOS/Source/queue.c **** 			#else /* configUSE_QUEUE_SETS */
2229:Middlewares/Third_Party/FreeRTOS/Source/queue.c **** 			{
2230:Middlewares/Third_Party/FreeRTOS/Source/queue.c **** 				/* Tasks that are removed from the event list will get added to
2231:Middlewares/Third_Party/FreeRTOS/Source/queue.c **** 				the pending ready list as the scheduler is still suspended. */
2232:Middlewares/Third_Party/FreeRTOS/Source/queue.c **** 				if( listLIST_IS_EMPTY( &( pxQueue->xTasksWaitingToReceive ) ) == pdFALSE )
2233:Middlewares/Third_Party/FreeRTOS/Source/queue.c **** 				{
2234:Middlewares/Third_Party/FreeRTOS/Source/queue.c **** 					if( xTaskRemoveFromEventList( &( pxQueue->xTasksWaitingToReceive ) ) != pdFALSE )
2235:Middlewares/Third_Party/FreeRTOS/Source/queue.c **** 					{
2236:Middlewares/Third_Party/FreeRTOS/Source/queue.c **** 						/* The task waiting has a higher priority so record that
2237:Middlewares/Third_Party/FreeRTOS/Source/queue.c **** 						a context switch is required. */
2238:Middlewares/Third_Party/FreeRTOS/Source/queue.c **** 						vTaskMissedYield();
2239:Middlewares/Third_Party/FreeRTOS/Source/queue.c **** 					}
2240:Middlewares/Third_Party/FreeRTOS/Source/queue.c **** 					else
2241:Middlewares/Third_Party/FreeRTOS/Source/queue.c **** 					{
2242:Middlewares/Third_Party/FreeRTOS/Source/queue.c **** 						mtCOVERAGE_TEST_MARKER();
2243:Middlewares/Third_Party/FreeRTOS/Source/queue.c **** 					}
2244:Middlewares/Third_Party/FreeRTOS/Source/queue.c **** 				}
2245:Middlewares/Third_Party/FreeRTOS/Source/queue.c **** 				else
2246:Middlewares/Third_Party/FreeRTOS/Source/queue.c **** 				{
2247:Middlewares/Third_Party/FreeRTOS/Source/queue.c **** 					break;
2248:Middlewares/Third_Party/FreeRTOS/Source/queue.c **** 				}
2249:Middlewares/Third_Party/FreeRTOS/Source/queue.c **** 			}
2250:Middlewares/Third_Party/FreeRTOS/Source/queue.c **** 			#endif /* configUSE_QUEUE_SETS */
2251:Middlewares/Third_Party/FreeRTOS/Source/queue.c **** 
2252:Middlewares/Third_Party/FreeRTOS/Source/queue.c **** 			--cTxLock;
2253:Middlewares/Third_Party/FreeRTOS/Source/queue.c **** 		}
2254:Middlewares/Third_Party/FreeRTOS/Source/queue.c **** 
2255:Middlewares/Third_Party/FreeRTOS/Source/queue.c **** 		pxQueue->cTxLock = queueUNLOCKED;
2256:Middlewares/Third_Party/FreeRTOS/Source/queue.c **** 	}
2257:Middlewares/Third_Party/FreeRTOS/Source/queue.c **** 	taskEXIT_CRITICAL();
2258:Middlewares/Third_Party/FreeRTOS/Source/queue.c **** 
2259:Middlewares/Third_Party/FreeRTOS/Source/queue.c **** 	/* Do the same for the Rx lock. */
2260:Middlewares/Third_Party/FreeRTOS/Source/queue.c **** 	taskENTER_CRITICAL();
2261:Middlewares/Third_Party/FreeRTOS/Source/queue.c **** 	{
2262:Middlewares/Third_Party/FreeRTOS/Source/queue.c **** 		int8_t cRxLock = pxQueue->cRxLock;
2263:Middlewares/Third_Party/FreeRTOS/Source/queue.c **** 
2264:Middlewares/Third_Party/FreeRTOS/Source/queue.c **** 		while( cRxLock > queueLOCKED_UNMODIFIED )
2265:Middlewares/Third_Party/FreeRTOS/Source/queue.c **** 		{
2266:Middlewares/Third_Party/FreeRTOS/Source/queue.c **** 			if( listLIST_IS_EMPTY( &( pxQueue->xTasksWaitingToSend ) ) == pdFALSE )
2267:Middlewares/Third_Party/FreeRTOS/Source/queue.c **** 			{
2268:Middlewares/Third_Party/FreeRTOS/Source/queue.c **** 				if( xTaskRemoveFromEventList( &( pxQueue->xTasksWaitingToSend ) ) != pdFALSE )
2269:Middlewares/Third_Party/FreeRTOS/Source/queue.c **** 				{
2270:Middlewares/Third_Party/FreeRTOS/Source/queue.c **** 					vTaskMissedYield();
2271:Middlewares/Third_Party/FreeRTOS/Source/queue.c **** 				}
2272:Middlewares/Third_Party/FreeRTOS/Source/queue.c **** 				else
2273:Middlewares/Third_Party/FreeRTOS/Source/queue.c **** 				{
2274:Middlewares/Third_Party/FreeRTOS/Source/queue.c **** 					mtCOVERAGE_TEST_MARKER();
ARM GAS  C:\Users\Made\AppData\Local\Temp\cclTNyiU.s 			page 42


2275:Middlewares/Third_Party/FreeRTOS/Source/queue.c **** 				}
2276:Middlewares/Third_Party/FreeRTOS/Source/queue.c **** 
2277:Middlewares/Third_Party/FreeRTOS/Source/queue.c **** 				--cRxLock;
2278:Middlewares/Third_Party/FreeRTOS/Source/queue.c **** 			}
2279:Middlewares/Third_Party/FreeRTOS/Source/queue.c **** 			else
2280:Middlewares/Third_Party/FreeRTOS/Source/queue.c **** 			{
2281:Middlewares/Third_Party/FreeRTOS/Source/queue.c **** 				break;
2282:Middlewares/Third_Party/FreeRTOS/Source/queue.c **** 			}
2283:Middlewares/Third_Party/FreeRTOS/Source/queue.c **** 		}
2284:Middlewares/Third_Party/FreeRTOS/Source/queue.c **** 
2285:Middlewares/Third_Party/FreeRTOS/Source/queue.c **** 		pxQueue->cRxLock = queueUNLOCKED;
2286:Middlewares/Third_Party/FreeRTOS/Source/queue.c **** 	}
2287:Middlewares/Third_Party/FreeRTOS/Source/queue.c **** 	taskEXIT_CRITICAL();
2288:Middlewares/Third_Party/FreeRTOS/Source/queue.c **** }
2289:Middlewares/Third_Party/FreeRTOS/Source/queue.c **** /*-----------------------------------------------------------*/
2290:Middlewares/Third_Party/FreeRTOS/Source/queue.c **** 
2291:Middlewares/Third_Party/FreeRTOS/Source/queue.c **** static BaseType_t prvIsQueueEmpty( const Queue_t *pxQueue )
2292:Middlewares/Third_Party/FreeRTOS/Source/queue.c **** {
2293:Middlewares/Third_Party/FreeRTOS/Source/queue.c **** BaseType_t xReturn;
2294:Middlewares/Third_Party/FreeRTOS/Source/queue.c **** 
2295:Middlewares/Third_Party/FreeRTOS/Source/queue.c **** 	taskENTER_CRITICAL();
2296:Middlewares/Third_Party/FreeRTOS/Source/queue.c **** 	{
2297:Middlewares/Third_Party/FreeRTOS/Source/queue.c **** 		if( pxQueue->uxMessagesWaiting == ( UBaseType_t )  0 )
2298:Middlewares/Third_Party/FreeRTOS/Source/queue.c **** 		{
2299:Middlewares/Third_Party/FreeRTOS/Source/queue.c **** 			xReturn = pdTRUE;
2300:Middlewares/Third_Party/FreeRTOS/Source/queue.c **** 		}
2301:Middlewares/Third_Party/FreeRTOS/Source/queue.c **** 		else
2302:Middlewares/Third_Party/FreeRTOS/Source/queue.c **** 		{
2303:Middlewares/Third_Party/FreeRTOS/Source/queue.c **** 			xReturn = pdFALSE;
2304:Middlewares/Third_Party/FreeRTOS/Source/queue.c **** 		}
2305:Middlewares/Third_Party/FreeRTOS/Source/queue.c **** 	}
2306:Middlewares/Third_Party/FreeRTOS/Source/queue.c **** 	taskEXIT_CRITICAL();
2307:Middlewares/Third_Party/FreeRTOS/Source/queue.c **** 
2308:Middlewares/Third_Party/FreeRTOS/Source/queue.c **** 	return xReturn;
2309:Middlewares/Third_Party/FreeRTOS/Source/queue.c **** }
2310:Middlewares/Third_Party/FreeRTOS/Source/queue.c **** /*-----------------------------------------------------------*/
2311:Middlewares/Third_Party/FreeRTOS/Source/queue.c **** 
2312:Middlewares/Third_Party/FreeRTOS/Source/queue.c **** BaseType_t xQueueIsQueueEmptyFromISR( const QueueHandle_t xQueue )
2313:Middlewares/Third_Party/FreeRTOS/Source/queue.c **** {
2314:Middlewares/Third_Party/FreeRTOS/Source/queue.c **** BaseType_t xReturn;
2315:Middlewares/Third_Party/FreeRTOS/Source/queue.c **** Queue_t * const pxQueue = xQueue;
2316:Middlewares/Third_Party/FreeRTOS/Source/queue.c **** 
2317:Middlewares/Third_Party/FreeRTOS/Source/queue.c **** 	configASSERT( pxQueue );
2318:Middlewares/Third_Party/FreeRTOS/Source/queue.c **** 	if( pxQueue->uxMessagesWaiting == ( UBaseType_t ) 0 )
2319:Middlewares/Third_Party/FreeRTOS/Source/queue.c **** 	{
2320:Middlewares/Third_Party/FreeRTOS/Source/queue.c **** 		xReturn = pdTRUE;
2321:Middlewares/Third_Party/FreeRTOS/Source/queue.c **** 	}
2322:Middlewares/Third_Party/FreeRTOS/Source/queue.c **** 	else
2323:Middlewares/Third_Party/FreeRTOS/Source/queue.c **** 	{
2324:Middlewares/Third_Party/FreeRTOS/Source/queue.c **** 		xReturn = pdFALSE;
2325:Middlewares/Third_Party/FreeRTOS/Source/queue.c **** 	}
2326:Middlewares/Third_Party/FreeRTOS/Source/queue.c **** 
2327:Middlewares/Third_Party/FreeRTOS/Source/queue.c **** 	return xReturn;
2328:Middlewares/Third_Party/FreeRTOS/Source/queue.c **** } /*lint !e818 xQueue could not be pointer to const because it is a typedef. */
2329:Middlewares/Third_Party/FreeRTOS/Source/queue.c **** /*-----------------------------------------------------------*/
2330:Middlewares/Third_Party/FreeRTOS/Source/queue.c **** 
2331:Middlewares/Third_Party/FreeRTOS/Source/queue.c **** static BaseType_t prvIsQueueFull( const Queue_t *pxQueue )
ARM GAS  C:\Users\Made\AppData\Local\Temp\cclTNyiU.s 			page 43


2332:Middlewares/Third_Party/FreeRTOS/Source/queue.c **** {
  67              		.loc 1 2332 1 is_stmt 1 view -0
  68              		.cfi_startproc
  69              		@ args = 0, pretend = 0, frame = 0
  70              		@ frame_needed = 0, uses_anonymous_args = 0
  71              		.loc 1 2332 1 is_stmt 0 view .LVU13
  72 0000 10B5     		push	{r4, lr}
  73              	.LCFI0:
  74              		.cfi_def_cfa_offset 8
  75              		.cfi_offset 4, -8
  76              		.cfi_offset 14, -4
  77 0002 0446     		mov	r4, r0
2333:Middlewares/Third_Party/FreeRTOS/Source/queue.c **** BaseType_t xReturn;
  78              		.loc 1 2333 1 is_stmt 1 view .LVU14
2334:Middlewares/Third_Party/FreeRTOS/Source/queue.c **** 
2335:Middlewares/Third_Party/FreeRTOS/Source/queue.c **** 	taskENTER_CRITICAL();
  79              		.loc 1 2335 2 view .LVU15
  80 0004 FFF7FEFF 		bl	vPortEnterCritical
  81              	.LVL5:
2336:Middlewares/Third_Party/FreeRTOS/Source/queue.c **** 	{
2337:Middlewares/Third_Party/FreeRTOS/Source/queue.c **** 		if( pxQueue->uxMessagesWaiting == pxQueue->uxLength )
  82              		.loc 1 2337 3 view .LVU16
  83              		.loc 1 2337 14 is_stmt 0 view .LVU17
  84 0008 A26B     		ldr	r2, [r4, #56]
  85              		.loc 1 2337 44 view .LVU18
  86 000a E36B     		ldr	r3, [r4, #60]
  87              		.loc 1 2337 5 view .LVU19
  88 000c 9A42     		cmp	r2, r3
  89 000e 04D0     		beq	.L7
2338:Middlewares/Third_Party/FreeRTOS/Source/queue.c **** 		{
2339:Middlewares/Third_Party/FreeRTOS/Source/queue.c **** 			xReturn = pdTRUE;
2340:Middlewares/Third_Party/FreeRTOS/Source/queue.c **** 		}
2341:Middlewares/Third_Party/FreeRTOS/Source/queue.c **** 		else
2342:Middlewares/Third_Party/FreeRTOS/Source/queue.c **** 		{
2343:Middlewares/Third_Party/FreeRTOS/Source/queue.c **** 			xReturn = pdFALSE;
  90              		.loc 1 2343 12 view .LVU20
  91 0010 0024     		movs	r4, #0
  92              	.LVL6:
  93              	.L4:
2344:Middlewares/Third_Party/FreeRTOS/Source/queue.c **** 		}
2345:Middlewares/Third_Party/FreeRTOS/Source/queue.c **** 	}
2346:Middlewares/Third_Party/FreeRTOS/Source/queue.c **** 	taskEXIT_CRITICAL();
  94              		.loc 1 2346 2 is_stmt 1 view .LVU21
  95 0012 FFF7FEFF 		bl	vPortExitCritical
  96              	.LVL7:
2347:Middlewares/Third_Party/FreeRTOS/Source/queue.c **** 
2348:Middlewares/Third_Party/FreeRTOS/Source/queue.c **** 	return xReturn;
  97              		.loc 1 2348 2 view .LVU22
2349:Middlewares/Third_Party/FreeRTOS/Source/queue.c **** }
  98              		.loc 1 2349 1 is_stmt 0 view .LVU23
  99 0016 2046     		mov	r0, r4
 100 0018 10BD     		pop	{r4, pc}
 101              	.LVL8:
 102              	.L7:
2339:Middlewares/Third_Party/FreeRTOS/Source/queue.c **** 		}
 103              		.loc 1 2339 12 view .LVU24
 104 001a 0124     		movs	r4, #1
ARM GAS  C:\Users\Made\AppData\Local\Temp\cclTNyiU.s 			page 44


 105              	.LVL9:
2339:Middlewares/Third_Party/FreeRTOS/Source/queue.c **** 		}
 106              		.loc 1 2339 12 view .LVU25
 107 001c F9E7     		b	.L4
 108              		.cfi_endproc
 109              	.LFE38:
 111              		.section	.text.prvIsQueueEmpty,"ax",%progbits
 112              		.align	1
 113              		.syntax unified
 114              		.thumb
 115              		.thumb_func
 117              	prvIsQueueEmpty:
 118              	.LVL10:
 119              	.LFB36:
2292:Middlewares/Third_Party/FreeRTOS/Source/queue.c **** BaseType_t xReturn;
 120              		.loc 1 2292 1 is_stmt 1 view -0
 121              		.cfi_startproc
 122              		@ args = 0, pretend = 0, frame = 0
 123              		@ frame_needed = 0, uses_anonymous_args = 0
2292:Middlewares/Third_Party/FreeRTOS/Source/queue.c **** BaseType_t xReturn;
 124              		.loc 1 2292 1 is_stmt 0 view .LVU27
 125 0000 10B5     		push	{r4, lr}
 126              	.LCFI1:
 127              		.cfi_def_cfa_offset 8
 128              		.cfi_offset 4, -8
 129              		.cfi_offset 14, -4
 130 0002 0446     		mov	r4, r0
2293:Middlewares/Third_Party/FreeRTOS/Source/queue.c **** 
 131              		.loc 1 2293 1 is_stmt 1 view .LVU28
2295:Middlewares/Third_Party/FreeRTOS/Source/queue.c **** 	{
 132              		.loc 1 2295 2 view .LVU29
 133 0004 FFF7FEFF 		bl	vPortEnterCritical
 134              	.LVL11:
2297:Middlewares/Third_Party/FreeRTOS/Source/queue.c **** 		{
 135              		.loc 1 2297 3 view .LVU30
2297:Middlewares/Third_Party/FreeRTOS/Source/queue.c **** 		{
 136              		.loc 1 2297 14 is_stmt 0 view .LVU31
 137 0008 A36B     		ldr	r3, [r4, #56]
2297:Middlewares/Third_Party/FreeRTOS/Source/queue.c **** 		{
 138              		.loc 1 2297 5 view .LVU32
 139 000a 23B9     		cbnz	r3, .L10
2299:Middlewares/Third_Party/FreeRTOS/Source/queue.c **** 		}
 140              		.loc 1 2299 12 view .LVU33
 141 000c 0124     		movs	r4, #1
 142              	.LVL12:
 143              	.L9:
2306:Middlewares/Third_Party/FreeRTOS/Source/queue.c **** 
 144              		.loc 1 2306 2 is_stmt 1 view .LVU34
 145 000e FFF7FEFF 		bl	vPortExitCritical
 146              	.LVL13:
2308:Middlewares/Third_Party/FreeRTOS/Source/queue.c **** }
 147              		.loc 1 2308 2 view .LVU35
2309:Middlewares/Third_Party/FreeRTOS/Source/queue.c **** /*-----------------------------------------------------------*/
 148              		.loc 1 2309 1 is_stmt 0 view .LVU36
 149 0012 2046     		mov	r0, r4
 150 0014 10BD     		pop	{r4, pc}
 151              	.LVL14:
ARM GAS  C:\Users\Made\AppData\Local\Temp\cclTNyiU.s 			page 45


 152              	.L10:
2303:Middlewares/Third_Party/FreeRTOS/Source/queue.c **** 		}
 153              		.loc 1 2303 12 view .LVU37
 154 0016 0024     		movs	r4, #0
 155              	.LVL15:
2303:Middlewares/Third_Party/FreeRTOS/Source/queue.c **** 		}
 156              		.loc 1 2303 12 view .LVU38
 157 0018 F9E7     		b	.L9
 158              		.cfi_endproc
 159              	.LFE36:
 161              		.section	.text.prvCopyDataToQueue,"ax",%progbits
 162              		.align	1
 163              		.syntax unified
 164              		.thumb
 165              		.thumb_func
 167              	prvCopyDataToQueue:
 168              	.LVL16:
 169              	.LFB33:
2075:Middlewares/Third_Party/FreeRTOS/Source/queue.c **** BaseType_t xReturn = pdFALSE;
 170              		.loc 1 2075 1 is_stmt 1 view -0
 171              		.cfi_startproc
 172              		@ args = 0, pretend = 0, frame = 0
 173              		@ frame_needed = 0, uses_anonymous_args = 0
2075:Middlewares/Third_Party/FreeRTOS/Source/queue.c **** BaseType_t xReturn = pdFALSE;
 174              		.loc 1 2075 1 is_stmt 0 view .LVU40
 175 0000 70B5     		push	{r4, r5, r6, lr}
 176              	.LCFI2:
 177              		.cfi_def_cfa_offset 16
 178              		.cfi_offset 4, -16
 179              		.cfi_offset 5, -12
 180              		.cfi_offset 6, -8
 181              		.cfi_offset 14, -4
 182 0002 0446     		mov	r4, r0
 183 0004 1546     		mov	r5, r2
2076:Middlewares/Third_Party/FreeRTOS/Source/queue.c **** UBaseType_t uxMessagesWaiting;
 184              		.loc 1 2076 1 is_stmt 1 view .LVU41
 185              	.LVL17:
2077:Middlewares/Third_Party/FreeRTOS/Source/queue.c **** 
 186              		.loc 1 2077 1 view .LVU42
2081:Middlewares/Third_Party/FreeRTOS/Source/queue.c **** 
 187              		.loc 1 2081 2 view .LVU43
2081:Middlewares/Third_Party/FreeRTOS/Source/queue.c **** 
 188              		.loc 1 2081 20 is_stmt 0 view .LVU44
 189 0006 866B     		ldr	r6, [r0, #56]
 190              	.LVL18:
2083:Middlewares/Third_Party/FreeRTOS/Source/queue.c **** 	{
 191              		.loc 1 2083 2 is_stmt 1 view .LVU45
2083:Middlewares/Third_Party/FreeRTOS/Source/queue.c **** 	{
 192              		.loc 1 2083 13 is_stmt 0 view .LVU46
 193 0008 026C     		ldr	r2, [r0, #64]
 194              	.LVL19:
2083:Middlewares/Third_Party/FreeRTOS/Source/queue.c **** 	{
 195              		.loc 1 2083 4 view .LVU47
 196 000a 5AB9     		cbnz	r2, .L13
2087:Middlewares/Third_Party/FreeRTOS/Source/queue.c **** 			{
 197              		.loc 1 2087 4 is_stmt 1 view .LVU48
2087:Middlewares/Third_Party/FreeRTOS/Source/queue.c **** 			{
ARM GAS  C:\Users\Made\AppData\Local\Temp\cclTNyiU.s 			page 46


 198              		.loc 1 2087 15 is_stmt 0 view .LVU49
 199 000c 0368     		ldr	r3, [r0]
2087:Middlewares/Third_Party/FreeRTOS/Source/queue.c **** 			{
 200              		.loc 1 2087 6 view .LVU50
 201 000e 1BB1     		cbz	r3, .L22
2076:Middlewares/Third_Party/FreeRTOS/Source/queue.c **** UBaseType_t uxMessagesWaiting;
 202              		.loc 1 2076 12 view .LVU51
 203 0010 0020     		movs	r0, #0
 204              	.LVL20:
 205              	.L14:
2143:Middlewares/Third_Party/FreeRTOS/Source/queue.c **** 		}
 206              		.loc 1 2143 28 is_stmt 1 view .LVU52
2147:Middlewares/Third_Party/FreeRTOS/Source/queue.c **** 
 207              		.loc 1 2147 2 view .LVU53
2147:Middlewares/Third_Party/FreeRTOS/Source/queue.c **** 
 208              		.loc 1 2147 49 is_stmt 0 view .LVU54
 209 0012 0136     		adds	r6, r6, #1
 210              	.LVL21:
2147:Middlewares/Third_Party/FreeRTOS/Source/queue.c **** 
 211              		.loc 1 2147 29 view .LVU55
 212 0014 A663     		str	r6, [r4, #56]
2149:Middlewares/Third_Party/FreeRTOS/Source/queue.c **** }
 213              		.loc 1 2149 2 is_stmt 1 view .LVU56
2150:Middlewares/Third_Party/FreeRTOS/Source/queue.c **** /*-----------------------------------------------------------*/
 214              		.loc 1 2150 1 is_stmt 0 view .LVU57
 215 0016 70BD     		pop	{r4, r5, r6, pc}
 216              	.LVL22:
 217              	.L22:
2090:Middlewares/Third_Party/FreeRTOS/Source/queue.c **** 				pxQueue->u.xSemaphore.xMutexHolder = NULL;
 218              		.loc 1 2090 5 is_stmt 1 view .LVU58
2090:Middlewares/Third_Party/FreeRTOS/Source/queue.c **** 				pxQueue->u.xSemaphore.xMutexHolder = NULL;
 219              		.loc 1 2090 15 is_stmt 0 view .LVU59
 220 0018 8068     		ldr	r0, [r0, #8]
 221              	.LVL23:
2090:Middlewares/Third_Party/FreeRTOS/Source/queue.c **** 				pxQueue->u.xSemaphore.xMutexHolder = NULL;
 222              		.loc 1 2090 15 view .LVU60
 223 001a FFF7FEFF 		bl	xTaskPriorityDisinherit
 224              	.LVL24:
2091:Middlewares/Third_Party/FreeRTOS/Source/queue.c **** 			}
 225              		.loc 1 2091 5 is_stmt 1 view .LVU61
2091:Middlewares/Third_Party/FreeRTOS/Source/queue.c **** 			}
 226              		.loc 1 2091 40 is_stmt 0 view .LVU62
 227 001e 0023     		movs	r3, #0
 228 0020 A360     		str	r3, [r4, #8]
 229 0022 F6E7     		b	.L14
 230              	.LVL25:
 231              	.L13:
2100:Middlewares/Third_Party/FreeRTOS/Source/queue.c **** 	{
 232              		.loc 1 2100 7 is_stmt 1 view .LVU63
2100:Middlewares/Third_Party/FreeRTOS/Source/queue.c **** 	{
 233              		.loc 1 2100 9 is_stmt 0 view .LVU64
 234 0024 6DB9     		cbnz	r5, .L15
2102:Middlewares/Third_Party/FreeRTOS/Source/queue.c **** 		pxQueue->pcWriteTo += pxQueue->uxItemSize; /*lint !e9016 Pointer arithmetic on char types ok, esp
 235              		.loc 1 2102 3 is_stmt 1 view .LVU65
2102:Middlewares/Third_Party/FreeRTOS/Source/queue.c **** 		pxQueue->pcWriteTo += pxQueue->uxItemSize; /*lint !e9016 Pointer arithmetic on char types ok, esp
 236              		.loc 1 2102 12 is_stmt 0 view .LVU66
 237 0026 4068     		ldr	r0, [r0, #4]
ARM GAS  C:\Users\Made\AppData\Local\Temp\cclTNyiU.s 			page 47


 238              	.LVL26:
2102:Middlewares/Third_Party/FreeRTOS/Source/queue.c **** 		pxQueue->pcWriteTo += pxQueue->uxItemSize; /*lint !e9016 Pointer arithmetic on char types ok, esp
 239              		.loc 1 2102 12 view .LVU67
 240 0028 FFF7FEFF 		bl	memcpy
 241              	.LVL27:
2103:Middlewares/Third_Party/FreeRTOS/Source/queue.c **** 		if( pxQueue->pcWriteTo >= pxQueue->u.xQueue.pcTail ) /*lint !e946 MISRA exception justified as co
 242              		.loc 1 2103 3 is_stmt 1 view .LVU68
2103:Middlewares/Third_Party/FreeRTOS/Source/queue.c **** 		if( pxQueue->pcWriteTo >= pxQueue->u.xQueue.pcTail ) /*lint !e946 MISRA exception justified as co
 243              		.loc 1 2103 10 is_stmt 0 view .LVU69
 244 002c 6368     		ldr	r3, [r4, #4]
2103:Middlewares/Third_Party/FreeRTOS/Source/queue.c **** 		if( pxQueue->pcWriteTo >= pxQueue->u.xQueue.pcTail ) /*lint !e946 MISRA exception justified as co
 245              		.loc 1 2103 32 view .LVU70
 246 002e 226C     		ldr	r2, [r4, #64]
2103:Middlewares/Third_Party/FreeRTOS/Source/queue.c **** 		if( pxQueue->pcWriteTo >= pxQueue->u.xQueue.pcTail ) /*lint !e946 MISRA exception justified as co
 247              		.loc 1 2103 22 view .LVU71
 248 0030 1344     		add	r3, r3, r2
 249 0032 6360     		str	r3, [r4, #4]
2104:Middlewares/Third_Party/FreeRTOS/Source/queue.c **** 		{
 250              		.loc 1 2104 3 is_stmt 1 view .LVU72
2104:Middlewares/Third_Party/FreeRTOS/Source/queue.c **** 		{
 251              		.loc 1 2104 46 is_stmt 0 view .LVU73
 252 0034 A268     		ldr	r2, [r4, #8]
2104:Middlewares/Third_Party/FreeRTOS/Source/queue.c **** 		{
 253              		.loc 1 2104 5 view .LVU74
 254 0036 9342     		cmp	r3, r2
 255 0038 19D3     		bcc	.L18
2106:Middlewares/Third_Party/FreeRTOS/Source/queue.c **** 		}
 256              		.loc 1 2106 4 is_stmt 1 view .LVU75
2106:Middlewares/Third_Party/FreeRTOS/Source/queue.c **** 		}
 257              		.loc 1 2106 32 is_stmt 0 view .LVU76
 258 003a 2368     		ldr	r3, [r4]
2106:Middlewares/Third_Party/FreeRTOS/Source/queue.c **** 		}
 259              		.loc 1 2106 23 view .LVU77
 260 003c 6360     		str	r3, [r4, #4]
2076:Middlewares/Third_Party/FreeRTOS/Source/queue.c **** UBaseType_t uxMessagesWaiting;
 261              		.loc 1 2076 12 view .LVU78
 262 003e 2846     		mov	r0, r5
 263 0040 E7E7     		b	.L14
 264              	.LVL28:
 265              	.L15:
2115:Middlewares/Third_Party/FreeRTOS/Source/queue.c **** 		pxQueue->u.xQueue.pcReadFrom -= pxQueue->uxItemSize;
 266              		.loc 1 2115 3 is_stmt 1 view .LVU79
2115:Middlewares/Third_Party/FreeRTOS/Source/queue.c **** 		pxQueue->u.xQueue.pcReadFrom -= pxQueue->uxItemSize;
 267              		.loc 1 2115 12 is_stmt 0 view .LVU80
 268 0042 C068     		ldr	r0, [r0, #12]
 269              	.LVL29:
2115:Middlewares/Third_Party/FreeRTOS/Source/queue.c **** 		pxQueue->u.xQueue.pcReadFrom -= pxQueue->uxItemSize;
 270              		.loc 1 2115 12 view .LVU81
 271 0044 FFF7FEFF 		bl	memcpy
 272              	.LVL30:
2116:Middlewares/Third_Party/FreeRTOS/Source/queue.c **** 		if( pxQueue->u.xQueue.pcReadFrom < pxQueue->pcHead ) /*lint !e946 MISRA exception justified as co
 273              		.loc 1 2116 3 is_stmt 1 view .LVU82
2116:Middlewares/Third_Party/FreeRTOS/Source/queue.c **** 		if( pxQueue->u.xQueue.pcReadFrom < pxQueue->pcHead ) /*lint !e946 MISRA exception justified as co
 274              		.loc 1 2116 20 is_stmt 0 view .LVU83
 275 0048 E368     		ldr	r3, [r4, #12]
2116:Middlewares/Third_Party/FreeRTOS/Source/queue.c **** 		if( pxQueue->u.xQueue.pcReadFrom < pxQueue->pcHead ) /*lint !e946 MISRA exception justified as co
 276              		.loc 1 2116 42 view .LVU84
ARM GAS  C:\Users\Made\AppData\Local\Temp\cclTNyiU.s 			page 48


 277 004a 226C     		ldr	r2, [r4, #64]
2116:Middlewares/Third_Party/FreeRTOS/Source/queue.c **** 		if( pxQueue->u.xQueue.pcReadFrom < pxQueue->pcHead ) /*lint !e946 MISRA exception justified as co
 278              		.loc 1 2116 32 view .LVU85
 279 004c 5142     		rsbs	r1, r2, #0
 280 004e 9B1A     		subs	r3, r3, r2
 281 0050 E360     		str	r3, [r4, #12]
2117:Middlewares/Third_Party/FreeRTOS/Source/queue.c **** 		{
 282              		.loc 1 2117 3 is_stmt 1 view .LVU86
2117:Middlewares/Third_Party/FreeRTOS/Source/queue.c **** 		{
 283              		.loc 1 2117 45 is_stmt 0 view .LVU87
 284 0052 2268     		ldr	r2, [r4]
2117:Middlewares/Third_Party/FreeRTOS/Source/queue.c **** 		{
 285              		.loc 1 2117 5 view .LVU88
 286 0054 9342     		cmp	r3, r2
 287 0056 02D2     		bcs	.L16
2119:Middlewares/Third_Party/FreeRTOS/Source/queue.c **** 		}
 288              		.loc 1 2119 4 is_stmt 1 view .LVU89
2119:Middlewares/Third_Party/FreeRTOS/Source/queue.c **** 		}
 289              		.loc 1 2119 54 is_stmt 0 view .LVU90
 290 0058 A368     		ldr	r3, [r4, #8]
2119:Middlewares/Third_Party/FreeRTOS/Source/queue.c **** 		}
 291              		.loc 1 2119 62 view .LVU91
 292 005a 0B44     		add	r3, r3, r1
2119:Middlewares/Third_Party/FreeRTOS/Source/queue.c **** 		}
 293              		.loc 1 2119 33 view .LVU92
 294 005c E360     		str	r3, [r4, #12]
 295              	.L16:
2123:Middlewares/Third_Party/FreeRTOS/Source/queue.c **** 		}
 296              		.loc 1 2123 28 is_stmt 1 view .LVU93
2126:Middlewares/Third_Party/FreeRTOS/Source/queue.c **** 		{
 297              		.loc 1 2126 3 view .LVU94
2126:Middlewares/Third_Party/FreeRTOS/Source/queue.c **** 		{
 298              		.loc 1 2126 5 is_stmt 0 view .LVU95
 299 005e 022D     		cmp	r5, #2
 300 0060 01D0     		beq	.L23
2076:Middlewares/Third_Party/FreeRTOS/Source/queue.c **** UBaseType_t uxMessagesWaiting;
 301              		.loc 1 2076 12 view .LVU96
 302 0062 0020     		movs	r0, #0
 303 0064 D5E7     		b	.L14
 304              	.L23:
2128:Middlewares/Third_Party/FreeRTOS/Source/queue.c **** 			{
 305              		.loc 1 2128 4 is_stmt 1 view .LVU97
2128:Middlewares/Third_Party/FreeRTOS/Source/queue.c **** 			{
 306              		.loc 1 2128 6 is_stmt 0 view .LVU98
 307 0066 26B1     		cbz	r6, .L20
2134:Middlewares/Third_Party/FreeRTOS/Source/queue.c **** 			}
 308              		.loc 1 2134 5 is_stmt 1 view .LVU99
 309 0068 013E     		subs	r6, r6, #1
 310              	.LVL31:
2076:Middlewares/Third_Party/FreeRTOS/Source/queue.c **** UBaseType_t uxMessagesWaiting;
 311              		.loc 1 2076 12 is_stmt 0 view .LVU100
 312 006a 0020     		movs	r0, #0
 313 006c D1E7     		b	.L14
 314              	.L18:
2076:Middlewares/Third_Party/FreeRTOS/Source/queue.c **** UBaseType_t uxMessagesWaiting;
 315              		.loc 1 2076 12 view .LVU101
 316 006e 2846     		mov	r0, r5
ARM GAS  C:\Users\Made\AppData\Local\Temp\cclTNyiU.s 			page 49


 317 0070 CFE7     		b	.L14
 318              	.L20:
2076:Middlewares/Third_Party/FreeRTOS/Source/queue.c **** UBaseType_t uxMessagesWaiting;
 319              		.loc 1 2076 12 view .LVU102
 320 0072 0020     		movs	r0, #0
 321 0074 CDE7     		b	.L14
 322              		.cfi_endproc
 323              	.LFE33:
 325              		.section	.text.prvCopyDataFromQueue,"ax",%progbits
 326              		.align	1
 327              		.syntax unified
 328              		.thumb
 329              		.thumb_func
 331              	prvCopyDataFromQueue:
 332              	.LVL32:
 333              	.LFB34:
2154:Middlewares/Third_Party/FreeRTOS/Source/queue.c **** 	if( pxQueue->uxItemSize != ( UBaseType_t ) 0 )
 334              		.loc 1 2154 1 is_stmt 1 view -0
 335              		.cfi_startproc
 336              		@ args = 0, pretend = 0, frame = 0
 337              		@ frame_needed = 0, uses_anonymous_args = 0
2154:Middlewares/Third_Party/FreeRTOS/Source/queue.c **** 	if( pxQueue->uxItemSize != ( UBaseType_t ) 0 )
 338              		.loc 1 2154 1 is_stmt 0 view .LVU104
 339 0000 0346     		mov	r3, r0
2155:Middlewares/Third_Party/FreeRTOS/Source/queue.c **** 	{
 340              		.loc 1 2155 2 is_stmt 1 view .LVU105
2155:Middlewares/Third_Party/FreeRTOS/Source/queue.c **** 	{
 341              		.loc 1 2155 13 is_stmt 0 view .LVU106
 342 0002 026C     		ldr	r2, [r0, #64]
2155:Middlewares/Third_Party/FreeRTOS/Source/queue.c **** 	{
 343              		.loc 1 2155 4 view .LVU107
 344 0004 6AB1     		cbz	r2, .L28
2154:Middlewares/Third_Party/FreeRTOS/Source/queue.c **** 	if( pxQueue->uxItemSize != ( UBaseType_t ) 0 )
 345              		.loc 1 2154 1 view .LVU108
 346 0006 10B5     		push	{r4, lr}
 347              	.LCFI3:
 348              		.cfi_def_cfa_offset 8
 349              		.cfi_offset 4, -8
 350              		.cfi_offset 14, -4
 351 0008 0846     		mov	r0, r1
 352              	.LVL33:
2157:Middlewares/Third_Party/FreeRTOS/Source/queue.c **** 		if( pxQueue->u.xQueue.pcReadFrom >= pxQueue->u.xQueue.pcTail ) /*lint !e946 MISRA exception justi
 353              		.loc 1 2157 3 is_stmt 1 view .LVU109
2157:Middlewares/Third_Party/FreeRTOS/Source/queue.c **** 		if( pxQueue->u.xQueue.pcReadFrom >= pxQueue->u.xQueue.pcTail ) /*lint !e946 MISRA exception justi
 354              		.loc 1 2157 20 is_stmt 0 view .LVU110
 355 000a D968     		ldr	r1, [r3, #12]
 356              	.LVL34:
2157:Middlewares/Third_Party/FreeRTOS/Source/queue.c **** 		if( pxQueue->u.xQueue.pcReadFrom >= pxQueue->u.xQueue.pcTail ) /*lint !e946 MISRA exception justi
 357              		.loc 1 2157 32 view .LVU111
 358 000c 1144     		add	r1, r1, r2
 359 000e D960     		str	r1, [r3, #12]
2158:Middlewares/Third_Party/FreeRTOS/Source/queue.c **** 		{
 360              		.loc 1 2158 3 is_stmt 1 view .LVU112
2158:Middlewares/Third_Party/FreeRTOS/Source/queue.c **** 		{
 361              		.loc 1 2158 5 is_stmt 0 view .LVU113
 362 0010 9C68     		ldr	r4, [r3, #8]
 363 0012 A142     		cmp	r1, r4
ARM GAS  C:\Users\Made\AppData\Local\Temp\cclTNyiU.s 			page 50


 364 0014 01D3     		bcc	.L26
2160:Middlewares/Third_Party/FreeRTOS/Source/queue.c **** 		}
 365              		.loc 1 2160 4 is_stmt 1 view .LVU114
2160:Middlewares/Third_Party/FreeRTOS/Source/queue.c **** 		}
 366              		.loc 1 2160 42 is_stmt 0 view .LVU115
 367 0016 1968     		ldr	r1, [r3]
2160:Middlewares/Third_Party/FreeRTOS/Source/queue.c **** 		}
 368              		.loc 1 2160 33 view .LVU116
 369 0018 D960     		str	r1, [r3, #12]
 370              	.L26:
2164:Middlewares/Third_Party/FreeRTOS/Source/queue.c **** 		}
 371              		.loc 1 2164 28 is_stmt 1 view .LVU117
2166:Middlewares/Third_Party/FreeRTOS/Source/queue.c **** 	}
 372              		.loc 1 2166 3 view .LVU118
2166:Middlewares/Third_Party/FreeRTOS/Source/queue.c **** 	}
 373              		.loc 1 2166 12 is_stmt 0 view .LVU119
 374 001a D968     		ldr	r1, [r3, #12]
 375 001c FFF7FEFF 		bl	memcpy
 376              	.LVL35:
2168:Middlewares/Third_Party/FreeRTOS/Source/queue.c **** /*-----------------------------------------------------------*/
 377              		.loc 1 2168 1 view .LVU120
 378 0020 10BD     		pop	{r4, pc}
 379              	.LVL36:
 380              	.L28:
 381              	.LCFI4:
 382              		.cfi_def_cfa_offset 0
 383              		.cfi_restore 4
 384              		.cfi_restore 14
2168:Middlewares/Third_Party/FreeRTOS/Source/queue.c **** /*-----------------------------------------------------------*/
 385              		.loc 1 2168 1 view .LVU121
 386 0022 7047     		bx	lr
 387              		.cfi_endproc
 388              	.LFE34:
 390              		.section	.text.prvUnlockQueue,"ax",%progbits
 391              		.align	1
 392              		.syntax unified
 393              		.thumb
 394              		.thumb_func
 396              	prvUnlockQueue:
 397              	.LVL37:
 398              	.LFB35:
2172:Middlewares/Third_Party/FreeRTOS/Source/queue.c **** 	/* THIS FUNCTION MUST BE CALLED WITH THE SCHEDULER SUSPENDED. */
 399              		.loc 1 2172 1 is_stmt 1 view -0
 400              		.cfi_startproc
 401              		@ args = 0, pretend = 0, frame = 0
 402              		@ frame_needed = 0, uses_anonymous_args = 0
2172:Middlewares/Third_Party/FreeRTOS/Source/queue.c **** 	/* THIS FUNCTION MUST BE CALLED WITH THE SCHEDULER SUSPENDED. */
 403              		.loc 1 2172 1 is_stmt 0 view .LVU123
 404 0000 38B5     		push	{r3, r4, r5, lr}
 405              	.LCFI5:
 406              		.cfi_def_cfa_offset 16
 407              		.cfi_offset 3, -16
 408              		.cfi_offset 4, -12
 409              		.cfi_offset 5, -8
 410              		.cfi_offset 14, -4
 411 0002 0546     		mov	r5, r0
2179:Middlewares/Third_Party/FreeRTOS/Source/queue.c **** 	{
ARM GAS  C:\Users\Made\AppData\Local\Temp\cclTNyiU.s 			page 51


 412              		.loc 1 2179 2 is_stmt 1 view .LVU124
 413 0004 FFF7FEFF 		bl	vPortEnterCritical
 414              	.LVL38:
 415              	.LBB118:
2181:Middlewares/Third_Party/FreeRTOS/Source/queue.c **** 
 416              		.loc 1 2181 3 view .LVU125
2181:Middlewares/Third_Party/FreeRTOS/Source/queue.c **** 
 417              		.loc 1 2181 10 is_stmt 0 view .LVU126
 418 0008 95F84540 		ldrb	r4, [r5, #69]	@ zero_extendqisi2
 419 000c 64B2     		sxtb	r4, r4
 420              	.LVL39:
2184:Middlewares/Third_Party/FreeRTOS/Source/queue.c **** 		{
 421              		.loc 1 2184 3 is_stmt 1 view .LVU127
2184:Middlewares/Third_Party/FreeRTOS/Source/queue.c **** 		{
 422              		.loc 1 2184 8 is_stmt 0 view .LVU128
 423 000e 01E0     		b	.L32
 424              	.L34:
2242:Middlewares/Third_Party/FreeRTOS/Source/queue.c **** 					}
 425              		.loc 1 2242 31 is_stmt 1 view .LVU129
2252:Middlewares/Third_Party/FreeRTOS/Source/queue.c **** 		}
 426              		.loc 1 2252 4 view .LVU130
 427 0010 013C     		subs	r4, r4, #1
 428              	.LVL40:
2252:Middlewares/Third_Party/FreeRTOS/Source/queue.c **** 		}
 429              		.loc 1 2252 4 is_stmt 0 view .LVU131
 430 0012 64B2     		sxtb	r4, r4
 431              	.LVL41:
 432              	.L32:
2184:Middlewares/Third_Party/FreeRTOS/Source/queue.c **** 		{
 433              		.loc 1 2184 18 is_stmt 1 view .LVU132
 434 0014 002C     		cmp	r4, #0
 435 0016 0ADD     		ble	.L33
2232:Middlewares/Third_Party/FreeRTOS/Source/queue.c **** 				{
 436              		.loc 1 2232 5 view .LVU133
2232:Middlewares/Third_Party/FreeRTOS/Source/queue.c **** 				{
 437              		.loc 1 2232 9 is_stmt 0 view .LVU134
 438 0018 6B6A     		ldr	r3, [r5, #36]
2232:Middlewares/Third_Party/FreeRTOS/Source/queue.c **** 				{
 439              		.loc 1 2232 7 view .LVU135
 440 001a 43B1     		cbz	r3, .L33
2234:Middlewares/Third_Party/FreeRTOS/Source/queue.c **** 					{
 441              		.loc 1 2234 6 is_stmt 1 view .LVU136
2234:Middlewares/Third_Party/FreeRTOS/Source/queue.c **** 					{
 442              		.loc 1 2234 10 is_stmt 0 view .LVU137
 443 001c 05F12400 		add	r0, r5, #36
 444 0020 FFF7FEFF 		bl	xTaskRemoveFromEventList
 445              	.LVL42:
2234:Middlewares/Third_Party/FreeRTOS/Source/queue.c **** 					{
 446              		.loc 1 2234 8 discriminator 1 view .LVU138
 447 0024 0028     		cmp	r0, #0
 448 0026 F3D0     		beq	.L34
2238:Middlewares/Third_Party/FreeRTOS/Source/queue.c **** 					}
 449              		.loc 1 2238 7 is_stmt 1 view .LVU139
 450 0028 FFF7FEFF 		bl	vTaskMissedYield
 451              	.LVL43:
 452 002c F0E7     		b	.L34
 453              	.L33:
ARM GAS  C:\Users\Made\AppData\Local\Temp\cclTNyiU.s 			page 52


2255:Middlewares/Third_Party/FreeRTOS/Source/queue.c **** 	}
 454              		.loc 1 2255 3 view .LVU140
2255:Middlewares/Third_Party/FreeRTOS/Source/queue.c **** 	}
 455              		.loc 1 2255 20 is_stmt 0 view .LVU141
 456 002e FF23     		movs	r3, #255
 457 0030 85F84530 		strb	r3, [r5, #69]
 458              	.LBE118:
2257:Middlewares/Third_Party/FreeRTOS/Source/queue.c **** 
 459              		.loc 1 2257 2 is_stmt 1 view .LVU142
 460 0034 FFF7FEFF 		bl	vPortExitCritical
 461              	.LVL44:
2260:Middlewares/Third_Party/FreeRTOS/Source/queue.c **** 	{
 462              		.loc 1 2260 2 view .LVU143
 463 0038 FFF7FEFF 		bl	vPortEnterCritical
 464              	.LVL45:
 465              	.LBB119:
2262:Middlewares/Third_Party/FreeRTOS/Source/queue.c **** 
 466              		.loc 1 2262 3 view .LVU144
2262:Middlewares/Third_Party/FreeRTOS/Source/queue.c **** 
 467              		.loc 1 2262 10 is_stmt 0 view .LVU145
 468 003c 95F84440 		ldrb	r4, [r5, #68]	@ zero_extendqisi2
 469              	.LVL46:
2262:Middlewares/Third_Party/FreeRTOS/Source/queue.c **** 
 470              		.loc 1 2262 10 view .LVU146
 471 0040 64B2     		sxtb	r4, r4
 472              	.LVL47:
2264:Middlewares/Third_Party/FreeRTOS/Source/queue.c **** 		{
 473              		.loc 1 2264 3 is_stmt 1 view .LVU147
2264:Middlewares/Third_Party/FreeRTOS/Source/queue.c **** 		{
 474              		.loc 1 2264 8 is_stmt 0 view .LVU148
 475 0042 01E0     		b	.L36
 476              	.L38:
2274:Middlewares/Third_Party/FreeRTOS/Source/queue.c **** 				}
 477              		.loc 1 2274 30 is_stmt 1 view .LVU149
2277:Middlewares/Third_Party/FreeRTOS/Source/queue.c **** 			}
 478              		.loc 1 2277 5 view .LVU150
 479 0044 013C     		subs	r4, r4, #1
 480              	.LVL48:
2277:Middlewares/Third_Party/FreeRTOS/Source/queue.c **** 			}
 481              		.loc 1 2277 5 is_stmt 0 view .LVU151
 482 0046 64B2     		sxtb	r4, r4
 483              	.LVL49:
 484              	.L36:
2264:Middlewares/Third_Party/FreeRTOS/Source/queue.c **** 		{
 485              		.loc 1 2264 18 is_stmt 1 view .LVU152
 486 0048 002C     		cmp	r4, #0
 487 004a 0ADD     		ble	.L37
2266:Middlewares/Third_Party/FreeRTOS/Source/queue.c **** 			{
 488              		.loc 1 2266 4 view .LVU153
2266:Middlewares/Third_Party/FreeRTOS/Source/queue.c **** 			{
 489              		.loc 1 2266 8 is_stmt 0 view .LVU154
 490 004c 2B69     		ldr	r3, [r5, #16]
2266:Middlewares/Third_Party/FreeRTOS/Source/queue.c **** 			{
 491              		.loc 1 2266 6 view .LVU155
 492 004e 43B1     		cbz	r3, .L37
2268:Middlewares/Third_Party/FreeRTOS/Source/queue.c **** 				{
 493              		.loc 1 2268 5 is_stmt 1 view .LVU156
ARM GAS  C:\Users\Made\AppData\Local\Temp\cclTNyiU.s 			page 53


2268:Middlewares/Third_Party/FreeRTOS/Source/queue.c **** 				{
 494              		.loc 1 2268 9 is_stmt 0 view .LVU157
 495 0050 05F11000 		add	r0, r5, #16
 496 0054 FFF7FEFF 		bl	xTaskRemoveFromEventList
 497              	.LVL50:
2268:Middlewares/Third_Party/FreeRTOS/Source/queue.c **** 				{
 498              		.loc 1 2268 7 discriminator 1 view .LVU158
 499 0058 0028     		cmp	r0, #0
 500 005a F3D0     		beq	.L38
2270:Middlewares/Third_Party/FreeRTOS/Source/queue.c **** 				}
 501              		.loc 1 2270 6 is_stmt 1 view .LVU159
 502 005c FFF7FEFF 		bl	vTaskMissedYield
 503              	.LVL51:
 504 0060 F0E7     		b	.L38
 505              	.L37:
2285:Middlewares/Third_Party/FreeRTOS/Source/queue.c **** 	}
 506              		.loc 1 2285 3 view .LVU160
2285:Middlewares/Third_Party/FreeRTOS/Source/queue.c **** 	}
 507              		.loc 1 2285 20 is_stmt 0 view .LVU161
 508 0062 FF23     		movs	r3, #255
 509 0064 85F84430 		strb	r3, [r5, #68]
 510              	.LBE119:
2287:Middlewares/Third_Party/FreeRTOS/Source/queue.c **** }
 511              		.loc 1 2287 2 is_stmt 1 view .LVU162
 512 0068 FFF7FEFF 		bl	vPortExitCritical
 513              	.LVL52:
2288:Middlewares/Third_Party/FreeRTOS/Source/queue.c **** /*-----------------------------------------------------------*/
 514              		.loc 1 2288 1 is_stmt 0 view .LVU163
 515 006c 38BD     		pop	{r3, r4, r5, pc}
2288:Middlewares/Third_Party/FreeRTOS/Source/queue.c **** /*-----------------------------------------------------------*/
 516              		.loc 1 2288 1 view .LVU164
 517              		.cfi_endproc
 518              	.LFE35:
 520              		.section	.text.xQueueGenericReset,"ax",%progbits
 521              		.align	1
 522              		.global	xQueueGenericReset
 523              		.syntax unified
 524              		.thumb
 525              		.thumb_func
 527              	xQueueGenericReset:
 528              	.LVL53:
 529              	.LFB4:
 256:Middlewares/Third_Party/FreeRTOS/Source/queue.c **** Queue_t * const pxQueue = xQueue;
 530              		.loc 1 256 1 is_stmt 1 view -0
 531              		.cfi_startproc
 532              		@ args = 0, pretend = 0, frame = 0
 533              		@ frame_needed = 0, uses_anonymous_args = 0
 256:Middlewares/Third_Party/FreeRTOS/Source/queue.c **** Queue_t * const pxQueue = xQueue;
 534              		.loc 1 256 1 is_stmt 0 view .LVU166
 535 0000 38B5     		push	{r3, r4, r5, lr}
 536              	.LCFI6:
 537              		.cfi_def_cfa_offset 16
 538              		.cfi_offset 3, -16
 539              		.cfi_offset 4, -12
 540              		.cfi_offset 5, -8
 541              		.cfi_offset 14, -4
 257:Middlewares/Third_Party/FreeRTOS/Source/queue.c **** 
ARM GAS  C:\Users\Made\AppData\Local\Temp\cclTNyiU.s 			page 54


 542              		.loc 1 257 1 is_stmt 1 view .LVU167
 543              	.LVL54:
 259:Middlewares/Third_Party/FreeRTOS/Source/queue.c **** 
 544              		.loc 1 259 2 view .LVU168
 545 0002 E0B1     		cbz	r0, .L47
 546 0004 0D46     		mov	r5, r1
 547 0006 0446     		mov	r4, r0
 259:Middlewares/Third_Party/FreeRTOS/Source/queue.c **** 
 548              		.loc 1 259 25 discriminator 2 view .LVU169
 261:Middlewares/Third_Party/FreeRTOS/Source/queue.c **** 	{
 549              		.loc 1 261 2 view .LVU170
 550 0008 FFF7FEFF 		bl	vPortEnterCritical
 551              	.LVL55:
 263:Middlewares/Third_Party/FreeRTOS/Source/queue.c **** 		pxQueue->uxMessagesWaiting = ( UBaseType_t ) 0U;
 552              		.loc 1 263 3 view .LVU171
 263:Middlewares/Third_Party/FreeRTOS/Source/queue.c **** 		pxQueue->uxMessagesWaiting = ( UBaseType_t ) 0U;
 553              		.loc 1 263 37 is_stmt 0 view .LVU172
 554 000c 2368     		ldr	r3, [r4]
 263:Middlewares/Third_Party/FreeRTOS/Source/queue.c **** 		pxQueue->uxMessagesWaiting = ( UBaseType_t ) 0U;
 555              		.loc 1 263 57 view .LVU173
 556 000e E26B     		ldr	r2, [r4, #60]
 263:Middlewares/Third_Party/FreeRTOS/Source/queue.c **** 		pxQueue->uxMessagesWaiting = ( UBaseType_t ) 0U;
 557              		.loc 1 263 77 view .LVU174
 558 0010 216C     		ldr	r1, [r4, #64]
 263:Middlewares/Third_Party/FreeRTOS/Source/queue.c **** 		pxQueue->uxMessagesWaiting = ( UBaseType_t ) 0U;
 559              		.loc 1 263 46 view .LVU175
 560 0012 01FB0230 		mla	r0, r1, r2, r3
 263:Middlewares/Third_Party/FreeRTOS/Source/queue.c **** 		pxQueue->uxMessagesWaiting = ( UBaseType_t ) 0U;
 561              		.loc 1 263 28 view .LVU176
 562 0016 A060     		str	r0, [r4, #8]
 264:Middlewares/Third_Party/FreeRTOS/Source/queue.c **** 		pxQueue->pcWriteTo = pxQueue->pcHead;
 563              		.loc 1 264 3 is_stmt 1 view .LVU177
 264:Middlewares/Third_Party/FreeRTOS/Source/queue.c **** 		pxQueue->pcWriteTo = pxQueue->pcHead;
 564              		.loc 1 264 30 is_stmt 0 view .LVU178
 565 0018 0020     		movs	r0, #0
 566 001a A063     		str	r0, [r4, #56]
 265:Middlewares/Third_Party/FreeRTOS/Source/queue.c **** 		pxQueue->u.xQueue.pcReadFrom = pxQueue->pcHead + ( ( pxQueue->uxLength - 1U ) * pxQueue->uxItemSi
 567              		.loc 1 265 3 is_stmt 1 view .LVU179
 265:Middlewares/Third_Party/FreeRTOS/Source/queue.c **** 		pxQueue->u.xQueue.pcReadFrom = pxQueue->pcHead + ( ( pxQueue->uxLength - 1U ) * pxQueue->uxItemSi
 568              		.loc 1 265 22 is_stmt 0 view .LVU180
 569 001c 6360     		str	r3, [r4, #4]
 266:Middlewares/Third_Party/FreeRTOS/Source/queue.c **** 		pxQueue->cRxLock = queueUNLOCKED;
 570              		.loc 1 266 3 is_stmt 1 view .LVU181
 266:Middlewares/Third_Party/FreeRTOS/Source/queue.c **** 		pxQueue->cRxLock = queueUNLOCKED;
 571              		.loc 1 266 74 is_stmt 0 view .LVU182
 572 001e 013A     		subs	r2, r2, #1
 266:Middlewares/Third_Party/FreeRTOS/Source/queue.c **** 		pxQueue->cRxLock = queueUNLOCKED;
 573              		.loc 1 266 50 view .LVU183
 574 0020 02FB0133 		mla	r3, r2, r1, r3
 266:Middlewares/Third_Party/FreeRTOS/Source/queue.c **** 		pxQueue->cRxLock = queueUNLOCKED;
 575              		.loc 1 266 32 view .LVU184
 576 0024 E360     		str	r3, [r4, #12]
 267:Middlewares/Third_Party/FreeRTOS/Source/queue.c **** 		pxQueue->cTxLock = queueUNLOCKED;
 577              		.loc 1 267 3 is_stmt 1 view .LVU185
 267:Middlewares/Third_Party/FreeRTOS/Source/queue.c **** 		pxQueue->cTxLock = queueUNLOCKED;
 578              		.loc 1 267 20 is_stmt 0 view .LVU186
 579 0026 FF23     		movs	r3, #255
ARM GAS  C:\Users\Made\AppData\Local\Temp\cclTNyiU.s 			page 55


 580 0028 84F84430 		strb	r3, [r4, #68]
 268:Middlewares/Third_Party/FreeRTOS/Source/queue.c **** 
 581              		.loc 1 268 3 is_stmt 1 view .LVU187
 268:Middlewares/Third_Party/FreeRTOS/Source/queue.c **** 
 582              		.loc 1 268 20 is_stmt 0 view .LVU188
 583 002c 84F84530 		strb	r3, [r4, #69]
 270:Middlewares/Third_Party/FreeRTOS/Source/queue.c **** 		{
 584              		.loc 1 270 3 is_stmt 1 view .LVU189
 270:Middlewares/Third_Party/FreeRTOS/Source/queue.c **** 		{
 585              		.loc 1 270 5 is_stmt 0 view .LVU190
 586 0030 FDB9     		cbnz	r5, .L44
 277:Middlewares/Third_Party/FreeRTOS/Source/queue.c **** 			{
 587              		.loc 1 277 4 is_stmt 1 view .LVU191
 277:Middlewares/Third_Party/FreeRTOS/Source/queue.c **** 			{
 588              		.loc 1 277 8 is_stmt 0 view .LVU192
 589 0032 2369     		ldr	r3, [r4, #16]
 277:Middlewares/Third_Party/FreeRTOS/Source/queue.c **** 			{
 590              		.loc 1 277 6 view .LVU193
 591 0034 63B9     		cbnz	r3, .L48
 592              	.L45:
 300:Middlewares/Third_Party/FreeRTOS/Source/queue.c **** 
 593              		.loc 1 300 2 is_stmt 1 view .LVU194
 594 0036 FFF7FEFF 		bl	vPortExitCritical
 595              	.LVL56:
 304:Middlewares/Third_Party/FreeRTOS/Source/queue.c **** }
 596              		.loc 1 304 2 view .LVU195
 305:Middlewares/Third_Party/FreeRTOS/Source/queue.c **** /*-----------------------------------------------------------*/
 597              		.loc 1 305 1 is_stmt 0 view .LVU196
 598 003a 0120     		movs	r0, #1
 599 003c 38BD     		pop	{r3, r4, r5, pc}
 600              	.LVL57:
 601              	.L47:
 259:Middlewares/Third_Party/FreeRTOS/Source/queue.c **** 
 602              		.loc 1 259 2 is_stmt 1 discriminator 1 view .LVU197
 603              	.LBB120:
 604              	.LBI120:
 605              		.file 2 "Middlewares/Third_Party/FreeRTOS/Source/portable/GCC/ARM_CM4F/portmacro.h"
   1:Middlewares/Third_Party/FreeRTOS/Source/portable/GCC/ARM_CM4F/portmacro.h **** /*
   2:Middlewares/Third_Party/FreeRTOS/Source/portable/GCC/ARM_CM4F/portmacro.h ****  * FreeRTOS Kernel V10.3.1
   3:Middlewares/Third_Party/FreeRTOS/Source/portable/GCC/ARM_CM4F/portmacro.h ****  * Copyright (C) 2020 Amazon.com, Inc. or its affiliates.  All Rights Reserved.
   4:Middlewares/Third_Party/FreeRTOS/Source/portable/GCC/ARM_CM4F/portmacro.h ****  *
   5:Middlewares/Third_Party/FreeRTOS/Source/portable/GCC/ARM_CM4F/portmacro.h ****  * Permission is hereby granted, free of charge, to any person obtaining a copy of
   6:Middlewares/Third_Party/FreeRTOS/Source/portable/GCC/ARM_CM4F/portmacro.h ****  * this software and associated documentation files (the "Software"), to deal in
   7:Middlewares/Third_Party/FreeRTOS/Source/portable/GCC/ARM_CM4F/portmacro.h ****  * the Software without restriction, including without limitation the rights to
   8:Middlewares/Third_Party/FreeRTOS/Source/portable/GCC/ARM_CM4F/portmacro.h ****  * use, copy, modify, merge, publish, distribute, sublicense, and/or sell copies of
   9:Middlewares/Third_Party/FreeRTOS/Source/portable/GCC/ARM_CM4F/portmacro.h ****  * the Software, and to permit persons to whom the Software is furnished to do so,
  10:Middlewares/Third_Party/FreeRTOS/Source/portable/GCC/ARM_CM4F/portmacro.h ****  * subject to the following conditions:
  11:Middlewares/Third_Party/FreeRTOS/Source/portable/GCC/ARM_CM4F/portmacro.h ****  *
  12:Middlewares/Third_Party/FreeRTOS/Source/portable/GCC/ARM_CM4F/portmacro.h ****  * The above copyright notice and this permission notice shall be included in all
  13:Middlewares/Third_Party/FreeRTOS/Source/portable/GCC/ARM_CM4F/portmacro.h ****  * copies or substantial portions of the Software.
  14:Middlewares/Third_Party/FreeRTOS/Source/portable/GCC/ARM_CM4F/portmacro.h ****  *
  15:Middlewares/Third_Party/FreeRTOS/Source/portable/GCC/ARM_CM4F/portmacro.h ****  * THE SOFTWARE IS PROVIDED "AS IS", WITHOUT WARRANTY OF ANY KIND, EXPRESS OR
  16:Middlewares/Third_Party/FreeRTOS/Source/portable/GCC/ARM_CM4F/portmacro.h ****  * IMPLIED, INCLUDING BUT NOT LIMITED TO THE WARRANTIES OF MERCHANTABILITY, FITNESS
  17:Middlewares/Third_Party/FreeRTOS/Source/portable/GCC/ARM_CM4F/portmacro.h ****  * FOR A PARTICULAR PURPOSE AND NONINFRINGEMENT. IN NO EVENT SHALL THE AUTHORS OR
  18:Middlewares/Third_Party/FreeRTOS/Source/portable/GCC/ARM_CM4F/portmacro.h ****  * COPYRIGHT HOLDERS BE LIABLE FOR ANY CLAIM, DAMAGES OR OTHER LIABILITY, WHETHER
  19:Middlewares/Third_Party/FreeRTOS/Source/portable/GCC/ARM_CM4F/portmacro.h ****  * IN AN ACTION OF CONTRACT, TORT OR OTHERWISE, ARISING FROM, OUT OF OR IN
  20:Middlewares/Third_Party/FreeRTOS/Source/portable/GCC/ARM_CM4F/portmacro.h ****  * CONNECTION WITH THE SOFTWARE OR THE USE OR OTHER DEALINGS IN THE SOFTWARE.
ARM GAS  C:\Users\Made\AppData\Local\Temp\cclTNyiU.s 			page 56


  21:Middlewares/Third_Party/FreeRTOS/Source/portable/GCC/ARM_CM4F/portmacro.h ****  *
  22:Middlewares/Third_Party/FreeRTOS/Source/portable/GCC/ARM_CM4F/portmacro.h ****  * http://www.FreeRTOS.org
  23:Middlewares/Third_Party/FreeRTOS/Source/portable/GCC/ARM_CM4F/portmacro.h ****  * http://aws.amazon.com/freertos
  24:Middlewares/Third_Party/FreeRTOS/Source/portable/GCC/ARM_CM4F/portmacro.h ****  *
  25:Middlewares/Third_Party/FreeRTOS/Source/portable/GCC/ARM_CM4F/portmacro.h ****  * 1 tab == 4 spaces!
  26:Middlewares/Third_Party/FreeRTOS/Source/portable/GCC/ARM_CM4F/portmacro.h ****  */
  27:Middlewares/Third_Party/FreeRTOS/Source/portable/GCC/ARM_CM4F/portmacro.h **** 
  28:Middlewares/Third_Party/FreeRTOS/Source/portable/GCC/ARM_CM4F/portmacro.h **** 
  29:Middlewares/Third_Party/FreeRTOS/Source/portable/GCC/ARM_CM4F/portmacro.h **** #ifndef PORTMACRO_H
  30:Middlewares/Third_Party/FreeRTOS/Source/portable/GCC/ARM_CM4F/portmacro.h **** #define PORTMACRO_H
  31:Middlewares/Third_Party/FreeRTOS/Source/portable/GCC/ARM_CM4F/portmacro.h **** 
  32:Middlewares/Third_Party/FreeRTOS/Source/portable/GCC/ARM_CM4F/portmacro.h **** #ifdef __cplusplus
  33:Middlewares/Third_Party/FreeRTOS/Source/portable/GCC/ARM_CM4F/portmacro.h **** extern "C" {
  34:Middlewares/Third_Party/FreeRTOS/Source/portable/GCC/ARM_CM4F/portmacro.h **** #endif
  35:Middlewares/Third_Party/FreeRTOS/Source/portable/GCC/ARM_CM4F/portmacro.h **** 
  36:Middlewares/Third_Party/FreeRTOS/Source/portable/GCC/ARM_CM4F/portmacro.h **** /*-----------------------------------------------------------
  37:Middlewares/Third_Party/FreeRTOS/Source/portable/GCC/ARM_CM4F/portmacro.h ****  * Port specific definitions.
  38:Middlewares/Third_Party/FreeRTOS/Source/portable/GCC/ARM_CM4F/portmacro.h ****  *
  39:Middlewares/Third_Party/FreeRTOS/Source/portable/GCC/ARM_CM4F/portmacro.h ****  * The settings in this file configure FreeRTOS correctly for the
  40:Middlewares/Third_Party/FreeRTOS/Source/portable/GCC/ARM_CM4F/portmacro.h ****  * given hardware and compiler.
  41:Middlewares/Third_Party/FreeRTOS/Source/portable/GCC/ARM_CM4F/portmacro.h ****  *
  42:Middlewares/Third_Party/FreeRTOS/Source/portable/GCC/ARM_CM4F/portmacro.h ****  * These settings should not be altered.
  43:Middlewares/Third_Party/FreeRTOS/Source/portable/GCC/ARM_CM4F/portmacro.h ****  *-----------------------------------------------------------
  44:Middlewares/Third_Party/FreeRTOS/Source/portable/GCC/ARM_CM4F/portmacro.h ****  */
  45:Middlewares/Third_Party/FreeRTOS/Source/portable/GCC/ARM_CM4F/portmacro.h **** 
  46:Middlewares/Third_Party/FreeRTOS/Source/portable/GCC/ARM_CM4F/portmacro.h **** /* Type definitions. */
  47:Middlewares/Third_Party/FreeRTOS/Source/portable/GCC/ARM_CM4F/portmacro.h **** #define portCHAR		char
  48:Middlewares/Third_Party/FreeRTOS/Source/portable/GCC/ARM_CM4F/portmacro.h **** #define portFLOAT		float
  49:Middlewares/Third_Party/FreeRTOS/Source/portable/GCC/ARM_CM4F/portmacro.h **** #define portDOUBLE		double
  50:Middlewares/Third_Party/FreeRTOS/Source/portable/GCC/ARM_CM4F/portmacro.h **** #define portLONG		long
  51:Middlewares/Third_Party/FreeRTOS/Source/portable/GCC/ARM_CM4F/portmacro.h **** #define portSHORT		short
  52:Middlewares/Third_Party/FreeRTOS/Source/portable/GCC/ARM_CM4F/portmacro.h **** #define portSTACK_TYPE	uint32_t
  53:Middlewares/Third_Party/FreeRTOS/Source/portable/GCC/ARM_CM4F/portmacro.h **** #define portBASE_TYPE	long
  54:Middlewares/Third_Party/FreeRTOS/Source/portable/GCC/ARM_CM4F/portmacro.h **** 
  55:Middlewares/Third_Party/FreeRTOS/Source/portable/GCC/ARM_CM4F/portmacro.h **** typedef portSTACK_TYPE StackType_t;
  56:Middlewares/Third_Party/FreeRTOS/Source/portable/GCC/ARM_CM4F/portmacro.h **** typedef long BaseType_t;
  57:Middlewares/Third_Party/FreeRTOS/Source/portable/GCC/ARM_CM4F/portmacro.h **** typedef unsigned long UBaseType_t;
  58:Middlewares/Third_Party/FreeRTOS/Source/portable/GCC/ARM_CM4F/portmacro.h **** 
  59:Middlewares/Third_Party/FreeRTOS/Source/portable/GCC/ARM_CM4F/portmacro.h **** #if( configUSE_16_BIT_TICKS == 1 )
  60:Middlewares/Third_Party/FreeRTOS/Source/portable/GCC/ARM_CM4F/portmacro.h **** 	typedef uint16_t TickType_t;
  61:Middlewares/Third_Party/FreeRTOS/Source/portable/GCC/ARM_CM4F/portmacro.h **** 	#define portMAX_DELAY ( TickType_t ) 0xffff
  62:Middlewares/Third_Party/FreeRTOS/Source/portable/GCC/ARM_CM4F/portmacro.h **** #else
  63:Middlewares/Third_Party/FreeRTOS/Source/portable/GCC/ARM_CM4F/portmacro.h **** 	typedef uint32_t TickType_t;
  64:Middlewares/Third_Party/FreeRTOS/Source/portable/GCC/ARM_CM4F/portmacro.h **** 	#define portMAX_DELAY ( TickType_t ) 0xffffffffUL
  65:Middlewares/Third_Party/FreeRTOS/Source/portable/GCC/ARM_CM4F/portmacro.h **** 
  66:Middlewares/Third_Party/FreeRTOS/Source/portable/GCC/ARM_CM4F/portmacro.h **** 	/* 32-bit tick type on a 32-bit architecture, so reads of the tick count do
  67:Middlewares/Third_Party/FreeRTOS/Source/portable/GCC/ARM_CM4F/portmacro.h **** 	not need to be guarded with a critical section. */
  68:Middlewares/Third_Party/FreeRTOS/Source/portable/GCC/ARM_CM4F/portmacro.h **** 	#define portTICK_TYPE_IS_ATOMIC 1
  69:Middlewares/Third_Party/FreeRTOS/Source/portable/GCC/ARM_CM4F/portmacro.h **** #endif
  70:Middlewares/Third_Party/FreeRTOS/Source/portable/GCC/ARM_CM4F/portmacro.h **** /*-----------------------------------------------------------*/
  71:Middlewares/Third_Party/FreeRTOS/Source/portable/GCC/ARM_CM4F/portmacro.h **** 
  72:Middlewares/Third_Party/FreeRTOS/Source/portable/GCC/ARM_CM4F/portmacro.h **** /* Architecture specifics. */
  73:Middlewares/Third_Party/FreeRTOS/Source/portable/GCC/ARM_CM4F/portmacro.h **** #define portSTACK_GROWTH			( -1 )
  74:Middlewares/Third_Party/FreeRTOS/Source/portable/GCC/ARM_CM4F/portmacro.h **** #define portTICK_PERIOD_MS			( ( TickType_t ) 1000 / configTICK_RATE_HZ )
  75:Middlewares/Third_Party/FreeRTOS/Source/portable/GCC/ARM_CM4F/portmacro.h **** #define portBYTE_ALIGNMENT			8
  76:Middlewares/Third_Party/FreeRTOS/Source/portable/GCC/ARM_CM4F/portmacro.h **** /*-----------------------------------------------------------*/
  77:Middlewares/Third_Party/FreeRTOS/Source/portable/GCC/ARM_CM4F/portmacro.h **** 
ARM GAS  C:\Users\Made\AppData\Local\Temp\cclTNyiU.s 			page 57


  78:Middlewares/Third_Party/FreeRTOS/Source/portable/GCC/ARM_CM4F/portmacro.h **** /* Scheduler utilities. */
  79:Middlewares/Third_Party/FreeRTOS/Source/portable/GCC/ARM_CM4F/portmacro.h **** #define portYIELD() 															\
  80:Middlewares/Third_Party/FreeRTOS/Source/portable/GCC/ARM_CM4F/portmacro.h **** {																				\
  81:Middlewares/Third_Party/FreeRTOS/Source/portable/GCC/ARM_CM4F/portmacro.h **** 	/* Set a PendSV to request a context switch. */								\
  82:Middlewares/Third_Party/FreeRTOS/Source/portable/GCC/ARM_CM4F/portmacro.h **** 	portNVIC_INT_CTRL_REG = portNVIC_PENDSVSET_BIT;								\
  83:Middlewares/Third_Party/FreeRTOS/Source/portable/GCC/ARM_CM4F/portmacro.h **** 																				\
  84:Middlewares/Third_Party/FreeRTOS/Source/portable/GCC/ARM_CM4F/portmacro.h **** 	/* Barriers are normally not required but do ensure the code is completely	\
  85:Middlewares/Third_Party/FreeRTOS/Source/portable/GCC/ARM_CM4F/portmacro.h **** 	within the specified behaviour for the architecture. */						\
  86:Middlewares/Third_Party/FreeRTOS/Source/portable/GCC/ARM_CM4F/portmacro.h **** 	__asm volatile( "dsb" ::: "memory" );										\
  87:Middlewares/Third_Party/FreeRTOS/Source/portable/GCC/ARM_CM4F/portmacro.h **** 	__asm volatile( "isb" );													\
  88:Middlewares/Third_Party/FreeRTOS/Source/portable/GCC/ARM_CM4F/portmacro.h **** }
  89:Middlewares/Third_Party/FreeRTOS/Source/portable/GCC/ARM_CM4F/portmacro.h **** 
  90:Middlewares/Third_Party/FreeRTOS/Source/portable/GCC/ARM_CM4F/portmacro.h **** #define portNVIC_INT_CTRL_REG		( * ( ( volatile uint32_t * ) 0xe000ed04 ) )
  91:Middlewares/Third_Party/FreeRTOS/Source/portable/GCC/ARM_CM4F/portmacro.h **** #define portNVIC_PENDSVSET_BIT		( 1UL << 28UL )
  92:Middlewares/Third_Party/FreeRTOS/Source/portable/GCC/ARM_CM4F/portmacro.h **** #define portEND_SWITCHING_ISR( xSwitchRequired ) if( xSwitchRequired != pdFALSE ) portYIELD()
  93:Middlewares/Third_Party/FreeRTOS/Source/portable/GCC/ARM_CM4F/portmacro.h **** #define portYIELD_FROM_ISR( x ) portEND_SWITCHING_ISR( x )
  94:Middlewares/Third_Party/FreeRTOS/Source/portable/GCC/ARM_CM4F/portmacro.h **** /*-----------------------------------------------------------*/
  95:Middlewares/Third_Party/FreeRTOS/Source/portable/GCC/ARM_CM4F/portmacro.h **** 
  96:Middlewares/Third_Party/FreeRTOS/Source/portable/GCC/ARM_CM4F/portmacro.h **** /* Critical section management. */
  97:Middlewares/Third_Party/FreeRTOS/Source/portable/GCC/ARM_CM4F/portmacro.h **** extern void vPortEnterCritical( void );
  98:Middlewares/Third_Party/FreeRTOS/Source/portable/GCC/ARM_CM4F/portmacro.h **** extern void vPortExitCritical( void );
  99:Middlewares/Third_Party/FreeRTOS/Source/portable/GCC/ARM_CM4F/portmacro.h **** #define portSET_INTERRUPT_MASK_FROM_ISR()		ulPortRaiseBASEPRI()
 100:Middlewares/Third_Party/FreeRTOS/Source/portable/GCC/ARM_CM4F/portmacro.h **** #define portCLEAR_INTERRUPT_MASK_FROM_ISR(x)	vPortSetBASEPRI(x)
 101:Middlewares/Third_Party/FreeRTOS/Source/portable/GCC/ARM_CM4F/portmacro.h **** #define portDISABLE_INTERRUPTS()				vPortRaiseBASEPRI()
 102:Middlewares/Third_Party/FreeRTOS/Source/portable/GCC/ARM_CM4F/portmacro.h **** #define portENABLE_INTERRUPTS()					vPortSetBASEPRI(0)
 103:Middlewares/Third_Party/FreeRTOS/Source/portable/GCC/ARM_CM4F/portmacro.h **** #define portENTER_CRITICAL()					vPortEnterCritical()
 104:Middlewares/Third_Party/FreeRTOS/Source/portable/GCC/ARM_CM4F/portmacro.h **** #define portEXIT_CRITICAL()						vPortExitCritical()
 105:Middlewares/Third_Party/FreeRTOS/Source/portable/GCC/ARM_CM4F/portmacro.h **** 
 106:Middlewares/Third_Party/FreeRTOS/Source/portable/GCC/ARM_CM4F/portmacro.h **** /*-----------------------------------------------------------*/
 107:Middlewares/Third_Party/FreeRTOS/Source/portable/GCC/ARM_CM4F/portmacro.h **** 
 108:Middlewares/Third_Party/FreeRTOS/Source/portable/GCC/ARM_CM4F/portmacro.h **** /* Task function macros as described on the FreeRTOS.org WEB site.  These are
 109:Middlewares/Third_Party/FreeRTOS/Source/portable/GCC/ARM_CM4F/portmacro.h **** not necessary for to use this port.  They are defined so the common demo files
 110:Middlewares/Third_Party/FreeRTOS/Source/portable/GCC/ARM_CM4F/portmacro.h **** (which build with all the ports) will build. */
 111:Middlewares/Third_Party/FreeRTOS/Source/portable/GCC/ARM_CM4F/portmacro.h **** #define portTASK_FUNCTION_PROTO( vFunction, pvParameters ) void vFunction( void *pvParameters )
 112:Middlewares/Third_Party/FreeRTOS/Source/portable/GCC/ARM_CM4F/portmacro.h **** #define portTASK_FUNCTION( vFunction, pvParameters ) void vFunction( void *pvParameters )
 113:Middlewares/Third_Party/FreeRTOS/Source/portable/GCC/ARM_CM4F/portmacro.h **** /*-----------------------------------------------------------*/
 114:Middlewares/Third_Party/FreeRTOS/Source/portable/GCC/ARM_CM4F/portmacro.h **** 
 115:Middlewares/Third_Party/FreeRTOS/Source/portable/GCC/ARM_CM4F/portmacro.h **** /* Tickless idle/low power functionality. */
 116:Middlewares/Third_Party/FreeRTOS/Source/portable/GCC/ARM_CM4F/portmacro.h **** #ifndef portSUPPRESS_TICKS_AND_SLEEP
 117:Middlewares/Third_Party/FreeRTOS/Source/portable/GCC/ARM_CM4F/portmacro.h **** 	extern void vPortSuppressTicksAndSleep( TickType_t xExpectedIdleTime );
 118:Middlewares/Third_Party/FreeRTOS/Source/portable/GCC/ARM_CM4F/portmacro.h **** 	#define portSUPPRESS_TICKS_AND_SLEEP( xExpectedIdleTime ) vPortSuppressTicksAndSleep( xExpectedIdl
 119:Middlewares/Third_Party/FreeRTOS/Source/portable/GCC/ARM_CM4F/portmacro.h **** #endif
 120:Middlewares/Third_Party/FreeRTOS/Source/portable/GCC/ARM_CM4F/portmacro.h **** /*-----------------------------------------------------------*/
 121:Middlewares/Third_Party/FreeRTOS/Source/portable/GCC/ARM_CM4F/portmacro.h **** 
 122:Middlewares/Third_Party/FreeRTOS/Source/portable/GCC/ARM_CM4F/portmacro.h **** /* Architecture specific optimisations. */
 123:Middlewares/Third_Party/FreeRTOS/Source/portable/GCC/ARM_CM4F/portmacro.h **** #ifndef configUSE_PORT_OPTIMISED_TASK_SELECTION
 124:Middlewares/Third_Party/FreeRTOS/Source/portable/GCC/ARM_CM4F/portmacro.h **** 	#define configUSE_PORT_OPTIMISED_TASK_SELECTION 1
 125:Middlewares/Third_Party/FreeRTOS/Source/portable/GCC/ARM_CM4F/portmacro.h **** #endif
 126:Middlewares/Third_Party/FreeRTOS/Source/portable/GCC/ARM_CM4F/portmacro.h **** 
 127:Middlewares/Third_Party/FreeRTOS/Source/portable/GCC/ARM_CM4F/portmacro.h **** #if configUSE_PORT_OPTIMISED_TASK_SELECTION == 1
 128:Middlewares/Third_Party/FreeRTOS/Source/portable/GCC/ARM_CM4F/portmacro.h **** 
 129:Middlewares/Third_Party/FreeRTOS/Source/portable/GCC/ARM_CM4F/portmacro.h **** 	/* Generic helper function. */
 130:Middlewares/Third_Party/FreeRTOS/Source/portable/GCC/ARM_CM4F/portmacro.h **** 	__attribute__( ( always_inline ) ) static inline uint8_t ucPortCountLeadingZeros( uint32_t ulBitma
 131:Middlewares/Third_Party/FreeRTOS/Source/portable/GCC/ARM_CM4F/portmacro.h **** 	{
 132:Middlewares/Third_Party/FreeRTOS/Source/portable/GCC/ARM_CM4F/portmacro.h **** 	uint8_t ucReturn;
 133:Middlewares/Third_Party/FreeRTOS/Source/portable/GCC/ARM_CM4F/portmacro.h **** 
 134:Middlewares/Third_Party/FreeRTOS/Source/portable/GCC/ARM_CM4F/portmacro.h **** 		__asm volatile ( "clz %0, %1" : "=r" ( ucReturn ) : "r" ( ulBitmap ) : "memory" );
ARM GAS  C:\Users\Made\AppData\Local\Temp\cclTNyiU.s 			page 58


 135:Middlewares/Third_Party/FreeRTOS/Source/portable/GCC/ARM_CM4F/portmacro.h **** 		return ucReturn;
 136:Middlewares/Third_Party/FreeRTOS/Source/portable/GCC/ARM_CM4F/portmacro.h **** 	}
 137:Middlewares/Third_Party/FreeRTOS/Source/portable/GCC/ARM_CM4F/portmacro.h **** 
 138:Middlewares/Third_Party/FreeRTOS/Source/portable/GCC/ARM_CM4F/portmacro.h **** 	/* Check the configuration. */
 139:Middlewares/Third_Party/FreeRTOS/Source/portable/GCC/ARM_CM4F/portmacro.h **** 	#if( configMAX_PRIORITIES > 32 )
 140:Middlewares/Third_Party/FreeRTOS/Source/portable/GCC/ARM_CM4F/portmacro.h **** 		#error configUSE_PORT_OPTIMISED_TASK_SELECTION can only be set to 1 when configMAX_PRIORITIES is 
 141:Middlewares/Third_Party/FreeRTOS/Source/portable/GCC/ARM_CM4F/portmacro.h **** 	#endif
 142:Middlewares/Third_Party/FreeRTOS/Source/portable/GCC/ARM_CM4F/portmacro.h **** 
 143:Middlewares/Third_Party/FreeRTOS/Source/portable/GCC/ARM_CM4F/portmacro.h **** 	/* Store/clear the ready priorities in a bit map. */
 144:Middlewares/Third_Party/FreeRTOS/Source/portable/GCC/ARM_CM4F/portmacro.h **** 	#define portRECORD_READY_PRIORITY( uxPriority, uxReadyPriorities ) ( uxReadyPriorities ) |= ( 1UL 
 145:Middlewares/Third_Party/FreeRTOS/Source/portable/GCC/ARM_CM4F/portmacro.h **** 	#define portRESET_READY_PRIORITY( uxPriority, uxReadyPriorities ) ( uxReadyPriorities ) &= ~( 1UL 
 146:Middlewares/Third_Party/FreeRTOS/Source/portable/GCC/ARM_CM4F/portmacro.h **** 
 147:Middlewares/Third_Party/FreeRTOS/Source/portable/GCC/ARM_CM4F/portmacro.h **** 	/*-----------------------------------------------------------*/
 148:Middlewares/Third_Party/FreeRTOS/Source/portable/GCC/ARM_CM4F/portmacro.h **** 
 149:Middlewares/Third_Party/FreeRTOS/Source/portable/GCC/ARM_CM4F/portmacro.h **** 	#define portGET_HIGHEST_PRIORITY( uxTopPriority, uxReadyPriorities ) uxTopPriority = ( 31UL - ( ui
 150:Middlewares/Third_Party/FreeRTOS/Source/portable/GCC/ARM_CM4F/portmacro.h **** 
 151:Middlewares/Third_Party/FreeRTOS/Source/portable/GCC/ARM_CM4F/portmacro.h **** #endif /* configUSE_PORT_OPTIMISED_TASK_SELECTION */
 152:Middlewares/Third_Party/FreeRTOS/Source/portable/GCC/ARM_CM4F/portmacro.h **** 
 153:Middlewares/Third_Party/FreeRTOS/Source/portable/GCC/ARM_CM4F/portmacro.h **** /*-----------------------------------------------------------*/
 154:Middlewares/Third_Party/FreeRTOS/Source/portable/GCC/ARM_CM4F/portmacro.h **** 
 155:Middlewares/Third_Party/FreeRTOS/Source/portable/GCC/ARM_CM4F/portmacro.h **** #ifdef configASSERT
 156:Middlewares/Third_Party/FreeRTOS/Source/portable/GCC/ARM_CM4F/portmacro.h **** 	void vPortValidateInterruptPriority( void );
 157:Middlewares/Third_Party/FreeRTOS/Source/portable/GCC/ARM_CM4F/portmacro.h **** 	#define portASSERT_IF_INTERRUPT_PRIORITY_INVALID() 	vPortValidateInterruptPriority()
 158:Middlewares/Third_Party/FreeRTOS/Source/portable/GCC/ARM_CM4F/portmacro.h **** #endif
 159:Middlewares/Third_Party/FreeRTOS/Source/portable/GCC/ARM_CM4F/portmacro.h **** 
 160:Middlewares/Third_Party/FreeRTOS/Source/portable/GCC/ARM_CM4F/portmacro.h **** /* portNOP() is not required by this port. */
 161:Middlewares/Third_Party/FreeRTOS/Source/portable/GCC/ARM_CM4F/portmacro.h **** #define portNOP()
 162:Middlewares/Third_Party/FreeRTOS/Source/portable/GCC/ARM_CM4F/portmacro.h **** 
 163:Middlewares/Third_Party/FreeRTOS/Source/portable/GCC/ARM_CM4F/portmacro.h **** #define portINLINE	__inline
 164:Middlewares/Third_Party/FreeRTOS/Source/portable/GCC/ARM_CM4F/portmacro.h **** 
 165:Middlewares/Third_Party/FreeRTOS/Source/portable/GCC/ARM_CM4F/portmacro.h **** #ifndef portFORCE_INLINE
 166:Middlewares/Third_Party/FreeRTOS/Source/portable/GCC/ARM_CM4F/portmacro.h **** 	#define portFORCE_INLINE inline __attribute__(( always_inline))
 167:Middlewares/Third_Party/FreeRTOS/Source/portable/GCC/ARM_CM4F/portmacro.h **** #endif
 168:Middlewares/Third_Party/FreeRTOS/Source/portable/GCC/ARM_CM4F/portmacro.h **** 
 169:Middlewares/Third_Party/FreeRTOS/Source/portable/GCC/ARM_CM4F/portmacro.h **** portFORCE_INLINE static BaseType_t xPortIsInsideInterrupt( void )
 170:Middlewares/Third_Party/FreeRTOS/Source/portable/GCC/ARM_CM4F/portmacro.h **** {
 171:Middlewares/Third_Party/FreeRTOS/Source/portable/GCC/ARM_CM4F/portmacro.h **** uint32_t ulCurrentInterrupt;
 172:Middlewares/Third_Party/FreeRTOS/Source/portable/GCC/ARM_CM4F/portmacro.h **** BaseType_t xReturn;
 173:Middlewares/Third_Party/FreeRTOS/Source/portable/GCC/ARM_CM4F/portmacro.h **** 
 174:Middlewares/Third_Party/FreeRTOS/Source/portable/GCC/ARM_CM4F/portmacro.h **** 	/* Obtain the number of the currently executing interrupt. */
 175:Middlewares/Third_Party/FreeRTOS/Source/portable/GCC/ARM_CM4F/portmacro.h **** 	__asm volatile( "mrs %0, ipsr" : "=r"( ulCurrentInterrupt ) :: "memory" );
 176:Middlewares/Third_Party/FreeRTOS/Source/portable/GCC/ARM_CM4F/portmacro.h **** 
 177:Middlewares/Third_Party/FreeRTOS/Source/portable/GCC/ARM_CM4F/portmacro.h **** 	if( ulCurrentInterrupt == 0 )
 178:Middlewares/Third_Party/FreeRTOS/Source/portable/GCC/ARM_CM4F/portmacro.h **** 	{
 179:Middlewares/Third_Party/FreeRTOS/Source/portable/GCC/ARM_CM4F/portmacro.h **** 		xReturn = pdFALSE;
 180:Middlewares/Third_Party/FreeRTOS/Source/portable/GCC/ARM_CM4F/portmacro.h **** 	}
 181:Middlewares/Third_Party/FreeRTOS/Source/portable/GCC/ARM_CM4F/portmacro.h **** 	else
 182:Middlewares/Third_Party/FreeRTOS/Source/portable/GCC/ARM_CM4F/portmacro.h **** 	{
 183:Middlewares/Third_Party/FreeRTOS/Source/portable/GCC/ARM_CM4F/portmacro.h **** 		xReturn = pdTRUE;
 184:Middlewares/Third_Party/FreeRTOS/Source/portable/GCC/ARM_CM4F/portmacro.h **** 	}
 185:Middlewares/Third_Party/FreeRTOS/Source/portable/GCC/ARM_CM4F/portmacro.h **** 
 186:Middlewares/Third_Party/FreeRTOS/Source/portable/GCC/ARM_CM4F/portmacro.h **** 	return xReturn;
 187:Middlewares/Third_Party/FreeRTOS/Source/portable/GCC/ARM_CM4F/portmacro.h **** }
 188:Middlewares/Third_Party/FreeRTOS/Source/portable/GCC/ARM_CM4F/portmacro.h **** 
 189:Middlewares/Third_Party/FreeRTOS/Source/portable/GCC/ARM_CM4F/portmacro.h **** /*-----------------------------------------------------------*/
 190:Middlewares/Third_Party/FreeRTOS/Source/portable/GCC/ARM_CM4F/portmacro.h **** 
 191:Middlewares/Third_Party/FreeRTOS/Source/portable/GCC/ARM_CM4F/portmacro.h **** portFORCE_INLINE static void vPortRaiseBASEPRI( void )
ARM GAS  C:\Users\Made\AppData\Local\Temp\cclTNyiU.s 			page 59


 606              		.loc 2 191 30 view .LVU198
 607              	.LBB121:
 192:Middlewares/Third_Party/FreeRTOS/Source/portable/GCC/ARM_CM4F/portmacro.h **** {
 193:Middlewares/Third_Party/FreeRTOS/Source/portable/GCC/ARM_CM4F/portmacro.h **** uint32_t ulNewBASEPRI;
 608              		.loc 2 193 1 view .LVU199
 194:Middlewares/Third_Party/FreeRTOS/Source/portable/GCC/ARM_CM4F/portmacro.h **** 
 195:Middlewares/Third_Party/FreeRTOS/Source/portable/GCC/ARM_CM4F/portmacro.h **** 	__asm volatile
 609              		.loc 2 195 2 view .LVU200
 610              		.syntax unified
 611              	@ 195 "Middlewares/Third_Party/FreeRTOS/Source/portable/GCC/ARM_CM4F/portmacro.h" 1
 612 003e 4FF05003 			mov r3, #80												
 613 0042 83F31188 		msr basepri, r3											
 614 0046 BFF36F8F 		isb														
 615 004a BFF34F8F 		dsb														
 616              	
 617              	@ 0 "" 2
 618              		.thumb
 619              		.syntax unified
 620              	.L43:
 621              	.LBE121:
 622              	.LBE120:
 259:Middlewares/Third_Party/FreeRTOS/Source/queue.c **** 
 623              		.loc 1 259 2 discriminator 3 view .LVU201
 259:Middlewares/Third_Party/FreeRTOS/Source/queue.c **** 
 624              		.loc 1 259 2 discriminator 3 view .LVU202
 625 004e FEE7     		b	.L43
 626              	.LVL58:
 627              	.L48:
 279:Middlewares/Third_Party/FreeRTOS/Source/queue.c **** 				{
 628              		.loc 1 279 5 view .LVU203
 279:Middlewares/Third_Party/FreeRTOS/Source/queue.c **** 				{
 629              		.loc 1 279 9 is_stmt 0 view .LVU204
 630 0050 04F11000 		add	r0, r4, #16
 631 0054 FFF7FEFF 		bl	xTaskRemoveFromEventList
 632              	.LVL59:
 279:Middlewares/Third_Party/FreeRTOS/Source/queue.c **** 				{
 633              		.loc 1 279 7 discriminator 1 view .LVU205
 634 0058 0028     		cmp	r0, #0
 635 005a ECD0     		beq	.L45
 281:Middlewares/Third_Party/FreeRTOS/Source/queue.c **** 				}
 636              		.loc 1 281 6 is_stmt 1 view .LVU206
 637 005c 4FF0E023 		mov	r3, #-536813568
 638 0060 4FF08052 		mov	r2, #268435456
 639 0064 C3F8042D 		str	r2, [r3, #3332]
 281:Middlewares/Third_Party/FreeRTOS/Source/queue.c **** 				}
 640              		.loc 1 281 6 view .LVU207
 641              		.syntax unified
 642              	@ 281 "Middlewares/Third_Party/FreeRTOS/Source/queue.c" 1
 643 0068 BFF34F8F 		dsb
 644              	@ 0 "" 2
 281:Middlewares/Third_Party/FreeRTOS/Source/queue.c **** 				}
 645              		.loc 1 281 6 view .LVU208
 646              	@ 281 "Middlewares/Third_Party/FreeRTOS/Source/queue.c" 1
 647 006c BFF36F8F 		isb
 648              	@ 0 "" 2
 281:Middlewares/Third_Party/FreeRTOS/Source/queue.c **** 				}
 649              		.loc 1 281 38 view .LVU209
ARM GAS  C:\Users\Made\AppData\Local\Temp\cclTNyiU.s 			page 60


 650              		.thumb
 651              		.syntax unified
 652 0070 E1E7     		b	.L45
 653              	.L44:
 296:Middlewares/Third_Party/FreeRTOS/Source/queue.c **** 			vListInitialise( &( pxQueue->xTasksWaitingToReceive ) );
 654              		.loc 1 296 4 view .LVU210
 655 0072 04F11000 		add	r0, r4, #16
 656 0076 FFF7FEFF 		bl	vListInitialise
 657              	.LVL60:
 297:Middlewares/Third_Party/FreeRTOS/Source/queue.c **** 		}
 658              		.loc 1 297 4 view .LVU211
 659 007a 04F12400 		add	r0, r4, #36
 660 007e FFF7FEFF 		bl	vListInitialise
 661              	.LVL61:
 662 0082 D8E7     		b	.L45
 663              		.cfi_endproc
 664              	.LFE4:
 666              		.section	.text.prvInitialiseNewQueue,"ax",%progbits
 667              		.align	1
 668              		.syntax unified
 669              		.thumb
 670              		.thumb_func
 672              	prvInitialiseNewQueue:
 673              	.LVL62:
 674              	.LFB7:
 423:Middlewares/Third_Party/FreeRTOS/Source/queue.c **** 	/* Remove compiler warnings about unused parameters should
 675              		.loc 1 423 1 view -0
 676              		.cfi_startproc
 677              		@ args = 4, pretend = 0, frame = 0
 678              		@ frame_needed = 0, uses_anonymous_args = 0
 423:Middlewares/Third_Party/FreeRTOS/Source/queue.c **** 	/* Remove compiler warnings about unused parameters should
 679              		.loc 1 423 1 is_stmt 0 view .LVU213
 680 0000 38B5     		push	{r3, r4, r5, lr}
 681              	.LCFI7:
 682              		.cfi_def_cfa_offset 16
 683              		.cfi_offset 3, -16
 684              		.cfi_offset 4, -12
 685              		.cfi_offset 5, -8
 686              		.cfi_offset 14, -4
 687 0002 1D46     		mov	r5, r3
 688 0004 049C     		ldr	r4, [sp, #16]
 426:Middlewares/Third_Party/FreeRTOS/Source/queue.c **** 
 689              		.loc 1 426 2 is_stmt 1 view .LVU214
 428:Middlewares/Third_Party/FreeRTOS/Source/queue.c **** 	{
 690              		.loc 1 428 2 view .LVU215
 428:Middlewares/Third_Party/FreeRTOS/Source/queue.c **** 	{
 691              		.loc 1 428 4 is_stmt 0 view .LVU216
 692 0006 0B46     		mov	r3, r1
 693              	.LVL63:
 428:Middlewares/Third_Party/FreeRTOS/Source/queue.c **** 	{
 694              		.loc 1 428 4 view .LVU217
 695 0008 49B9     		cbnz	r1, .L50
 434:Middlewares/Third_Party/FreeRTOS/Source/queue.c **** 	}
 696              		.loc 1 434 3 is_stmt 1 view .LVU218
 434:Middlewares/Third_Party/FreeRTOS/Source/queue.c **** 	}
 697              		.loc 1 434 22 is_stmt 0 view .LVU219
 698 000a 2460     		str	r4, [r4]
ARM GAS  C:\Users\Made\AppData\Local\Temp\cclTNyiU.s 			page 61


 699              	.L51:
 444:Middlewares/Third_Party/FreeRTOS/Source/queue.c **** 	pxNewQueue->uxItemSize = uxItemSize;
 700              		.loc 1 444 2 is_stmt 1 view .LVU220
 444:Middlewares/Third_Party/FreeRTOS/Source/queue.c **** 	pxNewQueue->uxItemSize = uxItemSize;
 701              		.loc 1 444 23 is_stmt 0 view .LVU221
 702 000c E063     		str	r0, [r4, #60]
 445:Middlewares/Third_Party/FreeRTOS/Source/queue.c **** 	( void ) xQueueGenericReset( pxNewQueue, pdTRUE );
 703              		.loc 1 445 2 is_stmt 1 view .LVU222
 445:Middlewares/Third_Party/FreeRTOS/Source/queue.c **** 	( void ) xQueueGenericReset( pxNewQueue, pdTRUE );
 704              		.loc 1 445 25 is_stmt 0 view .LVU223
 705 000e 2364     		str	r3, [r4, #64]
 446:Middlewares/Third_Party/FreeRTOS/Source/queue.c **** 
 706              		.loc 1 446 2 is_stmt 1 view .LVU224
 446:Middlewares/Third_Party/FreeRTOS/Source/queue.c **** 
 707              		.loc 1 446 11 is_stmt 0 view .LVU225
 708 0010 0121     		movs	r1, #1
 709              	.LVL64:
 446:Middlewares/Third_Party/FreeRTOS/Source/queue.c **** 
 710              		.loc 1 446 11 view .LVU226
 711 0012 2046     		mov	r0, r4
 712              	.LVL65:
 446:Middlewares/Third_Party/FreeRTOS/Source/queue.c **** 
 713              		.loc 1 446 11 view .LVU227
 714 0014 FFF7FEFF 		bl	xQueueGenericReset
 715              	.LVL66:
 450:Middlewares/Third_Party/FreeRTOS/Source/queue.c **** 	}
 716              		.loc 1 450 3 is_stmt 1 view .LVU228
 450:Middlewares/Third_Party/FreeRTOS/Source/queue.c **** 	}
 717              		.loc 1 450 27 is_stmt 0 view .LVU229
 718 0018 84F84C50 		strb	r5, [r4, #76]
 460:Middlewares/Third_Party/FreeRTOS/Source/queue.c **** }
 719              		.loc 1 460 33 is_stmt 1 view .LVU230
 461:Middlewares/Third_Party/FreeRTOS/Source/queue.c **** /*-----------------------------------------------------------*/
 720              		.loc 1 461 1 is_stmt 0 view .LVU231
 721 001c 38BD     		pop	{r3, r4, r5, pc}
 722              	.LVL67:
 723              	.L50:
 439:Middlewares/Third_Party/FreeRTOS/Source/queue.c **** 	}
 724              		.loc 1 439 3 is_stmt 1 view .LVU232
 439:Middlewares/Third_Party/FreeRTOS/Source/queue.c **** 	}
 725              		.loc 1 439 22 is_stmt 0 view .LVU233
 726 001e 2260     		str	r2, [r4]
 727 0020 F4E7     		b	.L51
 728              		.cfi_endproc
 729              	.LFE7:
 731              		.section	.text.xQueueGenericCreateStatic,"ax",%progbits
 732              		.align	1
 733              		.global	xQueueGenericCreateStatic
 734              		.syntax unified
 735              		.thumb
 736              		.thumb_func
 738              	xQueueGenericCreateStatic:
 739              	.LVL68:
 740              	.LFB5:
 311:Middlewares/Third_Party/FreeRTOS/Source/queue.c **** 	Queue_t *pxNewQueue;
 741              		.loc 1 311 2 is_stmt 1 view -0
 742              		.cfi_startproc
ARM GAS  C:\Users\Made\AppData\Local\Temp\cclTNyiU.s 			page 62


 743              		@ args = 4, pretend = 0, frame = 8
 744              		@ frame_needed = 0, uses_anonymous_args = 0
 312:Middlewares/Third_Party/FreeRTOS/Source/queue.c **** 
 745              		.loc 1 312 2 view .LVU235
 314:Middlewares/Third_Party/FreeRTOS/Source/queue.c **** 
 746              		.loc 1 314 3 view .LVU236
 747 0000 40B9     		cbnz	r0, .L54
 314:Middlewares/Third_Party/FreeRTOS/Source/queue.c **** 
 748              		.loc 1 314 3 discriminator 1 view .LVU237
 749              	.LBB122:
 750              	.LBI122:
 191:Middlewares/Third_Party/FreeRTOS/Source/portable/GCC/ARM_CM4F/portmacro.h **** {
 751              		.loc 2 191 30 view .LVU238
 752              	.LBB123:
 193:Middlewares/Third_Party/FreeRTOS/Source/portable/GCC/ARM_CM4F/portmacro.h **** 
 753              		.loc 2 193 1 view .LVU239
 754              		.loc 2 195 2 view .LVU240
 755              		.syntax unified
 756              	@ 195 "Middlewares/Third_Party/FreeRTOS/Source/portable/GCC/ARM_CM4F/portmacro.h" 1
 757 0002 4FF05003 			mov r3, #80												
 758 0006 83F31188 		msr basepri, r3											
 759 000a BFF36F8F 		isb														
 760 000e BFF34F8F 		dsb														
 761              	
 762              	@ 0 "" 2
 763              	.LVL69:
 764              		.thumb
 765              		.syntax unified
 766              	.L55:
 767              		.loc 2 195 2 is_stmt 0 view .LVU241
 768              	.LBE123:
 769              	.LBE122:
 314:Middlewares/Third_Party/FreeRTOS/Source/queue.c **** 
 770              		.loc 1 314 3 is_stmt 1 discriminator 3 view .LVU242
 314:Middlewares/Third_Party/FreeRTOS/Source/queue.c **** 
 771              		.loc 1 314 3 discriminator 3 view .LVU243
 772 0012 FEE7     		b	.L55
 773              	.LVL70:
 774              	.L54:
 311:Middlewares/Third_Party/FreeRTOS/Source/queue.c **** 	Queue_t *pxNewQueue;
 775              		.loc 1 311 2 is_stmt 0 view .LVU244
 776 0014 10B5     		push	{r4, lr}
 777              	.LCFI8:
 778              		.cfi_def_cfa_offset 8
 779              		.cfi_offset 4, -8
 780              		.cfi_offset 14, -4
 781 0016 84B0     		sub	sp, sp, #16
 782              	.LCFI9:
 783              		.cfi_def_cfa_offset 24
 784 0018 1C46     		mov	r4, r3
 314:Middlewares/Third_Party/FreeRTOS/Source/queue.c **** 
 785              		.loc 1 314 52 is_stmt 1 discriminator 2 view .LVU245
 318:Middlewares/Third_Party/FreeRTOS/Source/queue.c **** 
 786              		.loc 1 318 3 view .LVU246
 787 001a 83B1     		cbz	r3, .L66
 318:Middlewares/Third_Party/FreeRTOS/Source/queue.c **** 
 788              		.loc 1 318 40 discriminator 2 view .LVU247
ARM GAS  C:\Users\Made\AppData\Local\Temp\cclTNyiU.s 			page 63


 322:Middlewares/Third_Party/FreeRTOS/Source/queue.c **** 		configASSERT( !( ( pucQueueStorage == NULL ) && ( uxItemSize != 0 ) ) );
 789              		.loc 1 322 3 view .LVU248
 790 001c 0B1E     		subs	r3, r1, #0
 791              	.LVL71:
 322:Middlewares/Third_Party/FreeRTOS/Source/queue.c **** 		configASSERT( !( ( pucQueueStorage == NULL ) && ( uxItemSize != 0 ) ) );
 792              		.loc 1 322 3 is_stmt 0 view .LVU249
 793 001e 18BF     		it	ne
 794 0020 0123     		movne	r3, #1
 795 0022 002A     		cmp	r2, #0
 796 0024 08BF     		it	eq
 797 0026 43F00103 		orreq	r3, r3, #1
 798 002a 8BB9     		cbnz	r3, .L58
 322:Middlewares/Third_Party/FreeRTOS/Source/queue.c **** 		configASSERT( !( ( pucQueueStorage == NULL ) && ( uxItemSize != 0 ) ) );
 799              		.loc 1 322 3 is_stmt 1 discriminator 1 view .LVU250
 800              	.LBB124:
 801              	.LBI124:
 191:Middlewares/Third_Party/FreeRTOS/Source/portable/GCC/ARM_CM4F/portmacro.h **** {
 802              		.loc 2 191 30 view .LVU251
 803              	.LBB125:
 193:Middlewares/Third_Party/FreeRTOS/Source/portable/GCC/ARM_CM4F/portmacro.h **** 
 804              		.loc 2 193 1 view .LVU252
 805              		.loc 2 195 2 view .LVU253
 806              		.syntax unified
 807              	@ 195 "Middlewares/Third_Party/FreeRTOS/Source/portable/GCC/ARM_CM4F/portmacro.h" 1
 808 002c 4FF05003 			mov r3, #80												
 809 0030 83F31188 		msr basepri, r3											
 810 0034 BFF36F8F 		isb														
 811 0038 BFF34F8F 		dsb														
 812              	
 813              	@ 0 "" 2
 814              		.thumb
 815              		.syntax unified
 816              	.L59:
 817              	.LBE125:
 818              	.LBE124:
 322:Middlewares/Third_Party/FreeRTOS/Source/queue.c **** 		configASSERT( !( ( pucQueueStorage == NULL ) && ( uxItemSize != 0 ) ) );
 819              		.loc 1 322 3 discriminator 3 view .LVU254
 322:Middlewares/Third_Party/FreeRTOS/Source/queue.c **** 		configASSERT( !( ( pucQueueStorage == NULL ) && ( uxItemSize != 0 ) ) );
 820              		.loc 1 322 3 discriminator 3 view .LVU255
 821 003c FEE7     		b	.L59
 822              	.LVL72:
 823              	.L66:
 318:Middlewares/Third_Party/FreeRTOS/Source/queue.c **** 
 824              		.loc 1 318 3 discriminator 1 view .LVU256
 825              	.LBB126:
 826              	.LBI126:
 191:Middlewares/Third_Party/FreeRTOS/Source/portable/GCC/ARM_CM4F/portmacro.h **** {
 827              		.loc 2 191 30 view .LVU257
 828              	.LBB127:
 193:Middlewares/Third_Party/FreeRTOS/Source/portable/GCC/ARM_CM4F/portmacro.h **** 
 829              		.loc 2 193 1 view .LVU258
 830              		.loc 2 195 2 view .LVU259
 831              		.syntax unified
 832              	@ 195 "Middlewares/Third_Party/FreeRTOS/Source/portable/GCC/ARM_CM4F/portmacro.h" 1
 833 003e 4FF05003 			mov r3, #80												
 834 0042 83F31188 		msr basepri, r3											
 835 0046 BFF36F8F 		isb														
ARM GAS  C:\Users\Made\AppData\Local\Temp\cclTNyiU.s 			page 64


 836 004a BFF34F8F 		dsb														
 837              	
 838              	@ 0 "" 2
 839              	.LVL73:
 840              		.thumb
 841              		.syntax unified
 842              	.L57:
 843              		.loc 2 195 2 is_stmt 0 view .LVU260
 844              	.LBE127:
 845              	.LBE126:
 318:Middlewares/Third_Party/FreeRTOS/Source/queue.c **** 
 846              		.loc 1 318 3 is_stmt 1 discriminator 3 view .LVU261
 318:Middlewares/Third_Party/FreeRTOS/Source/queue.c **** 
 847              		.loc 1 318 3 discriminator 3 view .LVU262
 848 004e FEE7     		b	.L57
 849              	.L58:
 322:Middlewares/Third_Party/FreeRTOS/Source/queue.c **** 		configASSERT( !( ( pucQueueStorage == NULL ) && ( uxItemSize != 0 ) ) );
 850              		.loc 1 322 74 discriminator 2 view .LVU263
 323:Middlewares/Third_Party/FreeRTOS/Source/queue.c **** 
 851              		.loc 1 323 3 view .LVU264
 852 0050 B1FA81F3 		clz	r3, r1
 853 0054 5B09     		lsrs	r3, r3, #5
 854 0056 002A     		cmp	r2, #0
 855 0058 18BF     		it	ne
 856 005a 43F00103 		orrne	r3, r3, #1
 857 005e 43B9     		cbnz	r3, .L60
 323:Middlewares/Third_Party/FreeRTOS/Source/queue.c **** 
 858              		.loc 1 323 3 discriminator 1 view .LVU265
 859              	.LBB128:
 860              	.LBI128:
 191:Middlewares/Third_Party/FreeRTOS/Source/portable/GCC/ARM_CM4F/portmacro.h **** {
 861              		.loc 2 191 30 view .LVU266
 862              	.LBB129:
 193:Middlewares/Third_Party/FreeRTOS/Source/portable/GCC/ARM_CM4F/portmacro.h **** 
 863              		.loc 2 193 1 view .LVU267
 864              		.loc 2 195 2 view .LVU268
 865              		.syntax unified
 866              	@ 195 "Middlewares/Third_Party/FreeRTOS/Source/portable/GCC/ARM_CM4F/portmacro.h" 1
 867 0060 4FF05003 			mov r3, #80												
 868 0064 83F31188 		msr basepri, r3											
 869 0068 BFF36F8F 		isb														
 870 006c BFF34F8F 		dsb														
 871              	
 872              	@ 0 "" 2
 873              		.thumb
 874              		.syntax unified
 875              	.L61:
 876              	.LBE129:
 877              	.LBE128:
 323:Middlewares/Third_Party/FreeRTOS/Source/queue.c **** 
 878              		.loc 1 323 3 discriminator 3 view .LVU269
 323:Middlewares/Third_Party/FreeRTOS/Source/queue.c **** 
 879              		.loc 1 323 3 discriminator 3 view .LVU270
 880 0070 FEE7     		b	.L61
 881              	.L60:
 323:Middlewares/Third_Party/FreeRTOS/Source/queue.c **** 
 882              		.loc 1 323 74 discriminator 2 view .LVU271
ARM GAS  C:\Users\Made\AppData\Local\Temp\cclTNyiU.s 			page 65


 883              	.LBB130:
 330:Middlewares/Third_Party/FreeRTOS/Source/queue.c **** 			configASSERT( xSize == sizeof( Queue_t ) );
 884              		.loc 1 330 4 view .LVU272
 330:Middlewares/Third_Party/FreeRTOS/Source/queue.c **** 			configASSERT( xSize == sizeof( Queue_t ) );
 885              		.loc 1 330 20 is_stmt 0 view .LVU273
 886 0072 5023     		movs	r3, #80
 887 0074 0393     		str	r3, [sp, #12]
 331:Middlewares/Third_Party/FreeRTOS/Source/queue.c **** 			( void ) xSize; /* Keeps lint quiet when configASSERT() is not defined. */
 888              		.loc 1 331 4 is_stmt 1 view .LVU274
 889 0076 039B     		ldr	r3, [sp, #12]
 890 0078 502B     		cmp	r3, #80
 891 007a 08D0     		beq	.L62
 331:Middlewares/Third_Party/FreeRTOS/Source/queue.c **** 			( void ) xSize; /* Keeps lint quiet when configASSERT() is not defined. */
 892              		.loc 1 331 4 discriminator 1 view .LVU275
 893              	.LBB131:
 894              	.LBI131:
 191:Middlewares/Third_Party/FreeRTOS/Source/portable/GCC/ARM_CM4F/portmacro.h **** {
 895              		.loc 2 191 30 view .LVU276
 896              	.LBB132:
 193:Middlewares/Third_Party/FreeRTOS/Source/portable/GCC/ARM_CM4F/portmacro.h **** 
 897              		.loc 2 193 1 view .LVU277
 898              		.loc 2 195 2 view .LVU278
 899              		.syntax unified
 900              	@ 195 "Middlewares/Third_Party/FreeRTOS/Source/portable/GCC/ARM_CM4F/portmacro.h" 1
 901 007c 4FF05003 			mov r3, #80												
 902 0080 83F31188 		msr basepri, r3											
 903 0084 BFF36F8F 		isb														
 904 0088 BFF34F8F 		dsb														
 905              	
 906              	@ 0 "" 2
 907              		.thumb
 908              		.syntax unified
 909              	.L63:
 910              	.LBE132:
 911              	.LBE131:
 331:Middlewares/Third_Party/FreeRTOS/Source/queue.c **** 			( void ) xSize; /* Keeps lint quiet when configASSERT() is not defined. */
 912              		.loc 1 331 4 discriminator 3 view .LVU279
 331:Middlewares/Third_Party/FreeRTOS/Source/queue.c **** 			( void ) xSize; /* Keeps lint quiet when configASSERT() is not defined. */
 913              		.loc 1 331 4 discriminator 3 view .LVU280
 914 008c FEE7     		b	.L63
 915              	.L62:
 331:Middlewares/Third_Party/FreeRTOS/Source/queue.c **** 			( void ) xSize; /* Keeps lint quiet when configASSERT() is not defined. */
 916              		.loc 1 331 46 discriminator 2 view .LVU281
 332:Middlewares/Third_Party/FreeRTOS/Source/queue.c **** 		}
 917              		.loc 1 332 4 view .LVU282
 918 008e 039B     		ldr	r3, [sp, #12]
 919              	.LBE130:
 339:Middlewares/Third_Party/FreeRTOS/Source/queue.c **** 
 920              		.loc 1 339 3 view .LVU283
 921              	.LVL74:
 341:Middlewares/Third_Party/FreeRTOS/Source/queue.c **** 		{
 922              		.loc 1 341 3 view .LVU284
 348:Middlewares/Third_Party/FreeRTOS/Source/queue.c **** 			}
 923              		.loc 1 348 5 view .LVU285
 348:Middlewares/Third_Party/FreeRTOS/Source/queue.c **** 			}
 924              		.loc 1 348 39 is_stmt 0 view .LVU286
 925 0090 0123     		movs	r3, #1
ARM GAS  C:\Users\Made\AppData\Local\Temp\cclTNyiU.s 			page 66


 926 0092 84F84630 		strb	r3, [r4, #70]
 352:Middlewares/Third_Party/FreeRTOS/Source/queue.c **** 		}
 927              		.loc 1 352 4 is_stmt 1 view .LVU287
 928 0096 0094     		str	r4, [sp]
 929 0098 9DF81830 		ldrb	r3, [sp, #24]	@ zero_extendqisi2
 930 009c FFF7FEFF 		bl	prvInitialiseNewQueue
 931              	.LVL75:
 356:Middlewares/Third_Party/FreeRTOS/Source/queue.c **** 			mtCOVERAGE_TEST_MARKER();
 932              		.loc 1 356 43 view .LVU288
 357:Middlewares/Third_Party/FreeRTOS/Source/queue.c **** 		}
 933              		.loc 1 357 28 view .LVU289
 360:Middlewares/Third_Party/FreeRTOS/Source/queue.c **** 	}
 934              		.loc 1 360 3 view .LVU290
 361:Middlewares/Third_Party/FreeRTOS/Source/queue.c **** 
 935              		.loc 1 361 2 is_stmt 0 view .LVU291
 936 00a0 2046     		mov	r0, r4
 937 00a2 04B0     		add	sp, sp, #16
 938              	.LCFI10:
 939              		.cfi_def_cfa_offset 8
 940              		@ sp needed
 941 00a4 10BD     		pop	{r4, pc}
 361:Middlewares/Third_Party/FreeRTOS/Source/queue.c **** 
 942              		.loc 1 361 2 view .LVU292
 943              		.cfi_endproc
 944              	.LFE5:
 946              		.section	.text.xQueueGenericCreate,"ax",%progbits
 947              		.align	1
 948              		.global	xQueueGenericCreate
 949              		.syntax unified
 950              		.thumb
 951              		.thumb_func
 953              	xQueueGenericCreate:
 954              	.LVL76:
 955              	.LFB6:
 369:Middlewares/Third_Party/FreeRTOS/Source/queue.c **** 	Queue_t *pxNewQueue;
 956              		.loc 1 369 2 is_stmt 1 view -0
 957              		.cfi_startproc
 958              		@ args = 0, pretend = 0, frame = 0
 959              		@ frame_needed = 0, uses_anonymous_args = 0
 370:Middlewares/Third_Party/FreeRTOS/Source/queue.c **** 	size_t xQueueSizeInBytes;
 960              		.loc 1 370 2 view .LVU294
 371:Middlewares/Third_Party/FreeRTOS/Source/queue.c **** 	uint8_t *pucQueueStorage;
 961              		.loc 1 371 2 view .LVU295
 372:Middlewares/Third_Party/FreeRTOS/Source/queue.c **** 
 962              		.loc 1 372 2 view .LVU296
 374:Middlewares/Third_Party/FreeRTOS/Source/queue.c **** 
 963              		.loc 1 374 3 view .LVU297
 964 0000 40B9     		cbnz	r0, .L68
 374:Middlewares/Third_Party/FreeRTOS/Source/queue.c **** 
 965              		.loc 1 374 3 discriminator 1 view .LVU298
 966              	.LBB133:
 967              	.LBI133:
 191:Middlewares/Third_Party/FreeRTOS/Source/portable/GCC/ARM_CM4F/portmacro.h **** {
 968              		.loc 2 191 30 view .LVU299
 969              	.LBB134:
 193:Middlewares/Third_Party/FreeRTOS/Source/portable/GCC/ARM_CM4F/portmacro.h **** 
 970              		.loc 2 193 1 view .LVU300
ARM GAS  C:\Users\Made\AppData\Local\Temp\cclTNyiU.s 			page 67


 971              		.loc 2 195 2 view .LVU301
 972              		.syntax unified
 973              	@ 195 "Middlewares/Third_Party/FreeRTOS/Source/portable/GCC/ARM_CM4F/portmacro.h" 1
 974 0002 4FF05003 			mov r3, #80												
 975 0006 83F31188 		msr basepri, r3											
 976 000a BFF36F8F 		isb														
 977 000e BFF34F8F 		dsb														
 978              	
 979              	@ 0 "" 2
 980              		.thumb
 981              		.syntax unified
 982              	.L69:
 983              	.LBE134:
 984              	.LBE133:
 374:Middlewares/Third_Party/FreeRTOS/Source/queue.c **** 
 985              		.loc 1 374 3 discriminator 3 view .LVU302
 374:Middlewares/Third_Party/FreeRTOS/Source/queue.c **** 
 986              		.loc 1 374 3 discriminator 3 view .LVU303
 987 0012 FEE7     		b	.L69
 988              	.L68:
 369:Middlewares/Third_Party/FreeRTOS/Source/queue.c **** 	Queue_t *pxNewQueue;
 989              		.loc 1 369 2 is_stmt 0 view .LVU304
 990 0014 F0B5     		push	{r4, r5, r6, r7, lr}
 991              	.LCFI11:
 992              		.cfi_def_cfa_offset 20
 993              		.cfi_offset 4, -20
 994              		.cfi_offset 5, -16
 995              		.cfi_offset 6, -12
 996              		.cfi_offset 7, -8
 997              		.cfi_offset 14, -4
 998 0016 83B0     		sub	sp, sp, #12
 999              	.LCFI12:
 1000              		.cfi_def_cfa_offset 32
 1001 0018 0D46     		mov	r5, r1
 1002 001a 1446     		mov	r4, r2
 1003 001c 0646     		mov	r6, r0
 374:Middlewares/Third_Party/FreeRTOS/Source/queue.c **** 
 1004              		.loc 1 374 52 is_stmt 1 discriminator 2 view .LVU305
 379:Middlewares/Third_Party/FreeRTOS/Source/queue.c **** 
 1005              		.loc 1 379 3 view .LVU306
 379:Middlewares/Third_Party/FreeRTOS/Source/queue.c **** 
 1006              		.loc 1 379 21 is_stmt 0 view .LVU307
 1007 001e 01FB00F0 		mul	r0, r1, r0
 1008              	.LVL77:
 390:Middlewares/Third_Party/FreeRTOS/Source/queue.c **** 
 1009              		.loc 1 390 3 is_stmt 1 view .LVU308
 390:Middlewares/Third_Party/FreeRTOS/Source/queue.c **** 
 1010              		.loc 1 390 30 is_stmt 0 view .LVU309
 1011 0022 5030     		adds	r0, r0, #80
 1012              	.LVL78:
 390:Middlewares/Third_Party/FreeRTOS/Source/queue.c **** 
 1013              		.loc 1 390 30 view .LVU310
 1014 0024 FFF7FEFF 		bl	pvPortMalloc
 1015              	.LVL79:
 392:Middlewares/Third_Party/FreeRTOS/Source/queue.c **** 		{
 1016              		.loc 1 392 3 is_stmt 1 view .LVU311
 392:Middlewares/Third_Party/FreeRTOS/Source/queue.c **** 		{
ARM GAS  C:\Users\Made\AppData\Local\Temp\cclTNyiU.s 			page 68


 1017              		.loc 1 392 5 is_stmt 0 view .LVU312
 1018 0028 0746     		mov	r7, r0
 1019 002a 50B1     		cbz	r0, .L67
 396:Middlewares/Third_Party/FreeRTOS/Source/queue.c **** 			pucQueueStorage += sizeof( Queue_t ); /*lint !e9016 Pointer arithmetic allowed on char types, es
 1020              		.loc 1 396 4 is_stmt 1 view .LVU313
 1021              	.LVL80:
 397:Middlewares/Third_Party/FreeRTOS/Source/queue.c **** 
 1022              		.loc 1 397 4 view .LVU314
 404:Middlewares/Third_Party/FreeRTOS/Source/queue.c **** 			}
 1023              		.loc 1 404 5 view .LVU315
 404:Middlewares/Third_Party/FreeRTOS/Source/queue.c **** 			}
 1024              		.loc 1 404 39 is_stmt 0 view .LVU316
 1025 002c 0023     		movs	r3, #0
 1026 002e 80F84630 		strb	r3, [r0, #70]
 408:Middlewares/Third_Party/FreeRTOS/Source/queue.c **** 		}
 1027              		.loc 1 408 4 is_stmt 1 view .LVU317
 1028 0032 0090     		str	r0, [sp]
 1029 0034 2346     		mov	r3, r4
 1030 0036 00F15002 		add	r2, r0, #80
 1031              	.LVL81:
 408:Middlewares/Third_Party/FreeRTOS/Source/queue.c **** 		}
 1032              		.loc 1 408 4 is_stmt 0 view .LVU318
 1033 003a 2946     		mov	r1, r5
 1034 003c 3046     		mov	r0, r6
 1035              	.LVL82:
 408:Middlewares/Third_Party/FreeRTOS/Source/queue.c **** 		}
 1036              		.loc 1 408 4 view .LVU319
 1037 003e FFF7FEFF 		bl	prvInitialiseNewQueue
 1038              	.LVL83:
 412:Middlewares/Third_Party/FreeRTOS/Source/queue.c **** 			mtCOVERAGE_TEST_MARKER();
 1039              		.loc 1 412 43 is_stmt 1 view .LVU320
 413:Middlewares/Third_Party/FreeRTOS/Source/queue.c **** 		}
 1040              		.loc 1 413 28 view .LVU321
 416:Middlewares/Third_Party/FreeRTOS/Source/queue.c **** 	}
 1041              		.loc 1 416 3 view .LVU322
 1042              	.L67:
 417:Middlewares/Third_Party/FreeRTOS/Source/queue.c **** 
 1043              		.loc 1 417 2 is_stmt 0 view .LVU323
 1044 0042 3846     		mov	r0, r7
 1045 0044 03B0     		add	sp, sp, #12
 1046              	.LCFI13:
 1047              		.cfi_def_cfa_offset 20
 1048              		@ sp needed
 1049 0046 F0BD     		pop	{r4, r5, r6, r7, pc}
 417:Middlewares/Third_Party/FreeRTOS/Source/queue.c **** 
 1050              		.loc 1 417 2 view .LVU324
 1051              		.cfi_endproc
 1052              	.LFE6:
 1054              		.section	.text.xQueueGetMutexHolder,"ax",%progbits
 1055              		.align	1
 1056              		.global	xQueueGetMutexHolder
 1057              		.syntax unified
 1058              		.thumb
 1059              		.thumb_func
 1061              	xQueueGetMutexHolder:
 1062              	.LVL84:
 1063              	.LFB11:
ARM GAS  C:\Users\Made\AppData\Local\Temp\cclTNyiU.s 			page 69


 533:Middlewares/Third_Party/FreeRTOS/Source/queue.c **** 	TaskHandle_t pxReturn;
 1064              		.loc 1 533 2 is_stmt 1 view -0
 1065              		.cfi_startproc
 1066              		@ args = 0, pretend = 0, frame = 0
 1067              		@ frame_needed = 0, uses_anonymous_args = 0
 533:Middlewares/Third_Party/FreeRTOS/Source/queue.c **** 	TaskHandle_t pxReturn;
 1068              		.loc 1 533 2 is_stmt 0 view .LVU326
 1069 0000 10B5     		push	{r4, lr}
 1070              	.LCFI14:
 1071              		.cfi_def_cfa_offset 8
 1072              		.cfi_offset 4, -8
 1073              		.cfi_offset 14, -4
 1074 0002 0446     		mov	r4, r0
 534:Middlewares/Third_Party/FreeRTOS/Source/queue.c **** 	Queue_t * const pxSemaphore = ( Queue_t * ) xSemaphore;
 1075              		.loc 1 534 2 is_stmt 1 view .LVU327
 535:Middlewares/Third_Party/FreeRTOS/Source/queue.c **** 
 1076              		.loc 1 535 2 view .LVU328
 1077              	.LVL85:
 542:Middlewares/Third_Party/FreeRTOS/Source/queue.c **** 		{
 1078              		.loc 1 542 3 view .LVU329
 1079 0004 FFF7FEFF 		bl	vPortEnterCritical
 1080              	.LVL86:
 544:Middlewares/Third_Party/FreeRTOS/Source/queue.c **** 			{
 1081              		.loc 1 544 4 view .LVU330
 544:Middlewares/Third_Party/FreeRTOS/Source/queue.c **** 			{
 1082              		.loc 1 544 19 is_stmt 0 view .LVU331
 1083 0008 2368     		ldr	r3, [r4]
 544:Middlewares/Third_Party/FreeRTOS/Source/queue.c **** 			{
 1084              		.loc 1 544 6 view .LVU332
 1085 000a 23B9     		cbnz	r3, .L75
 546:Middlewares/Third_Party/FreeRTOS/Source/queue.c **** 			}
 1086              		.loc 1 546 5 is_stmt 1 view .LVU333
 546:Middlewares/Third_Party/FreeRTOS/Source/queue.c **** 			}
 1087              		.loc 1 546 14 is_stmt 0 view .LVU334
 1088 000c A468     		ldr	r4, [r4, #8]
 1089              	.LVL87:
 1090              	.L74:
 553:Middlewares/Third_Party/FreeRTOS/Source/queue.c **** 
 1091              		.loc 1 553 3 is_stmt 1 view .LVU335
 1092 000e FFF7FEFF 		bl	vPortExitCritical
 1093              	.LVL88:
 555:Middlewares/Third_Party/FreeRTOS/Source/queue.c **** 	} /*lint !e818 xSemaphore cannot be a pointer to const because it is a typedef. */
 1094              		.loc 1 555 3 view .LVU336
 556:Middlewares/Third_Party/FreeRTOS/Source/queue.c **** 
 1095              		.loc 1 556 2 is_stmt 0 view .LVU337
 1096 0012 2046     		mov	r0, r4
 1097 0014 10BD     		pop	{r4, pc}
 1098              	.LVL89:
 1099              	.L75:
 550:Middlewares/Third_Party/FreeRTOS/Source/queue.c **** 			}
 1100              		.loc 1 550 14 view .LVU338
 1101 0016 0024     		movs	r4, #0
 1102              	.LVL90:
 550:Middlewares/Third_Party/FreeRTOS/Source/queue.c **** 			}
 1103              		.loc 1 550 14 view .LVU339
 1104 0018 F9E7     		b	.L74
 1105              		.cfi_endproc
ARM GAS  C:\Users\Made\AppData\Local\Temp\cclTNyiU.s 			page 70


 1106              	.LFE11:
 1108              		.section	.text.xQueueGetMutexHolderFromISR,"ax",%progbits
 1109              		.align	1
 1110              		.global	xQueueGetMutexHolderFromISR
 1111              		.syntax unified
 1112              		.thumb
 1113              		.thumb_func
 1115              	xQueueGetMutexHolderFromISR:
 1116              	.LVL91:
 1117              	.LFB12:
 564:Middlewares/Third_Party/FreeRTOS/Source/queue.c **** 	TaskHandle_t pxReturn;
 1118              		.loc 1 564 2 is_stmt 1 view -0
 1119              		.cfi_startproc
 1120              		@ args = 0, pretend = 0, frame = 0
 1121              		@ frame_needed = 0, uses_anonymous_args = 0
 1122              		@ link register save eliminated.
 565:Middlewares/Third_Party/FreeRTOS/Source/queue.c **** 
 1123              		.loc 1 565 2 view .LVU341
 567:Middlewares/Third_Party/FreeRTOS/Source/queue.c **** 
 1124              		.loc 1 567 3 view .LVU342
 1125 0000 18B1     		cbz	r0, .L82
 567:Middlewares/Third_Party/FreeRTOS/Source/queue.c **** 
 1126              		.loc 1 567 29 discriminator 2 view .LVU343
 572:Middlewares/Third_Party/FreeRTOS/Source/queue.c **** 		{
 1127              		.loc 1 572 3 view .LVU344
 572:Middlewares/Third_Party/FreeRTOS/Source/queue.c **** 		{
 1128              		.loc 1 572 35 is_stmt 0 view .LVU345
 1129 0002 0268     		ldr	r2, [r0]
 572:Middlewares/Third_Party/FreeRTOS/Source/queue.c **** 		{
 1130              		.loc 1 572 5 view .LVU346
 1131 0004 52B9     		cbnz	r2, .L81
 574:Middlewares/Third_Party/FreeRTOS/Source/queue.c **** 		}
 1132              		.loc 1 574 4 is_stmt 1 view .LVU347
 574:Middlewares/Third_Party/FreeRTOS/Source/queue.c **** 		}
 1133              		.loc 1 574 13 is_stmt 0 view .LVU348
 1134 0006 8068     		ldr	r0, [r0, #8]
 1135              	.LVL92:
 574:Middlewares/Third_Party/FreeRTOS/Source/queue.c **** 		}
 1136              		.loc 1 574 13 view .LVU349
 1137 0008 7047     		bx	lr
 1138              	.LVL93:
 1139              	.L82:
 567:Middlewares/Third_Party/FreeRTOS/Source/queue.c **** 
 1140              		.loc 1 567 3 is_stmt 1 discriminator 1 view .LVU350
 1141              	.LBB135:
 1142              	.LBI135:
 191:Middlewares/Third_Party/FreeRTOS/Source/portable/GCC/ARM_CM4F/portmacro.h **** {
 1143              		.loc 2 191 30 view .LVU351
 1144              	.LBB136:
 193:Middlewares/Third_Party/FreeRTOS/Source/portable/GCC/ARM_CM4F/portmacro.h **** 
 1145              		.loc 2 193 1 view .LVU352
 1146              		.loc 2 195 2 view .LVU353
 1147              		.syntax unified
 1148              	@ 195 "Middlewares/Third_Party/FreeRTOS/Source/portable/GCC/ARM_CM4F/portmacro.h" 1
 1149 000a 4FF05003 			mov r3, #80												
 1150 000e 83F31188 		msr basepri, r3											
 1151 0012 BFF36F8F 		isb														
ARM GAS  C:\Users\Made\AppData\Local\Temp\cclTNyiU.s 			page 71


 1152 0016 BFF34F8F 		dsb														
 1153              	
 1154              	@ 0 "" 2
 1155              		.thumb
 1156              		.syntax unified
 1157              	.L79:
 1158              	.LBE136:
 1159              	.LBE135:
 567:Middlewares/Third_Party/FreeRTOS/Source/queue.c **** 
 1160              		.loc 1 567 3 discriminator 3 view .LVU354
 567:Middlewares/Third_Party/FreeRTOS/Source/queue.c **** 
 1161              		.loc 1 567 3 discriminator 3 view .LVU355
 1162 001a FEE7     		b	.L79
 1163              	.L81:
 578:Middlewares/Third_Party/FreeRTOS/Source/queue.c **** 		}
 1164              		.loc 1 578 13 is_stmt 0 view .LVU356
 1165 001c 0020     		movs	r0, #0
 1166              	.LVL94:
 581:Middlewares/Third_Party/FreeRTOS/Source/queue.c **** 	} /*lint !e818 xSemaphore cannot be a pointer to const because it is a typedef. */
 1167              		.loc 1 581 3 is_stmt 1 view .LVU357
 582:Middlewares/Third_Party/FreeRTOS/Source/queue.c **** 
 1168              		.loc 1 582 2 is_stmt 0 view .LVU358
 1169 001e 7047     		bx	lr
 1170              		.cfi_endproc
 1171              	.LFE12:
 1173              		.section	.text.xQueueCreateCountingSemaphoreStatic,"ax",%progbits
 1174              		.align	1
 1175              		.global	xQueueCreateCountingSemaphoreStatic
 1176              		.syntax unified
 1177              		.thumb
 1178              		.thumb_func
 1180              	xQueueCreateCountingSemaphoreStatic:
 1181              	.LVL95:
 1182              	.LFB15:
 687:Middlewares/Third_Party/FreeRTOS/Source/queue.c **** 	QueueHandle_t xHandle;
 1183              		.loc 1 687 2 is_stmt 1 view -0
 1184              		.cfi_startproc
 1185              		@ args = 0, pretend = 0, frame = 0
 1186              		@ frame_needed = 0, uses_anonymous_args = 0
 688:Middlewares/Third_Party/FreeRTOS/Source/queue.c **** 
 1187              		.loc 1 688 2 view .LVU360
 690:Middlewares/Third_Party/FreeRTOS/Source/queue.c **** 		configASSERT( uxInitialCount <= uxMaxCount );
 1188              		.loc 1 690 3 view .LVU361
 1189 0000 40B9     		cbnz	r0, .L84
 690:Middlewares/Third_Party/FreeRTOS/Source/queue.c **** 		configASSERT( uxInitialCount <= uxMaxCount );
 1190              		.loc 1 690 3 discriminator 1 view .LVU362
 1191              	.LBB137:
 1192              	.LBI137:
 191:Middlewares/Third_Party/FreeRTOS/Source/portable/GCC/ARM_CM4F/portmacro.h **** {
 1193              		.loc 2 191 30 view .LVU363
 1194              	.LBB138:
 193:Middlewares/Third_Party/FreeRTOS/Source/portable/GCC/ARM_CM4F/portmacro.h **** 
 1195              		.loc 2 193 1 view .LVU364
 1196              		.loc 2 195 2 view .LVU365
 1197              		.syntax unified
 1198              	@ 195 "Middlewares/Third_Party/FreeRTOS/Source/portable/GCC/ARM_CM4F/portmacro.h" 1
 1199 0002 4FF05003 			mov r3, #80												
ARM GAS  C:\Users\Made\AppData\Local\Temp\cclTNyiU.s 			page 72


 1200 0006 83F31188 		msr basepri, r3											
 1201 000a BFF36F8F 		isb														
 1202 000e BFF34F8F 		dsb														
 1203              	
 1204              	@ 0 "" 2
 1205              		.thumb
 1206              		.syntax unified
 1207              	.L85:
 1208              	.LBE138:
 1209              	.LBE137:
 690:Middlewares/Third_Party/FreeRTOS/Source/queue.c **** 		configASSERT( uxInitialCount <= uxMaxCount );
 1210              		.loc 1 690 3 discriminator 3 view .LVU366
 690:Middlewares/Third_Party/FreeRTOS/Source/queue.c **** 		configASSERT( uxInitialCount <= uxMaxCount );
 1211              		.loc 1 690 3 discriminator 3 view .LVU367
 1212 0012 FEE7     		b	.L85
 1213              	.L84:
 687:Middlewares/Third_Party/FreeRTOS/Source/queue.c **** 	QueueHandle_t xHandle;
 1214              		.loc 1 687 2 is_stmt 0 view .LVU368
 1215 0014 10B5     		push	{r4, lr}
 1216              	.LCFI15:
 1217              		.cfi_def_cfa_offset 8
 1218              		.cfi_offset 4, -8
 1219              		.cfi_offset 14, -4
 1220 0016 82B0     		sub	sp, sp, #8
 1221              	.LCFI16:
 1222              		.cfi_def_cfa_offset 16
 1223 0018 0C46     		mov	r4, r1
 690:Middlewares/Third_Party/FreeRTOS/Source/queue.c **** 		configASSERT( uxInitialCount <= uxMaxCount );
 1224              		.loc 1 690 34 is_stmt 1 discriminator 2 view .LVU369
 691:Middlewares/Third_Party/FreeRTOS/Source/queue.c **** 
 1225              		.loc 1 691 3 view .LVU370
 1226 001a 8842     		cmp	r0, r1
 1227 001c 08D2     		bcs	.L86
 691:Middlewares/Third_Party/FreeRTOS/Source/queue.c **** 
 1228              		.loc 1 691 3 discriminator 1 view .LVU371
 1229              	.LBB139:
 1230              	.LBI139:
 191:Middlewares/Third_Party/FreeRTOS/Source/portable/GCC/ARM_CM4F/portmacro.h **** {
 1231              		.loc 2 191 30 view .LVU372
 1232              	.LBB140:
 193:Middlewares/Third_Party/FreeRTOS/Source/portable/GCC/ARM_CM4F/portmacro.h **** 
 1233              		.loc 2 193 1 view .LVU373
 1234              		.loc 2 195 2 view .LVU374
 1235              		.syntax unified
 1236              	@ 195 "Middlewares/Third_Party/FreeRTOS/Source/portable/GCC/ARM_CM4F/portmacro.h" 1
 1237 001e 4FF05003 			mov r3, #80												
 1238 0022 83F31188 		msr basepri, r3											
 1239 0026 BFF36F8F 		isb														
 1240 002a BFF34F8F 		dsb														
 1241              	
 1242              	@ 0 "" 2
 1243              		.thumb
 1244              		.syntax unified
 1245              	.L87:
 1246              	.LBE140:
 1247              	.LBE139:
 691:Middlewares/Third_Party/FreeRTOS/Source/queue.c **** 
ARM GAS  C:\Users\Made\AppData\Local\Temp\cclTNyiU.s 			page 73


 1248              		.loc 1 691 3 discriminator 3 view .LVU375
 691:Middlewares/Third_Party/FreeRTOS/Source/queue.c **** 
 1249              		.loc 1 691 3 discriminator 3 view .LVU376
 1250 002e FEE7     		b	.L87
 1251              	.L86:
 691:Middlewares/Third_Party/FreeRTOS/Source/queue.c **** 
 1252              		.loc 1 691 47 discriminator 2 view .LVU377
 693:Middlewares/Third_Party/FreeRTOS/Source/queue.c **** 
 1253              		.loc 1 693 3 view .LVU378
 693:Middlewares/Third_Party/FreeRTOS/Source/queue.c **** 
 1254              		.loc 1 693 13 is_stmt 0 view .LVU379
 1255 0030 0223     		movs	r3, #2
 1256 0032 0093     		str	r3, [sp]
 1257 0034 1346     		mov	r3, r2
 1258 0036 0022     		movs	r2, #0
 1259              	.LVL96:
 693:Middlewares/Third_Party/FreeRTOS/Source/queue.c **** 
 1260              		.loc 1 693 13 view .LVU380
 1261 0038 1146     		mov	r1, r2
 1262              	.LVL97:
 693:Middlewares/Third_Party/FreeRTOS/Source/queue.c **** 
 1263              		.loc 1 693 13 view .LVU381
 1264 003a FFF7FEFF 		bl	xQueueGenericCreateStatic
 1265              	.LVL98:
 695:Middlewares/Third_Party/FreeRTOS/Source/queue.c **** 		{
 1266              		.loc 1 695 3 is_stmt 1 view .LVU382
 695:Middlewares/Third_Party/FreeRTOS/Source/queue.c **** 		{
 1267              		.loc 1 695 5 is_stmt 0 view .LVU383
 1268 003e 00B1     		cbz	r0, .L83
 697:Middlewares/Third_Party/FreeRTOS/Source/queue.c **** 
 1269              		.loc 1 697 4 is_stmt 1 view .LVU384
 697:Middlewares/Third_Party/FreeRTOS/Source/queue.c **** 
 1270              		.loc 1 697 49 is_stmt 0 view .LVU385
 1271 0040 8463     		str	r4, [r0, #56]
 699:Middlewares/Third_Party/FreeRTOS/Source/queue.c **** 		}
 1272              		.loc 1 699 36 is_stmt 1 view .LVU386
 703:Middlewares/Third_Party/FreeRTOS/Source/queue.c **** 		}
 1273              		.loc 1 703 43 view .LVU387
 706:Middlewares/Third_Party/FreeRTOS/Source/queue.c **** 	}
 1274              		.loc 1 706 3 view .LVU388
 1275              	.L83:
 707:Middlewares/Third_Party/FreeRTOS/Source/queue.c **** 
 1276              		.loc 1 707 2 is_stmt 0 view .LVU389
 1277 0042 02B0     		add	sp, sp, #8
 1278              	.LCFI17:
 1279              		.cfi_def_cfa_offset 8
 1280              		@ sp needed
 1281 0044 10BD     		pop	{r4, pc}
 707:Middlewares/Third_Party/FreeRTOS/Source/queue.c **** 
 1282              		.loc 1 707 2 view .LVU390
 1283              		.cfi_endproc
 1284              	.LFE15:
 1286              		.section	.text.xQueueCreateCountingSemaphore,"ax",%progbits
 1287              		.align	1
 1288              		.global	xQueueCreateCountingSemaphore
 1289              		.syntax unified
 1290              		.thumb
ARM GAS  C:\Users\Made\AppData\Local\Temp\cclTNyiU.s 			page 74


 1291              		.thumb_func
 1293              	xQueueCreateCountingSemaphore:
 1294              	.LVL99:
 1295              	.LFB16:
 715:Middlewares/Third_Party/FreeRTOS/Source/queue.c **** 	QueueHandle_t xHandle;
 1296              		.loc 1 715 2 is_stmt 1 view -0
 1297              		.cfi_startproc
 1298              		@ args = 0, pretend = 0, frame = 0
 1299              		@ frame_needed = 0, uses_anonymous_args = 0
 716:Middlewares/Third_Party/FreeRTOS/Source/queue.c **** 
 1300              		.loc 1 716 2 view .LVU392
 718:Middlewares/Third_Party/FreeRTOS/Source/queue.c **** 		configASSERT( uxInitialCount <= uxMaxCount );
 1301              		.loc 1 718 3 view .LVU393
 1302 0000 40B9     		cbnz	r0, .L92
 718:Middlewares/Third_Party/FreeRTOS/Source/queue.c **** 		configASSERT( uxInitialCount <= uxMaxCount );
 1303              		.loc 1 718 3 discriminator 1 view .LVU394
 1304              	.LBB141:
 1305              	.LBI141:
 191:Middlewares/Third_Party/FreeRTOS/Source/portable/GCC/ARM_CM4F/portmacro.h **** {
 1306              		.loc 2 191 30 view .LVU395
 1307              	.LBB142:
 193:Middlewares/Third_Party/FreeRTOS/Source/portable/GCC/ARM_CM4F/portmacro.h **** 
 1308              		.loc 2 193 1 view .LVU396
 1309              		.loc 2 195 2 view .LVU397
 1310              		.syntax unified
 1311              	@ 195 "Middlewares/Third_Party/FreeRTOS/Source/portable/GCC/ARM_CM4F/portmacro.h" 1
 1312 0002 4FF05003 			mov r3, #80												
 1313 0006 83F31188 		msr basepri, r3											
 1314 000a BFF36F8F 		isb														
 1315 000e BFF34F8F 		dsb														
 1316              	
 1317              	@ 0 "" 2
 1318              		.thumb
 1319              		.syntax unified
 1320              	.L93:
 1321              	.LBE142:
 1322              	.LBE141:
 718:Middlewares/Third_Party/FreeRTOS/Source/queue.c **** 		configASSERT( uxInitialCount <= uxMaxCount );
 1323              		.loc 1 718 3 discriminator 3 view .LVU398
 718:Middlewares/Third_Party/FreeRTOS/Source/queue.c **** 		configASSERT( uxInitialCount <= uxMaxCount );
 1324              		.loc 1 718 3 discriminator 3 view .LVU399
 1325 0012 FEE7     		b	.L93
 1326              	.L92:
 715:Middlewares/Third_Party/FreeRTOS/Source/queue.c **** 	QueueHandle_t xHandle;
 1327              		.loc 1 715 2 is_stmt 0 view .LVU400
 1328 0014 10B5     		push	{r4, lr}
 1329              	.LCFI18:
 1330              		.cfi_def_cfa_offset 8
 1331              		.cfi_offset 4, -8
 1332              		.cfi_offset 14, -4
 1333 0016 0C46     		mov	r4, r1
 718:Middlewares/Third_Party/FreeRTOS/Source/queue.c **** 		configASSERT( uxInitialCount <= uxMaxCount );
 1334              		.loc 1 718 34 is_stmt 1 discriminator 2 view .LVU401
 719:Middlewares/Third_Party/FreeRTOS/Source/queue.c **** 
 1335              		.loc 1 719 3 view .LVU402
 1336 0018 8842     		cmp	r0, r1
 1337 001a 08D2     		bcs	.L94
ARM GAS  C:\Users\Made\AppData\Local\Temp\cclTNyiU.s 			page 75


 719:Middlewares/Third_Party/FreeRTOS/Source/queue.c **** 
 1338              		.loc 1 719 3 discriminator 1 view .LVU403
 1339              	.LBB143:
 1340              	.LBI143:
 191:Middlewares/Third_Party/FreeRTOS/Source/portable/GCC/ARM_CM4F/portmacro.h **** {
 1341              		.loc 2 191 30 view .LVU404
 1342              	.LBB144:
 193:Middlewares/Third_Party/FreeRTOS/Source/portable/GCC/ARM_CM4F/portmacro.h **** 
 1343              		.loc 2 193 1 view .LVU405
 1344              		.loc 2 195 2 view .LVU406
 1345              		.syntax unified
 1346              	@ 195 "Middlewares/Third_Party/FreeRTOS/Source/portable/GCC/ARM_CM4F/portmacro.h" 1
 1347 001c 4FF05003 			mov r3, #80												
 1348 0020 83F31188 		msr basepri, r3											
 1349 0024 BFF36F8F 		isb														
 1350 0028 BFF34F8F 		dsb														
 1351              	
 1352              	@ 0 "" 2
 1353              		.thumb
 1354              		.syntax unified
 1355              	.L95:
 1356              	.LBE144:
 1357              	.LBE143:
 719:Middlewares/Third_Party/FreeRTOS/Source/queue.c **** 
 1358              		.loc 1 719 3 discriminator 3 view .LVU407
 719:Middlewares/Third_Party/FreeRTOS/Source/queue.c **** 
 1359              		.loc 1 719 3 discriminator 3 view .LVU408
 1360 002c FEE7     		b	.L95
 1361              	.L94:
 719:Middlewares/Third_Party/FreeRTOS/Source/queue.c **** 
 1362              		.loc 1 719 47 discriminator 2 view .LVU409
 721:Middlewares/Third_Party/FreeRTOS/Source/queue.c **** 
 1363              		.loc 1 721 3 view .LVU410
 721:Middlewares/Third_Party/FreeRTOS/Source/queue.c **** 
 1364              		.loc 1 721 13 is_stmt 0 view .LVU411
 1365 002e 0222     		movs	r2, #2
 1366 0030 0021     		movs	r1, #0
 1367              	.LVL100:
 721:Middlewares/Third_Party/FreeRTOS/Source/queue.c **** 
 1368              		.loc 1 721 13 view .LVU412
 1369 0032 FFF7FEFF 		bl	xQueueGenericCreate
 1370              	.LVL101:
 723:Middlewares/Third_Party/FreeRTOS/Source/queue.c **** 		{
 1371              		.loc 1 723 3 is_stmt 1 view .LVU413
 723:Middlewares/Third_Party/FreeRTOS/Source/queue.c **** 		{
 1372              		.loc 1 723 5 is_stmt 0 view .LVU414
 1373 0036 00B1     		cbz	r0, .L91
 725:Middlewares/Third_Party/FreeRTOS/Source/queue.c **** 
 1374              		.loc 1 725 4 is_stmt 1 view .LVU415
 725:Middlewares/Third_Party/FreeRTOS/Source/queue.c **** 
 1375              		.loc 1 725 49 is_stmt 0 view .LVU416
 1376 0038 8463     		str	r4, [r0, #56]
 727:Middlewares/Third_Party/FreeRTOS/Source/queue.c **** 		}
 1377              		.loc 1 727 36 is_stmt 1 view .LVU417
 731:Middlewares/Third_Party/FreeRTOS/Source/queue.c **** 		}
 1378              		.loc 1 731 43 view .LVU418
 734:Middlewares/Third_Party/FreeRTOS/Source/queue.c **** 	}
ARM GAS  C:\Users\Made\AppData\Local\Temp\cclTNyiU.s 			page 76


 1379              		.loc 1 734 3 view .LVU419
 1380              	.L91:
 735:Middlewares/Third_Party/FreeRTOS/Source/queue.c **** 
 1381              		.loc 1 735 2 is_stmt 0 view .LVU420
 1382 003a 10BD     		pop	{r4, pc}
 735:Middlewares/Third_Party/FreeRTOS/Source/queue.c **** 
 1383              		.loc 1 735 2 view .LVU421
 1384              		.cfi_endproc
 1385              	.LFE16:
 1387              		.section	.text.xQueueGenericSend,"ax",%progbits
 1388              		.align	1
 1389              		.global	xQueueGenericSend
 1390              		.syntax unified
 1391              		.thumb
 1392              		.thumb_func
 1394              	xQueueGenericSend:
 1395              	.LVL102:
 1396              	.LFB17:
 741:Middlewares/Third_Party/FreeRTOS/Source/queue.c **** BaseType_t xEntryTimeSet = pdFALSE, xYieldRequired;
 1397              		.loc 1 741 1 is_stmt 1 view -0
 1398              		.cfi_startproc
 1399              		@ args = 0, pretend = 0, frame = 16
 1400              		@ frame_needed = 0, uses_anonymous_args = 0
 741:Middlewares/Third_Party/FreeRTOS/Source/queue.c **** BaseType_t xEntryTimeSet = pdFALSE, xYieldRequired;
 1401              		.loc 1 741 1 is_stmt 0 view .LVU423
 1402 0000 F0B5     		push	{r4, r5, r6, r7, lr}
 1403              	.LCFI19:
 1404              		.cfi_def_cfa_offset 20
 1405              		.cfi_offset 4, -20
 1406              		.cfi_offset 5, -16
 1407              		.cfi_offset 6, -12
 1408              		.cfi_offset 7, -8
 1409              		.cfi_offset 14, -4
 1410 0002 85B0     		sub	sp, sp, #20
 1411              	.LCFI20:
 1412              		.cfi_def_cfa_offset 40
 1413 0004 0192     		str	r2, [sp, #4]
 742:Middlewares/Third_Party/FreeRTOS/Source/queue.c **** TimeOut_t xTimeOut;
 1414              		.loc 1 742 1 is_stmt 1 view .LVU424
 1415              	.LVL103:
 743:Middlewares/Third_Party/FreeRTOS/Source/queue.c **** Queue_t * const pxQueue = xQueue;
 1416              		.loc 1 743 1 view .LVU425
 744:Middlewares/Third_Party/FreeRTOS/Source/queue.c **** 
 1417              		.loc 1 744 1 view .LVU426
 746:Middlewares/Third_Party/FreeRTOS/Source/queue.c **** 	configASSERT( !( ( pvItemToQueue == NULL ) && ( pxQueue->uxItemSize != ( UBaseType_t ) 0U ) ) );
 1418              		.loc 1 746 2 view .LVU427
 1419 0006 88B1     		cbz	r0, .L123
 1420 0008 0F46     		mov	r7, r1
 1421 000a 1D46     		mov	r5, r3
 1422 000c 0446     		mov	r4, r0
 746:Middlewares/Third_Party/FreeRTOS/Source/queue.c **** 	configASSERT( !( ( pvItemToQueue == NULL ) && ( pxQueue->uxItemSize != ( UBaseType_t ) 0U ) ) );
 1423              		.loc 1 746 25 discriminator 2 view .LVU428
 747:Middlewares/Third_Party/FreeRTOS/Source/queue.c **** 	configASSERT( !( ( xCopyPosition == queueOVERWRITE ) && ( pxQueue->uxLength != 1 ) ) );
 1424              		.loc 1 747 2 view .LVU429
 1425 000e B1B1     		cbz	r1, .L124
 1426              	.LVL104:
 1427              	.L102:
ARM GAS  C:\Users\Made\AppData\Local\Temp\cclTNyiU.s 			page 77


 747:Middlewares/Third_Party/FreeRTOS/Source/queue.c **** 	configASSERT( !( ( xCopyPosition == queueOVERWRITE ) && ( pxQueue->uxLength != 1 ) ) );
 1428              		.loc 1 747 97 discriminator 8 view .LVU430
 748:Middlewares/Third_Party/FreeRTOS/Source/queue.c **** 	#if ( ( INCLUDE_xTaskGetSchedulerState == 1 ) || ( configUSE_TIMERS == 1 ) )
 1429              		.loc 1 748 2 view .LVU431
 1430 0010 022D     		cmp	r5, #2
 1431 0012 20D1     		bne	.L104
 748:Middlewares/Third_Party/FreeRTOS/Source/queue.c **** 	#if ( ( INCLUDE_xTaskGetSchedulerState == 1 ) || ( configUSE_TIMERS == 1 ) )
 1432              		.loc 1 748 2 is_stmt 0 discriminator 2 view .LVU432
 1433 0014 E36B     		ldr	r3, [r4, #60]
 1434 0016 012B     		cmp	r3, #1
 1435 0018 1DD0     		beq	.L104
 748:Middlewares/Third_Party/FreeRTOS/Source/queue.c **** 	#if ( ( INCLUDE_xTaskGetSchedulerState == 1 ) || ( configUSE_TIMERS == 1 ) )
 1436              		.loc 1 748 2 is_stmt 1 discriminator 7 view .LVU433
 1437              	.LBB145:
 1438              	.LBI145:
 191:Middlewares/Third_Party/FreeRTOS/Source/portable/GCC/ARM_CM4F/portmacro.h **** {
 1439              		.loc 2 191 30 view .LVU434
 1440              	.LBB146:
 193:Middlewares/Third_Party/FreeRTOS/Source/portable/GCC/ARM_CM4F/portmacro.h **** 
 1441              		.loc 2 193 1 view .LVU435
 1442              		.loc 2 195 2 view .LVU436
 1443              		.syntax unified
 1444              	@ 195 "Middlewares/Third_Party/FreeRTOS/Source/portable/GCC/ARM_CM4F/portmacro.h" 1
 1445 001a 4FF05003 			mov r3, #80												
 1446 001e 83F31188 		msr basepri, r3											
 1447 0022 BFF36F8F 		isb														
 1448 0026 BFF34F8F 		dsb														
 1449              	
 1450              	@ 0 "" 2
 1451              		.thumb
 1452              		.syntax unified
 1453              	.L105:
 1454              	.LBE146:
 1455              	.LBE145:
 748:Middlewares/Third_Party/FreeRTOS/Source/queue.c **** 	#if ( ( INCLUDE_xTaskGetSchedulerState == 1 ) || ( configUSE_TIMERS == 1 ) )
 1456              		.loc 1 748 2 discriminator 9 view .LVU437
 748:Middlewares/Third_Party/FreeRTOS/Source/queue.c **** 	#if ( ( INCLUDE_xTaskGetSchedulerState == 1 ) || ( configUSE_TIMERS == 1 ) )
 1457              		.loc 1 748 2 discriminator 9 view .LVU438
 1458 002a FEE7     		b	.L105
 1459              	.LVL105:
 1460              	.L123:
 746:Middlewares/Third_Party/FreeRTOS/Source/queue.c **** 	configASSERT( !( ( pvItemToQueue == NULL ) && ( pxQueue->uxItemSize != ( UBaseType_t ) 0U ) ) );
 1461              		.loc 1 746 2 discriminator 1 view .LVU439
 1462              	.LBB147:
 1463              	.LBI147:
 191:Middlewares/Third_Party/FreeRTOS/Source/portable/GCC/ARM_CM4F/portmacro.h **** {
 1464              		.loc 2 191 30 view .LVU440
 1465              	.LBB148:
 193:Middlewares/Third_Party/FreeRTOS/Source/portable/GCC/ARM_CM4F/portmacro.h **** 
 1466              		.loc 2 193 1 view .LVU441
 1467              		.loc 2 195 2 view .LVU442
 1468              		.syntax unified
 1469              	@ 195 "Middlewares/Third_Party/FreeRTOS/Source/portable/GCC/ARM_CM4F/portmacro.h" 1
 1470 002c 4FF05003 			mov r3, #80												
 1471 0030 83F31188 		msr basepri, r3											
 1472 0034 BFF36F8F 		isb														
 1473 0038 BFF34F8F 		dsb														
ARM GAS  C:\Users\Made\AppData\Local\Temp\cclTNyiU.s 			page 78


 1474              	
 1475              	@ 0 "" 2
 1476              	.LVL106:
 1477              		.thumb
 1478              		.syntax unified
 1479              	.L101:
 1480              		.loc 2 195 2 is_stmt 0 view .LVU443
 1481              	.LBE148:
 1482              	.LBE147:
 746:Middlewares/Third_Party/FreeRTOS/Source/queue.c **** 	configASSERT( !( ( pvItemToQueue == NULL ) && ( pxQueue->uxItemSize != ( UBaseType_t ) 0U ) ) );
 1483              		.loc 1 746 2 is_stmt 1 discriminator 3 view .LVU444
 746:Middlewares/Third_Party/FreeRTOS/Source/queue.c **** 	configASSERT( !( ( pvItemToQueue == NULL ) && ( pxQueue->uxItemSize != ( UBaseType_t ) 0U ) ) );
 1484              		.loc 1 746 2 discriminator 3 view .LVU445
 1485 003c FEE7     		b	.L101
 1486              	.LVL107:
 1487              	.L124:
 747:Middlewares/Third_Party/FreeRTOS/Source/queue.c **** 	configASSERT( !( ( xCopyPosition == queueOVERWRITE ) && ( pxQueue->uxLength != 1 ) ) );
 1488              		.loc 1 747 2 is_stmt 0 discriminator 2 view .LVU446
 1489 003e 036C     		ldr	r3, [r0, #64]
 1490              	.LVL108:
 747:Middlewares/Third_Party/FreeRTOS/Source/queue.c **** 	configASSERT( !( ( xCopyPosition == queueOVERWRITE ) && ( pxQueue->uxLength != 1 ) ) );
 1491              		.loc 1 747 2 discriminator 2 view .LVU447
 1492 0040 002B     		cmp	r3, #0
 1493 0042 E5D0     		beq	.L102
 747:Middlewares/Third_Party/FreeRTOS/Source/queue.c **** 	configASSERT( !( ( xCopyPosition == queueOVERWRITE ) && ( pxQueue->uxLength != 1 ) ) );
 1494              		.loc 1 747 2 is_stmt 1 discriminator 7 view .LVU448
 1495              	.LBB149:
 1496              	.LBI149:
 191:Middlewares/Third_Party/FreeRTOS/Source/portable/GCC/ARM_CM4F/portmacro.h **** {
 1497              		.loc 2 191 30 view .LVU449
 1498              	.LBB150:
 193:Middlewares/Third_Party/FreeRTOS/Source/portable/GCC/ARM_CM4F/portmacro.h **** 
 1499              		.loc 2 193 1 view .LVU450
 1500              		.loc 2 195 2 view .LVU451
 1501              		.syntax unified
 1502              	@ 195 "Middlewares/Third_Party/FreeRTOS/Source/portable/GCC/ARM_CM4F/portmacro.h" 1
 1503 0044 4FF05003 			mov r3, #80												
 1504 0048 83F31188 		msr basepri, r3											
 1505 004c BFF36F8F 		isb														
 1506 0050 BFF34F8F 		dsb														
 1507              	
 1508              	@ 0 "" 2
 1509              		.thumb
 1510              		.syntax unified
 1511              	.L103:
 1512              	.LBE150:
 1513              	.LBE149:
 747:Middlewares/Third_Party/FreeRTOS/Source/queue.c **** 	configASSERT( !( ( xCopyPosition == queueOVERWRITE ) && ( pxQueue->uxLength != 1 ) ) );
 1514              		.loc 1 747 2 discriminator 9 view .LVU452
 747:Middlewares/Third_Party/FreeRTOS/Source/queue.c **** 	configASSERT( !( ( xCopyPosition == queueOVERWRITE ) && ( pxQueue->uxLength != 1 ) ) );
 1515              		.loc 1 747 2 discriminator 9 view .LVU453
 1516 0054 FEE7     		b	.L103
 1517              	.L104:
 748:Middlewares/Third_Party/FreeRTOS/Source/queue.c **** 	#if ( ( INCLUDE_xTaskGetSchedulerState == 1 ) || ( configUSE_TIMERS == 1 ) )
 1518              		.loc 1 748 88 discriminator 8 view .LVU454
 751:Middlewares/Third_Party/FreeRTOS/Source/queue.c **** 	}
 1519              		.loc 1 751 3 view .LVU455
ARM GAS  C:\Users\Made\AppData\Local\Temp\cclTNyiU.s 			page 79


 1520 0056 FFF7FEFF 		bl	xTaskGetSchedulerState
 1521              	.LVL109:
 751:Middlewares/Third_Party/FreeRTOS/Source/queue.c **** 	}
 1522              		.loc 1 751 3 is_stmt 0 discriminator 1 view .LVU456
 1523 005a 0646     		mov	r6, r0
 1524 005c 58B9     		cbnz	r0, .L121
 751:Middlewares/Third_Party/FreeRTOS/Source/queue.c **** 	}
 1525              		.loc 1 751 3 discriminator 2 view .LVU457
 1526 005e 019B     		ldr	r3, [sp, #4]
 1527 0060 002B     		cmp	r3, #0
 1528 0062 48D0     		beq	.L108
 751:Middlewares/Third_Party/FreeRTOS/Source/queue.c **** 	}
 1529              		.loc 1 751 3 is_stmt 1 discriminator 7 view .LVU458
 1530              	.LBB151:
 1531              	.LBI151:
 191:Middlewares/Third_Party/FreeRTOS/Source/portable/GCC/ARM_CM4F/portmacro.h **** {
 1532              		.loc 2 191 30 view .LVU459
 1533              	.LBB152:
 193:Middlewares/Third_Party/FreeRTOS/Source/portable/GCC/ARM_CM4F/portmacro.h **** 
 1534              		.loc 2 193 1 view .LVU460
 1535              		.loc 2 195 2 view .LVU461
 1536              		.syntax unified
 1537              	@ 195 "Middlewares/Third_Party/FreeRTOS/Source/portable/GCC/ARM_CM4F/portmacro.h" 1
 1538 0064 4FF05003 			mov r3, #80												
 1539 0068 83F31188 		msr basepri, r3											
 1540 006c BFF36F8F 		isb														
 1541 0070 BFF34F8F 		dsb														
 1542              	
 1543              	@ 0 "" 2
 1544              		.thumb
 1545              		.syntax unified
 1546              	.L107:
 1547              	.LBE152:
 1548              	.LBE151:
 751:Middlewares/Third_Party/FreeRTOS/Source/queue.c **** 	}
 1549              		.loc 1 751 3 discriminator 9 view .LVU462
 751:Middlewares/Third_Party/FreeRTOS/Source/queue.c **** 	}
 1550              		.loc 1 751 3 discriminator 9 view .LVU463
 1551 0074 FEE7     		b	.L107
 1552              	.L121:
 1553 0076 0026     		movs	r6, #0
 1554 0078 3DE0     		b	.L108
 1555              	.LVL110:
 1556              	.L109:
 769:Middlewares/Third_Party/FreeRTOS/Source/queue.c **** 
 1557              		.loc 1 769 31 view .LVU464
 833:Middlewares/Third_Party/FreeRTOS/Source/queue.c **** 
 1558              		.loc 1 833 6 view .LVU465
 833:Middlewares/Third_Party/FreeRTOS/Source/queue.c **** 
 1559              		.loc 1 833 23 is_stmt 0 view .LVU466
 1560 007a 2A46     		mov	r2, r5
 1561 007c 3946     		mov	r1, r7
 1562 007e 2046     		mov	r0, r4
 1563 0080 FFF7FEFF 		bl	prvCopyDataToQueue
 1564              	.LVL111:
 837:Middlewares/Third_Party/FreeRTOS/Source/queue.c **** 					{
 1565              		.loc 1 837 6 is_stmt 1 view .LVU467
ARM GAS  C:\Users\Made\AppData\Local\Temp\cclTNyiU.s 			page 80


 837:Middlewares/Third_Party/FreeRTOS/Source/queue.c **** 					{
 1566              		.loc 1 837 10 is_stmt 0 view .LVU468
 1567 0084 636A     		ldr	r3, [r4, #36]
 837:Middlewares/Third_Party/FreeRTOS/Source/queue.c **** 					{
 1568              		.loc 1 837 8 view .LVU469
 1569 0086 7BB9     		cbnz	r3, .L125
 852:Middlewares/Third_Party/FreeRTOS/Source/queue.c **** 					{
 1570              		.loc 1 852 11 is_stmt 1 view .LVU470
 852:Middlewares/Third_Party/FreeRTOS/Source/queue.c **** 					{
 1571              		.loc 1 852 13 is_stmt 0 view .LVU471
 1572 0088 48B1     		cbz	r0, .L112
 858:Middlewares/Third_Party/FreeRTOS/Source/queue.c **** 					}
 1573              		.loc 1 858 7 is_stmt 1 view .LVU472
 1574 008a 4FF0E023 		mov	r3, #-536813568
 1575 008e 4FF08052 		mov	r2, #268435456
 1576 0092 C3F8042D 		str	r2, [r3, #3332]
 858:Middlewares/Third_Party/FreeRTOS/Source/queue.c **** 					}
 1577              		.loc 1 858 7 view .LVU473
 1578              		.syntax unified
 1579              	@ 858 "Middlewares/Third_Party/FreeRTOS/Source/queue.c" 1
 1580 0096 BFF34F8F 		dsb
 1581              	@ 0 "" 2
 858:Middlewares/Third_Party/FreeRTOS/Source/queue.c **** 					}
 1582              		.loc 1 858 7 view .LVU474
 1583              	@ 858 "Middlewares/Third_Party/FreeRTOS/Source/queue.c" 1
 1584 009a BFF36F8F 		isb
 1585              	@ 0 "" 2
 858:Middlewares/Third_Party/FreeRTOS/Source/queue.c **** 					}
 1586              		.loc 1 858 39 view .LVU475
 1587              	.LVL112:
 1588              		.thumb
 1589              		.syntax unified
 1590              	.L112:
 862:Middlewares/Third_Party/FreeRTOS/Source/queue.c **** 					}
 1591              		.loc 1 862 31 view .LVU476
 867:Middlewares/Third_Party/FreeRTOS/Source/queue.c **** 				return pdPASS;
 1592              		.loc 1 867 5 view .LVU477
 1593 009e FFF7FEFF 		bl	vPortExitCritical
 1594              	.LVL113:
 868:Middlewares/Third_Party/FreeRTOS/Source/queue.c **** 			}
 1595              		.loc 1 868 5 view .LVU478
 868:Middlewares/Third_Party/FreeRTOS/Source/queue.c **** 			}
 1596              		.loc 1 868 12 is_stmt 0 view .LVU479
 1597 00a2 0120     		movs	r0, #1
 1598              	.LVL114:
 1599              	.L99:
 947:Middlewares/Third_Party/FreeRTOS/Source/queue.c **** /*-----------------------------------------------------------*/
 1600              		.loc 1 947 1 view .LVU480
 1601 00a4 05B0     		add	sp, sp, #20
 1602              	.LCFI21:
 1603              		.cfi_remember_state
 1604              		.cfi_def_cfa_offset 20
 1605              		@ sp needed
 1606 00a6 F0BD     		pop	{r4, r5, r6, r7, pc}
 1607              	.LVL115:
 1608              	.L125:
 1609              	.LCFI22:
ARM GAS  C:\Users\Made\AppData\Local\Temp\cclTNyiU.s 			page 81


 1610              		.cfi_restore_state
 839:Middlewares/Third_Party/FreeRTOS/Source/queue.c **** 						{
 1611              		.loc 1 839 7 is_stmt 1 view .LVU481
 839:Middlewares/Third_Party/FreeRTOS/Source/queue.c **** 						{
 1612              		.loc 1 839 11 is_stmt 0 view .LVU482
 1613 00a8 04F12400 		add	r0, r4, #36
 1614              	.LVL116:
 839:Middlewares/Third_Party/FreeRTOS/Source/queue.c **** 						{
 1615              		.loc 1 839 11 view .LVU483
 1616 00ac FFF7FEFF 		bl	xTaskRemoveFromEventList
 1617              	.LVL117:
 839:Middlewares/Third_Party/FreeRTOS/Source/queue.c **** 						{
 1618              		.loc 1 839 9 discriminator 1 view .LVU484
 1619 00b0 0028     		cmp	r0, #0
 1620 00b2 F4D0     		beq	.L112
 845:Middlewares/Third_Party/FreeRTOS/Source/queue.c **** 						}
 1621              		.loc 1 845 8 is_stmt 1 view .LVU485
 1622 00b4 4FF0E023 		mov	r3, #-536813568
 1623 00b8 4FF08052 		mov	r2, #268435456
 1624 00bc C3F8042D 		str	r2, [r3, #3332]
 845:Middlewares/Third_Party/FreeRTOS/Source/queue.c **** 						}
 1625              		.loc 1 845 8 view .LVU486
 1626              		.syntax unified
 1627              	@ 845 "Middlewares/Third_Party/FreeRTOS/Source/queue.c" 1
 1628 00c0 BFF34F8F 		dsb
 1629              	@ 0 "" 2
 845:Middlewares/Third_Party/FreeRTOS/Source/queue.c **** 						}
 1630              		.loc 1 845 8 view .LVU487
 1631              	@ 845 "Middlewares/Third_Party/FreeRTOS/Source/queue.c" 1
 1632 00c4 BFF36F8F 		isb
 1633              	@ 0 "" 2
 845:Middlewares/Third_Party/FreeRTOS/Source/queue.c **** 						}
 1634              		.loc 1 845 40 view .LVU488
 1635              		.thumb
 1636              		.syntax unified
 1637 00c8 E9E7     		b	.L112
 1638              	.LVL118:
 1639              	.L126:
 876:Middlewares/Third_Party/FreeRTOS/Source/queue.c **** 
 1640              		.loc 1 876 6 view .LVU489
 1641 00ca FFF7FEFF 		bl	vPortExitCritical
 1642              	.LVL119:
 880:Middlewares/Third_Party/FreeRTOS/Source/queue.c **** 					return errQUEUE_FULL;
 1643              		.loc 1 880 39 view .LVU490
 881:Middlewares/Third_Party/FreeRTOS/Source/queue.c **** 				}
 1644              		.loc 1 881 6 view .LVU491
 881:Middlewares/Third_Party/FreeRTOS/Source/queue.c **** 				}
 1645              		.loc 1 881 13 is_stmt 0 view .LVU492
 1646 00ce 0020     		movs	r0, #0
 1647 00d0 E8E7     		b	.L99
 1648              	.L127:
 887:Middlewares/Third_Party/FreeRTOS/Source/queue.c **** 					xEntryTimeSet = pdTRUE;
 1649              		.loc 1 887 6 is_stmt 1 view .LVU493
 1650 00d2 02A8     		add	r0, sp, #8
 1651 00d4 FFF7FEFF 		bl	vTaskInternalSetTimeOutState
 1652              	.LVL120:
 888:Middlewares/Third_Party/FreeRTOS/Source/queue.c **** 				}
ARM GAS  C:\Users\Made\AppData\Local\Temp\cclTNyiU.s 			page 82


 1653              		.loc 1 888 6 view .LVU494
 888:Middlewares/Third_Party/FreeRTOS/Source/queue.c **** 				}
 1654              		.loc 1 888 20 is_stmt 0 view .LVU495
 1655 00d8 0126     		movs	r6, #1
 1656 00da 19E0     		b	.L115
 1657              	.LVL121:
 1658              	.L128:
 903:Middlewares/Third_Party/FreeRTOS/Source/queue.c **** 
 1659              		.loc 1 903 3 is_stmt 1 discriminator 1 view .LVU496
 1660 00dc 0023     		movs	r3, #0
 1661 00de 84F84430 		strb	r3, [r4, #68]
 1662 00e2 21E0     		b	.L116
 1663              	.L129:
 903:Middlewares/Third_Party/FreeRTOS/Source/queue.c **** 
 1664              		.loc 1 903 3 discriminator 4 view .LVU497
 1665 00e4 0023     		movs	r3, #0
 1666 00e6 84F84530 		strb	r3, [r4, #69]
 1667 00ea 23E0     		b	.L117
 1668              	.L119:
 933:Middlewares/Third_Party/FreeRTOS/Source/queue.c **** 				( void ) xTaskResumeAll();
 1669              		.loc 1 933 5 view .LVU498
 1670 00ec 2046     		mov	r0, r4
 1671 00ee FFF7FEFF 		bl	prvUnlockQueue
 1672              	.LVL122:
 934:Middlewares/Third_Party/FreeRTOS/Source/queue.c **** 			}
 1673              		.loc 1 934 5 view .LVU499
 934:Middlewares/Third_Party/FreeRTOS/Source/queue.c **** 			}
 1674              		.loc 1 934 14 is_stmt 0 view .LVU500
 1675 00f2 FFF7FEFF 		bl	xTaskResumeAll
 1676              	.LVL123:
 1677              	.L108:
 751:Middlewares/Third_Party/FreeRTOS/Source/queue.c **** 	}
 1678              		.loc 1 751 104 is_stmt 1 discriminator 8 view .LVU501
 759:Middlewares/Third_Party/FreeRTOS/Source/queue.c **** 	{
 1679              		.loc 1 759 2 view .LVU502
 761:Middlewares/Third_Party/FreeRTOS/Source/queue.c **** 		{
 1680              		.loc 1 761 3 view .LVU503
 1681 00f6 FFF7FEFF 		bl	vPortEnterCritical
 1682              	.LVL124:
 767:Middlewares/Third_Party/FreeRTOS/Source/queue.c **** 			{
 1683              		.loc 1 767 4 view .LVU504
 767:Middlewares/Third_Party/FreeRTOS/Source/queue.c **** 			{
 1684              		.loc 1 767 17 is_stmt 0 view .LVU505
 1685 00fa A26B     		ldr	r2, [r4, #56]
 767:Middlewares/Third_Party/FreeRTOS/Source/queue.c **** 			{
 1686              		.loc 1 767 46 view .LVU506
 1687 00fc E36B     		ldr	r3, [r4, #60]
 767:Middlewares/Third_Party/FreeRTOS/Source/queue.c **** 			{
 1688              		.loc 1 767 6 view .LVU507
 1689 00fe 9A42     		cmp	r2, r3
 1690 0100 BBD3     		bcc	.L109
 767:Middlewares/Third_Party/FreeRTOS/Source/queue.c **** 			{
 1691              		.loc 1 767 59 discriminator 1 view .LVU508
 1692 0102 022D     		cmp	r5, #2
 1693 0104 B9D0     		beq	.L109
 872:Middlewares/Third_Party/FreeRTOS/Source/queue.c **** 				{
 1694              		.loc 1 872 5 is_stmt 1 view .LVU509
ARM GAS  C:\Users\Made\AppData\Local\Temp\cclTNyiU.s 			page 83


 872:Middlewares/Third_Party/FreeRTOS/Source/queue.c **** 				{
 1695              		.loc 1 872 22 is_stmt 0 view .LVU510
 1696 0106 019B     		ldr	r3, [sp, #4]
 872:Middlewares/Third_Party/FreeRTOS/Source/queue.c **** 				{
 1697              		.loc 1 872 7 view .LVU511
 1698 0108 002B     		cmp	r3, #0
 1699 010a DED0     		beq	.L126
 883:Middlewares/Third_Party/FreeRTOS/Source/queue.c **** 				{
 1700              		.loc 1 883 10 is_stmt 1 view .LVU512
 883:Middlewares/Third_Party/FreeRTOS/Source/queue.c **** 				{
 1701              		.loc 1 883 12 is_stmt 0 view .LVU513
 1702 010c 002E     		cmp	r6, #0
 1703 010e E0D0     		beq	.L127
 1704              	.LVL125:
 1705              	.L115:
 893:Middlewares/Third_Party/FreeRTOS/Source/queue.c **** 				}
 1706              		.loc 1 893 30 is_stmt 1 view .LVU514
 897:Middlewares/Third_Party/FreeRTOS/Source/queue.c **** 
 1707              		.loc 1 897 3 view .LVU515
 1708 0110 FFF7FEFF 		bl	vPortExitCritical
 1709              	.LVL126:
 902:Middlewares/Third_Party/FreeRTOS/Source/queue.c **** 		prvLockQueue( pxQueue );
 1710              		.loc 1 902 3 view .LVU516
 1711 0114 FFF7FEFF 		bl	vTaskSuspendAll
 1712              	.LVL127:
 903:Middlewares/Third_Party/FreeRTOS/Source/queue.c **** 
 1713              		.loc 1 903 3 view .LVU517
 1714 0118 FFF7FEFF 		bl	vPortEnterCritical
 1715              	.LVL128:
 903:Middlewares/Third_Party/FreeRTOS/Source/queue.c **** 
 1716              		.loc 1 903 3 discriminator 1 view .LVU518
 1717 011c 94F84420 		ldrb	r2, [r4, #68]	@ zero_extendqisi2
 1718 0120 52B2     		sxtb	r2, r2
 1719 0122 B2F1FF3F 		cmp	r2, #-1
 1720 0126 D9D0     		beq	.L128
 1721              	.L116:
 903:Middlewares/Third_Party/FreeRTOS/Source/queue.c **** 
 1722              		.loc 1 903 3 discriminator 3 view .LVU519
 1723 0128 94F84520 		ldrb	r2, [r4, #69]	@ zero_extendqisi2
 1724 012c 52B2     		sxtb	r2, r2
 1725 012e B2F1FF3F 		cmp	r2, #-1
 1726 0132 D7D0     		beq	.L129
 1727              	.L117:
 903:Middlewares/Third_Party/FreeRTOS/Source/queue.c **** 
 1728              		.loc 1 903 3 discriminator 6 view .LVU520
 1729 0134 FFF7FEFF 		bl	vPortExitCritical
 1730              	.LVL129:
 906:Middlewares/Third_Party/FreeRTOS/Source/queue.c **** 		{
 1731              		.loc 1 906 3 view .LVU521
 906:Middlewares/Third_Party/FreeRTOS/Source/queue.c **** 		{
 1732              		.loc 1 906 7 is_stmt 0 view .LVU522
 1733 0138 01A9     		add	r1, sp, #4
 1734 013a 02A8     		add	r0, sp, #8
 1735 013c FFF7FEFF 		bl	xTaskCheckForTimeOut
 1736              	.LVL130:
 906:Middlewares/Third_Party/FreeRTOS/Source/queue.c **** 		{
 1737              		.loc 1 906 5 discriminator 1 view .LVU523
ARM GAS  C:\Users\Made\AppData\Local\Temp\cclTNyiU.s 			page 84


 1738 0140 D8B9     		cbnz	r0, .L118
 908:Middlewares/Third_Party/FreeRTOS/Source/queue.c **** 			{
 1739              		.loc 1 908 4 is_stmt 1 view .LVU524
 908:Middlewares/Third_Party/FreeRTOS/Source/queue.c **** 			{
 1740              		.loc 1 908 8 is_stmt 0 view .LVU525
 1741 0142 2046     		mov	r0, r4
 1742 0144 FFF7FEFF 		bl	prvIsQueueFull
 1743              	.LVL131:
 908:Middlewares/Third_Party/FreeRTOS/Source/queue.c **** 			{
 1744              		.loc 1 908 6 discriminator 1 view .LVU526
 1745 0148 0028     		cmp	r0, #0
 1746 014a CFD0     		beq	.L119
 910:Middlewares/Third_Party/FreeRTOS/Source/queue.c **** 				vTaskPlaceOnEventList( &( pxQueue->xTasksWaitingToSend ), xTicksToWait );
 1747              		.loc 1 910 43 is_stmt 1 view .LVU527
 911:Middlewares/Third_Party/FreeRTOS/Source/queue.c **** 
 1748              		.loc 1 911 5 view .LVU528
 1749 014c 0199     		ldr	r1, [sp, #4]
 1750 014e 04F11000 		add	r0, r4, #16
 1751 0152 FFF7FEFF 		bl	vTaskPlaceOnEventList
 1752              	.LVL132:
 918:Middlewares/Third_Party/FreeRTOS/Source/queue.c **** 
 1753              		.loc 1 918 5 view .LVU529
 1754 0156 2046     		mov	r0, r4
 1755 0158 FFF7FEFF 		bl	prvUnlockQueue
 1756              	.LVL133:
 925:Middlewares/Third_Party/FreeRTOS/Source/queue.c **** 				{
 1757              		.loc 1 925 5 view .LVU530
 925:Middlewares/Third_Party/FreeRTOS/Source/queue.c **** 				{
 1758              		.loc 1 925 9 is_stmt 0 view .LVU531
 1759 015c FFF7FEFF 		bl	xTaskResumeAll
 1760              	.LVL134:
 925:Middlewares/Third_Party/FreeRTOS/Source/queue.c **** 				{
 1761              		.loc 1 925 7 discriminator 1 view .LVU532
 1762 0160 0028     		cmp	r0, #0
 1763 0162 C8D1     		bne	.L108
 927:Middlewares/Third_Party/FreeRTOS/Source/queue.c **** 				}
 1764              		.loc 1 927 6 is_stmt 1 view .LVU533
 1765 0164 4FF0E023 		mov	r3, #-536813568
 1766 0168 4FF08052 		mov	r2, #268435456
 1767 016c C3F8042D 		str	r2, [r3, #3332]
 927:Middlewares/Third_Party/FreeRTOS/Source/queue.c **** 				}
 1768              		.loc 1 927 6 view .LVU534
 1769              		.syntax unified
 1770              	@ 927 "Middlewares/Third_Party/FreeRTOS/Source/queue.c" 1
 1771 0170 BFF34F8F 		dsb
 1772              	@ 0 "" 2
 927:Middlewares/Third_Party/FreeRTOS/Source/queue.c **** 				}
 1773              		.loc 1 927 6 view .LVU535
 1774              	@ 927 "Middlewares/Third_Party/FreeRTOS/Source/queue.c" 1
 1775 0174 BFF36F8F 		isb
 1776              	@ 0 "" 2
 1777              		.thumb
 1778              		.syntax unified
 1779 0178 BDE7     		b	.L108
 1780              	.L118:
 940:Middlewares/Third_Party/FreeRTOS/Source/queue.c **** 			( void ) xTaskResumeAll();
 1781              		.loc 1 940 4 view .LVU536
ARM GAS  C:\Users\Made\AppData\Local\Temp\cclTNyiU.s 			page 85


 1782 017a 2046     		mov	r0, r4
 1783 017c FFF7FEFF 		bl	prvUnlockQueue
 1784              	.LVL135:
 941:Middlewares/Third_Party/FreeRTOS/Source/queue.c **** 
 1785              		.loc 1 941 4 view .LVU537
 941:Middlewares/Third_Party/FreeRTOS/Source/queue.c **** 
 1786              		.loc 1 941 13 is_stmt 0 view .LVU538
 1787 0180 FFF7FEFF 		bl	xTaskResumeAll
 1788              	.LVL136:
 943:Middlewares/Third_Party/FreeRTOS/Source/queue.c **** 			return errQUEUE_FULL;
 1789              		.loc 1 943 37 is_stmt 1 view .LVU539
 944:Middlewares/Third_Party/FreeRTOS/Source/queue.c **** 		}
 1790              		.loc 1 944 4 view .LVU540
 944:Middlewares/Third_Party/FreeRTOS/Source/queue.c **** 		}
 1791              		.loc 1 944 11 is_stmt 0 view .LVU541
 1792 0184 0020     		movs	r0, #0
 1793 0186 8DE7     		b	.L99
 1794              		.cfi_endproc
 1795              	.LFE17:
 1797              		.section	.text.prvInitialiseMutex,"ax",%progbits
 1798              		.align	1
 1799              		.syntax unified
 1800              		.thumb
 1801              		.thumb_func
 1803              	prvInitialiseMutex:
 1804              	.LVL137:
 1805              	.LFB8:
 467:Middlewares/Third_Party/FreeRTOS/Source/queue.c **** 		if( pxNewQueue != NULL )
 1806              		.loc 1 467 2 is_stmt 1 view -0
 1807              		.cfi_startproc
 1808              		@ args = 0, pretend = 0, frame = 0
 1809              		@ frame_needed = 0, uses_anonymous_args = 0
 468:Middlewares/Third_Party/FreeRTOS/Source/queue.c **** 		{
 1810              		.loc 1 468 3 view .LVU543
 468:Middlewares/Third_Party/FreeRTOS/Source/queue.c **** 		{
 1811              		.loc 1 468 5 is_stmt 0 view .LVU544
 1812 0000 48B1     		cbz	r0, .L133
 467:Middlewares/Third_Party/FreeRTOS/Source/queue.c **** 		if( pxNewQueue != NULL )
 1813              		.loc 1 467 2 view .LVU545
 1814 0002 08B5     		push	{r3, lr}
 1815              	.LCFI23:
 1816              		.cfi_def_cfa_offset 8
 1817              		.cfi_offset 3, -8
 1818              		.cfi_offset 14, -4
 474:Middlewares/Third_Party/FreeRTOS/Source/queue.c **** 			pxNewQueue->uxQueueType = queueQUEUE_IS_MUTEX;
 1819              		.loc 1 474 4 is_stmt 1 view .LVU546
 474:Middlewares/Third_Party/FreeRTOS/Source/queue.c **** 			pxNewQueue->uxQueueType = queueQUEUE_IS_MUTEX;
 1820              		.loc 1 474 42 is_stmt 0 view .LVU547
 1821 0004 0021     		movs	r1, #0
 1822 0006 8160     		str	r1, [r0, #8]
 475:Middlewares/Third_Party/FreeRTOS/Source/queue.c **** 
 1823              		.loc 1 475 4 is_stmt 1 view .LVU548
 475:Middlewares/Third_Party/FreeRTOS/Source/queue.c **** 
 1824              		.loc 1 475 28 is_stmt 0 view .LVU549
 1825 0008 0160     		str	r1, [r0]
 478:Middlewares/Third_Party/FreeRTOS/Source/queue.c **** 
 1826              		.loc 1 478 4 is_stmt 1 view .LVU550
ARM GAS  C:\Users\Made\AppData\Local\Temp\cclTNyiU.s 			page 86


 478:Middlewares/Third_Party/FreeRTOS/Source/queue.c **** 
 1827              		.loc 1 478 50 is_stmt 0 view .LVU551
 1828 000a C160     		str	r1, [r0, #12]
 480:Middlewares/Third_Party/FreeRTOS/Source/queue.c **** 
 1829              		.loc 1 480 35 is_stmt 1 view .LVU552
 483:Middlewares/Third_Party/FreeRTOS/Source/queue.c **** 		}
 1830              		.loc 1 483 4 view .LVU553
 483:Middlewares/Third_Party/FreeRTOS/Source/queue.c **** 		}
 1831              		.loc 1 483 13 is_stmt 0 view .LVU554
 1832 000c 0B46     		mov	r3, r1
 1833 000e 0A46     		mov	r2, r1
 1834 0010 FFF7FEFF 		bl	xQueueGenericSend
 1835              	.LVL138:
 487:Middlewares/Third_Party/FreeRTOS/Source/queue.c **** 		}
 1836              		.loc 1 487 30 is_stmt 1 view .LVU555
 489:Middlewares/Third_Party/FreeRTOS/Source/queue.c **** 
 1837              		.loc 1 489 2 is_stmt 0 view .LVU556
 1838 0014 08BD     		pop	{r3, pc}
 1839              	.LVL139:
 1840              	.L133:
 1841              	.LCFI24:
 1842              		.cfi_def_cfa_offset 0
 1843              		.cfi_restore 3
 1844              		.cfi_restore 14
 489:Middlewares/Third_Party/FreeRTOS/Source/queue.c **** 
 1845              		.loc 1 489 2 view .LVU557
 1846 0016 7047     		bx	lr
 1847              		.cfi_endproc
 1848              	.LFE8:
 1850              		.section	.text.xQueueCreateMutex,"ax",%progbits
 1851              		.align	1
 1852              		.global	xQueueCreateMutex
 1853              		.syntax unified
 1854              		.thumb
 1855              		.thumb_func
 1857              	xQueueCreateMutex:
 1858              	.LVL140:
 1859              	.LFB9:
 497:Middlewares/Third_Party/FreeRTOS/Source/queue.c **** 	QueueHandle_t xNewQueue;
 1860              		.loc 1 497 2 is_stmt 1 view -0
 1861              		.cfi_startproc
 1862              		@ args = 0, pretend = 0, frame = 0
 1863              		@ frame_needed = 0, uses_anonymous_args = 0
 497:Middlewares/Third_Party/FreeRTOS/Source/queue.c **** 	QueueHandle_t xNewQueue;
 1864              		.loc 1 497 2 is_stmt 0 view .LVU559
 1865 0000 10B5     		push	{r4, lr}
 1866              	.LCFI25:
 1867              		.cfi_def_cfa_offset 8
 1868              		.cfi_offset 4, -8
 1869              		.cfi_offset 14, -4
 1870 0002 0246     		mov	r2, r0
 498:Middlewares/Third_Party/FreeRTOS/Source/queue.c **** 	const UBaseType_t uxMutexLength = ( UBaseType_t ) 1, uxMutexSize = ( UBaseType_t ) 0;
 1871              		.loc 1 498 2 is_stmt 1 view .LVU560
 499:Middlewares/Third_Party/FreeRTOS/Source/queue.c **** 
 1872              		.loc 1 499 2 view .LVU561
 1873              	.LVL141:
 501:Middlewares/Third_Party/FreeRTOS/Source/queue.c **** 		prvInitialiseMutex( ( Queue_t * ) xNewQueue );
ARM GAS  C:\Users\Made\AppData\Local\Temp\cclTNyiU.s 			page 87


 1874              		.loc 1 501 3 view .LVU562
 501:Middlewares/Third_Party/FreeRTOS/Source/queue.c **** 		prvInitialiseMutex( ( Queue_t * ) xNewQueue );
 1875              		.loc 1 501 15 is_stmt 0 view .LVU563
 1876 0004 0021     		movs	r1, #0
 1877 0006 0120     		movs	r0, #1
 1878              	.LVL142:
 501:Middlewares/Third_Party/FreeRTOS/Source/queue.c **** 		prvInitialiseMutex( ( Queue_t * ) xNewQueue );
 1879              		.loc 1 501 15 view .LVU564
 1880 0008 FFF7FEFF 		bl	xQueueGenericCreate
 1881              	.LVL143:
 501:Middlewares/Third_Party/FreeRTOS/Source/queue.c **** 		prvInitialiseMutex( ( Queue_t * ) xNewQueue );
 1882              		.loc 1 501 15 view .LVU565
 1883 000c 0446     		mov	r4, r0
 1884              	.LVL144:
 502:Middlewares/Third_Party/FreeRTOS/Source/queue.c **** 
 1885              		.loc 1 502 3 is_stmt 1 view .LVU566
 1886 000e FFF7FEFF 		bl	prvInitialiseMutex
 1887              	.LVL145:
 504:Middlewares/Third_Party/FreeRTOS/Source/queue.c **** 	}
 1888              		.loc 1 504 3 view .LVU567
 505:Middlewares/Third_Party/FreeRTOS/Source/queue.c **** 
 1889              		.loc 1 505 2 is_stmt 0 view .LVU568
 1890 0012 2046     		mov	r0, r4
 1891 0014 10BD     		pop	{r4, pc}
 505:Middlewares/Third_Party/FreeRTOS/Source/queue.c **** 
 1892              		.loc 1 505 2 view .LVU569
 1893              		.cfi_endproc
 1894              	.LFE9:
 1896              		.section	.text.xQueueCreateMutexStatic,"ax",%progbits
 1897              		.align	1
 1898              		.global	xQueueCreateMutexStatic
 1899              		.syntax unified
 1900              		.thumb
 1901              		.thumb_func
 1903              	xQueueCreateMutexStatic:
 1904              	.LVL146:
 1905              	.LFB10:
 513:Middlewares/Third_Party/FreeRTOS/Source/queue.c **** 	QueueHandle_t xNewQueue;
 1906              		.loc 1 513 2 is_stmt 1 view -0
 1907              		.cfi_startproc
 1908              		@ args = 0, pretend = 0, frame = 0
 1909              		@ frame_needed = 0, uses_anonymous_args = 0
 513:Middlewares/Third_Party/FreeRTOS/Source/queue.c **** 	QueueHandle_t xNewQueue;
 1910              		.loc 1 513 2 is_stmt 0 view .LVU571
 1911 0000 10B5     		push	{r4, lr}
 1912              	.LCFI26:
 1913              		.cfi_def_cfa_offset 8
 1914              		.cfi_offset 4, -8
 1915              		.cfi_offset 14, -4
 1916 0002 82B0     		sub	sp, sp, #8
 1917              	.LCFI27:
 1918              		.cfi_def_cfa_offset 16
 1919 0004 0B46     		mov	r3, r1
 514:Middlewares/Third_Party/FreeRTOS/Source/queue.c **** 	const UBaseType_t uxMutexLength = ( UBaseType_t ) 1, uxMutexSize = ( UBaseType_t ) 0;
 1920              		.loc 1 514 2 is_stmt 1 view .LVU572
 515:Middlewares/Third_Party/FreeRTOS/Source/queue.c **** 
 1921              		.loc 1 515 2 view .LVU573
ARM GAS  C:\Users\Made\AppData\Local\Temp\cclTNyiU.s 			page 88


 1922              	.LVL147:
 519:Middlewares/Third_Party/FreeRTOS/Source/queue.c **** 
 1923              		.loc 1 519 3 view .LVU574
 521:Middlewares/Third_Party/FreeRTOS/Source/queue.c **** 		prvInitialiseMutex( ( Queue_t * ) xNewQueue );
 1924              		.loc 1 521 3 view .LVU575
 521:Middlewares/Third_Party/FreeRTOS/Source/queue.c **** 		prvInitialiseMutex( ( Queue_t * ) xNewQueue );
 1925              		.loc 1 521 15 is_stmt 0 view .LVU576
 1926 0006 0090     		str	r0, [sp]
 1927 0008 0022     		movs	r2, #0
 1928 000a 1146     		mov	r1, r2
 1929              	.LVL148:
 521:Middlewares/Third_Party/FreeRTOS/Source/queue.c **** 		prvInitialiseMutex( ( Queue_t * ) xNewQueue );
 1930              		.loc 1 521 15 view .LVU577
 1931 000c 0120     		movs	r0, #1
 1932              	.LVL149:
 521:Middlewares/Third_Party/FreeRTOS/Source/queue.c **** 		prvInitialiseMutex( ( Queue_t * ) xNewQueue );
 1933              		.loc 1 521 15 view .LVU578
 1934 000e FFF7FEFF 		bl	xQueueGenericCreateStatic
 1935              	.LVL150:
 521:Middlewares/Third_Party/FreeRTOS/Source/queue.c **** 		prvInitialiseMutex( ( Queue_t * ) xNewQueue );
 1936              		.loc 1 521 15 view .LVU579
 1937 0012 0446     		mov	r4, r0
 1938              	.LVL151:
 522:Middlewares/Third_Party/FreeRTOS/Source/queue.c **** 
 1939              		.loc 1 522 3 is_stmt 1 view .LVU580
 1940 0014 FFF7FEFF 		bl	prvInitialiseMutex
 1941              	.LVL152:
 524:Middlewares/Third_Party/FreeRTOS/Source/queue.c **** 	}
 1942              		.loc 1 524 3 view .LVU581
 525:Middlewares/Third_Party/FreeRTOS/Source/queue.c **** 
 1943              		.loc 1 525 2 is_stmt 0 view .LVU582
 1944 0018 2046     		mov	r0, r4
 1945 001a 02B0     		add	sp, sp, #8
 1946              	.LCFI28:
 1947              		.cfi_def_cfa_offset 8
 1948              		@ sp needed
 1949 001c 10BD     		pop	{r4, pc}
 525:Middlewares/Third_Party/FreeRTOS/Source/queue.c **** 
 1950              		.loc 1 525 2 view .LVU583
 1951              		.cfi_endproc
 1952              	.LFE10:
 1954              		.section	.text.xQueueGiveMutexRecursive,"ax",%progbits
 1955              		.align	1
 1956              		.global	xQueueGiveMutexRecursive
 1957              		.syntax unified
 1958              		.thumb
 1959              		.thumb_func
 1961              	xQueueGiveMutexRecursive:
 1962              	.LVL153:
 1963              	.LFB13:
 590:Middlewares/Third_Party/FreeRTOS/Source/queue.c **** 	BaseType_t xReturn;
 1964              		.loc 1 590 2 is_stmt 1 view -0
 1965              		.cfi_startproc
 1966              		@ args = 0, pretend = 0, frame = 0
 1967              		@ frame_needed = 0, uses_anonymous_args = 0
 590:Middlewares/Third_Party/FreeRTOS/Source/queue.c **** 	BaseType_t xReturn;
 1968              		.loc 1 590 2 is_stmt 0 view .LVU585
ARM GAS  C:\Users\Made\AppData\Local\Temp\cclTNyiU.s 			page 89


 1969 0000 38B5     		push	{r3, r4, r5, lr}
 1970              	.LCFI29:
 1971              		.cfi_def_cfa_offset 16
 1972              		.cfi_offset 3, -16
 1973              		.cfi_offset 4, -12
 1974              		.cfi_offset 5, -8
 1975              		.cfi_offset 14, -4
 591:Middlewares/Third_Party/FreeRTOS/Source/queue.c **** 	Queue_t * const pxMutex = ( Queue_t * ) xMutex;
 1976              		.loc 1 591 2 is_stmt 1 view .LVU586
 592:Middlewares/Third_Party/FreeRTOS/Source/queue.c **** 
 1977              		.loc 1 592 2 view .LVU587
 1978              	.LVL154:
 594:Middlewares/Third_Party/FreeRTOS/Source/queue.c **** 
 1979              		.loc 1 594 3 view .LVU588
 1980 0002 38B1     		cbz	r0, .L147
 1981 0004 0446     		mov	r4, r0
 594:Middlewares/Third_Party/FreeRTOS/Source/queue.c **** 
 1982              		.loc 1 594 26 discriminator 2 view .LVU589
 602:Middlewares/Third_Party/FreeRTOS/Source/queue.c **** 		{
 1983              		.loc 1 602 3 view .LVU590
 602:Middlewares/Third_Party/FreeRTOS/Source/queue.c **** 		{
 1984              		.loc 1 602 28 is_stmt 0 view .LVU591
 1985 0006 8568     		ldr	r5, [r0, #8]
 602:Middlewares/Third_Party/FreeRTOS/Source/queue.c **** 		{
 1986              		.loc 1 602 45 view .LVU592
 1987 0008 FFF7FEFF 		bl	xTaskGetCurrentTaskHandle
 1988              	.LVL155:
 602:Middlewares/Third_Party/FreeRTOS/Source/queue.c **** 		{
 1989              		.loc 1 602 5 discriminator 1 view .LVU593
 1990 000c 8542     		cmp	r5, r0
 1991 000e 0AD0     		beq	.L148
 631:Middlewares/Third_Party/FreeRTOS/Source/queue.c **** 
 1992              		.loc 1 631 12 view .LVU594
 1993 0010 0020     		movs	r0, #0
 1994              	.L140:
 637:Middlewares/Third_Party/FreeRTOS/Source/queue.c **** 
 1995              		.loc 1 637 2 view .LVU595
 1996 0012 38BD     		pop	{r3, r4, r5, pc}
 1997              	.LVL156:
 1998              	.L147:
 594:Middlewares/Third_Party/FreeRTOS/Source/queue.c **** 
 1999              		.loc 1 594 3 is_stmt 1 discriminator 1 view .LVU596
 2000              	.LBB153:
 2001              	.LBI153:
 191:Middlewares/Third_Party/FreeRTOS/Source/portable/GCC/ARM_CM4F/portmacro.h **** {
 2002              		.loc 2 191 30 view .LVU597
 2003              	.LBB154:
 193:Middlewares/Third_Party/FreeRTOS/Source/portable/GCC/ARM_CM4F/portmacro.h **** 
 2004              		.loc 2 193 1 view .LVU598
 2005              		.loc 2 195 2 view .LVU599
 2006              		.syntax unified
 2007              	@ 195 "Middlewares/Third_Party/FreeRTOS/Source/portable/GCC/ARM_CM4F/portmacro.h" 1
 2008 0014 4FF05003 			mov r3, #80												
 2009 0018 83F31188 		msr basepri, r3											
 2010 001c BFF36F8F 		isb														
 2011 0020 BFF34F8F 		dsb														
 2012              	
ARM GAS  C:\Users\Made\AppData\Local\Temp\cclTNyiU.s 			page 90


 2013              	@ 0 "" 2
 2014              		.thumb
 2015              		.syntax unified
 2016              	.L142:
 2017              	.LBE154:
 2018              	.LBE153:
 594:Middlewares/Third_Party/FreeRTOS/Source/queue.c **** 
 2019              		.loc 1 594 3 discriminator 3 view .LVU600
 594:Middlewares/Third_Party/FreeRTOS/Source/queue.c **** 
 2020              		.loc 1 594 3 discriminator 3 view .LVU601
 2021 0024 FEE7     		b	.L142
 2022              	.LVL157:
 2023              	.L148:
 604:Middlewares/Third_Party/FreeRTOS/Source/queue.c **** 
 2024              		.loc 1 604 40 view .LVU602
 611:Middlewares/Third_Party/FreeRTOS/Source/queue.c **** 
 2025              		.loc 1 611 4 view .LVU603
 611:Middlewares/Third_Party/FreeRTOS/Source/queue.c **** 
 2026              		.loc 1 611 27 is_stmt 0 view .LVU604
 2027 0026 E368     		ldr	r3, [r4, #12]
 611:Middlewares/Third_Party/FreeRTOS/Source/queue.c **** 
 2028              		.loc 1 611 50 view .LVU605
 2029 0028 013B     		subs	r3, r3, #1
 2030 002a E360     		str	r3, [r4, #12]
 614:Middlewares/Third_Party/FreeRTOS/Source/queue.c **** 			{
 2031              		.loc 1 614 4 is_stmt 1 view .LVU606
 614:Middlewares/Third_Party/FreeRTOS/Source/queue.c **** 			{
 2032              		.loc 1 614 6 is_stmt 0 view .LVU607
 2033 002c 0BB1     		cbz	r3, .L149
 625:Middlewares/Third_Party/FreeRTOS/Source/queue.c **** 		}
 2034              		.loc 1 625 12 view .LVU608
 2035 002e 0120     		movs	r0, #1
 2036              	.LVL158:
 633:Middlewares/Third_Party/FreeRTOS/Source/queue.c **** 		}
 2037              		.loc 1 633 47 is_stmt 1 view .LVU609
 636:Middlewares/Third_Party/FreeRTOS/Source/queue.c **** 	}
 2038              		.loc 1 636 3 view .LVU610
 636:Middlewares/Third_Party/FreeRTOS/Source/queue.c **** 	}
 2039              		.loc 1 636 10 is_stmt 0 view .LVU611
 2040 0030 EFE7     		b	.L140
 2041              	.LVL159:
 2042              	.L149:
 618:Middlewares/Third_Party/FreeRTOS/Source/queue.c **** 			}
 2043              		.loc 1 618 5 is_stmt 1 view .LVU612
 618:Middlewares/Third_Party/FreeRTOS/Source/queue.c **** 			}
 2044              		.loc 1 618 14 is_stmt 0 view .LVU613
 2045 0032 1A46     		mov	r2, r3
 2046 0034 1946     		mov	r1, r3
 2047 0036 2046     		mov	r0, r4
 2048 0038 FFF7FEFF 		bl	xQueueGenericSend
 2049              	.LVL160:
 625:Middlewares/Third_Party/FreeRTOS/Source/queue.c **** 		}
 2050              		.loc 1 625 12 view .LVU614
 2051 003c 0120     		movs	r0, #1
 2052 003e E8E7     		b	.L140
 2053              		.cfi_endproc
 2054              	.LFE13:
ARM GAS  C:\Users\Made\AppData\Local\Temp\cclTNyiU.s 			page 91


 2056              		.section	.text.xQueueGenericSendFromISR,"ax",%progbits
 2057              		.align	1
 2058              		.global	xQueueGenericSendFromISR
 2059              		.syntax unified
 2060              		.thumb
 2061              		.thumb_func
 2063              	xQueueGenericSendFromISR:
 2064              	.LVL161:
 2065              	.LFB18:
 951:Middlewares/Third_Party/FreeRTOS/Source/queue.c **** BaseType_t xReturn;
 2066              		.loc 1 951 1 is_stmt 1 view -0
 2067              		.cfi_startproc
 2068              		@ args = 0, pretend = 0, frame = 0
 2069              		@ frame_needed = 0, uses_anonymous_args = 0
 951:Middlewares/Third_Party/FreeRTOS/Source/queue.c **** BaseType_t xReturn;
 2070              		.loc 1 951 1 is_stmt 0 view .LVU616
 2071 0000 2DE9F843 		push	{r3, r4, r5, r6, r7, r8, r9, lr}
 2072              	.LCFI30:
 2073              		.cfi_def_cfa_offset 32
 2074              		.cfi_offset 3, -32
 2075              		.cfi_offset 4, -28
 2076              		.cfi_offset 5, -24
 2077              		.cfi_offset 6, -20
 2078              		.cfi_offset 7, -16
 2079              		.cfi_offset 8, -12
 2080              		.cfi_offset 9, -8
 2081              		.cfi_offset 14, -4
 952:Middlewares/Third_Party/FreeRTOS/Source/queue.c **** UBaseType_t uxSavedInterruptStatus;
 2082              		.loc 1 952 1 is_stmt 1 view .LVU617
 953:Middlewares/Third_Party/FreeRTOS/Source/queue.c **** Queue_t * const pxQueue = xQueue;
 2083              		.loc 1 953 1 view .LVU618
 954:Middlewares/Third_Party/FreeRTOS/Source/queue.c **** 
 2084              		.loc 1 954 1 view .LVU619
 2085              	.LVL162:
 956:Middlewares/Third_Party/FreeRTOS/Source/queue.c **** 	configASSERT( !( ( pvItemToQueue == NULL ) && ( pxQueue->uxItemSize != ( UBaseType_t ) 0U ) ) );
 2086              		.loc 1 956 2 view .LVU620
 2087 0004 90B1     		cbz	r0, .L165
 2088 0006 0F46     		mov	r7, r1
 2089 0008 1646     		mov	r6, r2
 2090 000a 1C46     		mov	r4, r3
 2091 000c 0546     		mov	r5, r0
 956:Middlewares/Third_Party/FreeRTOS/Source/queue.c **** 	configASSERT( !( ( pvItemToQueue == NULL ) && ( pxQueue->uxItemSize != ( UBaseType_t ) 0U ) ) );
 2092              		.loc 1 956 25 discriminator 2 view .LVU621
 957:Middlewares/Third_Party/FreeRTOS/Source/queue.c **** 	configASSERT( !( ( xCopyPosition == queueOVERWRITE ) && ( pxQueue->uxLength != 1 ) ) );
 2093              		.loc 1 957 2 view .LVU622
 2094 000e B1B1     		cbz	r1, .L166
 2095              	.LVL163:
 2096              	.L153:
 957:Middlewares/Third_Party/FreeRTOS/Source/queue.c **** 	configASSERT( !( ( xCopyPosition == queueOVERWRITE ) && ( pxQueue->uxLength != 1 ) ) );
 2097              		.loc 1 957 97 discriminator 8 view .LVU623
 958:Middlewares/Third_Party/FreeRTOS/Source/queue.c **** 
 2098              		.loc 1 958 2 view .LVU624
 2099 0010 022C     		cmp	r4, #2
 2100 0012 20D1     		bne	.L155
 958:Middlewares/Third_Party/FreeRTOS/Source/queue.c **** 
 2101              		.loc 1 958 2 is_stmt 0 discriminator 2 view .LVU625
 2102 0014 EB6B     		ldr	r3, [r5, #60]
ARM GAS  C:\Users\Made\AppData\Local\Temp\cclTNyiU.s 			page 92


 2103 0016 012B     		cmp	r3, #1
 2104 0018 1DD0     		beq	.L155
 958:Middlewares/Third_Party/FreeRTOS/Source/queue.c **** 
 2105              		.loc 1 958 2 is_stmt 1 discriminator 7 view .LVU626
 2106              	.LBB155:
 2107              	.LBI155:
 191:Middlewares/Third_Party/FreeRTOS/Source/portable/GCC/ARM_CM4F/portmacro.h **** {
 2108              		.loc 2 191 30 view .LVU627
 2109              	.LBB156:
 193:Middlewares/Third_Party/FreeRTOS/Source/portable/GCC/ARM_CM4F/portmacro.h **** 
 2110              		.loc 2 193 1 view .LVU628
 2111              		.loc 2 195 2 view .LVU629
 2112              		.syntax unified
 2113              	@ 195 "Middlewares/Third_Party/FreeRTOS/Source/portable/GCC/ARM_CM4F/portmacro.h" 1
 2114 001a 4FF05003 			mov r3, #80												
 2115 001e 83F31188 		msr basepri, r3											
 2116 0022 BFF36F8F 		isb														
 2117 0026 BFF34F8F 		dsb														
 2118              	
 2119              	@ 0 "" 2
 2120              		.thumb
 2121              		.syntax unified
 2122              	.L156:
 2123              	.LBE156:
 2124              	.LBE155:
 958:Middlewares/Third_Party/FreeRTOS/Source/queue.c **** 
 2125              		.loc 1 958 2 discriminator 9 view .LVU630
 958:Middlewares/Third_Party/FreeRTOS/Source/queue.c **** 
 2126              		.loc 1 958 2 discriminator 9 view .LVU631
 2127 002a FEE7     		b	.L156
 2128              	.LVL164:
 2129              	.L165:
 956:Middlewares/Third_Party/FreeRTOS/Source/queue.c **** 	configASSERT( !( ( pvItemToQueue == NULL ) && ( pxQueue->uxItemSize != ( UBaseType_t ) 0U ) ) );
 2130              		.loc 1 956 2 discriminator 1 view .LVU632
 2131              	.LBB157:
 2132              	.LBI157:
 191:Middlewares/Third_Party/FreeRTOS/Source/portable/GCC/ARM_CM4F/portmacro.h **** {
 2133              		.loc 2 191 30 view .LVU633
 2134              	.LBB158:
 193:Middlewares/Third_Party/FreeRTOS/Source/portable/GCC/ARM_CM4F/portmacro.h **** 
 2135              		.loc 2 193 1 view .LVU634
 2136              		.loc 2 195 2 view .LVU635
 2137              		.syntax unified
 2138              	@ 195 "Middlewares/Third_Party/FreeRTOS/Source/portable/GCC/ARM_CM4F/portmacro.h" 1
 2139 002c 4FF05003 			mov r3, #80												
 2140 0030 83F31188 		msr basepri, r3											
 2141 0034 BFF36F8F 		isb														
 2142 0038 BFF34F8F 		dsb														
 2143              	
 2144              	@ 0 "" 2
 2145              	.LVL165:
 2146              		.thumb
 2147              		.syntax unified
 2148              	.L152:
 2149              		.loc 2 195 2 is_stmt 0 view .LVU636
 2150              	.LBE158:
 2151              	.LBE157:
ARM GAS  C:\Users\Made\AppData\Local\Temp\cclTNyiU.s 			page 93


 956:Middlewares/Third_Party/FreeRTOS/Source/queue.c **** 	configASSERT( !( ( pvItemToQueue == NULL ) && ( pxQueue->uxItemSize != ( UBaseType_t ) 0U ) ) );
 2152              		.loc 1 956 2 is_stmt 1 discriminator 3 view .LVU637
 956:Middlewares/Third_Party/FreeRTOS/Source/queue.c **** 	configASSERT( !( ( pvItemToQueue == NULL ) && ( pxQueue->uxItemSize != ( UBaseType_t ) 0U ) ) );
 2153              		.loc 1 956 2 discriminator 3 view .LVU638
 2154 003c FEE7     		b	.L152
 2155              	.LVL166:
 2156              	.L166:
 957:Middlewares/Third_Party/FreeRTOS/Source/queue.c **** 	configASSERT( !( ( xCopyPosition == queueOVERWRITE ) && ( pxQueue->uxLength != 1 ) ) );
 2157              		.loc 1 957 2 is_stmt 0 discriminator 2 view .LVU639
 2158 003e 036C     		ldr	r3, [r0, #64]
 2159              	.LVL167:
 957:Middlewares/Third_Party/FreeRTOS/Source/queue.c **** 	configASSERT( !( ( xCopyPosition == queueOVERWRITE ) && ( pxQueue->uxLength != 1 ) ) );
 2160              		.loc 1 957 2 discriminator 2 view .LVU640
 2161 0040 002B     		cmp	r3, #0
 2162 0042 E5D0     		beq	.L153
 957:Middlewares/Third_Party/FreeRTOS/Source/queue.c **** 	configASSERT( !( ( xCopyPosition == queueOVERWRITE ) && ( pxQueue->uxLength != 1 ) ) );
 2163              		.loc 1 957 2 is_stmt 1 discriminator 7 view .LVU641
 2164              	.LBB159:
 2165              	.LBI159:
 191:Middlewares/Third_Party/FreeRTOS/Source/portable/GCC/ARM_CM4F/portmacro.h **** {
 2166              		.loc 2 191 30 view .LVU642
 2167              	.LBB160:
 193:Middlewares/Third_Party/FreeRTOS/Source/portable/GCC/ARM_CM4F/portmacro.h **** 
 2168              		.loc 2 193 1 view .LVU643
 2169              		.loc 2 195 2 view .LVU644
 2170              		.syntax unified
 2171              	@ 195 "Middlewares/Third_Party/FreeRTOS/Source/portable/GCC/ARM_CM4F/portmacro.h" 1
 2172 0044 4FF05003 			mov r3, #80												
 2173 0048 83F31188 		msr basepri, r3											
 2174 004c BFF36F8F 		isb														
 2175 0050 BFF34F8F 		dsb														
 2176              	
 2177              	@ 0 "" 2
 2178              		.thumb
 2179              		.syntax unified
 2180              	.L154:
 2181              	.LBE160:
 2182              	.LBE159:
 957:Middlewares/Third_Party/FreeRTOS/Source/queue.c **** 	configASSERT( !( ( xCopyPosition == queueOVERWRITE ) && ( pxQueue->uxLength != 1 ) ) );
 2183              		.loc 1 957 2 discriminator 9 view .LVU645
 957:Middlewares/Third_Party/FreeRTOS/Source/queue.c **** 	configASSERT( !( ( xCopyPosition == queueOVERWRITE ) && ( pxQueue->uxLength != 1 ) ) );
 2184              		.loc 1 957 2 discriminator 9 view .LVU646
 2185 0054 FEE7     		b	.L154
 2186              	.L155:
 958:Middlewares/Third_Party/FreeRTOS/Source/queue.c **** 
 2187              		.loc 1 958 88 discriminator 8 view .LVU647
 974:Middlewares/Third_Party/FreeRTOS/Source/queue.c **** 
 2188              		.loc 1 974 2 view .LVU648
 2189 0056 FFF7FEFF 		bl	vPortValidateInterruptPriority
 2190              	.LVL168:
 981:Middlewares/Third_Party/FreeRTOS/Source/queue.c **** 	{
 2191              		.loc 1 981 2 view .LVU649
 2192              	.LBB161:
 2193              	.LBI161:
 196:Middlewares/Third_Party/FreeRTOS/Source/portable/GCC/ARM_CM4F/portmacro.h **** 	(
 197:Middlewares/Third_Party/FreeRTOS/Source/portable/GCC/ARM_CM4F/portmacro.h **** 		"	mov %0, %1												\n"	\
 198:Middlewares/Third_Party/FreeRTOS/Source/portable/GCC/ARM_CM4F/portmacro.h **** 		"	msr basepri, %0											\n" \
ARM GAS  C:\Users\Made\AppData\Local\Temp\cclTNyiU.s 			page 94


 199:Middlewares/Third_Party/FreeRTOS/Source/portable/GCC/ARM_CM4F/portmacro.h **** 		"	isb														\n" \
 200:Middlewares/Third_Party/FreeRTOS/Source/portable/GCC/ARM_CM4F/portmacro.h **** 		"	dsb														\n" \
 201:Middlewares/Third_Party/FreeRTOS/Source/portable/GCC/ARM_CM4F/portmacro.h **** 		:"=r" (ulNewBASEPRI) : "i" ( configMAX_SYSCALL_INTERRUPT_PRIORITY ) : "memory"
 202:Middlewares/Third_Party/FreeRTOS/Source/portable/GCC/ARM_CM4F/portmacro.h **** 	);
 203:Middlewares/Third_Party/FreeRTOS/Source/portable/GCC/ARM_CM4F/portmacro.h **** }
 204:Middlewares/Third_Party/FreeRTOS/Source/portable/GCC/ARM_CM4F/portmacro.h **** 
 205:Middlewares/Third_Party/FreeRTOS/Source/portable/GCC/ARM_CM4F/portmacro.h **** /*-----------------------------------------------------------*/
 206:Middlewares/Third_Party/FreeRTOS/Source/portable/GCC/ARM_CM4F/portmacro.h **** 
 207:Middlewares/Third_Party/FreeRTOS/Source/portable/GCC/ARM_CM4F/portmacro.h **** portFORCE_INLINE static uint32_t ulPortRaiseBASEPRI( void )
 2194              		.loc 2 207 34 view .LVU650
 2195              	.LBB162:
 208:Middlewares/Third_Party/FreeRTOS/Source/portable/GCC/ARM_CM4F/portmacro.h **** {
 209:Middlewares/Third_Party/FreeRTOS/Source/portable/GCC/ARM_CM4F/portmacro.h **** uint32_t ulOriginalBASEPRI, ulNewBASEPRI;
 2196              		.loc 2 209 1 view .LVU651
 210:Middlewares/Third_Party/FreeRTOS/Source/portable/GCC/ARM_CM4F/portmacro.h **** 
 211:Middlewares/Third_Party/FreeRTOS/Source/portable/GCC/ARM_CM4F/portmacro.h **** 	__asm volatile
 2197              		.loc 2 211 2 view .LVU652
 2198              		.syntax unified
 2199              	@ 211 "Middlewares/Third_Party/FreeRTOS/Source/portable/GCC/ARM_CM4F/portmacro.h" 1
 2200 005a EFF31188 			mrs r8, basepri											
 2201 005e 4FF05003 		mov r3, #80												
 2202 0062 83F31188 		msr basepri, r3											
 2203 0066 BFF36F8F 		isb														
 2204 006a BFF34F8F 		dsb														
 2205              	
 2206              	@ 0 "" 2
 2207              	.LVL169:
 212:Middlewares/Third_Party/FreeRTOS/Source/portable/GCC/ARM_CM4F/portmacro.h **** 	(
 213:Middlewares/Third_Party/FreeRTOS/Source/portable/GCC/ARM_CM4F/portmacro.h **** 		"	mrs %0, basepri											\n" \
 214:Middlewares/Third_Party/FreeRTOS/Source/portable/GCC/ARM_CM4F/portmacro.h **** 		"	mov %1, %2												\n"	\
 215:Middlewares/Third_Party/FreeRTOS/Source/portable/GCC/ARM_CM4F/portmacro.h **** 		"	msr basepri, %1											\n" \
 216:Middlewares/Third_Party/FreeRTOS/Source/portable/GCC/ARM_CM4F/portmacro.h **** 		"	isb														\n" \
 217:Middlewares/Third_Party/FreeRTOS/Source/portable/GCC/ARM_CM4F/portmacro.h **** 		"	dsb														\n" \
 218:Middlewares/Third_Party/FreeRTOS/Source/portable/GCC/ARM_CM4F/portmacro.h **** 		:"=r" (ulOriginalBASEPRI), "=r" (ulNewBASEPRI) : "i" ( configMAX_SYSCALL_INTERRUPT_PRIORITY ) : "
 219:Middlewares/Third_Party/FreeRTOS/Source/portable/GCC/ARM_CM4F/portmacro.h **** 	);
 220:Middlewares/Third_Party/FreeRTOS/Source/portable/GCC/ARM_CM4F/portmacro.h **** 
 221:Middlewares/Third_Party/FreeRTOS/Source/portable/GCC/ARM_CM4F/portmacro.h **** 	/* This return will not be reached but is necessary to prevent compiler
 222:Middlewares/Third_Party/FreeRTOS/Source/portable/GCC/ARM_CM4F/portmacro.h **** 	warnings. */
 223:Middlewares/Third_Party/FreeRTOS/Source/portable/GCC/ARM_CM4F/portmacro.h **** 	return ulOriginalBASEPRI;
 2208              		.loc 2 223 2 view .LVU653
 2209              		.loc 2 223 2 is_stmt 0 view .LVU654
 2210              		.thumb
 2211              		.syntax unified
 2212              	.LBE162:
 2213              	.LBE161:
 983:Middlewares/Third_Party/FreeRTOS/Source/queue.c **** 		{
 2214              		.loc 1 983 3 is_stmt 1 view .LVU655
 983:Middlewares/Third_Party/FreeRTOS/Source/queue.c **** 		{
 2215              		.loc 1 983 16 is_stmt 0 view .LVU656
 2216 006e AA6B     		ldr	r2, [r5, #56]
 983:Middlewares/Third_Party/FreeRTOS/Source/queue.c **** 		{
 2217              		.loc 1 983 45 view .LVU657
 2218 0070 EB6B     		ldr	r3, [r5, #60]
 983:Middlewares/Third_Party/FreeRTOS/Source/queue.c **** 		{
 2219              		.loc 1 983 5 view .LVU658
 2220 0072 9A42     		cmp	r2, r3
 2221 0074 06D3     		bcc	.L157
ARM GAS  C:\Users\Made\AppData\Local\Temp\cclTNyiU.s 			page 95


 983:Middlewares/Third_Party/FreeRTOS/Source/queue.c **** 		{
 2222              		.loc 1 983 58 discriminator 1 view .LVU659
 2223 0076 022C     		cmp	r4, #2
 2224 0078 04D0     		beq	.L157
1103:Middlewares/Third_Party/FreeRTOS/Source/queue.c **** 		}
 2225              		.loc 1 1103 12 view .LVU660
 2226 007a 0020     		movs	r0, #0
 2227              	.L158:
 2228              	.LVL170:
1106:Middlewares/Third_Party/FreeRTOS/Source/queue.c **** 
 2229              		.loc 1 1106 2 is_stmt 1 view .LVU661
 2230              	.LBB163:
 2231              	.LBI163:
 224:Middlewares/Third_Party/FreeRTOS/Source/portable/GCC/ARM_CM4F/portmacro.h **** }
 225:Middlewares/Third_Party/FreeRTOS/Source/portable/GCC/ARM_CM4F/portmacro.h **** /*-----------------------------------------------------------*/
 226:Middlewares/Third_Party/FreeRTOS/Source/portable/GCC/ARM_CM4F/portmacro.h **** 
 227:Middlewares/Third_Party/FreeRTOS/Source/portable/GCC/ARM_CM4F/portmacro.h **** portFORCE_INLINE static void vPortSetBASEPRI( uint32_t ulNewMaskValue )
 2232              		.loc 2 227 30 view .LVU662
 2233              	.LBB164:
 228:Middlewares/Third_Party/FreeRTOS/Source/portable/GCC/ARM_CM4F/portmacro.h **** {
 229:Middlewares/Third_Party/FreeRTOS/Source/portable/GCC/ARM_CM4F/portmacro.h **** 	__asm volatile
 2234              		.loc 2 229 2 view .LVU663
 2235              		.syntax unified
 2236              	@ 229 "Middlewares/Third_Party/FreeRTOS/Source/portable/GCC/ARM_CM4F/portmacro.h" 1
 2237 007c 88F31188 			msr basepri, r8	
 2238              	@ 0 "" 2
 2239              		.thumb
 2240              		.syntax unified
 2241              	.LBE164:
 2242              	.LBE163:
1108:Middlewares/Third_Party/FreeRTOS/Source/queue.c **** }
 2243              		.loc 1 1108 2 view .LVU664
1109:Middlewares/Third_Party/FreeRTOS/Source/queue.c **** /*-----------------------------------------------------------*/
 2244              		.loc 1 1109 1 is_stmt 0 view .LVU665
 2245 0080 BDE8F883 		pop	{r3, r4, r5, r6, r7, r8, r9, pc}
 2246              	.LVL171:
 2247              	.L157:
 2248              	.LBB165:
 985:Middlewares/Third_Party/FreeRTOS/Source/queue.c **** 			const UBaseType_t uxPreviousMessagesWaiting = pxQueue->uxMessagesWaiting;
 2249              		.loc 1 985 4 is_stmt 1 view .LVU666
 985:Middlewares/Third_Party/FreeRTOS/Source/queue.c **** 			const UBaseType_t uxPreviousMessagesWaiting = pxQueue->uxMessagesWaiting;
 2250              		.loc 1 985 17 is_stmt 0 view .LVU667
 2251 0084 95F84590 		ldrb	r9, [r5, #69]	@ zero_extendqisi2
 2252 0088 4FFA89F9 		sxtb	r9, r9
 2253              	.LVL172:
 986:Middlewares/Third_Party/FreeRTOS/Source/queue.c **** 
 2254              		.loc 1 986 4 is_stmt 1 view .LVU668
 986:Middlewares/Third_Party/FreeRTOS/Source/queue.c **** 
 2255              		.loc 1 986 22 is_stmt 0 view .LVU669
 2256 008c AB6B     		ldr	r3, [r5, #56]
 988:Middlewares/Third_Party/FreeRTOS/Source/queue.c **** 
 2257              		.loc 1 988 39 is_stmt 1 view .LVU670
 995:Middlewares/Third_Party/FreeRTOS/Source/queue.c **** 
 2258              		.loc 1 995 4 view .LVU671
 995:Middlewares/Third_Party/FreeRTOS/Source/queue.c **** 
 2259              		.loc 1 995 13 is_stmt 0 view .LVU672
 2260 008e 2246     		mov	r2, r4
ARM GAS  C:\Users\Made\AppData\Local\Temp\cclTNyiU.s 			page 96


 2261 0090 3946     		mov	r1, r7
 2262 0092 2846     		mov	r0, r5
 2263 0094 FFF7FEFF 		bl	prvCopyDataToQueue
 2264              	.LVL173:
 999:Middlewares/Third_Party/FreeRTOS/Source/queue.c **** 			{
 2265              		.loc 1 999 4 is_stmt 1 view .LVU673
 999:Middlewares/Third_Party/FreeRTOS/Source/queue.c **** 			{
 2266              		.loc 1 999 6 is_stmt 0 view .LVU674
 2267 0098 B9F1FF3F 		cmp	r9, #-1
 2268 009c 06D0     		beq	.L167
1095:Middlewares/Third_Party/FreeRTOS/Source/queue.c **** 			}
 2269              		.loc 1 1095 5 is_stmt 1 view .LVU675
1095:Middlewares/Third_Party/FreeRTOS/Source/queue.c **** 			}
 2270              		.loc 1 1095 45 is_stmt 0 view .LVU676
 2271 009e 09F10103 		add	r3, r9, #1
1095:Middlewares/Third_Party/FreeRTOS/Source/queue.c **** 			}
 2272              		.loc 1 1095 24 view .LVU677
 2273 00a2 5BB2     		sxtb	r3, r3
1095:Middlewares/Third_Party/FreeRTOS/Source/queue.c **** 			}
 2274              		.loc 1 1095 22 view .LVU678
 2275 00a4 85F84530 		strb	r3, [r5, #69]
1098:Middlewares/Third_Party/FreeRTOS/Source/queue.c **** 		}
 2276              		.loc 1 1098 12 view .LVU679
 2277 00a8 0120     		movs	r0, #1
 2278 00aa E7E7     		b	.L158
 2279              	.L167:
1061:Middlewares/Third_Party/FreeRTOS/Source/queue.c **** 					{
 2280              		.loc 1 1061 6 is_stmt 1 view .LVU680
1061:Middlewares/Third_Party/FreeRTOS/Source/queue.c **** 					{
 2281              		.loc 1 1061 10 is_stmt 0 view .LVU681
 2282 00ac 6B6A     		ldr	r3, [r5, #36]
1061:Middlewares/Third_Party/FreeRTOS/Source/queue.c **** 					{
 2283              		.loc 1 1061 8 view .LVU682
 2284 00ae 0BB9     		cbnz	r3, .L168
1098:Middlewares/Third_Party/FreeRTOS/Source/queue.c **** 		}
 2285              		.loc 1 1098 12 view .LVU683
 2286 00b0 0120     		movs	r0, #1
 2287 00b2 E3E7     		b	.L158
 2288              	.L168:
1063:Middlewares/Third_Party/FreeRTOS/Source/queue.c **** 						{
 2289              		.loc 1 1063 7 is_stmt 1 view .LVU684
1063:Middlewares/Third_Party/FreeRTOS/Source/queue.c **** 						{
 2290              		.loc 1 1063 11 is_stmt 0 view .LVU685
 2291 00b4 05F12400 		add	r0, r5, #36
 2292 00b8 FFF7FEFF 		bl	xTaskRemoveFromEventList
 2293              	.LVL174:
1063:Middlewares/Third_Party/FreeRTOS/Source/queue.c **** 						{
 2294              		.loc 1 1063 9 discriminator 1 view .LVU686
 2295 00bc 18B1     		cbz	r0, .L162
1067:Middlewares/Third_Party/FreeRTOS/Source/queue.c **** 							{
 2296              		.loc 1 1067 8 is_stmt 1 view .LVU687
1067:Middlewares/Third_Party/FreeRTOS/Source/queue.c **** 							{
 2297              		.loc 1 1067 10 is_stmt 0 view .LVU688
 2298 00be 26B1     		cbz	r6, .L163
1069:Middlewares/Third_Party/FreeRTOS/Source/queue.c **** 							}
 2299              		.loc 1 1069 9 is_stmt 1 view .LVU689
1069:Middlewares/Third_Party/FreeRTOS/Source/queue.c **** 							}
ARM GAS  C:\Users\Made\AppData\Local\Temp\cclTNyiU.s 			page 97


 2300              		.loc 1 1069 36 is_stmt 0 view .LVU690
 2301 00c0 0120     		movs	r0, #1
 2302 00c2 3060     		str	r0, [r6]
 2303 00c4 DAE7     		b	.L158
 2304              	.L162:
1098:Middlewares/Third_Party/FreeRTOS/Source/queue.c **** 		}
 2305              		.loc 1 1098 12 view .LVU691
 2306 00c6 0120     		movs	r0, #1
 2307 00c8 D8E7     		b	.L158
 2308              	.L163:
 2309 00ca 0120     		movs	r0, #1
 2310 00cc D6E7     		b	.L158
 2311              	.LBE165:
 2312              		.cfi_endproc
 2313              	.LFE18:
 2315              		.section	.text.xQueueGiveFromISR,"ax",%progbits
 2316              		.align	1
 2317              		.global	xQueueGiveFromISR
 2318              		.syntax unified
 2319              		.thumb
 2320              		.thumb_func
 2322              	xQueueGiveFromISR:
 2323              	.LVL175:
 2324              	.LFB19:
1113:Middlewares/Third_Party/FreeRTOS/Source/queue.c **** BaseType_t xReturn;
 2325              		.loc 1 1113 1 is_stmt 1 view -0
 2326              		.cfi_startproc
 2327              		@ args = 0, pretend = 0, frame = 0
 2328              		@ frame_needed = 0, uses_anonymous_args = 0
1114:Middlewares/Third_Party/FreeRTOS/Source/queue.c **** UBaseType_t uxSavedInterruptStatus;
 2329              		.loc 1 1114 1 view .LVU693
1115:Middlewares/Third_Party/FreeRTOS/Source/queue.c **** Queue_t * const pxQueue = xQueue;
 2330              		.loc 1 1115 1 view .LVU694
1116:Middlewares/Third_Party/FreeRTOS/Source/queue.c **** 
 2331              		.loc 1 1116 1 view .LVU695
1124:Middlewares/Third_Party/FreeRTOS/Source/queue.c **** 
 2332              		.loc 1 1124 2 view .LVU696
 2333 0000 68B1     		cbz	r0, .L184
1113:Middlewares/Third_Party/FreeRTOS/Source/queue.c **** BaseType_t xReturn;
 2334              		.loc 1 1113 1 is_stmt 0 view .LVU697
 2335 0002 70B5     		push	{r4, r5, r6, lr}
 2336              	.LCFI31:
 2337              		.cfi_def_cfa_offset 16
 2338              		.cfi_offset 4, -16
 2339              		.cfi_offset 5, -12
 2340              		.cfi_offset 6, -8
 2341              		.cfi_offset 14, -4
 2342 0004 0C46     		mov	r4, r1
 2343 0006 0546     		mov	r5, r0
1124:Middlewares/Third_Party/FreeRTOS/Source/queue.c **** 
 2344              		.loc 1 1124 25 is_stmt 1 discriminator 2 view .LVU698
1128:Middlewares/Third_Party/FreeRTOS/Source/queue.c **** 
 2345              		.loc 1 1128 2 view .LVU699
 2346 0008 036C     		ldr	r3, [r0, #64]
 2347 000a 8BB1     		cbz	r3, .L172
1128:Middlewares/Third_Party/FreeRTOS/Source/queue.c **** 
 2348              		.loc 1 1128 2 discriminator 1 view .LVU700
ARM GAS  C:\Users\Made\AppData\Local\Temp\cclTNyiU.s 			page 98


 2349              	.LBB166:
 2350              	.LBI166:
 191:Middlewares/Third_Party/FreeRTOS/Source/portable/GCC/ARM_CM4F/portmacro.h **** {
 2351              		.loc 2 191 30 view .LVU701
 2352              	.LBB167:
 193:Middlewares/Third_Party/FreeRTOS/Source/portable/GCC/ARM_CM4F/portmacro.h **** 
 2353              		.loc 2 193 1 view .LVU702
 195:Middlewares/Third_Party/FreeRTOS/Source/portable/GCC/ARM_CM4F/portmacro.h **** 	(
 2354              		.loc 2 195 2 view .LVU703
 2355              		.syntax unified
 2356              	@ 195 "Middlewares/Third_Party/FreeRTOS/Source/portable/GCC/ARM_CM4F/portmacro.h" 1
 2357 000c 4FF05003 			mov r3, #80												
 2358 0010 83F31188 		msr basepri, r3											
 2359 0014 BFF36F8F 		isb														
 2360 0018 BFF34F8F 		dsb														
 2361              	
 2362              	@ 0 "" 2
 2363              		.thumb
 2364              		.syntax unified
 2365              	.L173:
 2366              	.LBE167:
 2367              	.LBE166:
1128:Middlewares/Third_Party/FreeRTOS/Source/queue.c **** 
 2368              		.loc 1 1128 2 discriminator 3 view .LVU704
1128:Middlewares/Third_Party/FreeRTOS/Source/queue.c **** 
 2369              		.loc 1 1128 2 discriminator 3 view .LVU705
 2370 001c FEE7     		b	.L173
 2371              	.L184:
 2372              	.LCFI32:
 2373              		.cfi_def_cfa_offset 0
 2374              		.cfi_restore 4
 2375              		.cfi_restore 5
 2376              		.cfi_restore 6
 2377              		.cfi_restore 14
1124:Middlewares/Third_Party/FreeRTOS/Source/queue.c **** 
 2378              		.loc 1 1124 2 discriminator 1 view .LVU706
 2379              	.LBB168:
 2380              	.LBI168:
 191:Middlewares/Third_Party/FreeRTOS/Source/portable/GCC/ARM_CM4F/portmacro.h **** {
 2381              		.loc 2 191 30 view .LVU707
 2382              	.LBB169:
 193:Middlewares/Third_Party/FreeRTOS/Source/portable/GCC/ARM_CM4F/portmacro.h **** 
 2383              		.loc 2 193 1 view .LVU708
 195:Middlewares/Third_Party/FreeRTOS/Source/portable/GCC/ARM_CM4F/portmacro.h **** 	(
 2384              		.loc 2 195 2 view .LVU709
 2385              		.syntax unified
 2386              	@ 195 "Middlewares/Third_Party/FreeRTOS/Source/portable/GCC/ARM_CM4F/portmacro.h" 1
 2387 001e 4FF05003 			mov r3, #80												
 2388 0022 83F31188 		msr basepri, r3											
 2389 0026 BFF36F8F 		isb														
 2390 002a BFF34F8F 		dsb														
 2391              	
 2392              	@ 0 "" 2
 2393              		.thumb
 2394              		.syntax unified
 2395              	.L171:
 2396              	.LBE169:
ARM GAS  C:\Users\Made\AppData\Local\Temp\cclTNyiU.s 			page 99


 2397              	.LBE168:
1124:Middlewares/Third_Party/FreeRTOS/Source/queue.c **** 
 2398              		.loc 1 1124 2 discriminator 3 view .LVU710
1124:Middlewares/Third_Party/FreeRTOS/Source/queue.c **** 
 2399              		.loc 1 1124 2 discriminator 3 view .LVU711
 2400 002e FEE7     		b	.L171
 2401              	.L172:
 2402              	.LCFI33:
 2403              		.cfi_def_cfa_offset 16
 2404              		.cfi_offset 4, -16
 2405              		.cfi_offset 5, -12
 2406              		.cfi_offset 6, -8
 2407              		.cfi_offset 14, -4
1128:Middlewares/Third_Party/FreeRTOS/Source/queue.c **** 
 2408              		.loc 1 1128 42 discriminator 2 view .LVU712
1133:Middlewares/Third_Party/FreeRTOS/Source/queue.c **** 
 2409              		.loc 1 1133 2 view .LVU713
 2410 0030 0368     		ldr	r3, [r0]
 2411 0032 EBB1     		cbz	r3, .L185
 2412              	.L174:
1133:Middlewares/Third_Party/FreeRTOS/Source/queue.c **** 
 2413              		.loc 1 1133 120 discriminator 8 view .LVU714
1149:Middlewares/Third_Party/FreeRTOS/Source/queue.c **** 
 2414              		.loc 1 1149 2 view .LVU715
 2415 0034 FFF7FEFF 		bl	vPortValidateInterruptPriority
 2416              	.LVL176:
1151:Middlewares/Third_Party/FreeRTOS/Source/queue.c **** 	{
 2417              		.loc 1 1151 2 view .LVU716
 2418              	.LBB170:
 2419              	.LBI170:
 207:Middlewares/Third_Party/FreeRTOS/Source/portable/GCC/ARM_CM4F/portmacro.h **** {
 2420              		.loc 2 207 34 view .LVU717
 2421              	.LBB171:
 209:Middlewares/Third_Party/FreeRTOS/Source/portable/GCC/ARM_CM4F/portmacro.h **** 
 2422              		.loc 2 209 1 view .LVU718
 211:Middlewares/Third_Party/FreeRTOS/Source/portable/GCC/ARM_CM4F/portmacro.h **** 	(
 2423              		.loc 2 211 2 view .LVU719
 2424              		.syntax unified
 2425              	@ 211 "Middlewares/Third_Party/FreeRTOS/Source/portable/GCC/ARM_CM4F/portmacro.h" 1
 2426 0038 EFF31186 			mrs r6, basepri											
 2427 003c 4FF05003 		mov r3, #80												
 2428 0040 83F31188 		msr basepri, r3											
 2429 0044 BFF36F8F 		isb														
 2430 0048 BFF34F8F 		dsb														
 2431              	
 2432              	@ 0 "" 2
 2433              	.LVL177:
 223:Middlewares/Third_Party/FreeRTOS/Source/portable/GCC/ARM_CM4F/portmacro.h **** }
 2434              		.loc 2 223 2 view .LVU720
 223:Middlewares/Third_Party/FreeRTOS/Source/portable/GCC/ARM_CM4F/portmacro.h **** }
 2435              		.loc 2 223 2 is_stmt 0 view .LVU721
 2436              		.thumb
 2437              		.syntax unified
 2438              	.LBE171:
 2439              	.LBE170:
 2440              	.LBB172:
1153:Middlewares/Third_Party/FreeRTOS/Source/queue.c **** 
ARM GAS  C:\Users\Made\AppData\Local\Temp\cclTNyiU.s 			page 100


 2441              		.loc 1 1153 3 is_stmt 1 view .LVU722
1153:Middlewares/Third_Party/FreeRTOS/Source/queue.c **** 
 2442              		.loc 1 1153 21 is_stmt 0 view .LVU723
 2443 004c AA6B     		ldr	r2, [r5, #56]
 2444              	.LVL178:
1158:Middlewares/Third_Party/FreeRTOS/Source/queue.c **** 		{
 2445              		.loc 1 1158 3 is_stmt 1 view .LVU724
1158:Middlewares/Third_Party/FreeRTOS/Source/queue.c **** 		{
 2446              		.loc 1 1158 34 is_stmt 0 view .LVU725
 2447 004e EB6B     		ldr	r3, [r5, #60]
1158:Middlewares/Third_Party/FreeRTOS/Source/queue.c **** 		{
 2448              		.loc 1 1158 5 view .LVU726
 2449 0050 9342     		cmp	r3, r2
 2450 0052 26D9     		bls	.L178
 2451              	.LBB173:
1160:Middlewares/Third_Party/FreeRTOS/Source/queue.c **** 
 2452              		.loc 1 1160 4 is_stmt 1 view .LVU727
1160:Middlewares/Third_Party/FreeRTOS/Source/queue.c **** 
 2453              		.loc 1 1160 17 is_stmt 0 view .LVU728
 2454 0054 95F84530 		ldrb	r3, [r5, #69]	@ zero_extendqisi2
 2455 0058 5BB2     		sxtb	r3, r3
 2456              	.LVL179:
1162:Middlewares/Third_Party/FreeRTOS/Source/queue.c **** 
 2457              		.loc 1 1162 39 is_stmt 1 view .LVU729
1170:Middlewares/Third_Party/FreeRTOS/Source/queue.c **** 
 2458              		.loc 1 1170 4 view .LVU730
1170:Middlewares/Third_Party/FreeRTOS/Source/queue.c **** 
 2459              		.loc 1 1170 51 is_stmt 0 view .LVU731
 2460 005a 0132     		adds	r2, r2, #1
 2461              	.LVL180:
1170:Middlewares/Third_Party/FreeRTOS/Source/queue.c **** 
 2462              		.loc 1 1170 31 view .LVU732
 2463 005c AA63     		str	r2, [r5, #56]
1174:Middlewares/Third_Party/FreeRTOS/Source/queue.c **** 			{
 2464              		.loc 1 1174 4 is_stmt 1 view .LVU733
1174:Middlewares/Third_Party/FreeRTOS/Source/queue.c **** 			{
 2465              		.loc 1 1174 6 is_stmt 0 view .LVU734
 2466 005e B3F1FF3F 		cmp	r3, #-1
 2467 0062 11D0     		beq	.L186
1260:Middlewares/Third_Party/FreeRTOS/Source/queue.c **** 			}
 2468              		.loc 1 1260 5 is_stmt 1 view .LVU735
1260:Middlewares/Third_Party/FreeRTOS/Source/queue.c **** 			}
 2469              		.loc 1 1260 45 is_stmt 0 view .LVU736
 2470 0064 0133     		adds	r3, r3, #1
 2471              	.LVL181:
1260:Middlewares/Third_Party/FreeRTOS/Source/queue.c **** 			}
 2472              		.loc 1 1260 24 view .LVU737
 2473 0066 5BB2     		sxtb	r3, r3
 2474              	.LVL182:
1260:Middlewares/Third_Party/FreeRTOS/Source/queue.c **** 			}
 2475              		.loc 1 1260 22 view .LVU738
 2476 0068 85F84530 		strb	r3, [r5, #69]
1263:Middlewares/Third_Party/FreeRTOS/Source/queue.c **** 		}
 2477              		.loc 1 1263 12 view .LVU739
 2478 006c 0120     		movs	r0, #1
 2479 006e 19E0     		b	.L176
 2480              	.LVL183:
ARM GAS  C:\Users\Made\AppData\Local\Temp\cclTNyiU.s 			page 101


 2481              	.L185:
1263:Middlewares/Third_Party/FreeRTOS/Source/queue.c **** 		}
 2482              		.loc 1 1263 12 view .LVU740
 2483              	.LBE173:
 2484              	.LBE172:
1133:Middlewares/Third_Party/FreeRTOS/Source/queue.c **** 
 2485              		.loc 1 1133 2 discriminator 2 view .LVU741
 2486 0070 8368     		ldr	r3, [r0, #8]
 2487 0072 002B     		cmp	r3, #0
 2488 0074 DED0     		beq	.L174
1133:Middlewares/Third_Party/FreeRTOS/Source/queue.c **** 
 2489              		.loc 1 1133 2 is_stmt 1 discriminator 7 view .LVU742
 2490              	.LBB176:
 2491              	.LBI176:
 191:Middlewares/Third_Party/FreeRTOS/Source/portable/GCC/ARM_CM4F/portmacro.h **** {
 2492              		.loc 2 191 30 view .LVU743
 2493              	.LBB177:
 193:Middlewares/Third_Party/FreeRTOS/Source/portable/GCC/ARM_CM4F/portmacro.h **** 
 2494              		.loc 2 193 1 view .LVU744
 195:Middlewares/Third_Party/FreeRTOS/Source/portable/GCC/ARM_CM4F/portmacro.h **** 	(
 2495              		.loc 2 195 2 view .LVU745
 2496              		.syntax unified
 2497              	@ 195 "Middlewares/Third_Party/FreeRTOS/Source/portable/GCC/ARM_CM4F/portmacro.h" 1
 2498 0076 4FF05003 			mov r3, #80												
 2499 007a 83F31188 		msr basepri, r3											
 2500 007e BFF36F8F 		isb														
 2501 0082 BFF34F8F 		dsb														
 2502              	
 2503              	@ 0 "" 2
 2504              		.thumb
 2505              		.syntax unified
 2506              	.L175:
 2507              	.LBE177:
 2508              	.LBE176:
1133:Middlewares/Third_Party/FreeRTOS/Source/queue.c **** 
 2509              		.loc 1 1133 2 discriminator 9 view .LVU746
1133:Middlewares/Third_Party/FreeRTOS/Source/queue.c **** 
 2510              		.loc 1 1133 2 discriminator 9 view .LVU747
 2511 0086 FEE7     		b	.L175
 2512              	.LVL184:
 2513              	.L186:
 2514              	.LBB178:
 2515              	.LBB174:
1229:Middlewares/Third_Party/FreeRTOS/Source/queue.c **** 					{
 2516              		.loc 1 1229 6 view .LVU748
1229:Middlewares/Third_Party/FreeRTOS/Source/queue.c **** 					{
 2517              		.loc 1 1229 10 is_stmt 0 view .LVU749
 2518 0088 6B6A     		ldr	r3, [r5, #36]
 2519              	.LVL185:
1229:Middlewares/Third_Party/FreeRTOS/Source/queue.c **** 					{
 2520              		.loc 1 1229 8 view .LVU750
 2521 008a 0BB9     		cbnz	r3, .L187
1263:Middlewares/Third_Party/FreeRTOS/Source/queue.c **** 		}
 2522              		.loc 1 1263 12 view .LVU751
 2523 008c 0120     		movs	r0, #1
 2524 008e 09E0     		b	.L176
 2525              	.L187:
ARM GAS  C:\Users\Made\AppData\Local\Temp\cclTNyiU.s 			page 102


1231:Middlewares/Third_Party/FreeRTOS/Source/queue.c **** 						{
 2526              		.loc 1 1231 7 is_stmt 1 view .LVU752
1231:Middlewares/Third_Party/FreeRTOS/Source/queue.c **** 						{
 2527              		.loc 1 1231 11 is_stmt 0 view .LVU753
 2528 0090 05F12400 		add	r0, r5, #36
 2529 0094 FFF7FEFF 		bl	xTaskRemoveFromEventList
 2530              	.LVL186:
1231:Middlewares/Third_Party/FreeRTOS/Source/queue.c **** 						{
 2531              		.loc 1 1231 9 discriminator 1 view .LVU754
 2532 0098 38B1     		cbz	r0, .L180
1235:Middlewares/Third_Party/FreeRTOS/Source/queue.c **** 							{
 2533              		.loc 1 1235 8 is_stmt 1 view .LVU755
1235:Middlewares/Third_Party/FreeRTOS/Source/queue.c **** 							{
 2534              		.loc 1 1235 10 is_stmt 0 view .LVU756
 2535 009a 44B1     		cbz	r4, .L181
1237:Middlewares/Third_Party/FreeRTOS/Source/queue.c **** 							}
 2536              		.loc 1 1237 9 is_stmt 1 view .LVU757
1237:Middlewares/Third_Party/FreeRTOS/Source/queue.c **** 							}
 2537              		.loc 1 1237 36 is_stmt 0 view .LVU758
 2538 009c 0120     		movs	r0, #1
 2539 009e 2060     		str	r0, [r4]
 2540 00a0 00E0     		b	.L176
 2541              	.LVL187:
 2542              	.L178:
1237:Middlewares/Third_Party/FreeRTOS/Source/queue.c **** 							}
 2543              		.loc 1 1237 36 view .LVU759
 2544              	.LBE174:
1268:Middlewares/Third_Party/FreeRTOS/Source/queue.c **** 		}
 2545              		.loc 1 1268 12 view .LVU760
 2546 00a2 0020     		movs	r0, #0
 2547              	.LVL188:
 2548              	.L176:
1268:Middlewares/Third_Party/FreeRTOS/Source/queue.c **** 		}
 2549              		.loc 1 1268 12 view .LVU761
 2550              	.LBE178:
1271:Middlewares/Third_Party/FreeRTOS/Source/queue.c **** 
 2551              		.loc 1 1271 2 is_stmt 1 view .LVU762
 2552              	.LBB179:
 2553              	.LBI179:
 227:Middlewares/Third_Party/FreeRTOS/Source/portable/GCC/ARM_CM4F/portmacro.h **** {
 2554              		.loc 2 227 30 view .LVU763
 2555              	.LBB180:
 2556              		.loc 2 229 2 view .LVU764
 2557              		.syntax unified
 2558              	@ 229 "Middlewares/Third_Party/FreeRTOS/Source/portable/GCC/ARM_CM4F/portmacro.h" 1
 2559 00a4 86F31188 			msr basepri, r6	
 2560              	@ 0 "" 2
 2561              		.thumb
 2562              		.syntax unified
 2563              	.LBE180:
 2564              	.LBE179:
1273:Middlewares/Third_Party/FreeRTOS/Source/queue.c **** }
 2565              		.loc 1 1273 2 view .LVU765
1274:Middlewares/Third_Party/FreeRTOS/Source/queue.c **** /*-----------------------------------------------------------*/
 2566              		.loc 1 1274 1 is_stmt 0 view .LVU766
 2567 00a8 70BD     		pop	{r4, r5, r6, pc}
 2568              	.LVL189:
ARM GAS  C:\Users\Made\AppData\Local\Temp\cclTNyiU.s 			page 103


 2569              	.L180:
 2570              	.LBB181:
 2571              	.LBB175:
1263:Middlewares/Third_Party/FreeRTOS/Source/queue.c **** 		}
 2572              		.loc 1 1263 12 view .LVU767
 2573 00aa 0120     		movs	r0, #1
 2574 00ac FAE7     		b	.L176
 2575              	.L181:
 2576 00ae 0120     		movs	r0, #1
 2577 00b0 F8E7     		b	.L176
 2578              	.LBE175:
 2579              	.LBE181:
 2580              		.cfi_endproc
 2581              	.LFE19:
 2583              		.section	.text.xQueueReceive,"ax",%progbits
 2584              		.align	1
 2585              		.global	xQueueReceive
 2586              		.syntax unified
 2587              		.thumb
 2588              		.thumb_func
 2590              	xQueueReceive:
 2591              	.LVL190:
 2592              	.LFB20:
1278:Middlewares/Third_Party/FreeRTOS/Source/queue.c **** BaseType_t xEntryTimeSet = pdFALSE;
 2593              		.loc 1 1278 1 is_stmt 1 view -0
 2594              		.cfi_startproc
 2595              		@ args = 0, pretend = 0, frame = 16
 2596              		@ frame_needed = 0, uses_anonymous_args = 0
1278:Middlewares/Third_Party/FreeRTOS/Source/queue.c **** BaseType_t xEntryTimeSet = pdFALSE;
 2597              		.loc 1 1278 1 is_stmt 0 view .LVU769
 2598 0000 F0B5     		push	{r4, r5, r6, r7, lr}
 2599              	.LCFI34:
 2600              		.cfi_def_cfa_offset 20
 2601              		.cfi_offset 4, -20
 2602              		.cfi_offset 5, -16
 2603              		.cfi_offset 6, -12
 2604              		.cfi_offset 7, -8
 2605              		.cfi_offset 14, -4
 2606 0002 85B0     		sub	sp, sp, #20
 2607              	.LCFI35:
 2608              		.cfi_def_cfa_offset 40
 2609 0004 0192     		str	r2, [sp, #4]
1279:Middlewares/Third_Party/FreeRTOS/Source/queue.c **** TimeOut_t xTimeOut;
 2610              		.loc 1 1279 1 is_stmt 1 view .LVU770
 2611              	.LVL191:
1280:Middlewares/Third_Party/FreeRTOS/Source/queue.c **** Queue_t * const pxQueue = xQueue;
 2612              		.loc 1 1280 1 view .LVU771
1281:Middlewares/Third_Party/FreeRTOS/Source/queue.c **** 
 2613              		.loc 1 1281 1 view .LVU772
1284:Middlewares/Third_Party/FreeRTOS/Source/queue.c **** 
 2614              		.loc 1 1284 2 view .LVU773
 2615 0006 90B1     		cbz	r0, .L208
 2616 0008 0F46     		mov	r7, r1
 2617 000a 0446     		mov	r4, r0
1284:Middlewares/Third_Party/FreeRTOS/Source/queue.c **** 
 2618              		.loc 1 1284 29 discriminator 2 view .LVU774
1288:Middlewares/Third_Party/FreeRTOS/Source/queue.c **** 
ARM GAS  C:\Users\Made\AppData\Local\Temp\cclTNyiU.s 			page 104


 2619              		.loc 1 1288 2 view .LVU775
 2620 000c C1B1     		cbz	r1, .L209
 2621              	.L191:
1288:Middlewares/Third_Party/FreeRTOS/Source/queue.c **** 
 2622              		.loc 1 1288 100 discriminator 8 view .LVU776
1293:Middlewares/Third_Party/FreeRTOS/Source/queue.c **** 	}
 2623              		.loc 1 1293 3 view .LVU777
 2624 000e FFF7FEFF 		bl	xTaskGetSchedulerState
 2625              	.LVL192:
1293:Middlewares/Third_Party/FreeRTOS/Source/queue.c **** 	}
 2626              		.loc 1 1293 3 is_stmt 0 discriminator 1 view .LVU778
 2627 0012 0646     		mov	r6, r0
 2628 0014 00BB     		cbnz	r0, .L206
1293:Middlewares/Third_Party/FreeRTOS/Source/queue.c **** 	}
 2629              		.loc 1 1293 3 discriminator 2 view .LVU779
 2630 0016 019B     		ldr	r3, [sp, #4]
 2631 0018 002B     		cmp	r3, #0
 2632 001a 5ED0     		beq	.L195
1293:Middlewares/Third_Party/FreeRTOS/Source/queue.c **** 	}
 2633              		.loc 1 1293 3 is_stmt 1 discriminator 7 view .LVU780
 2634              	.LBB182:
 2635              	.LBI182:
 191:Middlewares/Third_Party/FreeRTOS/Source/portable/GCC/ARM_CM4F/portmacro.h **** {
 2636              		.loc 2 191 30 view .LVU781
 2637              	.LBB183:
 193:Middlewares/Third_Party/FreeRTOS/Source/portable/GCC/ARM_CM4F/portmacro.h **** 
 2638              		.loc 2 193 1 view .LVU782
 195:Middlewares/Third_Party/FreeRTOS/Source/portable/GCC/ARM_CM4F/portmacro.h **** 	(
 2639              		.loc 2 195 2 view .LVU783
 2640              		.syntax unified
 2641              	@ 195 "Middlewares/Third_Party/FreeRTOS/Source/portable/GCC/ARM_CM4F/portmacro.h" 1
 2642 001c 4FF05003 			mov r3, #80												
 2643 0020 83F31188 		msr basepri, r3											
 2644 0024 BFF36F8F 		isb														
 2645 0028 BFF34F8F 		dsb														
 2646              	
 2647              	@ 0 "" 2
 2648              		.thumb
 2649              		.syntax unified
 2650              	.L194:
 2651              	.LBE183:
 2652              	.LBE182:
1293:Middlewares/Third_Party/FreeRTOS/Source/queue.c **** 	}
 2653              		.loc 1 1293 3 discriminator 9 view .LVU784
1293:Middlewares/Third_Party/FreeRTOS/Source/queue.c **** 	}
 2654              		.loc 1 1293 3 discriminator 9 view .LVU785
 2655 002c FEE7     		b	.L194
 2656              	.LVL193:
 2657              	.L208:
1284:Middlewares/Third_Party/FreeRTOS/Source/queue.c **** 
 2658              		.loc 1 1284 2 discriminator 1 view .LVU786
 2659              	.LBB184:
 2660              	.LBI184:
 191:Middlewares/Third_Party/FreeRTOS/Source/portable/GCC/ARM_CM4F/portmacro.h **** {
 2661              		.loc 2 191 30 view .LVU787
 2662              	.LBB185:
 193:Middlewares/Third_Party/FreeRTOS/Source/portable/GCC/ARM_CM4F/portmacro.h **** 
ARM GAS  C:\Users\Made\AppData\Local\Temp\cclTNyiU.s 			page 105


 2663              		.loc 2 193 1 view .LVU788
 195:Middlewares/Third_Party/FreeRTOS/Source/portable/GCC/ARM_CM4F/portmacro.h **** 	(
 2664              		.loc 2 195 2 view .LVU789
 2665              		.syntax unified
 2666              	@ 195 "Middlewares/Third_Party/FreeRTOS/Source/portable/GCC/ARM_CM4F/portmacro.h" 1
 2667 002e 4FF05003 			mov r3, #80												
 2668 0032 83F31188 		msr basepri, r3											
 2669 0036 BFF36F8F 		isb														
 2670 003a BFF34F8F 		dsb														
 2671              	
 2672              	@ 0 "" 2
 2673              		.thumb
 2674              		.syntax unified
 2675              	.L190:
 2676              	.LBE185:
 2677              	.LBE184:
1284:Middlewares/Third_Party/FreeRTOS/Source/queue.c **** 
 2678              		.loc 1 1284 2 discriminator 3 view .LVU790
1284:Middlewares/Third_Party/FreeRTOS/Source/queue.c **** 
 2679              		.loc 1 1284 2 discriminator 3 view .LVU791
 2680 003e FEE7     		b	.L190
 2681              	.L209:
1288:Middlewares/Third_Party/FreeRTOS/Source/queue.c **** 
 2682              		.loc 1 1288 2 is_stmt 0 discriminator 2 view .LVU792
 2683 0040 036C     		ldr	r3, [r0, #64]
 2684 0042 002B     		cmp	r3, #0
 2685 0044 E3D0     		beq	.L191
1288:Middlewares/Third_Party/FreeRTOS/Source/queue.c **** 
 2686              		.loc 1 1288 2 is_stmt 1 discriminator 7 view .LVU793
 2687              	.LBB186:
 2688              	.LBI186:
 191:Middlewares/Third_Party/FreeRTOS/Source/portable/GCC/ARM_CM4F/portmacro.h **** {
 2689              		.loc 2 191 30 view .LVU794
 2690              	.LBB187:
 193:Middlewares/Third_Party/FreeRTOS/Source/portable/GCC/ARM_CM4F/portmacro.h **** 
 2691              		.loc 2 193 1 view .LVU795
 195:Middlewares/Third_Party/FreeRTOS/Source/portable/GCC/ARM_CM4F/portmacro.h **** 	(
 2692              		.loc 2 195 2 view .LVU796
 2693              		.syntax unified
 2694              	@ 195 "Middlewares/Third_Party/FreeRTOS/Source/portable/GCC/ARM_CM4F/portmacro.h" 1
 2695 0046 4FF05003 			mov r3, #80												
 2696 004a 83F31188 		msr basepri, r3											
 2697 004e BFF36F8F 		isb														
 2698 0052 BFF34F8F 		dsb														
 2699              	
 2700              	@ 0 "" 2
 2701              		.thumb
 2702              		.syntax unified
 2703              	.L192:
 2704              	.LBE187:
 2705              	.LBE186:
1288:Middlewares/Third_Party/FreeRTOS/Source/queue.c **** 
 2706              		.loc 1 1288 2 discriminator 9 view .LVU797
1288:Middlewares/Third_Party/FreeRTOS/Source/queue.c **** 
 2707              		.loc 1 1288 2 discriminator 9 view .LVU798
 2708 0056 FEE7     		b	.L192
 2709              	.LVL194:
ARM GAS  C:\Users\Made\AppData\Local\Temp\cclTNyiU.s 			page 106


 2710              	.L206:
1288:Middlewares/Third_Party/FreeRTOS/Source/queue.c **** 
 2711              		.loc 1 1288 2 is_stmt 0 discriminator 9 view .LVU799
 2712 0058 0026     		movs	r6, #0
 2713 005a 3EE0     		b	.L195
 2714              	.LVL195:
 2715              	.L212:
 2716              	.LBB188:
1312:Middlewares/Third_Party/FreeRTOS/Source/queue.c **** 				traceQUEUE_RECEIVE( pxQueue );
 2717              		.loc 1 1312 5 is_stmt 1 view .LVU800
 2718 005c 3946     		mov	r1, r7
 2719 005e 2046     		mov	r0, r4
 2720 0060 FFF7FEFF 		bl	prvCopyDataFromQueue
 2721              	.LVL196:
1313:Middlewares/Third_Party/FreeRTOS/Source/queue.c **** 				pxQueue->uxMessagesWaiting = uxMessagesWaiting - ( UBaseType_t ) 1;
 2722              		.loc 1 1313 34 view .LVU801
1314:Middlewares/Third_Party/FreeRTOS/Source/queue.c **** 
 2723              		.loc 1 1314 5 view .LVU802
1314:Middlewares/Third_Party/FreeRTOS/Source/queue.c **** 
 2724              		.loc 1 1314 52 is_stmt 0 view .LVU803
 2725 0064 013D     		subs	r5, r5, #1
 2726              	.LVL197:
1314:Middlewares/Third_Party/FreeRTOS/Source/queue.c **** 
 2727              		.loc 1 1314 32 view .LVU804
 2728 0066 A563     		str	r5, [r4, #56]
1319:Middlewares/Third_Party/FreeRTOS/Source/queue.c **** 				{
 2729              		.loc 1 1319 5 is_stmt 1 view .LVU805
1319:Middlewares/Third_Party/FreeRTOS/Source/queue.c **** 				{
 2730              		.loc 1 1319 9 is_stmt 0 view .LVU806
 2731 0068 2369     		ldr	r3, [r4, #16]
1319:Middlewares/Third_Party/FreeRTOS/Source/queue.c **** 				{
 2732              		.loc 1 1319 7 view .LVU807
 2733 006a 23B9     		cbnz	r3, .L210
 2734              	.L197:
1332:Middlewares/Third_Party/FreeRTOS/Source/queue.c **** 				}
 2735              		.loc 1 1332 30 is_stmt 1 view .LVU808
1335:Middlewares/Third_Party/FreeRTOS/Source/queue.c **** 				return pdPASS;
 2736              		.loc 1 1335 5 view .LVU809
 2737 006c FFF7FEFF 		bl	vPortExitCritical
 2738              	.LVL198:
1336:Middlewares/Third_Party/FreeRTOS/Source/queue.c **** 			}
 2739              		.loc 1 1336 5 view .LVU810
1336:Middlewares/Third_Party/FreeRTOS/Source/queue.c **** 			}
 2740              		.loc 1 1336 12 is_stmt 0 view .LVU811
 2741 0070 0120     		movs	r0, #1
 2742              	.LVL199:
 2743              	.L188:
1336:Middlewares/Third_Party/FreeRTOS/Source/queue.c **** 			}
 2744              		.loc 1 1336 12 view .LVU812
 2745              	.LBE188:
1415:Middlewares/Third_Party/FreeRTOS/Source/queue.c **** /*-----------------------------------------------------------*/
 2746              		.loc 1 1415 1 view .LVU813
 2747 0072 05B0     		add	sp, sp, #20
 2748              	.LCFI36:
 2749              		.cfi_remember_state
 2750              		.cfi_def_cfa_offset 20
 2751              		@ sp needed
ARM GAS  C:\Users\Made\AppData\Local\Temp\cclTNyiU.s 			page 107


 2752 0074 F0BD     		pop	{r4, r5, r6, r7, pc}
 2753              	.LVL200:
 2754              	.L210:
 2755              	.LCFI37:
 2756              		.cfi_restore_state
 2757              	.LBB189:
1321:Middlewares/Third_Party/FreeRTOS/Source/queue.c **** 					{
 2758              		.loc 1 1321 6 is_stmt 1 view .LVU814
1321:Middlewares/Third_Party/FreeRTOS/Source/queue.c **** 					{
 2759              		.loc 1 1321 10 is_stmt 0 view .LVU815
 2760 0076 04F11000 		add	r0, r4, #16
 2761 007a FFF7FEFF 		bl	xTaskRemoveFromEventList
 2762              	.LVL201:
1321:Middlewares/Third_Party/FreeRTOS/Source/queue.c **** 					{
 2763              		.loc 1 1321 8 discriminator 1 view .LVU816
 2764 007e 0028     		cmp	r0, #0
 2765 0080 F4D0     		beq	.L197
1323:Middlewares/Third_Party/FreeRTOS/Source/queue.c **** 					}
 2766              		.loc 1 1323 7 is_stmt 1 view .LVU817
 2767 0082 4FF0E023 		mov	r3, #-536813568
 2768 0086 4FF08052 		mov	r2, #268435456
 2769 008a C3F8042D 		str	r2, [r3, #3332]
1323:Middlewares/Third_Party/FreeRTOS/Source/queue.c **** 					}
 2770              		.loc 1 1323 7 view .LVU818
 2771              		.syntax unified
 2772              	@ 1323 "Middlewares/Third_Party/FreeRTOS/Source/queue.c" 1
 2773 008e BFF34F8F 		dsb
 2774              	@ 0 "" 2
1323:Middlewares/Third_Party/FreeRTOS/Source/queue.c **** 					}
 2775              		.loc 1 1323 7 view .LVU819
 2776              	@ 1323 "Middlewares/Third_Party/FreeRTOS/Source/queue.c" 1
 2777 0092 BFF36F8F 		isb
 2778              	@ 0 "" 2
1323:Middlewares/Third_Party/FreeRTOS/Source/queue.c **** 					}
 2779              		.loc 1 1323 39 view .LVU820
 2780              		.thumb
 2781              		.syntax unified
 2782 0096 E9E7     		b	.L197
 2783              	.LVL202:
 2784              	.L213:
1344:Middlewares/Third_Party/FreeRTOS/Source/queue.c **** 					traceQUEUE_RECEIVE_FAILED( pxQueue );
 2785              		.loc 1 1344 6 view .LVU821
 2786 0098 FFF7FEFF 		bl	vPortExitCritical
 2787              	.LVL203:
1345:Middlewares/Third_Party/FreeRTOS/Source/queue.c **** 					return errQUEUE_EMPTY;
 2788              		.loc 1 1345 42 view .LVU822
1346:Middlewares/Third_Party/FreeRTOS/Source/queue.c **** 				}
 2789              		.loc 1 1346 6 view .LVU823
1346:Middlewares/Third_Party/FreeRTOS/Source/queue.c **** 				}
 2790              		.loc 1 1346 13 is_stmt 0 view .LVU824
 2791 009c 0020     		movs	r0, #0
 2792 009e E8E7     		b	.L188
 2793              	.L214:
1352:Middlewares/Third_Party/FreeRTOS/Source/queue.c **** 					xEntryTimeSet = pdTRUE;
 2794              		.loc 1 1352 6 is_stmt 1 view .LVU825
 2795 00a0 02A8     		add	r0, sp, #8
 2796 00a2 FFF7FEFF 		bl	vTaskInternalSetTimeOutState
ARM GAS  C:\Users\Made\AppData\Local\Temp\cclTNyiU.s 			page 108


 2797              	.LVL204:
1353:Middlewares/Third_Party/FreeRTOS/Source/queue.c **** 				}
 2798              		.loc 1 1353 6 view .LVU826
1353:Middlewares/Third_Party/FreeRTOS/Source/queue.c **** 				}
 2799              		.loc 1 1353 20 is_stmt 0 view .LVU827
 2800 00a6 0126     		movs	r6, #1
 2801 00a8 21E0     		b	.L200
 2802              	.LVL205:
 2803              	.L215:
1353:Middlewares/Third_Party/FreeRTOS/Source/queue.c **** 				}
 2804              		.loc 1 1353 20 view .LVU828
 2805              	.LBE189:
1368:Middlewares/Third_Party/FreeRTOS/Source/queue.c **** 
 2806              		.loc 1 1368 3 is_stmt 1 discriminator 1 view .LVU829
 2807 00aa 0023     		movs	r3, #0
 2808 00ac 84F84430 		strb	r3, [r4, #68]
 2809 00b0 29E0     		b	.L201
 2810              	.L216:
1368:Middlewares/Third_Party/FreeRTOS/Source/queue.c **** 
 2811              		.loc 1 1368 3 discriminator 4 view .LVU830
 2812 00b2 0023     		movs	r3, #0
 2813 00b4 84F84530 		strb	r3, [r4, #69]
 2814 00b8 2BE0     		b	.L202
 2815              	.L204:
1393:Middlewares/Third_Party/FreeRTOS/Source/queue.c **** 				( void ) xTaskResumeAll();
 2816              		.loc 1 1393 5 view .LVU831
 2817 00ba 2046     		mov	r0, r4
 2818 00bc FFF7FEFF 		bl	prvUnlockQueue
 2819              	.LVL206:
1394:Middlewares/Third_Party/FreeRTOS/Source/queue.c **** 			}
 2820              		.loc 1 1394 5 view .LVU832
1394:Middlewares/Third_Party/FreeRTOS/Source/queue.c **** 			}
 2821              		.loc 1 1394 14 is_stmt 0 view .LVU833
 2822 00c0 FFF7FEFF 		bl	xTaskResumeAll
 2823              	.LVL207:
 2824 00c4 09E0     		b	.L195
 2825              	.L203:
1401:Middlewares/Third_Party/FreeRTOS/Source/queue.c **** 			( void ) xTaskResumeAll();
 2826              		.loc 1 1401 4 is_stmt 1 view .LVU834
 2827 00c6 2046     		mov	r0, r4
 2828 00c8 FFF7FEFF 		bl	prvUnlockQueue
 2829              	.LVL208:
1402:Middlewares/Third_Party/FreeRTOS/Source/queue.c **** 
 2830              		.loc 1 1402 4 view .LVU835
1402:Middlewares/Third_Party/FreeRTOS/Source/queue.c **** 
 2831              		.loc 1 1402 13 is_stmt 0 view .LVU836
 2832 00cc FFF7FEFF 		bl	xTaskResumeAll
 2833              	.LVL209:
1404:Middlewares/Third_Party/FreeRTOS/Source/queue.c **** 			{
 2834              		.loc 1 1404 4 is_stmt 1 view .LVU837
1404:Middlewares/Third_Party/FreeRTOS/Source/queue.c **** 			{
 2835              		.loc 1 1404 8 is_stmt 0 view .LVU838
 2836 00d0 2046     		mov	r0, r4
 2837 00d2 FFF7FEFF 		bl	prvIsQueueEmpty
 2838              	.LVL210:
1404:Middlewares/Third_Party/FreeRTOS/Source/queue.c **** 			{
 2839              		.loc 1 1404 6 discriminator 1 view .LVU839
ARM GAS  C:\Users\Made\AppData\Local\Temp\cclTNyiU.s 			page 109


 2840 00d6 0028     		cmp	r0, #0
 2841 00d8 3FD1     		bne	.L211
 2842              	.LVL211:
 2843              	.L195:
1293:Middlewares/Third_Party/FreeRTOS/Source/queue.c **** 	}
 2844              		.loc 1 1293 104 is_stmt 1 discriminator 8 view .LVU840
1301:Middlewares/Third_Party/FreeRTOS/Source/queue.c **** 	{
 2845              		.loc 1 1301 2 view .LVU841
1303:Middlewares/Third_Party/FreeRTOS/Source/queue.c **** 		{
 2846              		.loc 1 1303 3 view .LVU842
 2847 00da FFF7FEFF 		bl	vPortEnterCritical
 2848              	.LVL212:
 2849              	.LBB190:
1305:Middlewares/Third_Party/FreeRTOS/Source/queue.c **** 
 2850              		.loc 1 1305 4 view .LVU843
1305:Middlewares/Third_Party/FreeRTOS/Source/queue.c **** 
 2851              		.loc 1 1305 22 is_stmt 0 view .LVU844
 2852 00de A56B     		ldr	r5, [r4, #56]
 2853              	.LVL213:
1309:Middlewares/Third_Party/FreeRTOS/Source/queue.c **** 			{
 2854              		.loc 1 1309 4 is_stmt 1 view .LVU845
1309:Middlewares/Third_Party/FreeRTOS/Source/queue.c **** 			{
 2855              		.loc 1 1309 6 is_stmt 0 view .LVU846
 2856 00e0 002D     		cmp	r5, #0
 2857 00e2 BBD1     		bne	.L212
1340:Middlewares/Third_Party/FreeRTOS/Source/queue.c **** 				{
 2858              		.loc 1 1340 5 is_stmt 1 view .LVU847
1340:Middlewares/Third_Party/FreeRTOS/Source/queue.c **** 				{
 2859              		.loc 1 1340 22 is_stmt 0 view .LVU848
 2860 00e4 019B     		ldr	r3, [sp, #4]
1340:Middlewares/Third_Party/FreeRTOS/Source/queue.c **** 				{
 2861              		.loc 1 1340 7 view .LVU849
 2862 00e6 002B     		cmp	r3, #0
 2863 00e8 D6D0     		beq	.L213
1348:Middlewares/Third_Party/FreeRTOS/Source/queue.c **** 				{
 2864              		.loc 1 1348 10 is_stmt 1 view .LVU850
1348:Middlewares/Third_Party/FreeRTOS/Source/queue.c **** 				{
 2865              		.loc 1 1348 12 is_stmt 0 view .LVU851
 2866 00ea 002E     		cmp	r6, #0
 2867 00ec D8D0     		beq	.L214
 2868              	.LVL214:
 2869              	.L200:
1358:Middlewares/Third_Party/FreeRTOS/Source/queue.c **** 				}
 2870              		.loc 1 1358 30 is_stmt 1 view .LVU852
 2871              	.LBE190:
1362:Middlewares/Third_Party/FreeRTOS/Source/queue.c **** 
 2872              		.loc 1 1362 3 view .LVU853
 2873 00ee FFF7FEFF 		bl	vPortExitCritical
 2874              	.LVL215:
1367:Middlewares/Third_Party/FreeRTOS/Source/queue.c **** 		prvLockQueue( pxQueue );
 2875              		.loc 1 1367 3 view .LVU854
 2876 00f2 FFF7FEFF 		bl	vTaskSuspendAll
 2877              	.LVL216:
1368:Middlewares/Third_Party/FreeRTOS/Source/queue.c **** 
 2878              		.loc 1 1368 3 view .LVU855
 2879 00f6 FFF7FEFF 		bl	vPortEnterCritical
 2880              	.LVL217:
ARM GAS  C:\Users\Made\AppData\Local\Temp\cclTNyiU.s 			page 110


1368:Middlewares/Third_Party/FreeRTOS/Source/queue.c **** 
 2881              		.loc 1 1368 3 discriminator 1 view .LVU856
 2882 00fa 94F84430 		ldrb	r3, [r4, #68]	@ zero_extendqisi2
 2883 00fe 5BB2     		sxtb	r3, r3
 2884 0100 B3F1FF3F 		cmp	r3, #-1
 2885 0104 D1D0     		beq	.L215
 2886              	.L201:
1368:Middlewares/Third_Party/FreeRTOS/Source/queue.c **** 
 2887              		.loc 1 1368 3 discriminator 3 view .LVU857
 2888 0106 94F84530 		ldrb	r3, [r4, #69]	@ zero_extendqisi2
 2889 010a 5BB2     		sxtb	r3, r3
 2890 010c B3F1FF3F 		cmp	r3, #-1
 2891 0110 CFD0     		beq	.L216
 2892              	.L202:
1368:Middlewares/Third_Party/FreeRTOS/Source/queue.c **** 
 2893              		.loc 1 1368 3 discriminator 6 view .LVU858
 2894 0112 FFF7FEFF 		bl	vPortExitCritical
 2895              	.LVL218:
1371:Middlewares/Third_Party/FreeRTOS/Source/queue.c **** 		{
 2896              		.loc 1 1371 3 view .LVU859
1371:Middlewares/Third_Party/FreeRTOS/Source/queue.c **** 		{
 2897              		.loc 1 1371 7 is_stmt 0 view .LVU860
 2898 0116 01A9     		add	r1, sp, #4
 2899 0118 02A8     		add	r0, sp, #8
 2900 011a FFF7FEFF 		bl	xTaskCheckForTimeOut
 2901              	.LVL219:
1371:Middlewares/Third_Party/FreeRTOS/Source/queue.c **** 		{
 2902              		.loc 1 1371 5 discriminator 1 view .LVU861
 2903 011e 0028     		cmp	r0, #0
 2904 0120 D1D1     		bne	.L203
1375:Middlewares/Third_Party/FreeRTOS/Source/queue.c **** 			{
 2905              		.loc 1 1375 4 is_stmt 1 view .LVU862
1375:Middlewares/Third_Party/FreeRTOS/Source/queue.c **** 			{
 2906              		.loc 1 1375 8 is_stmt 0 view .LVU863
 2907 0122 2046     		mov	r0, r4
 2908 0124 FFF7FEFF 		bl	prvIsQueueEmpty
 2909              	.LVL220:
1375:Middlewares/Third_Party/FreeRTOS/Source/queue.c **** 			{
 2910              		.loc 1 1375 6 discriminator 1 view .LVU864
 2911 0128 0028     		cmp	r0, #0
 2912 012a C6D0     		beq	.L204
1377:Middlewares/Third_Party/FreeRTOS/Source/queue.c **** 				vTaskPlaceOnEventList( &( pxQueue->xTasksWaitingToReceive ), xTicksToWait );
 2913              		.loc 1 1377 46 is_stmt 1 view .LVU865
1378:Middlewares/Third_Party/FreeRTOS/Source/queue.c **** 				prvUnlockQueue( pxQueue );
 2914              		.loc 1 1378 5 view .LVU866
 2915 012c 0199     		ldr	r1, [sp, #4]
 2916 012e 04F12400 		add	r0, r4, #36
 2917 0132 FFF7FEFF 		bl	vTaskPlaceOnEventList
 2918              	.LVL221:
1379:Middlewares/Third_Party/FreeRTOS/Source/queue.c **** 				if( xTaskResumeAll() == pdFALSE )
 2919              		.loc 1 1379 5 view .LVU867
 2920 0136 2046     		mov	r0, r4
 2921 0138 FFF7FEFF 		bl	prvUnlockQueue
 2922              	.LVL222:
1380:Middlewares/Third_Party/FreeRTOS/Source/queue.c **** 				{
 2923              		.loc 1 1380 5 view .LVU868
1380:Middlewares/Third_Party/FreeRTOS/Source/queue.c **** 				{
ARM GAS  C:\Users\Made\AppData\Local\Temp\cclTNyiU.s 			page 111


 2924              		.loc 1 1380 9 is_stmt 0 view .LVU869
 2925 013c FFF7FEFF 		bl	xTaskResumeAll
 2926              	.LVL223:
1380:Middlewares/Third_Party/FreeRTOS/Source/queue.c **** 				{
 2927              		.loc 1 1380 7 discriminator 1 view .LVU870
 2928 0140 0028     		cmp	r0, #0
 2929 0142 CAD1     		bne	.L195
1382:Middlewares/Third_Party/FreeRTOS/Source/queue.c **** 				}
 2930              		.loc 1 1382 6 is_stmt 1 view .LVU871
 2931 0144 4FF0E023 		mov	r3, #-536813568
 2932 0148 4FF08052 		mov	r2, #268435456
 2933 014c C3F8042D 		str	r2, [r3, #3332]
1382:Middlewares/Third_Party/FreeRTOS/Source/queue.c **** 				}
 2934              		.loc 1 1382 6 view .LVU872
 2935              		.syntax unified
 2936              	@ 1382 "Middlewares/Third_Party/FreeRTOS/Source/queue.c" 1
 2937 0150 BFF34F8F 		dsb
 2938              	@ 0 "" 2
1382:Middlewares/Third_Party/FreeRTOS/Source/queue.c **** 				}
 2939              		.loc 1 1382 6 view .LVU873
 2940              	@ 1382 "Middlewares/Third_Party/FreeRTOS/Source/queue.c" 1
 2941 0154 BFF36F8F 		isb
 2942              	@ 0 "" 2
1382:Middlewares/Third_Party/FreeRTOS/Source/queue.c **** 				}
 2943              		.loc 1 1382 28 view .LVU874
 2944              		.thumb
 2945              		.syntax unified
 2946 0158 BFE7     		b	.L195
 2947              	.L211:
1407:Middlewares/Third_Party/FreeRTOS/Source/queue.c **** 			}
 2948              		.loc 1 1407 12 is_stmt 0 view .LVU875
 2949 015a 0020     		movs	r0, #0
 2950 015c 89E7     		b	.L188
 2951              		.cfi_endproc
 2952              	.LFE20:
 2954              		.section	.text.xQueueSemaphoreTake,"ax",%progbits
 2955              		.align	1
 2956              		.global	xQueueSemaphoreTake
 2957              		.syntax unified
 2958              		.thumb
 2959              		.thumb_func
 2961              	xQueueSemaphoreTake:
 2962              	.LVL224:
 2963              	.LFB21:
1419:Middlewares/Third_Party/FreeRTOS/Source/queue.c **** BaseType_t xEntryTimeSet = pdFALSE;
 2964              		.loc 1 1419 1 is_stmt 1 view -0
 2965              		.cfi_startproc
 2966              		@ args = 0, pretend = 0, frame = 16
 2967              		@ frame_needed = 0, uses_anonymous_args = 0
1419:Middlewares/Third_Party/FreeRTOS/Source/queue.c **** BaseType_t xEntryTimeSet = pdFALSE;
 2968              		.loc 1 1419 1 is_stmt 0 view .LVU877
 2969 0000 70B5     		push	{r4, r5, r6, lr}
 2970              	.LCFI38:
 2971              		.cfi_def_cfa_offset 16
 2972              		.cfi_offset 4, -16
 2973              		.cfi_offset 5, -12
 2974              		.cfi_offset 6, -8
ARM GAS  C:\Users\Made\AppData\Local\Temp\cclTNyiU.s 			page 112


 2975              		.cfi_offset 14, -4
 2976 0002 84B0     		sub	sp, sp, #16
 2977              	.LCFI39:
 2978              		.cfi_def_cfa_offset 32
 2979 0004 0191     		str	r1, [sp, #4]
1420:Middlewares/Third_Party/FreeRTOS/Source/queue.c **** TimeOut_t xTimeOut;
 2980              		.loc 1 1420 1 is_stmt 1 view .LVU878
 2981              	.LVL225:
1421:Middlewares/Third_Party/FreeRTOS/Source/queue.c **** Queue_t * const pxQueue = xQueue;
 2982              		.loc 1 1421 1 view .LVU879
1422:Middlewares/Third_Party/FreeRTOS/Source/queue.c **** 
 2983              		.loc 1 1422 1 view .LVU880
1425:Middlewares/Third_Party/FreeRTOS/Source/queue.c **** #endif
 2984              		.loc 1 1425 2 view .LVU881
1429:Middlewares/Third_Party/FreeRTOS/Source/queue.c **** 
 2985              		.loc 1 1429 2 view .LVU882
 2986 0006 58B1     		cbz	r0, .L243
 2987 0008 0446     		mov	r4, r0
1429:Middlewares/Third_Party/FreeRTOS/Source/queue.c **** 
 2988              		.loc 1 1429 29 discriminator 2 view .LVU883
1433:Middlewares/Third_Party/FreeRTOS/Source/queue.c **** 
 2989              		.loc 1 1433 2 view .LVU884
 2990 000a 036C     		ldr	r3, [r0, #64]
 2991 000c 8BB1     		cbz	r3, .L220
1433:Middlewares/Third_Party/FreeRTOS/Source/queue.c **** 
 2992              		.loc 1 1433 2 discriminator 1 view .LVU885
 2993              	.LBB191:
 2994              	.LBI191:
 191:Middlewares/Third_Party/FreeRTOS/Source/portable/GCC/ARM_CM4F/portmacro.h **** {
 2995              		.loc 2 191 30 view .LVU886
 2996              	.LBB192:
 193:Middlewares/Third_Party/FreeRTOS/Source/portable/GCC/ARM_CM4F/portmacro.h **** 
 2997              		.loc 2 193 1 view .LVU887
 195:Middlewares/Third_Party/FreeRTOS/Source/portable/GCC/ARM_CM4F/portmacro.h **** 	(
 2998              		.loc 2 195 2 view .LVU888
 2999              		.syntax unified
 3000              	@ 195 "Middlewares/Third_Party/FreeRTOS/Source/portable/GCC/ARM_CM4F/portmacro.h" 1
 3001 000e 4FF05003 			mov r3, #80												
 3002 0012 83F31188 		msr basepri, r3											
 3003 0016 BFF36F8F 		isb														
 3004 001a BFF34F8F 		dsb														
 3005              	
 3006              	@ 0 "" 2
 3007              		.thumb
 3008              		.syntax unified
 3009              	.L221:
 3010              	.LBE192:
 3011              	.LBE191:
1433:Middlewares/Third_Party/FreeRTOS/Source/queue.c **** 
 3012              		.loc 1 1433 2 discriminator 3 view .LVU889
1433:Middlewares/Third_Party/FreeRTOS/Source/queue.c **** 
 3013              		.loc 1 1433 2 discriminator 3 view .LVU890
 3014 001e FEE7     		b	.L221
 3015              	.L243:
1429:Middlewares/Third_Party/FreeRTOS/Source/queue.c **** 
 3016              		.loc 1 1429 2 discriminator 1 view .LVU891
 3017              	.LBB193:
ARM GAS  C:\Users\Made\AppData\Local\Temp\cclTNyiU.s 			page 113


 3018              	.LBI193:
 191:Middlewares/Third_Party/FreeRTOS/Source/portable/GCC/ARM_CM4F/portmacro.h **** {
 3019              		.loc 2 191 30 view .LVU892
 3020              	.LBB194:
 193:Middlewares/Third_Party/FreeRTOS/Source/portable/GCC/ARM_CM4F/portmacro.h **** 
 3021              		.loc 2 193 1 view .LVU893
 195:Middlewares/Third_Party/FreeRTOS/Source/portable/GCC/ARM_CM4F/portmacro.h **** 	(
 3022              		.loc 2 195 2 view .LVU894
 3023              		.syntax unified
 3024              	@ 195 "Middlewares/Third_Party/FreeRTOS/Source/portable/GCC/ARM_CM4F/portmacro.h" 1
 3025 0020 4FF05003 			mov r3, #80												
 3026 0024 83F31188 		msr basepri, r3											
 3027 0028 BFF36F8F 		isb														
 3028 002c BFF34F8F 		dsb														
 3029              	
 3030              	@ 0 "" 2
 3031              		.thumb
 3032              		.syntax unified
 3033              	.L219:
 3034              	.LBE194:
 3035              	.LBE193:
1429:Middlewares/Third_Party/FreeRTOS/Source/queue.c **** 
 3036              		.loc 1 1429 2 discriminator 3 view .LVU895
1429:Middlewares/Third_Party/FreeRTOS/Source/queue.c **** 
 3037              		.loc 1 1429 2 discriminator 3 view .LVU896
 3038 0030 FEE7     		b	.L219
 3039              	.L220:
1433:Middlewares/Third_Party/FreeRTOS/Source/queue.c **** 
 3040              		.loc 1 1433 42 discriminator 2 view .LVU897
1438:Middlewares/Third_Party/FreeRTOS/Source/queue.c **** 	}
 3041              		.loc 1 1438 3 view .LVU898
 3042 0032 FFF7FEFF 		bl	xTaskGetSchedulerState
 3043              	.LVL226:
1438:Middlewares/Third_Party/FreeRTOS/Source/queue.c **** 	}
 3044              		.loc 1 1438 3 is_stmt 0 discriminator 1 view .LVU899
 3045 0036 0546     		mov	r5, r0
 3046 0038 50B9     		cbnz	r0, .L240
1438:Middlewares/Third_Party/FreeRTOS/Source/queue.c **** 	}
 3047              		.loc 1 1438 3 discriminator 2 view .LVU900
 3048 003a 019B     		ldr	r3, [sp, #4]
 3049 003c 5BB1     		cbz	r3, .L241
1438:Middlewares/Third_Party/FreeRTOS/Source/queue.c **** 	}
 3050              		.loc 1 1438 3 is_stmt 1 discriminator 7 view .LVU901
 3051              	.LBB195:
 3052              	.LBI195:
 191:Middlewares/Third_Party/FreeRTOS/Source/portable/GCC/ARM_CM4F/portmacro.h **** {
 3053              		.loc 2 191 30 view .LVU902
 3054              	.LBB196:
 193:Middlewares/Third_Party/FreeRTOS/Source/portable/GCC/ARM_CM4F/portmacro.h **** 
 3055              		.loc 2 193 1 view .LVU903
 195:Middlewares/Third_Party/FreeRTOS/Source/portable/GCC/ARM_CM4F/portmacro.h **** 	(
 3056              		.loc 2 195 2 view .LVU904
 3057              		.syntax unified
 3058              	@ 195 "Middlewares/Third_Party/FreeRTOS/Source/portable/GCC/ARM_CM4F/portmacro.h" 1
 3059 003e 4FF05003 			mov r3, #80												
 3060 0042 83F31188 		msr basepri, r3											
 3061 0046 BFF36F8F 		isb														
ARM GAS  C:\Users\Made\AppData\Local\Temp\cclTNyiU.s 			page 114


 3062 004a BFF34F8F 		dsb														
 3063              	
 3064              	@ 0 "" 2
 3065              		.thumb
 3066              		.syntax unified
 3067              	.L223:
 3068              	.LBE196:
 3069              	.LBE195:
1438:Middlewares/Third_Party/FreeRTOS/Source/queue.c **** 	}
 3070              		.loc 1 1438 3 discriminator 9 view .LVU905
1438:Middlewares/Third_Party/FreeRTOS/Source/queue.c **** 	}
 3071              		.loc 1 1438 3 discriminator 9 view .LVU906
 3072 004e FEE7     		b	.L223
 3073              	.L240:
 3074 0050 0026     		movs	r6, #0
 3075 0052 3546     		mov	r5, r6
 3076 0054 55E0     		b	.L224
 3077              	.L241:
 3078 0056 0646     		mov	r6, r0
 3079 0058 53E0     		b	.L224
 3080              	.LVL227:
 3081              	.L247:
 3082              	.LBB197:
1458:Middlewares/Third_Party/FreeRTOS/Source/queue.c **** 
 3083              		.loc 1 1458 34 view .LVU907
1462:Middlewares/Third_Party/FreeRTOS/Source/queue.c **** 
 3084              		.loc 1 1462 5 view .LVU908
1462:Middlewares/Third_Party/FreeRTOS/Source/queue.c **** 
 3085              		.loc 1 1462 51 is_stmt 0 view .LVU909
 3086 005a 013B     		subs	r3, r3, #1
 3087              	.LVL228:
1462:Middlewares/Third_Party/FreeRTOS/Source/queue.c **** 
 3088              		.loc 1 1462 32 view .LVU910
 3089 005c A363     		str	r3, [r4, #56]
1466:Middlewares/Third_Party/FreeRTOS/Source/queue.c **** 					{
 3090              		.loc 1 1466 6 is_stmt 1 view .LVU911
1466:Middlewares/Third_Party/FreeRTOS/Source/queue.c **** 					{
 3091              		.loc 1 1466 17 is_stmt 0 view .LVU912
 3092 005e 2368     		ldr	r3, [r4]
 3093              	.LVL229:
1466:Middlewares/Third_Party/FreeRTOS/Source/queue.c **** 					{
 3094              		.loc 1 1466 8 view .LVU913
 3095 0060 3BB1     		cbz	r3, .L244
 3096              	.LVL230:
 3097              	.L226:
1474:Middlewares/Third_Party/FreeRTOS/Source/queue.c **** 					}
 3098              		.loc 1 1474 31 is_stmt 1 view .LVU914
1481:Middlewares/Third_Party/FreeRTOS/Source/queue.c **** 				{
 3099              		.loc 1 1481 5 view .LVU915
1481:Middlewares/Third_Party/FreeRTOS/Source/queue.c **** 				{
 3100              		.loc 1 1481 9 is_stmt 0 view .LVU916
 3101 0062 2369     		ldr	r3, [r4, #16]
1481:Middlewares/Third_Party/FreeRTOS/Source/queue.c **** 				{
 3102              		.loc 1 1481 7 view .LVU917
 3103 0064 4BB9     		cbnz	r3, .L245
 3104              	.L227:
1494:Middlewares/Third_Party/FreeRTOS/Source/queue.c **** 				}
ARM GAS  C:\Users\Made\AppData\Local\Temp\cclTNyiU.s 			page 115


 3105              		.loc 1 1494 30 is_stmt 1 view .LVU918
1497:Middlewares/Third_Party/FreeRTOS/Source/queue.c **** 				return pdPASS;
 3106              		.loc 1 1497 5 view .LVU919
 3107 0066 FFF7FEFF 		bl	vPortExitCritical
 3108              	.LVL231:
1498:Middlewares/Third_Party/FreeRTOS/Source/queue.c **** 			}
 3109              		.loc 1 1498 5 view .LVU920
1498:Middlewares/Third_Party/FreeRTOS/Source/queue.c **** 			}
 3110              		.loc 1 1498 12 is_stmt 0 view .LVU921
 3111 006a 0126     		movs	r6, #1
 3112              	.LVL232:
 3113              	.L217:
1498:Middlewares/Third_Party/FreeRTOS/Source/queue.c **** 			}
 3114              		.loc 1 1498 12 view .LVU922
 3115              	.LBE197:
1633:Middlewares/Third_Party/FreeRTOS/Source/queue.c **** /*-----------------------------------------------------------*/
 3116              		.loc 1 1633 1 view .LVU923
 3117 006c 3046     		mov	r0, r6
 3118 006e 04B0     		add	sp, sp, #16
 3119              	.LCFI40:
 3120              		.cfi_remember_state
 3121              		.cfi_def_cfa_offset 16
 3122              		@ sp needed
 3123 0070 70BD     		pop	{r4, r5, r6, pc}
 3124              	.LVL233:
 3125              	.L244:
 3126              	.LCFI41:
 3127              		.cfi_restore_state
 3128              	.LBB200:
1470:Middlewares/Third_Party/FreeRTOS/Source/queue.c **** 					}
 3129              		.loc 1 1470 7 is_stmt 1 view .LVU924
1470:Middlewares/Third_Party/FreeRTOS/Source/queue.c **** 					}
 3130              		.loc 1 1470 44 is_stmt 0 view .LVU925
 3131 0072 FFF7FEFF 		bl	pvTaskIncrementMutexHeldCount
 3132              	.LVL234:
1470:Middlewares/Third_Party/FreeRTOS/Source/queue.c **** 					}
 3133              		.loc 1 1470 42 discriminator 1 view .LVU926
 3134 0076 A060     		str	r0, [r4, #8]
 3135 0078 F3E7     		b	.L226
 3136              	.L245:
1483:Middlewares/Third_Party/FreeRTOS/Source/queue.c **** 					{
 3137              		.loc 1 1483 6 is_stmt 1 view .LVU927
1483:Middlewares/Third_Party/FreeRTOS/Source/queue.c **** 					{
 3138              		.loc 1 1483 10 is_stmt 0 view .LVU928
 3139 007a 04F11000 		add	r0, r4, #16
 3140 007e FFF7FEFF 		bl	xTaskRemoveFromEventList
 3141              	.LVL235:
1483:Middlewares/Third_Party/FreeRTOS/Source/queue.c **** 					{
 3142              		.loc 1 1483 8 discriminator 1 view .LVU929
 3143 0082 0028     		cmp	r0, #0
 3144 0084 EFD0     		beq	.L227
1485:Middlewares/Third_Party/FreeRTOS/Source/queue.c **** 					}
 3145              		.loc 1 1485 7 is_stmt 1 view .LVU930
 3146 0086 4FF0E023 		mov	r3, #-536813568
 3147 008a 4FF08052 		mov	r2, #268435456
 3148 008e C3F8042D 		str	r2, [r3, #3332]
1485:Middlewares/Third_Party/FreeRTOS/Source/queue.c **** 					}
ARM GAS  C:\Users\Made\AppData\Local\Temp\cclTNyiU.s 			page 116


 3149              		.loc 1 1485 7 view .LVU931
 3150              		.syntax unified
 3151              	@ 1485 "Middlewares/Third_Party/FreeRTOS/Source/queue.c" 1
 3152 0092 BFF34F8F 		dsb
 3153              	@ 0 "" 2
1485:Middlewares/Third_Party/FreeRTOS/Source/queue.c **** 					}
 3154              		.loc 1 1485 7 view .LVU932
 3155              	@ 1485 "Middlewares/Third_Party/FreeRTOS/Source/queue.c" 1
 3156 0096 BFF36F8F 		isb
 3157              	@ 0 "" 2
1485:Middlewares/Third_Party/FreeRTOS/Source/queue.c **** 					}
 3158              		.loc 1 1485 39 view .LVU933
 3159              		.thumb
 3160              		.syntax unified
 3161 009a E4E7     		b	.L227
 3162              	.L248:
1509:Middlewares/Third_Party/FreeRTOS/Source/queue.c **** 					}
 3163              		.loc 1 1509 7 view .LVU934
 3164 009c 46B1     		cbz	r6, .L230
1509:Middlewares/Third_Party/FreeRTOS/Source/queue.c **** 					}
 3165              		.loc 1 1509 7 discriminator 1 view .LVU935
 3166              	.LBB198:
 3167              	.LBI198:
 191:Middlewares/Third_Party/FreeRTOS/Source/portable/GCC/ARM_CM4F/portmacro.h **** {
 3168              		.loc 2 191 30 view .LVU936
 3169              	.LBB199:
 193:Middlewares/Third_Party/FreeRTOS/Source/portable/GCC/ARM_CM4F/portmacro.h **** 
 3170              		.loc 2 193 1 view .LVU937
 195:Middlewares/Third_Party/FreeRTOS/Source/portable/GCC/ARM_CM4F/portmacro.h **** 	(
 3171              		.loc 2 195 2 view .LVU938
 3172              		.syntax unified
 3173              	@ 195 "Middlewares/Third_Party/FreeRTOS/Source/portable/GCC/ARM_CM4F/portmacro.h" 1
 3174 009e 4FF05003 			mov r3, #80												
 3175 00a2 83F31188 		msr basepri, r3											
 3176 00a6 BFF36F8F 		isb														
 3177 00aa BFF34F8F 		dsb														
 3178              	
 3179              	@ 0 "" 2
 3180              		.thumb
 3181              		.syntax unified
 3182              	.L231:
 3183              	.LBE199:
 3184              	.LBE198:
1509:Middlewares/Third_Party/FreeRTOS/Source/queue.c **** 					}
 3185              		.loc 1 1509 7 discriminator 3 view .LVU939
1509:Middlewares/Third_Party/FreeRTOS/Source/queue.c **** 					}
 3186              		.loc 1 1509 7 discriminator 3 view .LVU940
 3187 00ae FEE7     		b	.L231
 3188              	.L230:
1509:Middlewares/Third_Party/FreeRTOS/Source/queue.c **** 					}
 3189              		.loc 1 1509 54 discriminator 2 view .LVU941
1515:Middlewares/Third_Party/FreeRTOS/Source/queue.c **** 					traceQUEUE_RECEIVE_FAILED( pxQueue );
 3190              		.loc 1 1515 6 view .LVU942
 3191 00b0 FFF7FEFF 		bl	vPortExitCritical
 3192              	.LVL236:
1516:Middlewares/Third_Party/FreeRTOS/Source/queue.c **** 					return errQUEUE_EMPTY;
 3193              		.loc 1 1516 42 view .LVU943
ARM GAS  C:\Users\Made\AppData\Local\Temp\cclTNyiU.s 			page 117


1517:Middlewares/Third_Party/FreeRTOS/Source/queue.c **** 				}
 3194              		.loc 1 1517 6 view .LVU944
1517:Middlewares/Third_Party/FreeRTOS/Source/queue.c **** 				}
 3195              		.loc 1 1517 13 is_stmt 0 view .LVU945
 3196 00b4 DAE7     		b	.L217
 3197              	.L249:
1523:Middlewares/Third_Party/FreeRTOS/Source/queue.c **** 					xEntryTimeSet = pdTRUE;
 3198              		.loc 1 1523 6 is_stmt 1 view .LVU946
 3199 00b6 02A8     		add	r0, sp, #8
 3200 00b8 FFF7FEFF 		bl	vTaskInternalSetTimeOutState
 3201              	.LVL237:
1524:Middlewares/Third_Party/FreeRTOS/Source/queue.c **** 				}
 3202              		.loc 1 1524 6 view .LVU947
1524:Middlewares/Third_Party/FreeRTOS/Source/queue.c **** 				}
 3203              		.loc 1 1524 20 is_stmt 0 view .LVU948
 3204 00bc 0125     		movs	r5, #1
 3205 00be 2AE0     		b	.L232
 3206              	.LVL238:
 3207              	.L250:
1524:Middlewares/Third_Party/FreeRTOS/Source/queue.c **** 				}
 3208              		.loc 1 1524 20 view .LVU949
 3209              	.LBE200:
1539:Middlewares/Third_Party/FreeRTOS/Source/queue.c **** 
 3210              		.loc 1 1539 3 is_stmt 1 discriminator 1 view .LVU950
 3211 00c0 0023     		movs	r3, #0
 3212 00c2 84F84430 		strb	r3, [r4, #68]
 3213 00c6 32E0     		b	.L233
 3214              	.L251:
1539:Middlewares/Third_Party/FreeRTOS/Source/queue.c **** 
 3215              		.loc 1 1539 3 discriminator 4 view .LVU951
 3216 00c8 0023     		movs	r3, #0
 3217 00ca 84F84530 		strb	r3, [r4, #69]
 3218 00ce 34E0     		b	.L234
 3219              	.L252:
1556:Middlewares/Third_Party/FreeRTOS/Source/queue.c **** 						{
 3220              		.loc 1 1556 7 view .LVU952
 3221 00d0 FFF7FEFF 		bl	vPortEnterCritical
 3222              	.LVL239:
1558:Middlewares/Third_Party/FreeRTOS/Source/queue.c **** 						}
 3223              		.loc 1 1558 8 view .LVU953
1558:Middlewares/Third_Party/FreeRTOS/Source/queue.c **** 						}
 3224              		.loc 1 1558 31 is_stmt 0 view .LVU954
 3225 00d4 A068     		ldr	r0, [r4, #8]
 3226 00d6 FFF7FEFF 		bl	xTaskPriorityInherit
 3227              	.LVL240:
 3228 00da 0646     		mov	r6, r0
 3229              	.LVL241:
1560:Middlewares/Third_Party/FreeRTOS/Source/queue.c **** 					}
 3230              		.loc 1 1560 7 is_stmt 1 view .LVU955
 3231 00dc FFF7FEFF 		bl	vPortExitCritical
 3232              	.LVL242:
1560:Middlewares/Third_Party/FreeRTOS/Source/queue.c **** 					}
 3233              		.loc 1 1560 7 is_stmt 0 view .LVU956
 3234 00e0 3BE0     		b	.L237
 3235              	.L236:
1584:Middlewares/Third_Party/FreeRTOS/Source/queue.c **** 				( void ) xTaskResumeAll();
 3236              		.loc 1 1584 5 is_stmt 1 view .LVU957
ARM GAS  C:\Users\Made\AppData\Local\Temp\cclTNyiU.s 			page 118


 3237 00e2 2046     		mov	r0, r4
 3238 00e4 FFF7FEFF 		bl	prvUnlockQueue
 3239              	.LVL243:
1585:Middlewares/Third_Party/FreeRTOS/Source/queue.c **** 			}
 3240              		.loc 1 1585 5 view .LVU958
1585:Middlewares/Third_Party/FreeRTOS/Source/queue.c **** 			}
 3241              		.loc 1 1585 14 is_stmt 0 view .LVU959
 3242 00e8 FFF7FEFF 		bl	xTaskResumeAll
 3243              	.LVL244:
 3244 00ec 09E0     		b	.L224
 3245              	.L235:
1591:Middlewares/Third_Party/FreeRTOS/Source/queue.c **** 			( void ) xTaskResumeAll();
 3246              		.loc 1 1591 4 is_stmt 1 view .LVU960
 3247 00ee 2046     		mov	r0, r4
 3248 00f0 FFF7FEFF 		bl	prvUnlockQueue
 3249              	.LVL245:
1592:Middlewares/Third_Party/FreeRTOS/Source/queue.c **** 
 3250              		.loc 1 1592 4 view .LVU961
1592:Middlewares/Third_Party/FreeRTOS/Source/queue.c **** 
 3251              		.loc 1 1592 13 is_stmt 0 view .LVU962
 3252 00f4 FFF7FEFF 		bl	xTaskResumeAll
 3253              	.LVL246:
1598:Middlewares/Third_Party/FreeRTOS/Source/queue.c **** 			{
 3254              		.loc 1 1598 4 is_stmt 1 view .LVU963
1598:Middlewares/Third_Party/FreeRTOS/Source/queue.c **** 			{
 3255              		.loc 1 1598 8 is_stmt 0 view .LVU964
 3256 00f8 2046     		mov	r0, r4
 3257 00fa FFF7FEFF 		bl	prvIsQueueEmpty
 3258              	.LVL247:
1598:Middlewares/Third_Party/FreeRTOS/Source/queue.c **** 			{
 3259              		.loc 1 1598 6 discriminator 1 view .LVU965
 3260 00fe 0028     		cmp	r0, #0
 3261 0100 42D1     		bne	.L246
 3262              	.LVL248:
 3263              	.L224:
1438:Middlewares/Third_Party/FreeRTOS/Source/queue.c **** 	}
 3264              		.loc 1 1438 104 is_stmt 1 discriminator 8 view .LVU966
1446:Middlewares/Third_Party/FreeRTOS/Source/queue.c **** 	{
 3265              		.loc 1 1446 2 view .LVU967
1448:Middlewares/Third_Party/FreeRTOS/Source/queue.c **** 		{
 3266              		.loc 1 1448 3 view .LVU968
 3267 0102 FFF7FEFF 		bl	vPortEnterCritical
 3268              	.LVL249:
 3269              	.LBB201:
1452:Middlewares/Third_Party/FreeRTOS/Source/queue.c **** 
 3270              		.loc 1 1452 4 view .LVU969
1452:Middlewares/Third_Party/FreeRTOS/Source/queue.c **** 
 3271              		.loc 1 1452 22 is_stmt 0 view .LVU970
 3272 0106 A36B     		ldr	r3, [r4, #56]
 3273              	.LVL250:
1456:Middlewares/Third_Party/FreeRTOS/Source/queue.c **** 			{
 3274              		.loc 1 1456 4 is_stmt 1 view .LVU971
1456:Middlewares/Third_Party/FreeRTOS/Source/queue.c **** 			{
 3275              		.loc 1 1456 6 is_stmt 0 view .LVU972
 3276 0108 002B     		cmp	r3, #0
 3277 010a A6D1     		bne	.L247
1502:Middlewares/Third_Party/FreeRTOS/Source/queue.c **** 				{
ARM GAS  C:\Users\Made\AppData\Local\Temp\cclTNyiU.s 			page 119


 3278              		.loc 1 1502 5 is_stmt 1 view .LVU973
1502:Middlewares/Third_Party/FreeRTOS/Source/queue.c **** 				{
 3279              		.loc 1 1502 22 is_stmt 0 view .LVU974
 3280 010c 019B     		ldr	r3, [sp, #4]
 3281              	.LVL251:
1502:Middlewares/Third_Party/FreeRTOS/Source/queue.c **** 				{
 3282              		.loc 1 1502 7 view .LVU975
 3283 010e 002B     		cmp	r3, #0
 3284 0110 C4D0     		beq	.L248
1519:Middlewares/Third_Party/FreeRTOS/Source/queue.c **** 				{
 3285              		.loc 1 1519 10 is_stmt 1 view .LVU976
1519:Middlewares/Third_Party/FreeRTOS/Source/queue.c **** 				{
 3286              		.loc 1 1519 12 is_stmt 0 view .LVU977
 3287 0112 002D     		cmp	r5, #0
 3288 0114 CFD0     		beq	.L249
 3289              	.LVL252:
 3290              	.L232:
1529:Middlewares/Third_Party/FreeRTOS/Source/queue.c **** 				}
 3291              		.loc 1 1529 30 is_stmt 1 view .LVU978
 3292              	.LBE201:
1533:Middlewares/Third_Party/FreeRTOS/Source/queue.c **** 
 3293              		.loc 1 1533 3 view .LVU979
 3294 0116 FFF7FEFF 		bl	vPortExitCritical
 3295              	.LVL253:
1538:Middlewares/Third_Party/FreeRTOS/Source/queue.c **** 		prvLockQueue( pxQueue );
 3296              		.loc 1 1538 3 view .LVU980
 3297 011a FFF7FEFF 		bl	vTaskSuspendAll
 3298              	.LVL254:
1539:Middlewares/Third_Party/FreeRTOS/Source/queue.c **** 
 3299              		.loc 1 1539 3 view .LVU981
 3300 011e FFF7FEFF 		bl	vPortEnterCritical
 3301              	.LVL255:
1539:Middlewares/Third_Party/FreeRTOS/Source/queue.c **** 
 3302              		.loc 1 1539 3 discriminator 1 view .LVU982
 3303 0122 94F84430 		ldrb	r3, [r4, #68]	@ zero_extendqisi2
 3304 0126 5BB2     		sxtb	r3, r3
 3305 0128 B3F1FF3F 		cmp	r3, #-1
 3306 012c C8D0     		beq	.L250
 3307              	.L233:
1539:Middlewares/Third_Party/FreeRTOS/Source/queue.c **** 
 3308              		.loc 1 1539 3 discriminator 3 view .LVU983
 3309 012e 94F84530 		ldrb	r3, [r4, #69]	@ zero_extendqisi2
 3310 0132 5BB2     		sxtb	r3, r3
 3311 0134 B3F1FF3F 		cmp	r3, #-1
 3312 0138 C6D0     		beq	.L251
 3313              	.L234:
1539:Middlewares/Third_Party/FreeRTOS/Source/queue.c **** 
 3314              		.loc 1 1539 3 discriminator 6 view .LVU984
 3315 013a FFF7FEFF 		bl	vPortExitCritical
 3316              	.LVL256:
1542:Middlewares/Third_Party/FreeRTOS/Source/queue.c **** 		{
 3317              		.loc 1 1542 3 view .LVU985
1542:Middlewares/Third_Party/FreeRTOS/Source/queue.c **** 		{
 3318              		.loc 1 1542 7 is_stmt 0 view .LVU986
 3319 013e 01A9     		add	r1, sp, #4
 3320 0140 02A8     		add	r0, sp, #8
 3321 0142 FFF7FEFF 		bl	xTaskCheckForTimeOut
ARM GAS  C:\Users\Made\AppData\Local\Temp\cclTNyiU.s 			page 120


 3322              	.LVL257:
1542:Middlewares/Third_Party/FreeRTOS/Source/queue.c **** 		{
 3323              		.loc 1 1542 5 discriminator 1 view .LVU987
 3324 0146 0028     		cmp	r0, #0
 3325 0148 D1D1     		bne	.L235
1548:Middlewares/Third_Party/FreeRTOS/Source/queue.c **** 			{
 3326              		.loc 1 1548 4 is_stmt 1 view .LVU988
1548:Middlewares/Third_Party/FreeRTOS/Source/queue.c **** 			{
 3327              		.loc 1 1548 8 is_stmt 0 view .LVU989
 3328 014a 2046     		mov	r0, r4
 3329 014c FFF7FEFF 		bl	prvIsQueueEmpty
 3330              	.LVL258:
1548:Middlewares/Third_Party/FreeRTOS/Source/queue.c **** 			{
 3331              		.loc 1 1548 6 discriminator 1 view .LVU990
 3332 0150 0028     		cmp	r0, #0
 3333 0152 C6D0     		beq	.L236
1550:Middlewares/Third_Party/FreeRTOS/Source/queue.c **** 
 3334              		.loc 1 1550 46 is_stmt 1 view .LVU991
1554:Middlewares/Third_Party/FreeRTOS/Source/queue.c **** 					{
 3335              		.loc 1 1554 6 view .LVU992
1554:Middlewares/Third_Party/FreeRTOS/Source/queue.c **** 					{
 3336              		.loc 1 1554 17 is_stmt 0 view .LVU993
 3337 0154 2368     		ldr	r3, [r4]
1554:Middlewares/Third_Party/FreeRTOS/Source/queue.c **** 					{
 3338              		.loc 1 1554 8 view .LVU994
 3339 0156 002B     		cmp	r3, #0
 3340 0158 BAD0     		beq	.L252
 3341              	.L237:
1564:Middlewares/Third_Party/FreeRTOS/Source/queue.c **** 					}
 3342              		.loc 1 1564 31 is_stmt 1 view .LVU995
1569:Middlewares/Third_Party/FreeRTOS/Source/queue.c **** 				prvUnlockQueue( pxQueue );
 3343              		.loc 1 1569 5 view .LVU996
 3344 015a 0199     		ldr	r1, [sp, #4]
 3345 015c 04F12400 		add	r0, r4, #36
 3346 0160 FFF7FEFF 		bl	vTaskPlaceOnEventList
 3347              	.LVL259:
1570:Middlewares/Third_Party/FreeRTOS/Source/queue.c **** 				if( xTaskResumeAll() == pdFALSE )
 3348              		.loc 1 1570 5 view .LVU997
 3349 0164 2046     		mov	r0, r4
 3350 0166 FFF7FEFF 		bl	prvUnlockQueue
 3351              	.LVL260:
1571:Middlewares/Third_Party/FreeRTOS/Source/queue.c **** 				{
 3352              		.loc 1 1571 5 view .LVU998
1571:Middlewares/Third_Party/FreeRTOS/Source/queue.c **** 				{
 3353              		.loc 1 1571 9 is_stmt 0 view .LVU999
 3354 016a FFF7FEFF 		bl	xTaskResumeAll
 3355              	.LVL261:
1571:Middlewares/Third_Party/FreeRTOS/Source/queue.c **** 				{
 3356              		.loc 1 1571 7 discriminator 1 view .LVU1000
 3357 016e 0028     		cmp	r0, #0
 3358 0170 C7D1     		bne	.L224
1573:Middlewares/Third_Party/FreeRTOS/Source/queue.c **** 				}
 3359              		.loc 1 1573 6 is_stmt 1 view .LVU1001
 3360 0172 4FF0E023 		mov	r3, #-536813568
 3361 0176 4FF08052 		mov	r2, #268435456
 3362 017a C3F8042D 		str	r2, [r3, #3332]
1573:Middlewares/Third_Party/FreeRTOS/Source/queue.c **** 				}
ARM GAS  C:\Users\Made\AppData\Local\Temp\cclTNyiU.s 			page 121


 3363              		.loc 1 1573 6 view .LVU1002
 3364              		.syntax unified
 3365              	@ 1573 "Middlewares/Third_Party/FreeRTOS/Source/queue.c" 1
 3366 017e BFF34F8F 		dsb
 3367              	@ 0 "" 2
1573:Middlewares/Third_Party/FreeRTOS/Source/queue.c **** 				}
 3368              		.loc 1 1573 6 view .LVU1003
 3369              	@ 1573 "Middlewares/Third_Party/FreeRTOS/Source/queue.c" 1
 3370 0182 BFF36F8F 		isb
 3371              	@ 0 "" 2
1573:Middlewares/Third_Party/FreeRTOS/Source/queue.c **** 				}
 3372              		.loc 1 1573 28 view .LVU1004
 3373              		.thumb
 3374              		.syntax unified
 3375 0186 BCE7     		b	.L224
 3376              	.L246:
1605:Middlewares/Third_Party/FreeRTOS/Source/queue.c **** 					{
 3377              		.loc 1 1605 6 view .LVU1005
1605:Middlewares/Third_Party/FreeRTOS/Source/queue.c **** 					{
 3378              		.loc 1 1605 8 is_stmt 0 view .LVU1006
 3379 0188 0EB9     		cbnz	r6, .L253
 3380              	.L239:
1624:Middlewares/Third_Party/FreeRTOS/Source/queue.c **** 				return errQUEUE_EMPTY;
 3381              		.loc 1 1624 41 is_stmt 1 view .LVU1007
1625:Middlewares/Third_Party/FreeRTOS/Source/queue.c **** 			}
 3382              		.loc 1 1625 5 view .LVU1008
1625:Middlewares/Third_Party/FreeRTOS/Source/queue.c **** 			}
 3383              		.loc 1 1625 12 is_stmt 0 view .LVU1009
 3384 018a 0026     		movs	r6, #0
 3385              	.LVL262:
1625:Middlewares/Third_Party/FreeRTOS/Source/queue.c **** 			}
 3386              		.loc 1 1625 12 view .LVU1010
 3387 018c 6EE7     		b	.L217
 3388              	.LVL263:
 3389              	.L253:
1607:Middlewares/Third_Party/FreeRTOS/Source/queue.c **** 						{
 3390              		.loc 1 1607 7 is_stmt 1 view .LVU1011
 3391 018e FFF7FEFF 		bl	vPortEnterCritical
 3392              	.LVL264:
 3393              	.LBB202:
1609:Middlewares/Third_Party/FreeRTOS/Source/queue.c **** 
 3394              		.loc 1 1609 8 view .LVU1012
1616:Middlewares/Third_Party/FreeRTOS/Source/queue.c **** 							vTaskPriorityDisinheritAfterTimeout( pxQueue->u.xSemaphore.xMutexHolder, uxHighestWaitingPri
 3395              		.loc 1 1616 8 view .LVU1013
1616:Middlewares/Third_Party/FreeRTOS/Source/queue.c **** 							vTaskPriorityDisinheritAfterTimeout( pxQueue->u.xSemaphore.xMutexHolder, uxHighestWaitingPri
 3396              		.loc 1 1616 35 is_stmt 0 view .LVU1014
 3397 0192 2046     		mov	r0, r4
 3398 0194 FFF7FEFF 		bl	prvGetDisinheritPriorityAfterTimeout
 3399              	.LVL265:
 3400 0198 0146     		mov	r1, r0
 3401              	.LVL266:
1617:Middlewares/Third_Party/FreeRTOS/Source/queue.c **** 						}
 3402              		.loc 1 1617 8 is_stmt 1 view .LVU1015
 3403 019a A068     		ldr	r0, [r4, #8]
 3404              	.LVL267:
1617:Middlewares/Third_Party/FreeRTOS/Source/queue.c **** 						}
 3405              		.loc 1 1617 8 is_stmt 0 view .LVU1016
ARM GAS  C:\Users\Made\AppData\Local\Temp\cclTNyiU.s 			page 122


 3406 019c FFF7FEFF 		bl	vTaskPriorityDisinheritAfterTimeout
 3407              	.LVL268:
1617:Middlewares/Third_Party/FreeRTOS/Source/queue.c **** 						}
 3408              		.loc 1 1617 8 view .LVU1017
 3409              	.LBE202:
1619:Middlewares/Third_Party/FreeRTOS/Source/queue.c **** 					}
 3410              		.loc 1 1619 7 is_stmt 1 view .LVU1018
 3411 01a0 FFF7FEFF 		bl	vPortExitCritical
 3412              	.LVL269:
 3413 01a4 F1E7     		b	.L239
 3414              		.cfi_endproc
 3415              	.LFE21:
 3417              		.section	.text.xQueueTakeMutexRecursive,"ax",%progbits
 3418              		.align	1
 3419              		.global	xQueueTakeMutexRecursive
 3420              		.syntax unified
 3421              		.thumb
 3422              		.thumb_func
 3424              	xQueueTakeMutexRecursive:
 3425              	.LVL270:
 3426              	.LFB14:
 645:Middlewares/Third_Party/FreeRTOS/Source/queue.c **** 	BaseType_t xReturn;
 3427              		.loc 1 645 2 view -0
 3428              		.cfi_startproc
 3429              		@ args = 0, pretend = 0, frame = 0
 3430              		@ frame_needed = 0, uses_anonymous_args = 0
 646:Middlewares/Third_Party/FreeRTOS/Source/queue.c **** 	Queue_t * const pxMutex = ( Queue_t * ) xMutex;
 3431              		.loc 1 646 2 view .LVU1020
 647:Middlewares/Third_Party/FreeRTOS/Source/queue.c **** 
 3432              		.loc 1 647 2 view .LVU1021
 649:Middlewares/Third_Party/FreeRTOS/Source/queue.c **** 
 3433              		.loc 1 649 3 view .LVU1022
 3434 0000 80B1     		cbz	r0, .L261
 645:Middlewares/Third_Party/FreeRTOS/Source/queue.c **** 	BaseType_t xReturn;
 3435              		.loc 1 645 2 is_stmt 0 view .LVU1023
 3436 0002 70B5     		push	{r4, r5, r6, lr}
 3437              	.LCFI42:
 3438              		.cfi_def_cfa_offset 16
 3439              		.cfi_offset 4, -16
 3440              		.cfi_offset 5, -12
 3441              		.cfi_offset 6, -8
 3442              		.cfi_offset 14, -4
 3443 0004 0C46     		mov	r4, r1
 3444 0006 0546     		mov	r5, r0
 649:Middlewares/Third_Party/FreeRTOS/Source/queue.c **** 
 3445              		.loc 1 649 26 is_stmt 1 discriminator 2 view .LVU1024
 654:Middlewares/Third_Party/FreeRTOS/Source/queue.c **** 
 3446              		.loc 1 654 39 view .LVU1025
 656:Middlewares/Third_Party/FreeRTOS/Source/queue.c **** 		{
 3447              		.loc 1 656 3 view .LVU1026
 656:Middlewares/Third_Party/FreeRTOS/Source/queue.c **** 		{
 3448              		.loc 1 656 28 is_stmt 0 view .LVU1027
 3449 0008 8668     		ldr	r6, [r0, #8]
 656:Middlewares/Third_Party/FreeRTOS/Source/queue.c **** 		{
 3450              		.loc 1 656 45 view .LVU1028
 3451 000a FFF7FEFF 		bl	xTaskGetCurrentTaskHandle
 3452              	.LVL271:
ARM GAS  C:\Users\Made\AppData\Local\Temp\cclTNyiU.s 			page 123


 656:Middlewares/Third_Party/FreeRTOS/Source/queue.c **** 		{
 3453              		.loc 1 656 5 discriminator 1 view .LVU1029
 3454 000e 8642     		cmp	r6, r0
 3455 0010 11D0     		beq	.L262
 663:Middlewares/Third_Party/FreeRTOS/Source/queue.c **** 
 3456              		.loc 1 663 4 is_stmt 1 view .LVU1030
 663:Middlewares/Third_Party/FreeRTOS/Source/queue.c **** 
 3457              		.loc 1 663 14 is_stmt 0 view .LVU1031
 3458 0012 2146     		mov	r1, r4
 3459 0014 2846     		mov	r0, r5
 3460 0016 FFF7FEFF 		bl	xQueueSemaphoreTake
 3461              	.LVL272:
 668:Middlewares/Third_Party/FreeRTOS/Source/queue.c **** 			{
 3462              		.loc 1 668 4 is_stmt 1 view .LVU1032
 668:Middlewares/Third_Party/FreeRTOS/Source/queue.c **** 			{
 3463              		.loc 1 668 6 is_stmt 0 view .LVU1033
 3464 001a 80B1     		cbz	r0, .L254
 670:Middlewares/Third_Party/FreeRTOS/Source/queue.c **** 			}
 3465              		.loc 1 670 5 is_stmt 1 view .LVU1034
 670:Middlewares/Third_Party/FreeRTOS/Source/queue.c **** 			}
 3466              		.loc 1 670 28 is_stmt 0 view .LVU1035
 3467 001c EB68     		ldr	r3, [r5, #12]
 670:Middlewares/Third_Party/FreeRTOS/Source/queue.c **** 			}
 3468              		.loc 1 670 51 view .LVU1036
 3469 001e 0133     		adds	r3, r3, #1
 3470 0020 EB60     		str	r3, [r5, #12]
 674:Middlewares/Third_Party/FreeRTOS/Source/queue.c **** 			}
 3471              		.loc 1 674 48 is_stmt 1 view .LVU1037
 678:Middlewares/Third_Party/FreeRTOS/Source/queue.c **** 	}
 3472              		.loc 1 678 3 view .LVU1038
 678:Middlewares/Third_Party/FreeRTOS/Source/queue.c **** 	}
 3473              		.loc 1 678 10 is_stmt 0 view .LVU1039
 3474 0022 0CE0     		b	.L254
 3475              	.LVL273:
 3476              	.L261:
 3477              	.LCFI43:
 3478              		.cfi_def_cfa_offset 0
 3479              		.cfi_restore 4
 3480              		.cfi_restore 5
 3481              		.cfi_restore 6
 3482              		.cfi_restore 14
 649:Middlewares/Third_Party/FreeRTOS/Source/queue.c **** 
 3483              		.loc 1 649 3 is_stmt 1 discriminator 1 view .LVU1040
 3484              	.LBB203:
 3485              	.LBI203:
 191:Middlewares/Third_Party/FreeRTOS/Source/portable/GCC/ARM_CM4F/portmacro.h **** {
 3486              		.loc 2 191 30 view .LVU1041
 3487              	.LBB204:
 193:Middlewares/Third_Party/FreeRTOS/Source/portable/GCC/ARM_CM4F/portmacro.h **** 
 3488              		.loc 2 193 1 view .LVU1042
 195:Middlewares/Third_Party/FreeRTOS/Source/portable/GCC/ARM_CM4F/portmacro.h **** 	(
 3489              		.loc 2 195 2 view .LVU1043
 3490              		.syntax unified
 3491              	@ 195 "Middlewares/Third_Party/FreeRTOS/Source/portable/GCC/ARM_CM4F/portmacro.h" 1
 3492 0024 4FF05003 			mov r3, #80												
 3493 0028 83F31188 		msr basepri, r3											
 3494 002c BFF36F8F 		isb														
ARM GAS  C:\Users\Made\AppData\Local\Temp\cclTNyiU.s 			page 124


 3495 0030 BFF34F8F 		dsb														
 3496              	
 3497              	@ 0 "" 2
 3498              		.thumb
 3499              		.syntax unified
 3500              	.L256:
 3501              	.LBE204:
 3502              	.LBE203:
 649:Middlewares/Third_Party/FreeRTOS/Source/queue.c **** 
 3503              		.loc 1 649 3 discriminator 3 view .LVU1044
 649:Middlewares/Third_Party/FreeRTOS/Source/queue.c **** 
 3504              		.loc 1 649 3 discriminator 3 view .LVU1045
 3505 0034 FEE7     		b	.L256
 3506              	.LVL274:
 3507              	.L262:
 3508              	.LCFI44:
 3509              		.cfi_def_cfa_offset 16
 3510              		.cfi_offset 4, -16
 3511              		.cfi_offset 5, -12
 3512              		.cfi_offset 6, -8
 3513              		.cfi_offset 14, -4
 658:Middlewares/Third_Party/FreeRTOS/Source/queue.c **** 			xReturn = pdPASS;
 3514              		.loc 1 658 4 view .LVU1046
 658:Middlewares/Third_Party/FreeRTOS/Source/queue.c **** 			xReturn = pdPASS;
 3515              		.loc 1 658 27 is_stmt 0 view .LVU1047
 3516 0036 EB68     		ldr	r3, [r5, #12]
 658:Middlewares/Third_Party/FreeRTOS/Source/queue.c **** 			xReturn = pdPASS;
 3517              		.loc 1 658 50 view .LVU1048
 3518 0038 0133     		adds	r3, r3, #1
 3519 003a EB60     		str	r3, [r5, #12]
 659:Middlewares/Third_Party/FreeRTOS/Source/queue.c **** 		}
 3520              		.loc 1 659 4 is_stmt 1 view .LVU1049
 3521              	.LVL275:
 659:Middlewares/Third_Party/FreeRTOS/Source/queue.c **** 		}
 3522              		.loc 1 659 12 is_stmt 0 view .LVU1050
 3523 003c 0120     		movs	r0, #1
 3524              	.LVL276:
 3525              	.L254:
 679:Middlewares/Third_Party/FreeRTOS/Source/queue.c **** 
 3526              		.loc 1 679 2 view .LVU1051
 3527 003e 70BD     		pop	{r4, r5, r6, pc}
 679:Middlewares/Third_Party/FreeRTOS/Source/queue.c **** 
 3528              		.loc 1 679 2 view .LVU1052
 3529              		.cfi_endproc
 3530              	.LFE14:
 3532              		.section	.text.xQueuePeek,"ax",%progbits
 3533              		.align	1
 3534              		.global	xQueuePeek
 3535              		.syntax unified
 3536              		.thumb
 3537              		.thumb_func
 3539              	xQueuePeek:
 3540              	.LVL277:
 3541              	.LFB22:
1637:Middlewares/Third_Party/FreeRTOS/Source/queue.c **** BaseType_t xEntryTimeSet = pdFALSE;
 3542              		.loc 1 1637 1 is_stmt 1 view -0
 3543              		.cfi_startproc
ARM GAS  C:\Users\Made\AppData\Local\Temp\cclTNyiU.s 			page 125


 3544              		@ args = 0, pretend = 0, frame = 16
 3545              		@ frame_needed = 0, uses_anonymous_args = 0
1637:Middlewares/Third_Party/FreeRTOS/Source/queue.c **** BaseType_t xEntryTimeSet = pdFALSE;
 3546              		.loc 1 1637 1 is_stmt 0 view .LVU1054
 3547 0000 70B5     		push	{r4, r5, r6, lr}
 3548              	.LCFI45:
 3549              		.cfi_def_cfa_offset 16
 3550              		.cfi_offset 4, -16
 3551              		.cfi_offset 5, -12
 3552              		.cfi_offset 6, -8
 3553              		.cfi_offset 14, -4
 3554 0002 84B0     		sub	sp, sp, #16
 3555              	.LCFI46:
 3556              		.cfi_def_cfa_offset 32
 3557 0004 0192     		str	r2, [sp, #4]
1638:Middlewares/Third_Party/FreeRTOS/Source/queue.c **** TimeOut_t xTimeOut;
 3558              		.loc 1 1638 1 is_stmt 1 view .LVU1055
 3559              	.LVL278:
1639:Middlewares/Third_Party/FreeRTOS/Source/queue.c **** int8_t *pcOriginalReadPosition;
 3560              		.loc 1 1639 1 view .LVU1056
1640:Middlewares/Third_Party/FreeRTOS/Source/queue.c **** Queue_t * const pxQueue = xQueue;
 3561              		.loc 1 1640 1 view .LVU1057
1641:Middlewares/Third_Party/FreeRTOS/Source/queue.c **** 
 3562              		.loc 1 1641 1 view .LVU1058
1644:Middlewares/Third_Party/FreeRTOS/Source/queue.c **** 
 3563              		.loc 1 1644 2 view .LVU1059
 3564 0006 90B1     		cbz	r0, .L283
 3565 0008 0E46     		mov	r6, r1
 3566 000a 0446     		mov	r4, r0
1644:Middlewares/Third_Party/FreeRTOS/Source/queue.c **** 
 3567              		.loc 1 1644 29 discriminator 2 view .LVU1060
1648:Middlewares/Third_Party/FreeRTOS/Source/queue.c **** 
 3568              		.loc 1 1648 2 view .LVU1061
 3569 000c C1B1     		cbz	r1, .L284
 3570              	.L266:
1648:Middlewares/Third_Party/FreeRTOS/Source/queue.c **** 
 3571              		.loc 1 1648 100 discriminator 8 view .LVU1062
1653:Middlewares/Third_Party/FreeRTOS/Source/queue.c **** 	}
 3572              		.loc 1 1653 3 view .LVU1063
 3573 000e FFF7FEFF 		bl	xTaskGetSchedulerState
 3574              	.LVL279:
1653:Middlewares/Third_Party/FreeRTOS/Source/queue.c **** 	}
 3575              		.loc 1 1653 3 is_stmt 0 discriminator 1 view .LVU1064
 3576 0012 0546     		mov	r5, r0
 3577 0014 00BB     		cbnz	r0, .L281
1653:Middlewares/Third_Party/FreeRTOS/Source/queue.c **** 	}
 3578              		.loc 1 1653 3 discriminator 2 view .LVU1065
 3579 0016 019B     		ldr	r3, [sp, #4]
 3580 0018 002B     		cmp	r3, #0
 3581 001a 5ED0     		beq	.L270
1653:Middlewares/Third_Party/FreeRTOS/Source/queue.c **** 	}
 3582              		.loc 1 1653 3 is_stmt 1 discriminator 7 view .LVU1066
 3583              	.LBB205:
 3584              	.LBI205:
 191:Middlewares/Third_Party/FreeRTOS/Source/portable/GCC/ARM_CM4F/portmacro.h **** {
 3585              		.loc 2 191 30 view .LVU1067
 3586              	.LBB206:
ARM GAS  C:\Users\Made\AppData\Local\Temp\cclTNyiU.s 			page 126


 193:Middlewares/Third_Party/FreeRTOS/Source/portable/GCC/ARM_CM4F/portmacro.h **** 
 3587              		.loc 2 193 1 view .LVU1068
 195:Middlewares/Third_Party/FreeRTOS/Source/portable/GCC/ARM_CM4F/portmacro.h **** 	(
 3588              		.loc 2 195 2 view .LVU1069
 3589              		.syntax unified
 3590              	@ 195 "Middlewares/Third_Party/FreeRTOS/Source/portable/GCC/ARM_CM4F/portmacro.h" 1
 3591 001c 4FF05003 			mov r3, #80												
 3592 0020 83F31188 		msr basepri, r3											
 3593 0024 BFF36F8F 		isb														
 3594 0028 BFF34F8F 		dsb														
 3595              	
 3596              	@ 0 "" 2
 3597              		.thumb
 3598              		.syntax unified
 3599              	.L269:
 3600              	.LBE206:
 3601              	.LBE205:
1653:Middlewares/Third_Party/FreeRTOS/Source/queue.c **** 	}
 3602              		.loc 1 1653 3 discriminator 9 view .LVU1070
1653:Middlewares/Third_Party/FreeRTOS/Source/queue.c **** 	}
 3603              		.loc 1 1653 3 discriminator 9 view .LVU1071
 3604 002c FEE7     		b	.L269
 3605              	.LVL280:
 3606              	.L283:
1644:Middlewares/Third_Party/FreeRTOS/Source/queue.c **** 
 3607              		.loc 1 1644 2 discriminator 1 view .LVU1072
 3608              	.LBB207:
 3609              	.LBI207:
 191:Middlewares/Third_Party/FreeRTOS/Source/portable/GCC/ARM_CM4F/portmacro.h **** {
 3610              		.loc 2 191 30 view .LVU1073
 3611              	.LBB208:
 193:Middlewares/Third_Party/FreeRTOS/Source/portable/GCC/ARM_CM4F/portmacro.h **** 
 3612              		.loc 2 193 1 view .LVU1074
 195:Middlewares/Third_Party/FreeRTOS/Source/portable/GCC/ARM_CM4F/portmacro.h **** 	(
 3613              		.loc 2 195 2 view .LVU1075
 3614              		.syntax unified
 3615              	@ 195 "Middlewares/Third_Party/FreeRTOS/Source/portable/GCC/ARM_CM4F/portmacro.h" 1
 3616 002e 4FF05003 			mov r3, #80												
 3617 0032 83F31188 		msr basepri, r3											
 3618 0036 BFF36F8F 		isb														
 3619 003a BFF34F8F 		dsb														
 3620              	
 3621              	@ 0 "" 2
 3622              		.thumb
 3623              		.syntax unified
 3624              	.L265:
 3625              	.LBE208:
 3626              	.LBE207:
1644:Middlewares/Third_Party/FreeRTOS/Source/queue.c **** 
 3627              		.loc 1 1644 2 discriminator 3 view .LVU1076
1644:Middlewares/Third_Party/FreeRTOS/Source/queue.c **** 
 3628              		.loc 1 1644 2 discriminator 3 view .LVU1077
 3629 003e FEE7     		b	.L265
 3630              	.L284:
1648:Middlewares/Third_Party/FreeRTOS/Source/queue.c **** 
 3631              		.loc 1 1648 2 is_stmt 0 discriminator 2 view .LVU1078
 3632 0040 036C     		ldr	r3, [r0, #64]
ARM GAS  C:\Users\Made\AppData\Local\Temp\cclTNyiU.s 			page 127


 3633 0042 002B     		cmp	r3, #0
 3634 0044 E3D0     		beq	.L266
1648:Middlewares/Third_Party/FreeRTOS/Source/queue.c **** 
 3635              		.loc 1 1648 2 is_stmt 1 discriminator 7 view .LVU1079
 3636              	.LBB209:
 3637              	.LBI209:
 191:Middlewares/Third_Party/FreeRTOS/Source/portable/GCC/ARM_CM4F/portmacro.h **** {
 3638              		.loc 2 191 30 view .LVU1080
 3639              	.LBB210:
 193:Middlewares/Third_Party/FreeRTOS/Source/portable/GCC/ARM_CM4F/portmacro.h **** 
 3640              		.loc 2 193 1 view .LVU1081
 195:Middlewares/Third_Party/FreeRTOS/Source/portable/GCC/ARM_CM4F/portmacro.h **** 	(
 3641              		.loc 2 195 2 view .LVU1082
 3642              		.syntax unified
 3643              	@ 195 "Middlewares/Third_Party/FreeRTOS/Source/portable/GCC/ARM_CM4F/portmacro.h" 1
 3644 0046 4FF05003 			mov r3, #80												
 3645 004a 83F31188 		msr basepri, r3											
 3646 004e BFF36F8F 		isb														
 3647 0052 BFF34F8F 		dsb														
 3648              	
 3649              	@ 0 "" 2
 3650              		.thumb
 3651              		.syntax unified
 3652              	.L267:
 3653              	.LBE210:
 3654              	.LBE209:
1648:Middlewares/Third_Party/FreeRTOS/Source/queue.c **** 
 3655              		.loc 1 1648 2 discriminator 9 view .LVU1083
1648:Middlewares/Third_Party/FreeRTOS/Source/queue.c **** 
 3656              		.loc 1 1648 2 discriminator 9 view .LVU1084
 3657 0056 FEE7     		b	.L267
 3658              	.LVL281:
 3659              	.L281:
1648:Middlewares/Third_Party/FreeRTOS/Source/queue.c **** 
 3660              		.loc 1 1648 2 is_stmt 0 discriminator 9 view .LVU1085
 3661 0058 0025     		movs	r5, #0
 3662 005a 3EE0     		b	.L270
 3663              	.LVL282:
 3664              	.L287:
 3665              	.LBB211:
1674:Middlewares/Third_Party/FreeRTOS/Source/queue.c **** 
 3666              		.loc 1 1674 5 is_stmt 1 view .LVU1086
1674:Middlewares/Third_Party/FreeRTOS/Source/queue.c **** 
 3667              		.loc 1 1674 28 is_stmt 0 view .LVU1087
 3668 005c E568     		ldr	r5, [r4, #12]
 3669              	.LVL283:
1676:Middlewares/Third_Party/FreeRTOS/Source/queue.c **** 				traceQUEUE_PEEK( pxQueue );
 3670              		.loc 1 1676 5 is_stmt 1 view .LVU1088
 3671 005e 3146     		mov	r1, r6
 3672 0060 2046     		mov	r0, r4
 3673 0062 FFF7FEFF 		bl	prvCopyDataFromQueue
 3674              	.LVL284:
1677:Middlewares/Third_Party/FreeRTOS/Source/queue.c **** 
 3675              		.loc 1 1677 31 view .LVU1089
1680:Middlewares/Third_Party/FreeRTOS/Source/queue.c **** 
 3676              		.loc 1 1680 5 view .LVU1090
1680:Middlewares/Third_Party/FreeRTOS/Source/queue.c **** 
ARM GAS  C:\Users\Made\AppData\Local\Temp\cclTNyiU.s 			page 128


 3677              		.loc 1 1680 34 is_stmt 0 view .LVU1091
 3678 0066 E560     		str	r5, [r4, #12]
1684:Middlewares/Third_Party/FreeRTOS/Source/queue.c **** 				{
 3679              		.loc 1 1684 5 is_stmt 1 view .LVU1092
1684:Middlewares/Third_Party/FreeRTOS/Source/queue.c **** 				{
 3680              		.loc 1 1684 9 is_stmt 0 view .LVU1093
 3681 0068 636A     		ldr	r3, [r4, #36]
1684:Middlewares/Third_Party/FreeRTOS/Source/queue.c **** 				{
 3682              		.loc 1 1684 7 view .LVU1094
 3683 006a 23B9     		cbnz	r3, .L285
 3684              	.L272:
1698:Middlewares/Third_Party/FreeRTOS/Source/queue.c **** 				}
 3685              		.loc 1 1698 30 is_stmt 1 view .LVU1095
1701:Middlewares/Third_Party/FreeRTOS/Source/queue.c **** 				return pdPASS;
 3686              		.loc 1 1701 5 view .LVU1096
 3687 006c FFF7FEFF 		bl	vPortExitCritical
 3688              	.LVL285:
1702:Middlewares/Third_Party/FreeRTOS/Source/queue.c **** 			}
 3689              		.loc 1 1702 5 view .LVU1097
1702:Middlewares/Third_Party/FreeRTOS/Source/queue.c **** 			}
 3690              		.loc 1 1702 12 is_stmt 0 view .LVU1098
 3691 0070 0120     		movs	r0, #1
 3692              	.LVL286:
 3693              	.L263:
1702:Middlewares/Third_Party/FreeRTOS/Source/queue.c **** 			}
 3694              		.loc 1 1702 12 view .LVU1099
 3695              	.LBE211:
1782:Middlewares/Third_Party/FreeRTOS/Source/queue.c **** /*-----------------------------------------------------------*/
 3696              		.loc 1 1782 1 view .LVU1100
 3697 0072 04B0     		add	sp, sp, #16
 3698              	.LCFI47:
 3699              		.cfi_remember_state
 3700              		.cfi_def_cfa_offset 16
 3701              		@ sp needed
 3702 0074 70BD     		pop	{r4, r5, r6, pc}
 3703              	.LVL287:
 3704              	.L285:
 3705              	.LCFI48:
 3706              		.cfi_restore_state
 3707              	.LBB212:
1686:Middlewares/Third_Party/FreeRTOS/Source/queue.c **** 					{
 3708              		.loc 1 1686 6 is_stmt 1 view .LVU1101
1686:Middlewares/Third_Party/FreeRTOS/Source/queue.c **** 					{
 3709              		.loc 1 1686 10 is_stmt 0 view .LVU1102
 3710 0076 04F12400 		add	r0, r4, #36
 3711 007a FFF7FEFF 		bl	xTaskRemoveFromEventList
 3712              	.LVL288:
1686:Middlewares/Third_Party/FreeRTOS/Source/queue.c **** 					{
 3713              		.loc 1 1686 8 discriminator 1 view .LVU1103
 3714 007e 0028     		cmp	r0, #0
 3715 0080 F4D0     		beq	.L272
1689:Middlewares/Third_Party/FreeRTOS/Source/queue.c **** 					}
 3716              		.loc 1 1689 7 is_stmt 1 view .LVU1104
 3717 0082 4FF0E023 		mov	r3, #-536813568
 3718 0086 4FF08052 		mov	r2, #268435456
 3719 008a C3F8042D 		str	r2, [r3, #3332]
1689:Middlewares/Third_Party/FreeRTOS/Source/queue.c **** 					}
ARM GAS  C:\Users\Made\AppData\Local\Temp\cclTNyiU.s 			page 129


 3720              		.loc 1 1689 7 view .LVU1105
 3721              		.syntax unified
 3722              	@ 1689 "Middlewares/Third_Party/FreeRTOS/Source/queue.c" 1
 3723 008e BFF34F8F 		dsb
 3724              	@ 0 "" 2
1689:Middlewares/Third_Party/FreeRTOS/Source/queue.c **** 					}
 3725              		.loc 1 1689 7 view .LVU1106
 3726              	@ 1689 "Middlewares/Third_Party/FreeRTOS/Source/queue.c" 1
 3727 0092 BFF36F8F 		isb
 3728              	@ 0 "" 2
1689:Middlewares/Third_Party/FreeRTOS/Source/queue.c **** 					}
 3729              		.loc 1 1689 39 view .LVU1107
 3730              		.thumb
 3731              		.syntax unified
 3732 0096 E9E7     		b	.L272
 3733              	.LVL289:
 3734              	.L288:
1710:Middlewares/Third_Party/FreeRTOS/Source/queue.c **** 					traceQUEUE_PEEK_FAILED( pxQueue );
 3735              		.loc 1 1710 6 view .LVU1108
 3736 0098 FFF7FEFF 		bl	vPortExitCritical
 3737              	.LVL290:
1711:Middlewares/Third_Party/FreeRTOS/Source/queue.c **** 					return errQUEUE_EMPTY;
 3738              		.loc 1 1711 39 view .LVU1109
1712:Middlewares/Third_Party/FreeRTOS/Source/queue.c **** 				}
 3739              		.loc 1 1712 6 view .LVU1110
1712:Middlewares/Third_Party/FreeRTOS/Source/queue.c **** 				}
 3740              		.loc 1 1712 13 is_stmt 0 view .LVU1111
 3741 009c 0020     		movs	r0, #0
 3742 009e E8E7     		b	.L263
 3743              	.L289:
1719:Middlewares/Third_Party/FreeRTOS/Source/queue.c **** 					xEntryTimeSet = pdTRUE;
 3744              		.loc 1 1719 6 is_stmt 1 view .LVU1112
 3745 00a0 02A8     		add	r0, sp, #8
 3746 00a2 FFF7FEFF 		bl	vTaskInternalSetTimeOutState
 3747              	.LVL291:
1720:Middlewares/Third_Party/FreeRTOS/Source/queue.c **** 				}
 3748              		.loc 1 1720 6 view .LVU1113
1720:Middlewares/Third_Party/FreeRTOS/Source/queue.c **** 				}
 3749              		.loc 1 1720 20 is_stmt 0 view .LVU1114
 3750 00a6 0125     		movs	r5, #1
 3751 00a8 21E0     		b	.L275
 3752              	.LVL292:
 3753              	.L290:
1720:Middlewares/Third_Party/FreeRTOS/Source/queue.c **** 				}
 3754              		.loc 1 1720 20 view .LVU1115
 3755              	.LBE212:
1735:Middlewares/Third_Party/FreeRTOS/Source/queue.c **** 
 3756              		.loc 1 1735 3 is_stmt 1 discriminator 1 view .LVU1116
 3757 00aa 0023     		movs	r3, #0
 3758 00ac 84F84430 		strb	r3, [r4, #68]
 3759 00b0 29E0     		b	.L276
 3760              	.L291:
1735:Middlewares/Third_Party/FreeRTOS/Source/queue.c **** 
 3761              		.loc 1 1735 3 discriminator 4 view .LVU1117
 3762 00b2 0023     		movs	r3, #0
 3763 00b4 84F84530 		strb	r3, [r4, #69]
 3764 00b8 2BE0     		b	.L277
ARM GAS  C:\Users\Made\AppData\Local\Temp\cclTNyiU.s 			page 130


 3765              	.L279:
1760:Middlewares/Third_Party/FreeRTOS/Source/queue.c **** 				( void ) xTaskResumeAll();
 3766              		.loc 1 1760 5 view .LVU1118
 3767 00ba 2046     		mov	r0, r4
 3768 00bc FFF7FEFF 		bl	prvUnlockQueue
 3769              	.LVL293:
1761:Middlewares/Third_Party/FreeRTOS/Source/queue.c **** 			}
 3770              		.loc 1 1761 5 view .LVU1119
1761:Middlewares/Third_Party/FreeRTOS/Source/queue.c **** 			}
 3771              		.loc 1 1761 14 is_stmt 0 view .LVU1120
 3772 00c0 FFF7FEFF 		bl	xTaskResumeAll
 3773              	.LVL294:
 3774 00c4 09E0     		b	.L270
 3775              	.L278:
1768:Middlewares/Third_Party/FreeRTOS/Source/queue.c **** 			( void ) xTaskResumeAll();
 3776              		.loc 1 1768 4 is_stmt 1 view .LVU1121
 3777 00c6 2046     		mov	r0, r4
 3778 00c8 FFF7FEFF 		bl	prvUnlockQueue
 3779              	.LVL295:
1769:Middlewares/Third_Party/FreeRTOS/Source/queue.c **** 
 3780              		.loc 1 1769 4 view .LVU1122
1769:Middlewares/Third_Party/FreeRTOS/Source/queue.c **** 
 3781              		.loc 1 1769 13 is_stmt 0 view .LVU1123
 3782 00cc FFF7FEFF 		bl	xTaskResumeAll
 3783              	.LVL296:
1771:Middlewares/Third_Party/FreeRTOS/Source/queue.c **** 			{
 3784              		.loc 1 1771 4 is_stmt 1 view .LVU1124
1771:Middlewares/Third_Party/FreeRTOS/Source/queue.c **** 			{
 3785              		.loc 1 1771 8 is_stmt 0 view .LVU1125
 3786 00d0 2046     		mov	r0, r4
 3787 00d2 FFF7FEFF 		bl	prvIsQueueEmpty
 3788              	.LVL297:
1771:Middlewares/Third_Party/FreeRTOS/Source/queue.c **** 			{
 3789              		.loc 1 1771 6 discriminator 1 view .LVU1126
 3790 00d6 0028     		cmp	r0, #0
 3791 00d8 3FD1     		bne	.L286
 3792              	.LVL298:
 3793              	.L270:
1653:Middlewares/Third_Party/FreeRTOS/Source/queue.c **** 	}
 3794              		.loc 1 1653 104 is_stmt 1 discriminator 8 view .LVU1127
1661:Middlewares/Third_Party/FreeRTOS/Source/queue.c **** 	{
 3795              		.loc 1 1661 2 view .LVU1128
1663:Middlewares/Third_Party/FreeRTOS/Source/queue.c **** 		{
 3796              		.loc 1 1663 3 view .LVU1129
 3797 00da FFF7FEFF 		bl	vPortEnterCritical
 3798              	.LVL299:
 3799              	.LBB213:
1665:Middlewares/Third_Party/FreeRTOS/Source/queue.c **** 
 3800              		.loc 1 1665 4 view .LVU1130
1665:Middlewares/Third_Party/FreeRTOS/Source/queue.c **** 
 3801              		.loc 1 1665 22 is_stmt 0 view .LVU1131
 3802 00de A36B     		ldr	r3, [r4, #56]
 3803              	.LVL300:
1669:Middlewares/Third_Party/FreeRTOS/Source/queue.c **** 			{
 3804              		.loc 1 1669 4 is_stmt 1 view .LVU1132
1669:Middlewares/Third_Party/FreeRTOS/Source/queue.c **** 			{
 3805              		.loc 1 1669 6 is_stmt 0 view .LVU1133
ARM GAS  C:\Users\Made\AppData\Local\Temp\cclTNyiU.s 			page 131


 3806 00e0 002B     		cmp	r3, #0
 3807 00e2 BBD1     		bne	.L287
1706:Middlewares/Third_Party/FreeRTOS/Source/queue.c **** 				{
 3808              		.loc 1 1706 5 is_stmt 1 view .LVU1134
1706:Middlewares/Third_Party/FreeRTOS/Source/queue.c **** 				{
 3809              		.loc 1 1706 22 is_stmt 0 view .LVU1135
 3810 00e4 019B     		ldr	r3, [sp, #4]
 3811              	.LVL301:
1706:Middlewares/Third_Party/FreeRTOS/Source/queue.c **** 				{
 3812              		.loc 1 1706 7 view .LVU1136
 3813 00e6 002B     		cmp	r3, #0
 3814 00e8 D6D0     		beq	.L288
1714:Middlewares/Third_Party/FreeRTOS/Source/queue.c **** 				{
 3815              		.loc 1 1714 10 is_stmt 1 view .LVU1137
1714:Middlewares/Third_Party/FreeRTOS/Source/queue.c **** 				{
 3816              		.loc 1 1714 12 is_stmt 0 view .LVU1138
 3817 00ea 002D     		cmp	r5, #0
 3818 00ec D8D0     		beq	.L289
 3819              	.LVL302:
 3820              	.L275:
1725:Middlewares/Third_Party/FreeRTOS/Source/queue.c **** 				}
 3821              		.loc 1 1725 30 is_stmt 1 view .LVU1139
 3822              	.LBE213:
1729:Middlewares/Third_Party/FreeRTOS/Source/queue.c **** 
 3823              		.loc 1 1729 3 view .LVU1140
 3824 00ee FFF7FEFF 		bl	vPortExitCritical
 3825              	.LVL303:
1734:Middlewares/Third_Party/FreeRTOS/Source/queue.c **** 		prvLockQueue( pxQueue );
 3826              		.loc 1 1734 3 view .LVU1141
 3827 00f2 FFF7FEFF 		bl	vTaskSuspendAll
 3828              	.LVL304:
1735:Middlewares/Third_Party/FreeRTOS/Source/queue.c **** 
 3829              		.loc 1 1735 3 view .LVU1142
 3830 00f6 FFF7FEFF 		bl	vPortEnterCritical
 3831              	.LVL305:
1735:Middlewares/Third_Party/FreeRTOS/Source/queue.c **** 
 3832              		.loc 1 1735 3 discriminator 1 view .LVU1143
 3833 00fa 94F84430 		ldrb	r3, [r4, #68]	@ zero_extendqisi2
 3834 00fe 5BB2     		sxtb	r3, r3
 3835 0100 B3F1FF3F 		cmp	r3, #-1
 3836 0104 D1D0     		beq	.L290
 3837              	.L276:
1735:Middlewares/Third_Party/FreeRTOS/Source/queue.c **** 
 3838              		.loc 1 1735 3 discriminator 3 view .LVU1144
 3839 0106 94F84530 		ldrb	r3, [r4, #69]	@ zero_extendqisi2
 3840 010a 5BB2     		sxtb	r3, r3
 3841 010c B3F1FF3F 		cmp	r3, #-1
 3842 0110 CFD0     		beq	.L291
 3843              	.L277:
1735:Middlewares/Third_Party/FreeRTOS/Source/queue.c **** 
 3844              		.loc 1 1735 3 discriminator 6 view .LVU1145
 3845 0112 FFF7FEFF 		bl	vPortExitCritical
 3846              	.LVL306:
1738:Middlewares/Third_Party/FreeRTOS/Source/queue.c **** 		{
 3847              		.loc 1 1738 3 view .LVU1146
1738:Middlewares/Third_Party/FreeRTOS/Source/queue.c **** 		{
 3848              		.loc 1 1738 7 is_stmt 0 view .LVU1147
ARM GAS  C:\Users\Made\AppData\Local\Temp\cclTNyiU.s 			page 132


 3849 0116 01A9     		add	r1, sp, #4
 3850 0118 02A8     		add	r0, sp, #8
 3851 011a FFF7FEFF 		bl	xTaskCheckForTimeOut
 3852              	.LVL307:
1738:Middlewares/Third_Party/FreeRTOS/Source/queue.c **** 		{
 3853              		.loc 1 1738 5 discriminator 1 view .LVU1148
 3854 011e 0028     		cmp	r0, #0
 3855 0120 D1D1     		bne	.L278
1742:Middlewares/Third_Party/FreeRTOS/Source/queue.c **** 			{
 3856              		.loc 1 1742 4 is_stmt 1 view .LVU1149
1742:Middlewares/Third_Party/FreeRTOS/Source/queue.c **** 			{
 3857              		.loc 1 1742 8 is_stmt 0 view .LVU1150
 3858 0122 2046     		mov	r0, r4
 3859 0124 FFF7FEFF 		bl	prvIsQueueEmpty
 3860              	.LVL308:
1742:Middlewares/Third_Party/FreeRTOS/Source/queue.c **** 			{
 3861              		.loc 1 1742 6 discriminator 1 view .LVU1151
 3862 0128 0028     		cmp	r0, #0
 3863 012a C6D0     		beq	.L279
1744:Middlewares/Third_Party/FreeRTOS/Source/queue.c **** 				vTaskPlaceOnEventList( &( pxQueue->xTasksWaitingToReceive ), xTicksToWait );
 3864              		.loc 1 1744 43 is_stmt 1 view .LVU1152
1745:Middlewares/Third_Party/FreeRTOS/Source/queue.c **** 				prvUnlockQueue( pxQueue );
 3865              		.loc 1 1745 5 view .LVU1153
 3866 012c 0199     		ldr	r1, [sp, #4]
 3867 012e 04F12400 		add	r0, r4, #36
 3868 0132 FFF7FEFF 		bl	vTaskPlaceOnEventList
 3869              	.LVL309:
1746:Middlewares/Third_Party/FreeRTOS/Source/queue.c **** 				if( xTaskResumeAll() == pdFALSE )
 3870              		.loc 1 1746 5 view .LVU1154
 3871 0136 2046     		mov	r0, r4
 3872 0138 FFF7FEFF 		bl	prvUnlockQueue
 3873              	.LVL310:
1747:Middlewares/Third_Party/FreeRTOS/Source/queue.c **** 				{
 3874              		.loc 1 1747 5 view .LVU1155
1747:Middlewares/Third_Party/FreeRTOS/Source/queue.c **** 				{
 3875              		.loc 1 1747 9 is_stmt 0 view .LVU1156
 3876 013c FFF7FEFF 		bl	xTaskResumeAll
 3877              	.LVL311:
1747:Middlewares/Third_Party/FreeRTOS/Source/queue.c **** 				{
 3878              		.loc 1 1747 7 discriminator 1 view .LVU1157
 3879 0140 0028     		cmp	r0, #0
 3880 0142 CAD1     		bne	.L270
1749:Middlewares/Third_Party/FreeRTOS/Source/queue.c **** 				}
 3881              		.loc 1 1749 6 is_stmt 1 view .LVU1158
 3882 0144 4FF0E023 		mov	r3, #-536813568
 3883 0148 4FF08052 		mov	r2, #268435456
 3884 014c C3F8042D 		str	r2, [r3, #3332]
1749:Middlewares/Third_Party/FreeRTOS/Source/queue.c **** 				}
 3885              		.loc 1 1749 6 view .LVU1159
 3886              		.syntax unified
 3887              	@ 1749 "Middlewares/Third_Party/FreeRTOS/Source/queue.c" 1
 3888 0150 BFF34F8F 		dsb
 3889              	@ 0 "" 2
1749:Middlewares/Third_Party/FreeRTOS/Source/queue.c **** 				}
 3890              		.loc 1 1749 6 view .LVU1160
 3891              	@ 1749 "Middlewares/Third_Party/FreeRTOS/Source/queue.c" 1
 3892 0154 BFF36F8F 		isb
ARM GAS  C:\Users\Made\AppData\Local\Temp\cclTNyiU.s 			page 133


 3893              	@ 0 "" 2
1749:Middlewares/Third_Party/FreeRTOS/Source/queue.c **** 				}
 3894              		.loc 1 1749 28 view .LVU1161
 3895              		.thumb
 3896              		.syntax unified
 3897 0158 BFE7     		b	.L270
 3898              	.L286:
1774:Middlewares/Third_Party/FreeRTOS/Source/queue.c **** 			}
 3899              		.loc 1 1774 12 is_stmt 0 view .LVU1162
 3900 015a 0020     		movs	r0, #0
 3901 015c 89E7     		b	.L263
 3902              		.cfi_endproc
 3903              	.LFE22:
 3905              		.section	.text.xQueueReceiveFromISR,"ax",%progbits
 3906              		.align	1
 3907              		.global	xQueueReceiveFromISR
 3908              		.syntax unified
 3909              		.thumb
 3910              		.thumb_func
 3912              	xQueueReceiveFromISR:
 3913              	.LVL312:
 3914              	.LFB23:
1786:Middlewares/Third_Party/FreeRTOS/Source/queue.c **** BaseType_t xReturn;
 3915              		.loc 1 1786 1 is_stmt 1 view -0
 3916              		.cfi_startproc
 3917              		@ args = 0, pretend = 0, frame = 0
 3918              		@ frame_needed = 0, uses_anonymous_args = 0
1786:Middlewares/Third_Party/FreeRTOS/Source/queue.c **** BaseType_t xReturn;
 3919              		.loc 1 1786 1 is_stmt 0 view .LVU1164
 3920 0000 2DE9F843 		push	{r3, r4, r5, r6, r7, r8, r9, lr}
 3921              	.LCFI49:
 3922              		.cfi_def_cfa_offset 32
 3923              		.cfi_offset 3, -32
 3924              		.cfi_offset 4, -28
 3925              		.cfi_offset 5, -24
 3926              		.cfi_offset 6, -20
 3927              		.cfi_offset 7, -16
 3928              		.cfi_offset 8, -12
 3929              		.cfi_offset 9, -8
 3930              		.cfi_offset 14, -4
1787:Middlewares/Third_Party/FreeRTOS/Source/queue.c **** UBaseType_t uxSavedInterruptStatus;
 3931              		.loc 1 1787 1 is_stmt 1 view .LVU1165
1788:Middlewares/Third_Party/FreeRTOS/Source/queue.c **** Queue_t * const pxQueue = xQueue;
 3932              		.loc 1 1788 1 view .LVU1166
1789:Middlewares/Third_Party/FreeRTOS/Source/queue.c **** 
 3933              		.loc 1 1789 1 view .LVU1167
 3934              	.LVL313:
1791:Middlewares/Third_Party/FreeRTOS/Source/queue.c **** 	configASSERT( !( ( pvBuffer == NULL ) && ( pxQueue->uxItemSize != ( UBaseType_t ) 0U ) ) );
 3935              		.loc 1 1791 2 view .LVU1168
 3936 0004 B0B1     		cbz	r0, .L304
 3937 0006 0D46     		mov	r5, r1
 3938 0008 9046     		mov	r8, r2
 3939 000a 0446     		mov	r4, r0
1791:Middlewares/Third_Party/FreeRTOS/Source/queue.c **** 	configASSERT( !( ( pvBuffer == NULL ) && ( pxQueue->uxItemSize != ( UBaseType_t ) 0U ) ) );
 3940              		.loc 1 1791 25 discriminator 2 view .LVU1169
1792:Middlewares/Third_Party/FreeRTOS/Source/queue.c **** 
 3941              		.loc 1 1792 2 view .LVU1170
ARM GAS  C:\Users\Made\AppData\Local\Temp\cclTNyiU.s 			page 134


 3942 000c D9B1     		cbz	r1, .L305
 3943              	.L295:
1792:Middlewares/Third_Party/FreeRTOS/Source/queue.c **** 
 3944              		.loc 1 1792 92 discriminator 8 view .LVU1171
1808:Middlewares/Third_Party/FreeRTOS/Source/queue.c **** 
 3945              		.loc 1 1808 2 view .LVU1172
 3946 000e FFF7FEFF 		bl	vPortValidateInterruptPriority
 3947              	.LVL314:
1810:Middlewares/Third_Party/FreeRTOS/Source/queue.c **** 	{
 3948              		.loc 1 1810 2 view .LVU1173
 3949              	.LBB214:
 3950              	.LBI214:
 207:Middlewares/Third_Party/FreeRTOS/Source/portable/GCC/ARM_CM4F/portmacro.h **** {
 3951              		.loc 2 207 34 view .LVU1174
 3952              	.LBB215:
 209:Middlewares/Third_Party/FreeRTOS/Source/portable/GCC/ARM_CM4F/portmacro.h **** 
 3953              		.loc 2 209 1 view .LVU1175
 211:Middlewares/Third_Party/FreeRTOS/Source/portable/GCC/ARM_CM4F/portmacro.h **** 	(
 3954              		.loc 2 211 2 view .LVU1176
 3955              		.syntax unified
 3956              	@ 211 "Middlewares/Third_Party/FreeRTOS/Source/portable/GCC/ARM_CM4F/portmacro.h" 1
 3957 0012 EFF31187 			mrs r7, basepri											
 3958 0016 4FF05003 		mov r3, #80												
 3959 001a 83F31188 		msr basepri, r3											
 3960 001e BFF36F8F 		isb														
 3961 0022 BFF34F8F 		dsb														
 3962              	
 3963              	@ 0 "" 2
 3964              	.LVL315:
 223:Middlewares/Third_Party/FreeRTOS/Source/portable/GCC/ARM_CM4F/portmacro.h **** }
 3965              		.loc 2 223 2 view .LVU1177
 223:Middlewares/Third_Party/FreeRTOS/Source/portable/GCC/ARM_CM4F/portmacro.h **** }
 3966              		.loc 2 223 2 is_stmt 0 view .LVU1178
 3967              		.thumb
 3968              		.syntax unified
 3969              	.LBE215:
 3970              	.LBE214:
 3971              	.LBB216:
1812:Middlewares/Third_Party/FreeRTOS/Source/queue.c **** 
 3972              		.loc 1 1812 3 is_stmt 1 view .LVU1179
1812:Middlewares/Third_Party/FreeRTOS/Source/queue.c **** 
 3973              		.loc 1 1812 21 is_stmt 0 view .LVU1180
 3974 0026 A66B     		ldr	r6, [r4, #56]
 3975              	.LVL316:
1815:Middlewares/Third_Party/FreeRTOS/Source/queue.c **** 		{
 3976              		.loc 1 1815 3 is_stmt 1 view .LVU1181
1815:Middlewares/Third_Party/FreeRTOS/Source/queue.c **** 		{
 3977              		.loc 1 1815 5 is_stmt 0 view .LVU1182
 3978 0028 CEB9     		cbnz	r6, .L306
1866:Middlewares/Third_Party/FreeRTOS/Source/queue.c **** 			traceQUEUE_RECEIVE_FROM_ISR_FAILED( pxQueue );
 3979              		.loc 1 1866 12 view .LVU1183
 3980 002a 0020     		movs	r0, #0
 3981              	.L297:
 3982              	.LVL317:
1867:Middlewares/Third_Party/FreeRTOS/Source/queue.c **** 		}
 3983              		.loc 1 1867 49 is_stmt 1 view .LVU1184
 3984              	.LBE216:
ARM GAS  C:\Users\Made\AppData\Local\Temp\cclTNyiU.s 			page 135


1870:Middlewares/Third_Party/FreeRTOS/Source/queue.c **** 
 3985              		.loc 1 1870 2 view .LVU1185
 3986              	.LBB218:
 3987              	.LBI218:
 227:Middlewares/Third_Party/FreeRTOS/Source/portable/GCC/ARM_CM4F/portmacro.h **** {
 3988              		.loc 2 227 30 view .LVU1186
 3989              	.LBB219:
 3990              		.loc 2 229 2 view .LVU1187
 3991              		.syntax unified
 3992              	@ 229 "Middlewares/Third_Party/FreeRTOS/Source/portable/GCC/ARM_CM4F/portmacro.h" 1
 3993 002c 87F31188 			msr basepri, r7	
 3994              	@ 0 "" 2
 3995              		.thumb
 3996              		.syntax unified
 3997              	.LBE219:
 3998              	.LBE218:
1872:Middlewares/Third_Party/FreeRTOS/Source/queue.c **** }
 3999              		.loc 1 1872 2 view .LVU1188
1873:Middlewares/Third_Party/FreeRTOS/Source/queue.c **** /*-----------------------------------------------------------*/
 4000              		.loc 1 1873 1 is_stmt 0 view .LVU1189
 4001 0030 BDE8F883 		pop	{r3, r4, r5, r6, r7, r8, r9, pc}
 4002              	.LVL318:
 4003              	.L304:
1791:Middlewares/Third_Party/FreeRTOS/Source/queue.c **** 	configASSERT( !( ( pvBuffer == NULL ) && ( pxQueue->uxItemSize != ( UBaseType_t ) 0U ) ) );
 4004              		.loc 1 1791 2 is_stmt 1 discriminator 1 view .LVU1190
 4005              	.LBB220:
 4006              	.LBI220:
 191:Middlewares/Third_Party/FreeRTOS/Source/portable/GCC/ARM_CM4F/portmacro.h **** {
 4007              		.loc 2 191 30 view .LVU1191
 4008              	.LBB221:
 193:Middlewares/Third_Party/FreeRTOS/Source/portable/GCC/ARM_CM4F/portmacro.h **** 
 4009              		.loc 2 193 1 view .LVU1192
 195:Middlewares/Third_Party/FreeRTOS/Source/portable/GCC/ARM_CM4F/portmacro.h **** 	(
 4010              		.loc 2 195 2 view .LVU1193
 4011              		.syntax unified
 4012              	@ 195 "Middlewares/Third_Party/FreeRTOS/Source/portable/GCC/ARM_CM4F/portmacro.h" 1
 4013 0034 4FF05003 			mov r3, #80												
 4014 0038 83F31188 		msr basepri, r3											
 4015 003c BFF36F8F 		isb														
 4016 0040 BFF34F8F 		dsb														
 4017              	
 4018              	@ 0 "" 2
 4019              		.thumb
 4020              		.syntax unified
 4021              	.L294:
 4022              	.LBE221:
 4023              	.LBE220:
1791:Middlewares/Third_Party/FreeRTOS/Source/queue.c **** 	configASSERT( !( ( pvBuffer == NULL ) && ( pxQueue->uxItemSize != ( UBaseType_t ) 0U ) ) );
 4024              		.loc 1 1791 2 discriminator 3 view .LVU1194
1791:Middlewares/Third_Party/FreeRTOS/Source/queue.c **** 	configASSERT( !( ( pvBuffer == NULL ) && ( pxQueue->uxItemSize != ( UBaseType_t ) 0U ) ) );
 4025              		.loc 1 1791 2 discriminator 3 view .LVU1195
 4026 0044 FEE7     		b	.L294
 4027              	.L305:
1792:Middlewares/Third_Party/FreeRTOS/Source/queue.c **** 
 4028              		.loc 1 1792 2 is_stmt 0 discriminator 2 view .LVU1196
 4029 0046 036C     		ldr	r3, [r0, #64]
 4030 0048 002B     		cmp	r3, #0
ARM GAS  C:\Users\Made\AppData\Local\Temp\cclTNyiU.s 			page 136


 4031 004a E0D0     		beq	.L295
1792:Middlewares/Third_Party/FreeRTOS/Source/queue.c **** 
 4032              		.loc 1 1792 2 is_stmt 1 discriminator 7 view .LVU1197
 4033              	.LBB222:
 4034              	.LBI222:
 191:Middlewares/Third_Party/FreeRTOS/Source/portable/GCC/ARM_CM4F/portmacro.h **** {
 4035              		.loc 2 191 30 view .LVU1198
 4036              	.LBB223:
 193:Middlewares/Third_Party/FreeRTOS/Source/portable/GCC/ARM_CM4F/portmacro.h **** 
 4037              		.loc 2 193 1 view .LVU1199
 195:Middlewares/Third_Party/FreeRTOS/Source/portable/GCC/ARM_CM4F/portmacro.h **** 	(
 4038              		.loc 2 195 2 view .LVU1200
 4039              		.syntax unified
 4040              	@ 195 "Middlewares/Third_Party/FreeRTOS/Source/portable/GCC/ARM_CM4F/portmacro.h" 1
 4041 004c 4FF05003 			mov r3, #80												
 4042 0050 83F31188 		msr basepri, r3											
 4043 0054 BFF36F8F 		isb														
 4044 0058 BFF34F8F 		dsb														
 4045              	
 4046              	@ 0 "" 2
 4047              		.thumb
 4048              		.syntax unified
 4049              	.L296:
 4050              	.LBE223:
 4051              	.LBE222:
1792:Middlewares/Third_Party/FreeRTOS/Source/queue.c **** 
 4052              		.loc 1 1792 2 discriminator 9 view .LVU1201
1792:Middlewares/Third_Party/FreeRTOS/Source/queue.c **** 
 4053              		.loc 1 1792 2 discriminator 9 view .LVU1202
 4054 005c FEE7     		b	.L296
 4055              	.LVL319:
 4056              	.L306:
 4057              	.LBB224:
 4058              	.LBB217:
1817:Middlewares/Third_Party/FreeRTOS/Source/queue.c **** 
 4059              		.loc 1 1817 4 view .LVU1203
1817:Middlewares/Third_Party/FreeRTOS/Source/queue.c **** 
 4060              		.loc 1 1817 17 is_stmt 0 view .LVU1204
 4061 005e 94F84490 		ldrb	r9, [r4, #68]	@ zero_extendqisi2
 4062 0062 4FFA89F9 		sxtb	r9, r9
 4063              	.LVL320:
1819:Middlewares/Third_Party/FreeRTOS/Source/queue.c **** 
 4064              		.loc 1 1819 42 is_stmt 1 view .LVU1205
1821:Middlewares/Third_Party/FreeRTOS/Source/queue.c **** 			pxQueue->uxMessagesWaiting = uxMessagesWaiting - ( UBaseType_t ) 1;
 4065              		.loc 1 1821 4 view .LVU1206
 4066 0066 2946     		mov	r1, r5
 4067 0068 2046     		mov	r0, r4
 4068 006a FFF7FEFF 		bl	prvCopyDataFromQueue
 4069              	.LVL321:
1822:Middlewares/Third_Party/FreeRTOS/Source/queue.c **** 
 4070              		.loc 1 1822 4 view .LVU1207
1822:Middlewares/Third_Party/FreeRTOS/Source/queue.c **** 
 4071              		.loc 1 1822 51 is_stmt 0 view .LVU1208
 4072 006e 731E     		subs	r3, r6, #1
1822:Middlewares/Third_Party/FreeRTOS/Source/queue.c **** 
 4073              		.loc 1 1822 31 view .LVU1209
 4074 0070 A363     		str	r3, [r4, #56]
ARM GAS  C:\Users\Made\AppData\Local\Temp\cclTNyiU.s 			page 137


1828:Middlewares/Third_Party/FreeRTOS/Source/queue.c **** 			{
 4075              		.loc 1 1828 4 is_stmt 1 view .LVU1210
1828:Middlewares/Third_Party/FreeRTOS/Source/queue.c **** 			{
 4076              		.loc 1 1828 6 is_stmt 0 view .LVU1211
 4077 0072 B9F1FF3F 		cmp	r9, #-1
 4078 0076 06D0     		beq	.L307
1859:Middlewares/Third_Party/FreeRTOS/Source/queue.c **** 			}
 4079              		.loc 1 1859 5 is_stmt 1 view .LVU1212
1859:Middlewares/Third_Party/FreeRTOS/Source/queue.c **** 			}
 4080              		.loc 1 1859 45 is_stmt 0 view .LVU1213
 4081 0078 09F10103 		add	r3, r9, #1
1859:Middlewares/Third_Party/FreeRTOS/Source/queue.c **** 			}
 4082              		.loc 1 1859 24 view .LVU1214
 4083 007c 5BB2     		sxtb	r3, r3
1859:Middlewares/Third_Party/FreeRTOS/Source/queue.c **** 			}
 4084              		.loc 1 1859 22 view .LVU1215
 4085 007e 84F84430 		strb	r3, [r4, #68]
1862:Middlewares/Third_Party/FreeRTOS/Source/queue.c **** 		}
 4086              		.loc 1 1862 12 view .LVU1216
 4087 0082 0120     		movs	r0, #1
 4088 0084 D2E7     		b	.L297
 4089              	.L307:
1830:Middlewares/Third_Party/FreeRTOS/Source/queue.c **** 				{
 4090              		.loc 1 1830 5 is_stmt 1 view .LVU1217
1830:Middlewares/Third_Party/FreeRTOS/Source/queue.c **** 				{
 4091              		.loc 1 1830 9 is_stmt 0 view .LVU1218
 4092 0086 2369     		ldr	r3, [r4, #16]
1830:Middlewares/Third_Party/FreeRTOS/Source/queue.c **** 				{
 4093              		.loc 1 1830 7 view .LVU1219
 4094 0088 0BB9     		cbnz	r3, .L308
1862:Middlewares/Third_Party/FreeRTOS/Source/queue.c **** 		}
 4095              		.loc 1 1862 12 view .LVU1220
 4096 008a 0120     		movs	r0, #1
 4097 008c CEE7     		b	.L297
 4098              	.L308:
1832:Middlewares/Third_Party/FreeRTOS/Source/queue.c **** 					{
 4099              		.loc 1 1832 6 is_stmt 1 view .LVU1221
1832:Middlewares/Third_Party/FreeRTOS/Source/queue.c **** 					{
 4100              		.loc 1 1832 10 is_stmt 0 view .LVU1222
 4101 008e 04F11000 		add	r0, r4, #16
 4102 0092 FFF7FEFF 		bl	xTaskRemoveFromEventList
 4103              	.LVL322:
1832:Middlewares/Third_Party/FreeRTOS/Source/queue.c **** 					{
 4104              		.loc 1 1832 8 discriminator 1 view .LVU1223
 4105 0096 30B1     		cbz	r0, .L301
1836:Middlewares/Third_Party/FreeRTOS/Source/queue.c **** 						{
 4106              		.loc 1 1836 7 is_stmt 1 view .LVU1224
1836:Middlewares/Third_Party/FreeRTOS/Source/queue.c **** 						{
 4107              		.loc 1 1836 9 is_stmt 0 view .LVU1225
 4108 0098 B8F1000F 		cmp	r8, #0
 4109 009c 05D0     		beq	.L302
1838:Middlewares/Third_Party/FreeRTOS/Source/queue.c **** 						}
 4110              		.loc 1 1838 8 is_stmt 1 view .LVU1226
1838:Middlewares/Third_Party/FreeRTOS/Source/queue.c **** 						}
 4111              		.loc 1 1838 35 is_stmt 0 view .LVU1227
 4112 009e 0120     		movs	r0, #1
 4113 00a0 C8F80000 		str	r0, [r8]
ARM GAS  C:\Users\Made\AppData\Local\Temp\cclTNyiU.s 			page 138


 4114 00a4 C2E7     		b	.L297
 4115              	.L301:
1862:Middlewares/Third_Party/FreeRTOS/Source/queue.c **** 		}
 4116              		.loc 1 1862 12 view .LVU1228
 4117 00a6 0120     		movs	r0, #1
 4118 00a8 C0E7     		b	.L297
 4119              	.L302:
 4120 00aa 0120     		movs	r0, #1
 4121 00ac BEE7     		b	.L297
 4122              	.LBE217:
 4123              	.LBE224:
 4124              		.cfi_endproc
 4125              	.LFE23:
 4127              		.section	.text.xQueuePeekFromISR,"ax",%progbits
 4128              		.align	1
 4129              		.global	xQueuePeekFromISR
 4130              		.syntax unified
 4131              		.thumb
 4132              		.thumb_func
 4134              	xQueuePeekFromISR:
 4135              	.LVL323:
 4136              	.LFB24:
1877:Middlewares/Third_Party/FreeRTOS/Source/queue.c **** BaseType_t xReturn;
 4137              		.loc 1 1877 1 is_stmt 1 view -0
 4138              		.cfi_startproc
 4139              		@ args = 0, pretend = 0, frame = 0
 4140              		@ frame_needed = 0, uses_anonymous_args = 0
1877:Middlewares/Third_Party/FreeRTOS/Source/queue.c **** BaseType_t xReturn;
 4141              		.loc 1 1877 1 is_stmt 0 view .LVU1230
 4142 0000 F8B5     		push	{r3, r4, r5, r6, r7, lr}
 4143              	.LCFI50:
 4144              		.cfi_def_cfa_offset 24
 4145              		.cfi_offset 3, -24
 4146              		.cfi_offset 4, -20
 4147              		.cfi_offset 5, -16
 4148              		.cfi_offset 6, -12
 4149              		.cfi_offset 7, -8
 4150              		.cfi_offset 14, -4
1878:Middlewares/Third_Party/FreeRTOS/Source/queue.c **** UBaseType_t uxSavedInterruptStatus;
 4151              		.loc 1 1878 1 is_stmt 1 view .LVU1231
1879:Middlewares/Third_Party/FreeRTOS/Source/queue.c **** int8_t *pcOriginalReadPosition;
 4152              		.loc 1 1879 1 view .LVU1232
1880:Middlewares/Third_Party/FreeRTOS/Source/queue.c **** Queue_t * const pxQueue = xQueue;
 4153              		.loc 1 1880 1 view .LVU1233
1881:Middlewares/Third_Party/FreeRTOS/Source/queue.c **** 
 4154              		.loc 1 1881 1 view .LVU1234
 4155              	.LVL324:
1883:Middlewares/Third_Party/FreeRTOS/Source/queue.c **** 	configASSERT( !( ( pvBuffer == NULL ) && ( pxQueue->uxItemSize != ( UBaseType_t ) 0U ) ) );
 4156              		.loc 1 1883 2 view .LVU1235
 4157 0002 68B1     		cbz	r0, .L319
 4158 0004 0D46     		mov	r5, r1
 4159 0006 0446     		mov	r4, r0
1883:Middlewares/Third_Party/FreeRTOS/Source/queue.c **** 	configASSERT( !( ( pvBuffer == NULL ) && ( pxQueue->uxItemSize != ( UBaseType_t ) 0U ) ) );
 4160              		.loc 1 1883 25 discriminator 2 view .LVU1236
1884:Middlewares/Third_Party/FreeRTOS/Source/queue.c **** 	configASSERT( pxQueue->uxItemSize != 0 ); /* Can't peek a semaphore. */
 4161              		.loc 1 1884 2 view .LVU1237
 4162 0008 99B1     		cbz	r1, .L320
ARM GAS  C:\Users\Made\AppData\Local\Temp\cclTNyiU.s 			page 139


 4163              	.L312:
1884:Middlewares/Third_Party/FreeRTOS/Source/queue.c **** 	configASSERT( pxQueue->uxItemSize != 0 ); /* Can't peek a semaphore. */
 4164              		.loc 1 1884 92 discriminator 8 view .LVU1238
1885:Middlewares/Third_Party/FreeRTOS/Source/queue.c **** 
 4165              		.loc 1 1885 2 view .LVU1239
 4166 000a 236C     		ldr	r3, [r4, #64]
 4167 000c EBB9     		cbnz	r3, .L314
1885:Middlewares/Third_Party/FreeRTOS/Source/queue.c **** 
 4168              		.loc 1 1885 2 discriminator 1 view .LVU1240
 4169              	.LBB225:
 4170              	.LBI225:
 191:Middlewares/Third_Party/FreeRTOS/Source/portable/GCC/ARM_CM4F/portmacro.h **** {
 4171              		.loc 2 191 30 view .LVU1241
 4172              	.LBB226:
 193:Middlewares/Third_Party/FreeRTOS/Source/portable/GCC/ARM_CM4F/portmacro.h **** 
 4173              		.loc 2 193 1 view .LVU1242
 195:Middlewares/Third_Party/FreeRTOS/Source/portable/GCC/ARM_CM4F/portmacro.h **** 	(
 4174              		.loc 2 195 2 view .LVU1243
 4175              		.syntax unified
 4176              	@ 195 "Middlewares/Third_Party/FreeRTOS/Source/portable/GCC/ARM_CM4F/portmacro.h" 1
 4177 000e 4FF05003 			mov r3, #80												
 4178 0012 83F31188 		msr basepri, r3											
 4179 0016 BFF36F8F 		isb														
 4180 001a BFF34F8F 		dsb														
 4181              	
 4182              	@ 0 "" 2
 4183              		.thumb
 4184              		.syntax unified
 4185              	.L315:
 4186              	.LBE226:
 4187              	.LBE225:
1885:Middlewares/Third_Party/FreeRTOS/Source/queue.c **** 
 4188              		.loc 1 1885 2 discriminator 3 view .LVU1244
1885:Middlewares/Third_Party/FreeRTOS/Source/queue.c **** 
 4189              		.loc 1 1885 2 discriminator 3 view .LVU1245
 4190 001e FEE7     		b	.L315
 4191              	.L319:
1883:Middlewares/Third_Party/FreeRTOS/Source/queue.c **** 	configASSERT( !( ( pvBuffer == NULL ) && ( pxQueue->uxItemSize != ( UBaseType_t ) 0U ) ) );
 4192              		.loc 1 1883 2 discriminator 1 view .LVU1246
 4193              	.LBB227:
 4194              	.LBI227:
 191:Middlewares/Third_Party/FreeRTOS/Source/portable/GCC/ARM_CM4F/portmacro.h **** {
 4195              		.loc 2 191 30 view .LVU1247
 4196              	.LBB228:
 193:Middlewares/Third_Party/FreeRTOS/Source/portable/GCC/ARM_CM4F/portmacro.h **** 
 4197              		.loc 2 193 1 view .LVU1248
 195:Middlewares/Third_Party/FreeRTOS/Source/portable/GCC/ARM_CM4F/portmacro.h **** 	(
 4198              		.loc 2 195 2 view .LVU1249
 4199              		.syntax unified
 4200              	@ 195 "Middlewares/Third_Party/FreeRTOS/Source/portable/GCC/ARM_CM4F/portmacro.h" 1
 4201 0020 4FF05003 			mov r3, #80												
 4202 0024 83F31188 		msr basepri, r3											
 4203 0028 BFF36F8F 		isb														
 4204 002c BFF34F8F 		dsb														
 4205              	
 4206              	@ 0 "" 2
 4207              		.thumb
ARM GAS  C:\Users\Made\AppData\Local\Temp\cclTNyiU.s 			page 140


 4208              		.syntax unified
 4209              	.L311:
 4210              	.LBE228:
 4211              	.LBE227:
1883:Middlewares/Third_Party/FreeRTOS/Source/queue.c **** 	configASSERT( !( ( pvBuffer == NULL ) && ( pxQueue->uxItemSize != ( UBaseType_t ) 0U ) ) );
 4212              		.loc 1 1883 2 discriminator 3 view .LVU1250
1883:Middlewares/Third_Party/FreeRTOS/Source/queue.c **** 	configASSERT( !( ( pvBuffer == NULL ) && ( pxQueue->uxItemSize != ( UBaseType_t ) 0U ) ) );
 4213              		.loc 1 1883 2 discriminator 3 view .LVU1251
 4214 0030 FEE7     		b	.L311
 4215              	.L320:
1884:Middlewares/Third_Party/FreeRTOS/Source/queue.c **** 	configASSERT( pxQueue->uxItemSize != 0 ); /* Can't peek a semaphore. */
 4216              		.loc 1 1884 2 is_stmt 0 discriminator 2 view .LVU1252
 4217 0032 036C     		ldr	r3, [r0, #64]
 4218 0034 002B     		cmp	r3, #0
 4219 0036 E8D0     		beq	.L312
1884:Middlewares/Third_Party/FreeRTOS/Source/queue.c **** 	configASSERT( pxQueue->uxItemSize != 0 ); /* Can't peek a semaphore. */
 4220              		.loc 1 1884 2 is_stmt 1 discriminator 7 view .LVU1253
 4221              	.LBB229:
 4222              	.LBI229:
 191:Middlewares/Third_Party/FreeRTOS/Source/portable/GCC/ARM_CM4F/portmacro.h **** {
 4223              		.loc 2 191 30 view .LVU1254
 4224              	.LBB230:
 193:Middlewares/Third_Party/FreeRTOS/Source/portable/GCC/ARM_CM4F/portmacro.h **** 
 4225              		.loc 2 193 1 view .LVU1255
 195:Middlewares/Third_Party/FreeRTOS/Source/portable/GCC/ARM_CM4F/portmacro.h **** 	(
 4226              		.loc 2 195 2 view .LVU1256
 4227              		.syntax unified
 4228              	@ 195 "Middlewares/Third_Party/FreeRTOS/Source/portable/GCC/ARM_CM4F/portmacro.h" 1
 4229 0038 4FF05003 			mov r3, #80												
 4230 003c 83F31188 		msr basepri, r3											
 4231 0040 BFF36F8F 		isb														
 4232 0044 BFF34F8F 		dsb														
 4233              	
 4234              	@ 0 "" 2
 4235              		.thumb
 4236              		.syntax unified
 4237              	.L313:
 4238              	.LBE230:
 4239              	.LBE229:
1884:Middlewares/Third_Party/FreeRTOS/Source/queue.c **** 	configASSERT( pxQueue->uxItemSize != 0 ); /* Can't peek a semaphore. */
 4240              		.loc 1 1884 2 discriminator 9 view .LVU1257
1884:Middlewares/Third_Party/FreeRTOS/Source/queue.c **** 	configASSERT( pxQueue->uxItemSize != 0 ); /* Can't peek a semaphore. */
 4241              		.loc 1 1884 2 discriminator 9 view .LVU1258
 4242 0048 FEE7     		b	.L313
 4243              	.L314:
1885:Middlewares/Third_Party/FreeRTOS/Source/queue.c **** 
 4244              		.loc 1 1885 42 discriminator 2 view .LVU1259
1901:Middlewares/Third_Party/FreeRTOS/Source/queue.c **** 
 4245              		.loc 1 1901 2 view .LVU1260
 4246 004a FFF7FEFF 		bl	vPortValidateInterruptPriority
 4247              	.LVL325:
1903:Middlewares/Third_Party/FreeRTOS/Source/queue.c **** 	{
 4248              		.loc 1 1903 2 view .LVU1261
 4249              	.LBB231:
 4250              	.LBI231:
 207:Middlewares/Third_Party/FreeRTOS/Source/portable/GCC/ARM_CM4F/portmacro.h **** {
 4251              		.loc 2 207 34 view .LVU1262
ARM GAS  C:\Users\Made\AppData\Local\Temp\cclTNyiU.s 			page 141


 4252              	.LBB232:
 209:Middlewares/Third_Party/FreeRTOS/Source/portable/GCC/ARM_CM4F/portmacro.h **** 
 4253              		.loc 2 209 1 view .LVU1263
 211:Middlewares/Third_Party/FreeRTOS/Source/portable/GCC/ARM_CM4F/portmacro.h **** 	(
 4254              		.loc 2 211 2 view .LVU1264
 4255              		.syntax unified
 4256              	@ 211 "Middlewares/Third_Party/FreeRTOS/Source/portable/GCC/ARM_CM4F/portmacro.h" 1
 4257 004e EFF31186 			mrs r6, basepri											
 4258 0052 4FF05003 		mov r3, #80												
 4259 0056 83F31188 		msr basepri, r3											
 4260 005a BFF36F8F 		isb														
 4261 005e BFF34F8F 		dsb														
 4262              	
 4263              	@ 0 "" 2
 4264              	.LVL326:
 223:Middlewares/Third_Party/FreeRTOS/Source/portable/GCC/ARM_CM4F/portmacro.h **** }
 4265              		.loc 2 223 2 view .LVU1265
 223:Middlewares/Third_Party/FreeRTOS/Source/portable/GCC/ARM_CM4F/portmacro.h **** }
 4266              		.loc 2 223 2 is_stmt 0 view .LVU1266
 4267              		.thumb
 4268              		.syntax unified
 4269              	.LBE232:
 4270              	.LBE231:
1906:Middlewares/Third_Party/FreeRTOS/Source/queue.c **** 		{
 4271              		.loc 1 1906 3 is_stmt 1 view .LVU1267
1906:Middlewares/Third_Party/FreeRTOS/Source/queue.c **** 		{
 4272              		.loc 1 1906 14 is_stmt 0 view .LVU1268
 4273 0062 A36B     		ldr	r3, [r4, #56]
1906:Middlewares/Third_Party/FreeRTOS/Source/queue.c **** 		{
 4274              		.loc 1 1906 5 view .LVU1269
 4275 0064 1BB9     		cbnz	r3, .L321
1920:Middlewares/Third_Party/FreeRTOS/Source/queue.c **** 			traceQUEUE_PEEK_FROM_ISR_FAILED( pxQueue );
 4276              		.loc 1 1920 12 view .LVU1270
 4277 0066 0020     		movs	r0, #0
 4278              	.L316:
 4279              	.LVL327:
1921:Middlewares/Third_Party/FreeRTOS/Source/queue.c **** 		}
 4280              		.loc 1 1921 46 is_stmt 1 view .LVU1271
1924:Middlewares/Third_Party/FreeRTOS/Source/queue.c **** 
 4281              		.loc 1 1924 2 view .LVU1272
 4282              	.LBB233:
 4283              	.LBI233:
 227:Middlewares/Third_Party/FreeRTOS/Source/portable/GCC/ARM_CM4F/portmacro.h **** {
 4284              		.loc 2 227 30 view .LVU1273
 4285              	.LBB234:
 4286              		.loc 2 229 2 view .LVU1274
 4287              		.syntax unified
 4288              	@ 229 "Middlewares/Third_Party/FreeRTOS/Source/portable/GCC/ARM_CM4F/portmacro.h" 1
 4289 0068 86F31188 			msr basepri, r6	
 4290              	@ 0 "" 2
 4291              		.thumb
 4292              		.syntax unified
 4293              	.LBE234:
 4294              	.LBE233:
1926:Middlewares/Third_Party/FreeRTOS/Source/queue.c **** }
 4295              		.loc 1 1926 2 view .LVU1275
1927:Middlewares/Third_Party/FreeRTOS/Source/queue.c **** /*-----------------------------------------------------------*/
ARM GAS  C:\Users\Made\AppData\Local\Temp\cclTNyiU.s 			page 142


 4296              		.loc 1 1927 1 is_stmt 0 view .LVU1276
 4297 006c F8BD     		pop	{r3, r4, r5, r6, r7, pc}
 4298              	.LVL328:
 4299              	.L321:
1908:Middlewares/Third_Party/FreeRTOS/Source/queue.c **** 
 4300              		.loc 1 1908 39 is_stmt 1 view .LVU1277
1912:Middlewares/Third_Party/FreeRTOS/Source/queue.c **** 			prvCopyDataFromQueue( pxQueue, pvBuffer );
 4301              		.loc 1 1912 4 view .LVU1278
1912:Middlewares/Third_Party/FreeRTOS/Source/queue.c **** 			prvCopyDataFromQueue( pxQueue, pvBuffer );
 4302              		.loc 1 1912 27 is_stmt 0 view .LVU1279
 4303 006e E768     		ldr	r7, [r4, #12]
 4304              	.LVL329:
1913:Middlewares/Third_Party/FreeRTOS/Source/queue.c **** 			pxQueue->u.xQueue.pcReadFrom = pcOriginalReadPosition;
 4305              		.loc 1 1913 4 is_stmt 1 view .LVU1280
 4306 0070 2946     		mov	r1, r5
 4307 0072 2046     		mov	r0, r4
 4308 0074 FFF7FEFF 		bl	prvCopyDataFromQueue
 4309              	.LVL330:
1914:Middlewares/Third_Party/FreeRTOS/Source/queue.c **** 
 4310              		.loc 1 1914 4 view .LVU1281
1914:Middlewares/Third_Party/FreeRTOS/Source/queue.c **** 
 4311              		.loc 1 1914 33 is_stmt 0 view .LVU1282
 4312 0078 E760     		str	r7, [r4, #12]
1916:Middlewares/Third_Party/FreeRTOS/Source/queue.c **** 		}
 4313              		.loc 1 1916 4 is_stmt 1 view .LVU1283
 4314              	.LVL331:
1916:Middlewares/Third_Party/FreeRTOS/Source/queue.c **** 		}
 4315              		.loc 1 1916 12 is_stmt 0 view .LVU1284
 4316 007a 0120     		movs	r0, #1
 4317 007c F4E7     		b	.L316
 4318              		.cfi_endproc
 4319              	.LFE24:
 4321              		.section	.text.uxQueueMessagesWaiting,"ax",%progbits
 4322              		.align	1
 4323              		.global	uxQueueMessagesWaiting
 4324              		.syntax unified
 4325              		.thumb
 4326              		.thumb_func
 4328              	uxQueueMessagesWaiting:
 4329              	.LVL332:
 4330              	.LFB25:
1931:Middlewares/Third_Party/FreeRTOS/Source/queue.c **** UBaseType_t uxReturn;
 4331              		.loc 1 1931 1 is_stmt 1 view -0
 4332              		.cfi_startproc
 4333              		@ args = 0, pretend = 0, frame = 0
 4334              		@ frame_needed = 0, uses_anonymous_args = 0
1932:Middlewares/Third_Party/FreeRTOS/Source/queue.c **** 
 4335              		.loc 1 1932 1 view .LVU1286
1934:Middlewares/Third_Party/FreeRTOS/Source/queue.c **** 
 4336              		.loc 1 1934 2 view .LVU1287
 4337 0000 40B1     		cbz	r0, .L327
1931:Middlewares/Third_Party/FreeRTOS/Source/queue.c **** UBaseType_t uxReturn;
 4338              		.loc 1 1931 1 is_stmt 0 view .LVU1288
 4339 0002 10B5     		push	{r4, lr}
 4340              	.LCFI51:
 4341              		.cfi_def_cfa_offset 8
 4342              		.cfi_offset 4, -8
ARM GAS  C:\Users\Made\AppData\Local\Temp\cclTNyiU.s 			page 143


 4343              		.cfi_offset 14, -4
 4344 0004 0446     		mov	r4, r0
1934:Middlewares/Third_Party/FreeRTOS/Source/queue.c **** 
 4345              		.loc 1 1934 24 is_stmt 1 discriminator 2 view .LVU1289
1936:Middlewares/Third_Party/FreeRTOS/Source/queue.c **** 	{
 4346              		.loc 1 1936 2 view .LVU1290
 4347 0006 FFF7FEFF 		bl	vPortEnterCritical
 4348              	.LVL333:
1938:Middlewares/Third_Party/FreeRTOS/Source/queue.c **** 	}
 4349              		.loc 1 1938 3 view .LVU1291
1938:Middlewares/Third_Party/FreeRTOS/Source/queue.c **** 	}
 4350              		.loc 1 1938 12 is_stmt 0 view .LVU1292
 4351 000a A46B     		ldr	r4, [r4, #56]
 4352              	.LVL334:
1940:Middlewares/Third_Party/FreeRTOS/Source/queue.c **** 
 4353              		.loc 1 1940 2 is_stmt 1 view .LVU1293
 4354 000c FFF7FEFF 		bl	vPortExitCritical
 4355              	.LVL335:
1942:Middlewares/Third_Party/FreeRTOS/Source/queue.c **** } /*lint !e818 Pointer cannot be declared const as xQueue is a typedef not pointer. */
 4356              		.loc 1 1942 2 view .LVU1294
1943:Middlewares/Third_Party/FreeRTOS/Source/queue.c **** /*-----------------------------------------------------------*/
 4357              		.loc 1 1943 1 is_stmt 0 view .LVU1295
 4358 0010 2046     		mov	r0, r4
 4359 0012 10BD     		pop	{r4, pc}
 4360              	.LVL336:
 4361              	.L327:
 4362              	.LCFI52:
 4363              		.cfi_def_cfa_offset 0
 4364              		.cfi_restore 4
 4365              		.cfi_restore 14
1934:Middlewares/Third_Party/FreeRTOS/Source/queue.c **** 
 4366              		.loc 1 1934 2 is_stmt 1 discriminator 1 view .LVU1296
 4367              	.LBB235:
 4368              	.LBI235:
 191:Middlewares/Third_Party/FreeRTOS/Source/portable/GCC/ARM_CM4F/portmacro.h **** {
 4369              		.loc 2 191 30 view .LVU1297
 4370              	.LBB236:
 193:Middlewares/Third_Party/FreeRTOS/Source/portable/GCC/ARM_CM4F/portmacro.h **** 
 4371              		.loc 2 193 1 view .LVU1298
 195:Middlewares/Third_Party/FreeRTOS/Source/portable/GCC/ARM_CM4F/portmacro.h **** 	(
 4372              		.loc 2 195 2 view .LVU1299
 4373              		.syntax unified
 4374              	@ 195 "Middlewares/Third_Party/FreeRTOS/Source/portable/GCC/ARM_CM4F/portmacro.h" 1
 4375 0014 4FF05003 			mov r3, #80												
 4376 0018 83F31188 		msr basepri, r3											
 4377 001c BFF36F8F 		isb														
 4378 0020 BFF34F8F 		dsb														
 4379              	
 4380              	@ 0 "" 2
 4381              		.thumb
 4382              		.syntax unified
 4383              	.L324:
 4384              	.LBE236:
 4385              	.LBE235:
1934:Middlewares/Third_Party/FreeRTOS/Source/queue.c **** 
 4386              		.loc 1 1934 2 discriminator 3 view .LVU1300
1934:Middlewares/Third_Party/FreeRTOS/Source/queue.c **** 
ARM GAS  C:\Users\Made\AppData\Local\Temp\cclTNyiU.s 			page 144


 4387              		.loc 1 1934 2 discriminator 3 view .LVU1301
 4388 0024 FEE7     		b	.L324
 4389              		.cfi_endproc
 4390              	.LFE25:
 4392              		.section	.text.uxQueueSpacesAvailable,"ax",%progbits
 4393              		.align	1
 4394              		.global	uxQueueSpacesAvailable
 4395              		.syntax unified
 4396              		.thumb
 4397              		.thumb_func
 4399              	uxQueueSpacesAvailable:
 4400              	.LVL337:
 4401              	.LFB26:
1947:Middlewares/Third_Party/FreeRTOS/Source/queue.c **** UBaseType_t uxReturn;
 4402              		.loc 1 1947 1 view -0
 4403              		.cfi_startproc
 4404              		@ args = 0, pretend = 0, frame = 0
 4405              		@ frame_needed = 0, uses_anonymous_args = 0
1947:Middlewares/Third_Party/FreeRTOS/Source/queue.c **** UBaseType_t uxReturn;
 4406              		.loc 1 1947 1 is_stmt 0 view .LVU1303
 4407 0000 38B5     		push	{r3, r4, r5, lr}
 4408              	.LCFI53:
 4409              		.cfi_def_cfa_offset 16
 4410              		.cfi_offset 3, -16
 4411              		.cfi_offset 4, -12
 4412              		.cfi_offset 5, -8
 4413              		.cfi_offset 14, -4
1948:Middlewares/Third_Party/FreeRTOS/Source/queue.c **** Queue_t * const pxQueue = xQueue;
 4414              		.loc 1 1948 1 is_stmt 1 view .LVU1304
1949:Middlewares/Third_Party/FreeRTOS/Source/queue.c **** 
 4415              		.loc 1 1949 1 view .LVU1305
 4416              	.LVL338:
1951:Middlewares/Third_Party/FreeRTOS/Source/queue.c **** 
 4417              		.loc 1 1951 2 view .LVU1306
 4418 0002 48B1     		cbz	r0, .L332
 4419 0004 0546     		mov	r5, r0
1951:Middlewares/Third_Party/FreeRTOS/Source/queue.c **** 
 4420              		.loc 1 1951 25 discriminator 2 view .LVU1307
1953:Middlewares/Third_Party/FreeRTOS/Source/queue.c **** 	{
 4421              		.loc 1 1953 2 view .LVU1308
 4422 0006 FFF7FEFF 		bl	vPortEnterCritical
 4423              	.LVL339:
1955:Middlewares/Third_Party/FreeRTOS/Source/queue.c **** 	}
 4424              		.loc 1 1955 3 view .LVU1309
1955:Middlewares/Third_Party/FreeRTOS/Source/queue.c **** 	}
 4425              		.loc 1 1955 21 is_stmt 0 view .LVU1310
 4426 000a EC6B     		ldr	r4, [r5, #60]
1955:Middlewares/Third_Party/FreeRTOS/Source/queue.c **** 	}
 4427              		.loc 1 1955 41 view .LVU1311
 4428 000c AB6B     		ldr	r3, [r5, #56]
1955:Middlewares/Third_Party/FreeRTOS/Source/queue.c **** 	}
 4429              		.loc 1 1955 12 view .LVU1312
 4430 000e E41A     		subs	r4, r4, r3
 4431              	.LVL340:
1957:Middlewares/Third_Party/FreeRTOS/Source/queue.c **** 
 4432              		.loc 1 1957 2 is_stmt 1 view .LVU1313
 4433 0010 FFF7FEFF 		bl	vPortExitCritical
ARM GAS  C:\Users\Made\AppData\Local\Temp\cclTNyiU.s 			page 145


 4434              	.LVL341:
1959:Middlewares/Third_Party/FreeRTOS/Source/queue.c **** } /*lint !e818 Pointer cannot be declared const as xQueue is a typedef not pointer. */
 4435              		.loc 1 1959 2 view .LVU1314
1960:Middlewares/Third_Party/FreeRTOS/Source/queue.c **** /*-----------------------------------------------------------*/
 4436              		.loc 1 1960 1 is_stmt 0 view .LVU1315
 4437 0014 2046     		mov	r0, r4
 4438 0016 38BD     		pop	{r3, r4, r5, pc}
 4439              	.LVL342:
 4440              	.L332:
1951:Middlewares/Third_Party/FreeRTOS/Source/queue.c **** 
 4441              		.loc 1 1951 2 is_stmt 1 discriminator 1 view .LVU1316
 4442              	.LBB237:
 4443              	.LBI237:
 191:Middlewares/Third_Party/FreeRTOS/Source/portable/GCC/ARM_CM4F/portmacro.h **** {
 4444              		.loc 2 191 30 view .LVU1317
 4445              	.LBB238:
 193:Middlewares/Third_Party/FreeRTOS/Source/portable/GCC/ARM_CM4F/portmacro.h **** 
 4446              		.loc 2 193 1 view .LVU1318
 195:Middlewares/Third_Party/FreeRTOS/Source/portable/GCC/ARM_CM4F/portmacro.h **** 	(
 4447              		.loc 2 195 2 view .LVU1319
 4448              		.syntax unified
 4449              	@ 195 "Middlewares/Third_Party/FreeRTOS/Source/portable/GCC/ARM_CM4F/portmacro.h" 1
 4450 0018 4FF05003 			mov r3, #80												
 4451 001c 83F31188 		msr basepri, r3											
 4452 0020 BFF36F8F 		isb														
 4453 0024 BFF34F8F 		dsb														
 4454              	
 4455              	@ 0 "" 2
 4456              		.thumb
 4457              		.syntax unified
 4458              	.L330:
 4459              	.LBE238:
 4460              	.LBE237:
1951:Middlewares/Third_Party/FreeRTOS/Source/queue.c **** 
 4461              		.loc 1 1951 2 discriminator 3 view .LVU1320
1951:Middlewares/Third_Party/FreeRTOS/Source/queue.c **** 
 4462              		.loc 1 1951 2 discriminator 3 view .LVU1321
 4463 0028 FEE7     		b	.L330
 4464              		.cfi_endproc
 4465              	.LFE26:
 4467              		.section	.text.uxQueueMessagesWaitingFromISR,"ax",%progbits
 4468              		.align	1
 4469              		.global	uxQueueMessagesWaitingFromISR
 4470              		.syntax unified
 4471              		.thumb
 4472              		.thumb_func
 4474              	uxQueueMessagesWaitingFromISR:
 4475              	.LVL343:
 4476              	.LFB27:
1964:Middlewares/Third_Party/FreeRTOS/Source/queue.c **** UBaseType_t uxReturn;
 4477              		.loc 1 1964 1 view -0
 4478              		.cfi_startproc
 4479              		@ args = 0, pretend = 0, frame = 0
 4480              		@ frame_needed = 0, uses_anonymous_args = 0
 4481              		@ link register save eliminated.
1965:Middlewares/Third_Party/FreeRTOS/Source/queue.c **** Queue_t * const pxQueue = xQueue;
 4482              		.loc 1 1965 1 view .LVU1323
ARM GAS  C:\Users\Made\AppData\Local\Temp\cclTNyiU.s 			page 146


1966:Middlewares/Third_Party/FreeRTOS/Source/queue.c **** 
 4483              		.loc 1 1966 1 view .LVU1324
1968:Middlewares/Third_Party/FreeRTOS/Source/queue.c **** 	uxReturn = pxQueue->uxMessagesWaiting;
 4484              		.loc 1 1968 2 view .LVU1325
 4485 0000 08B1     		cbz	r0, .L336
1968:Middlewares/Third_Party/FreeRTOS/Source/queue.c **** 	uxReturn = pxQueue->uxMessagesWaiting;
 4486              		.loc 1 1968 25 discriminator 2 view .LVU1326
1969:Middlewares/Third_Party/FreeRTOS/Source/queue.c **** 
 4487              		.loc 1 1969 2 view .LVU1327
1969:Middlewares/Third_Party/FreeRTOS/Source/queue.c **** 
 4488              		.loc 1 1969 11 is_stmt 0 view .LVU1328
 4489 0002 806B     		ldr	r0, [r0, #56]
 4490              	.LVL344:
1971:Middlewares/Third_Party/FreeRTOS/Source/queue.c **** } /*lint !e818 Pointer cannot be declared const as xQueue is a typedef not pointer. */
 4491              		.loc 1 1971 2 is_stmt 1 view .LVU1329
1972:Middlewares/Third_Party/FreeRTOS/Source/queue.c **** /*-----------------------------------------------------------*/
 4492              		.loc 1 1972 1 is_stmt 0 view .LVU1330
 4493 0004 7047     		bx	lr
 4494              	.LVL345:
 4495              	.L336:
1968:Middlewares/Third_Party/FreeRTOS/Source/queue.c **** 	uxReturn = pxQueue->uxMessagesWaiting;
 4496              		.loc 1 1968 2 is_stmt 1 discriminator 1 view .LVU1331
 4497              	.LBB239:
 4498              	.LBI239:
 191:Middlewares/Third_Party/FreeRTOS/Source/portable/GCC/ARM_CM4F/portmacro.h **** {
 4499              		.loc 2 191 30 view .LVU1332
 4500              	.LBB240:
 193:Middlewares/Third_Party/FreeRTOS/Source/portable/GCC/ARM_CM4F/portmacro.h **** 
 4501              		.loc 2 193 1 view .LVU1333
 195:Middlewares/Third_Party/FreeRTOS/Source/portable/GCC/ARM_CM4F/portmacro.h **** 	(
 4502              		.loc 2 195 2 view .LVU1334
 4503              		.syntax unified
 4504              	@ 195 "Middlewares/Third_Party/FreeRTOS/Source/portable/GCC/ARM_CM4F/portmacro.h" 1
 4505 0006 4FF05003 			mov r3, #80												
 4506 000a 83F31188 		msr basepri, r3											
 4507 000e BFF36F8F 		isb														
 4508 0012 BFF34F8F 		dsb														
 4509              	
 4510              	@ 0 "" 2
 4511              		.thumb
 4512              		.syntax unified
 4513              	.L335:
 4514              	.LBE240:
 4515              	.LBE239:
1968:Middlewares/Third_Party/FreeRTOS/Source/queue.c **** 	uxReturn = pxQueue->uxMessagesWaiting;
 4516              		.loc 1 1968 2 discriminator 3 view .LVU1335
1968:Middlewares/Third_Party/FreeRTOS/Source/queue.c **** 	uxReturn = pxQueue->uxMessagesWaiting;
 4517              		.loc 1 1968 2 discriminator 3 view .LVU1336
 4518 0016 FEE7     		b	.L335
 4519              		.cfi_endproc
 4520              	.LFE27:
 4522              		.section	.text.uxQueueGetQueueNumber,"ax",%progbits
 4523              		.align	1
 4524              		.global	uxQueueGetQueueNumber
 4525              		.syntax unified
 4526              		.thumb
 4527              		.thumb_func
ARM GAS  C:\Users\Made\AppData\Local\Temp\cclTNyiU.s 			page 147


 4529              	uxQueueGetQueueNumber:
 4530              	.LVL346:
 4531              	.LFB29:
2020:Middlewares/Third_Party/FreeRTOS/Source/queue.c **** 		return ( ( Queue_t * ) xQueue )->uxQueueNumber;
 4532              		.loc 1 2020 2 view -0
 4533              		.cfi_startproc
 4534              		@ args = 0, pretend = 0, frame = 0
 4535              		@ frame_needed = 0, uses_anonymous_args = 0
 4536              		@ link register save eliminated.
2021:Middlewares/Third_Party/FreeRTOS/Source/queue.c **** 	}
 4537              		.loc 1 2021 3 view .LVU1338
2022:Middlewares/Third_Party/FreeRTOS/Source/queue.c **** 
 4538              		.loc 1 2022 2 is_stmt 0 view .LVU1339
 4539 0000 806C     		ldr	r0, [r0, #72]
 4540              	.LVL347:
2022:Middlewares/Third_Party/FreeRTOS/Source/queue.c **** 
 4541              		.loc 1 2022 2 view .LVU1340
 4542 0002 7047     		bx	lr
 4543              		.cfi_endproc
 4544              	.LFE29:
 4546              		.section	.text.vQueueSetQueueNumber,"ax",%progbits
 4547              		.align	1
 4548              		.global	vQueueSetQueueNumber
 4549              		.syntax unified
 4550              		.thumb
 4551              		.thumb_func
 4553              	vQueueSetQueueNumber:
 4554              	.LVL348:
 4555              	.LFB30:
2030:Middlewares/Third_Party/FreeRTOS/Source/queue.c **** 		( ( Queue_t * ) xQueue )->uxQueueNumber = uxQueueNumber;
 4556              		.loc 1 2030 2 is_stmt 1 view -0
 4557              		.cfi_startproc
 4558              		@ args = 0, pretend = 0, frame = 0
 4559              		@ frame_needed = 0, uses_anonymous_args = 0
 4560              		@ link register save eliminated.
2031:Middlewares/Third_Party/FreeRTOS/Source/queue.c **** 	}
 4561              		.loc 1 2031 3 view .LVU1342
2031:Middlewares/Third_Party/FreeRTOS/Source/queue.c **** 	}
 4562              		.loc 1 2031 43 is_stmt 0 view .LVU1343
 4563 0000 8164     		str	r1, [r0, #72]
2032:Middlewares/Third_Party/FreeRTOS/Source/queue.c **** 
 4564              		.loc 1 2032 2 view .LVU1344
 4565 0002 7047     		bx	lr
 4566              		.cfi_endproc
 4567              	.LFE30:
 4569              		.section	.text.ucQueueGetQueueType,"ax",%progbits
 4570              		.align	1
 4571              		.global	ucQueueGetQueueType
 4572              		.syntax unified
 4573              		.thumb
 4574              		.thumb_func
 4576              	ucQueueGetQueueType:
 4577              	.LVL349:
 4578              	.LFB31:
2040:Middlewares/Third_Party/FreeRTOS/Source/queue.c **** 		return ( ( Queue_t * ) xQueue )->ucQueueType;
 4579              		.loc 1 2040 2 is_stmt 1 view -0
 4580              		.cfi_startproc
ARM GAS  C:\Users\Made\AppData\Local\Temp\cclTNyiU.s 			page 148


 4581              		@ args = 0, pretend = 0, frame = 0
 4582              		@ frame_needed = 0, uses_anonymous_args = 0
 4583              		@ link register save eliminated.
2041:Middlewares/Third_Party/FreeRTOS/Source/queue.c **** 	}
 4584              		.loc 1 2041 3 view .LVU1346
2042:Middlewares/Third_Party/FreeRTOS/Source/queue.c **** 
 4585              		.loc 1 2042 2 is_stmt 0 view .LVU1347
 4586 0000 90F84C00 		ldrb	r0, [r0, #76]	@ zero_extendqisi2
 4587              	.LVL350:
2042:Middlewares/Third_Party/FreeRTOS/Source/queue.c **** 
 4588              		.loc 1 2042 2 view .LVU1348
 4589 0004 7047     		bx	lr
 4590              		.cfi_endproc
 4591              	.LFE31:
 4593              		.section	.text.xQueueIsQueueEmptyFromISR,"ax",%progbits
 4594              		.align	1
 4595              		.global	xQueueIsQueueEmptyFromISR
 4596              		.syntax unified
 4597              		.thumb
 4598              		.thumb_func
 4600              	xQueueIsQueueEmptyFromISR:
 4601              	.LVL351:
 4602              	.LFB37:
2313:Middlewares/Third_Party/FreeRTOS/Source/queue.c **** BaseType_t xReturn;
 4603              		.loc 1 2313 1 is_stmt 1 view -0
 4604              		.cfi_startproc
 4605              		@ args = 0, pretend = 0, frame = 0
 4606              		@ frame_needed = 0, uses_anonymous_args = 0
 4607              		@ link register save eliminated.
2314:Middlewares/Third_Party/FreeRTOS/Source/queue.c **** Queue_t * const pxQueue = xQueue;
 4608              		.loc 1 2314 1 view .LVU1350
2315:Middlewares/Third_Party/FreeRTOS/Source/queue.c **** 
 4609              		.loc 1 2315 1 view .LVU1351
2317:Middlewares/Third_Party/FreeRTOS/Source/queue.c **** 	if( pxQueue->uxMessagesWaiting == ( UBaseType_t ) 0 )
 4610              		.loc 1 2317 2 view .LVU1352
 4611 0000 18B1     		cbz	r0, .L345
2317:Middlewares/Third_Party/FreeRTOS/Source/queue.c **** 	if( pxQueue->uxMessagesWaiting == ( UBaseType_t ) 0 )
 4612              		.loc 1 2317 25 discriminator 2 view .LVU1353
2318:Middlewares/Third_Party/FreeRTOS/Source/queue.c **** 	{
 4613              		.loc 1 2318 2 view .LVU1354
2318:Middlewares/Third_Party/FreeRTOS/Source/queue.c **** 	{
 4614              		.loc 1 2318 13 is_stmt 0 view .LVU1355
 4615 0002 836B     		ldr	r3, [r0, #56]
2318:Middlewares/Third_Party/FreeRTOS/Source/queue.c **** 	{
 4616              		.loc 1 2318 4 view .LVU1356
 4617 0004 53B9     		cbnz	r3, .L344
2320:Middlewares/Third_Party/FreeRTOS/Source/queue.c **** 	}
 4618              		.loc 1 2320 11 view .LVU1357
 4619 0006 0120     		movs	r0, #1
 4620              	.LVL352:
2320:Middlewares/Third_Party/FreeRTOS/Source/queue.c **** 	}
 4621              		.loc 1 2320 11 view .LVU1358
 4622 0008 7047     		bx	lr
 4623              	.LVL353:
 4624              	.L345:
2317:Middlewares/Third_Party/FreeRTOS/Source/queue.c **** 	if( pxQueue->uxMessagesWaiting == ( UBaseType_t ) 0 )
 4625              		.loc 1 2317 2 is_stmt 1 discriminator 1 view .LVU1359
ARM GAS  C:\Users\Made\AppData\Local\Temp\cclTNyiU.s 			page 149


 4626              	.LBB241:
 4627              	.LBI241:
 191:Middlewares/Third_Party/FreeRTOS/Source/portable/GCC/ARM_CM4F/portmacro.h **** {
 4628              		.loc 2 191 30 view .LVU1360
 4629              	.LBB242:
 193:Middlewares/Third_Party/FreeRTOS/Source/portable/GCC/ARM_CM4F/portmacro.h **** 
 4630              		.loc 2 193 1 view .LVU1361
 195:Middlewares/Third_Party/FreeRTOS/Source/portable/GCC/ARM_CM4F/portmacro.h **** 	(
 4631              		.loc 2 195 2 view .LVU1362
 4632              		.syntax unified
 4633              	@ 195 "Middlewares/Third_Party/FreeRTOS/Source/portable/GCC/ARM_CM4F/portmacro.h" 1
 4634 000a 4FF05003 			mov r3, #80												
 4635 000e 83F31188 		msr basepri, r3											
 4636 0012 BFF36F8F 		isb														
 4637 0016 BFF34F8F 		dsb														
 4638              	
 4639              	@ 0 "" 2
 4640              		.thumb
 4641              		.syntax unified
 4642              	.L342:
 4643              	.LBE242:
 4644              	.LBE241:
2317:Middlewares/Third_Party/FreeRTOS/Source/queue.c **** 	if( pxQueue->uxMessagesWaiting == ( UBaseType_t ) 0 )
 4645              		.loc 1 2317 2 discriminator 3 view .LVU1363
2317:Middlewares/Third_Party/FreeRTOS/Source/queue.c **** 	if( pxQueue->uxMessagesWaiting == ( UBaseType_t ) 0 )
 4646              		.loc 1 2317 2 discriminator 3 view .LVU1364
 4647 001a FEE7     		b	.L342
 4648              	.L344:
2324:Middlewares/Third_Party/FreeRTOS/Source/queue.c **** 	}
 4649              		.loc 1 2324 11 is_stmt 0 view .LVU1365
 4650 001c 0020     		movs	r0, #0
 4651              	.LVL354:
2327:Middlewares/Third_Party/FreeRTOS/Source/queue.c **** } /*lint !e818 xQueue could not be pointer to const because it is a typedef. */
 4652              		.loc 1 2327 2 is_stmt 1 view .LVU1366
2328:Middlewares/Third_Party/FreeRTOS/Source/queue.c **** /*-----------------------------------------------------------*/
 4653              		.loc 1 2328 1 is_stmt 0 view .LVU1367
 4654 001e 7047     		bx	lr
 4655              		.cfi_endproc
 4656              	.LFE37:
 4658              		.section	.text.xQueueIsQueueFullFromISR,"ax",%progbits
 4659              		.align	1
 4660              		.global	xQueueIsQueueFullFromISR
 4661              		.syntax unified
 4662              		.thumb
 4663              		.thumb_func
 4665              	xQueueIsQueueFullFromISR:
 4666              	.LVL355:
 4667              	.LFB39:
2350:Middlewares/Third_Party/FreeRTOS/Source/queue.c **** /*-----------------------------------------------------------*/
2351:Middlewares/Third_Party/FreeRTOS/Source/queue.c **** 
2352:Middlewares/Third_Party/FreeRTOS/Source/queue.c **** BaseType_t xQueueIsQueueFullFromISR( const QueueHandle_t xQueue )
2353:Middlewares/Third_Party/FreeRTOS/Source/queue.c **** {
 4668              		.loc 1 2353 1 is_stmt 1 view -0
 4669              		.cfi_startproc
 4670              		@ args = 0, pretend = 0, frame = 0
 4671              		@ frame_needed = 0, uses_anonymous_args = 0
 4672              		@ link register save eliminated.
ARM GAS  C:\Users\Made\AppData\Local\Temp\cclTNyiU.s 			page 150


2354:Middlewares/Third_Party/FreeRTOS/Source/queue.c **** BaseType_t xReturn;
 4673              		.loc 1 2354 1 view .LVU1369
2355:Middlewares/Third_Party/FreeRTOS/Source/queue.c **** Queue_t * const pxQueue = xQueue;
 4674              		.loc 1 2355 1 view .LVU1370
2356:Middlewares/Third_Party/FreeRTOS/Source/queue.c **** 
2357:Middlewares/Third_Party/FreeRTOS/Source/queue.c **** 	configASSERT( pxQueue );
 4675              		.loc 1 2357 2 view .LVU1371
 4676 0000 28B1     		cbz	r0, .L351
 4677              		.loc 1 2357 25 discriminator 2 view .LVU1372
2358:Middlewares/Third_Party/FreeRTOS/Source/queue.c **** 	if( pxQueue->uxMessagesWaiting == pxQueue->uxLength )
 4678              		.loc 1 2358 2 view .LVU1373
 4679              		.loc 1 2358 13 is_stmt 0 view .LVU1374
 4680 0002 826B     		ldr	r2, [r0, #56]
 4681              		.loc 1 2358 43 view .LVU1375
 4682 0004 C36B     		ldr	r3, [r0, #60]
 4683              		.loc 1 2358 4 view .LVU1376
 4684 0006 9A42     		cmp	r2, r3
 4685 0008 0AD0     		beq	.L352
2359:Middlewares/Third_Party/FreeRTOS/Source/queue.c **** 	{
2360:Middlewares/Third_Party/FreeRTOS/Source/queue.c **** 		xReturn = pdTRUE;
2361:Middlewares/Third_Party/FreeRTOS/Source/queue.c **** 	}
2362:Middlewares/Third_Party/FreeRTOS/Source/queue.c **** 	else
2363:Middlewares/Third_Party/FreeRTOS/Source/queue.c **** 	{
2364:Middlewares/Third_Party/FreeRTOS/Source/queue.c **** 		xReturn = pdFALSE;
 4686              		.loc 1 2364 11 view .LVU1377
 4687 000a 0020     		movs	r0, #0
 4688              	.LVL356:
2365:Middlewares/Third_Party/FreeRTOS/Source/queue.c **** 	}
2366:Middlewares/Third_Party/FreeRTOS/Source/queue.c **** 
2367:Middlewares/Third_Party/FreeRTOS/Source/queue.c **** 	return xReturn;
 4689              		.loc 1 2367 2 is_stmt 1 view .LVU1378
2368:Middlewares/Third_Party/FreeRTOS/Source/queue.c **** } /*lint !e818 xQueue could not be pointer to const because it is a typedef. */
 4690              		.loc 1 2368 1 is_stmt 0 view .LVU1379
 4691 000c 7047     		bx	lr
 4692              	.LVL357:
 4693              	.L351:
2357:Middlewares/Third_Party/FreeRTOS/Source/queue.c **** 	if( pxQueue->uxMessagesWaiting == pxQueue->uxLength )
 4694              		.loc 1 2357 2 is_stmt 1 discriminator 1 view .LVU1380
 4695              	.LBB243:
 4696              	.LBI243:
 191:Middlewares/Third_Party/FreeRTOS/Source/portable/GCC/ARM_CM4F/portmacro.h **** {
 4697              		.loc 2 191 30 view .LVU1381
 4698              	.LBB244:
 193:Middlewares/Third_Party/FreeRTOS/Source/portable/GCC/ARM_CM4F/portmacro.h **** 
 4699              		.loc 2 193 1 view .LVU1382
 195:Middlewares/Third_Party/FreeRTOS/Source/portable/GCC/ARM_CM4F/portmacro.h **** 	(
 4700              		.loc 2 195 2 view .LVU1383
 4701              		.syntax unified
 4702              	@ 195 "Middlewares/Third_Party/FreeRTOS/Source/portable/GCC/ARM_CM4F/portmacro.h" 1
 4703 000e 4FF05003 			mov r3, #80												
 4704 0012 83F31188 		msr basepri, r3											
 4705 0016 BFF36F8F 		isb														
 4706 001a BFF34F8F 		dsb														
 4707              	
 4708              	@ 0 "" 2
 4709              		.thumb
 4710              		.syntax unified
ARM GAS  C:\Users\Made\AppData\Local\Temp\cclTNyiU.s 			page 151


 4711              	.L348:
 4712              	.LBE244:
 4713              	.LBE243:
2357:Middlewares/Third_Party/FreeRTOS/Source/queue.c **** 	if( pxQueue->uxMessagesWaiting == pxQueue->uxLength )
 4714              		.loc 1 2357 2 discriminator 3 view .LVU1384
2357:Middlewares/Third_Party/FreeRTOS/Source/queue.c **** 	if( pxQueue->uxMessagesWaiting == pxQueue->uxLength )
 4715              		.loc 1 2357 2 discriminator 3 view .LVU1385
 4716 001e FEE7     		b	.L348
 4717              	.L352:
2360:Middlewares/Third_Party/FreeRTOS/Source/queue.c **** 	}
 4718              		.loc 1 2360 11 is_stmt 0 view .LVU1386
 4719 0020 0120     		movs	r0, #1
 4720              	.LVL358:
2360:Middlewares/Third_Party/FreeRTOS/Source/queue.c **** 	}
 4721              		.loc 1 2360 11 view .LVU1387
 4722 0022 7047     		bx	lr
 4723              		.cfi_endproc
 4724              	.LFE39:
 4726              		.section	.text.vQueueAddToRegistry,"ax",%progbits
 4727              		.align	1
 4728              		.global	vQueueAddToRegistry
 4729              		.syntax unified
 4730              		.thumb
 4731              		.thumb_func
 4733              	vQueueAddToRegistry:
 4734              	.LVL359:
 4735              	.LFB40:
2369:Middlewares/Third_Party/FreeRTOS/Source/queue.c **** /*-----------------------------------------------------------*/
2370:Middlewares/Third_Party/FreeRTOS/Source/queue.c **** 
2371:Middlewares/Third_Party/FreeRTOS/Source/queue.c **** #if ( configUSE_CO_ROUTINES == 1 )
2372:Middlewares/Third_Party/FreeRTOS/Source/queue.c **** 
2373:Middlewares/Third_Party/FreeRTOS/Source/queue.c **** 	BaseType_t xQueueCRSend( QueueHandle_t xQueue, const void *pvItemToQueue, TickType_t xTicksToWait 
2374:Middlewares/Third_Party/FreeRTOS/Source/queue.c **** 	{
2375:Middlewares/Third_Party/FreeRTOS/Source/queue.c **** 	BaseType_t xReturn;
2376:Middlewares/Third_Party/FreeRTOS/Source/queue.c **** 	Queue_t * const pxQueue = xQueue;
2377:Middlewares/Third_Party/FreeRTOS/Source/queue.c **** 
2378:Middlewares/Third_Party/FreeRTOS/Source/queue.c **** 		/* If the queue is already full we may have to block.  A critical section
2379:Middlewares/Third_Party/FreeRTOS/Source/queue.c **** 		is required to prevent an interrupt removing something from the queue
2380:Middlewares/Third_Party/FreeRTOS/Source/queue.c **** 		between the check to see if the queue is full and blocking on the queue. */
2381:Middlewares/Third_Party/FreeRTOS/Source/queue.c **** 		portDISABLE_INTERRUPTS();
2382:Middlewares/Third_Party/FreeRTOS/Source/queue.c **** 		{
2383:Middlewares/Third_Party/FreeRTOS/Source/queue.c **** 			if( prvIsQueueFull( pxQueue ) != pdFALSE )
2384:Middlewares/Third_Party/FreeRTOS/Source/queue.c **** 			{
2385:Middlewares/Third_Party/FreeRTOS/Source/queue.c **** 				/* The queue is full - do we want to block or just leave without
2386:Middlewares/Third_Party/FreeRTOS/Source/queue.c **** 				posting? */
2387:Middlewares/Third_Party/FreeRTOS/Source/queue.c **** 				if( xTicksToWait > ( TickType_t ) 0 )
2388:Middlewares/Third_Party/FreeRTOS/Source/queue.c **** 				{
2389:Middlewares/Third_Party/FreeRTOS/Source/queue.c **** 					/* As this is called from a coroutine we cannot block directly, but
2390:Middlewares/Third_Party/FreeRTOS/Source/queue.c **** 					return indicating that we need to block. */
2391:Middlewares/Third_Party/FreeRTOS/Source/queue.c **** 					vCoRoutineAddToDelayedList( xTicksToWait, &( pxQueue->xTasksWaitingToSend ) );
2392:Middlewares/Third_Party/FreeRTOS/Source/queue.c **** 					portENABLE_INTERRUPTS();
2393:Middlewares/Third_Party/FreeRTOS/Source/queue.c **** 					return errQUEUE_BLOCKED;
2394:Middlewares/Third_Party/FreeRTOS/Source/queue.c **** 				}
2395:Middlewares/Third_Party/FreeRTOS/Source/queue.c **** 				else
2396:Middlewares/Third_Party/FreeRTOS/Source/queue.c **** 				{
2397:Middlewares/Third_Party/FreeRTOS/Source/queue.c **** 					portENABLE_INTERRUPTS();
2398:Middlewares/Third_Party/FreeRTOS/Source/queue.c **** 					return errQUEUE_FULL;
ARM GAS  C:\Users\Made\AppData\Local\Temp\cclTNyiU.s 			page 152


2399:Middlewares/Third_Party/FreeRTOS/Source/queue.c **** 				}
2400:Middlewares/Third_Party/FreeRTOS/Source/queue.c **** 			}
2401:Middlewares/Third_Party/FreeRTOS/Source/queue.c **** 		}
2402:Middlewares/Third_Party/FreeRTOS/Source/queue.c **** 		portENABLE_INTERRUPTS();
2403:Middlewares/Third_Party/FreeRTOS/Source/queue.c **** 
2404:Middlewares/Third_Party/FreeRTOS/Source/queue.c **** 		portDISABLE_INTERRUPTS();
2405:Middlewares/Third_Party/FreeRTOS/Source/queue.c **** 		{
2406:Middlewares/Third_Party/FreeRTOS/Source/queue.c **** 			if( pxQueue->uxMessagesWaiting < pxQueue->uxLength )
2407:Middlewares/Third_Party/FreeRTOS/Source/queue.c **** 			{
2408:Middlewares/Third_Party/FreeRTOS/Source/queue.c **** 				/* There is room in the queue, copy the data into the queue. */
2409:Middlewares/Third_Party/FreeRTOS/Source/queue.c **** 				prvCopyDataToQueue( pxQueue, pvItemToQueue, queueSEND_TO_BACK );
2410:Middlewares/Third_Party/FreeRTOS/Source/queue.c **** 				xReturn = pdPASS;
2411:Middlewares/Third_Party/FreeRTOS/Source/queue.c **** 
2412:Middlewares/Third_Party/FreeRTOS/Source/queue.c **** 				/* Were any co-routines waiting for data to become available? */
2413:Middlewares/Third_Party/FreeRTOS/Source/queue.c **** 				if( listLIST_IS_EMPTY( &( pxQueue->xTasksWaitingToReceive ) ) == pdFALSE )
2414:Middlewares/Third_Party/FreeRTOS/Source/queue.c **** 				{
2415:Middlewares/Third_Party/FreeRTOS/Source/queue.c **** 					/* In this instance the co-routine could be placed directly
2416:Middlewares/Third_Party/FreeRTOS/Source/queue.c **** 					into the ready list as we are within a critical section.
2417:Middlewares/Third_Party/FreeRTOS/Source/queue.c **** 					Instead the same pending ready list mechanism is used as if
2418:Middlewares/Third_Party/FreeRTOS/Source/queue.c **** 					the event were caused from within an interrupt. */
2419:Middlewares/Third_Party/FreeRTOS/Source/queue.c **** 					if( xCoRoutineRemoveFromEventList( &( pxQueue->xTasksWaitingToReceive ) ) != pdFALSE )
2420:Middlewares/Third_Party/FreeRTOS/Source/queue.c **** 					{
2421:Middlewares/Third_Party/FreeRTOS/Source/queue.c **** 						/* The co-routine waiting has a higher priority so record
2422:Middlewares/Third_Party/FreeRTOS/Source/queue.c **** 						that a yield might be appropriate. */
2423:Middlewares/Third_Party/FreeRTOS/Source/queue.c **** 						xReturn = errQUEUE_YIELD;
2424:Middlewares/Third_Party/FreeRTOS/Source/queue.c **** 					}
2425:Middlewares/Third_Party/FreeRTOS/Source/queue.c **** 					else
2426:Middlewares/Third_Party/FreeRTOS/Source/queue.c **** 					{
2427:Middlewares/Third_Party/FreeRTOS/Source/queue.c **** 						mtCOVERAGE_TEST_MARKER();
2428:Middlewares/Third_Party/FreeRTOS/Source/queue.c **** 					}
2429:Middlewares/Third_Party/FreeRTOS/Source/queue.c **** 				}
2430:Middlewares/Third_Party/FreeRTOS/Source/queue.c **** 				else
2431:Middlewares/Third_Party/FreeRTOS/Source/queue.c **** 				{
2432:Middlewares/Third_Party/FreeRTOS/Source/queue.c **** 					mtCOVERAGE_TEST_MARKER();
2433:Middlewares/Third_Party/FreeRTOS/Source/queue.c **** 				}
2434:Middlewares/Third_Party/FreeRTOS/Source/queue.c **** 			}
2435:Middlewares/Third_Party/FreeRTOS/Source/queue.c **** 			else
2436:Middlewares/Third_Party/FreeRTOS/Source/queue.c **** 			{
2437:Middlewares/Third_Party/FreeRTOS/Source/queue.c **** 				xReturn = errQUEUE_FULL;
2438:Middlewares/Third_Party/FreeRTOS/Source/queue.c **** 			}
2439:Middlewares/Third_Party/FreeRTOS/Source/queue.c **** 		}
2440:Middlewares/Third_Party/FreeRTOS/Source/queue.c **** 		portENABLE_INTERRUPTS();
2441:Middlewares/Third_Party/FreeRTOS/Source/queue.c **** 
2442:Middlewares/Third_Party/FreeRTOS/Source/queue.c **** 		return xReturn;
2443:Middlewares/Third_Party/FreeRTOS/Source/queue.c **** 	}
2444:Middlewares/Third_Party/FreeRTOS/Source/queue.c **** 
2445:Middlewares/Third_Party/FreeRTOS/Source/queue.c **** #endif /* configUSE_CO_ROUTINES */
2446:Middlewares/Third_Party/FreeRTOS/Source/queue.c **** /*-----------------------------------------------------------*/
2447:Middlewares/Third_Party/FreeRTOS/Source/queue.c **** 
2448:Middlewares/Third_Party/FreeRTOS/Source/queue.c **** #if ( configUSE_CO_ROUTINES == 1 )
2449:Middlewares/Third_Party/FreeRTOS/Source/queue.c **** 
2450:Middlewares/Third_Party/FreeRTOS/Source/queue.c **** 	BaseType_t xQueueCRReceive( QueueHandle_t xQueue, void *pvBuffer, TickType_t xTicksToWait )
2451:Middlewares/Third_Party/FreeRTOS/Source/queue.c **** 	{
2452:Middlewares/Third_Party/FreeRTOS/Source/queue.c **** 	BaseType_t xReturn;
2453:Middlewares/Third_Party/FreeRTOS/Source/queue.c **** 	Queue_t * const pxQueue = xQueue;
2454:Middlewares/Third_Party/FreeRTOS/Source/queue.c **** 
2455:Middlewares/Third_Party/FreeRTOS/Source/queue.c **** 		/* If the queue is already empty we may have to block.  A critical section
ARM GAS  C:\Users\Made\AppData\Local\Temp\cclTNyiU.s 			page 153


2456:Middlewares/Third_Party/FreeRTOS/Source/queue.c **** 		is required to prevent an interrupt adding something to the queue
2457:Middlewares/Third_Party/FreeRTOS/Source/queue.c **** 		between the check to see if the queue is empty and blocking on the queue. */
2458:Middlewares/Third_Party/FreeRTOS/Source/queue.c **** 		portDISABLE_INTERRUPTS();
2459:Middlewares/Third_Party/FreeRTOS/Source/queue.c **** 		{
2460:Middlewares/Third_Party/FreeRTOS/Source/queue.c **** 			if( pxQueue->uxMessagesWaiting == ( UBaseType_t ) 0 )
2461:Middlewares/Third_Party/FreeRTOS/Source/queue.c **** 			{
2462:Middlewares/Third_Party/FreeRTOS/Source/queue.c **** 				/* There are no messages in the queue, do we want to block or just
2463:Middlewares/Third_Party/FreeRTOS/Source/queue.c **** 				leave with nothing? */
2464:Middlewares/Third_Party/FreeRTOS/Source/queue.c **** 				if( xTicksToWait > ( TickType_t ) 0 )
2465:Middlewares/Third_Party/FreeRTOS/Source/queue.c **** 				{
2466:Middlewares/Third_Party/FreeRTOS/Source/queue.c **** 					/* As this is a co-routine we cannot block directly, but return
2467:Middlewares/Third_Party/FreeRTOS/Source/queue.c **** 					indicating that we need to block. */
2468:Middlewares/Third_Party/FreeRTOS/Source/queue.c **** 					vCoRoutineAddToDelayedList( xTicksToWait, &( pxQueue->xTasksWaitingToReceive ) );
2469:Middlewares/Third_Party/FreeRTOS/Source/queue.c **** 					portENABLE_INTERRUPTS();
2470:Middlewares/Third_Party/FreeRTOS/Source/queue.c **** 					return errQUEUE_BLOCKED;
2471:Middlewares/Third_Party/FreeRTOS/Source/queue.c **** 				}
2472:Middlewares/Third_Party/FreeRTOS/Source/queue.c **** 				else
2473:Middlewares/Third_Party/FreeRTOS/Source/queue.c **** 				{
2474:Middlewares/Third_Party/FreeRTOS/Source/queue.c **** 					portENABLE_INTERRUPTS();
2475:Middlewares/Third_Party/FreeRTOS/Source/queue.c **** 					return errQUEUE_FULL;
2476:Middlewares/Third_Party/FreeRTOS/Source/queue.c **** 				}
2477:Middlewares/Third_Party/FreeRTOS/Source/queue.c **** 			}
2478:Middlewares/Third_Party/FreeRTOS/Source/queue.c **** 			else
2479:Middlewares/Third_Party/FreeRTOS/Source/queue.c **** 			{
2480:Middlewares/Third_Party/FreeRTOS/Source/queue.c **** 				mtCOVERAGE_TEST_MARKER();
2481:Middlewares/Third_Party/FreeRTOS/Source/queue.c **** 			}
2482:Middlewares/Third_Party/FreeRTOS/Source/queue.c **** 		}
2483:Middlewares/Third_Party/FreeRTOS/Source/queue.c **** 		portENABLE_INTERRUPTS();
2484:Middlewares/Third_Party/FreeRTOS/Source/queue.c **** 
2485:Middlewares/Third_Party/FreeRTOS/Source/queue.c **** 		portDISABLE_INTERRUPTS();
2486:Middlewares/Third_Party/FreeRTOS/Source/queue.c **** 		{
2487:Middlewares/Third_Party/FreeRTOS/Source/queue.c **** 			if( pxQueue->uxMessagesWaiting > ( UBaseType_t ) 0 )
2488:Middlewares/Third_Party/FreeRTOS/Source/queue.c **** 			{
2489:Middlewares/Third_Party/FreeRTOS/Source/queue.c **** 				/* Data is available from the queue. */
2490:Middlewares/Third_Party/FreeRTOS/Source/queue.c **** 				pxQueue->u.xQueue.pcReadFrom += pxQueue->uxItemSize;
2491:Middlewares/Third_Party/FreeRTOS/Source/queue.c **** 				if( pxQueue->u.xQueue.pcReadFrom >= pxQueue->u.xQueue.pcTail )
2492:Middlewares/Third_Party/FreeRTOS/Source/queue.c **** 				{
2493:Middlewares/Third_Party/FreeRTOS/Source/queue.c **** 					pxQueue->u.xQueue.pcReadFrom = pxQueue->pcHead;
2494:Middlewares/Third_Party/FreeRTOS/Source/queue.c **** 				}
2495:Middlewares/Third_Party/FreeRTOS/Source/queue.c **** 				else
2496:Middlewares/Third_Party/FreeRTOS/Source/queue.c **** 				{
2497:Middlewares/Third_Party/FreeRTOS/Source/queue.c **** 					mtCOVERAGE_TEST_MARKER();
2498:Middlewares/Third_Party/FreeRTOS/Source/queue.c **** 				}
2499:Middlewares/Third_Party/FreeRTOS/Source/queue.c **** 				--( pxQueue->uxMessagesWaiting );
2500:Middlewares/Third_Party/FreeRTOS/Source/queue.c **** 				( void ) memcpy( ( void * ) pvBuffer, ( void * ) pxQueue->u.xQueue.pcReadFrom, ( unsigned ) pxQ
2501:Middlewares/Third_Party/FreeRTOS/Source/queue.c **** 
2502:Middlewares/Third_Party/FreeRTOS/Source/queue.c **** 				xReturn = pdPASS;
2503:Middlewares/Third_Party/FreeRTOS/Source/queue.c **** 
2504:Middlewares/Third_Party/FreeRTOS/Source/queue.c **** 				/* Were any co-routines waiting for space to become available? */
2505:Middlewares/Third_Party/FreeRTOS/Source/queue.c **** 				if( listLIST_IS_EMPTY( &( pxQueue->xTasksWaitingToSend ) ) == pdFALSE )
2506:Middlewares/Third_Party/FreeRTOS/Source/queue.c **** 				{
2507:Middlewares/Third_Party/FreeRTOS/Source/queue.c **** 					/* In this instance the co-routine could be placed directly
2508:Middlewares/Third_Party/FreeRTOS/Source/queue.c **** 					into the ready list as we are within a critical section.
2509:Middlewares/Third_Party/FreeRTOS/Source/queue.c **** 					Instead the same pending ready list mechanism is used as if
2510:Middlewares/Third_Party/FreeRTOS/Source/queue.c **** 					the event were caused from within an interrupt. */
2511:Middlewares/Third_Party/FreeRTOS/Source/queue.c **** 					if( xCoRoutineRemoveFromEventList( &( pxQueue->xTasksWaitingToSend ) ) != pdFALSE )
2512:Middlewares/Third_Party/FreeRTOS/Source/queue.c **** 					{
ARM GAS  C:\Users\Made\AppData\Local\Temp\cclTNyiU.s 			page 154


2513:Middlewares/Third_Party/FreeRTOS/Source/queue.c **** 						xReturn = errQUEUE_YIELD;
2514:Middlewares/Third_Party/FreeRTOS/Source/queue.c **** 					}
2515:Middlewares/Third_Party/FreeRTOS/Source/queue.c **** 					else
2516:Middlewares/Third_Party/FreeRTOS/Source/queue.c **** 					{
2517:Middlewares/Third_Party/FreeRTOS/Source/queue.c **** 						mtCOVERAGE_TEST_MARKER();
2518:Middlewares/Third_Party/FreeRTOS/Source/queue.c **** 					}
2519:Middlewares/Third_Party/FreeRTOS/Source/queue.c **** 				}
2520:Middlewares/Third_Party/FreeRTOS/Source/queue.c **** 				else
2521:Middlewares/Third_Party/FreeRTOS/Source/queue.c **** 				{
2522:Middlewares/Third_Party/FreeRTOS/Source/queue.c **** 					mtCOVERAGE_TEST_MARKER();
2523:Middlewares/Third_Party/FreeRTOS/Source/queue.c **** 				}
2524:Middlewares/Third_Party/FreeRTOS/Source/queue.c **** 			}
2525:Middlewares/Third_Party/FreeRTOS/Source/queue.c **** 			else
2526:Middlewares/Third_Party/FreeRTOS/Source/queue.c **** 			{
2527:Middlewares/Third_Party/FreeRTOS/Source/queue.c **** 				xReturn = pdFAIL;
2528:Middlewares/Third_Party/FreeRTOS/Source/queue.c **** 			}
2529:Middlewares/Third_Party/FreeRTOS/Source/queue.c **** 		}
2530:Middlewares/Third_Party/FreeRTOS/Source/queue.c **** 		portENABLE_INTERRUPTS();
2531:Middlewares/Third_Party/FreeRTOS/Source/queue.c **** 
2532:Middlewares/Third_Party/FreeRTOS/Source/queue.c **** 		return xReturn;
2533:Middlewares/Third_Party/FreeRTOS/Source/queue.c **** 	}
2534:Middlewares/Third_Party/FreeRTOS/Source/queue.c **** 
2535:Middlewares/Third_Party/FreeRTOS/Source/queue.c **** #endif /* configUSE_CO_ROUTINES */
2536:Middlewares/Third_Party/FreeRTOS/Source/queue.c **** /*-----------------------------------------------------------*/
2537:Middlewares/Third_Party/FreeRTOS/Source/queue.c **** 
2538:Middlewares/Third_Party/FreeRTOS/Source/queue.c **** #if ( configUSE_CO_ROUTINES == 1 )
2539:Middlewares/Third_Party/FreeRTOS/Source/queue.c **** 
2540:Middlewares/Third_Party/FreeRTOS/Source/queue.c **** 	BaseType_t xQueueCRSendFromISR( QueueHandle_t xQueue, const void *pvItemToQueue, BaseType_t xCoRou
2541:Middlewares/Third_Party/FreeRTOS/Source/queue.c **** 	{
2542:Middlewares/Third_Party/FreeRTOS/Source/queue.c **** 	Queue_t * const pxQueue = xQueue;
2543:Middlewares/Third_Party/FreeRTOS/Source/queue.c **** 
2544:Middlewares/Third_Party/FreeRTOS/Source/queue.c **** 		/* Cannot block within an ISR so if there is no space on the queue then
2545:Middlewares/Third_Party/FreeRTOS/Source/queue.c **** 		exit without doing anything. */
2546:Middlewares/Third_Party/FreeRTOS/Source/queue.c **** 		if( pxQueue->uxMessagesWaiting < pxQueue->uxLength )
2547:Middlewares/Third_Party/FreeRTOS/Source/queue.c **** 		{
2548:Middlewares/Third_Party/FreeRTOS/Source/queue.c **** 			prvCopyDataToQueue( pxQueue, pvItemToQueue, queueSEND_TO_BACK );
2549:Middlewares/Third_Party/FreeRTOS/Source/queue.c **** 
2550:Middlewares/Third_Party/FreeRTOS/Source/queue.c **** 			/* We only want to wake one co-routine per ISR, so check that a
2551:Middlewares/Third_Party/FreeRTOS/Source/queue.c **** 			co-routine has not already been woken. */
2552:Middlewares/Third_Party/FreeRTOS/Source/queue.c **** 			if( xCoRoutinePreviouslyWoken == pdFALSE )
2553:Middlewares/Third_Party/FreeRTOS/Source/queue.c **** 			{
2554:Middlewares/Third_Party/FreeRTOS/Source/queue.c **** 				if( listLIST_IS_EMPTY( &( pxQueue->xTasksWaitingToReceive ) ) == pdFALSE )
2555:Middlewares/Third_Party/FreeRTOS/Source/queue.c **** 				{
2556:Middlewares/Third_Party/FreeRTOS/Source/queue.c **** 					if( xCoRoutineRemoveFromEventList( &( pxQueue->xTasksWaitingToReceive ) ) != pdFALSE )
2557:Middlewares/Third_Party/FreeRTOS/Source/queue.c **** 					{
2558:Middlewares/Third_Party/FreeRTOS/Source/queue.c **** 						return pdTRUE;
2559:Middlewares/Third_Party/FreeRTOS/Source/queue.c **** 					}
2560:Middlewares/Third_Party/FreeRTOS/Source/queue.c **** 					else
2561:Middlewares/Third_Party/FreeRTOS/Source/queue.c **** 					{
2562:Middlewares/Third_Party/FreeRTOS/Source/queue.c **** 						mtCOVERAGE_TEST_MARKER();
2563:Middlewares/Third_Party/FreeRTOS/Source/queue.c **** 					}
2564:Middlewares/Third_Party/FreeRTOS/Source/queue.c **** 				}
2565:Middlewares/Third_Party/FreeRTOS/Source/queue.c **** 				else
2566:Middlewares/Third_Party/FreeRTOS/Source/queue.c **** 				{
2567:Middlewares/Third_Party/FreeRTOS/Source/queue.c **** 					mtCOVERAGE_TEST_MARKER();
2568:Middlewares/Third_Party/FreeRTOS/Source/queue.c **** 				}
2569:Middlewares/Third_Party/FreeRTOS/Source/queue.c **** 			}
ARM GAS  C:\Users\Made\AppData\Local\Temp\cclTNyiU.s 			page 155


2570:Middlewares/Third_Party/FreeRTOS/Source/queue.c **** 			else
2571:Middlewares/Third_Party/FreeRTOS/Source/queue.c **** 			{
2572:Middlewares/Third_Party/FreeRTOS/Source/queue.c **** 				mtCOVERAGE_TEST_MARKER();
2573:Middlewares/Third_Party/FreeRTOS/Source/queue.c **** 			}
2574:Middlewares/Third_Party/FreeRTOS/Source/queue.c **** 		}
2575:Middlewares/Third_Party/FreeRTOS/Source/queue.c **** 		else
2576:Middlewares/Third_Party/FreeRTOS/Source/queue.c **** 		{
2577:Middlewares/Third_Party/FreeRTOS/Source/queue.c **** 			mtCOVERAGE_TEST_MARKER();
2578:Middlewares/Third_Party/FreeRTOS/Source/queue.c **** 		}
2579:Middlewares/Third_Party/FreeRTOS/Source/queue.c **** 
2580:Middlewares/Third_Party/FreeRTOS/Source/queue.c **** 		return xCoRoutinePreviouslyWoken;
2581:Middlewares/Third_Party/FreeRTOS/Source/queue.c **** 	}
2582:Middlewares/Third_Party/FreeRTOS/Source/queue.c **** 
2583:Middlewares/Third_Party/FreeRTOS/Source/queue.c **** #endif /* configUSE_CO_ROUTINES */
2584:Middlewares/Third_Party/FreeRTOS/Source/queue.c **** /*-----------------------------------------------------------*/
2585:Middlewares/Third_Party/FreeRTOS/Source/queue.c **** 
2586:Middlewares/Third_Party/FreeRTOS/Source/queue.c **** #if ( configUSE_CO_ROUTINES == 1 )
2587:Middlewares/Third_Party/FreeRTOS/Source/queue.c **** 
2588:Middlewares/Third_Party/FreeRTOS/Source/queue.c **** 	BaseType_t xQueueCRReceiveFromISR( QueueHandle_t xQueue, void *pvBuffer, BaseType_t *pxCoRoutineWo
2589:Middlewares/Third_Party/FreeRTOS/Source/queue.c **** 	{
2590:Middlewares/Third_Party/FreeRTOS/Source/queue.c **** 	BaseType_t xReturn;
2591:Middlewares/Third_Party/FreeRTOS/Source/queue.c **** 	Queue_t * const pxQueue = xQueue;
2592:Middlewares/Third_Party/FreeRTOS/Source/queue.c **** 
2593:Middlewares/Third_Party/FreeRTOS/Source/queue.c **** 		/* We cannot block from an ISR, so check there is data available. If
2594:Middlewares/Third_Party/FreeRTOS/Source/queue.c **** 		not then just leave without doing anything. */
2595:Middlewares/Third_Party/FreeRTOS/Source/queue.c **** 		if( pxQueue->uxMessagesWaiting > ( UBaseType_t ) 0 )
2596:Middlewares/Third_Party/FreeRTOS/Source/queue.c **** 		{
2597:Middlewares/Third_Party/FreeRTOS/Source/queue.c **** 			/* Copy the data from the queue. */
2598:Middlewares/Third_Party/FreeRTOS/Source/queue.c **** 			pxQueue->u.xQueue.pcReadFrom += pxQueue->uxItemSize;
2599:Middlewares/Third_Party/FreeRTOS/Source/queue.c **** 			if( pxQueue->u.xQueue.pcReadFrom >= pxQueue->u.xQueue.pcTail )
2600:Middlewares/Third_Party/FreeRTOS/Source/queue.c **** 			{
2601:Middlewares/Third_Party/FreeRTOS/Source/queue.c **** 				pxQueue->u.xQueue.pcReadFrom = pxQueue->pcHead;
2602:Middlewares/Third_Party/FreeRTOS/Source/queue.c **** 			}
2603:Middlewares/Third_Party/FreeRTOS/Source/queue.c **** 			else
2604:Middlewares/Third_Party/FreeRTOS/Source/queue.c **** 			{
2605:Middlewares/Third_Party/FreeRTOS/Source/queue.c **** 				mtCOVERAGE_TEST_MARKER();
2606:Middlewares/Third_Party/FreeRTOS/Source/queue.c **** 			}
2607:Middlewares/Third_Party/FreeRTOS/Source/queue.c **** 			--( pxQueue->uxMessagesWaiting );
2608:Middlewares/Third_Party/FreeRTOS/Source/queue.c **** 			( void ) memcpy( ( void * ) pvBuffer, ( void * ) pxQueue->u.xQueue.pcReadFrom, ( unsigned ) pxQu
2609:Middlewares/Third_Party/FreeRTOS/Source/queue.c **** 
2610:Middlewares/Third_Party/FreeRTOS/Source/queue.c **** 			if( ( *pxCoRoutineWoken ) == pdFALSE )
2611:Middlewares/Third_Party/FreeRTOS/Source/queue.c **** 			{
2612:Middlewares/Third_Party/FreeRTOS/Source/queue.c **** 				if( listLIST_IS_EMPTY( &( pxQueue->xTasksWaitingToSend ) ) == pdFALSE )
2613:Middlewares/Third_Party/FreeRTOS/Source/queue.c **** 				{
2614:Middlewares/Third_Party/FreeRTOS/Source/queue.c **** 					if( xCoRoutineRemoveFromEventList( &( pxQueue->xTasksWaitingToSend ) ) != pdFALSE )
2615:Middlewares/Third_Party/FreeRTOS/Source/queue.c **** 					{
2616:Middlewares/Third_Party/FreeRTOS/Source/queue.c **** 						*pxCoRoutineWoken = pdTRUE;
2617:Middlewares/Third_Party/FreeRTOS/Source/queue.c **** 					}
2618:Middlewares/Third_Party/FreeRTOS/Source/queue.c **** 					else
2619:Middlewares/Third_Party/FreeRTOS/Source/queue.c **** 					{
2620:Middlewares/Third_Party/FreeRTOS/Source/queue.c **** 						mtCOVERAGE_TEST_MARKER();
2621:Middlewares/Third_Party/FreeRTOS/Source/queue.c **** 					}
2622:Middlewares/Third_Party/FreeRTOS/Source/queue.c **** 				}
2623:Middlewares/Third_Party/FreeRTOS/Source/queue.c **** 				else
2624:Middlewares/Third_Party/FreeRTOS/Source/queue.c **** 				{
2625:Middlewares/Third_Party/FreeRTOS/Source/queue.c **** 					mtCOVERAGE_TEST_MARKER();
2626:Middlewares/Third_Party/FreeRTOS/Source/queue.c **** 				}
ARM GAS  C:\Users\Made\AppData\Local\Temp\cclTNyiU.s 			page 156


2627:Middlewares/Third_Party/FreeRTOS/Source/queue.c **** 			}
2628:Middlewares/Third_Party/FreeRTOS/Source/queue.c **** 			else
2629:Middlewares/Third_Party/FreeRTOS/Source/queue.c **** 			{
2630:Middlewares/Third_Party/FreeRTOS/Source/queue.c **** 				mtCOVERAGE_TEST_MARKER();
2631:Middlewares/Third_Party/FreeRTOS/Source/queue.c **** 			}
2632:Middlewares/Third_Party/FreeRTOS/Source/queue.c **** 
2633:Middlewares/Third_Party/FreeRTOS/Source/queue.c **** 			xReturn = pdPASS;
2634:Middlewares/Third_Party/FreeRTOS/Source/queue.c **** 		}
2635:Middlewares/Third_Party/FreeRTOS/Source/queue.c **** 		else
2636:Middlewares/Third_Party/FreeRTOS/Source/queue.c **** 		{
2637:Middlewares/Third_Party/FreeRTOS/Source/queue.c **** 			xReturn = pdFAIL;
2638:Middlewares/Third_Party/FreeRTOS/Source/queue.c **** 		}
2639:Middlewares/Third_Party/FreeRTOS/Source/queue.c **** 
2640:Middlewares/Third_Party/FreeRTOS/Source/queue.c **** 		return xReturn;
2641:Middlewares/Third_Party/FreeRTOS/Source/queue.c **** 	}
2642:Middlewares/Third_Party/FreeRTOS/Source/queue.c **** 
2643:Middlewares/Third_Party/FreeRTOS/Source/queue.c **** #endif /* configUSE_CO_ROUTINES */
2644:Middlewares/Third_Party/FreeRTOS/Source/queue.c **** /*-----------------------------------------------------------*/
2645:Middlewares/Third_Party/FreeRTOS/Source/queue.c **** 
2646:Middlewares/Third_Party/FreeRTOS/Source/queue.c **** #if ( configQUEUE_REGISTRY_SIZE > 0 )
2647:Middlewares/Third_Party/FreeRTOS/Source/queue.c **** 
2648:Middlewares/Third_Party/FreeRTOS/Source/queue.c **** 	void vQueueAddToRegistry( QueueHandle_t xQueue, const char *pcQueueName ) /*lint !e971 Unqualified
2649:Middlewares/Third_Party/FreeRTOS/Source/queue.c **** 	{
 4736              		.loc 1 2649 2 is_stmt 1 view -0
 4737              		.cfi_startproc
 4738              		@ args = 0, pretend = 0, frame = 0
 4739              		@ frame_needed = 0, uses_anonymous_args = 0
 4740              		@ link register save eliminated.
2650:Middlewares/Third_Party/FreeRTOS/Source/queue.c **** 	UBaseType_t ux;
 4741              		.loc 1 2650 2 view .LVU1389
2651:Middlewares/Third_Party/FreeRTOS/Source/queue.c **** 
2652:Middlewares/Third_Party/FreeRTOS/Source/queue.c **** 		/* See if there is an empty space in the registry.  A NULL name denotes
2653:Middlewares/Third_Party/FreeRTOS/Source/queue.c **** 		a free slot. */
2654:Middlewares/Third_Party/FreeRTOS/Source/queue.c **** 		for( ux = ( UBaseType_t ) 0U; ux < ( UBaseType_t ) configQUEUE_REGISTRY_SIZE; ux++ )
 4742              		.loc 1 2654 3 view .LVU1390
 4743              		.loc 1 2654 11 is_stmt 0 view .LVU1391
 4744 0000 0023     		movs	r3, #0
 4745              	.LVL360:
 4746              	.L354:
 4747              		.loc 1 2654 36 is_stmt 1 discriminator 1 view .LVU1392
 4748 0002 072B     		cmp	r3, #7
 4749 0004 0CD8     		bhi	.L358
2655:Middlewares/Third_Party/FreeRTOS/Source/queue.c **** 		{
2656:Middlewares/Third_Party/FreeRTOS/Source/queue.c **** 			if( xQueueRegistry[ ux ].pcQueueName == NULL )
 4750              		.loc 1 2656 4 view .LVU1393
 4751              		.loc 1 2656 28 is_stmt 0 view .LVU1394
 4752 0006 074A     		ldr	r2, .L360
 4753 0008 52F83320 		ldr	r2, [r2, r3, lsl #3]
 4754              		.loc 1 2656 6 view .LVU1395
 4755 000c 0AB1     		cbz	r2, .L359
2657:Middlewares/Third_Party/FreeRTOS/Source/queue.c **** 			{
2658:Middlewares/Third_Party/FreeRTOS/Source/queue.c **** 				/* Store the information on this queue. */
2659:Middlewares/Third_Party/FreeRTOS/Source/queue.c **** 				xQueueRegistry[ ux ].pcQueueName = pcQueueName;
2660:Middlewares/Third_Party/FreeRTOS/Source/queue.c **** 				xQueueRegistry[ ux ].xHandle = xQueue;
2661:Middlewares/Third_Party/FreeRTOS/Source/queue.c **** 
2662:Middlewares/Third_Party/FreeRTOS/Source/queue.c **** 				traceQUEUE_REGISTRY_ADD( xQueue, pcQueueName );
2663:Middlewares/Third_Party/FreeRTOS/Source/queue.c **** 				break;
ARM GAS  C:\Users\Made\AppData\Local\Temp\cclTNyiU.s 			page 157


2664:Middlewares/Third_Party/FreeRTOS/Source/queue.c **** 			}
2665:Middlewares/Third_Party/FreeRTOS/Source/queue.c **** 			else
2666:Middlewares/Third_Party/FreeRTOS/Source/queue.c **** 			{
2667:Middlewares/Third_Party/FreeRTOS/Source/queue.c **** 				mtCOVERAGE_TEST_MARKER();
 4756              		.loc 1 2667 29 is_stmt 1 view .LVU1396
2654:Middlewares/Third_Party/FreeRTOS/Source/queue.c **** 		{
 4757              		.loc 1 2654 83 discriminator 2 view .LVU1397
 4758 000e 0133     		adds	r3, r3, #1
 4759              	.LVL361:
2654:Middlewares/Third_Party/FreeRTOS/Source/queue.c **** 		{
 4760              		.loc 1 2654 83 is_stmt 0 discriminator 2 view .LVU1398
 4761 0010 F7E7     		b	.L354
 4762              	.L359:
2659:Middlewares/Third_Party/FreeRTOS/Source/queue.c **** 				xQueueRegistry[ ux ].xHandle = xQueue;
 4763              		.loc 1 2659 5 is_stmt 1 view .LVU1399
2659:Middlewares/Third_Party/FreeRTOS/Source/queue.c **** 				xQueueRegistry[ ux ].xHandle = xQueue;
 4764              		.loc 1 2659 38 is_stmt 0 view .LVU1400
 4765 0012 044A     		ldr	r2, .L360
 4766 0014 42F83310 		str	r1, [r2, r3, lsl #3]
2660:Middlewares/Third_Party/FreeRTOS/Source/queue.c **** 
 4767              		.loc 1 2660 5 is_stmt 1 view .LVU1401
2660:Middlewares/Third_Party/FreeRTOS/Source/queue.c **** 
 4768              		.loc 1 2660 34 is_stmt 0 view .LVU1402
 4769 0018 02EBC302 		add	r2, r2, r3, lsl #3
 4770 001c 5060     		str	r0, [r2, #4]
2662:Middlewares/Third_Party/FreeRTOS/Source/queue.c **** 				break;
 4771              		.loc 1 2662 51 is_stmt 1 view .LVU1403
2663:Middlewares/Third_Party/FreeRTOS/Source/queue.c **** 			}
 4772              		.loc 1 2663 5 view .LVU1404
 4773 001e 7047     		bx	lr
 4774              	.L358:
2668:Middlewares/Third_Party/FreeRTOS/Source/queue.c **** 			}
2669:Middlewares/Third_Party/FreeRTOS/Source/queue.c **** 		}
2670:Middlewares/Third_Party/FreeRTOS/Source/queue.c **** 	}
 4775              		.loc 1 2670 2 is_stmt 0 view .LVU1405
 4776 0020 7047     		bx	lr
 4777              	.L361:
 4778 0022 00BF     		.align	2
 4779              	.L360:
 4780 0024 00000000 		.word	xQueueRegistry
 4781              		.cfi_endproc
 4782              	.LFE40:
 4784              		.section	.text.pcQueueGetName,"ax",%progbits
 4785              		.align	1
 4786              		.global	pcQueueGetName
 4787              		.syntax unified
 4788              		.thumb
 4789              		.thumb_func
 4791              	pcQueueGetName:
 4792              	.LVL362:
 4793              	.LFB41:
2671:Middlewares/Third_Party/FreeRTOS/Source/queue.c **** 
2672:Middlewares/Third_Party/FreeRTOS/Source/queue.c **** #endif /* configQUEUE_REGISTRY_SIZE */
2673:Middlewares/Third_Party/FreeRTOS/Source/queue.c **** /*-----------------------------------------------------------*/
2674:Middlewares/Third_Party/FreeRTOS/Source/queue.c **** 
2675:Middlewares/Third_Party/FreeRTOS/Source/queue.c **** #if ( configQUEUE_REGISTRY_SIZE > 0 )
2676:Middlewares/Third_Party/FreeRTOS/Source/queue.c **** 
ARM GAS  C:\Users\Made\AppData\Local\Temp\cclTNyiU.s 			page 158


2677:Middlewares/Third_Party/FreeRTOS/Source/queue.c **** 	const char *pcQueueGetName( QueueHandle_t xQueue ) /*lint !e971 Unqualified char types are allowed
2678:Middlewares/Third_Party/FreeRTOS/Source/queue.c **** 	{
 4794              		.loc 1 2678 2 is_stmt 1 view -0
 4795              		.cfi_startproc
 4796              		@ args = 0, pretend = 0, frame = 0
 4797              		@ frame_needed = 0, uses_anonymous_args = 0
 4798              		@ link register save eliminated.
2679:Middlewares/Third_Party/FreeRTOS/Source/queue.c **** 	UBaseType_t ux;
 4799              		.loc 1 2679 2 view .LVU1407
2680:Middlewares/Third_Party/FreeRTOS/Source/queue.c **** 	const char *pcReturn = NULL; /*lint !e971 Unqualified char types are allowed for strings and singl
 4800              		.loc 1 2680 2 view .LVU1408
2681:Middlewares/Third_Party/FreeRTOS/Source/queue.c **** 
2682:Middlewares/Third_Party/FreeRTOS/Source/queue.c **** 		/* Note there is nothing here to protect against another task adding or
2683:Middlewares/Third_Party/FreeRTOS/Source/queue.c **** 		removing entries from the registry while it is being searched. */
2684:Middlewares/Third_Party/FreeRTOS/Source/queue.c **** 		for( ux = ( UBaseType_t ) 0U; ux < ( UBaseType_t ) configQUEUE_REGISTRY_SIZE; ux++ )
 4801              		.loc 1 2684 3 view .LVU1409
 4802              		.loc 1 2684 11 is_stmt 0 view .LVU1410
 4803 0000 0023     		movs	r3, #0
 4804              	.LVL363:
 4805              	.L363:
 4806              		.loc 1 2684 36 is_stmt 1 discriminator 1 view .LVU1411
 4807 0002 072B     		cmp	r3, #7
 4808 0004 0BD8     		bhi	.L367
2685:Middlewares/Third_Party/FreeRTOS/Source/queue.c **** 		{
2686:Middlewares/Third_Party/FreeRTOS/Source/queue.c **** 			if( xQueueRegistry[ ux ].xHandle == xQueue )
 4809              		.loc 1 2686 4 view .LVU1412
 4810              		.loc 1 2686 28 is_stmt 0 view .LVU1413
 4811 0006 074A     		ldr	r2, .L369
 4812 0008 02EBC302 		add	r2, r2, r3, lsl #3
 4813 000c 5268     		ldr	r2, [r2, #4]
 4814              		.loc 1 2686 6 view .LVU1414
 4815 000e 8242     		cmp	r2, r0
 4816 0010 01D0     		beq	.L368
2687:Middlewares/Third_Party/FreeRTOS/Source/queue.c **** 			{
2688:Middlewares/Third_Party/FreeRTOS/Source/queue.c **** 				pcReturn = xQueueRegistry[ ux ].pcQueueName;
2689:Middlewares/Third_Party/FreeRTOS/Source/queue.c **** 				break;
2690:Middlewares/Third_Party/FreeRTOS/Source/queue.c **** 			}
2691:Middlewares/Third_Party/FreeRTOS/Source/queue.c **** 			else
2692:Middlewares/Third_Party/FreeRTOS/Source/queue.c **** 			{
2693:Middlewares/Third_Party/FreeRTOS/Source/queue.c **** 				mtCOVERAGE_TEST_MARKER();
 4817              		.loc 1 2693 29 is_stmt 1 view .LVU1415
2684:Middlewares/Third_Party/FreeRTOS/Source/queue.c **** 		{
 4818              		.loc 1 2684 83 discriminator 2 view .LVU1416
 4819 0012 0133     		adds	r3, r3, #1
 4820              	.LVL364:
2684:Middlewares/Third_Party/FreeRTOS/Source/queue.c **** 		{
 4821              		.loc 1 2684 83 is_stmt 0 discriminator 2 view .LVU1417
 4822 0014 F5E7     		b	.L363
 4823              	.L368:
2688:Middlewares/Third_Party/FreeRTOS/Source/queue.c **** 				break;
 4824              		.loc 1 2688 5 is_stmt 1 view .LVU1418
2688:Middlewares/Third_Party/FreeRTOS/Source/queue.c **** 				break;
 4825              		.loc 1 2688 14 is_stmt 0 view .LVU1419
 4826 0016 034A     		ldr	r2, .L369
 4827 0018 52F83300 		ldr	r0, [r2, r3, lsl #3]
 4828              	.LVL365:
2689:Middlewares/Third_Party/FreeRTOS/Source/queue.c **** 			}
ARM GAS  C:\Users\Made\AppData\Local\Temp\cclTNyiU.s 			page 159


 4829              		.loc 1 2689 5 is_stmt 1 view .LVU1420
 4830 001c 7047     		bx	lr
 4831              	.LVL366:
 4832              	.L367:
2680:Middlewares/Third_Party/FreeRTOS/Source/queue.c **** 
 4833              		.loc 1 2680 14 is_stmt 0 view .LVU1421
 4834 001e 0020     		movs	r0, #0
 4835              	.LVL367:
2694:Middlewares/Third_Party/FreeRTOS/Source/queue.c **** 			}
2695:Middlewares/Third_Party/FreeRTOS/Source/queue.c **** 		}
2696:Middlewares/Third_Party/FreeRTOS/Source/queue.c **** 
2697:Middlewares/Third_Party/FreeRTOS/Source/queue.c **** 		return pcReturn;
 4836              		.loc 1 2697 3 is_stmt 1 view .LVU1422
2698:Middlewares/Third_Party/FreeRTOS/Source/queue.c **** 	} /*lint !e818 xQueue cannot be a pointer to const because it is a typedef. */
 4837              		.loc 1 2698 2 is_stmt 0 view .LVU1423
 4838 0020 7047     		bx	lr
 4839              	.L370:
 4840 0022 00BF     		.align	2
 4841              	.L369:
 4842 0024 00000000 		.word	xQueueRegistry
 4843              		.cfi_endproc
 4844              	.LFE41:
 4846              		.section	.text.vQueueUnregisterQueue,"ax",%progbits
 4847              		.align	1
 4848              		.global	vQueueUnregisterQueue
 4849              		.syntax unified
 4850              		.thumb
 4851              		.thumb_func
 4853              	vQueueUnregisterQueue:
 4854              	.LVL368:
 4855              	.LFB42:
2699:Middlewares/Third_Party/FreeRTOS/Source/queue.c **** 
2700:Middlewares/Third_Party/FreeRTOS/Source/queue.c **** #endif /* configQUEUE_REGISTRY_SIZE */
2701:Middlewares/Third_Party/FreeRTOS/Source/queue.c **** /*-----------------------------------------------------------*/
2702:Middlewares/Third_Party/FreeRTOS/Source/queue.c **** 
2703:Middlewares/Third_Party/FreeRTOS/Source/queue.c **** #if ( configQUEUE_REGISTRY_SIZE > 0 )
2704:Middlewares/Third_Party/FreeRTOS/Source/queue.c **** 
2705:Middlewares/Third_Party/FreeRTOS/Source/queue.c **** 	void vQueueUnregisterQueue( QueueHandle_t xQueue )
2706:Middlewares/Third_Party/FreeRTOS/Source/queue.c **** 	{
 4856              		.loc 1 2706 2 is_stmt 1 view -0
 4857              		.cfi_startproc
 4858              		@ args = 0, pretend = 0, frame = 0
 4859              		@ frame_needed = 0, uses_anonymous_args = 0
 4860              		@ link register save eliminated.
2707:Middlewares/Third_Party/FreeRTOS/Source/queue.c **** 	UBaseType_t ux;
 4861              		.loc 1 2707 2 view .LVU1425
2708:Middlewares/Third_Party/FreeRTOS/Source/queue.c **** 
2709:Middlewares/Third_Party/FreeRTOS/Source/queue.c **** 		/* See if the handle of the queue being unregistered in actually in the
2710:Middlewares/Third_Party/FreeRTOS/Source/queue.c **** 		registry. */
2711:Middlewares/Third_Party/FreeRTOS/Source/queue.c **** 		for( ux = ( UBaseType_t ) 0U; ux < ( UBaseType_t ) configQUEUE_REGISTRY_SIZE; ux++ )
 4862              		.loc 1 2711 3 view .LVU1426
 4863              		.loc 1 2711 11 is_stmt 0 view .LVU1427
 4864 0000 0023     		movs	r3, #0
 4865              	.LVL369:
 4866              	.L372:
 4867              		.loc 1 2711 36 is_stmt 1 discriminator 1 view .LVU1428
 4868 0002 072B     		cmp	r3, #7
ARM GAS  C:\Users\Made\AppData\Local\Temp\cclTNyiU.s 			page 160


 4869 0004 0FD8     		bhi	.L376
2712:Middlewares/Third_Party/FreeRTOS/Source/queue.c **** 		{
2713:Middlewares/Third_Party/FreeRTOS/Source/queue.c **** 			if( xQueueRegistry[ ux ].xHandle == xQueue )
 4870              		.loc 1 2713 4 view .LVU1429
 4871              		.loc 1 2713 28 is_stmt 0 view .LVU1430
 4872 0006 084A     		ldr	r2, .L378
 4873 0008 02EBC302 		add	r2, r2, r3, lsl #3
 4874 000c 5268     		ldr	r2, [r2, #4]
 4875              		.loc 1 2713 6 view .LVU1431
 4876 000e 8242     		cmp	r2, r0
 4877 0010 01D0     		beq	.L377
2714:Middlewares/Third_Party/FreeRTOS/Source/queue.c **** 			{
2715:Middlewares/Third_Party/FreeRTOS/Source/queue.c **** 				/* Set the name to NULL to show that this slot if free again. */
2716:Middlewares/Third_Party/FreeRTOS/Source/queue.c **** 				xQueueRegistry[ ux ].pcQueueName = NULL;
2717:Middlewares/Third_Party/FreeRTOS/Source/queue.c **** 
2718:Middlewares/Third_Party/FreeRTOS/Source/queue.c **** 				/* Set the handle to NULL to ensure the same queue handle cannot
2719:Middlewares/Third_Party/FreeRTOS/Source/queue.c **** 				appear in the registry twice if it is added, removed, then
2720:Middlewares/Third_Party/FreeRTOS/Source/queue.c **** 				added again. */
2721:Middlewares/Third_Party/FreeRTOS/Source/queue.c **** 				xQueueRegistry[ ux ].xHandle = ( QueueHandle_t ) 0;
2722:Middlewares/Third_Party/FreeRTOS/Source/queue.c **** 				break;
2723:Middlewares/Third_Party/FreeRTOS/Source/queue.c **** 			}
2724:Middlewares/Third_Party/FreeRTOS/Source/queue.c **** 			else
2725:Middlewares/Third_Party/FreeRTOS/Source/queue.c **** 			{
2726:Middlewares/Third_Party/FreeRTOS/Source/queue.c **** 				mtCOVERAGE_TEST_MARKER();
 4878              		.loc 1 2726 29 is_stmt 1 view .LVU1432
2711:Middlewares/Third_Party/FreeRTOS/Source/queue.c **** 		{
 4879              		.loc 1 2711 83 discriminator 2 view .LVU1433
 4880 0012 0133     		adds	r3, r3, #1
 4881              	.LVL370:
2711:Middlewares/Third_Party/FreeRTOS/Source/queue.c **** 		{
 4882              		.loc 1 2711 83 is_stmt 0 discriminator 2 view .LVU1434
 4883 0014 F5E7     		b	.L372
 4884              	.L377:
2716:Middlewares/Third_Party/FreeRTOS/Source/queue.c **** 
 4885              		.loc 1 2716 5 is_stmt 1 view .LVU1435
2716:Middlewares/Third_Party/FreeRTOS/Source/queue.c **** 
 4886              		.loc 1 2716 38 is_stmt 0 view .LVU1436
 4887 0016 044A     		ldr	r2, .L378
 4888 0018 0021     		movs	r1, #0
 4889 001a 42F83310 		str	r1, [r2, r3, lsl #3]
2721:Middlewares/Third_Party/FreeRTOS/Source/queue.c **** 				break;
 4890              		.loc 1 2721 5 is_stmt 1 view .LVU1437
2721:Middlewares/Third_Party/FreeRTOS/Source/queue.c **** 				break;
 4891              		.loc 1 2721 34 is_stmt 0 view .LVU1438
 4892 001e 02EBC302 		add	r2, r2, r3, lsl #3
 4893 0022 5160     		str	r1, [r2, #4]
2722:Middlewares/Third_Party/FreeRTOS/Source/queue.c **** 			}
 4894              		.loc 1 2722 5 is_stmt 1 view .LVU1439
 4895 0024 7047     		bx	lr
 4896              	.L376:
2727:Middlewares/Third_Party/FreeRTOS/Source/queue.c **** 			}
2728:Middlewares/Third_Party/FreeRTOS/Source/queue.c **** 		}
2729:Middlewares/Third_Party/FreeRTOS/Source/queue.c **** 
2730:Middlewares/Third_Party/FreeRTOS/Source/queue.c **** 	} /*lint !e818 xQueue could not be pointer to const because it is a typedef. */
 4897              		.loc 1 2730 2 is_stmt 0 view .LVU1440
 4898 0026 7047     		bx	lr
 4899              	.L379:
ARM GAS  C:\Users\Made\AppData\Local\Temp\cclTNyiU.s 			page 161


 4900              		.align	2
 4901              	.L378:
 4902 0028 00000000 		.word	xQueueRegistry
 4903              		.cfi_endproc
 4904              	.LFE42:
 4906              		.section	.text.vQueueDelete,"ax",%progbits
 4907              		.align	1
 4908              		.global	vQueueDelete
 4909              		.syntax unified
 4910              		.thumb
 4911              		.thumb_func
 4913              	vQueueDelete:
 4914              	.LVL371:
 4915              	.LFB28:
1976:Middlewares/Third_Party/FreeRTOS/Source/queue.c **** Queue_t * const pxQueue = xQueue;
 4916              		.loc 1 1976 1 is_stmt 1 view -0
 4917              		.cfi_startproc
 4918              		@ args = 0, pretend = 0, frame = 0
 4919              		@ frame_needed = 0, uses_anonymous_args = 0
1977:Middlewares/Third_Party/FreeRTOS/Source/queue.c **** 
 4920              		.loc 1 1977 1 view .LVU1442
1979:Middlewares/Third_Party/FreeRTOS/Source/queue.c **** 	traceQUEUE_DELETE( pxQueue );
 4921              		.loc 1 1979 2 view .LVU1443
 4922 0000 38B1     		cbz	r0, .L386
1976:Middlewares/Third_Party/FreeRTOS/Source/queue.c **** Queue_t * const pxQueue = xQueue;
 4923              		.loc 1 1976 1 is_stmt 0 view .LVU1444
 4924 0002 10B5     		push	{r4, lr}
 4925              	.LCFI54:
 4926              		.cfi_def_cfa_offset 8
 4927              		.cfi_offset 4, -8
 4928              		.cfi_offset 14, -4
 4929 0004 0446     		mov	r4, r0
1979:Middlewares/Third_Party/FreeRTOS/Source/queue.c **** 	traceQUEUE_DELETE( pxQueue );
 4930              		.loc 1 1979 25 is_stmt 1 discriminator 2 view .LVU1445
1980:Middlewares/Third_Party/FreeRTOS/Source/queue.c **** 
 4931              		.loc 1 1980 30 view .LVU1446
1984:Middlewares/Third_Party/FreeRTOS/Source/queue.c **** 	}
 4932              		.loc 1 1984 3 view .LVU1447
 4933 0006 FFF7FEFF 		bl	vQueueUnregisterQueue
 4934              	.LVL372:
1998:Middlewares/Third_Party/FreeRTOS/Source/queue.c **** 		{
 4935              		.loc 1 1998 3 view .LVU1448
1998:Middlewares/Third_Party/FreeRTOS/Source/queue.c **** 		{
 4936              		.loc 1 1998 14 is_stmt 0 view .LVU1449
 4937 000a 94F84630 		ldrb	r3, [r4, #70]	@ zero_extendqisi2
1998:Middlewares/Third_Party/FreeRTOS/Source/queue.c **** 		{
 4938              		.loc 1 1998 5 view .LVU1450
 4939 000e 4BB1     		cbz	r3, .L387
 4940              	.L380:
2014:Middlewares/Third_Party/FreeRTOS/Source/queue.c **** /*-----------------------------------------------------------*/
 4941              		.loc 1 2014 1 view .LVU1451
 4942 0010 10BD     		pop	{r4, pc}
 4943              	.LVL373:
 4944              	.L386:
 4945              	.LCFI55:
 4946              		.cfi_def_cfa_offset 0
 4947              		.cfi_restore 4
ARM GAS  C:\Users\Made\AppData\Local\Temp\cclTNyiU.s 			page 162


 4948              		.cfi_restore 14
1979:Middlewares/Third_Party/FreeRTOS/Source/queue.c **** 	traceQUEUE_DELETE( pxQueue );
 4949              		.loc 1 1979 2 is_stmt 1 discriminator 1 view .LVU1452
 4950              	.LBB245:
 4951              	.LBI245:
 191:Middlewares/Third_Party/FreeRTOS/Source/portable/GCC/ARM_CM4F/portmacro.h **** {
 4952              		.loc 2 191 30 view .LVU1453
 4953              	.LBB246:
 193:Middlewares/Third_Party/FreeRTOS/Source/portable/GCC/ARM_CM4F/portmacro.h **** 
 4954              		.loc 2 193 1 view .LVU1454
 195:Middlewares/Third_Party/FreeRTOS/Source/portable/GCC/ARM_CM4F/portmacro.h **** 	(
 4955              		.loc 2 195 2 view .LVU1455
 4956              		.syntax unified
 4957              	@ 195 "Middlewares/Third_Party/FreeRTOS/Source/portable/GCC/ARM_CM4F/portmacro.h" 1
 4958 0012 4FF05003 			mov r3, #80												
 4959 0016 83F31188 		msr basepri, r3											
 4960 001a BFF36F8F 		isb														
 4961 001e BFF34F8F 		dsb														
 4962              	
 4963              	@ 0 "" 2
 4964              		.thumb
 4965              		.syntax unified
 4966              	.L382:
 4967              	.LBE246:
 4968              	.LBE245:
1979:Middlewares/Third_Party/FreeRTOS/Source/queue.c **** 	traceQUEUE_DELETE( pxQueue );
 4969              		.loc 1 1979 2 discriminator 3 view .LVU1456
1979:Middlewares/Third_Party/FreeRTOS/Source/queue.c **** 	traceQUEUE_DELETE( pxQueue );
 4970              		.loc 1 1979 2 discriminator 3 view .LVU1457
 4971 0022 FEE7     		b	.L382
 4972              	.LVL374:
 4973              	.L387:
 4974              	.LCFI56:
 4975              		.cfi_def_cfa_offset 8
 4976              		.cfi_offset 4, -8
 4977              		.cfi_offset 14, -4
2000:Middlewares/Third_Party/FreeRTOS/Source/queue.c **** 		}
 4978              		.loc 1 2000 4 view .LVU1458
 4979 0024 2046     		mov	r0, r4
 4980 0026 FFF7FEFF 		bl	vPortFree
 4981              	.LVL375:
2004:Middlewares/Third_Party/FreeRTOS/Source/queue.c **** 		}
 4982              		.loc 1 2004 28 view .LVU1459
2014:Middlewares/Third_Party/FreeRTOS/Source/queue.c **** /*-----------------------------------------------------------*/
 4983              		.loc 1 2014 1 is_stmt 0 view .LVU1460
 4984 002a F1E7     		b	.L380
 4985              		.cfi_endproc
 4986              	.LFE28:
 4988              		.section	.text.vQueueWaitForMessageRestricted,"ax",%progbits
 4989              		.align	1
 4990              		.global	vQueueWaitForMessageRestricted
 4991              		.syntax unified
 4992              		.thumb
 4993              		.thumb_func
 4995              	vQueueWaitForMessageRestricted:
 4996              	.LVL376:
 4997              	.LFB43:
ARM GAS  C:\Users\Made\AppData\Local\Temp\cclTNyiU.s 			page 163


2731:Middlewares/Third_Party/FreeRTOS/Source/queue.c **** 
2732:Middlewares/Third_Party/FreeRTOS/Source/queue.c **** #endif /* configQUEUE_REGISTRY_SIZE */
2733:Middlewares/Third_Party/FreeRTOS/Source/queue.c **** /*-----------------------------------------------------------*/
2734:Middlewares/Third_Party/FreeRTOS/Source/queue.c **** 
2735:Middlewares/Third_Party/FreeRTOS/Source/queue.c **** #if ( configUSE_TIMERS == 1 )
2736:Middlewares/Third_Party/FreeRTOS/Source/queue.c **** 
2737:Middlewares/Third_Party/FreeRTOS/Source/queue.c **** 	void vQueueWaitForMessageRestricted( QueueHandle_t xQueue, TickType_t xTicksToWait, const BaseType
2738:Middlewares/Third_Party/FreeRTOS/Source/queue.c **** 	{
 4998              		.loc 1 2738 2 is_stmt 1 view -0
 4999              		.cfi_startproc
 5000              		@ args = 0, pretend = 0, frame = 0
 5001              		@ frame_needed = 0, uses_anonymous_args = 0
 5002              		.loc 1 2738 2 is_stmt 0 view .LVU1462
 5003 0000 70B5     		push	{r4, r5, r6, lr}
 5004              	.LCFI57:
 5005              		.cfi_def_cfa_offset 16
 5006              		.cfi_offset 4, -16
 5007              		.cfi_offset 5, -12
 5008              		.cfi_offset 6, -8
 5009              		.cfi_offset 14, -4
 5010 0002 0446     		mov	r4, r0
 5011 0004 0D46     		mov	r5, r1
 5012 0006 1646     		mov	r6, r2
2739:Middlewares/Third_Party/FreeRTOS/Source/queue.c **** 	Queue_t * const pxQueue = xQueue;
 5013              		.loc 1 2739 2 is_stmt 1 view .LVU1463
 5014              	.LVL377:
2740:Middlewares/Third_Party/FreeRTOS/Source/queue.c **** 
2741:Middlewares/Third_Party/FreeRTOS/Source/queue.c **** 		/* This function should not be called by application code hence the
2742:Middlewares/Third_Party/FreeRTOS/Source/queue.c **** 		'Restricted' in its name.  It is not part of the public API.  It is
2743:Middlewares/Third_Party/FreeRTOS/Source/queue.c **** 		designed for use by kernel code, and has special calling requirements.
2744:Middlewares/Third_Party/FreeRTOS/Source/queue.c **** 		It can result in vListInsert() being called on a list that can only
2745:Middlewares/Third_Party/FreeRTOS/Source/queue.c **** 		possibly ever have one item in it, so the list will be fast, but even
2746:Middlewares/Third_Party/FreeRTOS/Source/queue.c **** 		so it should be called with the scheduler locked and not from a critical
2747:Middlewares/Third_Party/FreeRTOS/Source/queue.c **** 		section. */
2748:Middlewares/Third_Party/FreeRTOS/Source/queue.c **** 
2749:Middlewares/Third_Party/FreeRTOS/Source/queue.c **** 		/* Only do anything if there are no messages in the queue.  This function
2750:Middlewares/Third_Party/FreeRTOS/Source/queue.c **** 		will not actually cause the task to block, just place it on a blocked
2751:Middlewares/Third_Party/FreeRTOS/Source/queue.c **** 		list.  It will not block until the scheduler is unlocked - at which
2752:Middlewares/Third_Party/FreeRTOS/Source/queue.c **** 		time a yield will be performed.  If an item is added to the queue while
2753:Middlewares/Third_Party/FreeRTOS/Source/queue.c **** 		the queue is locked, and the calling task blocks on the queue, then the
2754:Middlewares/Third_Party/FreeRTOS/Source/queue.c **** 		calling task will be immediately unblocked when the queue is unlocked. */
2755:Middlewares/Third_Party/FreeRTOS/Source/queue.c **** 		prvLockQueue( pxQueue );
 5015              		.loc 1 2755 3 view .LVU1464
 5016 0008 FFF7FEFF 		bl	vPortEnterCritical
 5017              	.LVL378:
 5018              		.loc 1 2755 3 discriminator 1 view .LVU1465
 5019 000c 94F84430 		ldrb	r3, [r4, #68]	@ zero_extendqisi2
 5020 0010 5BB2     		sxtb	r3, r3
 5021 0012 B3F1FF3F 		cmp	r3, #-1
 5022 0016 0DD0     		beq	.L393
 5023              	.L389:
 5024              		.loc 1 2755 3 discriminator 3 view .LVU1466
 5025 0018 94F84530 		ldrb	r3, [r4, #69]	@ zero_extendqisi2
 5026 001c 5BB2     		sxtb	r3, r3
 5027 001e B3F1FF3F 		cmp	r3, #-1
 5028 0022 0BD0     		beq	.L394
 5029              	.L390:
ARM GAS  C:\Users\Made\AppData\Local\Temp\cclTNyiU.s 			page 164


 5030              		.loc 1 2755 3 discriminator 6 view .LVU1467
 5031 0024 FFF7FEFF 		bl	vPortExitCritical
 5032              	.LVL379:
2756:Middlewares/Third_Party/FreeRTOS/Source/queue.c **** 		if( pxQueue->uxMessagesWaiting == ( UBaseType_t ) 0U )
 5033              		.loc 1 2756 3 view .LVU1468
 5034              		.loc 1 2756 14 is_stmt 0 view .LVU1469
 5035 0028 A36B     		ldr	r3, [r4, #56]
 5036              		.loc 1 2756 5 view .LVU1470
 5037 002a 5BB1     		cbz	r3, .L395
 5038              	.L391:
2757:Middlewares/Third_Party/FreeRTOS/Source/queue.c **** 		{
2758:Middlewares/Third_Party/FreeRTOS/Source/queue.c **** 			/* There is nothing in the queue, block for the specified period. */
2759:Middlewares/Third_Party/FreeRTOS/Source/queue.c **** 			vTaskPlaceOnEventListRestricted( &( pxQueue->xTasksWaitingToReceive ), xTicksToWait, xWaitIndefi
2760:Middlewares/Third_Party/FreeRTOS/Source/queue.c **** 		}
2761:Middlewares/Third_Party/FreeRTOS/Source/queue.c **** 		else
2762:Middlewares/Third_Party/FreeRTOS/Source/queue.c **** 		{
2763:Middlewares/Third_Party/FreeRTOS/Source/queue.c **** 			mtCOVERAGE_TEST_MARKER();
 5039              		.loc 1 2763 28 is_stmt 1 view .LVU1471
2764:Middlewares/Third_Party/FreeRTOS/Source/queue.c **** 		}
2765:Middlewares/Third_Party/FreeRTOS/Source/queue.c **** 		prvUnlockQueue( pxQueue );
 5040              		.loc 1 2765 3 view .LVU1472
 5041 002c 2046     		mov	r0, r4
 5042 002e FFF7FEFF 		bl	prvUnlockQueue
 5043              	.LVL380:
2766:Middlewares/Third_Party/FreeRTOS/Source/queue.c **** 	}
 5044              		.loc 1 2766 2 is_stmt 0 view .LVU1473
 5045 0032 70BD     		pop	{r4, r5, r6, pc}
 5046              	.LVL381:
 5047              	.L393:
2755:Middlewares/Third_Party/FreeRTOS/Source/queue.c **** 		if( pxQueue->uxMessagesWaiting == ( UBaseType_t ) 0U )
 5048              		.loc 1 2755 3 is_stmt 1 discriminator 1 view .LVU1474
 5049 0034 0023     		movs	r3, #0
 5050 0036 84F84430 		strb	r3, [r4, #68]
 5051 003a EDE7     		b	.L389
 5052              	.L394:
2755:Middlewares/Third_Party/FreeRTOS/Source/queue.c **** 		if( pxQueue->uxMessagesWaiting == ( UBaseType_t ) 0U )
 5053              		.loc 1 2755 3 discriminator 4 view .LVU1475
 5054 003c 0023     		movs	r3, #0
 5055 003e 84F84530 		strb	r3, [r4, #69]
 5056 0042 EFE7     		b	.L390
 5057              	.L395:
2759:Middlewares/Third_Party/FreeRTOS/Source/queue.c **** 		}
 5058              		.loc 1 2759 4 view .LVU1476
 5059 0044 3246     		mov	r2, r6
 5060 0046 2946     		mov	r1, r5
 5061 0048 04F12400 		add	r0, r4, #36
 5062 004c FFF7FEFF 		bl	vTaskPlaceOnEventListRestricted
 5063              	.LVL382:
 5064 0050 ECE7     		b	.L391
 5065              		.cfi_endproc
 5066              	.LFE43:
 5068              		.global	xQueueRegistry
 5069              		.section	.bss.xQueueRegistry,"aw",%nobits
 5070              		.align	2
 5073              	xQueueRegistry:
 5074 0000 00000000 		.space	64
 5074      00000000 
ARM GAS  C:\Users\Made\AppData\Local\Temp\cclTNyiU.s 			page 165


 5074      00000000 
 5074      00000000 
 5074      00000000 
 5075              		.text
 5076              	.Letext0:
 5077              		.file 3 "C:/Program Files (x86)/Arm GNU Toolchain arm-none-eabi/13.3 rel1/lib/gcc/arm-none-eabi/13
 5078              		.file 4 "C:/Program Files (x86)/Arm GNU Toolchain arm-none-eabi/13.3 rel1/arm-none-eabi/include/ma
 5079              		.file 5 "C:/Program Files (x86)/Arm GNU Toolchain arm-none-eabi/13.3 rel1/arm-none-eabi/include/sy
 5080              		.file 6 "Middlewares/Third_Party/FreeRTOS/Source/include/FreeRTOS.h"
 5081              		.file 7 "Middlewares/Third_Party/FreeRTOS/Source/include/list.h"
 5082              		.file 8 "Middlewares/Third_Party/FreeRTOS/Source/include/task.h"
 5083              		.file 9 "Middlewares/Third_Party/FreeRTOS/Source/include/queue.h"
 5084              		.file 10 "Middlewares/Third_Party/FreeRTOS/Source/include/portable.h"
 5085              		.file 11 "C:/Program Files (x86)/Arm GNU Toolchain arm-none-eabi/13.3 rel1/arm-none-eabi/include/s
 5086              		.file 12 "<built-in>"
ARM GAS  C:\Users\Made\AppData\Local\Temp\cclTNyiU.s 			page 166


DEFINED SYMBOLS
                            *ABS*:00000000 queue.c
C:\Users\Made\AppData\Local\Temp\cclTNyiU.s:20     .text.prvGetDisinheritPriorityAfterTimeout:00000000 $t
C:\Users\Made\AppData\Local\Temp\cclTNyiU.s:25     .text.prvGetDisinheritPriorityAfterTimeout:00000000 prvGetDisinheritPriorityAfterTimeout
C:\Users\Made\AppData\Local\Temp\cclTNyiU.s:59     .text.prvIsQueueFull:00000000 $t
C:\Users\Made\AppData\Local\Temp\cclTNyiU.s:64     .text.prvIsQueueFull:00000000 prvIsQueueFull
C:\Users\Made\AppData\Local\Temp\cclTNyiU.s:112    .text.prvIsQueueEmpty:00000000 $t
C:\Users\Made\AppData\Local\Temp\cclTNyiU.s:117    .text.prvIsQueueEmpty:00000000 prvIsQueueEmpty
C:\Users\Made\AppData\Local\Temp\cclTNyiU.s:162    .text.prvCopyDataToQueue:00000000 $t
C:\Users\Made\AppData\Local\Temp\cclTNyiU.s:167    .text.prvCopyDataToQueue:00000000 prvCopyDataToQueue
C:\Users\Made\AppData\Local\Temp\cclTNyiU.s:326    .text.prvCopyDataFromQueue:00000000 $t
C:\Users\Made\AppData\Local\Temp\cclTNyiU.s:331    .text.prvCopyDataFromQueue:00000000 prvCopyDataFromQueue
C:\Users\Made\AppData\Local\Temp\cclTNyiU.s:391    .text.prvUnlockQueue:00000000 $t
C:\Users\Made\AppData\Local\Temp\cclTNyiU.s:396    .text.prvUnlockQueue:00000000 prvUnlockQueue
C:\Users\Made\AppData\Local\Temp\cclTNyiU.s:521    .text.xQueueGenericReset:00000000 $t
C:\Users\Made\AppData\Local\Temp\cclTNyiU.s:527    .text.xQueueGenericReset:00000000 xQueueGenericReset
C:\Users\Made\AppData\Local\Temp\cclTNyiU.s:667    .text.prvInitialiseNewQueue:00000000 $t
C:\Users\Made\AppData\Local\Temp\cclTNyiU.s:672    .text.prvInitialiseNewQueue:00000000 prvInitialiseNewQueue
C:\Users\Made\AppData\Local\Temp\cclTNyiU.s:732    .text.xQueueGenericCreateStatic:00000000 $t
C:\Users\Made\AppData\Local\Temp\cclTNyiU.s:738    .text.xQueueGenericCreateStatic:00000000 xQueueGenericCreateStatic
C:\Users\Made\AppData\Local\Temp\cclTNyiU.s:947    .text.xQueueGenericCreate:00000000 $t
C:\Users\Made\AppData\Local\Temp\cclTNyiU.s:953    .text.xQueueGenericCreate:00000000 xQueueGenericCreate
C:\Users\Made\AppData\Local\Temp\cclTNyiU.s:1055   .text.xQueueGetMutexHolder:00000000 $t
C:\Users\Made\AppData\Local\Temp\cclTNyiU.s:1061   .text.xQueueGetMutexHolder:00000000 xQueueGetMutexHolder
C:\Users\Made\AppData\Local\Temp\cclTNyiU.s:1109   .text.xQueueGetMutexHolderFromISR:00000000 $t
C:\Users\Made\AppData\Local\Temp\cclTNyiU.s:1115   .text.xQueueGetMutexHolderFromISR:00000000 xQueueGetMutexHolderFromISR
C:\Users\Made\AppData\Local\Temp\cclTNyiU.s:1174   .text.xQueueCreateCountingSemaphoreStatic:00000000 $t
C:\Users\Made\AppData\Local\Temp\cclTNyiU.s:1180   .text.xQueueCreateCountingSemaphoreStatic:00000000 xQueueCreateCountingSemaphoreStatic
C:\Users\Made\AppData\Local\Temp\cclTNyiU.s:1287   .text.xQueueCreateCountingSemaphore:00000000 $t
C:\Users\Made\AppData\Local\Temp\cclTNyiU.s:1293   .text.xQueueCreateCountingSemaphore:00000000 xQueueCreateCountingSemaphore
C:\Users\Made\AppData\Local\Temp\cclTNyiU.s:1388   .text.xQueueGenericSend:00000000 $t
C:\Users\Made\AppData\Local\Temp\cclTNyiU.s:1394   .text.xQueueGenericSend:00000000 xQueueGenericSend
C:\Users\Made\AppData\Local\Temp\cclTNyiU.s:1798   .text.prvInitialiseMutex:00000000 $t
C:\Users\Made\AppData\Local\Temp\cclTNyiU.s:1803   .text.prvInitialiseMutex:00000000 prvInitialiseMutex
C:\Users\Made\AppData\Local\Temp\cclTNyiU.s:1851   .text.xQueueCreateMutex:00000000 $t
C:\Users\Made\AppData\Local\Temp\cclTNyiU.s:1857   .text.xQueueCreateMutex:00000000 xQueueCreateMutex
C:\Users\Made\AppData\Local\Temp\cclTNyiU.s:1897   .text.xQueueCreateMutexStatic:00000000 $t
C:\Users\Made\AppData\Local\Temp\cclTNyiU.s:1903   .text.xQueueCreateMutexStatic:00000000 xQueueCreateMutexStatic
C:\Users\Made\AppData\Local\Temp\cclTNyiU.s:1955   .text.xQueueGiveMutexRecursive:00000000 $t
C:\Users\Made\AppData\Local\Temp\cclTNyiU.s:1961   .text.xQueueGiveMutexRecursive:00000000 xQueueGiveMutexRecursive
C:\Users\Made\AppData\Local\Temp\cclTNyiU.s:2057   .text.xQueueGenericSendFromISR:00000000 $t
C:\Users\Made\AppData\Local\Temp\cclTNyiU.s:2063   .text.xQueueGenericSendFromISR:00000000 xQueueGenericSendFromISR
C:\Users\Made\AppData\Local\Temp\cclTNyiU.s:2316   .text.xQueueGiveFromISR:00000000 $t
C:\Users\Made\AppData\Local\Temp\cclTNyiU.s:2322   .text.xQueueGiveFromISR:00000000 xQueueGiveFromISR
C:\Users\Made\AppData\Local\Temp\cclTNyiU.s:2584   .text.xQueueReceive:00000000 $t
C:\Users\Made\AppData\Local\Temp\cclTNyiU.s:2590   .text.xQueueReceive:00000000 xQueueReceive
C:\Users\Made\AppData\Local\Temp\cclTNyiU.s:2955   .text.xQueueSemaphoreTake:00000000 $t
C:\Users\Made\AppData\Local\Temp\cclTNyiU.s:2961   .text.xQueueSemaphoreTake:00000000 xQueueSemaphoreTake
C:\Users\Made\AppData\Local\Temp\cclTNyiU.s:3418   .text.xQueueTakeMutexRecursive:00000000 $t
C:\Users\Made\AppData\Local\Temp\cclTNyiU.s:3424   .text.xQueueTakeMutexRecursive:00000000 xQueueTakeMutexRecursive
C:\Users\Made\AppData\Local\Temp\cclTNyiU.s:3533   .text.xQueuePeek:00000000 $t
C:\Users\Made\AppData\Local\Temp\cclTNyiU.s:3539   .text.xQueuePeek:00000000 xQueuePeek
C:\Users\Made\AppData\Local\Temp\cclTNyiU.s:3906   .text.xQueueReceiveFromISR:00000000 $t
C:\Users\Made\AppData\Local\Temp\cclTNyiU.s:3912   .text.xQueueReceiveFromISR:00000000 xQueueReceiveFromISR
C:\Users\Made\AppData\Local\Temp\cclTNyiU.s:4128   .text.xQueuePeekFromISR:00000000 $t
C:\Users\Made\AppData\Local\Temp\cclTNyiU.s:4134   .text.xQueuePeekFromISR:00000000 xQueuePeekFromISR
C:\Users\Made\AppData\Local\Temp\cclTNyiU.s:4322   .text.uxQueueMessagesWaiting:00000000 $t
ARM GAS  C:\Users\Made\AppData\Local\Temp\cclTNyiU.s 			page 167


C:\Users\Made\AppData\Local\Temp\cclTNyiU.s:4328   .text.uxQueueMessagesWaiting:00000000 uxQueueMessagesWaiting
C:\Users\Made\AppData\Local\Temp\cclTNyiU.s:4393   .text.uxQueueSpacesAvailable:00000000 $t
C:\Users\Made\AppData\Local\Temp\cclTNyiU.s:4399   .text.uxQueueSpacesAvailable:00000000 uxQueueSpacesAvailable
C:\Users\Made\AppData\Local\Temp\cclTNyiU.s:4468   .text.uxQueueMessagesWaitingFromISR:00000000 $t
C:\Users\Made\AppData\Local\Temp\cclTNyiU.s:4474   .text.uxQueueMessagesWaitingFromISR:00000000 uxQueueMessagesWaitingFromISR
C:\Users\Made\AppData\Local\Temp\cclTNyiU.s:4523   .text.uxQueueGetQueueNumber:00000000 $t
C:\Users\Made\AppData\Local\Temp\cclTNyiU.s:4529   .text.uxQueueGetQueueNumber:00000000 uxQueueGetQueueNumber
C:\Users\Made\AppData\Local\Temp\cclTNyiU.s:4547   .text.vQueueSetQueueNumber:00000000 $t
C:\Users\Made\AppData\Local\Temp\cclTNyiU.s:4553   .text.vQueueSetQueueNumber:00000000 vQueueSetQueueNumber
C:\Users\Made\AppData\Local\Temp\cclTNyiU.s:4570   .text.ucQueueGetQueueType:00000000 $t
C:\Users\Made\AppData\Local\Temp\cclTNyiU.s:4576   .text.ucQueueGetQueueType:00000000 ucQueueGetQueueType
C:\Users\Made\AppData\Local\Temp\cclTNyiU.s:4594   .text.xQueueIsQueueEmptyFromISR:00000000 $t
C:\Users\Made\AppData\Local\Temp\cclTNyiU.s:4600   .text.xQueueIsQueueEmptyFromISR:00000000 xQueueIsQueueEmptyFromISR
C:\Users\Made\AppData\Local\Temp\cclTNyiU.s:4659   .text.xQueueIsQueueFullFromISR:00000000 $t
C:\Users\Made\AppData\Local\Temp\cclTNyiU.s:4665   .text.xQueueIsQueueFullFromISR:00000000 xQueueIsQueueFullFromISR
C:\Users\Made\AppData\Local\Temp\cclTNyiU.s:4727   .text.vQueueAddToRegistry:00000000 $t
C:\Users\Made\AppData\Local\Temp\cclTNyiU.s:4733   .text.vQueueAddToRegistry:00000000 vQueueAddToRegistry
C:\Users\Made\AppData\Local\Temp\cclTNyiU.s:4780   .text.vQueueAddToRegistry:00000024 $d
C:\Users\Made\AppData\Local\Temp\cclTNyiU.s:5073   .bss.xQueueRegistry:00000000 xQueueRegistry
C:\Users\Made\AppData\Local\Temp\cclTNyiU.s:4785   .text.pcQueueGetName:00000000 $t
C:\Users\Made\AppData\Local\Temp\cclTNyiU.s:4791   .text.pcQueueGetName:00000000 pcQueueGetName
C:\Users\Made\AppData\Local\Temp\cclTNyiU.s:4842   .text.pcQueueGetName:00000024 $d
C:\Users\Made\AppData\Local\Temp\cclTNyiU.s:4847   .text.vQueueUnregisterQueue:00000000 $t
C:\Users\Made\AppData\Local\Temp\cclTNyiU.s:4853   .text.vQueueUnregisterQueue:00000000 vQueueUnregisterQueue
C:\Users\Made\AppData\Local\Temp\cclTNyiU.s:4902   .text.vQueueUnregisterQueue:00000028 $d
C:\Users\Made\AppData\Local\Temp\cclTNyiU.s:4907   .text.vQueueDelete:00000000 $t
C:\Users\Made\AppData\Local\Temp\cclTNyiU.s:4913   .text.vQueueDelete:00000000 vQueueDelete
C:\Users\Made\AppData\Local\Temp\cclTNyiU.s:4989   .text.vQueueWaitForMessageRestricted:00000000 $t
C:\Users\Made\AppData\Local\Temp\cclTNyiU.s:4995   .text.vQueueWaitForMessageRestricted:00000000 vQueueWaitForMessageRestricted
C:\Users\Made\AppData\Local\Temp\cclTNyiU.s:5070   .bss.xQueueRegistry:00000000 $d

UNDEFINED SYMBOLS
vPortEnterCritical
vPortExitCritical
xTaskPriorityDisinherit
memcpy
xTaskRemoveFromEventList
vTaskMissedYield
vListInitialise
pvPortMalloc
xTaskGetSchedulerState
vTaskInternalSetTimeOutState
xTaskResumeAll
vTaskSuspendAll
xTaskCheckForTimeOut
vTaskPlaceOnEventList
xTaskGetCurrentTaskHandle
vPortValidateInterruptPriority
pvTaskIncrementMutexHeldCount
xTaskPriorityInherit
vTaskPriorityDisinheritAfterTimeout
vPortFree
vTaskPlaceOnEventListRestricted
