ARM GAS  C:\Users\Made\AppData\Local\Temp\ccvBg507.s 			page 1


   1              		.cpu cortex-m7
   2              		.arch armv7e-m
   3              		.fpu fpv5-d16
   4              		.eabi_attribute 28, 1
   5              		.eabi_attribute 20, 1
   6              		.eabi_attribute 21, 1
   7              		.eabi_attribute 23, 3
   8              		.eabi_attribute 24, 1
   9              		.eabi_attribute 25, 1
  10              		.eabi_attribute 26, 1
  11              		.eabi_attribute 30, 1
  12              		.eabi_attribute 34, 1
  13              		.eabi_attribute 18, 4
  14              		.file	"ssys.c"
  15              		.text
  16              	.Ltext0:
  17              		.cfi_sections	.debug_frame
  18              		.file 1 "Core/Inc/ssys/ssys.c"
  19              		.section	.text.sysInit,"ax",%progbits
  20              		.align	1
  21              		.global	sysInit
  22              		.syntax unified
  23              		.thumb
  24              		.thumb_func
  26              	sysInit:
  27              	.LVL0:
  28              	.LFB338:
   1:Core/Inc/ssys/ssys.c **** //
   2:Core/Inc/ssys/ssys.c **** // Created by Made on 19/05/2025.
   3:Core/Inc/ssys/ssys.c **** //
   4:Core/Inc/ssys/ssys.c **** 
   5:Core/Inc/ssys/ssys.c **** #include "ssys.h"
   6:Core/Inc/ssys/ssys.c **** 
   7:Core/Inc/ssys/ssys.c **** #include <main.h>
   8:Core/Inc/ssys/ssys.c **** #include <stdio.h>
   9:Core/Inc/ssys/ssys.c **** #include <stdlib.h>
  10:Core/Inc/ssys/ssys.c **** #include <string.h>
  11:Core/Inc/ssys/ssys.c **** #include <glcd/glcd.h>
  12:Core/Inc/ssys/ssys.c **** #include <stm32h7xx_hal.h>
  13:Core/Inc/ssys/ssys.c **** #include <sfs/sfs.h>
  14:Core/Inc/ssys/ssys.c **** #include <smidi/smidi.h>
  15:Core/Inc/ssys/ssys.c **** 
  16:Core/Inc/ssys/ssys.c **** #include "sser/sser.h"
  17:Core/Inc/ssys/ssys.c **** 
  18:Core/Inc/ssys/ssys.c **** sysSettings gSysSettings         = {2};
  19:Core/Inc/ssys/ssys.c **** bool        gSysIsLoaded         = false;
  20:Core/Inc/ssys/ssys.c **** u32         gSysTickCounter      = 0;
  21:Core/Inc/ssys/ssys.c **** f32         gSysDeltaTime        = 0;
  22:Core/Inc/ssys/ssys.c **** u8          gSysCurrentMenuId    = SYS_MENU_LOADING;
  23:Core/Inc/ssys/ssys.c **** u8          gSysLastMenuId       = SYS_MENU_INVALID;
  24:Core/Inc/ssys/ssys.c **** f32         gSysCurrentMenuTimer = 0;
  25:Core/Inc/ssys/ssys.c **** 
  26:Core/Inc/ssys/ssys.c **** sfsKeyProximityTable gSysProximityTable;
  27:Core/Inc/ssys/ssys.c **** 
  28:Core/Inc/ssys/ssys.c **** s16            gSysAudioFrontBuf[SYS_AUDIO_BUFFER_SAMPLE_COUNT];
  29:Core/Inc/ssys/ssys.c **** s16            gSysAudioBackBuf[SYS_AUDIO_BUFFER_SAMPLE_COUNT];
  30:Core/Inc/ssys/ssys.c **** u16 DMA_BUFFER gSysDacBuf[SYS_DAC_SAMPLE_COUNT];
ARM GAS  C:\Users\Made\AppData\Local\Temp\ccvBg507.s 			page 2


  31:Core/Inc/ssys/ssys.c **** u16 DMA_BUFFER gSysTriBuf[SYS_TRI_BUF_SIZE];
  32:Core/Inc/ssys/ssys.c **** sysTrack       gSysTrackInfo[SYS_TRACK_COUNT];
  33:Core/Inc/ssys/ssys.c **** sysTrack *     gSysTrackCurrent = gSysTrackInfo;
  34:Core/Inc/ssys/ssys.c **** s16            gSysPolyphonyData[SYS_POLYPHONY_COUNT][SYS_AUDIO_BUFFER_SAMPLE_COUNT];
  35:Core/Inc/ssys/ssys.c **** u32            gSysPolyphonyProgress[SYS_POLYPHONY_COUNT] = {};
  36:Core/Inc/ssys/ssys.c **** u8             gSysTmpBlock[BLOCK_SIZE];
  37:Core/Inc/ssys/ssys.c **** 
  38:Core/Inc/ssys/ssys.c **** u32 gSysDmaProgress     = 0;
  39:Core/Inc/ssys/ssys.c **** u32 gSysDataLoadCounter = 0;
  40:Core/Inc/ssys/ssys.c **** 
  41:Core/Inc/ssys/ssys.c **** char gSysStrError[128];
  42:Core/Inc/ssys/ssys.c **** 
  43:Core/Inc/ssys/ssys.c **** sysInputBitmap  gSysBtnKeyStates[SFS_KEYS_WORD_COUNT]     = {{0}};
  44:Core/Inc/ssys/ssys.c **** sysInputBitmap  gSysBtnMtx1State                          = {0};
  45:Core/Inc/ssys/ssys.c **** sysKeyTimestamp gSysKeyTimestamps[SFS_KEY_SEMITONE_RANGE] = {{0}};
  46:Core/Inc/ssys/ssys.c **** 
  47:Core/Inc/ssys/ssys.c **** ADC_HandleTypeDef *gSysAdc;
  48:Core/Inc/ssys/ssys.c **** 
  49:Core/Inc/ssys/ssys.c **** synthErrno sysInit(DAC_HandleTypeDef *pDac, ADC_HandleTypeDef *pAdc) {
  29              		.loc 1 49 70 view -0
  30              		.cfi_startproc
  31              		@ args = 0, pretend = 0, frame = 0
  32              		@ frame_needed = 0, uses_anonymous_args = 0
  33              		.loc 1 49 70 is_stmt 0 view .LVU1
  34 0000 70B5     		push	{r4, r5, r6, lr}
  35              	.LCFI0:
  36              		.cfi_def_cfa_offset 16
  37              		.cfi_offset 4, -16
  38              		.cfi_offset 5, -12
  39              		.cfi_offset 6, -8
  40              		.cfi_offset 14, -4
  41 0002 82B0     		sub	sp, sp, #8
  42              	.LCFI1:
  43              		.cfi_def_cfa_offset 24
  44 0004 0446     		mov	r4, r0
  45 0006 0D46     		mov	r5, r1
  50:Core/Inc/ssys/ssys.c ****     glcdSetOrigin(SYS_GUI_ORIGIN, SYS_GUI_ORIGIN);
  46              		.loc 1 50 5 is_stmt 1 view .LVU2
  47 0008 0521     		movs	r1, #5
  48              	.LVL1:
  49              		.loc 1 50 5 is_stmt 0 view .LVU3
  50 000a 0846     		mov	r0, r1
  51              	.LVL2:
  52              		.loc 1 50 5 view .LVU4
  53 000c FFF7FEFF 		bl	glcdSetOrigin
  54              	.LVL3:
  51:Core/Inc/ssys/ssys.c **** 
  52:Core/Inc/ssys/ssys.c ****     memset(gSysTrackInfo, 0, sizeof(sysTrack) * SYS_TRACK_COUNT);
  55              		.loc 1 52 5 is_stmt 1 view .LVU5
  56 0010 4FF4F062 		mov	r2, #1920
  57 0014 0021     		movs	r1, #0
  58 0016 4448     		ldr	r0, .L13+8
  59 0018 FFF7FEFF 		bl	memset
  60              	.LVL4:
  53:Core/Inc/ssys/ssys.c ****     memset(gSysDacBuf, 0, SYS_DAC_BUFFER_SIZE);
  61              		.loc 1 53 5 view .LVU6
  62 001c 4FF48062 		mov	r2, #1024
ARM GAS  C:\Users\Made\AppData\Local\Temp\ccvBg507.s 			page 3


  63 0020 0021     		movs	r1, #0
  64 0022 4248     		ldr	r0, .L13+12
  65 0024 FFF7FEFF 		bl	memset
  66              	.LVL5:
  54:Core/Inc/ssys/ssys.c ****     memset(gSysAudioBackBuf, 0, SYS_AUDIO_BUFFER_SIZE);
  67              		.loc 1 54 5 view .LVU7
  68 0028 4FF40076 		mov	r6, #512
  69 002c 3246     		mov	r2, r6
  70 002e 0021     		movs	r1, #0
  71 0030 3F48     		ldr	r0, .L13+16
  72 0032 FFF7FEFF 		bl	memset
  73              	.LVL6:
  55:Core/Inc/ssys/ssys.c ****     memset(gSysAudioFrontBuf, 0, SYS_AUDIO_BUFFER_SIZE);
  74              		.loc 1 55 5 view .LVU8
  75 0036 3246     		mov	r2, r6
  76 0038 0021     		movs	r1, #0
  77 003a 3E48     		ldr	r0, .L13+20
  78 003c FFF7FEFF 		bl	memset
  79              	.LVL7:
  56:Core/Inc/ssys/ssys.c ****     zmem(gSysTmpBlock, BLOCK_SIZE);
  80              		.loc 1 56 5 view .LVU9
  81 0040 3246     		mov	r2, r6
  82 0042 0021     		movs	r1, #0
  83 0044 3C48     		ldr	r0, .L13+24
  84 0046 FFF7FEFF 		bl	memset
  85              	.LVL8:
  57:Core/Inc/ssys/ssys.c **** 
  58:Core/Inc/ssys/ssys.c ****     for (int i = 0; i < SYS_TRACK_COUNT; i++)
  86              		.loc 1 58 5 view .LVU10
  87              	.LBB2:
  88              		.loc 1 58 10 view .LVU11
  89              		.loc 1 58 14 is_stmt 0 view .LVU12
  90 004a 0023     		movs	r3, #0
  91              		.loc 1 58 5 view .LVU13
  92 004c 08E0     		b	.L2
  93              	.LVL9:
  94              	.L3:
  59:Core/Inc/ssys/ssys.c ****     {
  60:Core/Inc/ssys/ssys.c ****         (gSysTrackInfo + i)->isActive = false;
  95              		.loc 1 60 9 is_stmt 1 view .LVU14
  96              		.loc 1 60 24 is_stmt 0 view .LVU15
  97 004e C3EB0311 		rsb	r1, r3, r3, lsl #4
  98 0052 354A     		ldr	r2, .L13+8
  99 0054 02EB0112 		add	r2, r2, r1, lsl #4
 100              		.loc 1 60 39 view .LVU16
 101 0058 0021     		movs	r1, #0
 102 005a 82F8ED10 		strb	r1, [r2, #237]
  58:Core/Inc/ssys/ssys.c ****     {
 103              		.loc 1 58 43 is_stmt 1 discriminator 3 view .LVU17
 104 005e 0133     		adds	r3, r3, #1
 105              	.LVL10:
 106              	.L2:
  58:Core/Inc/ssys/ssys.c ****     {
 107              		.loc 1 58 23 discriminator 1 view .LVU18
 108 0060 072B     		cmp	r3, #7
 109 0062 F4DD     		ble	.L3
 110              	.LBE2:
ARM GAS  C:\Users\Made\AppData\Local\Temp\ccvBg507.s 			page 4


  61:Core/Inc/ssys/ssys.c ****     }
  62:Core/Inc/ssys/ssys.c **** 
  63:Core/Inc/ssys/ssys.c ****     auto ret = HAL_DAC_Start_DMA(pDac, DAC_CHANNEL_1, (u32 *) gSysDacBuf, SYS_DAC_SAMPLE_COUNT, DAC
 111              		.loc 1 63 5 view .LVU19
 112              		.loc 1 63 16 is_stmt 0 view .LVU20
 113 0064 0021     		movs	r1, #0
 114 0066 0091     		str	r1, [sp]
 115 0068 4FF40073 		mov	r3, #512
 116              	.LVL11:
 117              		.loc 1 63 16 view .LVU21
 118 006c 2F4A     		ldr	r2, .L13+12
 119 006e 2046     		mov	r0, r4
 120 0070 FFF7FEFF 		bl	HAL_DAC_Start_DMA
 121              	.LVL12:
  64:Core/Inc/ssys/ssys.c ****     if (ret != HAL_OK)
 122              		.loc 1 64 5 is_stmt 1 view .LVU22
 123              		.loc 1 64 8 is_stmt 0 view .LVU23
 124 0074 0028     		cmp	r0, #0
 125 0076 48D1     		bne	.L9
 126              	.LBB3:
  65:Core/Inc/ssys/ssys.c ****     {
  66:Core/Inc/ssys/ssys.c ****         return SERR_GENERIC_ERROR;
  67:Core/Inc/ssys/ssys.c ****     }
  68:Core/Inc/ssys/ssys.c **** 
  69:Core/Inc/ssys/ssys.c ****     for (int i = 0; i < SYS_TRI_BUF_HALF_SIZE; i++)
 127              		.loc 1 69 14 view .LVU24
 128 0078 0023     		movs	r3, #0
 129 007a 13E0     		b	.L5
 130              	.LVL13:
 131              	.L6:
  70:Core/Inc/ssys/ssys.c ****     {
  71:Core/Inc/ssys/ssys.c ****         gSysTriBuf[i] = (f64) i / SYS_TRI_BUF_HALF_SIZE * 0xFFF;
 132              		.loc 1 71 9 is_stmt 1 view .LVU25
 133              		.loc 1 71 25 is_stmt 0 view .LVU26
 134 007c 07EE903A 		vmov	s15, r3	@ int
 135 0080 B8EEE75B 		vcvt.f64.s32	d5, s15
 136              		.loc 1 71 33 view .LVU27
 137 0084 B2EE086B 		vmov.f64	d6, #1.2e+1
 138 0088 85EE067B 		vdiv.f64	d7, d5, d6
 139              		.loc 1 71 57 view .LVU28
 140 008c 9FED246B 		vldr.64	d6, .L13
 141 0090 27EE067B 		vmul.f64	d7, d7, d6
 142              		.loc 1 71 23 view .LVU29
 143 0094 BCEEC77B 		vcvt.u32.f64	s14, d7
 144 0098 284A     		ldr	r2, .L13+28
 145 009a 17EE101A 		vmov	r1, s14	@ int
 146 009e 22F81310 		strh	r1, [r2, r3, lsl #1]	@ movhi
  69:Core/Inc/ssys/ssys.c ****     {
 147              		.loc 1 69 49 is_stmt 1 discriminator 3 view .LVU30
 148 00a2 0133     		adds	r3, r3, #1
 149              	.LVL14:
 150              	.L5:
  69:Core/Inc/ssys/ssys.c ****     {
 151              		.loc 1 69 23 discriminator 1 view .LVU31
 152 00a4 0B2B     		cmp	r3, #11
 153 00a6 E9DD     		ble	.L6
 154              	.LBE3:
ARM GAS  C:\Users\Made\AppData\Local\Temp\ccvBg507.s 			page 5


  72:Core/Inc/ssys/ssys.c ****     }
  73:Core/Inc/ssys/ssys.c ****     gSysTriBuf[SYS_TRI_BUF_HALF_SIZE] = 0xFFF;
 155              		.loc 1 73 5 view .LVU32
 156              		.loc 1 73 39 is_stmt 0 view .LVU33
 157 00a8 244B     		ldr	r3, .L13+28
 158              	.LVL15:
 159              		.loc 1 73 39 view .LVU34
 160 00aa 40F6FF72 		movw	r2, #4095
 161 00ae 1A83     		strh	r2, [r3, #24]	@ movhi
  74:Core/Inc/ssys/ssys.c ****     for (int i = 0; i < SYS_TRI_BUF_HALF_SIZE; i++)
 162              		.loc 1 74 5 is_stmt 1 view .LVU35
 163              	.LBB4:
 164              		.loc 1 74 10 view .LVU36
 165              	.LVL16:
 166              		.loc 1 74 14 is_stmt 0 view .LVU37
 167 00b0 0023     		movs	r3, #0
 168              		.loc 1 74 5 view .LVU38
 169 00b2 17E0     		b	.L7
 170              	.LVL17:
 171              	.L8:
  75:Core/Inc/ssys/ssys.c ****     {
  76:Core/Inc/ssys/ssys.c ****         gSysTriBuf[SYS_TRI_BUF_HALF_SIZE + i] = (f64) (SYS_TRI_BUF_HALF_SIZE - i) / SYS_TRI_BUF_HAL
 172              		.loc 1 76 9 is_stmt 1 view .LVU39
 173              		.loc 1 76 78 is_stmt 0 view .LVU40
 174 00b4 C3F10C02 		rsb	r2, r3, #12
 175 00b8 06EE102A 		vmov	s12, r2	@ int
 176              		.loc 1 76 49 view .LVU41
 177 00bc B8EEC66B 		vcvt.f64.s32	d6, s12
 178              		.loc 1 76 83 view .LVU42
 179 00c0 B2EE085B 		vmov.f64	d5, #1.2e+1
 180 00c4 86EE057B 		vdiv.f64	d7, d6, d5
 181              		.loc 1 76 107 view .LVU43
 182 00c8 9FED156B 		vldr.64	d6, .L13
 183 00cc 27EE067B 		vmul.f64	d7, d7, d6
 184              		.loc 1 76 42 view .LVU44
 185 00d0 03F10C01 		add	r1, r3, #12
 186              		.loc 1 76 47 view .LVU45
 187 00d4 BCEEC77B 		vcvt.u32.f64	s14, d7
 188 00d8 184A     		ldr	r2, .L13+28
 189 00da 17EE100A 		vmov	r0, s14	@ int
 190 00de 22F81100 		strh	r0, [r2, r1, lsl #1]	@ movhi
  74:Core/Inc/ssys/ssys.c ****     for (int i = 0; i < SYS_TRI_BUF_HALF_SIZE; i++)
 191              		.loc 1 74 49 is_stmt 1 discriminator 3 view .LVU46
 192 00e2 0133     		adds	r3, r3, #1
 193              	.LVL18:
 194              	.L7:
  74:Core/Inc/ssys/ssys.c ****     for (int i = 0; i < SYS_TRI_BUF_HALF_SIZE; i++)
 195              		.loc 1 74 23 discriminator 1 view .LVU47
 196 00e4 0B2B     		cmp	r3, #11
 197 00e6 E5DD     		ble	.L8
 198              	.LBE4:
  77:Core/Inc/ssys/ssys.c ****     }
  78:Core/Inc/ssys/ssys.c **** 
  79:Core/Inc/ssys/ssys.c ****     ret = HAL_DAC_Start_DMA(pDac, DAC_CHANNEL_2, (u32 *) gSysTriBuf, SYS_TRI_BUF_SIZE, DAC_ALIGN_12
 199              		.loc 1 79 5 view .LVU48
 200              		.loc 1 79 11 is_stmt 0 view .LVU49
 201 00e8 0023     		movs	r3, #0
ARM GAS  C:\Users\Made\AppData\Local\Temp\ccvBg507.s 			page 6


 202              	.LVL19:
 203              		.loc 1 79 11 view .LVU50
 204 00ea 0093     		str	r3, [sp]
 205 00ec 1923     		movs	r3, #25
 206 00ee 134A     		ldr	r2, .L13+28
 207 00f0 1021     		movs	r1, #16
 208 00f2 2046     		mov	r0, r4
 209 00f4 FFF7FEFF 		bl	HAL_DAC_Start_DMA
 210              	.LVL20:
  80:Core/Inc/ssys/ssys.c ****     if (ret != HAL_OK)
 211              		.loc 1 80 5 is_stmt 1 view .LVU51
 212              		.loc 1 80 8 is_stmt 0 view .LVU52
 213 00f8 50B9     		cbnz	r0, .L10
  81:Core/Inc/ssys/ssys.c ****     {
  82:Core/Inc/ssys/ssys.c ****         return SERR_GENERIC_ERROR;
  83:Core/Inc/ssys/ssys.c ****     }
  84:Core/Inc/ssys/ssys.c **** 
  85:Core/Inc/ssys/ssys.c ****     gSysAdc = pAdc;
 214              		.loc 1 85 5 is_stmt 1 view .LVU53
 215              		.loc 1 85 13 is_stmt 0 view .LVU54
 216 00fa 114B     		ldr	r3, .L13+32
 217 00fc 1D60     		str	r5, [r3]
  86:Core/Inc/ssys/ssys.c ****     ret     = HAL_ADC_Start(pAdc);
 218              		.loc 1 86 5 is_stmt 1 view .LVU55
 219              		.loc 1 86 15 is_stmt 0 view .LVU56
 220 00fe 2846     		mov	r0, r5
 221              	.LVL21:
 222              		.loc 1 86 15 view .LVU57
 223 0100 FFF7FEFF 		bl	HAL_ADC_Start
 224              	.LVL22:
  87:Core/Inc/ssys/ssys.c ****     if (ret != HAL_OK)
 225              		.loc 1 87 5 is_stmt 1 view .LVU58
 226              		.loc 1 87 8 is_stmt 0 view .LVU59
 227 0104 38B9     		cbnz	r0, .L11
 228              	.LVL23:
 229              	.L4:
  88:Core/Inc/ssys/ssys.c ****     {
  89:Core/Inc/ssys/ssys.c ****         return SERR_GENERIC_ERROR;
  90:Core/Inc/ssys/ssys.c ****     }
  91:Core/Inc/ssys/ssys.c **** 
  92:Core/Inc/ssys/ssys.c ****     return SERR_OK;
  93:Core/Inc/ssys/ssys.c **** }
 230              		.loc 1 93 1 view .LVU60
 231 0106 02B0     		add	sp, sp, #8
 232              	.LCFI2:
 233              		.cfi_remember_state
 234              		.cfi_def_cfa_offset 16
 235              		@ sp needed
 236 0108 70BD     		pop	{r4, r5, r6, pc}
 237              	.LVL24:
 238              	.L9:
 239              	.LCFI3:
 240              		.cfi_restore_state
  66:Core/Inc/ssys/ssys.c ****     }
 241              		.loc 1 66 16 view .LVU61
 242 010a 4FF4C870 		mov	r0, #400
 243              	.LVL25:
ARM GAS  C:\Users\Made\AppData\Local\Temp\ccvBg507.s 			page 7


  66:Core/Inc/ssys/ssys.c ****     }
 244              		.loc 1 66 16 view .LVU62
 245 010e FAE7     		b	.L4
 246              	.LVL26:
 247              	.L10:
  82:Core/Inc/ssys/ssys.c ****     }
 248              		.loc 1 82 16 view .LVU63
 249 0110 4FF4C870 		mov	r0, #400
 250              	.LVL27:
  82:Core/Inc/ssys/ssys.c ****     }
 251              		.loc 1 82 16 view .LVU64
 252 0114 F7E7     		b	.L4
 253              	.LVL28:
 254              	.L11:
  89:Core/Inc/ssys/ssys.c ****     }
 255              		.loc 1 89 16 view .LVU65
 256 0116 4FF4C870 		mov	r0, #400
 257              	.LVL29:
  89:Core/Inc/ssys/ssys.c ****     }
 258              		.loc 1 89 16 view .LVU66
 259 011a F4E7     		b	.L4
 260              	.L14:
 261 011c AFF30080 		.align	3
 262              	.L13:
 263 0120 00000000 		.word	0
 264 0124 00FEAF40 		.word	1085275648
 265 0128 00000000 		.word	gSysTrackInfo
 266 012c 00000000 		.word	gSysDacBuf
 267 0130 00000000 		.word	gSysAudioBackBuf
 268 0134 00000000 		.word	gSysAudioFrontBuf
 269 0138 00000000 		.word	gSysTmpBlock
 270 013c 00000000 		.word	gSysTriBuf
 271 0140 00000000 		.word	gSysAdc
 272              		.cfi_endproc
 273              	.LFE338:
 275              		.section	.text.sysReadInputs,"ax",%progbits
 276              		.align	1
 277              		.global	sysReadInputs
 278              		.syntax unified
 279              		.thumb
 280              		.thumb_func
 282              	sysReadInputs:
 283              	.LFB339:
  94:Core/Inc/ssys/ssys.c **** 
  95:Core/Inc/ssys/ssys.c **** void sysReadInputs() {
 284              		.loc 1 95 22 is_stmt 1 view -0
 285              		.cfi_startproc
 286              		@ args = 0, pretend = 0, frame = 0
 287              		@ frame_needed = 0, uses_anonymous_args = 0
 288              		@ link register save eliminated.
  96:Core/Inc/ssys/ssys.c ****     // gSysBtnMtx1State.lastState = gSysBtnMtx1State.currentState;
  97:Core/Inc/ssys/ssys.c ****     // // button matrix 1
  98:Core/Inc/ssys/ssys.c ****     // for (int row = 0; row < BTNMTX1_Size; ++row)
  99:Core/Inc/ssys/ssys.c ****     // {
 100:Core/Inc/ssys/ssys.c ****     //     gpioSet(gBtnMtx1RowPins + row, true);
 101:Core/Inc/ssys/ssys.c ****     //
 102:Core/Inc/ssys/ssys.c ****     //     for (int col = 0; col < BTNMTX1_Size; ++col)
ARM GAS  C:\Users\Made\AppData\Local\Temp\ccvBg507.s 			page 8


 103:Core/Inc/ssys/ssys.c ****     //     {
 104:Core/Inc/ssys/ssys.c ****     //         auto pos                      = row * BTNMTX1_Size + col;
 105:Core/Inc/ssys/ssys.c ****     //         bool set                      = gpioGet(gBtnMtx1ColPins + col);
 106:Core/Inc/ssys/ssys.c ****     //         gSysBtnMtx1State.currentState = (gSysBtnMtx1State.currentState & ~(1 << pos)) | (set
 107:Core/Inc/ssys/ssys.c ****     //     }
 108:Core/Inc/ssys/ssys.c ****     //
 109:Core/Inc/ssys/ssys.c ****     //     gpioSet(gBtnMtx1RowPins + row, false);
 110:Core/Inc/ssys/ssys.c ****     // }
 111:Core/Inc/ssys/ssys.c **** }
 289              		.loc 1 111 1 view .LVU68
 290 0000 7047     		bx	lr
 291              		.cfi_endproc
 292              	.LFE339:
 294              		.section	.text.sysSynthesizeAudio,"ax",%progbits
 295              		.align	1
 296              		.global	sysSynthesizeAudio
 297              		.syntax unified
 298              		.thumb
 299              		.thumb_func
 301              	sysSynthesizeAudio:
 302              	.LFB340:
 112:Core/Inc/ssys/ssys.c **** 
 113:Core/Inc/ssys/ssys.c **** void sysSynthesizeAudio() {
 303              		.loc 1 113 27 view -0
 304              		.cfi_startproc
 305              		@ args = 0, pretend = 0, frame = 0
 306              		@ frame_needed = 0, uses_anonymous_args = 0
 307 0000 2DE9F84F 		push	{r3, r4, r5, r6, r7, r8, r9, r10, fp, lr}
 308              	.LCFI4:
 309              		.cfi_def_cfa_offset 40
 310              		.cfi_offset 3, -40
 311              		.cfi_offset 4, -36
 312              		.cfi_offset 5, -32
 313              		.cfi_offset 6, -28
 314              		.cfi_offset 7, -24
 315              		.cfi_offset 8, -20
 316              		.cfi_offset 9, -16
 317              		.cfi_offset 10, -12
 318              		.cfi_offset 11, -8
 319              		.cfi_offset 14, -4
 114:Core/Inc/ssys/ssys.c ****     s32 polyphonyCounter = 0;
 320              		.loc 1 114 5 view .LVU70
 321              	.LVL30:
 115:Core/Inc/ssys/ssys.c ****     for (int i = 0; i < SYS_TRACK_COUNT; ++i)
 322              		.loc 1 115 5 view .LVU71
 323              	.LBB5:
 324              		.loc 1 115 10 view .LVU72
 325              		.loc 1 115 14 is_stmt 0 view .LVU73
 326 0004 4FF00008 		mov	r8, #0
 327              	.LBE5:
 114:Core/Inc/ssys/ssys.c ****     s32 polyphonyCounter = 0;
 328              		.loc 1 114 9 view .LVU74
 329 0008 4446     		mov	r4, r8
 330              	.LBB21:
 331              		.loc 1 115 5 view .LVU75
 332 000a 8FE0     		b	.L17
 333              	.LVL31:
ARM GAS  C:\Users\Made\AppData\Local\Temp\ccvBg507.s 			page 9


 334              	.L23:
 335              	.LBB6:
 336              	.LBB7:
 337              	.LBB8:
 338              	.LBB9:
 339              	.LBB10:
 116:Core/Inc/ssys/ssys.c ****     {
 117:Core/Inc/ssys/ssys.c ****         sysTrack *track = gSysTrackInfo + i;
 118:Core/Inc/ssys/ssys.c ****         if (!track->isLoaded)
 119:Core/Inc/ssys/ssys.c ****         {
 120:Core/Inc/ssys/ssys.c ****             continue;
 121:Core/Inc/ssys/ssys.c ****         }
 122:Core/Inc/ssys/ssys.c **** 
 123:Core/Inc/ssys/ssys.c ****         sysSingleInstrumentRuntime *runtimeInstrument = &track->instrument;
 124:Core/Inc/ssys/ssys.c ****         sfsSingleInstrument *       base              = &runtimeInstrument->base;
 125:Core/Inc/ssys/ssys.c ****         UNUSED(base);
 126:Core/Inc/ssys/ssys.c **** 
 127:Core/Inc/ssys/ssys.c ****         if (runtimeInstrument->instrumentId == SFS_INVALID_INSTRUMENT_ID)
 128:Core/Inc/ssys/ssys.c ****         {
 129:Core/Inc/ssys/ssys.c ****             continue;
 130:Core/Inc/ssys/ssys.c ****         }
 131:Core/Inc/ssys/ssys.c **** 
 132:Core/Inc/ssys/ssys.c ****         sfsReadBlocks((u8 *) &gSysProximityTable, gSfsHeader->proximityTableBlockStart + SFS_PROXIM
 133:Core/Inc/ssys/ssys.c **** 
 134:Core/Inc/ssys/ssys.c ****         for (int key = 0; key < SFS_KEY_COUNT; ++key)
 135:Core/Inc/ssys/ssys.c ****         {
 136:Core/Inc/ssys/ssys.c ****             sysKeyData *keyData = track->keys + key;
 137:Core/Inc/ssys/ssys.c **** 
 138:Core/Inc/ssys/ssys.c ****             switch (keyData->state)
 139:Core/Inc/ssys/ssys.c ****             {
 140:Core/Inc/ssys/ssys.c ****                 case SYS_BTNSTATE_NULL:
 141:Core/Inc/ssys/ssys.c ****                     break;
 142:Core/Inc/ssys/ssys.c **** 
 143:Core/Inc/ssys/ssys.c ****                 case SYS_BTNSTATE_DOWN:
 144:Core/Inc/ssys/ssys.c ****                 case SYS_BTNSTATE_HELD: {
 145:Core/Inc/ssys/ssys.c ****                     sfsKeyProximityTableEntryVelocity *best = NULL;
 146:Core/Inc/ssys/ssys.c **** 
 147:Core/Inc/ssys/ssys.c ****                     sfsKeyProximityTableEntryVelocity *first  = (gSysProximityTable.masterEntries +
 148:Core/Inc/ssys/ssys.c ****                     sfsKeyProximityTableEntryVelocity *second = first + 1;
 149:Core/Inc/ssys/ssys.c ****                     if (second->velocity == 0)
 150:Core/Inc/ssys/ssys.c ****                     {
 151:Core/Inc/ssys/ssys.c ****                         best = first;
 152:Core/Inc/ssys/ssys.c ****                     }
 153:Core/Inc/ssys/ssys.c ****                     else
 154:Core/Inc/ssys/ssys.c ****                     {
 155:Core/Inc/ssys/ssys.c ****                         for (sfsKeyProximityTableEntryVelocity *entry = second; entry->velocity != 
 340              		.loc 1 155 97 is_stmt 1 discriminator 1 view .LVU76
 341              		.loc 1 155 86 is_stmt 0 discriminator 1 view .LVU77
 342 000c 0B78     		ldrb	r3, [r1]	@ zero_extendqisi2
 343              		.loc 1 155 97 discriminator 1 view .LVU78
 344 000e 8BB1     		cbz	r3, .L43
 345              	.LBB11:
 156:Core/Inc/ssys/ssys.c ****                         {
 157:Core/Inc/ssys/ssys.c ****                             sfsKeyProximityTableEntryVelocity *lastEntry = entry - 1;
 346              		.loc 1 157 29 is_stmt 1 view .LVU79
 347              		.loc 1 157 64 is_stmt 0 view .LVU80
 348 0010 A1F10409 		sub	r9, r1, #4
ARM GAS  C:\Users\Made\AppData\Local\Temp\ccvBg507.s 			page 10


 349              	.LVL32:
 158:Core/Inc/ssys/ssys.c **** 
 159:Core/Inc/ssys/ssys.c ****                             int delta     = abs((int) keyData->velocity - entry->velocity);
 350              		.loc 1 159 29 is_stmt 1 view .LVU81
 351              		.loc 1 159 62 is_stmt 0 view .LVU82
 352 0014 9AF80120 		ldrb	r2, [r10, #1]	@ zero_extendqisi2
 353              		.loc 1 159 73 view .LVU83
 354 0018 D31A     		subs	r3, r2, r3
 355              		.loc 1 159 33 view .LVU84
 356 001a 002B     		cmp	r3, #0
 357 001c B8BF     		it	lt
 358 001e 5B42     		rsblt	r3, r3, #0
 359              	.LVL33:
 160:Core/Inc/ssys/ssys.c ****                             int lastDelta = abs((int) keyData->velocity - lastEntry->velocity);
 360              		.loc 1 160 29 is_stmt 1 view .LVU85
 361              		.loc 1 160 84 is_stmt 0 view .LVU86
 362 0020 11F8040C 		ldrb	r0, [r1, #-4]	@ zero_extendqisi2
 363              		.loc 1 160 73 view .LVU87
 364 0024 121A     		subs	r2, r2, r0
 365              		.loc 1 160 33 view .LVU88
 366 0026 002A     		cmp	r2, #0
 367 0028 B8BF     		it	lt
 368 002a 5242     		rsblt	r2, r2, #0
 369              	.LVL34:
 161:Core/Inc/ssys/ssys.c **** 
 162:Core/Inc/ssys/ssys.c ****                             if (delta > lastDelta)
 370              		.loc 1 162 29 is_stmt 1 view .LVU89
 371              		.loc 1 162 32 is_stmt 0 view .LVU90
 372 002c 9342     		cmp	r3, r2
 373 002e 03DC     		bgt	.L24
 374              		.loc 1 162 32 view .LVU91
 375              	.LBE11:
 155:Core/Inc/ssys/ssys.c ****                         {
 376              		.loc 1 155 127 is_stmt 1 discriminator 2 view .LVU92
 377 0030 0431     		adds	r1, r1, #4
 378              	.LVL35:
 155:Core/Inc/ssys/ssys.c ****                         {
 379              		.loc 1 155 127 is_stmt 0 discriminator 2 view .LVU93
 380 0032 EBE7     		b	.L23
 381              	.LVL36:
 382              	.L43:
 155:Core/Inc/ssys/ssys.c ****                         {
 383              		.loc 1 155 127 discriminator 2 view .LVU94
 384              	.LBE10:
 145:Core/Inc/ssys/ssys.c **** 
 385              		.loc 1 145 56 view .LVU95
 386 0034 4FF00009 		mov	r9, #0
 387              	.L24:
 388              	.LVL37:
 163:Core/Inc/ssys/ssys.c ****                             {
 164:Core/Inc/ssys/ssys.c ****                                 best = lastEntry;
 165:Core/Inc/ssys/ssys.c ****                                 break;
 166:Core/Inc/ssys/ssys.c ****                             }
 167:Core/Inc/ssys/ssys.c ****                         }
 168:Core/Inc/ssys/ssys.c ****                     }
 169:Core/Inc/ssys/ssys.c **** 
 170:Core/Inc/ssys/ssys.c ****                     if (best == NULL)
ARM GAS  C:\Users\Made\AppData\Local\Temp\ccvBg507.s 			page 11


 389              		.loc 1 170 21 is_stmt 1 view .LVU96
 390              		.loc 1 170 24 is_stmt 0 view .LVU97
 391 0038 B9F1000F 		cmp	r9, #0
 392 003c 36D1     		bne	.L22
 393 003e 20E0     		b	.L21
 394              	.LVL38:
 395              	.L44:
 171:Core/Inc/ssys/ssys.c ****                     {
 172:Core/Inc/ssys/ssys.c ****                         continue;
 173:Core/Inc/ssys/ssys.c ****                     }
 174:Core/Inc/ssys/ssys.c **** 
 175:Core/Inc/ssys/ssys.c ****                     if (polyphonyCounter >= SYS_POLYPHONY_COUNT)
 176:Core/Inc/ssys/ssys.c ****                     {
 177:Core/Inc/ssys/ssys.c ****                         goto loopEnd;
 178:Core/Inc/ssys/ssys.c ****                     }
 179:Core/Inc/ssys/ssys.c **** 
 180:Core/Inc/ssys/ssys.c ****                     u32 sampleIdx = gSysProximityTable.sampleIdxOrigin + best->sampleIdx;
 181:Core/Inc/ssys/ssys.c ****                     u32 block     = (sampleIdx * sizeof(sfsInstrumentSample)) / BLOCK_SIZE;
 182:Core/Inc/ssys/ssys.c ****                     sfsReadBlocks(gSysTmpBlock, gSfsHeader->sampleInfoBlockStart + block, 1);
 183:Core/Inc/ssys/ssys.c ****                     sfsInstrumentSample *sample = ((sfsInstrumentSample *) gSysTmpBlock) + (sampleI
 184:Core/Inc/ssys/ssys.c **** 
 185:Core/Inc/ssys/ssys.c ****                     UNUSED(sampleIdx);
 186:Core/Inc/ssys/ssys.c ****                     UNUSED(best);
 187:Core/Inc/ssys/ssys.c **** 
 188:Core/Inc/ssys/ssys.c ****                     u32 current = gSysPolyphonyProgress[polyphonyCounter];
 189:Core/Inc/ssys/ssys.c **** 
 190:Core/Inc/ssys/ssys.c ****                     if (current >= sample->pcmDataLengthBlocks)
 191:Core/Inc/ssys/ssys.c ****                     {
 192:Core/Inc/ssys/ssys.c ****                         memset(gSysPolyphonyData + polyphonyCounter, 0, SYS_AUDIO_BUFFER_SIZE);
 396              		.loc 1 192 25 is_stmt 1 view .LVU98
 397 0040 4FF40072 		mov	r2, #512
 398 0044 0021     		movs	r1, #0
 399              	.LVL39:
 400              		.loc 1 192 25 is_stmt 0 view .LVU99
 401 0046 5F48     		ldr	r0, .L47
 402 0048 00EB4420 		add	r0, r0, r4, lsl #9
 403 004c FFF7FEFF 		bl	memset
 404              	.LVL40:
 193:Core/Inc/ssys/ssys.c ****                         goto switchEnd;
 405              		.loc 1 193 25 is_stmt 1 view .LVU100
 406 0050 17E0     		b	.L21
 407              	.LVL41:
 408              	.L30:
 409              	.LBB12:
 410              	.LBB13:
 194:Core/Inc/ssys/ssys.c ****                     }
 195:Core/Inc/ssys/ssys.c **** 
 196:Core/Inc/ssys/ssys.c ****                     sfsReadBlocks((u8 *) (gSysPolyphonyData + polyphonyCounter), sample->pcmDataBlo
 197:Core/Inc/ssys/ssys.c **** 
 198:Core/Inc/ssys/ssys.c ****                     if (keyData->velocity != best->velocity)
 199:Core/Inc/ssys/ssys.c ****                     {
 200:Core/Inc/ssys/ssys.c ****                         float velocityFix = 1 + (((int) keyData->velocity - best->velocity) / 255.0
 201:Core/Inc/ssys/ssys.c **** 
 202:Core/Inc/ssys/ssys.c ****                         int j = 0;
 203:Core/Inc/ssys/ssys.c ****                         for (s16 *s = (s16 *) (gSysPolyphonyData + polyphonyCounter); j < SYS_AUDIO
 204:Core/Inc/ssys/ssys.c ****                         {
 205:Core/Inc/ssys/ssys.c ****                             *s = (s16) (*s * velocityFix);
ARM GAS  C:\Users\Made\AppData\Local\Temp\ccvBg507.s 			page 12


 411              		.loc 1 205 29 view .LVU101
 412              		.loc 1 205 41 is_stmt 0 view .LVU102
 413 0052 B5F90020 		ldrsh	r2, [r5]
 414 0056 07EE902A 		vmov	s15, r2	@ int
 415              		.loc 1 205 44 view .LVU103
 416 005a F8EEE77A 		vcvt.f32.s32	s15, s15
 417 005e 67EE877A 		vmul.f32	s15, s15, s14
 418              		.loc 1 205 34 view .LVU104
 419 0062 FDEEE77A 		vcvt.s32.f32	s15, s15
 420              		.loc 1 205 32 view .LVU105
 421 0066 17EE902A 		vmov	r2, s15	@ int
 422 006a 25F8022B 		strh	r2, [r5], #2	@ movhi
 423              	.LVL42:
 203:Core/Inc/ssys/ssys.c ****                         {
 424              		.loc 1 203 125 is_stmt 1 discriminator 3 view .LVU106
 203:Core/Inc/ssys/ssys.c ****                         {
 425              		.loc 1 203 122 is_stmt 0 discriminator 3 view .LVU107
 426 006e 0133     		adds	r3, r3, #1
 427              	.LVL43:
 428              	.L29:
 203:Core/Inc/ssys/ssys.c ****                         {
 429              		.loc 1 203 89 is_stmt 1 discriminator 1 view .LVU108
 430 0070 FF2B     		cmp	r3, #255
 431 0072 EEDD     		ble	.L30
 432              	.LVL44:
 433              	.L28:
 203:Core/Inc/ssys/ssys.c ****                         {
 434              		.loc 1 203 89 is_stmt 0 discriminator 1 view .LVU109
 435              	.LBE13:
 436              	.LBE12:
 206:Core/Inc/ssys/ssys.c ****                         }
 207:Core/Inc/ssys/ssys.c ****                     }
 208:Core/Inc/ssys/ssys.c **** 
 209:Core/Inc/ssys/ssys.c ****                     gSysPolyphonyProgress[polyphonyCounter]++;
 437              		.loc 1 209 21 is_stmt 1 view .LVU110
 438              		.loc 1 209 42 is_stmt 0 view .LVU111
 439 0074 544A     		ldr	r2, .L47+4
 440 0076 52F82430 		ldr	r3, [r2, r4, lsl #2]
 441              		.loc 1 209 60 view .LVU112
 442 007a 0133     		adds	r3, r3, #1
 443 007c 42F82430 		str	r3, [r2, r4, lsl #2]
 210:Core/Inc/ssys/ssys.c ****                     polyphonyCounter++;
 444              		.loc 1 210 21 is_stmt 1 view .LVU113
 445              		.loc 1 210 37 is_stmt 0 view .LVU114
 446 0080 0134     		adds	r4, r4, #1
 447              	.LVL45:
 211:Core/Inc/ssys/ssys.c **** 
 212:Core/Inc/ssys/ssys.c ****                     break;
 448              		.loc 1 212 21 is_stmt 1 view .LVU115
 449              	.L21:
 450              		.loc 1 212 21 is_stmt 0 view .LVU116
 451              	.LBE9:
 452              	.LBE8:
 134:Core/Inc/ssys/ssys.c ****         {
 453              		.loc 1 134 48 is_stmt 1 discriminator 2 view .LVU117
 454 0082 0136     		adds	r6, r6, #1
 455              	.LVL46:
ARM GAS  C:\Users\Made\AppData\Local\Temp\ccvBg507.s 			page 13


 456              	.L19:
 134:Core/Inc/ssys/ssys.c ****         {
 457              		.loc 1 134 31 discriminator 1 view .LVU118
 458 0084 3C2E     		cmp	r6, #60
 459 0086 4FDC     		bgt	.L18
 460              	.LBB18:
 136:Core/Inc/ssys/ssys.c **** 
 461              		.loc 1 136 13 view .LVU119
 136:Core/Inc/ssys/ssys.c **** 
 462              		.loc 1 136 47 is_stmt 0 view .LVU120
 463 0088 3246     		mov	r2, r6
 136:Core/Inc/ssys/ssys.c **** 
 464              		.loc 1 136 25 view .LVU121
 465 008a 07EB460A 		add	r10, r7, r6, lsl #1
 466              	.LVL47:
 138:Core/Inc/ssys/ssys.c ****             {
 467              		.loc 1 138 13 is_stmt 1 view .LVU122
 138:Core/Inc/ssys/ssys.c ****             {
 468              		.loc 1 138 28 is_stmt 0 view .LVU123
 469 008e 17F81630 		ldrb	r3, [r7, r6, lsl #1]	@ zero_extendqisi2
 138:Core/Inc/ssys/ssys.c ****             {
 470              		.loc 1 138 13 view .LVU124
 471 0092 012B     		cmp	r3, #1
 472 0094 01D0     		beq	.L20
 138:Core/Inc/ssys/ssys.c ****             {
 473              		.loc 1 138 13 view .LVU125
 474 0096 032B     		cmp	r3, #3
 475 0098 F3D1     		bne	.L21
 476              	.L20:
 477              	.LBB17:
 145:Core/Inc/ssys/ssys.c **** 
 478              		.loc 1 145 21 is_stmt 1 view .LVU126
 479              	.LVL48:
 147:Core/Inc/ssys/ssys.c ****                     sfsKeyProximityTableEntryVelocity *second = first + 1;
 480              		.loc 1 147 21 view .LVU127
 147:Core/Inc/ssys/ssys.c ****                     sfsKeyProximityTableEntryVelocity *second = first + 1;
 481              		.loc 1 147 99 is_stmt 0 view .LVU128
 482 009a 4C4B     		ldr	r3, .L47+8
 483 009c 03EB4219 		add	r9, r3, r2, lsl #5
 484              	.LVL49:
 148:Core/Inc/ssys/ssys.c ****                     if (second->velocity == 0)
 485              		.loc 1 148 21 is_stmt 1 view .LVU129
 148:Core/Inc/ssys/ssys.c ****                     if (second->velocity == 0)
 486              		.loc 1 148 56 is_stmt 0 view .LVU130
 487 00a0 09F10401 		add	r1, r9, #4
 488              	.LVL50:
 149:Core/Inc/ssys/ssys.c ****                     {
 489              		.loc 1 149 21 is_stmt 1 view .LVU131
 149:Core/Inc/ssys/ssys.c ****                     {
 490              		.loc 1 149 31 is_stmt 0 view .LVU132
 491 00a4 99F80430 		ldrb	r3, [r9, #4]	@ zero_extendqisi2
 149:Core/Inc/ssys/ssys.c ****                     {
 492              		.loc 1 149 24 view .LVU133
 493 00a8 002B     		cmp	r3, #0
 494 00aa AFD1     		bne	.L23
 495              	.LVL51:
 496              	.L22:
ARM GAS  C:\Users\Made\AppData\Local\Temp\ccvBg507.s 			page 14


 175:Core/Inc/ssys/ssys.c ****                     {
 497              		.loc 1 175 21 is_stmt 1 view .LVU134
 175:Core/Inc/ssys/ssys.c ****                     {
 498              		.loc 1 175 24 is_stmt 0 view .LVU135
 499 00ac B4F5007F 		cmp	r4, #512
 500 00b0 58DA     		bge	.L26
 180:Core/Inc/ssys/ssys.c ****                     u32 block     = (sampleIdx * sizeof(sfsInstrumentSample)) / BLOCK_SIZE;
 501              		.loc 1 180 21 is_stmt 1 view .LVU136
 180:Core/Inc/ssys/ssys.c ****                     u32 block     = (sampleIdx * sizeof(sfsInstrumentSample)) / BLOCK_SIZE;
 502              		.loc 1 180 55 is_stmt 0 view .LVU137
 503 00b2 474B     		ldr	r3, .L47+12
 504 00b4 1D68     		ldr	r5, [r3]
 180:Core/Inc/ssys/ssys.c ****                     u32 block     = (sampleIdx * sizeof(sfsInstrumentSample)) / BLOCK_SIZE;
 505              		.loc 1 180 78 view .LVU138
 506 00b6 B9F80130 		ldrh	r3, [r9, #1]	@ unaligned
 180:Core/Inc/ssys/ssys.c ****                     u32 block     = (sampleIdx * sizeof(sfsInstrumentSample)) / BLOCK_SIZE;
 507              		.loc 1 180 25 view .LVU139
 508 00ba 1D44     		add	r5, r5, r3
 509              	.LVL52:
 181:Core/Inc/ssys/ssys.c ****                     sfsReadBlocks(gSysTmpBlock, gSfsHeader->sampleInfoBlockStart + block, 1);
 510              		.loc 1 181 21 is_stmt 1 view .LVU140
 181:Core/Inc/ssys/ssys.c ****                     sfsReadBlocks(gSysTmpBlock, gSfsHeader->sampleInfoBlockStart + block, 1);
 511              		.loc 1 181 25 is_stmt 0 view .LVU141
 512 00bc C5F31613 		ubfx	r3, r5, #4, #23
 513              	.LVL53:
 182:Core/Inc/ssys/ssys.c ****                     sfsInstrumentSample *sample = ((sfsInstrumentSample *) gSysTmpBlock) + (sampleI
 514              		.loc 1 182 21 is_stmt 1 view .LVU142
 182:Core/Inc/ssys/ssys.c ****                     sfsInstrumentSample *sample = ((sfsInstrumentSample *) gSysTmpBlock) + (sampleI
 515              		.loc 1 182 59 is_stmt 0 view .LVU143
 516 00c0 444A     		ldr	r2, .L47+16
 517 00c2 D169     		ldr	r1, [r2, #28]	@ unaligned
 182:Core/Inc/ssys/ssys.c ****                     sfsInstrumentSample *sample = ((sfsInstrumentSample *) gSysTmpBlock) + (sampleI
 518              		.loc 1 182 21 view .LVU144
 519 00c4 DFF820B1 		ldr	fp, .L47+36
 520 00c8 0122     		movs	r2, #1
 521 00ca 1944     		add	r1, r1, r3
 522 00cc 5846     		mov	r0, fp
 523 00ce FFF7FEFF 		bl	sfsReadBlocks
 524              	.LVL54:
 183:Core/Inc/ssys/ssys.c **** 
 525              		.loc 1 183 21 is_stmt 1 view .LVU145
 183:Core/Inc/ssys/ssys.c **** 
 526              		.loc 1 183 103 is_stmt 0 view .LVU146
 527 00d2 05F00F05 		and	r5, r5, #15
 528              	.LVL55:
 183:Core/Inc/ssys/ssys.c **** 
 529              		.loc 1 183 90 view .LVU147
 530 00d6 6A01     		lsls	r2, r5, #5
 183:Core/Inc/ssys/ssys.c **** 
 531              		.loc 1 183 42 view .LVU148
 532 00d8 0BEB4513 		add	r3, fp, r5, lsl #5
 533              	.LVL56:
 185:Core/Inc/ssys/ssys.c ****                     UNUSED(best);
 534              		.loc 1 185 21 is_stmt 1 view .LVU149
 186:Core/Inc/ssys/ssys.c **** 
 535              		.loc 1 186 21 view .LVU150
 188:Core/Inc/ssys/ssys.c **** 
ARM GAS  C:\Users\Made\AppData\Local\Temp\ccvBg507.s 			page 15


 536              		.loc 1 188 21 view .LVU151
 188:Core/Inc/ssys/ssys.c **** 
 537              		.loc 1 188 25 is_stmt 0 view .LVU152
 538 00dc 3A49     		ldr	r1, .L47+4
 539 00de 51F82410 		ldr	r1, [r1, r4, lsl #2]
 540              	.LVL57:
 190:Core/Inc/ssys/ssys.c ****                     {
 541              		.loc 1 190 21 is_stmt 1 view .LVU153
 190:Core/Inc/ssys/ssys.c ****                     {
 542              		.loc 1 190 42 is_stmt 0 view .LVU154
 543 00e2 3BF80220 		ldrh	r2, [fp, r2]	@ unaligned
 190:Core/Inc/ssys/ssys.c ****                     {
 544              		.loc 1 190 24 view .LVU155
 545 00e6 8A42     		cmp	r2, r1
 546 00e8 AAD9     		bls	.L44
 196:Core/Inc/ssys/ssys.c **** 
 547              		.loc 1 196 21 is_stmt 1 view .LVU156
 548 00ea 364D     		ldr	r5, .L47
 549 00ec 05EB4425 		add	r5, r5, r4, lsl #9
 196:Core/Inc/ssys/ssys.c **** 
 550              		.loc 1 196 88 is_stmt 0 view .LVU157
 551 00f0 D3F80230 		ldr	r3, [r3, #2]	@ unaligned
 552              	.LVL58:
 196:Core/Inc/ssys/ssys.c **** 
 553              		.loc 1 196 21 view .LVU158
 554 00f4 0122     		movs	r2, #1
 555 00f6 1944     		add	r1, r1, r3
 556              	.LVL59:
 196:Core/Inc/ssys/ssys.c **** 
 557              		.loc 1 196 21 view .LVU159
 558 00f8 2846     		mov	r0, r5
 559 00fa FFF7FEFF 		bl	sfsReadBlocks
 560              	.LVL60:
 198:Core/Inc/ssys/ssys.c ****                     {
 561              		.loc 1 198 21 is_stmt 1 view .LVU160
 198:Core/Inc/ssys/ssys.c ****                     {
 562              		.loc 1 198 32 is_stmt 0 view .LVU161
 563 00fe 9AF80130 		ldrb	r3, [r10, #1]	@ zero_extendqisi2
 198:Core/Inc/ssys/ssys.c ****                     {
 564              		.loc 1 198 50 view .LVU162
 565 0102 99F80020 		ldrb	r2, [r9]	@ zero_extendqisi2
 198:Core/Inc/ssys/ssys.c ****                     {
 566              		.loc 1 198 24 view .LVU163
 567 0106 9342     		cmp	r3, r2
 568 0108 B4D0     		beq	.L28
 569              	.LBB16:
 200:Core/Inc/ssys/ssys.c **** 
 570              		.loc 1 200 25 is_stmt 1 view .LVU164
 200:Core/Inc/ssys/ssys.c **** 
 571              		.loc 1 200 75 is_stmt 0 view .LVU165
 572 010a 9B1A     		subs	r3, r3, r2
 200:Core/Inc/ssys/ssys.c **** 
 573              		.loc 1 200 93 view .LVU166
 574 010c 07EE903A 		vmov	s15, r3	@ int
 575 0110 F8EEE77A 		vcvt.f32.s32	s15, s15
 576 0114 DFED306A 		vldr.32	s13, .L47+20
 577 0118 87EEA67A 		vdiv.f32	s14, s15, s13
ARM GAS  C:\Users\Made\AppData\Local\Temp\ccvBg507.s 			page 16


 200:Core/Inc/ssys/ssys.c **** 
 578              		.loc 1 200 31 view .LVU167
 579 011c F7EE007A 		vmov.f32	s15, #1.0e+0
 580 0120 37EE277A 		vadd.f32	s14, s14, s15
 581              	.LVL61:
 202:Core/Inc/ssys/ssys.c ****                         for (s16 *s = (s16 *) (gSysPolyphonyData + polyphonyCounter); j < SYS_AUDIO
 582              		.loc 1 202 25 is_stmt 1 view .LVU168
 203:Core/Inc/ssys/ssys.c ****                         {
 583              		.loc 1 203 25 view .LVU169
 584              	.LBB14:
 203:Core/Inc/ssys/ssys.c ****                         {
 585              		.loc 1 203 30 view .LVU170
 203:Core/Inc/ssys/ssys.c ****                         {
 586              		.loc 1 203 30 is_stmt 0 view .LVU171
 587              	.LBE14:
 202:Core/Inc/ssys/ssys.c ****                         for (s16 *s = (s16 *) (gSysPolyphonyData + polyphonyCounter); j < SYS_AUDIO
 588              		.loc 1 202 29 view .LVU172
 589 0124 0023     		movs	r3, #0
 590              	.LBB15:
 203:Core/Inc/ssys/ssys.c ****                         {
 591              		.loc 1 203 25 view .LVU173
 592 0126 A3E7     		b	.L29
 593              	.LVL62:
 594              	.L18:
 203:Core/Inc/ssys/ssys.c ****                         {
 595              		.loc 1 203 25 view .LVU174
 596              	.LBE15:
 597              	.LBE16:
 598              	.LBE17:
 599              	.LBE18:
 600              	.LBE7:
 601              	.LBE6:
 115:Core/Inc/ssys/ssys.c ****     {
 602              		.loc 1 115 42 is_stmt 1 discriminator 2 view .LVU175
 603 0128 08F10108 		add	r8, r8, #1
 604              	.LVL63:
 605              	.L17:
 115:Core/Inc/ssys/ssys.c ****     {
 606              		.loc 1 115 23 discriminator 1 view .LVU176
 607 012c B8F1070F 		cmp	r8, #7
 608 0130 18DC     		bgt	.L26
 609              	.LBB20:
 117:Core/Inc/ssys/ssys.c ****         if (!track->isLoaded)
 610              		.loc 1 117 9 view .LVU177
 117:Core/Inc/ssys/ssys.c ****         if (!track->isLoaded)
 611              		.loc 1 117 41 is_stmt 0 view .LVU178
 612 0132 C8EB0813 		rsb	r3, r8, r8, lsl #4
 613 0136 1F01     		lsls	r7, r3, #4
 117:Core/Inc/ssys/ssys.c ****         if (!track->isLoaded)
 614              		.loc 1 117 19 view .LVU179
 615 0138 284B     		ldr	r3, .L47+24
 616 013a 1F44     		add	r7, r7, r3
 617              	.LVL64:
 118:Core/Inc/ssys/ssys.c ****         {
 618              		.loc 1 118 9 is_stmt 1 view .LVU180
 118:Core/Inc/ssys/ssys.c ****         {
 619              		.loc 1 118 19 is_stmt 0 view .LVU181
ARM GAS  C:\Users\Made\AppData\Local\Temp\ccvBg507.s 			page 17


 620 013c 97F8EC30 		ldrb	r3, [r7, #236]	@ zero_extendqisi2
 118:Core/Inc/ssys/ssys.c ****         {
 621              		.loc 1 118 12 view .LVU182
 622 0140 002B     		cmp	r3, #0
 623 0142 F1D0     		beq	.L18
 123:Core/Inc/ssys/ssys.c ****         sfsSingleInstrument *       base              = &runtimeInstrument->base;
 624              		.loc 1 123 9 is_stmt 1 view .LVU183
 625              	.LVL65:
 124:Core/Inc/ssys/ssys.c ****         UNUSED(base);
 626              		.loc 1 124 9 view .LVU184
 125:Core/Inc/ssys/ssys.c **** 
 627              		.loc 1 125 9 view .LVU185
 127:Core/Inc/ssys/ssys.c ****         {
 628              		.loc 1 127 9 view .LVU186
 127:Core/Inc/ssys/ssys.c ****         {
 629              		.loc 1 127 30 is_stmt 0 view .LVU187
 630 0144 B7F8A030 		ldrh	r3, [r7, #160]
 127:Core/Inc/ssys/ssys.c ****         {
 631              		.loc 1 127 12 view .LVU188
 632 0148 4FF6FF72 		movw	r2, #65535
 633 014c 9342     		cmp	r3, r2
 634 014e EBD0     		beq	.L18
 132:Core/Inc/ssys/ssys.c **** 
 635              		.loc 1 132 9 is_stmt 1 view .LVU189
 132:Core/Inc/ssys/ssys.c **** 
 636              		.loc 1 132 61 is_stmt 0 view .LVU190
 637 0150 204A     		ldr	r2, .L47+16
 638 0152 116A     		ldr	r1, [r2, #32]	@ unaligned
 132:Core/Inc/ssys/ssys.c **** 
 639              		.loc 1 132 9 view .LVU191
 640 0154 0422     		movs	r2, #4
 641 0156 01EB8301 		add	r1, r1, r3, lsl #2
 642 015a 1D48     		ldr	r0, .L47+12
 643 015c FFF7FEFF 		bl	sfsReadBlocks
 644              	.LVL66:
 134:Core/Inc/ssys/ssys.c ****         {
 645              		.loc 1 134 9 is_stmt 1 view .LVU192
 646              	.LBB19:
 134:Core/Inc/ssys/ssys.c ****         {
 647              		.loc 1 134 14 view .LVU193
 134:Core/Inc/ssys/ssys.c ****         {
 648              		.loc 1 134 18 is_stmt 0 view .LVU194
 649 0160 0026     		movs	r6, #0
 134:Core/Inc/ssys/ssys.c ****         {
 650              		.loc 1 134 9 view .LVU195
 651 0162 8FE7     		b	.L19
 652              	.LVL67:
 653              	.L26:
 134:Core/Inc/ssys/ssys.c ****         {
 654              		.loc 1 134 9 view .LVU196
 655              	.LBE19:
 656              	.LBE20:
 657              	.LBE21:
 213:Core/Inc/ssys/ssys.c ****                 }
 214:Core/Inc/ssys/ssys.c **** 
 215:Core/Inc/ssys/ssys.c ****                 case SYS_BTNSTATE_UP:
 216:Core/Inc/ssys/ssys.c ****                     break;
ARM GAS  C:\Users\Made\AppData\Local\Temp\ccvBg507.s 			page 18


 217:Core/Inc/ssys/ssys.c ****             }
 218:Core/Inc/ssys/ssys.c ****         switchEnd:
 219:Core/Inc/ssys/ssys.c **** 
 220:Core/Inc/ssys/ssys.c **** 
 221:Core/Inc/ssys/ssys.c **** 
 222:Core/Inc/ssys/ssys.c ****         }
 223:Core/Inc/ssys/ssys.c ****     }
 224:Core/Inc/ssys/ssys.c **** 
 225:Core/Inc/ssys/ssys.c **** loopEnd:
 226:Core/Inc/ssys/ssys.c **** 
 227:Core/Inc/ssys/ssys.c ****     if (polyphonyCounter == 0)
 658              		.loc 1 227 5 is_stmt 1 view .LVU197
 659              		.loc 1 227 8 is_stmt 0 view .LVU198
 660 0164 0CB1     		cbz	r4, .L45
 661              	.LBB22:
 228:Core/Inc/ssys/ssys.c ****     {
 229:Core/Inc/ssys/ssys.c ****         memset(gSysAudioBackBuf, 0, SYS_AUDIO_BUFFER_SIZE);
 230:Core/Inc/ssys/ssys.c ****     }
 231:Core/Inc/ssys/ssys.c ****     else
 232:Core/Inc/ssys/ssys.c ****     {
 233:Core/Inc/ssys/ssys.c ****         for (int sampleIdx = 0; sampleIdx < SYS_AUDIO_BUFFER_SAMPLE_COUNT; ++sampleIdx)
 662              		.loc 1 233 18 view .LVU199
 663 0166 0025     		movs	r5, #0
 664 0168 15E0     		b	.L33
 665              	.L45:
 666              	.LBE22:
 229:Core/Inc/ssys/ssys.c ****     }
 667              		.loc 1 229 9 is_stmt 1 view .LVU200
 668 016a 4FF40072 		mov	r2, #512
 669 016e 0021     		movs	r1, #0
 670 0170 1B48     		ldr	r0, .L47+28
 671 0172 FFF7FEFF 		bl	memset
 672              	.LVL68:
 673              	.L34:
 674              	.LBB27:
 675              		.loc 1 233 18 is_stmt 0 view .LVU201
 676 0176 0022     		movs	r2, #0
 677 0178 17E0     		b	.L38
 678              	.LVL69:
 679              	.L35:
 680              	.LBB23:
 681              	.LBB24:
 234:Core/Inc/ssys/ssys.c ****         {
 235:Core/Inc/ssys/ssys.c ****             s16 sum = 0;
 236:Core/Inc/ssys/ssys.c ****             for (int i = 0; i < polyphonyCounter; ++i)
 237:Core/Inc/ssys/ssys.c ****             {
 238:Core/Inc/ssys/ssys.c ****                 sum += gSysPolyphonyData[i][sampleIdx];
 682              		.loc 1 238 17 is_stmt 1 view .LVU202
 683              		.loc 1 238 44 is_stmt 0 view .LVU203
 684 017a 05EB0320 		add	r0, r5, r3, lsl #8
 685 017e 1149     		ldr	r1, .L47
 686 0180 31F81010 		ldrh	r1, [r1, r0, lsl #1]
 687              		.loc 1 238 21 view .LVU204
 688 0184 0A44     		add	r2, r2, r1
 689              	.LVL70:
 690              		.loc 1 238 21 view .LVU205
 691 0186 12B2     		sxth	r2, r2
ARM GAS  C:\Users\Made\AppData\Local\Temp\ccvBg507.s 			page 19


 692              	.LVL71:
 236:Core/Inc/ssys/ssys.c ****             {
 693              		.loc 1 236 51 is_stmt 1 discriminator 3 view .LVU206
 694 0188 0133     		adds	r3, r3, #1
 695              	.LVL72:
 696              	.L36:
 236:Core/Inc/ssys/ssys.c ****             {
 697              		.loc 1 236 31 discriminator 1 view .LVU207
 698 018a 9C42     		cmp	r4, r3
 699 018c F5DC     		bgt	.L35
 700              	.LBE24:
 239:Core/Inc/ssys/ssys.c ****             }
 240:Core/Inc/ssys/ssys.c **** 
 241:Core/Inc/ssys/ssys.c ****             gSysAudioBackBuf[sampleIdx] = sum;
 701              		.loc 1 241 13 view .LVU208
 702              		.loc 1 241 41 is_stmt 0 view .LVU209
 703 018e 144B     		ldr	r3, .L47+28
 704              	.LVL73:
 705              		.loc 1 241 41 view .LVU210
 706 0190 23F81520 		strh	r2, [r3, r5, lsl #1]	@ movhi
 707              	.LBE23:
 233:Core/Inc/ssys/ssys.c ****         {
 708              		.loc 1 233 76 is_stmt 1 discriminator 2 view .LVU211
 709 0194 0135     		adds	r5, r5, #1
 710              	.LVL74:
 711              	.L33:
 233:Core/Inc/ssys/ssys.c ****         {
 712              		.loc 1 233 43 discriminator 1 view .LVU212
 713 0196 FF2D     		cmp	r5, #255
 714 0198 EDDC     		bgt	.L34
 715              	.LBB26:
 716              	.LBB25:
 236:Core/Inc/ssys/ssys.c ****             {
 717              		.loc 1 236 22 is_stmt 0 view .LVU213
 718 019a 0023     		movs	r3, #0
 719              	.LBE25:
 235:Core/Inc/ssys/ssys.c ****             for (int i = 0; i < polyphonyCounter; ++i)
 720              		.loc 1 235 17 view .LVU214
 721 019c 1A46     		mov	r2, r3
 722 019e F4E7     		b	.L36
 723              	.LVL75:
 724              	.L37:
 235:Core/Inc/ssys/ssys.c ****             for (int i = 0; i < polyphonyCounter; ++i)
 725              		.loc 1 235 17 view .LVU215
 726              	.LBE26:
 727              	.LBE27:
 728              	.LBB28:
 242:Core/Inc/ssys/ssys.c ****         }
 243:Core/Inc/ssys/ssys.c ****     }
 244:Core/Inc/ssys/ssys.c **** 
 245:Core/Inc/ssys/ssys.c ****     for (int i = 0; i < SYS_AUDIO_BUFFER_SAMPLE_COUNT; ++i)
 246:Core/Inc/ssys/ssys.c ****     {
 247:Core/Inc/ssys/ssys.c ****         gSysAudioFrontBuf[i] = (0x8000 + gSysAudioBackBuf[i]) / 16;
 729              		.loc 1 247 63 view .LVU216
 730 01a0 1B11     		asrs	r3, r3, #4
 731              		.loc 1 247 30 view .LVU217
 732 01a2 1049     		ldr	r1, .L47+32
ARM GAS  C:\Users\Made\AppData\Local\Temp\ccvBg507.s 			page 20


 733 01a4 21F81230 		strh	r3, [r1, r2, lsl #1]	@ movhi
 245:Core/Inc/ssys/ssys.c ****     {
 734              		.loc 1 245 56 is_stmt 1 discriminator 3 view .LVU218
 735 01a8 0132     		adds	r2, r2, #1
 736              	.LVL76:
 737              	.L38:
 245:Core/Inc/ssys/ssys.c ****     {
 738              		.loc 1 245 23 discriminator 1 view .LVU219
 739 01aa FF2A     		cmp	r2, #255
 740 01ac 07DC     		bgt	.L46
 741              		.loc 1 247 9 view .LVU220
 742              		.loc 1 247 58 is_stmt 0 view .LVU221
 743 01ae 0C4B     		ldr	r3, .L47+28
 744 01b0 33F91230 		ldrsh	r3, [r3, r2, lsl #1]
 745              		.loc 1 247 63 view .LVU222
 746 01b4 13F50043 		adds	r3, r3, #32768
 747 01b8 F2D5     		bpl	.L37
 748 01ba 0F33     		adds	r3, r3, #15
 749 01bc F0E7     		b	.L37
 750              	.L46:
 751              	.LBE28:
 248:Core/Inc/ssys/ssys.c ****     }
 249:Core/Inc/ssys/ssys.c **** 
 250:Core/Inc/ssys/ssys.c ****     // sserSendAudio((u8*) gSysAudioFrontBuf, SYS_AUDIO_BUFFER_SIZE);
 251:Core/Inc/ssys/ssys.c **** }
 752              		.loc 1 251 1 view .LVU223
 753 01be BDE8F88F 		pop	{r3, r4, r5, r6, r7, r8, r9, r10, fp, pc}
 754              	.LVL77:
 755              	.L48:
 756              		.loc 1 251 1 view .LVU224
 757 01c2 00BF     		.align	2
 758              	.L47:
 759 01c4 00000000 		.word	gSysPolyphonyData
 760 01c8 00000000 		.word	gSysPolyphonyProgress
 761 01cc 20000000 		.word	gSysProximityTable+32
 762 01d0 00000000 		.word	gSysProximityTable
 763 01d4 00000000 		.word	gSfsFirstBlockData
 764 01d8 00007F43 		.word	1132396544
 765 01dc 00000000 		.word	gSysTrackInfo
 766 01e0 00000000 		.word	gSysAudioBackBuf
 767 01e4 00000000 		.word	gSysAudioFrontBuf
 768 01e8 00000000 		.word	gSysTmpBlock
 769              		.cfi_endproc
 770              	.LFE340:
 772              		.section	.text.sysGetButtonState,"ax",%progbits
 773              		.align	1
 774              		.global	sysGetButtonState
 775              		.syntax unified
 776              		.thumb
 777              		.thumb_func
 779              	sysGetButtonState:
 780              	.LVL78:
 781              	.LFB341:
 252:Core/Inc/ssys/ssys.c **** 
 253:Core/Inc/ssys/ssys.c **** sysButtonState sysGetButtonState(sysInputBitmap *pMap, u32 pBtn) {
 782              		.loc 1 253 66 is_stmt 1 view -0
 783              		.cfi_startproc
ARM GAS  C:\Users\Made\AppData\Local\Temp\ccvBg507.s 			page 21


 784              		@ args = 0, pretend = 0, frame = 0
 785              		@ frame_needed = 0, uses_anonymous_args = 0
 786              		@ link register save eliminated.
 254:Core/Inc/ssys/ssys.c ****     u32 current = pMap->currentState;
 787              		.loc 1 254 5 view .LVU226
 788              		.loc 1 254 9 is_stmt 0 view .LVU227
 789 0000 0368     		ldr	r3, [r0]
 790              	.LVL79:
 255:Core/Inc/ssys/ssys.c ****     u32 last    = pMap->lastState;
 791              		.loc 1 255 5 is_stmt 1 view .LVU228
 792              		.loc 1 255 9 is_stmt 0 view .LVU229
 793 0002 4068     		ldr	r0, [r0, #4]
 794              	.LVL80:
 256:Core/Inc/ssys/ssys.c **** 
 257:Core/Inc/ssys/ssys.c ****     if ((current & pBtn) && (last & pBtn))
 795              		.loc 1 257 5 is_stmt 1 view .LVU230
 796              		.loc 1 257 8 is_stmt 0 view .LVU231
 797 0004 13EA0102 		ands	r2, r3, r1
 798 0008 01D0     		beq	.L50
 799              		.loc 1 257 26 discriminator 1 view .LVU232
 800 000a 0842     		tst	r0, r1
 801 000c 07D1     		bne	.L53
 802              	.L50:
 258:Core/Inc/ssys/ssys.c ****     {
 259:Core/Inc/ssys/ssys.c ****         return SYS_BTNSTATE_HELD;
 260:Core/Inc/ssys/ssys.c ****     }
 261:Core/Inc/ssys/ssys.c ****     if ((current & pBtn) && !(last & pBtn))
 803              		.loc 1 261 5 is_stmt 1 view .LVU233
 804              		.loc 1 261 8 is_stmt 0 view .LVU234
 805 000e 0AB1     		cbz	r2, .L52
 806              		.loc 1 261 26 discriminator 1 view .LVU235
 807 0010 0842     		tst	r0, r1
 808 0012 06D0     		beq	.L54
 809              	.L52:
 262:Core/Inc/ssys/ssys.c ****     {
 263:Core/Inc/ssys/ssys.c ****         return SYS_BTNSTATE_DOWN;
 264:Core/Inc/ssys/ssys.c ****     }
 265:Core/Inc/ssys/ssys.c ****     if (!(current & pBtn) && (last & current))
 810              		.loc 1 265 5 is_stmt 1 view .LVU236
 811              		.loc 1 265 8 is_stmt 0 view .LVU237
 812 0014 3AB9     		cbnz	r2, .L55
 813              		.loc 1 265 27 discriminator 1 view .LVU238
 814 0016 0342     		tst	r3, r0
 815 0018 07D1     		bne	.L56
 266:Core/Inc/ssys/ssys.c ****     {
 267:Core/Inc/ssys/ssys.c ****         return SYS_BTNSTATE_UP;
 268:Core/Inc/ssys/ssys.c ****     }
 269:Core/Inc/ssys/ssys.c **** 
 270:Core/Inc/ssys/ssys.c ****     return SYS_BTNSTATE_NULL;
 816              		.loc 1 270 12 view .LVU239
 817 001a 0020     		movs	r0, #0
 818              	.LVL81:
 819              		.loc 1 270 12 view .LVU240
 820 001c 7047     		bx	lr
 821              	.LVL82:
 822              	.L53:
 259:Core/Inc/ssys/ssys.c ****     }
ARM GAS  C:\Users\Made\AppData\Local\Temp\ccvBg507.s 			page 22


 823              		.loc 1 259 16 view .LVU241
 824 001e 0320     		movs	r0, #3
 825              	.LVL83:
 259:Core/Inc/ssys/ssys.c ****     }
 826              		.loc 1 259 16 view .LVU242
 827 0020 7047     		bx	lr
 828              	.LVL84:
 829              	.L54:
 263:Core/Inc/ssys/ssys.c ****     }
 830              		.loc 1 263 16 view .LVU243
 831 0022 0120     		movs	r0, #1
 832              	.LVL85:
 263:Core/Inc/ssys/ssys.c ****     }
 833              		.loc 1 263 16 view .LVU244
 834 0024 7047     		bx	lr
 835              	.LVL86:
 836              	.L55:
 837              		.loc 1 270 12 view .LVU245
 838 0026 0020     		movs	r0, #0
 839              	.LVL87:
 840              		.loc 1 270 12 view .LVU246
 841 0028 7047     		bx	lr
 842              	.LVL88:
 843              	.L56:
 267:Core/Inc/ssys/ssys.c ****     }
 844              		.loc 1 267 16 view .LVU247
 845 002a 0220     		movs	r0, #2
 846              	.LVL89:
 271:Core/Inc/ssys/ssys.c **** }
 847              		.loc 1 271 1 view .LVU248
 848 002c 7047     		bx	lr
 849              		.cfi_endproc
 850              	.LFE341:
 852              		.section	.text.sysPitchBendCalculateArr,"ax",%progbits
 853              		.align	1
 854              		.global	sysPitchBendCalculateArr
 855              		.syntax unified
 856              		.thumb
 857              		.thumb_func
 859              	sysPitchBendCalculateArr:
 860              	.LVL90:
 861              	.LFB342:
 272:Core/Inc/ssys/ssys.c **** 
 273:Core/Inc/ssys/ssys.c **** int sysPitchBendCalculateArr(float pSysFreq, int pPrescaler, float pOutFreq) {
 862              		.loc 1 273 78 is_stmt 1 view -0
 863              		.cfi_startproc
 864              		@ args = 0, pretend = 0, frame = 0
 865              		@ frame_needed = 0, uses_anonymous_args = 0
 866              		@ link register save eliminated.
 867              		.loc 1 273 78 is_stmt 0 view .LVU250
 868 0000 07EE900A 		vmov	s15, r0	@ int
 274:Core/Inc/ssys/ssys.c ****     return (int) (pSysFreq / (pOutFreq * pPrescaler + pOutFreq) - 1);
 869              		.loc 1 274 5 is_stmt 1 view .LVU251
 870              		.loc 1 274 40 is_stmt 0 view .LVU252
 871 0004 F8EEE77A 		vcvt.f32.s32	s15, s15
 872 0008 67EEA07A 		vmul.f32	s15, s15, s1
 873              		.loc 1 274 53 view .LVU253
ARM GAS  C:\Users\Made\AppData\Local\Temp\ccvBg507.s 			page 23


 874 000c 77EEA00A 		vadd.f32	s1, s15, s1
 875              	.LVL91:
 876              		.loc 1 274 28 view .LVU254
 877 0010 C0EE207A 		vdiv.f32	s15, s0, s1
 878              		.loc 1 274 65 view .LVU255
 879 0014 B7EE007A 		vmov.f32	s14, #1.0e+0
 880 0018 77EEC77A 		vsub.f32	s15, s15, s14
 275:Core/Inc/ssys/ssys.c **** }
 881              		.loc 1 275 1 view .LVU256
 882 001c FDEEE77A 		vcvt.s32.f32	s15, s15
 883 0020 17EE900A 		vmov	r0, s15	@ int
 884              	.LVL92:
 885              		.loc 1 275 1 view .LVU257
 886 0024 7047     		bx	lr
 887              		.cfi_endproc
 888              	.LFE342:
 890              		.section	.text.sysHandlePitchBend,"ax",%progbits
 891              		.align	1
 892              		.global	sysHandlePitchBend
 893              		.syntax unified
 894              		.thumb
 895              		.thumb_func
 897              	sysHandlePitchBend:
 898              	.LFB343:
 276:Core/Inc/ssys/ssys.c **** 
 277:Core/Inc/ssys/ssys.c **** float bend = 0;
 278:Core/Inc/ssys/ssys.c **** 
 279:Core/Inc/ssys/ssys.c **** void sysHandlePitchBend() {
 899              		.loc 1 279 27 is_stmt 1 view -0
 900              		.cfi_startproc
 901              		@ args = 0, pretend = 0, frame = 0
 902              		@ frame_needed = 0, uses_anonymous_args = 0
 903 0000 10B5     		push	{r4, lr}
 904              	.LCFI5:
 905              		.cfi_def_cfa_offset 8
 906              		.cfi_offset 4, -8
 907              		.cfi_offset 14, -4
 908 0002 2DED028B 		vpush.64	{d8}
 909              	.LCFI6:
 910              		.cfi_def_cfa_offset 16
 911              		.cfi_offset 80, -16
 912              		.cfi_offset 81, -12
 280:Core/Inc/ssys/ssys.c ****     const float sysFreq = 120e6;
 913              		.loc 1 280 5 view .LVU259
 914              	.LVL93:
 281:Core/Inc/ssys/ssys.c **** 
 282:Core/Inc/ssys/ssys.c ****     bend          = gSysSettings.pitchBendRangeSemitones * ((HAL_ADC_GetValue(gSysAdc) / 32767.5F) 
 915              		.loc 1 282 5 view .LVU260
 916              		.loc 1 282 33 is_stmt 0 view .LVU261
 917 0006 1C4B     		ldr	r3, .L60+8
 918 0008 1B78     		ldrb	r3, [r3]	@ zero_extendqisi2
 919 000a 07EE103A 		vmov	s14, r3	@ int
 920              		.loc 1 282 58 view .LVU262
 921 000e B8EEC78A 		vcvt.f32.s32	s16, s14
 922              		.loc 1 282 62 view .LVU263
 923 0012 1A4B     		ldr	r3, .L60+12
 924 0014 1868     		ldr	r0, [r3]
ARM GAS  C:\Users\Made\AppData\Local\Temp\ccvBg507.s 			page 24


 925 0016 FFF7FEFF 		bl	HAL_ADC_GetValue
 926              	.LVL94:
 927 001a 07EE100A 		vmov	s14, r0	@ int
 928              		.loc 1 282 88 discriminator 1 view .LVU264
 929 001e B8EE477A 		vcvt.f32.u32	s14, s14
 930 0022 DFED176A 		vldr.32	s13, .L60+16
 931 0026 C7EE267A 		vdiv.f32	s15, s14, s13
 932              		.loc 1 282 100 discriminator 1 view .LVU265
 933 002a B7EE007A 		vmov.f32	s14, #1.0e+0
 934 002e 77EEC77A 		vsub.f32	s15, s15, s14
 935              		.loc 1 282 58 discriminator 1 view .LVU266
 936 0032 28EE277A 		vmul.f32	s14, s16, s15
 937              		.loc 1 282 19 discriminator 1 view .LVU267
 938 0036 134B     		ldr	r3, .L60+20
 939 0038 83ED007A 		vstr.32	s14, [r3]
 283:Core/Inc/ssys/ssys.c ****     float newFreq = toneAddSemitone(sysFreq, bend);
 940              		.loc 1 283 5 is_stmt 1 view .LVU268
 941              		.loc 1 283 21 is_stmt 0 view .LVU269
 942 003c B7EEC77A 		vcvt.f64.f32	d7, s14
 943 0040 B2EE081B 		vmov.f64	d1, #1.2e+1
 944 0044 87EE011B 		vdiv.f64	d1, d7, d1
 945 0048 B0EE000B 		vmov.f64	d0, #2.0e+0
 946 004c FFF7FEFF 		bl	pow
 947              	.LVL95:
 948              		.loc 1 283 21 discriminator 1 view .LVU270
 949 0050 9FED077B 		vldr.64	d7, .L60
 950 0054 20EE070B 		vmul.f64	d0, d0, d7
 951              	.LVL96:
 284:Core/Inc/ssys/ssys.c **** 
 285:Core/Inc/ssys/ssys.c ****     TIM_DAC->ARR = sysPitchBendCalculateArr(sysFreq, TIM_DAC->ARR, newFreq);
 952              		.loc 1 285 5 is_stmt 1 view .LVU271
 953              		.loc 1 285 61 is_stmt 0 view .LVU272
 954 0058 0B4C     		ldr	r4, .L60+24
 955 005a E06A     		ldr	r0, [r4, #44]
 956              		.loc 1 285 20 view .LVU273
 957 005c F7EEC00B 		vcvt.f32.f64	s1, d0
 958              	.LVL97:
 959              		.loc 1 285 20 view .LVU274
 960 0060 9FED0A0A 		vldr.32	s0, .L60+28
 961 0064 FFF7FEFF 		bl	sysPitchBendCalculateArr
 962              	.LVL98:
 963              		.loc 1 285 18 discriminator 1 view .LVU275
 964 0068 E062     		str	r0, [r4, #44]
 286:Core/Inc/ssys/ssys.c **** }
 965              		.loc 1 286 1 view .LVU276
 966 006a BDEC028B 		vldm	sp!, {d8}
 967              	.LCFI7:
 968              		.cfi_restore 80
 969              		.cfi_restore 81
 970              		.cfi_def_cfa_offset 8
 971 006e 10BD     		pop	{r4, pc}
 972              	.L61:
 973              		.align	3
 974              	.L60:
 975 0070 00000000 		.word	0
 976 0074 389C9C41 		.word	1100782648
 977 0078 00000000 		.word	gSysSettings
ARM GAS  C:\Users\Made\AppData\Local\Temp\ccvBg507.s 			page 25


 978 007c 00000000 		.word	gSysAdc
 979 0080 00FFFF46 		.word	1191182080
 980 0084 00000000 		.word	bend
 981 0088 00100040 		.word	1073745920
 982 008c C0E1E44C 		.word	1290068416
 983              		.cfi_endproc
 984              	.LFE343:
 986              		.section	.text.sysHandleInputs,"ax",%progbits
 987              		.align	1
 988              		.global	sysHandleInputs
 989              		.syntax unified
 990              		.thumb
 991              		.thumb_func
 993              	sysHandleInputs:
 994              	.LFB344:
 287:Core/Inc/ssys/ssys.c **** 
 288:Core/Inc/ssys/ssys.c **** u32 timeDiff;
 289:Core/Inc/ssys/ssys.c **** u32 cnt = 0;
 290:Core/Inc/ssys/ssys.c **** 
 291:Core/Inc/ssys/ssys.c **** void sysHandleInputs() {
 995              		.loc 1 291 24 is_stmt 1 view -0
 996              		.cfi_startproc
 997              		@ args = 0, pretend = 0, frame = 8
 998              		@ frame_needed = 0, uses_anonymous_args = 0
 999 0000 F0B5     		push	{r4, r5, r6, r7, lr}
 1000              	.LCFI8:
 1001              		.cfi_def_cfa_offset 20
 1002              		.cfi_offset 4, -20
 1003              		.cfi_offset 5, -16
 1004              		.cfi_offset 6, -12
 1005              		.cfi_offset 7, -8
 1006              		.cfi_offset 14, -4
 1007 0002 83B0     		sub	sp, sp, #12
 1008              	.LCFI9:
 1009              		.cfi_def_cfa_offset 32
 292:Core/Inc/ssys/ssys.c ****     for (int pass = 0; pass < 2; ++pass)
 1010              		.loc 1 292 5 view .LVU278
 1011              	.LBB29:
 1012              		.loc 1 292 10 view .LVU279
 1013              	.LVL99:
 1014              		.loc 1 292 14 is_stmt 0 view .LVU280
 1015 0004 0026     		movs	r6, #0
 1016              		.loc 1 292 5 view .LVU281
 1017 0006 81E0     		b	.L63
 1018              	.LVL100:
 1019              	.L96:
 1020              	.LBB30:
 1021              	.LBB31:
 1022              	.LBB32:
 293:Core/Inc/ssys/ssys.c ****     {
 294:Core/Inc/ssys/ssys.c ****         for (int i = 0; i < SFS_KEY_SEMITONE_RANGE; ++i)
 295:Core/Inc/ssys/ssys.c ****         {
 296:Core/Inc/ssys/ssys.c ****             bool pressed = false;
 297:Core/Inc/ssys/ssys.c ****             if (pass == 0)
 298:Core/Inc/ssys/ssys.c ****             {
 299:Core/Inc/ssys/ssys.c ****                 if (i > TONE_OFFSET_B4 - SFS_FIRST_KEY)
 300:Core/Inc/ssys/ssys.c ****                 {
ARM GAS  C:\Users\Made\AppData\Local\Temp\ccvBg507.s 			page 26


 301:Core/Inc/ssys/ssys.c ****                     int idx = 4 + (i + SFS_FIRST_KEY) - TONE_OFFSET_C5;
 1023              		.loc 1 301 21 is_stmt 1 view .LVU282
 1024              		.loc 1 301 25 is_stmt 0 view .LVU283
 1025 0008 A5F12007 		sub	r7, r5, #32
 1026              	.LVL101:
 302:Core/Inc/ssys/ssys.c **** 
 303:Core/Inc/ssys/ssys.c ****                     for (int col = 5; col < 5 + 4; col++)
 1027              		.loc 1 303 21 is_stmt 1 view .LVU284
 1028              	.LBB33:
 1029              		.loc 1 303 26 view .LVU285
 1030              		.loc 1 303 30 is_stmt 0 view .LVU286
 1031 000c 0524     		movs	r4, #5
 1032              		.loc 1 303 21 view .LVU287
 1033 000e 05E0     		b	.L66
 1034              	.LVL102:
 1035              	.L67:
 304:Core/Inc/ssys/ssys.c ****                     {
 305:Core/Inc/ssys/ssys.c ****                         muxWrite(&gMuxOgKeyCol, col, false);
 1036              		.loc 1 305 25 is_stmt 1 view .LVU288
 1037 0010 0022     		movs	r2, #0
 1038 0012 E1B2     		uxtb	r1, r4
 1039 0014 4948     		ldr	r0, .L99
 1040 0016 FFF7FEFF 		bl	muxWrite
 1041              	.LVL103:
 303:Core/Inc/ssys/ssys.c ****                     {
 1042              		.loc 1 303 55 discriminator 3 view .LVU289
 1043 001a 0134     		adds	r4, r4, #1
 1044              	.LVL104:
 1045              	.L66:
 303:Core/Inc/ssys/ssys.c ****                     {
 1046              		.loc 1 303 43 discriminator 1 view .LVU290
 1047 001c 082C     		cmp	r4, #8
 1048 001e F7DD     		ble	.L67
 1049              	.LBE33:
 306:Core/Inc/ssys/ssys.c ****                     }
 307:Core/Inc/ssys/ssys.c **** 
 308:Core/Inc/ssys/ssys.c ****                     muxWrite(&gMuxOgKeyCol, 5 + idx / 8, true);
 1050              		.loc 1 308 21 view .LVU291
 1051              		.loc 1 308 53 is_stmt 0 view .LVU292
 1052 0020 3946     		mov	r1, r7
 1053 0022 002F     		cmp	r7, #0
 1054 0024 13DB     		blt	.L91
 1055              	.L68:
 1056 0026 C910     		asrs	r1, r1, #3
 1057              		.loc 1 308 21 view .LVU293
 1058 0028 0531     		adds	r1, r1, #5
 1059 002a 0122     		movs	r2, #1
 1060 002c C9B2     		uxtb	r1, r1
 1061 002e 4348     		ldr	r0, .L99
 1062 0030 FFF7FEFF 		bl	muxWrite
 1063              	.LVL105:
 309:Core/Inc/ssys/ssys.c ****                     pressed = muxRead(&gMuxOgKeyRow, 8 + idx % 8);
 1064              		.loc 1 309 21 is_stmt 1 view .LVU294
 1065              		.loc 1 309 62 is_stmt 0 view .LVU295
 1066 0034 7B42     		rsbs	r3, r7, #0
 1067 0036 07F00707 		and	r7, r7, #7
 1068              	.LVL106:
ARM GAS  C:\Users\Made\AppData\Local\Temp\ccvBg507.s 			page 27


 1069              		.loc 1 309 62 view .LVU296
 1070 003a 03F00703 		and	r3, r3, #7
 1071 003e 58BF     		it	pl
 1072 0040 5F42     		rsbpl	r7, r3, #0
 1073              		.loc 1 309 31 view .LVU297
 1074 0042 0837     		adds	r7, r7, #8
 1075 0044 F9B2     		uxtb	r1, r7
 1076 0046 3E48     		ldr	r0, .L99+4
 1077 0048 FFF7FEFF 		bl	muxRead
 1078              	.LVL107:
 1079              		.loc 1 309 31 view .LVU298
 1080              	.LBE32:
 1081 004c 34E0     		b	.L69
 1082              	.LVL108:
 1083              	.L91:
 1084              	.LBB34:
 308:Core/Inc/ssys/ssys.c ****                     pressed = muxRead(&gMuxOgKeyRow, 8 + idx % 8);
 1085              		.loc 1 308 53 view .LVU299
 1086 004e F91D     		adds	r1, r7, #7
 1087              	.LVL109:
 308:Core/Inc/ssys/ssys.c ****                     pressed = muxRead(&gMuxOgKeyRow, 8 + idx % 8);
 1088              		.loc 1 308 53 view .LVU300
 1089 0050 E9E7     		b	.L68
 1090              	.LVL110:
 1091              	.L97:
 308:Core/Inc/ssys/ssys.c ****                     pressed = muxRead(&gMuxOgKeyRow, 8 + idx % 8);
 1092              		.loc 1 308 53 view .LVU301
 1093              	.LBE34:
 310:Core/Inc/ssys/ssys.c ****                 }
 311:Core/Inc/ssys/ssys.c ****                 else
 312:Core/Inc/ssys/ssys.c ****                 {
 313:Core/Inc/ssys/ssys.c ****                     for (int col = 0; col < 5; ++col)
 314:Core/Inc/ssys/ssys.c ****                     {
 315:Core/Inc/ssys/ssys.c ****                         muxWrite(&gMuxOgKeyCol, col, false);
 316:Core/Inc/ssys/ssys.c ****                     }
 317:Core/Inc/ssys/ssys.c **** 
 318:Core/Inc/ssys/ssys.c ****                     muxWrite(&gMuxOgKeyCol, i / 8, true);
 1094              		.loc 1 318 21 is_stmt 1 view .LVU302
 1095              		.loc 1 318 47 is_stmt 0 view .LVU303
 1096 0052 2946     		mov	r1, r5
 1097 0054 002D     		cmp	r5, #0
 1098 0056 11DB     		blt	.L92
 1099              	.L71:
 1100              		.loc 1 318 21 view .LVU304
 1101 0058 0122     		movs	r2, #1
 1102 005a C1F3C701 		ubfx	r1, r1, #3, #8
 1103 005e 3748     		ldr	r0, .L99
 1104 0060 FFF7FEFF 		bl	muxWrite
 1105              	.LVL111:
 319:Core/Inc/ssys/ssys.c ****                     pressed = muxRead(&gMuxOgKeyRow, i % 8);
 1106              		.loc 1 319 21 is_stmt 1 view .LVU305
 1107              		.loc 1 319 56 is_stmt 0 view .LVU306
 1108 0064 6B42     		rsbs	r3, r5, #0
 1109 0066 05F00701 		and	r1, r5, #7
 1110 006a 03F00703 		and	r3, r3, #7
 1111 006e 58BF     		it	pl
 1112 0070 5942     		rsbpl	r1, r3, #0
ARM GAS  C:\Users\Made\AppData\Local\Temp\ccvBg507.s 			page 28


 1113              		.loc 1 319 31 view .LVU307
 1114 0072 C9B2     		uxtb	r1, r1
 1115 0074 3248     		ldr	r0, .L99+4
 1116 0076 FFF7FEFF 		bl	muxRead
 1117              	.LVL112:
 1118              		.loc 1 319 31 view .LVU308
 1119 007a 1DE0     		b	.L69
 1120              	.LVL113:
 1121              	.L92:
 318:Core/Inc/ssys/ssys.c ****                     pressed = muxRead(&gMuxOgKeyRow, i % 8);
 1122              		.loc 1 318 47 view .LVU309
 1123 007c E91D     		adds	r1, r5, #7
 1124              	.LVL114:
 318:Core/Inc/ssys/ssys.c ****                     pressed = muxRead(&gMuxOgKeyRow, i % 8);
 1125              		.loc 1 318 47 view .LVU310
 1126 007e EBE7     		b	.L71
 1127              	.LVL115:
 1128              	.L72:
 1129              	.LBB35:
 320:Core/Inc/ssys/ssys.c ****                 }
 321:Core/Inc/ssys/ssys.c ****             }
 322:Core/Inc/ssys/ssys.c ****             else
 323:Core/Inc/ssys/ssys.c ****             {
 324:Core/Inc/ssys/ssys.c ****                 for (int col = 0; col < 8; col++)
 325:Core/Inc/ssys/ssys.c ****                 {
 326:Core/Inc/ssys/ssys.c ****                     muxWrite(&gMuxKeyCol, col, false);
 1130              		.loc 1 326 21 is_stmt 1 view .LVU311
 1131 0080 0022     		movs	r2, #0
 1132 0082 E1B2     		uxtb	r1, r4
 1133 0084 2F48     		ldr	r0, .L99+8
 1134 0086 FFF7FEFF 		bl	muxWrite
 1135              	.LVL116:
 324:Core/Inc/ssys/ssys.c ****                 {
 1136              		.loc 1 324 47 discriminator 3 view .LVU312
 1137 008a 0134     		adds	r4, r4, #1
 1138              	.LVL117:
 1139              	.L64:
 324:Core/Inc/ssys/ssys.c ****                 {
 1140              		.loc 1 324 39 discriminator 1 view .LVU313
 1141 008c 072C     		cmp	r4, #7
 1142 008e F7DD     		ble	.L72
 1143              	.LBE35:
 327:Core/Inc/ssys/ssys.c ****                 }
 328:Core/Inc/ssys/ssys.c **** 
 329:Core/Inc/ssys/ssys.c ****                 muxWrite(&gMuxKeyCol, i / 8, true);
 1144              		.loc 1 329 17 view .LVU314
 1145              		.loc 1 329 41 is_stmt 0 view .LVU315
 1146 0090 2946     		mov	r1, r5
 1147 0092 002D     		cmp	r5, #0
 1148 0094 33DB     		blt	.L93
 1149              	.L73:
 1150              		.loc 1 329 17 view .LVU316
 1151 0096 0122     		movs	r2, #1
 1152 0098 C1F3C701 		ubfx	r1, r1, #3, #8
 1153 009c 2948     		ldr	r0, .L99+8
 1154 009e FFF7FEFF 		bl	muxWrite
 1155              	.LVL118:
ARM GAS  C:\Users\Made\AppData\Local\Temp\ccvBg507.s 			page 29


 330:Core/Inc/ssys/ssys.c ****                 pressed = muxRead(&gMuxKeyRow, i % 8);
 1156              		.loc 1 330 17 is_stmt 1 view .LVU317
 1157              		.loc 1 330 50 is_stmt 0 view .LVU318
 1158 00a2 6B42     		rsbs	r3, r5, #0
 1159 00a4 05F00701 		and	r1, r5, #7
 1160 00a8 03F00703 		and	r3, r3, #7
 1161 00ac 58BF     		it	pl
 1162 00ae 5942     		rsbpl	r1, r3, #0
 1163              		.loc 1 330 27 view .LVU319
 1164 00b0 C9B2     		uxtb	r1, r1
 1165 00b2 2548     		ldr	r0, .L99+12
 1166 00b4 FFF7FEFF 		bl	muxRead
 1167              	.LVL119:
 1168              	.L69:
 331:Core/Inc/ssys/ssys.c ****             }
 332:Core/Inc/ssys/ssys.c **** 
 333:Core/Inc/ssys/ssys.c ****             if (pressed)
 1169              		.loc 1 333 13 is_stmt 1 view .LVU320
 1170              		.loc 1 333 16 is_stmt 0 view .LVU321
 1171 00b8 18B1     		cbz	r0, .L74
 334:Core/Inc/ssys/ssys.c ****             {
 335:Core/Inc/ssys/ssys.c ****                 cnt++;
 1172              		.loc 1 335 17 is_stmt 1 view .LVU322
 1173              		.loc 1 335 20 is_stmt 0 view .LVU323
 1174 00ba 244A     		ldr	r2, .L99+16
 1175 00bc 1368     		ldr	r3, [r2]
 1176 00be 0133     		adds	r3, r3, #1
 1177 00c0 1360     		str	r3, [r2]
 1178              	.L74:
 336:Core/Inc/ssys/ssys.c ****             }
 337:Core/Inc/ssys/ssys.c **** 
 338:Core/Inc/ssys/ssys.c ****             sysKeyTimestamp *obj = gSysKeyTimestamps + i;
 1179              		.loc 1 338 13 is_stmt 1 view .LVU324
 1180              		.loc 1 338 54 is_stmt 0 view .LVU325
 1181 00c2 EC00     		lsls	r4, r5, #3
 1182              		.loc 1 338 30 view .LVU326
 1183 00c4 224A     		ldr	r2, .L99+20
 1184 00c6 02EBC501 		add	r1, r2, r5, lsl #3
 1185              	.LVL120:
 339:Core/Inc/ssys/ssys.c **** 
 340:Core/Inc/ssys/ssys.c ****             u32 tim5      = TIM_US->CNT;
 1186              		.loc 1 340 13 is_stmt 1 view .LVU327
 1187              		.loc 1 340 17 is_stmt 0 view .LVU328
 1188 00ca 224B     		ldr	r3, .L99+24
 1189 00cc 5B6A     		ldr	r3, [r3, #36]
 1190              	.LVL121:
 341:Core/Inc/ssys/ssys.c ****             u32 timeStamp = tim5;
 1191              		.loc 1 341 13 is_stmt 1 view .LVU329
 342:Core/Inc/ssys/ssys.c ****             if (timeStamp == 0)
 1192              		.loc 1 342 13 view .LVU330
 1193              		.loc 1 342 16 is_stmt 0 view .LVU331
 1194 00ce 03B9     		cbnz	r3, .L75
 343:Core/Inc/ssys/ssys.c ****             {
 344:Core/Inc/ssys/ssys.c ****                 timeStamp = 1;
 1195              		.loc 1 344 27 view .LVU332
 1196 00d0 0123     		movs	r3, #1
 1197              	.LVL122:
ARM GAS  C:\Users\Made\AppData\Local\Temp\ccvBg507.s 			page 30


 1198              	.L75:
 345:Core/Inc/ssys/ssys.c ****             }
 346:Core/Inc/ssys/ssys.c **** 
 347:Core/Inc/ssys/ssys.c ****             if (pass == 0)
 1199              		.loc 1 347 13 is_stmt 1 view .LVU333
 1200              		.loc 1 347 16 is_stmt 0 view .LVU334
 1201 00d2 B6B1     		cbz	r6, .L94
 348:Core/Inc/ssys/ssys.c ****             {
 349:Core/Inc/ssys/ssys.c ****                 obj->timeStampPressedFirst = pressed ? timeStamp : 0;
 350:Core/Inc/ssys/ssys.c ****             }
 351:Core/Inc/ssys/ssys.c ****             else
 352:Core/Inc/ssys/ssys.c ****             {
 353:Core/Inc/ssys/ssys.c ****                 obj->timeStampPressedSecond = pressed ? timeStamp : 0;
 1202              		.loc 1 353 17 is_stmt 1 view .LVU335
 1203              		.loc 1 353 67 is_stmt 0 view .LVU336
 1204 00d4 00B9     		cbnz	r0, .L79
 1205              		.loc 1 353 67 discriminator 2 view .LVU337
 1206 00d6 0023     		movs	r3, #0
 1207              	.LVL123:
 1208              	.L79:
 1209              		.loc 1 353 45 discriminator 4 view .LVU338
 1210 00d8 4B60     		str	r3, [r1, #4]
 1211              	.L78:
 1212              		.loc 1 353 45 discriminator 4 view .LVU339
 1213              	.LBE31:
 294:Core/Inc/ssys/ssys.c ****         {
 1214              		.loc 1 294 53 is_stmt 1 discriminator 2 view .LVU340
 1215 00da 0135     		adds	r5, r5, #1
 1216              	.LVL124:
 1217              	.L81:
 294:Core/Inc/ssys/ssys.c ****         {
 1218              		.loc 1 294 27 discriminator 1 view .LVU341
 1219 00dc 3C2D     		cmp	r5, #60
 1220 00de 14DC     		bgt	.L95
 1221              	.LBB38:
 296:Core/Inc/ssys/ssys.c ****             if (pass == 0)
 1222              		.loc 1 296 13 view .LVU342
 1223              	.LVL125:
 297:Core/Inc/ssys/ssys.c ****             {
 1224              		.loc 1 297 13 view .LVU343
 297:Core/Inc/ssys/ssys.c ****             {
 1225              		.loc 1 297 16 is_stmt 0 view .LVU344
 1226 00e0 5EB9     		cbnz	r6, .L84
 299:Core/Inc/ssys/ssys.c ****                 {
 1227              		.loc 1 299 17 is_stmt 1 view .LVU345
 299:Core/Inc/ssys/ssys.c ****                 {
 1228              		.loc 1 299 20 is_stmt 0 view .LVU346
 1229 00e2 232D     		cmp	r5, #35
 1230 00e4 90DC     		bgt	.L96
 1231              	.LBB36:
 313:Core/Inc/ssys/ssys.c ****                     {
 1232              		.loc 1 313 30 view .LVU347
 1233 00e6 3446     		mov	r4, r6
 1234              	.L65:
 1235              	.LVL126:
 313:Core/Inc/ssys/ssys.c ****                     {
 1236              		.loc 1 313 43 is_stmt 1 discriminator 1 view .LVU348
ARM GAS  C:\Users\Made\AppData\Local\Temp\ccvBg507.s 			page 31


 1237 00e8 042C     		cmp	r4, #4
 1238 00ea B2DC     		bgt	.L97
 315:Core/Inc/ssys/ssys.c ****                     }
 1239              		.loc 1 315 25 view .LVU349
 1240 00ec 0022     		movs	r2, #0
 1241 00ee E1B2     		uxtb	r1, r4
 1242 00f0 1248     		ldr	r0, .L99
 1243 00f2 FFF7FEFF 		bl	muxWrite
 1244              	.LVL127:
 313:Core/Inc/ssys/ssys.c ****                     {
 1245              		.loc 1 313 48 discriminator 3 view .LVU350
 1246 00f6 0134     		adds	r4, r4, #1
 1247              	.LVL128:
 313:Core/Inc/ssys/ssys.c ****                     {
 1248              		.loc 1 313 48 is_stmt 0 discriminator 3 view .LVU351
 1249 00f8 F6E7     		b	.L65
 1250              	.LVL129:
 1251              	.L84:
 313:Core/Inc/ssys/ssys.c ****                     {
 1252              		.loc 1 313 48 discriminator 3 view .LVU352
 1253              	.LBE36:
 1254              	.LBB37:
 324:Core/Inc/ssys/ssys.c ****                 {
 1255              		.loc 1 324 26 view .LVU353
 1256 00fa 0024     		movs	r4, #0
 1257 00fc C6E7     		b	.L64
 1258              	.LVL130:
 1259              	.L93:
 324:Core/Inc/ssys/ssys.c ****                 {
 1260              		.loc 1 324 26 view .LVU354
 1261              	.LBE37:
 329:Core/Inc/ssys/ssys.c ****                 pressed = muxRead(&gMuxKeyRow, i % 8);
 1262              		.loc 1 329 41 view .LVU355
 1263 00fe E91D     		adds	r1, r5, #7
 1264              	.LVL131:
 329:Core/Inc/ssys/ssys.c ****                 pressed = muxRead(&gMuxKeyRow, i % 8);
 1265              		.loc 1 329 41 view .LVU356
 1266 0100 C9E7     		b	.L73
 1267              	.LVL132:
 1268              	.L94:
 349:Core/Inc/ssys/ssys.c ****             }
 1269              		.loc 1 349 17 is_stmt 1 view .LVU357
 349:Core/Inc/ssys/ssys.c ****             }
 1270              		.loc 1 349 66 is_stmt 0 view .LVU358
 1271 0102 00B9     		cbnz	r0, .L77
 349:Core/Inc/ssys/ssys.c ****             }
 1272              		.loc 1 349 66 discriminator 2 view .LVU359
 1273 0104 3346     		mov	r3, r6
 1274              	.LVL133:
 1275              	.L77:
 349:Core/Inc/ssys/ssys.c ****             }
 1276              		.loc 1 349 44 discriminator 4 view .LVU360
 1277 0106 1351     		str	r3, [r2, r4]
 1278 0108 E7E7     		b	.L78
 1279              	.LVL134:
 1280              	.L95:
 349:Core/Inc/ssys/ssys.c ****             }
ARM GAS  C:\Users\Made\AppData\Local\Temp\ccvBg507.s 			page 32


 1281              		.loc 1 349 44 discriminator 4 view .LVU361
 1282              	.LBE38:
 1283              	.LBE30:
 292:Core/Inc/ssys/ssys.c ****     {
 1284              		.loc 1 292 34 is_stmt 1 discriminator 2 view .LVU362
 1285 010a 0136     		adds	r6, r6, #1
 1286              	.LVL135:
 1287              	.L63:
 292:Core/Inc/ssys/ssys.c ****     {
 1288              		.loc 1 292 29 discriminator 1 view .LVU363
 1289 010c 012E     		cmp	r6, #1
 1290 010e 01DC     		bgt	.L98
 1291              	.LBB39:
 294:Core/Inc/ssys/ssys.c ****         {
 1292              		.loc 1 294 18 is_stmt 0 view .LVU364
 1293 0110 0025     		movs	r5, #0
 1294 0112 E3E7     		b	.L81
 1295              	.L98:
 1296              	.LBE39:
 1297              	.LBE29:
 354:Core/Inc/ssys/ssys.c ****             }
 355:Core/Inc/ssys/ssys.c ****         }
 356:Core/Inc/ssys/ssys.c ****     }
 357:Core/Inc/ssys/ssys.c **** 
 358:Core/Inc/ssys/ssys.c ****     sysKeyTimestamp obj = gSysKeyTimestamps[TONE_OFFSET_C6 - TONE_OFFSET_C2];
 1298              		.loc 1 358 5 is_stmt 1 view .LVU365
 1299              		.loc 1 358 21 is_stmt 0 view .LVU366
 1300 0114 104B     		ldr	r3, .L99+28
 1301 0116 93E80300 		ldm	r3, {r0, r1}
 1302 011a 02AB     		add	r3, sp, #8
 1303 011c 03E90300 		stmdb	r3, {r0, r1}
 359:Core/Inc/ssys/ssys.c ****     if (obj.timeStampPressedFirst != 0 && obj.timeStampPressedSecond != 0)
 1304              		.loc 1 359 5 is_stmt 1 view .LVU367
 1305              		.loc 1 359 8 is_stmt 0 view .LVU368
 1306 0120 38B1     		cbz	r0, .L82
 1307              		.loc 1 359 40 discriminator 1 view .LVU369
 1308 0122 31B1     		cbz	r1, .L82
 360:Core/Inc/ssys/ssys.c ****     {
 361:Core/Inc/ssys/ssys.c ****         timeDiff = abs(obj.timeStampPressedSecond - obj.timeStampPressedFirst);
 1309              		.loc 1 361 9 is_stmt 1 view .LVU370
 1310              		.loc 1 361 51 is_stmt 0 view .LVU371
 1311 0124 0B1A     		subs	r3, r1, r0
 1312              		.loc 1 361 20 view .LVU372
 1313 0126 002B     		cmp	r3, #0
 1314 0128 B8BF     		it	lt
 1315 012a 5B42     		rsblt	r3, r3, #0
 1316              		.loc 1 361 18 view .LVU373
 1317 012c 0B4A     		ldr	r2, .L99+32
 1318 012e 1360     		str	r3, [r2]
 1319 0130 02E0     		b	.L62
 1320              	.L82:
 362:Core/Inc/ssys/ssys.c ****     }
 363:Core/Inc/ssys/ssys.c ****     else
 364:Core/Inc/ssys/ssys.c ****     {
 365:Core/Inc/ssys/ssys.c ****         timeDiff = 0xDEADBEEF;
 1321              		.loc 1 365 9 is_stmt 1 view .LVU374
 1322              		.loc 1 365 18 is_stmt 0 view .LVU375
ARM GAS  C:\Users\Made\AppData\Local\Temp\ccvBg507.s 			page 33


 1323 0132 0A4B     		ldr	r3, .L99+32
 1324 0134 0A4A     		ldr	r2, .L99+36
 1325 0136 1A60     		str	r2, [r3]
 1326              	.L62:
 366:Core/Inc/ssys/ssys.c ****     }
 367:Core/Inc/ssys/ssys.c **** }
 1327              		.loc 1 367 1 view .LVU376
 1328 0138 03B0     		add	sp, sp, #12
 1329              	.LCFI10:
 1330              		.cfi_def_cfa_offset 20
 1331              		@ sp needed
 1332 013a F0BD     		pop	{r4, r5, r6, r7, pc}
 1333              	.LVL136:
 1334              	.L100:
 1335              		.loc 1 367 1 view .LVU377
 1336              		.align	2
 1337              	.L99:
 1338 013c 00000000 		.word	gMuxOgKeyCol
 1339 0140 00000000 		.word	gMuxOgKeyRow
 1340 0144 00000000 		.word	gMuxKeyCol
 1341 0148 00000000 		.word	gMuxKeyRow
 1342 014c 00000000 		.word	cnt
 1343 0150 00000000 		.word	gSysKeyTimestamps
 1344 0154 000C0040 		.word	1073744896
 1345 0158 80010000 		.word	gSysKeyTimestamps+384
 1346 015c 00000000 		.word	timeDiff
 1347 0160 EFBEADDE 		.word	-559038737
 1348              		.cfi_endproc
 1349              	.LFE344:
 1351              		.section	.rodata.sysRender.str1.4,"aMS",%progbits,1
 1352              		.align	2
 1353              	.LC0:
 1354 0000 4C4F4144 		.ascii	"LOADING...\000"
 1354      494E472E 
 1354      2E2E00
 1355 000b 00       		.align	2
 1356              	.LC1:
 1357 000c 25303564 		.ascii	"%05d\012\000"
 1357      0A00
 1358              		.section	.text.sysRender,"ax",%progbits
 1359              		.align	1
 1360              		.global	sysRender
 1361              		.syntax unified
 1362              		.thumb
 1363              		.thumb_func
 1365              	sysRender:
 1366              	.LFB346:
 368:Core/Inc/ssys/ssys.c **** 
 369:Core/Inc/ssys/ssys.c **** void sysPoll() {
 370:Core/Inc/ssys/ssys.c ****     if (gSysIsLoaded)
 371:Core/Inc/ssys/ssys.c ****     {
 372:Core/Inc/ssys/ssys.c ****         auto track                     = gSysTrackInfo + 0;
 373:Core/Inc/ssys/ssys.c ****         track->isActive                = true;
 374:Core/Inc/ssys/ssys.c ****         track->instrument.instrumentId = 19;
 375:Core/Inc/ssys/ssys.c **** 
 376:Core/Inc/ssys/ssys.c ****         auto octave = 24;
 377:Core/Inc/ssys/ssys.c **** 
ARM GAS  C:\Users\Made\AppData\Local\Temp\ccvBg507.s 			page 34


 378:Core/Inc/ssys/ssys.c ****         track->keys[TONE_OFFSET_B6 - SFS_FIRST_KEY - octave].state    = SYS_BTNSTATE_HELD;
 379:Core/Inc/ssys/ssys.c ****         track->keys[TONE_OFFSET_B6 - SFS_FIRST_KEY - octave].velocity = 255;
 380:Core/Inc/ssys/ssys.c **** 
 381:Core/Inc/ssys/ssys.c ****         track->keys[TONE_OFFSET_D6 + 1 - SFS_FIRST_KEY - octave].state    = SYS_BTNSTATE_HELD;
 382:Core/Inc/ssys/ssys.c ****         track->keys[TONE_OFFSET_D6 + 1 - SFS_FIRST_KEY - octave].velocity = 255;
 383:Core/Inc/ssys/ssys.c **** 
 384:Core/Inc/ssys/ssys.c ****         track->keys[TONE_OFFSET_F6 + 1 - SFS_FIRST_KEY - octave].state    = SYS_BTNSTATE_HELD;
 385:Core/Inc/ssys/ssys.c ****         track->keys[TONE_OFFSET_F6 + 1 - SFS_FIRST_KEY - octave].velocity = 255;
 386:Core/Inc/ssys/ssys.c **** 
 387:Core/Inc/ssys/ssys.c ****         track->keys[TONE_OFFSET_A6 - SFS_FIRST_KEY - octave].state    = SYS_BTNSTATE_HELD;
 388:Core/Inc/ssys/ssys.c ****         track->keys[TONE_OFFSET_A6 - SFS_FIRST_KEY - octave].velocity = 255;
 389:Core/Inc/ssys/ssys.c **** 
 390:Core/Inc/ssys/ssys.c ****         // sysReadInputs();
 391:Core/Inc/ssys/ssys.c ****         // sysHandleInputs();
 392:Core/Inc/ssys/ssys.c ****         sysUpdateTrackData();
 393:Core/Inc/ssys/ssys.c ****     }
 394:Core/Inc/ssys/ssys.c ****     sysRender();
 395:Core/Inc/ssys/ssys.c **** }
 396:Core/Inc/ssys/ssys.c **** 
 397:Core/Inc/ssys/ssys.c **** void sysRender() {
 1367              		.loc 1 397 18 is_stmt 1 view -0
 1368              		.cfi_startproc
 1369              		@ args = 0, pretend = 0, frame = 32
 1370              		@ frame_needed = 0, uses_anonymous_args = 0
 1371 0000 10B5     		push	{r4, lr}
 1372              	.LCFI11:
 1373              		.cfi_def_cfa_offset 8
 1374              		.cfi_offset 4, -8
 1375              		.cfi_offset 14, -4
 1376 0002 8CB0     		sub	sp, sp, #48
 1377              	.LCFI12:
 1378              		.cfi_def_cfa_offset 56
 398:Core/Inc/ssys/ssys.c ****     glcdClsSoft();
 1379              		.loc 1 398 5 view .LVU379
 1380 0004 FFF7FEFF 		bl	glcdClsSoft
 1381              	.LVL137:
 399:Core/Inc/ssys/ssys.c ****     glcdDrawRectangle(0, 0, 128, 64, 1);
 1382              		.loc 1 399 5 view .LVU380
 1383 0008 0123     		movs	r3, #1
 1384 000a 0093     		str	r3, [sp]
 1385 000c 4023     		movs	r3, #64
 1386 000e 8022     		movs	r2, #128
 1387 0010 0021     		movs	r1, #0
 1388 0012 0846     		mov	r0, r1
 1389 0014 FFF7FEFF 		bl	glcdDrawRectangle
 1390              	.LVL138:
 400:Core/Inc/ssys/ssys.c **** 
 401:Core/Inc/ssys/ssys.c ****     if (gSysCurrentMenuId != gSysLastMenuId)
 1391              		.loc 1 401 5 view .LVU381
 1392              		.loc 1 401 27 is_stmt 0 view .LVU382
 1393 0018 304B     		ldr	r3, .L115
 1394 001a 1B78     		ldrb	r3, [r3]	@ zero_extendqisi2
 1395 001c 304A     		ldr	r2, .L115+4
 1396 001e 1278     		ldrb	r2, [r2]	@ zero_extendqisi2
 1397              		.loc 1 401 8 view .LVU383
 1398 0020 9342     		cmp	r3, r2
 1399 0022 02D0     		beq	.L102
ARM GAS  C:\Users\Made\AppData\Local\Temp\ccvBg507.s 			page 35


 402:Core/Inc/ssys/ssys.c ****     {
 403:Core/Inc/ssys/ssys.c ****         gSysCurrentMenuTimer = 0;
 1400              		.loc 1 403 9 is_stmt 1 view .LVU384
 1401              		.loc 1 403 30 is_stmt 0 view .LVU385
 1402 0024 2F4A     		ldr	r2, .L115+8
 1403 0026 0021     		movs	r1, #0
 1404 0028 1160     		str	r1, [r2]	@ float
 1405              	.L102:
 404:Core/Inc/ssys/ssys.c ****     }
 405:Core/Inc/ssys/ssys.c ****     gSysLastMenuId = gSysCurrentMenuId;
 1406              		.loc 1 405 5 is_stmt 1 view .LVU386
 1407              		.loc 1 405 20 is_stmt 0 view .LVU387
 1408 002a 2D4A     		ldr	r2, .L115+4
 1409 002c 1370     		strb	r3, [r2]
 406:Core/Inc/ssys/ssys.c **** 
 407:Core/Inc/ssys/ssys.c ****     // if (gSysDeltaTime > 0)
 408:Core/Inc/ssys/ssys.c ****     // {
 409:Core/Inc/ssys/ssys.c ****     //     glcdSeek(SYS_GUI_ORIGIN, 64 - (SYS_GUI_ORIGIN + 3 * (SYS_FONT_HEIGHT + SYS_FONT_SPACING_
 410:Core/Inc/ssys/ssys.c ****     //     char fps[64];
 411:Core/Inc/ssys/ssys.c ****     //     sprintf(fps, "TPS: %04ld (%6.2f ms)\nFrame counter: %ld\n", (s32) (1 / gSysDeltaTime), g
 412:Core/Inc/ssys/ssys.c ****     //     glcdDrawString(fps);
 413:Core/Inc/ssys/ssys.c ****     // }
 414:Core/Inc/ssys/ssys.c **** 
 415:Core/Inc/ssys/ssys.c ****     sysGlcdSeekOrigin();
 1410              		.loc 1 415 5 is_stmt 1 view .LVU388
 1411 002e 0521     		movs	r1, #5
 1412 0030 0846     		mov	r0, r1
 1413 0032 FFF7FEFF 		bl	glcdSeek
 1414              	.LVL139:
 1415              		.loc 1 415 5 discriminator 1 view .LVU389
 1416 0036 0521     		movs	r1, #5
 1417 0038 0846     		mov	r0, r1
 1418 003a FFF7FEFF 		bl	glcdSetOrigin
 1419              	.LVL140:
 416:Core/Inc/ssys/ssys.c ****     switch (gSysCurrentMenuId)
 1420              		.loc 1 416 5 view .LVU390
 1421 003e 274B     		ldr	r3, .L115
 1422 0040 1B78     		ldrb	r3, [r3]	@ zero_extendqisi2
 1423 0042 032B     		cmp	r3, #3
 1424 0044 0ED8     		bhi	.L103
 1425 0046 DFE803F0 		tbb	[pc, r3]
 1426              	.L105:
 1427 004a 02       		.byte	(.L108-.L105)/2
 1428 004b 1A       		.byte	(.L107-.L105)/2
 1429 004c 32       		.byte	(.L106-.L105)/2
 1430 004d 39       		.byte	(.L104-.L105)/2
 1431              		.p2align 1
 1432              	.L108:
 417:Core/Inc/ssys/ssys.c ****     {
 418:Core/Inc/ssys/ssys.c ****         case SYS_MENU_ERROR: {
 419:Core/Inc/ssys/ssys.c ****             glcdDrawStringCenteredInRect(gSysStrError, 0, 0, 128, 64, true, true);
 1433              		.loc 1 419 13 view .LVU391
 1434 004e 0123     		movs	r3, #1
 1435 0050 0293     		str	r3, [sp, #8]
 1436 0052 0193     		str	r3, [sp, #4]
 1437 0054 4023     		movs	r3, #64
 1438 0056 0093     		str	r3, [sp]
ARM GAS  C:\Users\Made\AppData\Local\Temp\ccvBg507.s 			page 36


 1439 0058 8023     		movs	r3, #128
 1440 005a 0022     		movs	r2, #0
 1441 005c 1146     		mov	r1, r2
 1442 005e 2248     		ldr	r0, .L115+12
 1443 0060 FFF7FEFF 		bl	glcdDrawStringCenteredInRect
 1444              	.LVL141:
 420:Core/Inc/ssys/ssys.c **** 
 421:Core/Inc/ssys/ssys.c ****             break;
 1445              		.loc 1 421 13 view .LVU392
 1446              	.L103:
 422:Core/Inc/ssys/ssys.c ****         }
 423:Core/Inc/ssys/ssys.c ****         case SYS_MENU_LOADING: {
 424:Core/Inc/ssys/ssys.c ****             if (gSysCurrentMenuTimer > 0)
 425:Core/Inc/ssys/ssys.c ****             {
 426:Core/Inc/ssys/ssys.c ****                 gSysCurrentMenuId = SYS_MENU_LOADING_DONE;
 427:Core/Inc/ssys/ssys.c ****                 break;
 428:Core/Inc/ssys/ssys.c ****             }
 429:Core/Inc/ssys/ssys.c **** 
 430:Core/Inc/ssys/ssys.c ****             glcdDrawStringCenteredInRect("LOADING...", SYS_GUI_ORIGIN, SYS_GUI_ORIGIN, 128 - SYS_GU
 431:Core/Inc/ssys/ssys.c **** 
 432:Core/Inc/ssys/ssys.c ****             break;
 433:Core/Inc/ssys/ssys.c ****         }
 434:Core/Inc/ssys/ssys.c ****         case SYS_MENU_LOADING_DONE: {
 435:Core/Inc/ssys/ssys.c ****             s32 timerY = max(0, (gSysCurrentMenuTimer - 2.0F) * 70);
 436:Core/Inc/ssys/ssys.c ****             if (true || timerY > 0)
 437:Core/Inc/ssys/ssys.c ****             {
 438:Core/Inc/ssys/ssys.c ****                 gSysIsLoaded      = true;
 439:Core/Inc/ssys/ssys.c ****                 gSysCurrentMenuId = SYS_MENU_DEFAULT;
 440:Core/Inc/ssys/ssys.c ****                 break;
 441:Core/Inc/ssys/ssys.c ****             }
 442:Core/Inc/ssys/ssys.c **** 
 443:Core/Inc/ssys/ssys.c ****             glcdDrawStringCenteredInRect("LOADED.\nL o v r o  S y n t h", SYS_GUI_ORIGIN, timerY + 
 444:Core/Inc/ssys/ssys.c **** 
 445:Core/Inc/ssys/ssys.c ****             break;
 446:Core/Inc/ssys/ssys.c ****         }
 447:Core/Inc/ssys/ssys.c ****         case SYS_MENU_DEFAULT: {
 448:Core/Inc/ssys/ssys.c ****             char buf[32];
 449:Core/Inc/ssys/ssys.c ****             sprintf(buf, "%05d\n", sysGetMainTrack()->instrument.instrumentId);
 450:Core/Inc/ssys/ssys.c ****             glcdDrawString(buf);
 451:Core/Inc/ssys/ssys.c ****             glcdDrawString(sysGetMainTrack()->instrument.cachedName);
 452:Core/Inc/ssys/ssys.c **** 
 453:Core/Inc/ssys/ssys.c ****             break;
 454:Core/Inc/ssys/ssys.c ****         }
 455:Core/Inc/ssys/ssys.c **** 
 456:Core/Inc/ssys/ssys.c ****         default: {
 457:Core/Inc/ssys/ssys.c ****             break;
 458:Core/Inc/ssys/ssys.c ****         }
 459:Core/Inc/ssys/ssys.c ****     }
 460:Core/Inc/ssys/ssys.c **** 
 461:Core/Inc/ssys/ssys.c ****     gSysCurrentMenuTimer += 1.0F / SYS_POLL_RATE;
 1447              		.loc 1 461 5 view .LVU393
 1448              		.loc 1 461 26 is_stmt 0 view .LVU394
 1449 0064 1F4B     		ldr	r3, .L115+8
 1450 0066 D3ED007A 		vldr.32	s15, [r3]
 1451 006a 9FED207A 		vldr.32	s14, .L115+16
 1452 006e 77EE877A 		vadd.f32	s15, s15, s14
 1453 0072 C3ED007A 		vstr.32	s15, [r3]
ARM GAS  C:\Users\Made\AppData\Local\Temp\ccvBg507.s 			page 37


 462:Core/Inc/ssys/ssys.c ****     glcdFinalize();
 1454              		.loc 1 462 5 is_stmt 1 view .LVU395
 1455 0076 FFF7FEFF 		bl	glcdFinalize
 1456              	.LVL142:
 463:Core/Inc/ssys/ssys.c **** }
 1457              		.loc 1 463 1 is_stmt 0 view .LVU396
 1458 007a 0CB0     		add	sp, sp, #48
 1459              	.LCFI13:
 1460              		.cfi_remember_state
 1461              		.cfi_def_cfa_offset 8
 1462              		@ sp needed
 1463 007c 10BD     		pop	{r4, pc}
 1464              	.L107:
 1465              	.LCFI14:
 1466              		.cfi_restore_state
 424:Core/Inc/ssys/ssys.c ****             {
 1467              		.loc 1 424 13 is_stmt 1 view .LVU397
 424:Core/Inc/ssys/ssys.c ****             {
 1468              		.loc 1 424 38 is_stmt 0 view .LVU398
 1469 007e 194B     		ldr	r3, .L115+8
 1470 0080 D3ED007A 		vldr.32	s15, [r3]
 424:Core/Inc/ssys/ssys.c ****             {
 1471              		.loc 1 424 16 view .LVU399
 1472 0084 F5EEC07A 		vcmpe.f32	s15, #0
 1473 0088 F1EE10FA 		vmrs	APSR_nzcv, FPSCR
 1474 008c 03DD     		ble	.L112
 426:Core/Inc/ssys/ssys.c ****                 break;
 1475              		.loc 1 426 17 is_stmt 1 view .LVU400
 426:Core/Inc/ssys/ssys.c ****                 break;
 1476              		.loc 1 426 35 is_stmt 0 view .LVU401
 1477 008e 134B     		ldr	r3, .L115
 1478 0090 0222     		movs	r2, #2
 1479 0092 1A70     		strb	r2, [r3]
 427:Core/Inc/ssys/ssys.c ****             }
 1480              		.loc 1 427 17 is_stmt 1 view .LVU402
 1481 0094 E6E7     		b	.L103
 1482              	.L112:
 430:Core/Inc/ssys/ssys.c **** 
 1483              		.loc 1 430 13 view .LVU403
 1484 0096 0123     		movs	r3, #1
 1485 0098 0293     		str	r3, [sp, #8]
 1486 009a 0193     		str	r3, [sp, #4]
 1487 009c 3623     		movs	r3, #54
 1488 009e 0093     		str	r3, [sp]
 1489 00a0 7623     		movs	r3, #118
 1490 00a2 0522     		movs	r2, #5
 1491 00a4 1146     		mov	r1, r2
 1492 00a6 1248     		ldr	r0, .L115+20
 1493 00a8 FFF7FEFF 		bl	glcdDrawStringCenteredInRect
 1494              	.LVL143:
 432:Core/Inc/ssys/ssys.c ****         }
 1495              		.loc 1 432 13 view .LVU404
 1496 00ac DAE7     		b	.L103
 1497              	.L106:
 1498              	.LBB40:
 435:Core/Inc/ssys/ssys.c ****             if (true || timerY > 0)
 1499              		.loc 1 435 13 view .LVU405
ARM GAS  C:\Users\Made\AppData\Local\Temp\ccvBg507.s 			page 38


 436:Core/Inc/ssys/ssys.c ****             {
 1500              		.loc 1 436 13 view .LVU406
 438:Core/Inc/ssys/ssys.c ****                 gSysCurrentMenuId = SYS_MENU_DEFAULT;
 1501              		.loc 1 438 17 view .LVU407
 438:Core/Inc/ssys/ssys.c ****                 gSysCurrentMenuId = SYS_MENU_DEFAULT;
 1502              		.loc 1 438 35 is_stmt 0 view .LVU408
 1503 00ae 114B     		ldr	r3, .L115+24
 1504 00b0 0122     		movs	r2, #1
 1505 00b2 1A70     		strb	r2, [r3]
 439:Core/Inc/ssys/ssys.c ****                 break;
 1506              		.loc 1 439 17 is_stmt 1 view .LVU409
 439:Core/Inc/ssys/ssys.c ****                 break;
 1507              		.loc 1 439 35 is_stmt 0 view .LVU410
 1508 00b4 094B     		ldr	r3, .L115
 1509 00b6 0322     		movs	r2, #3
 1510 00b8 1A70     		strb	r2, [r3]
 440:Core/Inc/ssys/ssys.c ****             }
 1511              		.loc 1 440 17 is_stmt 1 view .LVU411
 1512 00ba D3E7     		b	.L103
 1513              	.L104:
 1514              	.LBE40:
 1515              	.LBB41:
 448:Core/Inc/ssys/ssys.c ****             sprintf(buf, "%05d\n", sysGetMainTrack()->instrument.instrumentId);
 1516              		.loc 1 448 13 view .LVU412
 449:Core/Inc/ssys/ssys.c ****             glcdDrawString(buf);
 1517              		.loc 1 449 13 view .LVU413
 449:Core/Inc/ssys/ssys.c ****             glcdDrawString(buf);
 1518              		.loc 1 449 65 is_stmt 0 view .LVU414
 1519 00bc 0E4C     		ldr	r4, .L115+28
 449:Core/Inc/ssys/ssys.c ****             glcdDrawString(buf);
 1520              		.loc 1 449 13 view .LVU415
 1521 00be B4F8A020 		ldrh	r2, [r4, #160]
 1522 00c2 0E49     		ldr	r1, .L115+32
 1523 00c4 04A8     		add	r0, sp, #16
 1524 00c6 FFF7FEFF 		bl	sprintf
 1525              	.LVL144:
 450:Core/Inc/ssys/ssys.c ****             glcdDrawString(sysGetMainTrack()->instrument.cachedName);
 1526              		.loc 1 450 13 is_stmt 1 view .LVU416
 1527 00ca 04A8     		add	r0, sp, #16
 1528 00cc FFF7FEFF 		bl	glcdDrawString
 1529              	.LVL145:
 451:Core/Inc/ssys/ssys.c **** 
 1530              		.loc 1 451 13 view .LVU417
 1531 00d0 04F1A200 		add	r0, r4, #162
 1532 00d4 FFF7FEFF 		bl	glcdDrawString
 1533              	.LVL146:
 453:Core/Inc/ssys/ssys.c ****         }
 1534              		.loc 1 453 13 view .LVU418
 1535 00d8 C4E7     		b	.L103
 1536              	.L116:
 1537 00da 00BF     		.align	2
 1538              	.L115:
 1539 00dc 00000000 		.word	gSysCurrentMenuId
 1540 00e0 00000000 		.word	gSysLastMenuId
 1541 00e4 00000000 		.word	gSysCurrentMenuTimer
 1542 00e8 00000000 		.word	gSysStrError
 1543 00ec CDCCCC3D 		.word	1036831949
ARM GAS  C:\Users\Made\AppData\Local\Temp\ccvBg507.s 			page 39


 1544 00f0 00000000 		.word	.LC0
 1545 00f4 00000000 		.word	gSysIsLoaded
 1546 00f8 00000000 		.word	gSysTrackInfo
 1547 00fc 0C000000 		.word	.LC1
 1548              	.LBE41:
 1549              		.cfi_endproc
 1550              	.LFE346:
 1552              		.section	.text.sysUpdateTrackData,"ax",%progbits
 1553              		.align	1
 1554              		.global	sysUpdateTrackData
 1555              		.syntax unified
 1556              		.thumb
 1557              		.thumb_func
 1559              	sysUpdateTrackData:
 1560              	.LFB347:
 464:Core/Inc/ssys/ssys.c **** 
 465:Core/Inc/ssys/ssys.c **** void sysUpdateTrackData() {
 1561              		.loc 1 465 27 view -0
 1562              		.cfi_startproc
 1563              		@ args = 0, pretend = 0, frame = 0
 1564              		@ frame_needed = 0, uses_anonymous_args = 0
 1565 0000 2DE9F843 		push	{r3, r4, r5, r6, r7, r8, r9, lr}
 1566              	.LCFI15:
 1567              		.cfi_def_cfa_offset 32
 1568              		.cfi_offset 3, -32
 1569              		.cfi_offset 4, -28
 1570              		.cfi_offset 5, -24
 1571              		.cfi_offset 6, -20
 1572              		.cfi_offset 7, -16
 1573              		.cfi_offset 8, -12
 1574              		.cfi_offset 9, -8
 1575              		.cfi_offset 14, -4
 466:Core/Inc/ssys/ssys.c ****     for (int i = 0; i < SYS_TRACK_COUNT; i++)
 1576              		.loc 1 466 5 view .LVU420
 1577              	.LBB42:
 1578              		.loc 1 466 10 view .LVU421
 1579              	.LVL147:
 1580              		.loc 1 466 14 is_stmt 0 view .LVU422
 1581 0004 0025     		movs	r5, #0
 1582              		.loc 1 466 5 view .LVU423
 1583 0006 03E0     		b	.L118
 1584              	.LVL148:
 1585              	.L120:
 1586              	.LBB43:
 467:Core/Inc/ssys/ssys.c ****     {
 468:Core/Inc/ssys/ssys.c ****         sysTrack *track = gSysTrackInfo + i;
 469:Core/Inc/ssys/ssys.c ****         if (!track->isActive)
 470:Core/Inc/ssys/ssys.c ****         {
 471:Core/Inc/ssys/ssys.c ****             continue;
 472:Core/Inc/ssys/ssys.c ****         }
 473:Core/Inc/ssys/ssys.c **** 
 474:Core/Inc/ssys/ssys.c ****         sysSingleInstrumentRuntime *instrument = &track->instrument;
 475:Core/Inc/ssys/ssys.c ****         if (instrument->instrumentId >= gSfsHeader->instrumentCount)
 476:Core/Inc/ssys/ssys.c ****         {
 477:Core/Inc/ssys/ssys.c ****             instrument->instrumentId = 0;
 478:Core/Inc/ssys/ssys.c ****         }
 479:Core/Inc/ssys/ssys.c **** 
ARM GAS  C:\Users\Made\AppData\Local\Temp\ccvBg507.s 			page 40


 480:Core/Inc/ssys/ssys.c ****         if (!track->isLoaded)
 1587              		.loc 1 480 9 is_stmt 1 view .LVU424
 1588              		.loc 1 480 19 is_stmt 0 view .LVU425
 1589 0008 94F8EC30 		ldrb	r3, [r4, #236]	@ zero_extendqisi2
 1590              		.loc 1 480 12 view .LVU426
 1591 000c BBB1     		cbz	r3, .L123
 1592              	.LVL149:
 1593              	.L119:
 1594              		.loc 1 480 12 view .LVU427
 1595              	.LBE43:
 466:Core/Inc/ssys/ssys.c ****     for (int i = 0; i < SYS_TRACK_COUNT; i++)
 1596              		.loc 1 466 43 is_stmt 1 discriminator 2 view .LVU428
 1597 000e 0135     		adds	r5, r5, #1
 1598              	.LVL150:
 1599              	.L118:
 466:Core/Inc/ssys/ssys.c ****     for (int i = 0; i < SYS_TRACK_COUNT; i++)
 1600              		.loc 1 466 23 discriminator 1 view .LVU429
 1601 0010 072D     		cmp	r5, #7
 1602 0012 59DC     		bgt	.L124
 1603              	.LBB45:
 468:Core/Inc/ssys/ssys.c ****         if (!track->isActive)
 1604              		.loc 1 468 9 view .LVU430
 468:Core/Inc/ssys/ssys.c ****         if (!track->isActive)
 1605              		.loc 1 468 41 is_stmt 0 view .LVU431
 1606 0014 C5EB0513 		rsb	r3, r5, r5, lsl #4
 1607 0018 1C01     		lsls	r4, r3, #4
 468:Core/Inc/ssys/ssys.c ****         if (!track->isActive)
 1608              		.loc 1 468 19 view .LVU432
 1609 001a 2C4B     		ldr	r3, .L125
 1610 001c 1C44     		add	r4, r4, r3
 1611              	.LVL151:
 469:Core/Inc/ssys/ssys.c ****         {
 1612              		.loc 1 469 9 is_stmt 1 view .LVU433
 469:Core/Inc/ssys/ssys.c ****         {
 1613              		.loc 1 469 19 is_stmt 0 view .LVU434
 1614 001e 94F8ED30 		ldrb	r3, [r4, #237]	@ zero_extendqisi2
 469:Core/Inc/ssys/ssys.c ****         {
 1615              		.loc 1 469 12 view .LVU435
 1616 0022 002B     		cmp	r3, #0
 1617 0024 F3D0     		beq	.L119
 474:Core/Inc/ssys/ssys.c ****         if (instrument->instrumentId >= gSfsHeader->instrumentCount)
 1618              		.loc 1 474 9 is_stmt 1 view .LVU436
 474:Core/Inc/ssys/ssys.c ****         if (instrument->instrumentId >= gSfsHeader->instrumentCount)
 1619              		.loc 1 474 37 is_stmt 0 view .LVU437
 1620 0026 04F17C06 		add	r6, r4, #124
 1621              	.LVL152:
 475:Core/Inc/ssys/ssys.c ****         {
 1622              		.loc 1 475 9 is_stmt 1 view .LVU438
 475:Core/Inc/ssys/ssys.c ****         {
 1623              		.loc 1 475 23 is_stmt 0 view .LVU439
 1624 002a B4F8A020 		ldrh	r2, [r4, #160]
 475:Core/Inc/ssys/ssys.c ****         {
 1625              		.loc 1 475 51 view .LVU440
 1626 002e 284B     		ldr	r3, .L125+4
 1627 0030 5B6A     		ldr	r3, [r3, #36]	@ unaligned
 475:Core/Inc/ssys/ssys.c ****         {
 1628              		.loc 1 475 12 view .LVU441
ARM GAS  C:\Users\Made\AppData\Local\Temp\ccvBg507.s 			page 41


 1629 0032 9A42     		cmp	r2, r3
 1630 0034 E8D3     		bcc	.L120
 477:Core/Inc/ssys/ssys.c ****         }
 1631              		.loc 1 477 13 is_stmt 1 view .LVU442
 477:Core/Inc/ssys/ssys.c ****         }
 1632              		.loc 1 477 38 is_stmt 0 view .LVU443
 1633 0036 0023     		movs	r3, #0
 1634 0038 A4F8A030 		strh	r3, [r4, #160]	@ movhi
 1635 003c E4E7     		b	.L120
 1636              	.L123:
 1637              	.LBB44:
 481:Core/Inc/ssys/ssys.c ****         {
 482:Core/Inc/ssys/ssys.c ****             u32 off = instrument->instrumentId * sizeof(sfsSingleInstrument);
 1638              		.loc 1 482 13 is_stmt 1 view .LVU444
 1639              		.loc 1 482 33 is_stmt 0 view .LVU445
 1640 003e B4F8A030 		ldrh	r3, [r4, #160]
 1641              		.loc 1 482 17 view .LVU446
 1642 0042 4FEA4318 		lsl	r8, r3, #5
 1643              	.LVL153:
 483:Core/Inc/ssys/ssys.c ****             sfsReadBlocks(gSysTmpBlock, gSfsHeader->instrumentInfoDataBlockStart + off / BLOCK_SIZE
 1644              		.loc 1 483 13 is_stmt 1 view .LVU447
 1645              		.loc 1 483 51 is_stmt 0 view .LVU448
 1646 0046 DFF88890 		ldr	r9, .L125+4
 1647 004a D9F81810 		ldr	r1, [r9, #24]	@ unaligned
 1648              		.loc 1 483 13 view .LVU449
 1649 004e 214F     		ldr	r7, .L125+8
 1650 0050 0122     		movs	r2, #1
 1651 0052 01EB1311 		add	r1, r1, r3, lsr #4
 1652 0056 3846     		mov	r0, r7
 1653 0058 FFF7FEFF 		bl	sfsReadBlocks
 1654              	.LVL154:
 484:Core/Inc/ssys/ssys.c **** 
 485:Core/Inc/ssys/ssys.c ****             memcpy(instrument, gSysTmpBlock + off % BLOCK_SIZE, sizeof(sfsSingleInstrument)); // NO
 1655              		.loc 1 485 13 is_stmt 1 view .LVU450
 1656              		.loc 1 485 51 is_stmt 0 view .LVU451
 1657 005c C8F30802 		ubfx	r2, r8, #0, #9
 1658              		.loc 1 485 13 view .LVU452
 1659 0060 D319     		adds	r3, r2, r7
 1660 0062 57F802C0 		ldr	ip, [r7, r2]	@ unaligned
 1661 0066 5868     		ldr	r0, [r3, #4]	@ unaligned
 1662 0068 9968     		ldr	r1, [r3, #8]	@ unaligned
 1663 006a DA68     		ldr	r2, [r3, #12]	@ unaligned
 1664 006c C4F87CC0 		str	ip, [r4, #124]	@ unaligned
 1665 0070 7060     		str	r0, [r6, #4]	@ unaligned
 1666 0072 B160     		str	r1, [r6, #8]	@ unaligned
 1667 0074 F260     		str	r2, [r6, #12]	@ unaligned
 1668 0076 D3F810C0 		ldr	ip, [r3, #16]	@ unaligned
 1669 007a 5869     		ldr	r0, [r3, #20]	@ unaligned
 1670 007c 9969     		ldr	r1, [r3, #24]	@ unaligned
 1671 007e DA69     		ldr	r2, [r3, #28]	@ unaligned
 1672 0080 C6F810C0 		str	ip, [r6, #16]	@ unaligned
 1673 0084 7061     		str	r0, [r6, #20]	@ unaligned
 1674 0086 B161     		str	r1, [r6, #24]	@ unaligned
 1675 0088 F261     		str	r2, [r6, #28]	@ unaligned
 486:Core/Inc/ssys/ssys.c **** 
 487:Core/Inc/ssys/ssys.c ****             u32 lutOffset = instrument->base.nameStrIndex * sizeof(u32);
 1676              		.loc 1 487 13 is_stmt 1 view .LVU453
ARM GAS  C:\Users\Made\AppData\Local\Temp\ccvBg507.s 			page 42


 1677              		.loc 1 487 45 is_stmt 0 view .LVU454
 1678 008a B4F87C30 		ldrh	r3, [r4, #124]
 1679              		.loc 1 487 17 view .LVU455
 1680 008e 9E00     		lsls	r6, r3, #2
 1681              	.LVL155:
 488:Core/Inc/ssys/ssys.c ****             sfsReadBlocks(gSysTmpBlock, gSfsHeader->stringLutBlockStart + lutOffset / BLOCK_SIZE, 1
 1682              		.loc 1 488 13 is_stmt 1 view .LVU456
 1683              		.loc 1 488 51 is_stmt 0 view .LVU457
 1684 0090 D9F81010 		ldr	r1, [r9, #16]	@ unaligned
 1685              		.loc 1 488 13 view .LVU458
 1686 0094 0122     		movs	r2, #1
 1687 0096 01EBD311 		add	r1, r1, r3, lsr #7
 1688 009a 3846     		mov	r0, r7
 1689 009c FFF7FEFF 		bl	sfsReadBlocks
 1690              	.LVL156:
 489:Core/Inc/ssys/ssys.c **** 
 490:Core/Inc/ssys/ssys.c ****             u32 stringOffset = *(u32 *) (gSysTmpBlock + (lutOffset % BLOCK_SIZE));
 1691              		.loc 1 490 13 is_stmt 1 view .LVU459
 1692              		.loc 1 490 68 is_stmt 0 view .LVU460
 1693 00a0 C6F30806 		ubfx	r6, r6, #0, #9
 1694              	.LVL157:
 1695              		.loc 1 490 17 view .LVU461
 1696 00a4 BE59     		ldr	r6, [r7, r6]
 1697              	.LVL158:
 491:Core/Inc/ssys/ssys.c ****             sfsReadBlocks(gSysTmpBlock, gSfsHeader->stringDataBlockStart + stringOffset / BLOCK_SIZ
 1698              		.loc 1 491 13 is_stmt 1 view .LVU462
 1699              		.loc 1 491 51 is_stmt 0 view .LVU463
 1700 00a6 D9F81410 		ldr	r1, [r9, #20]	@ unaligned
 1701              		.loc 1 491 13 view .LVU464
 1702 00aa 0122     		movs	r2, #1
 1703 00ac 01EB5621 		add	r1, r1, r6, lsr #9
 1704 00b0 3846     		mov	r0, r7
 1705 00b2 FFF7FEFF 		bl	sfsReadBlocks
 1706              	.LVL159:
 492:Core/Inc/ssys/ssys.c **** 
 493:Core/Inc/ssys/ssys.c ****             strcpy(instrument->cachedName, (str) gSysTmpBlock + stringOffset);
 1707              		.loc 1 493 13 is_stmt 1 view .LVU465
 1708 00b6 B919     		adds	r1, r7, r6
 1709 00b8 04F1A200 		add	r0, r4, #162
 1710 00bc FFF7FEFF 		bl	strcpy
 1711              	.LVL160:
 494:Core/Inc/ssys/ssys.c **** 
 495:Core/Inc/ssys/ssys.c ****             track->isLoaded = true;
 1712              		.loc 1 495 13 view .LVU466
 1713              		.loc 1 495 29 is_stmt 0 view .LVU467
 1714 00c0 0123     		movs	r3, #1
 1715 00c2 84F8EC30 		strb	r3, [r4, #236]
 1716 00c6 A2E7     		b	.L119
 1717              	.LVL161:
 1718              	.L124:
 1719              		.loc 1 495 29 view .LVU468
 1720              	.LBE44:
 1721              	.LBE45:
 1722              	.LBE42:
 496:Core/Inc/ssys/ssys.c ****         }
 497:Core/Inc/ssys/ssys.c ****     }
 498:Core/Inc/ssys/ssys.c **** }
ARM GAS  C:\Users\Made\AppData\Local\Temp\ccvBg507.s 			page 43


 1723              		.loc 1 498 1 view .LVU469
 1724 00c8 BDE8F883 		pop	{r3, r4, r5, r6, r7, r8, r9, pc}
 1725              	.LVL162:
 1726              	.L126:
 1727              		.loc 1 498 1 view .LVU470
 1728              		.align	2
 1729              	.L125:
 1730 00cc 00000000 		.word	gSysTrackInfo
 1731 00d0 00000000 		.word	gSfsFirstBlockData
 1732 00d4 00000000 		.word	gSysTmpBlock
 1733              		.cfi_endproc
 1734              	.LFE347:
 1736              		.section	.text.sysPoll,"ax",%progbits
 1737              		.align	1
 1738              		.global	sysPoll
 1739              		.syntax unified
 1740              		.thumb
 1741              		.thumb_func
 1743              	sysPoll:
 1744              	.LFB345:
 369:Core/Inc/ssys/ssys.c ****     if (gSysIsLoaded)
 1745              		.loc 1 369 16 is_stmt 1 view -0
 1746              		.cfi_startproc
 1747              		@ args = 0, pretend = 0, frame = 0
 1748              		@ frame_needed = 0, uses_anonymous_args = 0
 1749 0000 08B5     		push	{r3, lr}
 1750              	.LCFI16:
 1751              		.cfi_def_cfa_offset 8
 1752              		.cfi_offset 3, -8
 1753              		.cfi_offset 14, -4
 370:Core/Inc/ssys/ssys.c ****     {
 1754              		.loc 1 370 5 view .LVU472
 370:Core/Inc/ssys/ssys.c ****     {
 1755              		.loc 1 370 9 is_stmt 0 view .LVU473
 1756 0002 114B     		ldr	r3, .L131
 1757 0004 1B78     		ldrb	r3, [r3]	@ zero_extendqisi2
 370:Core/Inc/ssys/ssys.c ****     {
 1758              		.loc 1 370 8 view .LVU474
 1759 0006 13B9     		cbnz	r3, .L130
 1760              	.L128:
 394:Core/Inc/ssys/ssys.c **** }
 1761              		.loc 1 394 5 is_stmt 1 view .LVU475
 1762 0008 FFF7FEFF 		bl	sysRender
 1763              	.LVL163:
 395:Core/Inc/ssys/ssys.c **** 
 1764              		.loc 1 395 1 is_stmt 0 view .LVU476
 1765 000c 08BD     		pop	{r3, pc}
 1766              	.L130:
 1767              	.LBB46:
 372:Core/Inc/ssys/ssys.c ****         track->isActive                = true;
 1768              		.loc 1 372 9 is_stmt 1 view .LVU477
 1769              	.LVL164:
 373:Core/Inc/ssys/ssys.c ****         track->instrument.instrumentId = 19;
 1770              		.loc 1 373 9 view .LVU478
 373:Core/Inc/ssys/ssys.c ****         track->instrument.instrumentId = 19;
 1771              		.loc 1 373 40 is_stmt 0 view .LVU479
 1772 000e 0F4B     		ldr	r3, .L131+4
ARM GAS  C:\Users\Made\AppData\Local\Temp\ccvBg507.s 			page 44


 1773 0010 0122     		movs	r2, #1
 1774 0012 83F8ED20 		strb	r2, [r3, #237]
 374:Core/Inc/ssys/ssys.c **** 
 1775              		.loc 1 374 9 is_stmt 1 view .LVU480
 374:Core/Inc/ssys/ssys.c **** 
 1776              		.loc 1 374 40 is_stmt 0 view .LVU481
 1777 0016 1322     		movs	r2, #19
 1778 0018 A3F8A020 		strh	r2, [r3, #160]	@ movhi
 376:Core/Inc/ssys/ssys.c **** 
 1779              		.loc 1 376 9 is_stmt 1 view .LVU482
 1780              	.LVL165:
 378:Core/Inc/ssys/ssys.c ****         track->keys[TONE_OFFSET_B6 - SFS_FIRST_KEY - octave].velocity = 255;
 1781              		.loc 1 378 9 view .LVU483
 378:Core/Inc/ssys/ssys.c ****         track->keys[TONE_OFFSET_B6 - SFS_FIRST_KEY - octave].velocity = 255;
 1782              		.loc 1 378 71 is_stmt 0 view .LVU484
 1783 001c 0321     		movs	r1, #3
 1784 001e 83F84610 		strb	r1, [r3, #70]
 379:Core/Inc/ssys/ssys.c **** 
 1785              		.loc 1 379 9 is_stmt 1 view .LVU485
 379:Core/Inc/ssys/ssys.c **** 
 1786              		.loc 1 379 71 is_stmt 0 view .LVU486
 1787 0022 FF22     		movs	r2, #255
 1788 0024 83F84720 		strb	r2, [r3, #71]
 381:Core/Inc/ssys/ssys.c ****         track->keys[TONE_OFFSET_D6 + 1 - SFS_FIRST_KEY - octave].velocity = 255;
 1789              		.loc 1 381 9 is_stmt 1 view .LVU487
 381:Core/Inc/ssys/ssys.c ****         track->keys[TONE_OFFSET_D6 + 1 - SFS_FIRST_KEY - octave].velocity = 255;
 1790              		.loc 1 381 75 is_stmt 0 view .LVU488
 1791 0028 83F83610 		strb	r1, [r3, #54]
 382:Core/Inc/ssys/ssys.c **** 
 1792              		.loc 1 382 9 is_stmt 1 view .LVU489
 382:Core/Inc/ssys/ssys.c **** 
 1793              		.loc 1 382 75 is_stmt 0 view .LVU490
 1794 002c 83F83720 		strb	r2, [r3, #55]
 384:Core/Inc/ssys/ssys.c ****         track->keys[TONE_OFFSET_F6 + 1 - SFS_FIRST_KEY - octave].velocity = 255;
 1795              		.loc 1 384 9 is_stmt 1 view .LVU491
 384:Core/Inc/ssys/ssys.c ****         track->keys[TONE_OFFSET_F6 + 1 - SFS_FIRST_KEY - octave].velocity = 255;
 1796              		.loc 1 384 75 is_stmt 0 view .LVU492
 1797 0030 83F83C10 		strb	r1, [r3, #60]
 385:Core/Inc/ssys/ssys.c **** 
 1798              		.loc 1 385 9 is_stmt 1 view .LVU493
 385:Core/Inc/ssys/ssys.c **** 
 1799              		.loc 1 385 75 is_stmt 0 view .LVU494
 1800 0034 83F83D20 		strb	r2, [r3, #61]
 387:Core/Inc/ssys/ssys.c ****         track->keys[TONE_OFFSET_A6 - SFS_FIRST_KEY - octave].velocity = 255;
 1801              		.loc 1 387 9 is_stmt 1 view .LVU495
 387:Core/Inc/ssys/ssys.c ****         track->keys[TONE_OFFSET_A6 - SFS_FIRST_KEY - octave].velocity = 255;
 1802              		.loc 1 387 71 is_stmt 0 view .LVU496
 1803 0038 83F84210 		strb	r1, [r3, #66]
 388:Core/Inc/ssys/ssys.c **** 
 1804              		.loc 1 388 9 is_stmt 1 view .LVU497
 388:Core/Inc/ssys/ssys.c **** 
 1805              		.loc 1 388 71 is_stmt 0 view .LVU498
 1806 003c 83F84320 		strb	r2, [r3, #67]
 392:Core/Inc/ssys/ssys.c ****     }
 1807              		.loc 1 392 9 is_stmt 1 view .LVU499
 1808 0040 FFF7FEFF 		bl	sysUpdateTrackData
 1809              	.LVL166:
ARM GAS  C:\Users\Made\AppData\Local\Temp\ccvBg507.s 			page 45


 1810 0044 E0E7     		b	.L128
 1811              	.L132:
 1812 0046 00BF     		.align	2
 1813              	.L131:
 1814 0048 00000000 		.word	gSysIsLoaded
 1815 004c 00000000 		.word	gSysTrackInfo
 1816              	.LBE46:
 1817              		.cfi_endproc
 1818              	.LFE345:
 1820              		.section	.text.sysNoteOn,"ax",%progbits
 1821              		.align	1
 1822              		.global	sysNoteOn
 1823              		.syntax unified
 1824              		.thumb
 1825              		.thumb_func
 1827              	sysNoteOn:
 1828              	.LVL167:
 1829              	.LFB348:
 499:Core/Inc/ssys/ssys.c **** 
 500:Core/Inc/ssys/ssys.c **** void sysNoteOn(u8 pTrack, u16 pNoteSemitones, u8 pVelocity) {
 1830              		.loc 1 500 61 view -0
 1831              		.cfi_startproc
 1832              		@ args = 0, pretend = 0, frame = 0
 1833              		@ frame_needed = 0, uses_anonymous_args = 0
 1834              		@ link register save eliminated.
 501:Core/Inc/ssys/ssys.c ****     sysTrack *track = gSysTrackInfo + pTrack;
 1835              		.loc 1 501 5 view .LVU501
 502:Core/Inc/ssys/ssys.c ****     if (!track->isLoaded)
 1836              		.loc 1 502 5 view .LVU502
 503:Core/Inc/ssys/ssys.c ****     {
 504:Core/Inc/ssys/ssys.c ****         return;
 1837              		.loc 1 504 9 view .LVU503
 505:Core/Inc/ssys/ssys.c ****     }
 506:Core/Inc/ssys/ssys.c **** }
 1838              		.loc 1 506 1 is_stmt 0 view .LVU504
 1839 0000 7047     		bx	lr
 1840              		.cfi_endproc
 1841              	.LFE348:
 1843              		.section	.rodata.sysError.str1.4,"aMS",%progbits,1
 1844              		.align	2
 1845              	.LC2:
 1846 0000 4572726F 		.ascii	"Error - code %d\000"
 1846      72202D20 
 1846      636F6465 
 1846      20256400 
 1847              		.section	.text.sysError,"ax",%progbits
 1848              		.align	1
 1849              		.global	sysError
 1850              		.syntax unified
 1851              		.thumb
 1852              		.thumb_func
 1854              	sysError:
 1855              	.LVL168:
 1856              	.LFB349:
 507:Core/Inc/ssys/ssys.c **** 
 508:Core/Inc/ssys/ssys.c **** void sysError(synthErrno pCode) {
 1857              		.loc 1 508 33 is_stmt 1 view -0
ARM GAS  C:\Users\Made\AppData\Local\Temp\ccvBg507.s 			page 46


 1858              		.cfi_startproc
 1859              		@ args = 0, pretend = 0, frame = 0
 1860              		@ frame_needed = 0, uses_anonymous_args = 0
 1861              		.loc 1 508 33 is_stmt 0 view .LVU506
 1862 0000 08B5     		push	{r3, lr}
 1863              	.LCFI17:
 1864              		.cfi_def_cfa_offset 8
 1865              		.cfi_offset 3, -8
 1866              		.cfi_offset 14, -4
 1867 0002 0246     		mov	r2, r0
 509:Core/Inc/ssys/ssys.c ****     sprintf(gSysStrError, "Error - code %d", pCode);
 1868              		.loc 1 509 5 is_stmt 1 view .LVU507
 1869 0004 0449     		ldr	r1, .L136
 1870 0006 0548     		ldr	r0, .L136+4
 1871              	.LVL169:
 1872              		.loc 1 509 5 is_stmt 0 view .LVU508
 1873 0008 FFF7FEFF 		bl	sprintf
 1874              	.LVL170:
 510:Core/Inc/ssys/ssys.c ****     gSysCurrentMenuId = SYS_MENU_ERROR;
 1875              		.loc 1 510 5 is_stmt 1 view .LVU509
 1876              		.loc 1 510 23 is_stmt 0 view .LVU510
 1877 000c 044B     		ldr	r3, .L136+8
 1878 000e 0022     		movs	r2, #0
 1879 0010 1A70     		strb	r2, [r3]
 511:Core/Inc/ssys/ssys.c ****     sysRender();
 1880              		.loc 1 511 5 is_stmt 1 view .LVU511
 1881 0012 FFF7FEFF 		bl	sysRender
 1882              	.LVL171:
 512:Core/Inc/ssys/ssys.c **** }
 1883              		.loc 1 512 1 is_stmt 0 view .LVU512
 1884 0016 08BD     		pop	{r3, pc}
 1885              	.L137:
 1886              		.align	2
 1887              	.L136:
 1888 0018 00000000 		.word	.LC2
 1889 001c 00000000 		.word	gSysStrError
 1890 0020 00000000 		.word	gSysCurrentMenuId
 1891              		.cfi_endproc
 1892              	.LFE349:
 1894              		.section	.text.sysDeinit,"ax",%progbits
 1895              		.align	1
 1896              		.global	sysDeinit
 1897              		.syntax unified
 1898              		.thumb
 1899              		.thumb_func
 1901              	sysDeinit:
 1902              	.LFB350:
 513:Core/Inc/ssys/ssys.c **** 
 514:Core/Inc/ssys/ssys.c **** synthErrno sysDeinit() {
 1903              		.loc 1 514 24 is_stmt 1 view -0
 1904              		.cfi_startproc
 1905              		@ args = 0, pretend = 0, frame = 0
 1906              		@ frame_needed = 0, uses_anonymous_args = 0
 1907              		@ link register save eliminated.
 515:Core/Inc/ssys/ssys.c ****     return SERR_OK;
 1908              		.loc 1 515 5 view .LVU514
 516:Core/Inc/ssys/ssys.c **** }
ARM GAS  C:\Users\Made\AppData\Local\Temp\ccvBg507.s 			page 47


 1909              		.loc 1 516 1 is_stmt 0 view .LVU515
 1910 0000 0020     		movs	r0, #0
 1911 0002 7047     		bx	lr
 1912              		.cfi_endproc
 1913              	.LFE350:
 1915              		.global	cnt
 1916              		.section	.bss.cnt,"aw",%nobits
 1917              		.align	2
 1920              	cnt:
 1921 0000 00000000 		.space	4
 1922              		.global	timeDiff
 1923              		.section	.bss.timeDiff,"aw",%nobits
 1924              		.align	2
 1927              	timeDiff:
 1928 0000 00000000 		.space	4
 1929              		.global	bend
 1930              		.section	.bss.bend,"aw",%nobits
 1931              		.align	2
 1934              	bend:
 1935 0000 00000000 		.space	4
 1936              		.global	gSysAdc
 1937              		.section	.bss.gSysAdc,"aw",%nobits
 1938              		.align	2
 1941              	gSysAdc:
 1942 0000 00000000 		.space	4
 1943              		.global	gSysKeyTimestamps
 1944              		.section	.bss.gSysKeyTimestamps,"aw",%nobits
 1945              		.align	2
 1948              	gSysKeyTimestamps:
 1949 0000 00000000 		.space	488
 1949      00000000 
 1949      00000000 
 1949      00000000 
 1949      00000000 
 1950              		.global	gSysBtnMtx1State
 1951              		.section	.bss.gSysBtnMtx1State,"aw",%nobits
 1952              		.align	2
 1955              	gSysBtnMtx1State:
 1956 0000 00000000 		.space	8
 1956      00000000 
 1957              		.global	gSysBtnKeyStates
 1958              		.section	.bss.gSysBtnKeyStates,"aw",%nobits
 1959              		.align	2
 1962              	gSysBtnKeyStates:
 1963 0000 00000000 		.space	16
 1963      00000000 
 1963      00000000 
 1963      00000000 
 1964              		.global	gSysStrError
 1965              		.section	.bss.gSysStrError,"aw",%nobits
 1966              		.align	2
 1969              	gSysStrError:
 1970 0000 00000000 		.space	128
 1970      00000000 
 1970      00000000 
 1970      00000000 
 1970      00000000 
ARM GAS  C:\Users\Made\AppData\Local\Temp\ccvBg507.s 			page 48


 1971              		.global	gSysDataLoadCounter
 1972              		.section	.bss.gSysDataLoadCounter,"aw",%nobits
 1973              		.align	2
 1976              	gSysDataLoadCounter:
 1977 0000 00000000 		.space	4
 1978              		.global	gSysDmaProgress
 1979              		.section	.bss.gSysDmaProgress,"aw",%nobits
 1980              		.align	2
 1983              	gSysDmaProgress:
 1984 0000 00000000 		.space	4
 1985              		.global	gSysTmpBlock
 1986              		.section	.bss.gSysTmpBlock,"aw",%nobits
 1987              		.align	2
 1990              	gSysTmpBlock:
 1991 0000 00000000 		.space	512
 1991      00000000 
 1991      00000000 
 1991      00000000 
 1991      00000000 
 1992              		.global	gSysPolyphonyProgress
 1993              		.section	.bss.gSysPolyphonyProgress,"aw",%nobits
 1994              		.align	2
 1997              	gSysPolyphonyProgress:
 1998 0000 00000000 		.space	2048
 1998      00000000 
 1998      00000000 
 1998      00000000 
 1998      00000000 
 1999              		.global	gSysPolyphonyData
 2000              		.section	.bss.gSysPolyphonyData,"aw",%nobits
 2001              		.align	2
 2004              	gSysPolyphonyData:
 2005 0000 00000000 		.space	262144
 2005      00000000 
 2005      00000000 
 2005      00000000 
 2005      00000000 
 2006              		.global	gSysTrackCurrent
 2007              		.section	.data.gSysTrackCurrent,"aw"
 2008              		.align	2
 2011              	gSysTrackCurrent:
 2012 0000 00000000 		.word	gSysTrackInfo
 2013              		.global	gSysTrackInfo
 2014              		.section	.bss.gSysTrackInfo,"aw",%nobits
 2015              		.align	2
 2018              	gSysTrackInfo:
 2019 0000 00000000 		.space	1920
 2019      00000000 
 2019      00000000 
 2019      00000000 
 2019      00000000 
 2020              		.global	gSysAudioBackBuf
 2021              		.section	.bss.gSysAudioBackBuf,"aw",%nobits
 2022              		.align	2
 2025              	gSysAudioBackBuf:
 2026 0000 00000000 		.space	512
 2026      00000000 
ARM GAS  C:\Users\Made\AppData\Local\Temp\ccvBg507.s 			page 49


 2026      00000000 
 2026      00000000 
 2026      00000000 
 2027              		.global	gSysAudioFrontBuf
 2028              		.section	.bss.gSysAudioFrontBuf,"aw",%nobits
 2029              		.align	2
 2032              	gSysAudioFrontBuf:
 2033 0000 00000000 		.space	512
 2033      00000000 
 2033      00000000 
 2033      00000000 
 2033      00000000 
 2034              		.global	gSysProximityTable
 2035              		.section	.bss.gSysProximityTable,"aw",%nobits
 2036              		.align	2
 2039              	gSysProximityTable:
 2040 0000 00000000 		.space	2048
 2040      00000000 
 2040      00000000 
 2040      00000000 
 2040      00000000 
 2041              		.global	gSysCurrentMenuTimer
 2042              		.section	.bss.gSysCurrentMenuTimer,"aw",%nobits
 2043              		.align	2
 2046              	gSysCurrentMenuTimer:
 2047 0000 00000000 		.space	4
 2048              		.global	gSysLastMenuId
 2049              		.section	.data.gSysLastMenuId,"aw"
 2052              	gSysLastMenuId:
 2053 0000 FF       		.byte	-1
 2054              		.global	gSysCurrentMenuId
 2055              		.section	.data.gSysCurrentMenuId,"aw"
 2058              	gSysCurrentMenuId:
 2059 0000 01       		.byte	1
 2060              		.global	gSysDeltaTime
 2061              		.section	.bss.gSysDeltaTime,"aw",%nobits
 2062              		.align	2
 2065              	gSysDeltaTime:
 2066 0000 00000000 		.space	4
 2067              		.global	gSysTickCounter
 2068              		.section	.bss.gSysTickCounter,"aw",%nobits
 2069              		.align	2
 2072              	gSysTickCounter:
 2073 0000 00000000 		.space	4
 2074              		.global	gSysIsLoaded
 2075              		.section	.bss.gSysIsLoaded,"aw",%nobits
 2078              	gSysIsLoaded:
 2079 0000 00       		.space	1
 2080              		.global	gSysSettings
 2081              		.section	.data.gSysSettings,"aw"
 2082              		.align	2
 2085              	gSysSettings:
 2086 0000 02       		.byte	2
 2087              		.global	gSysTriBuf
 2088              		.section	.dma_buffer,"aw"
 2089              		.align	2
 2092              	gSysTriBuf:
ARM GAS  C:\Users\Made\AppData\Local\Temp\ccvBg507.s 			page 50


 2093 0000 00000000 		.space	50
 2093      00000000 
 2093      00000000 
 2093      00000000 
 2093      00000000 
 2094              		.global	gSysDacBuf
 2095 0032 0000     		.align	2
 2098              	gSysDacBuf:
 2099 0034 00000000 		.space	1024
 2099      00000000 
 2099      00000000 
 2099      00000000 
 2099      00000000 
 2100              		.text
 2101              	.Letext0:
 2102              		.file 2 "C:/Program Files (x86)/Arm GNU Toolchain arm-none-eabi/13.3 rel1/arm-none-eabi/include/ma
 2103              		.file 3 "C:/Program Files (x86)/Arm GNU Toolchain arm-none-eabi/13.3 rel1/arm-none-eabi/include/sy
 2104              		.file 4 "C:/Program Files (x86)/Arm GNU Toolchain arm-none-eabi/13.3 rel1/lib/gcc/arm-none-eabi/13
 2105              		.file 5 "Core/Inc/sinf/types.h"
 2106              		.file 6 "Core/Inc/sinf/serrno.h"
 2107              		.file 7 "Core/Inc/sfs/sfs.h"
 2108              		.file 8 "Drivers/CMSIS/Device/ST/STM32H7xx/Include/stm32h743xx.h"
 2109              		.file 9 "Drivers/CMSIS/Device/ST/STM32H7xx/Include/stm32h7xx.h"
 2110              		.file 10 "Drivers/STM32H7xx_HAL_Driver/Inc/stm32h7xx_hal_def.h"
 2111              		.file 11 "Drivers/STM32H7xx_HAL_Driver/Inc/stm32h7xx_hal_dma.h"
 2112              		.file 12 "Drivers/STM32H7xx_HAL_Driver/Inc/stm32h7xx_hal_adc.h"
 2113              		.file 13 "Drivers/STM32H7xx_HAL_Driver/Inc/stm32h7xx_hal_dac.h"
 2114              		.file 14 "Core/Inc/ssys/ssys.h"
 2115              		.file 15 "Core/Inc/main.h"
 2116              		.file 16 "Core/Inc/sser/sser.h"
 2117              		.file 17 "C:/Program Files (x86)/Arm GNU Toolchain arm-none-eabi/13.3 rel1/arm-none-eabi/include/s
 2118              		.file 18 "C:/Program Files (x86)/Arm GNU Toolchain arm-none-eabi/13.3 rel1/arm-none-eabi/include/s
 2119              		.file 19 "Core/Inc/glcd/glcd.h"
 2120              		.file 20 "C:/Program Files (x86)/Arm GNU Toolchain arm-none-eabi/13.3 rel1/arm-none-eabi/include/m
 2121              		.file 21 "<built-in>"
ARM GAS  C:\Users\Made\AppData\Local\Temp\ccvBg507.s 			page 51


DEFINED SYMBOLS
                            *ABS*:00000000 ssys.c
C:\Users\Made\AppData\Local\Temp\ccvBg507.s:20     .text.sysInit:00000000 $t
C:\Users\Made\AppData\Local\Temp\ccvBg507.s:26     .text.sysInit:00000000 sysInit
C:\Users\Made\AppData\Local\Temp\ccvBg507.s:263    .text.sysInit:00000120 $d
C:\Users\Made\AppData\Local\Temp\ccvBg507.s:2018   .bss.gSysTrackInfo:00000000 gSysTrackInfo
C:\Users\Made\AppData\Local\Temp\ccvBg507.s:2098   .dma_buffer:00000034 gSysDacBuf
C:\Users\Made\AppData\Local\Temp\ccvBg507.s:2025   .bss.gSysAudioBackBuf:00000000 gSysAudioBackBuf
C:\Users\Made\AppData\Local\Temp\ccvBg507.s:2032   .bss.gSysAudioFrontBuf:00000000 gSysAudioFrontBuf
C:\Users\Made\AppData\Local\Temp\ccvBg507.s:1990   .bss.gSysTmpBlock:00000000 gSysTmpBlock
C:\Users\Made\AppData\Local\Temp\ccvBg507.s:2092   .dma_buffer:00000000 gSysTriBuf
C:\Users\Made\AppData\Local\Temp\ccvBg507.s:1941   .bss.gSysAdc:00000000 gSysAdc
C:\Users\Made\AppData\Local\Temp\ccvBg507.s:276    .text.sysReadInputs:00000000 $t
C:\Users\Made\AppData\Local\Temp\ccvBg507.s:282    .text.sysReadInputs:00000000 sysReadInputs
C:\Users\Made\AppData\Local\Temp\ccvBg507.s:295    .text.sysSynthesizeAudio:00000000 $t
C:\Users\Made\AppData\Local\Temp\ccvBg507.s:301    .text.sysSynthesizeAudio:00000000 sysSynthesizeAudio
C:\Users\Made\AppData\Local\Temp\ccvBg507.s:759    .text.sysSynthesizeAudio:000001c4 $d
C:\Users\Made\AppData\Local\Temp\ccvBg507.s:2004   .bss.gSysPolyphonyData:00000000 gSysPolyphonyData
C:\Users\Made\AppData\Local\Temp\ccvBg507.s:1997   .bss.gSysPolyphonyProgress:00000000 gSysPolyphonyProgress
C:\Users\Made\AppData\Local\Temp\ccvBg507.s:2039   .bss.gSysProximityTable:00000000 gSysProximityTable
C:\Users\Made\AppData\Local\Temp\ccvBg507.s:773    .text.sysGetButtonState:00000000 $t
C:\Users\Made\AppData\Local\Temp\ccvBg507.s:779    .text.sysGetButtonState:00000000 sysGetButtonState
C:\Users\Made\AppData\Local\Temp\ccvBg507.s:853    .text.sysPitchBendCalculateArr:00000000 $t
C:\Users\Made\AppData\Local\Temp\ccvBg507.s:859    .text.sysPitchBendCalculateArr:00000000 sysPitchBendCalculateArr
C:\Users\Made\AppData\Local\Temp\ccvBg507.s:891    .text.sysHandlePitchBend:00000000 $t
C:\Users\Made\AppData\Local\Temp\ccvBg507.s:897    .text.sysHandlePitchBend:00000000 sysHandlePitchBend
C:\Users\Made\AppData\Local\Temp\ccvBg507.s:975    .text.sysHandlePitchBend:00000070 $d
C:\Users\Made\AppData\Local\Temp\ccvBg507.s:2085   .data.gSysSettings:00000000 gSysSettings
C:\Users\Made\AppData\Local\Temp\ccvBg507.s:1934   .bss.bend:00000000 bend
C:\Users\Made\AppData\Local\Temp\ccvBg507.s:987    .text.sysHandleInputs:00000000 $t
C:\Users\Made\AppData\Local\Temp\ccvBg507.s:993    .text.sysHandleInputs:00000000 sysHandleInputs
C:\Users\Made\AppData\Local\Temp\ccvBg507.s:1338   .text.sysHandleInputs:0000013c $d
C:\Users\Made\AppData\Local\Temp\ccvBg507.s:1920   .bss.cnt:00000000 cnt
C:\Users\Made\AppData\Local\Temp\ccvBg507.s:1948   .bss.gSysKeyTimestamps:00000000 gSysKeyTimestamps
C:\Users\Made\AppData\Local\Temp\ccvBg507.s:1927   .bss.timeDiff:00000000 timeDiff
C:\Users\Made\AppData\Local\Temp\ccvBg507.s:1352   .rodata.sysRender.str1.4:00000000 $d
C:\Users\Made\AppData\Local\Temp\ccvBg507.s:1359   .text.sysRender:00000000 $t
C:\Users\Made\AppData\Local\Temp\ccvBg507.s:1365   .text.sysRender:00000000 sysRender
C:\Users\Made\AppData\Local\Temp\ccvBg507.s:1427   .text.sysRender:0000004a $d
C:\Users\Made\AppData\Local\Temp\ccvBg507.s:1431   .text.sysRender:0000004e $t
C:\Users\Made\AppData\Local\Temp\ccvBg507.s:1539   .text.sysRender:000000dc $d
C:\Users\Made\AppData\Local\Temp\ccvBg507.s:2058   .data.gSysCurrentMenuId:00000000 gSysCurrentMenuId
C:\Users\Made\AppData\Local\Temp\ccvBg507.s:2052   .data.gSysLastMenuId:00000000 gSysLastMenuId
C:\Users\Made\AppData\Local\Temp\ccvBg507.s:2046   .bss.gSysCurrentMenuTimer:00000000 gSysCurrentMenuTimer
C:\Users\Made\AppData\Local\Temp\ccvBg507.s:1969   .bss.gSysStrError:00000000 gSysStrError
C:\Users\Made\AppData\Local\Temp\ccvBg507.s:2078   .bss.gSysIsLoaded:00000000 gSysIsLoaded
C:\Users\Made\AppData\Local\Temp\ccvBg507.s:1553   .text.sysUpdateTrackData:00000000 $t
C:\Users\Made\AppData\Local\Temp\ccvBg507.s:1559   .text.sysUpdateTrackData:00000000 sysUpdateTrackData
C:\Users\Made\AppData\Local\Temp\ccvBg507.s:1730   .text.sysUpdateTrackData:000000cc $d
C:\Users\Made\AppData\Local\Temp\ccvBg507.s:1737   .text.sysPoll:00000000 $t
C:\Users\Made\AppData\Local\Temp\ccvBg507.s:1743   .text.sysPoll:00000000 sysPoll
C:\Users\Made\AppData\Local\Temp\ccvBg507.s:1814   .text.sysPoll:00000048 $d
C:\Users\Made\AppData\Local\Temp\ccvBg507.s:1821   .text.sysNoteOn:00000000 $t
C:\Users\Made\AppData\Local\Temp\ccvBg507.s:1827   .text.sysNoteOn:00000000 sysNoteOn
C:\Users\Made\AppData\Local\Temp\ccvBg507.s:1844   .rodata.sysError.str1.4:00000000 $d
C:\Users\Made\AppData\Local\Temp\ccvBg507.s:1848   .text.sysError:00000000 $t
C:\Users\Made\AppData\Local\Temp\ccvBg507.s:1854   .text.sysError:00000000 sysError
ARM GAS  C:\Users\Made\AppData\Local\Temp\ccvBg507.s 			page 52


C:\Users\Made\AppData\Local\Temp\ccvBg507.s:1888   .text.sysError:00000018 $d
C:\Users\Made\AppData\Local\Temp\ccvBg507.s:1895   .text.sysDeinit:00000000 $t
C:\Users\Made\AppData\Local\Temp\ccvBg507.s:1901   .text.sysDeinit:00000000 sysDeinit
C:\Users\Made\AppData\Local\Temp\ccvBg507.s:1917   .bss.cnt:00000000 $d
C:\Users\Made\AppData\Local\Temp\ccvBg507.s:1924   .bss.timeDiff:00000000 $d
C:\Users\Made\AppData\Local\Temp\ccvBg507.s:1931   .bss.bend:00000000 $d
C:\Users\Made\AppData\Local\Temp\ccvBg507.s:1938   .bss.gSysAdc:00000000 $d
C:\Users\Made\AppData\Local\Temp\ccvBg507.s:1945   .bss.gSysKeyTimestamps:00000000 $d
C:\Users\Made\AppData\Local\Temp\ccvBg507.s:1955   .bss.gSysBtnMtx1State:00000000 gSysBtnMtx1State
C:\Users\Made\AppData\Local\Temp\ccvBg507.s:1952   .bss.gSysBtnMtx1State:00000000 $d
C:\Users\Made\AppData\Local\Temp\ccvBg507.s:1962   .bss.gSysBtnKeyStates:00000000 gSysBtnKeyStates
C:\Users\Made\AppData\Local\Temp\ccvBg507.s:1959   .bss.gSysBtnKeyStates:00000000 $d
C:\Users\Made\AppData\Local\Temp\ccvBg507.s:1966   .bss.gSysStrError:00000000 $d
C:\Users\Made\AppData\Local\Temp\ccvBg507.s:1976   .bss.gSysDataLoadCounter:00000000 gSysDataLoadCounter
C:\Users\Made\AppData\Local\Temp\ccvBg507.s:1973   .bss.gSysDataLoadCounter:00000000 $d
C:\Users\Made\AppData\Local\Temp\ccvBg507.s:1983   .bss.gSysDmaProgress:00000000 gSysDmaProgress
C:\Users\Made\AppData\Local\Temp\ccvBg507.s:1980   .bss.gSysDmaProgress:00000000 $d
C:\Users\Made\AppData\Local\Temp\ccvBg507.s:1987   .bss.gSysTmpBlock:00000000 $d
C:\Users\Made\AppData\Local\Temp\ccvBg507.s:1994   .bss.gSysPolyphonyProgress:00000000 $d
C:\Users\Made\AppData\Local\Temp\ccvBg507.s:2001   .bss.gSysPolyphonyData:00000000 $d
C:\Users\Made\AppData\Local\Temp\ccvBg507.s:2011   .data.gSysTrackCurrent:00000000 gSysTrackCurrent
C:\Users\Made\AppData\Local\Temp\ccvBg507.s:2008   .data.gSysTrackCurrent:00000000 $d
C:\Users\Made\AppData\Local\Temp\ccvBg507.s:2015   .bss.gSysTrackInfo:00000000 $d
C:\Users\Made\AppData\Local\Temp\ccvBg507.s:2022   .bss.gSysAudioBackBuf:00000000 $d
C:\Users\Made\AppData\Local\Temp\ccvBg507.s:2029   .bss.gSysAudioFrontBuf:00000000 $d
C:\Users\Made\AppData\Local\Temp\ccvBg507.s:2036   .bss.gSysProximityTable:00000000 $d
C:\Users\Made\AppData\Local\Temp\ccvBg507.s:2043   .bss.gSysCurrentMenuTimer:00000000 $d
C:\Users\Made\AppData\Local\Temp\ccvBg507.s:2065   .bss.gSysDeltaTime:00000000 gSysDeltaTime
C:\Users\Made\AppData\Local\Temp\ccvBg507.s:2062   .bss.gSysDeltaTime:00000000 $d
C:\Users\Made\AppData\Local\Temp\ccvBg507.s:2072   .bss.gSysTickCounter:00000000 gSysTickCounter
C:\Users\Made\AppData\Local\Temp\ccvBg507.s:2069   .bss.gSysTickCounter:00000000 $d
C:\Users\Made\AppData\Local\Temp\ccvBg507.s:2079   .bss.gSysIsLoaded:00000000 $d
C:\Users\Made\AppData\Local\Temp\ccvBg507.s:2082   .data.gSysSettings:00000000 $d
C:\Users\Made\AppData\Local\Temp\ccvBg507.s:2089   .dma_buffer:00000000 $d

UNDEFINED SYMBOLS
glcdSetOrigin
memset
HAL_DAC_Start_DMA
HAL_ADC_Start
sfsReadBlocks
gSfsFirstBlockData
HAL_ADC_GetValue
pow
muxWrite
muxRead
gMuxOgKeyCol
gMuxOgKeyRow
gMuxKeyCol
gMuxKeyRow
glcdClsSoft
glcdDrawRectangle
glcdSeek
glcdDrawStringCenteredInRect
glcdFinalize
sprintf
glcdDrawString
ARM GAS  C:\Users\Made\AppData\Local\Temp\ccvBg507.s 			page 53


strcpy
