ARM GAS  C:\Users\Made\AppData\Local\Temp\ccJ7f769.s 			page 1


   1              		.cpu cortex-m7
   2              		.arch armv7e-m
   3              		.fpu fpv5-d16
   4              		.eabi_attribute 28, 1
   5              		.eabi_attribute 20, 1
   6              		.eabi_attribute 21, 1
   7              		.eabi_attribute 23, 3
   8              		.eabi_attribute 24, 1
   9              		.eabi_attribute 25, 1
  10              		.eabi_attribute 26, 1
  11              		.eabi_attribute 30, 1
  12              		.eabi_attribute 34, 1
  13              		.eabi_attribute 18, 4
  14              		.file	"stm32h7xx_hal_dac.c"
  15              		.text
  16              	.Ltext0:
  17              		.cfi_sections	.debug_frame
  18              		.file 1 "Drivers/STM32H7xx_HAL_Driver/Src/stm32h7xx_hal_dac.c"
  19              		.section	.text.HAL_DAC_MspInit,"ax",%progbits
  20              		.align	1
  21              		.weak	HAL_DAC_MspInit
  22              		.syntax unified
  23              		.thumb
  24              		.thumb_func
  26              	HAL_DAC_MspInit:
  27              	.LVL0:
  28              	.LFB337:
   1:Drivers/STM32H7xx_HAL_Driver/Src/stm32h7xx_hal_dac.c **** /**
   2:Drivers/STM32H7xx_HAL_Driver/Src/stm32h7xx_hal_dac.c ****   ******************************************************************************
   3:Drivers/STM32H7xx_HAL_Driver/Src/stm32h7xx_hal_dac.c ****   * @file    stm32h7xx_hal_dac.c
   4:Drivers/STM32H7xx_HAL_Driver/Src/stm32h7xx_hal_dac.c ****   * @author  MCD Application Team
   5:Drivers/STM32H7xx_HAL_Driver/Src/stm32h7xx_hal_dac.c ****   * @brief   DAC HAL module driver.
   6:Drivers/STM32H7xx_HAL_Driver/Src/stm32h7xx_hal_dac.c ****   *         This file provides firmware functions to manage the following
   7:Drivers/STM32H7xx_HAL_Driver/Src/stm32h7xx_hal_dac.c ****   *         functionalities of the Digital to Analog Converter (DAC) peripheral:
   8:Drivers/STM32H7xx_HAL_Driver/Src/stm32h7xx_hal_dac.c ****   *           + Initialization and de-initialization functions
   9:Drivers/STM32H7xx_HAL_Driver/Src/stm32h7xx_hal_dac.c ****   *           + IO operation functions
  10:Drivers/STM32H7xx_HAL_Driver/Src/stm32h7xx_hal_dac.c ****   *           + Peripheral Control functions
  11:Drivers/STM32H7xx_HAL_Driver/Src/stm32h7xx_hal_dac.c ****   *           + Peripheral State and Errors functions
  12:Drivers/STM32H7xx_HAL_Driver/Src/stm32h7xx_hal_dac.c ****   *
  13:Drivers/STM32H7xx_HAL_Driver/Src/stm32h7xx_hal_dac.c ****   *
  14:Drivers/STM32H7xx_HAL_Driver/Src/stm32h7xx_hal_dac.c ****   ******************************************************************************
  15:Drivers/STM32H7xx_HAL_Driver/Src/stm32h7xx_hal_dac.c ****   * @attention
  16:Drivers/STM32H7xx_HAL_Driver/Src/stm32h7xx_hal_dac.c ****   *
  17:Drivers/STM32H7xx_HAL_Driver/Src/stm32h7xx_hal_dac.c ****   * Copyright (c) 2017 STMicroelectronics.
  18:Drivers/STM32H7xx_HAL_Driver/Src/stm32h7xx_hal_dac.c ****   * All rights reserved.
  19:Drivers/STM32H7xx_HAL_Driver/Src/stm32h7xx_hal_dac.c ****   *
  20:Drivers/STM32H7xx_HAL_Driver/Src/stm32h7xx_hal_dac.c ****   * This software is licensed under terms that can be found in the LICENSE file
  21:Drivers/STM32H7xx_HAL_Driver/Src/stm32h7xx_hal_dac.c ****   * in the root directory of this software component.
  22:Drivers/STM32H7xx_HAL_Driver/Src/stm32h7xx_hal_dac.c ****   * If no LICENSE file comes with this software, it is provided AS-IS.
  23:Drivers/STM32H7xx_HAL_Driver/Src/stm32h7xx_hal_dac.c ****   *
  24:Drivers/STM32H7xx_HAL_Driver/Src/stm32h7xx_hal_dac.c ****   ******************************************************************************
  25:Drivers/STM32H7xx_HAL_Driver/Src/stm32h7xx_hal_dac.c ****   @verbatim
  26:Drivers/STM32H7xx_HAL_Driver/Src/stm32h7xx_hal_dac.c ****   ==============================================================================
  27:Drivers/STM32H7xx_HAL_Driver/Src/stm32h7xx_hal_dac.c ****                       ##### DAC Peripheral features #####
  28:Drivers/STM32H7xx_HAL_Driver/Src/stm32h7xx_hal_dac.c ****   ==============================================================================
  29:Drivers/STM32H7xx_HAL_Driver/Src/stm32h7xx_hal_dac.c ****     [..]
  30:Drivers/STM32H7xx_HAL_Driver/Src/stm32h7xx_hal_dac.c ****       *** DAC Channels ***
ARM GAS  C:\Users\Made\AppData\Local\Temp\ccJ7f769.s 			page 2


  31:Drivers/STM32H7xx_HAL_Driver/Src/stm32h7xx_hal_dac.c ****       ====================
  32:Drivers/STM32H7xx_HAL_Driver/Src/stm32h7xx_hal_dac.c ****     [..]
  33:Drivers/STM32H7xx_HAL_Driver/Src/stm32h7xx_hal_dac.c ****     STM32H7 devices integrate two 12-bit Digital Analog Converters
  34:Drivers/STM32H7xx_HAL_Driver/Src/stm32h7xx_hal_dac.c **** 
  35:Drivers/STM32H7xx_HAL_Driver/Src/stm32h7xx_hal_dac.c ****     The 2 converters (i.e. channel1 & channel2)
  36:Drivers/STM32H7xx_HAL_Driver/Src/stm32h7xx_hal_dac.c ****     can be used independently or simultaneously (dual mode):
  37:Drivers/STM32H7xx_HAL_Driver/Src/stm32h7xx_hal_dac.c ****       (#) DAC channel1 with DAC_OUT1 (PA4) as output or connected to on-chip
  38:Drivers/STM32H7xx_HAL_Driver/Src/stm32h7xx_hal_dac.c ****           peripherals (ex. OPAMPs, comparators).
  39:Drivers/STM32H7xx_HAL_Driver/Src/stm32h7xx_hal_dac.c ****       (#) DAC channel2 with DAC_OUT2 (PA5) as output or connected to on-chip
  40:Drivers/STM32H7xx_HAL_Driver/Src/stm32h7xx_hal_dac.c ****           peripherals (ex. OPAMPs, comparators).
  41:Drivers/STM32H7xx_HAL_Driver/Src/stm32h7xx_hal_dac.c **** 
  42:Drivers/STM32H7xx_HAL_Driver/Src/stm32h7xx_hal_dac.c ****       *** DAC Triggers ***
  43:Drivers/STM32H7xx_HAL_Driver/Src/stm32h7xx_hal_dac.c ****       ====================
  44:Drivers/STM32H7xx_HAL_Driver/Src/stm32h7xx_hal_dac.c ****     [..]
  45:Drivers/STM32H7xx_HAL_Driver/Src/stm32h7xx_hal_dac.c ****     Digital to Analog conversion can be non-triggered using DAC_TRIGGER_NONE
  46:Drivers/STM32H7xx_HAL_Driver/Src/stm32h7xx_hal_dac.c ****     and DAC_OUT1/DAC_OUT2 is available once writing to DHRx register.
  47:Drivers/STM32H7xx_HAL_Driver/Src/stm32h7xx_hal_dac.c ****     [..]
  48:Drivers/STM32H7xx_HAL_Driver/Src/stm32h7xx_hal_dac.c ****     Digital to Analog conversion can be triggered by:
  49:Drivers/STM32H7xx_HAL_Driver/Src/stm32h7xx_hal_dac.c ****       (#) External event: EXTI Line 9 (any GPIOx_PIN_9) using DAC_TRIGGER_EXT_IT9.
  50:Drivers/STM32H7xx_HAL_Driver/Src/stm32h7xx_hal_dac.c ****           The used pin (GPIOx_PIN_9) must be configured in input mode.
  51:Drivers/STM32H7xx_HAL_Driver/Src/stm32h7xx_hal_dac.c **** 
  52:Drivers/STM32H7xx_HAL_Driver/Src/stm32h7xx_hal_dac.c ****       (#) Timers TRGO: TIM1, TIM2, TIM4, TIM5, TIM6, TIM7, TIM8, TIM15, TIM23 and TIM24
  53:Drivers/STM32H7xx_HAL_Driver/Src/stm32h7xx_hal_dac.c ****           (DAC_TRIGGER_T1_TRGO, DAC_TRIGGER_T2_TRGO...)
  54:Drivers/STM32H7xx_HAL_Driver/Src/stm32h7xx_hal_dac.c **** 
  55:Drivers/STM32H7xx_HAL_Driver/Src/stm32h7xx_hal_dac.c ****       (#) Low Power Timers TRGO: LPTIM1, LPTIM2 and LPTIM3
  56:Drivers/STM32H7xx_HAL_Driver/Src/stm32h7xx_hal_dac.c ****           (DAC_TRIGGER_LPTIM1_OUT, DAC_TRIGGER_LPTIM2_OUT)
  57:Drivers/STM32H7xx_HAL_Driver/Src/stm32h7xx_hal_dac.c **** 
  58:Drivers/STM32H7xx_HAL_Driver/Src/stm32h7xx_hal_dac.c ****       (#) High Resolution Timer TRGO: HRTIM1
  59:Drivers/STM32H7xx_HAL_Driver/Src/stm32h7xx_hal_dac.c ****           (DAC_TRIGGER_HR1_TRGO1, DAC_TRIGGER_HR1_TRGO2)
  60:Drivers/STM32H7xx_HAL_Driver/Src/stm32h7xx_hal_dac.c **** 
  61:Drivers/STM32H7xx_HAL_Driver/Src/stm32h7xx_hal_dac.c ****       (#) Software using DAC_TRIGGER_SOFTWARE
  62:Drivers/STM32H7xx_HAL_Driver/Src/stm32h7xx_hal_dac.c **** 
  63:Drivers/STM32H7xx_HAL_Driver/Src/stm32h7xx_hal_dac.c ****       *** DAC Buffer mode feature ***
  64:Drivers/STM32H7xx_HAL_Driver/Src/stm32h7xx_hal_dac.c ****       ===============================
  65:Drivers/STM32H7xx_HAL_Driver/Src/stm32h7xx_hal_dac.c ****       [..]
  66:Drivers/STM32H7xx_HAL_Driver/Src/stm32h7xx_hal_dac.c ****       Each DAC channel integrates an output buffer that can be used to
  67:Drivers/STM32H7xx_HAL_Driver/Src/stm32h7xx_hal_dac.c ****       reduce the output impedance, and to drive external loads directly
  68:Drivers/STM32H7xx_HAL_Driver/Src/stm32h7xx_hal_dac.c ****       without having to add an external operational amplifier.
  69:Drivers/STM32H7xx_HAL_Driver/Src/stm32h7xx_hal_dac.c ****       To enable, the output buffer use
  70:Drivers/STM32H7xx_HAL_Driver/Src/stm32h7xx_hal_dac.c ****       sConfig.DAC_OutputBuffer = DAC_OUTPUTBUFFER_ENABLE;
  71:Drivers/STM32H7xx_HAL_Driver/Src/stm32h7xx_hal_dac.c ****       [..]
  72:Drivers/STM32H7xx_HAL_Driver/Src/stm32h7xx_hal_dac.c ****       (@) Refer to the device datasheet for more details about output
  73:Drivers/STM32H7xx_HAL_Driver/Src/stm32h7xx_hal_dac.c ****           impedance value with and without output buffer.
  74:Drivers/STM32H7xx_HAL_Driver/Src/stm32h7xx_hal_dac.c **** 
  75:Drivers/STM32H7xx_HAL_Driver/Src/stm32h7xx_hal_dac.c ****       *** GPIO configurations guidelines ***
  76:Drivers/STM32H7xx_HAL_Driver/Src/stm32h7xx_hal_dac.c ****       =====================
  77:Drivers/STM32H7xx_HAL_Driver/Src/stm32h7xx_hal_dac.c ****       [..]
  78:Drivers/STM32H7xx_HAL_Driver/Src/stm32h7xx_hal_dac.c ****       When a DAC channel is used (ex channel1 on PA4) and the other is not
  79:Drivers/STM32H7xx_HAL_Driver/Src/stm32h7xx_hal_dac.c ****       (ex channel2 on PA5 is configured in Analog and disabled).
  80:Drivers/STM32H7xx_HAL_Driver/Src/stm32h7xx_hal_dac.c ****       Channel1 may disturb channel2 as coupling effect.
  81:Drivers/STM32H7xx_HAL_Driver/Src/stm32h7xx_hal_dac.c ****       Note that there is no coupling on channel2 as soon as channel2 is turned on.
  82:Drivers/STM32H7xx_HAL_Driver/Src/stm32h7xx_hal_dac.c ****       Coupling on adjacent channel could be avoided as follows:
  83:Drivers/STM32H7xx_HAL_Driver/Src/stm32h7xx_hal_dac.c ****       when unused PA5 is configured as INPUT PULL-UP or DOWN.
  84:Drivers/STM32H7xx_HAL_Driver/Src/stm32h7xx_hal_dac.c ****       PA5 is configured in ANALOG just before it is turned on.
  85:Drivers/STM32H7xx_HAL_Driver/Src/stm32h7xx_hal_dac.c **** 
  86:Drivers/STM32H7xx_HAL_Driver/Src/stm32h7xx_hal_dac.c ****       *** DAC Sample and Hold feature ***
  87:Drivers/STM32H7xx_HAL_Driver/Src/stm32h7xx_hal_dac.c ****       ========================
ARM GAS  C:\Users\Made\AppData\Local\Temp\ccJ7f769.s 			page 3


  88:Drivers/STM32H7xx_HAL_Driver/Src/stm32h7xx_hal_dac.c ****       [..]
  89:Drivers/STM32H7xx_HAL_Driver/Src/stm32h7xx_hal_dac.c ****       For each converter, 2 modes are supported: normal mode and
  90:Drivers/STM32H7xx_HAL_Driver/Src/stm32h7xx_hal_dac.c ****       "sample and hold" mode (i.e. low power mode).
  91:Drivers/STM32H7xx_HAL_Driver/Src/stm32h7xx_hal_dac.c ****       In the sample and hold mode, the DAC core converts data, then holds the
  92:Drivers/STM32H7xx_HAL_Driver/Src/stm32h7xx_hal_dac.c ****       converted voltage on a capacitor. When not converting, the DAC cores and
  93:Drivers/STM32H7xx_HAL_Driver/Src/stm32h7xx_hal_dac.c ****       buffer are completely turned off between samples and the DAC output is
  94:Drivers/STM32H7xx_HAL_Driver/Src/stm32h7xx_hal_dac.c ****       tri-stated, therefore  reducing the overall power consumption. A new
  95:Drivers/STM32H7xx_HAL_Driver/Src/stm32h7xx_hal_dac.c ****       stabilization period is needed before each new conversion.
  96:Drivers/STM32H7xx_HAL_Driver/Src/stm32h7xx_hal_dac.c **** 
  97:Drivers/STM32H7xx_HAL_Driver/Src/stm32h7xx_hal_dac.c ****       The sample and hold allow setting internal or external voltage @
  98:Drivers/STM32H7xx_HAL_Driver/Src/stm32h7xx_hal_dac.c ****       low power consumption cost (output value can be at any given rate either
  99:Drivers/STM32H7xx_HAL_Driver/Src/stm32h7xx_hal_dac.c ****       by CPU or DMA).
 100:Drivers/STM32H7xx_HAL_Driver/Src/stm32h7xx_hal_dac.c **** 
 101:Drivers/STM32H7xx_HAL_Driver/Src/stm32h7xx_hal_dac.c ****       The Sample and hold block and registers uses either LSI & run in
 102:Drivers/STM32H7xx_HAL_Driver/Src/stm32h7xx_hal_dac.c ****       several power modes: run mode, sleep mode, low power run, low power sleep
 103:Drivers/STM32H7xx_HAL_Driver/Src/stm32h7xx_hal_dac.c ****       mode & stop1 mode.
 104:Drivers/STM32H7xx_HAL_Driver/Src/stm32h7xx_hal_dac.c **** 
 105:Drivers/STM32H7xx_HAL_Driver/Src/stm32h7xx_hal_dac.c ****       Low power stop1 mode allows only static conversion.
 106:Drivers/STM32H7xx_HAL_Driver/Src/stm32h7xx_hal_dac.c **** 
 107:Drivers/STM32H7xx_HAL_Driver/Src/stm32h7xx_hal_dac.c ****       To enable Sample and Hold mode
 108:Drivers/STM32H7xx_HAL_Driver/Src/stm32h7xx_hal_dac.c ****       Enable LSI using HAL_RCC_OscConfig with RCC_OSCILLATORTYPE_LSI &
 109:Drivers/STM32H7xx_HAL_Driver/Src/stm32h7xx_hal_dac.c ****       RCC_LSI_ON parameters.
 110:Drivers/STM32H7xx_HAL_Driver/Src/stm32h7xx_hal_dac.c **** 
 111:Drivers/STM32H7xx_HAL_Driver/Src/stm32h7xx_hal_dac.c ****       Use DAC_InitStructure.DAC_SampleAndHold = DAC_SAMPLEANDHOLD_ENABLE;
 112:Drivers/STM32H7xx_HAL_Driver/Src/stm32h7xx_hal_dac.c ****          & DAC_ChannelConfTypeDef.DAC_SampleAndHoldConfig.DAC_SampleTime,
 113:Drivers/STM32H7xx_HAL_Driver/Src/stm32h7xx_hal_dac.c ****            DAC_HoldTime & DAC_RefreshTime;
 114:Drivers/STM32H7xx_HAL_Driver/Src/stm32h7xx_hal_dac.c **** 
 115:Drivers/STM32H7xx_HAL_Driver/Src/stm32h7xx_hal_dac.c ****        *** DAC calibration feature ***
 116:Drivers/STM32H7xx_HAL_Driver/Src/stm32h7xx_hal_dac.c ****        ===================================
 117:Drivers/STM32H7xx_HAL_Driver/Src/stm32h7xx_hal_dac.c ****       [..]
 118:Drivers/STM32H7xx_HAL_Driver/Src/stm32h7xx_hal_dac.c ****        (#)  The 2 converters (channel1 & channel2) provide calibration capabilities.
 119:Drivers/STM32H7xx_HAL_Driver/Src/stm32h7xx_hal_dac.c ****        (++) Calibration aims at correcting some offset of output buffer.
 120:Drivers/STM32H7xx_HAL_Driver/Src/stm32h7xx_hal_dac.c ****        (++) The DAC uses either factory calibration settings OR user defined
 121:Drivers/STM32H7xx_HAL_Driver/Src/stm32h7xx_hal_dac.c ****            calibration (trimming) settings (i.e. trimming mode).
 122:Drivers/STM32H7xx_HAL_Driver/Src/stm32h7xx_hal_dac.c ****        (++) The user defined settings can be figured out using self calibration
 123:Drivers/STM32H7xx_HAL_Driver/Src/stm32h7xx_hal_dac.c ****            handled by HAL_DACEx_SelfCalibrate.
 124:Drivers/STM32H7xx_HAL_Driver/Src/stm32h7xx_hal_dac.c ****        (++) HAL_DACEx_SelfCalibrate:
 125:Drivers/STM32H7xx_HAL_Driver/Src/stm32h7xx_hal_dac.c ****        (+++) Runs automatically the calibration.
 126:Drivers/STM32H7xx_HAL_Driver/Src/stm32h7xx_hal_dac.c ****        (+++) Enables the user trimming mode
 127:Drivers/STM32H7xx_HAL_Driver/Src/stm32h7xx_hal_dac.c ****        (+++) Updates a structure with trimming values with fresh calibration
 128:Drivers/STM32H7xx_HAL_Driver/Src/stm32h7xx_hal_dac.c ****             results.
 129:Drivers/STM32H7xx_HAL_Driver/Src/stm32h7xx_hal_dac.c ****             The user may store the calibration results for larger
 130:Drivers/STM32H7xx_HAL_Driver/Src/stm32h7xx_hal_dac.c ****             (ex monitoring the trimming as a function of temperature
 131:Drivers/STM32H7xx_HAL_Driver/Src/stm32h7xx_hal_dac.c ****             for instance)
 132:Drivers/STM32H7xx_HAL_Driver/Src/stm32h7xx_hal_dac.c **** 
 133:Drivers/STM32H7xx_HAL_Driver/Src/stm32h7xx_hal_dac.c ****        *** DAC wave generation feature ***
 134:Drivers/STM32H7xx_HAL_Driver/Src/stm32h7xx_hal_dac.c ****        ===================================
 135:Drivers/STM32H7xx_HAL_Driver/Src/stm32h7xx_hal_dac.c ****        [..]
 136:Drivers/STM32H7xx_HAL_Driver/Src/stm32h7xx_hal_dac.c ****        Both DAC channels can be used to generate
 137:Drivers/STM32H7xx_HAL_Driver/Src/stm32h7xx_hal_dac.c ****          (#) Noise wave
 138:Drivers/STM32H7xx_HAL_Driver/Src/stm32h7xx_hal_dac.c ****          (#) Triangle wave
 139:Drivers/STM32H7xx_HAL_Driver/Src/stm32h7xx_hal_dac.c **** 
 140:Drivers/STM32H7xx_HAL_Driver/Src/stm32h7xx_hal_dac.c ****        *** DAC data format ***
 141:Drivers/STM32H7xx_HAL_Driver/Src/stm32h7xx_hal_dac.c ****        =======================
 142:Drivers/STM32H7xx_HAL_Driver/Src/stm32h7xx_hal_dac.c ****        [..]
 143:Drivers/STM32H7xx_HAL_Driver/Src/stm32h7xx_hal_dac.c ****        The DAC data format can be:
 144:Drivers/STM32H7xx_HAL_Driver/Src/stm32h7xx_hal_dac.c ****          (#) 8-bit right alignment using DAC_ALIGN_8B_R
ARM GAS  C:\Users\Made\AppData\Local\Temp\ccJ7f769.s 			page 4


 145:Drivers/STM32H7xx_HAL_Driver/Src/stm32h7xx_hal_dac.c ****          (#) 12-bit left alignment using DAC_ALIGN_12B_L
 146:Drivers/STM32H7xx_HAL_Driver/Src/stm32h7xx_hal_dac.c ****          (#) 12-bit right alignment using DAC_ALIGN_12B_R
 147:Drivers/STM32H7xx_HAL_Driver/Src/stm32h7xx_hal_dac.c **** 
 148:Drivers/STM32H7xx_HAL_Driver/Src/stm32h7xx_hal_dac.c ****        *** DAC data value to voltage correspondence ***
 149:Drivers/STM32H7xx_HAL_Driver/Src/stm32h7xx_hal_dac.c ****        ================================================
 150:Drivers/STM32H7xx_HAL_Driver/Src/stm32h7xx_hal_dac.c ****        [..]
 151:Drivers/STM32H7xx_HAL_Driver/Src/stm32h7xx_hal_dac.c ****        The analog output voltage on each DAC channel pin is determined
 152:Drivers/STM32H7xx_HAL_Driver/Src/stm32h7xx_hal_dac.c ****        by the following equation:
 153:Drivers/STM32H7xx_HAL_Driver/Src/stm32h7xx_hal_dac.c ****        [..]
 154:Drivers/STM32H7xx_HAL_Driver/Src/stm32h7xx_hal_dac.c ****        DAC_OUTx = VREF+ * DOR / 4095
 155:Drivers/STM32H7xx_HAL_Driver/Src/stm32h7xx_hal_dac.c ****        (+) with  DOR is the Data Output Register
 156:Drivers/STM32H7xx_HAL_Driver/Src/stm32h7xx_hal_dac.c ****        [..]
 157:Drivers/STM32H7xx_HAL_Driver/Src/stm32h7xx_hal_dac.c ****           VREF+ is the input voltage reference (refer to the device datasheet)
 158:Drivers/STM32H7xx_HAL_Driver/Src/stm32h7xx_hal_dac.c ****        [..]
 159:Drivers/STM32H7xx_HAL_Driver/Src/stm32h7xx_hal_dac.c ****         e.g. To set DAC_OUT1 to 0.7V, use
 160:Drivers/STM32H7xx_HAL_Driver/Src/stm32h7xx_hal_dac.c ****        (+) Assuming that VREF+ = 3.3V, DAC_OUT1 = (3.3 * 868) / 4095 = 0.7V
 161:Drivers/STM32H7xx_HAL_Driver/Src/stm32h7xx_hal_dac.c **** 
 162:Drivers/STM32H7xx_HAL_Driver/Src/stm32h7xx_hal_dac.c ****        *** DMA requests ***
 163:Drivers/STM32H7xx_HAL_Driver/Src/stm32h7xx_hal_dac.c ****        =====================
 164:Drivers/STM32H7xx_HAL_Driver/Src/stm32h7xx_hal_dac.c ****        [..]
 165:Drivers/STM32H7xx_HAL_Driver/Src/stm32h7xx_hal_dac.c ****        A DMA request can be generated when an external trigger (but not a software trigger)
 166:Drivers/STM32H7xx_HAL_Driver/Src/stm32h7xx_hal_dac.c ****        occurs if DMA requests are enabled using HAL_DAC_Start_DMA().
 167:Drivers/STM32H7xx_HAL_Driver/Src/stm32h7xx_hal_dac.c ****        DMA requests are mapped as following:
 168:Drivers/STM32H7xx_HAL_Driver/Src/stm32h7xx_hal_dac.c ****       (#) DAC channel1: mapped on DMA_REQUEST_DAC1_CH1
 169:Drivers/STM32H7xx_HAL_Driver/Src/stm32h7xx_hal_dac.c ****       (#) DAC channel2: mapped on DMA_REQUEST_DAC1_CH2
 170:Drivers/STM32H7xx_HAL_Driver/Src/stm32h7xx_hal_dac.c **** 
 171:Drivers/STM32H7xx_HAL_Driver/Src/stm32h7xx_hal_dac.c ****      [..]
 172:Drivers/STM32H7xx_HAL_Driver/Src/stm32h7xx_hal_dac.c ****     (@) For Dual mode and specific signal (Triangle and noise) generation please
 173:Drivers/STM32H7xx_HAL_Driver/Src/stm32h7xx_hal_dac.c ****         refer to Extended Features Driver description
 174:Drivers/STM32H7xx_HAL_Driver/Src/stm32h7xx_hal_dac.c **** 
 175:Drivers/STM32H7xx_HAL_Driver/Src/stm32h7xx_hal_dac.c ****                       ##### How to use this driver #####
 176:Drivers/STM32H7xx_HAL_Driver/Src/stm32h7xx_hal_dac.c ****   ==============================================================================
 177:Drivers/STM32H7xx_HAL_Driver/Src/stm32h7xx_hal_dac.c ****     [..]
 178:Drivers/STM32H7xx_HAL_Driver/Src/stm32h7xx_hal_dac.c ****       (+) DAC APB clock must be enabled to get write access to DAC
 179:Drivers/STM32H7xx_HAL_Driver/Src/stm32h7xx_hal_dac.c ****           registers using HAL_DAC_Init()
 180:Drivers/STM32H7xx_HAL_Driver/Src/stm32h7xx_hal_dac.c ****       (+) Configure DAC_OUTx (DAC_OUT1: PA4, DAC_OUT2: PA5) in analog mode.
 181:Drivers/STM32H7xx_HAL_Driver/Src/stm32h7xx_hal_dac.c ****       (+) Configure the DAC channel using HAL_DAC_ConfigChannel() function.
 182:Drivers/STM32H7xx_HAL_Driver/Src/stm32h7xx_hal_dac.c ****       (+) Enable the DAC channel using HAL_DAC_Start() or HAL_DAC_Start_DMA() functions.
 183:Drivers/STM32H7xx_HAL_Driver/Src/stm32h7xx_hal_dac.c **** 
 184:Drivers/STM32H7xx_HAL_Driver/Src/stm32h7xx_hal_dac.c ****      *** Calibration mode IO operation ***
 185:Drivers/STM32H7xx_HAL_Driver/Src/stm32h7xx_hal_dac.c ****      ======================================
 186:Drivers/STM32H7xx_HAL_Driver/Src/stm32h7xx_hal_dac.c ****      [..]
 187:Drivers/STM32H7xx_HAL_Driver/Src/stm32h7xx_hal_dac.c ****        (+) Retrieve the factory trimming (calibration settings) using HAL_DACEx_GetTrimOffset()
 188:Drivers/STM32H7xx_HAL_Driver/Src/stm32h7xx_hal_dac.c ****        (+) Run the calibration using HAL_DACEx_SelfCalibrate()
 189:Drivers/STM32H7xx_HAL_Driver/Src/stm32h7xx_hal_dac.c ****        (+) Update the trimming while DAC running using HAL_DACEx_SetUserTrimming()
 190:Drivers/STM32H7xx_HAL_Driver/Src/stm32h7xx_hal_dac.c **** 
 191:Drivers/STM32H7xx_HAL_Driver/Src/stm32h7xx_hal_dac.c ****      *** Polling mode IO operation ***
 192:Drivers/STM32H7xx_HAL_Driver/Src/stm32h7xx_hal_dac.c ****      =================================
 193:Drivers/STM32H7xx_HAL_Driver/Src/stm32h7xx_hal_dac.c ****      [..]
 194:Drivers/STM32H7xx_HAL_Driver/Src/stm32h7xx_hal_dac.c ****        (+) Start the DAC peripheral using HAL_DAC_Start()
 195:Drivers/STM32H7xx_HAL_Driver/Src/stm32h7xx_hal_dac.c ****        (+) To read the DAC last data output value, use the HAL_DAC_GetValue() function.
 196:Drivers/STM32H7xx_HAL_Driver/Src/stm32h7xx_hal_dac.c ****        (+) Stop the DAC peripheral using HAL_DAC_Stop()
 197:Drivers/STM32H7xx_HAL_Driver/Src/stm32h7xx_hal_dac.c **** 
 198:Drivers/STM32H7xx_HAL_Driver/Src/stm32h7xx_hal_dac.c ****      *** DMA mode IO operation ***
 199:Drivers/STM32H7xx_HAL_Driver/Src/stm32h7xx_hal_dac.c ****      ==============================
 200:Drivers/STM32H7xx_HAL_Driver/Src/stm32h7xx_hal_dac.c ****      [..]
 201:Drivers/STM32H7xx_HAL_Driver/Src/stm32h7xx_hal_dac.c ****        (+) Start the DAC peripheral using HAL_DAC_Start_DMA(), at this stage the user specify the l
ARM GAS  C:\Users\Made\AppData\Local\Temp\ccJ7f769.s 			page 5


 202:Drivers/STM32H7xx_HAL_Driver/Src/stm32h7xx_hal_dac.c ****            of data to be transferred at each end of conversion
 203:Drivers/STM32H7xx_HAL_Driver/Src/stm32h7xx_hal_dac.c ****            First issued trigger will start the conversion of the value previously set by HAL_DAC_Se
 204:Drivers/STM32H7xx_HAL_Driver/Src/stm32h7xx_hal_dac.c ****        (+) At the middle of data transfer HAL_DAC_ConvHalfCpltCallbackCh1() or HAL_DACEx_ConvHalfCp
 205:Drivers/STM32H7xx_HAL_Driver/Src/stm32h7xx_hal_dac.c ****            function is executed and user can add his own code by customization of function pointer
 206:Drivers/STM32H7xx_HAL_Driver/Src/stm32h7xx_hal_dac.c ****            HAL_DAC_ConvHalfCpltCallbackCh1() or HAL_DACEx_ConvHalfCpltCallbackCh2()
 207:Drivers/STM32H7xx_HAL_Driver/Src/stm32h7xx_hal_dac.c ****        (+) At The end of data transfer HAL_DAC_ConvCpltCallbackCh1() or HAL_DACEx_ConvHalfCpltCallb
 208:Drivers/STM32H7xx_HAL_Driver/Src/stm32h7xx_hal_dac.c ****            function is executed and user can add his own code by customization of function pointer
 209:Drivers/STM32H7xx_HAL_Driver/Src/stm32h7xx_hal_dac.c ****            HAL_DAC_ConvCpltCallbackCh1() or HAL_DACEx_ConvHalfCpltCallbackCh2()
 210:Drivers/STM32H7xx_HAL_Driver/Src/stm32h7xx_hal_dac.c ****        (+) In case of transfer Error, HAL_DAC_ErrorCallbackCh1() function is executed and user can
 211:Drivers/STM32H7xx_HAL_Driver/Src/stm32h7xx_hal_dac.c ****             add his own code by customization of function pointer HAL_DAC_ErrorCallbackCh1
 212:Drivers/STM32H7xx_HAL_Driver/Src/stm32h7xx_hal_dac.c ****        (+) In case of DMA underrun, DAC interruption triggers and execute internal function HAL_DAC
 213:Drivers/STM32H7xx_HAL_Driver/Src/stm32h7xx_hal_dac.c ****            HAL_DAC_DMAUnderrunCallbackCh1() or HAL_DACEx_DMAUnderrunCallbackCh2()
 214:Drivers/STM32H7xx_HAL_Driver/Src/stm32h7xx_hal_dac.c ****            function is executed and user can add his own code by customization of function pointer
 215:Drivers/STM32H7xx_HAL_Driver/Src/stm32h7xx_hal_dac.c ****            HAL_DAC_DMAUnderrunCallbackCh1() or HAL_DACEx_DMAUnderrunCallbackCh2() and
 216:Drivers/STM32H7xx_HAL_Driver/Src/stm32h7xx_hal_dac.c ****            add his own code by customization of function pointer HAL_DAC_ErrorCallbackCh1()
 217:Drivers/STM32H7xx_HAL_Driver/Src/stm32h7xx_hal_dac.c ****        (+) Stop the DAC peripheral using HAL_DAC_Stop_DMA()
 218:Drivers/STM32H7xx_HAL_Driver/Src/stm32h7xx_hal_dac.c **** 
 219:Drivers/STM32H7xx_HAL_Driver/Src/stm32h7xx_hal_dac.c ****     *** Callback registration ***
 220:Drivers/STM32H7xx_HAL_Driver/Src/stm32h7xx_hal_dac.c ****     =============================================
 221:Drivers/STM32H7xx_HAL_Driver/Src/stm32h7xx_hal_dac.c ****     [..]
 222:Drivers/STM32H7xx_HAL_Driver/Src/stm32h7xx_hal_dac.c ****       The compilation define  USE_HAL_DAC_REGISTER_CALLBACKS when set to 1
 223:Drivers/STM32H7xx_HAL_Driver/Src/stm32h7xx_hal_dac.c ****       allows the user to configure dynamically the driver callbacks.
 224:Drivers/STM32H7xx_HAL_Driver/Src/stm32h7xx_hal_dac.c **** 
 225:Drivers/STM32H7xx_HAL_Driver/Src/stm32h7xx_hal_dac.c ****     Use Functions HAL_DAC_RegisterCallback() to register a user callback,
 226:Drivers/STM32H7xx_HAL_Driver/Src/stm32h7xx_hal_dac.c ****       it allows to register following callbacks:
 227:Drivers/STM32H7xx_HAL_Driver/Src/stm32h7xx_hal_dac.c ****       (+) ConvCpltCallbackCh1     : callback when a half transfer is completed on Ch1.
 228:Drivers/STM32H7xx_HAL_Driver/Src/stm32h7xx_hal_dac.c ****       (+) ConvHalfCpltCallbackCh1 : callback when a transfer is completed on Ch1.
 229:Drivers/STM32H7xx_HAL_Driver/Src/stm32h7xx_hal_dac.c ****       (+) ErrorCallbackCh1        : callback when an error occurs on Ch1.
 230:Drivers/STM32H7xx_HAL_Driver/Src/stm32h7xx_hal_dac.c ****       (+) DMAUnderrunCallbackCh1  : callback when an underrun error occurs on Ch1.
 231:Drivers/STM32H7xx_HAL_Driver/Src/stm32h7xx_hal_dac.c ****       (+) ConvCpltCallbackCh2     : callback when a half transfer is completed on Ch2.
 232:Drivers/STM32H7xx_HAL_Driver/Src/stm32h7xx_hal_dac.c ****       (+) ConvHalfCpltCallbackCh2 : callback when a transfer is completed on Ch2.
 233:Drivers/STM32H7xx_HAL_Driver/Src/stm32h7xx_hal_dac.c ****       (+) ErrorCallbackCh2        : callback when an error occurs on Ch2.
 234:Drivers/STM32H7xx_HAL_Driver/Src/stm32h7xx_hal_dac.c ****       (+) DMAUnderrunCallbackCh2  : callback when an underrun error occurs on Ch2.
 235:Drivers/STM32H7xx_HAL_Driver/Src/stm32h7xx_hal_dac.c ****       (+) MspInitCallback         : DAC MspInit.
 236:Drivers/STM32H7xx_HAL_Driver/Src/stm32h7xx_hal_dac.c ****       (+) MspDeInitCallback       : DAC MspdeInit.
 237:Drivers/STM32H7xx_HAL_Driver/Src/stm32h7xx_hal_dac.c ****       This function takes as parameters the HAL peripheral handle, the Callback ID
 238:Drivers/STM32H7xx_HAL_Driver/Src/stm32h7xx_hal_dac.c ****       and a pointer to the user callback function.
 239:Drivers/STM32H7xx_HAL_Driver/Src/stm32h7xx_hal_dac.c **** 
 240:Drivers/STM32H7xx_HAL_Driver/Src/stm32h7xx_hal_dac.c ****     Use function HAL_DAC_UnRegisterCallback() to reset a callback to the default
 241:Drivers/STM32H7xx_HAL_Driver/Src/stm32h7xx_hal_dac.c ****       weak (overridden) function. It allows to reset following callbacks:
 242:Drivers/STM32H7xx_HAL_Driver/Src/stm32h7xx_hal_dac.c ****       (+) ConvCpltCallbackCh1     : callback when a half transfer is completed on Ch1.
 243:Drivers/STM32H7xx_HAL_Driver/Src/stm32h7xx_hal_dac.c ****       (+) ConvHalfCpltCallbackCh1 : callback when a transfer is completed on Ch1.
 244:Drivers/STM32H7xx_HAL_Driver/Src/stm32h7xx_hal_dac.c ****       (+) ErrorCallbackCh1        : callback when an error occurs on Ch1.
 245:Drivers/STM32H7xx_HAL_Driver/Src/stm32h7xx_hal_dac.c ****       (+) DMAUnderrunCallbackCh1  : callback when an underrun error occurs on Ch1.
 246:Drivers/STM32H7xx_HAL_Driver/Src/stm32h7xx_hal_dac.c ****       (+) ConvCpltCallbackCh2     : callback when a half transfer is completed on Ch2.
 247:Drivers/STM32H7xx_HAL_Driver/Src/stm32h7xx_hal_dac.c ****       (+) ConvHalfCpltCallbackCh2 : callback when a transfer is completed on Ch2.
 248:Drivers/STM32H7xx_HAL_Driver/Src/stm32h7xx_hal_dac.c ****       (+) ErrorCallbackCh2        : callback when an error occurs on Ch2.
 249:Drivers/STM32H7xx_HAL_Driver/Src/stm32h7xx_hal_dac.c ****       (+) DMAUnderrunCallbackCh2  : callback when an underrun error occurs on Ch2.
 250:Drivers/STM32H7xx_HAL_Driver/Src/stm32h7xx_hal_dac.c ****       (+) MspInitCallback         : DAC MspInit.
 251:Drivers/STM32H7xx_HAL_Driver/Src/stm32h7xx_hal_dac.c ****       (+) MspDeInitCallback       : DAC MspdeInit.
 252:Drivers/STM32H7xx_HAL_Driver/Src/stm32h7xx_hal_dac.c ****       (+) All Callbacks
 253:Drivers/STM32H7xx_HAL_Driver/Src/stm32h7xx_hal_dac.c ****       This function) takes as parameters the HAL peripheral handle and the Callback ID.
 254:Drivers/STM32H7xx_HAL_Driver/Src/stm32h7xx_hal_dac.c **** 
 255:Drivers/STM32H7xx_HAL_Driver/Src/stm32h7xx_hal_dac.c ****       By default, after the HAL_DAC_Init and if the state is HAL_DAC_STATE_RESET
 256:Drivers/STM32H7xx_HAL_Driver/Src/stm32h7xx_hal_dac.c ****       all callbacks are reset to the corresponding legacy weak (overridden) functions.
 257:Drivers/STM32H7xx_HAL_Driver/Src/stm32h7xx_hal_dac.c ****       Exception done for MspInit and MspDeInit callbacks that are respectively
 258:Drivers/STM32H7xx_HAL_Driver/Src/stm32h7xx_hal_dac.c ****       reset to the legacy weak (overridden) functions in the HAL_DAC_Init
ARM GAS  C:\Users\Made\AppData\Local\Temp\ccJ7f769.s 			page 6


 259:Drivers/STM32H7xx_HAL_Driver/Src/stm32h7xx_hal_dac.c ****       and  HAL_DAC_DeInit only when these callbacks are null (not registered beforehand).
 260:Drivers/STM32H7xx_HAL_Driver/Src/stm32h7xx_hal_dac.c ****       If not, MspInit or MspDeInit are not null, the HAL_DAC_Init and HAL_DAC_DeInit
 261:Drivers/STM32H7xx_HAL_Driver/Src/stm32h7xx_hal_dac.c ****       keep and use the user MspInit/MspDeInit callbacks (registered beforehand)
 262:Drivers/STM32H7xx_HAL_Driver/Src/stm32h7xx_hal_dac.c **** 
 263:Drivers/STM32H7xx_HAL_Driver/Src/stm32h7xx_hal_dac.c ****       Callbacks can be registered/unregistered in READY state only.
 264:Drivers/STM32H7xx_HAL_Driver/Src/stm32h7xx_hal_dac.c ****       Exception done for MspInit/MspDeInit callbacks that can be registered/unregistered
 265:Drivers/STM32H7xx_HAL_Driver/Src/stm32h7xx_hal_dac.c ****       in READY or RESET state, thus registered (user) MspInit/DeInit callbacks can be used
 266:Drivers/STM32H7xx_HAL_Driver/Src/stm32h7xx_hal_dac.c ****       during the Init/DeInit.
 267:Drivers/STM32H7xx_HAL_Driver/Src/stm32h7xx_hal_dac.c ****       In that case first register the MspInit/MspDeInit user callbacks
 268:Drivers/STM32H7xx_HAL_Driver/Src/stm32h7xx_hal_dac.c ****       using HAL_DAC_RegisterCallback before calling HAL_DAC_DeInit
 269:Drivers/STM32H7xx_HAL_Driver/Src/stm32h7xx_hal_dac.c ****       or HAL_DAC_Init function.
 270:Drivers/STM32H7xx_HAL_Driver/Src/stm32h7xx_hal_dac.c **** 
 271:Drivers/STM32H7xx_HAL_Driver/Src/stm32h7xx_hal_dac.c ****       When The compilation define USE_HAL_DAC_REGISTER_CALLBACKS is set to 0 or
 272:Drivers/STM32H7xx_HAL_Driver/Src/stm32h7xx_hal_dac.c ****       not defined, the callback registering feature is not available
 273:Drivers/STM32H7xx_HAL_Driver/Src/stm32h7xx_hal_dac.c ****       and weak (overridden) callbacks are used.
 274:Drivers/STM32H7xx_HAL_Driver/Src/stm32h7xx_hal_dac.c **** 
 275:Drivers/STM32H7xx_HAL_Driver/Src/stm32h7xx_hal_dac.c ****      *** DAC HAL driver macros list ***
 276:Drivers/STM32H7xx_HAL_Driver/Src/stm32h7xx_hal_dac.c ****      =============================================
 277:Drivers/STM32H7xx_HAL_Driver/Src/stm32h7xx_hal_dac.c ****      [..]
 278:Drivers/STM32H7xx_HAL_Driver/Src/stm32h7xx_hal_dac.c ****        Below the list of most used macros in DAC HAL driver.
 279:Drivers/STM32H7xx_HAL_Driver/Src/stm32h7xx_hal_dac.c **** 
 280:Drivers/STM32H7xx_HAL_Driver/Src/stm32h7xx_hal_dac.c ****       (+) __HAL_DAC_ENABLE : Enable the DAC peripheral
 281:Drivers/STM32H7xx_HAL_Driver/Src/stm32h7xx_hal_dac.c ****       (+) __HAL_DAC_DISABLE : Disable the DAC peripheral
 282:Drivers/STM32H7xx_HAL_Driver/Src/stm32h7xx_hal_dac.c ****       (+) __HAL_DAC_CLEAR_FLAG: Clear the DAC's pending flags
 283:Drivers/STM32H7xx_HAL_Driver/Src/stm32h7xx_hal_dac.c ****       (+) __HAL_DAC_GET_FLAG: Get the selected DAC's flag status
 284:Drivers/STM32H7xx_HAL_Driver/Src/stm32h7xx_hal_dac.c **** 
 285:Drivers/STM32H7xx_HAL_Driver/Src/stm32h7xx_hal_dac.c ****      [..]
 286:Drivers/STM32H7xx_HAL_Driver/Src/stm32h7xx_hal_dac.c ****       (@) You can refer to the DAC HAL driver header file for more useful macros
 287:Drivers/STM32H7xx_HAL_Driver/Src/stm32h7xx_hal_dac.c **** 
 288:Drivers/STM32H7xx_HAL_Driver/Src/stm32h7xx_hal_dac.c **** @endverbatim
 289:Drivers/STM32H7xx_HAL_Driver/Src/stm32h7xx_hal_dac.c ****   ******************************************************************************
 290:Drivers/STM32H7xx_HAL_Driver/Src/stm32h7xx_hal_dac.c ****   */
 291:Drivers/STM32H7xx_HAL_Driver/Src/stm32h7xx_hal_dac.c **** 
 292:Drivers/STM32H7xx_HAL_Driver/Src/stm32h7xx_hal_dac.c **** /* Includes ------------------------------------------------------------------*/
 293:Drivers/STM32H7xx_HAL_Driver/Src/stm32h7xx_hal_dac.c **** #include "stm32h7xx_hal.h"
 294:Drivers/STM32H7xx_HAL_Driver/Src/stm32h7xx_hal_dac.c **** 
 295:Drivers/STM32H7xx_HAL_Driver/Src/stm32h7xx_hal_dac.c **** /** @addtogroup STM32H7xx_HAL_Driver
 296:Drivers/STM32H7xx_HAL_Driver/Src/stm32h7xx_hal_dac.c ****   * @{
 297:Drivers/STM32H7xx_HAL_Driver/Src/stm32h7xx_hal_dac.c ****   */
 298:Drivers/STM32H7xx_HAL_Driver/Src/stm32h7xx_hal_dac.c **** 
 299:Drivers/STM32H7xx_HAL_Driver/Src/stm32h7xx_hal_dac.c **** #ifdef HAL_DAC_MODULE_ENABLED
 300:Drivers/STM32H7xx_HAL_Driver/Src/stm32h7xx_hal_dac.c **** #if defined(DAC1) || defined(DAC2)
 301:Drivers/STM32H7xx_HAL_Driver/Src/stm32h7xx_hal_dac.c **** 
 302:Drivers/STM32H7xx_HAL_Driver/Src/stm32h7xx_hal_dac.c **** /** @defgroup DAC DAC
 303:Drivers/STM32H7xx_HAL_Driver/Src/stm32h7xx_hal_dac.c ****   * @brief DAC driver modules
 304:Drivers/STM32H7xx_HAL_Driver/Src/stm32h7xx_hal_dac.c ****   * @{
 305:Drivers/STM32H7xx_HAL_Driver/Src/stm32h7xx_hal_dac.c ****   */
 306:Drivers/STM32H7xx_HAL_Driver/Src/stm32h7xx_hal_dac.c **** 
 307:Drivers/STM32H7xx_HAL_Driver/Src/stm32h7xx_hal_dac.c **** /* Private typedef -----------------------------------------------------------*/
 308:Drivers/STM32H7xx_HAL_Driver/Src/stm32h7xx_hal_dac.c **** /* Private define ------------------------------------------------------------*/
 309:Drivers/STM32H7xx_HAL_Driver/Src/stm32h7xx_hal_dac.c **** /* Private constants ---------------------------------------------------------*/
 310:Drivers/STM32H7xx_HAL_Driver/Src/stm32h7xx_hal_dac.c **** /** @addtogroup DAC_Private_Constants DAC Private Constants
 311:Drivers/STM32H7xx_HAL_Driver/Src/stm32h7xx_hal_dac.c ****   * @{
 312:Drivers/STM32H7xx_HAL_Driver/Src/stm32h7xx_hal_dac.c ****   */
 313:Drivers/STM32H7xx_HAL_Driver/Src/stm32h7xx_hal_dac.c **** #define TIMEOUT_DAC_CALIBCONFIG        1U         /* 1   ms        */
 314:Drivers/STM32H7xx_HAL_Driver/Src/stm32h7xx_hal_dac.c **** 
 315:Drivers/STM32H7xx_HAL_Driver/Src/stm32h7xx_hal_dac.c **** /**
ARM GAS  C:\Users\Made\AppData\Local\Temp\ccJ7f769.s 			page 7


 316:Drivers/STM32H7xx_HAL_Driver/Src/stm32h7xx_hal_dac.c ****   * @}
 317:Drivers/STM32H7xx_HAL_Driver/Src/stm32h7xx_hal_dac.c ****   */
 318:Drivers/STM32H7xx_HAL_Driver/Src/stm32h7xx_hal_dac.c **** 
 319:Drivers/STM32H7xx_HAL_Driver/Src/stm32h7xx_hal_dac.c **** /* Private macro -------------------------------------------------------------*/
 320:Drivers/STM32H7xx_HAL_Driver/Src/stm32h7xx_hal_dac.c **** /* Private variables ---------------------------------------------------------*/
 321:Drivers/STM32H7xx_HAL_Driver/Src/stm32h7xx_hal_dac.c **** /* Private function prototypes -----------------------------------------------*/
 322:Drivers/STM32H7xx_HAL_Driver/Src/stm32h7xx_hal_dac.c **** /* Exported functions -------------------------------------------------------*/
 323:Drivers/STM32H7xx_HAL_Driver/Src/stm32h7xx_hal_dac.c **** 
 324:Drivers/STM32H7xx_HAL_Driver/Src/stm32h7xx_hal_dac.c **** /** @defgroup DAC_Exported_Functions DAC Exported Functions
 325:Drivers/STM32H7xx_HAL_Driver/Src/stm32h7xx_hal_dac.c ****   * @{
 326:Drivers/STM32H7xx_HAL_Driver/Src/stm32h7xx_hal_dac.c ****   */
 327:Drivers/STM32H7xx_HAL_Driver/Src/stm32h7xx_hal_dac.c **** 
 328:Drivers/STM32H7xx_HAL_Driver/Src/stm32h7xx_hal_dac.c **** /** @defgroup DAC_Exported_Functions_Group1 Initialization and de-initialization functions
 329:Drivers/STM32H7xx_HAL_Driver/Src/stm32h7xx_hal_dac.c ****   *  @brief    Initialization and Configuration functions
 330:Drivers/STM32H7xx_HAL_Driver/Src/stm32h7xx_hal_dac.c ****   *
 331:Drivers/STM32H7xx_HAL_Driver/Src/stm32h7xx_hal_dac.c **** @verbatim
 332:Drivers/STM32H7xx_HAL_Driver/Src/stm32h7xx_hal_dac.c ****   ==============================================================================
 333:Drivers/STM32H7xx_HAL_Driver/Src/stm32h7xx_hal_dac.c ****               ##### Initialization and de-initialization functions #####
 334:Drivers/STM32H7xx_HAL_Driver/Src/stm32h7xx_hal_dac.c ****   ==============================================================================
 335:Drivers/STM32H7xx_HAL_Driver/Src/stm32h7xx_hal_dac.c ****     [..]  This section provides functions allowing to:
 336:Drivers/STM32H7xx_HAL_Driver/Src/stm32h7xx_hal_dac.c ****       (+) Initialize and configure the DAC.
 337:Drivers/STM32H7xx_HAL_Driver/Src/stm32h7xx_hal_dac.c ****       (+) De-initialize the DAC.
 338:Drivers/STM32H7xx_HAL_Driver/Src/stm32h7xx_hal_dac.c **** 
 339:Drivers/STM32H7xx_HAL_Driver/Src/stm32h7xx_hal_dac.c **** @endverbatim
 340:Drivers/STM32H7xx_HAL_Driver/Src/stm32h7xx_hal_dac.c ****   * @{
 341:Drivers/STM32H7xx_HAL_Driver/Src/stm32h7xx_hal_dac.c ****   */
 342:Drivers/STM32H7xx_HAL_Driver/Src/stm32h7xx_hal_dac.c **** 
 343:Drivers/STM32H7xx_HAL_Driver/Src/stm32h7xx_hal_dac.c **** /**
 344:Drivers/STM32H7xx_HAL_Driver/Src/stm32h7xx_hal_dac.c ****   * @brief  Initialize the DAC peripheral according to the specified parameters
 345:Drivers/STM32H7xx_HAL_Driver/Src/stm32h7xx_hal_dac.c ****   *         in the DAC_InitStruct and initialize the associated handle.
 346:Drivers/STM32H7xx_HAL_Driver/Src/stm32h7xx_hal_dac.c ****   * @param  hdac pointer to a DAC_HandleTypeDef structure that contains
 347:Drivers/STM32H7xx_HAL_Driver/Src/stm32h7xx_hal_dac.c ****   *         the configuration information for the specified DAC.
 348:Drivers/STM32H7xx_HAL_Driver/Src/stm32h7xx_hal_dac.c ****   * @retval HAL status
 349:Drivers/STM32H7xx_HAL_Driver/Src/stm32h7xx_hal_dac.c ****   */
 350:Drivers/STM32H7xx_HAL_Driver/Src/stm32h7xx_hal_dac.c **** HAL_StatusTypeDef HAL_DAC_Init(DAC_HandleTypeDef *hdac)
 351:Drivers/STM32H7xx_HAL_Driver/Src/stm32h7xx_hal_dac.c **** {
 352:Drivers/STM32H7xx_HAL_Driver/Src/stm32h7xx_hal_dac.c ****   /* Check the DAC peripheral handle */
 353:Drivers/STM32H7xx_HAL_Driver/Src/stm32h7xx_hal_dac.c ****   if (hdac == NULL)
 354:Drivers/STM32H7xx_HAL_Driver/Src/stm32h7xx_hal_dac.c ****   {
 355:Drivers/STM32H7xx_HAL_Driver/Src/stm32h7xx_hal_dac.c ****     return HAL_ERROR;
 356:Drivers/STM32H7xx_HAL_Driver/Src/stm32h7xx_hal_dac.c ****   }
 357:Drivers/STM32H7xx_HAL_Driver/Src/stm32h7xx_hal_dac.c ****   /* Check the parameters */
 358:Drivers/STM32H7xx_HAL_Driver/Src/stm32h7xx_hal_dac.c ****   assert_param(IS_DAC_ALL_INSTANCE(hdac->Instance));
 359:Drivers/STM32H7xx_HAL_Driver/Src/stm32h7xx_hal_dac.c **** 
 360:Drivers/STM32H7xx_HAL_Driver/Src/stm32h7xx_hal_dac.c ****   if (hdac->State == HAL_DAC_STATE_RESET)
 361:Drivers/STM32H7xx_HAL_Driver/Src/stm32h7xx_hal_dac.c ****   {
 362:Drivers/STM32H7xx_HAL_Driver/Src/stm32h7xx_hal_dac.c **** #if (USE_HAL_DAC_REGISTER_CALLBACKS == 1)
 363:Drivers/STM32H7xx_HAL_Driver/Src/stm32h7xx_hal_dac.c ****     /* Init the DAC Callback settings */
 364:Drivers/STM32H7xx_HAL_Driver/Src/stm32h7xx_hal_dac.c ****     hdac->ConvCpltCallbackCh1           = HAL_DAC_ConvCpltCallbackCh1;
 365:Drivers/STM32H7xx_HAL_Driver/Src/stm32h7xx_hal_dac.c ****     hdac->ConvHalfCpltCallbackCh1       = HAL_DAC_ConvHalfCpltCallbackCh1;
 366:Drivers/STM32H7xx_HAL_Driver/Src/stm32h7xx_hal_dac.c ****     hdac->ErrorCallbackCh1              = HAL_DAC_ErrorCallbackCh1;
 367:Drivers/STM32H7xx_HAL_Driver/Src/stm32h7xx_hal_dac.c ****     hdac->DMAUnderrunCallbackCh1        = HAL_DAC_DMAUnderrunCallbackCh1;
 368:Drivers/STM32H7xx_HAL_Driver/Src/stm32h7xx_hal_dac.c **** 
 369:Drivers/STM32H7xx_HAL_Driver/Src/stm32h7xx_hal_dac.c ****     hdac->ConvCpltCallbackCh2           = HAL_DACEx_ConvCpltCallbackCh2;
 370:Drivers/STM32H7xx_HAL_Driver/Src/stm32h7xx_hal_dac.c ****     hdac->ConvHalfCpltCallbackCh2       = HAL_DACEx_ConvHalfCpltCallbackCh2;
 371:Drivers/STM32H7xx_HAL_Driver/Src/stm32h7xx_hal_dac.c ****     hdac->ErrorCallbackCh2              = HAL_DACEx_ErrorCallbackCh2;
 372:Drivers/STM32H7xx_HAL_Driver/Src/stm32h7xx_hal_dac.c ****     hdac->DMAUnderrunCallbackCh2        = HAL_DACEx_DMAUnderrunCallbackCh2;
ARM GAS  C:\Users\Made\AppData\Local\Temp\ccJ7f769.s 			page 8


 373:Drivers/STM32H7xx_HAL_Driver/Src/stm32h7xx_hal_dac.c **** 
 374:Drivers/STM32H7xx_HAL_Driver/Src/stm32h7xx_hal_dac.c ****     if (hdac->MspInitCallback == NULL)
 375:Drivers/STM32H7xx_HAL_Driver/Src/stm32h7xx_hal_dac.c ****     {
 376:Drivers/STM32H7xx_HAL_Driver/Src/stm32h7xx_hal_dac.c ****       hdac->MspInitCallback             = HAL_DAC_MspInit;
 377:Drivers/STM32H7xx_HAL_Driver/Src/stm32h7xx_hal_dac.c ****     }
 378:Drivers/STM32H7xx_HAL_Driver/Src/stm32h7xx_hal_dac.c **** #endif /* USE_HAL_DAC_REGISTER_CALLBACKS */
 379:Drivers/STM32H7xx_HAL_Driver/Src/stm32h7xx_hal_dac.c **** 
 380:Drivers/STM32H7xx_HAL_Driver/Src/stm32h7xx_hal_dac.c ****     /* Allocate lock resource and initialize it */
 381:Drivers/STM32H7xx_HAL_Driver/Src/stm32h7xx_hal_dac.c ****     hdac->Lock = HAL_UNLOCKED;
 382:Drivers/STM32H7xx_HAL_Driver/Src/stm32h7xx_hal_dac.c **** 
 383:Drivers/STM32H7xx_HAL_Driver/Src/stm32h7xx_hal_dac.c **** #if (USE_HAL_DAC_REGISTER_CALLBACKS == 1)
 384:Drivers/STM32H7xx_HAL_Driver/Src/stm32h7xx_hal_dac.c ****     /* Init the low level hardware */
 385:Drivers/STM32H7xx_HAL_Driver/Src/stm32h7xx_hal_dac.c ****     hdac->MspInitCallback(hdac);
 386:Drivers/STM32H7xx_HAL_Driver/Src/stm32h7xx_hal_dac.c **** #else
 387:Drivers/STM32H7xx_HAL_Driver/Src/stm32h7xx_hal_dac.c ****     /* Init the low level hardware */
 388:Drivers/STM32H7xx_HAL_Driver/Src/stm32h7xx_hal_dac.c ****     HAL_DAC_MspInit(hdac);
 389:Drivers/STM32H7xx_HAL_Driver/Src/stm32h7xx_hal_dac.c **** #endif /* USE_HAL_DAC_REGISTER_CALLBACKS */
 390:Drivers/STM32H7xx_HAL_Driver/Src/stm32h7xx_hal_dac.c ****   }
 391:Drivers/STM32H7xx_HAL_Driver/Src/stm32h7xx_hal_dac.c **** 
 392:Drivers/STM32H7xx_HAL_Driver/Src/stm32h7xx_hal_dac.c ****   /* Initialize the DAC state*/
 393:Drivers/STM32H7xx_HAL_Driver/Src/stm32h7xx_hal_dac.c ****   hdac->State = HAL_DAC_STATE_BUSY;
 394:Drivers/STM32H7xx_HAL_Driver/Src/stm32h7xx_hal_dac.c **** 
 395:Drivers/STM32H7xx_HAL_Driver/Src/stm32h7xx_hal_dac.c ****   /* Set DAC error code to none */
 396:Drivers/STM32H7xx_HAL_Driver/Src/stm32h7xx_hal_dac.c ****   hdac->ErrorCode = HAL_DAC_ERROR_NONE;
 397:Drivers/STM32H7xx_HAL_Driver/Src/stm32h7xx_hal_dac.c **** 
 398:Drivers/STM32H7xx_HAL_Driver/Src/stm32h7xx_hal_dac.c ****   /* Initialize the DAC state*/
 399:Drivers/STM32H7xx_HAL_Driver/Src/stm32h7xx_hal_dac.c ****   hdac->State = HAL_DAC_STATE_READY;
 400:Drivers/STM32H7xx_HAL_Driver/Src/stm32h7xx_hal_dac.c **** 
 401:Drivers/STM32H7xx_HAL_Driver/Src/stm32h7xx_hal_dac.c ****   /* Return function status */
 402:Drivers/STM32H7xx_HAL_Driver/Src/stm32h7xx_hal_dac.c ****   return HAL_OK;
 403:Drivers/STM32H7xx_HAL_Driver/Src/stm32h7xx_hal_dac.c **** }
 404:Drivers/STM32H7xx_HAL_Driver/Src/stm32h7xx_hal_dac.c **** 
 405:Drivers/STM32H7xx_HAL_Driver/Src/stm32h7xx_hal_dac.c **** /**
 406:Drivers/STM32H7xx_HAL_Driver/Src/stm32h7xx_hal_dac.c ****   * @brief  Deinitialize the DAC peripheral registers to their default reset values.
 407:Drivers/STM32H7xx_HAL_Driver/Src/stm32h7xx_hal_dac.c ****   * @param  hdac pointer to a DAC_HandleTypeDef structure that contains
 408:Drivers/STM32H7xx_HAL_Driver/Src/stm32h7xx_hal_dac.c ****   *         the configuration information for the specified DAC.
 409:Drivers/STM32H7xx_HAL_Driver/Src/stm32h7xx_hal_dac.c ****   * @retval HAL status
 410:Drivers/STM32H7xx_HAL_Driver/Src/stm32h7xx_hal_dac.c ****   */
 411:Drivers/STM32H7xx_HAL_Driver/Src/stm32h7xx_hal_dac.c **** HAL_StatusTypeDef HAL_DAC_DeInit(DAC_HandleTypeDef *hdac)
 412:Drivers/STM32H7xx_HAL_Driver/Src/stm32h7xx_hal_dac.c **** {
 413:Drivers/STM32H7xx_HAL_Driver/Src/stm32h7xx_hal_dac.c ****   /* Check the DAC peripheral handle */
 414:Drivers/STM32H7xx_HAL_Driver/Src/stm32h7xx_hal_dac.c ****   if (hdac == NULL)
 415:Drivers/STM32H7xx_HAL_Driver/Src/stm32h7xx_hal_dac.c ****   {
 416:Drivers/STM32H7xx_HAL_Driver/Src/stm32h7xx_hal_dac.c ****     return HAL_ERROR;
 417:Drivers/STM32H7xx_HAL_Driver/Src/stm32h7xx_hal_dac.c ****   }
 418:Drivers/STM32H7xx_HAL_Driver/Src/stm32h7xx_hal_dac.c **** 
 419:Drivers/STM32H7xx_HAL_Driver/Src/stm32h7xx_hal_dac.c ****   /* Check the parameters */
 420:Drivers/STM32H7xx_HAL_Driver/Src/stm32h7xx_hal_dac.c ****   assert_param(IS_DAC_ALL_INSTANCE(hdac->Instance));
 421:Drivers/STM32H7xx_HAL_Driver/Src/stm32h7xx_hal_dac.c **** 
 422:Drivers/STM32H7xx_HAL_Driver/Src/stm32h7xx_hal_dac.c ****   /* Change DAC state */
 423:Drivers/STM32H7xx_HAL_Driver/Src/stm32h7xx_hal_dac.c ****   hdac->State = HAL_DAC_STATE_BUSY;
 424:Drivers/STM32H7xx_HAL_Driver/Src/stm32h7xx_hal_dac.c **** 
 425:Drivers/STM32H7xx_HAL_Driver/Src/stm32h7xx_hal_dac.c **** #if (USE_HAL_DAC_REGISTER_CALLBACKS == 1)
 426:Drivers/STM32H7xx_HAL_Driver/Src/stm32h7xx_hal_dac.c ****   if (hdac->MspDeInitCallback == NULL)
 427:Drivers/STM32H7xx_HAL_Driver/Src/stm32h7xx_hal_dac.c ****   {
 428:Drivers/STM32H7xx_HAL_Driver/Src/stm32h7xx_hal_dac.c ****     hdac->MspDeInitCallback = HAL_DAC_MspDeInit;
 429:Drivers/STM32H7xx_HAL_Driver/Src/stm32h7xx_hal_dac.c ****   }
ARM GAS  C:\Users\Made\AppData\Local\Temp\ccJ7f769.s 			page 9


 430:Drivers/STM32H7xx_HAL_Driver/Src/stm32h7xx_hal_dac.c ****   /* DeInit the low level hardware */
 431:Drivers/STM32H7xx_HAL_Driver/Src/stm32h7xx_hal_dac.c ****   hdac->MspDeInitCallback(hdac);
 432:Drivers/STM32H7xx_HAL_Driver/Src/stm32h7xx_hal_dac.c **** #else
 433:Drivers/STM32H7xx_HAL_Driver/Src/stm32h7xx_hal_dac.c ****   /* DeInit the low level hardware */
 434:Drivers/STM32H7xx_HAL_Driver/Src/stm32h7xx_hal_dac.c ****   HAL_DAC_MspDeInit(hdac);
 435:Drivers/STM32H7xx_HAL_Driver/Src/stm32h7xx_hal_dac.c **** #endif /* USE_HAL_DAC_REGISTER_CALLBACKS */
 436:Drivers/STM32H7xx_HAL_Driver/Src/stm32h7xx_hal_dac.c **** 
 437:Drivers/STM32H7xx_HAL_Driver/Src/stm32h7xx_hal_dac.c ****   /* Set DAC error code to none */
 438:Drivers/STM32H7xx_HAL_Driver/Src/stm32h7xx_hal_dac.c ****   hdac->ErrorCode = HAL_DAC_ERROR_NONE;
 439:Drivers/STM32H7xx_HAL_Driver/Src/stm32h7xx_hal_dac.c **** 
 440:Drivers/STM32H7xx_HAL_Driver/Src/stm32h7xx_hal_dac.c ****   /* Change DAC state */
 441:Drivers/STM32H7xx_HAL_Driver/Src/stm32h7xx_hal_dac.c ****   hdac->State = HAL_DAC_STATE_RESET;
 442:Drivers/STM32H7xx_HAL_Driver/Src/stm32h7xx_hal_dac.c **** 
 443:Drivers/STM32H7xx_HAL_Driver/Src/stm32h7xx_hal_dac.c ****   /* Release Lock */
 444:Drivers/STM32H7xx_HAL_Driver/Src/stm32h7xx_hal_dac.c ****   __HAL_UNLOCK(hdac);
 445:Drivers/STM32H7xx_HAL_Driver/Src/stm32h7xx_hal_dac.c **** 
 446:Drivers/STM32H7xx_HAL_Driver/Src/stm32h7xx_hal_dac.c ****   /* Return function status */
 447:Drivers/STM32H7xx_HAL_Driver/Src/stm32h7xx_hal_dac.c ****   return HAL_OK;
 448:Drivers/STM32H7xx_HAL_Driver/Src/stm32h7xx_hal_dac.c **** }
 449:Drivers/STM32H7xx_HAL_Driver/Src/stm32h7xx_hal_dac.c **** 
 450:Drivers/STM32H7xx_HAL_Driver/Src/stm32h7xx_hal_dac.c **** /**
 451:Drivers/STM32H7xx_HAL_Driver/Src/stm32h7xx_hal_dac.c ****   * @brief  Initialize the DAC MSP.
 452:Drivers/STM32H7xx_HAL_Driver/Src/stm32h7xx_hal_dac.c ****   * @param  hdac pointer to a DAC_HandleTypeDef structure that contains
 453:Drivers/STM32H7xx_HAL_Driver/Src/stm32h7xx_hal_dac.c ****   *         the configuration information for the specified DAC.
 454:Drivers/STM32H7xx_HAL_Driver/Src/stm32h7xx_hal_dac.c ****   * @retval None
 455:Drivers/STM32H7xx_HAL_Driver/Src/stm32h7xx_hal_dac.c ****   */
 456:Drivers/STM32H7xx_HAL_Driver/Src/stm32h7xx_hal_dac.c **** __weak void HAL_DAC_MspInit(DAC_HandleTypeDef *hdac)
 457:Drivers/STM32H7xx_HAL_Driver/Src/stm32h7xx_hal_dac.c **** {
  29              		.loc 1 457 1 view -0
  30              		.cfi_startproc
  31              		@ args = 0, pretend = 0, frame = 0
  32              		@ frame_needed = 0, uses_anonymous_args = 0
  33              		@ link register save eliminated.
 458:Drivers/STM32H7xx_HAL_Driver/Src/stm32h7xx_hal_dac.c ****   /* Prevent unused argument(s) compilation warning */
 459:Drivers/STM32H7xx_HAL_Driver/Src/stm32h7xx_hal_dac.c ****   UNUSED(hdac);
  34              		.loc 1 459 3 view .LVU1
 460:Drivers/STM32H7xx_HAL_Driver/Src/stm32h7xx_hal_dac.c **** 
 461:Drivers/STM32H7xx_HAL_Driver/Src/stm32h7xx_hal_dac.c ****   /* NOTE : This function should not be modified, when the callback is needed,
 462:Drivers/STM32H7xx_HAL_Driver/Src/stm32h7xx_hal_dac.c ****             the HAL_DAC_MspInit could be implemented in the user file
 463:Drivers/STM32H7xx_HAL_Driver/Src/stm32h7xx_hal_dac.c ****    */
 464:Drivers/STM32H7xx_HAL_Driver/Src/stm32h7xx_hal_dac.c **** }
  35              		.loc 1 464 1 is_stmt 0 view .LVU2
  36 0000 7047     		bx	lr
  37              		.cfi_endproc
  38              	.LFE337:
  40              		.section	.text.HAL_DAC_Init,"ax",%progbits
  41              		.align	1
  42              		.global	HAL_DAC_Init
  43              		.syntax unified
  44              		.thumb
  45              		.thumb_func
  47              	HAL_DAC_Init:
  48              	.LVL1:
  49              	.LFB335:
 351:Drivers/STM32H7xx_HAL_Driver/Src/stm32h7xx_hal_dac.c ****   /* Check the DAC peripheral handle */
  50              		.loc 1 351 1 is_stmt 1 view -0
  51              		.cfi_startproc
ARM GAS  C:\Users\Made\AppData\Local\Temp\ccJ7f769.s 			page 10


  52              		@ args = 0, pretend = 0, frame = 0
  53              		@ frame_needed = 0, uses_anonymous_args = 0
 353:Drivers/STM32H7xx_HAL_Driver/Src/stm32h7xx_hal_dac.c ****   {
  54              		.loc 1 353 3 view .LVU4
 353:Drivers/STM32H7xx_HAL_Driver/Src/stm32h7xx_hal_dac.c ****   {
  55              		.loc 1 353 6 is_stmt 0 view .LVU5
  56 0000 70B1     		cbz	r0, .L5
 351:Drivers/STM32H7xx_HAL_Driver/Src/stm32h7xx_hal_dac.c ****   /* Check the DAC peripheral handle */
  57              		.loc 1 351 1 view .LVU6
  58 0002 10B5     		push	{r4, lr}
  59              	.LCFI0:
  60              		.cfi_def_cfa_offset 8
  61              		.cfi_offset 4, -8
  62              		.cfi_offset 14, -4
  63 0004 0446     		mov	r4, r0
 358:Drivers/STM32H7xx_HAL_Driver/Src/stm32h7xx_hal_dac.c **** 
  64              		.loc 1 358 3 is_stmt 1 view .LVU7
 360:Drivers/STM32H7xx_HAL_Driver/Src/stm32h7xx_hal_dac.c ****   {
  65              		.loc 1 360 3 view .LVU8
 360:Drivers/STM32H7xx_HAL_Driver/Src/stm32h7xx_hal_dac.c ****   {
  66              		.loc 1 360 11 is_stmt 0 view .LVU9
  67 0006 0379     		ldrb	r3, [r0, #4]	@ zero_extendqisi2
 360:Drivers/STM32H7xx_HAL_Driver/Src/stm32h7xx_hal_dac.c ****   {
  68              		.loc 1 360 6 view .LVU10
  69 0008 33B1     		cbz	r3, .L10
  70              	.LVL2:
  71              	.L4:
 393:Drivers/STM32H7xx_HAL_Driver/Src/stm32h7xx_hal_dac.c **** 
  72              		.loc 1 393 3 is_stmt 1 view .LVU11
 393:Drivers/STM32H7xx_HAL_Driver/Src/stm32h7xx_hal_dac.c **** 
  73              		.loc 1 393 15 is_stmt 0 view .LVU12
  74 000a 0223     		movs	r3, #2
  75 000c 2371     		strb	r3, [r4, #4]
 396:Drivers/STM32H7xx_HAL_Driver/Src/stm32h7xx_hal_dac.c **** 
  76              		.loc 1 396 3 is_stmt 1 view .LVU13
 396:Drivers/STM32H7xx_HAL_Driver/Src/stm32h7xx_hal_dac.c **** 
  77              		.loc 1 396 19 is_stmt 0 view .LVU14
  78 000e 0020     		movs	r0, #0
  79 0010 2061     		str	r0, [r4, #16]
 399:Drivers/STM32H7xx_HAL_Driver/Src/stm32h7xx_hal_dac.c **** 
  80              		.loc 1 399 3 is_stmt 1 view .LVU15
 399:Drivers/STM32H7xx_HAL_Driver/Src/stm32h7xx_hal_dac.c **** 
  81              		.loc 1 399 15 is_stmt 0 view .LVU16
  82 0012 0123     		movs	r3, #1
  83 0014 2371     		strb	r3, [r4, #4]
 402:Drivers/STM32H7xx_HAL_Driver/Src/stm32h7xx_hal_dac.c **** }
  84              		.loc 1 402 3 is_stmt 1 view .LVU17
 403:Drivers/STM32H7xx_HAL_Driver/Src/stm32h7xx_hal_dac.c **** 
  85              		.loc 1 403 1 is_stmt 0 view .LVU18
  86 0016 10BD     		pop	{r4, pc}
  87              	.LVL3:
  88              	.L10:
 381:Drivers/STM32H7xx_HAL_Driver/Src/stm32h7xx_hal_dac.c **** 
  89              		.loc 1 381 5 is_stmt 1 view .LVU19
 381:Drivers/STM32H7xx_HAL_Driver/Src/stm32h7xx_hal_dac.c **** 
  90              		.loc 1 381 16 is_stmt 0 view .LVU20
  91 0018 4371     		strb	r3, [r0, #5]
ARM GAS  C:\Users\Made\AppData\Local\Temp\ccJ7f769.s 			page 11


 388:Drivers/STM32H7xx_HAL_Driver/Src/stm32h7xx_hal_dac.c **** #endif /* USE_HAL_DAC_REGISTER_CALLBACKS */
  92              		.loc 1 388 5 is_stmt 1 view .LVU21
  93 001a FFF7FEFF 		bl	HAL_DAC_MspInit
  94              	.LVL4:
 388:Drivers/STM32H7xx_HAL_Driver/Src/stm32h7xx_hal_dac.c **** #endif /* USE_HAL_DAC_REGISTER_CALLBACKS */
  95              		.loc 1 388 5 is_stmt 0 view .LVU22
  96 001e F4E7     		b	.L4
  97              	.LVL5:
  98              	.L5:
  99              	.LCFI1:
 100              		.cfi_def_cfa_offset 0
 101              		.cfi_restore 4
 102              		.cfi_restore 14
 355:Drivers/STM32H7xx_HAL_Driver/Src/stm32h7xx_hal_dac.c ****   }
 103              		.loc 1 355 12 view .LVU23
 104 0020 0120     		movs	r0, #1
 105              	.LVL6:
 403:Drivers/STM32H7xx_HAL_Driver/Src/stm32h7xx_hal_dac.c **** 
 106              		.loc 1 403 1 view .LVU24
 107 0022 7047     		bx	lr
 108              		.cfi_endproc
 109              	.LFE335:
 111              		.section	.text.HAL_DAC_MspDeInit,"ax",%progbits
 112              		.align	1
 113              		.weak	HAL_DAC_MspDeInit
 114              		.syntax unified
 115              		.thumb
 116              		.thumb_func
 118              	HAL_DAC_MspDeInit:
 119              	.LVL7:
 120              	.LFB338:
 465:Drivers/STM32H7xx_HAL_Driver/Src/stm32h7xx_hal_dac.c **** 
 466:Drivers/STM32H7xx_HAL_Driver/Src/stm32h7xx_hal_dac.c **** /**
 467:Drivers/STM32H7xx_HAL_Driver/Src/stm32h7xx_hal_dac.c ****   * @brief  DeInitialize the DAC MSP.
 468:Drivers/STM32H7xx_HAL_Driver/Src/stm32h7xx_hal_dac.c ****   * @param  hdac pointer to a DAC_HandleTypeDef structure that contains
 469:Drivers/STM32H7xx_HAL_Driver/Src/stm32h7xx_hal_dac.c ****   *         the configuration information for the specified DAC.
 470:Drivers/STM32H7xx_HAL_Driver/Src/stm32h7xx_hal_dac.c ****   * @retval None
 471:Drivers/STM32H7xx_HAL_Driver/Src/stm32h7xx_hal_dac.c ****   */
 472:Drivers/STM32H7xx_HAL_Driver/Src/stm32h7xx_hal_dac.c **** __weak void HAL_DAC_MspDeInit(DAC_HandleTypeDef *hdac)
 473:Drivers/STM32H7xx_HAL_Driver/Src/stm32h7xx_hal_dac.c **** {
 121              		.loc 1 473 1 is_stmt 1 view -0
 122              		.cfi_startproc
 123              		@ args = 0, pretend = 0, frame = 0
 124              		@ frame_needed = 0, uses_anonymous_args = 0
 125              		@ link register save eliminated.
 474:Drivers/STM32H7xx_HAL_Driver/Src/stm32h7xx_hal_dac.c ****   /* Prevent unused argument(s) compilation warning */
 475:Drivers/STM32H7xx_HAL_Driver/Src/stm32h7xx_hal_dac.c ****   UNUSED(hdac);
 126              		.loc 1 475 3 view .LVU26
 476:Drivers/STM32H7xx_HAL_Driver/Src/stm32h7xx_hal_dac.c **** 
 477:Drivers/STM32H7xx_HAL_Driver/Src/stm32h7xx_hal_dac.c ****   /* NOTE : This function should not be modified, when the callback is needed,
 478:Drivers/STM32H7xx_HAL_Driver/Src/stm32h7xx_hal_dac.c ****             the HAL_DAC_MspDeInit could be implemented in the user file
 479:Drivers/STM32H7xx_HAL_Driver/Src/stm32h7xx_hal_dac.c ****    */
 480:Drivers/STM32H7xx_HAL_Driver/Src/stm32h7xx_hal_dac.c **** }
 127              		.loc 1 480 1 is_stmt 0 view .LVU27
 128 0000 7047     		bx	lr
 129              		.cfi_endproc
 130              	.LFE338:
ARM GAS  C:\Users\Made\AppData\Local\Temp\ccJ7f769.s 			page 12


 132              		.section	.text.HAL_DAC_DeInit,"ax",%progbits
 133              		.align	1
 134              		.global	HAL_DAC_DeInit
 135              		.syntax unified
 136              		.thumb
 137              		.thumb_func
 139              	HAL_DAC_DeInit:
 140              	.LVL8:
 141              	.LFB336:
 412:Drivers/STM32H7xx_HAL_Driver/Src/stm32h7xx_hal_dac.c ****   /* Check the DAC peripheral handle */
 142              		.loc 1 412 1 is_stmt 1 view -0
 143              		.cfi_startproc
 144              		@ args = 0, pretend = 0, frame = 0
 145              		@ frame_needed = 0, uses_anonymous_args = 0
 414:Drivers/STM32H7xx_HAL_Driver/Src/stm32h7xx_hal_dac.c ****   {
 146              		.loc 1 414 3 view .LVU29
 414:Drivers/STM32H7xx_HAL_Driver/Src/stm32h7xx_hal_dac.c ****   {
 147              		.loc 1 414 6 is_stmt 0 view .LVU30
 148 0000 50B1     		cbz	r0, .L14
 412:Drivers/STM32H7xx_HAL_Driver/Src/stm32h7xx_hal_dac.c ****   /* Check the DAC peripheral handle */
 149              		.loc 1 412 1 view .LVU31
 150 0002 10B5     		push	{r4, lr}
 151              	.LCFI2:
 152              		.cfi_def_cfa_offset 8
 153              		.cfi_offset 4, -8
 154              		.cfi_offset 14, -4
 155 0004 0446     		mov	r4, r0
 420:Drivers/STM32H7xx_HAL_Driver/Src/stm32h7xx_hal_dac.c **** 
 156              		.loc 1 420 3 is_stmt 1 view .LVU32
 423:Drivers/STM32H7xx_HAL_Driver/Src/stm32h7xx_hal_dac.c **** 
 157              		.loc 1 423 3 view .LVU33
 423:Drivers/STM32H7xx_HAL_Driver/Src/stm32h7xx_hal_dac.c **** 
 158              		.loc 1 423 15 is_stmt 0 view .LVU34
 159 0006 0223     		movs	r3, #2
 160 0008 0371     		strb	r3, [r0, #4]
 434:Drivers/STM32H7xx_HAL_Driver/Src/stm32h7xx_hal_dac.c **** #endif /* USE_HAL_DAC_REGISTER_CALLBACKS */
 161              		.loc 1 434 3 is_stmt 1 view .LVU35
 162 000a FFF7FEFF 		bl	HAL_DAC_MspDeInit
 163              	.LVL9:
 438:Drivers/STM32H7xx_HAL_Driver/Src/stm32h7xx_hal_dac.c **** 
 164              		.loc 1 438 3 view .LVU36
 438:Drivers/STM32H7xx_HAL_Driver/Src/stm32h7xx_hal_dac.c **** 
 165              		.loc 1 438 19 is_stmt 0 view .LVU37
 166 000e 0020     		movs	r0, #0
 167 0010 2061     		str	r0, [r4, #16]
 441:Drivers/STM32H7xx_HAL_Driver/Src/stm32h7xx_hal_dac.c **** 
 168              		.loc 1 441 3 is_stmt 1 view .LVU38
 441:Drivers/STM32H7xx_HAL_Driver/Src/stm32h7xx_hal_dac.c **** 
 169              		.loc 1 441 15 is_stmt 0 view .LVU39
 170 0012 2071     		strb	r0, [r4, #4]
 444:Drivers/STM32H7xx_HAL_Driver/Src/stm32h7xx_hal_dac.c **** 
 171              		.loc 1 444 3 is_stmt 1 view .LVU40
 444:Drivers/STM32H7xx_HAL_Driver/Src/stm32h7xx_hal_dac.c **** 
 172              		.loc 1 444 3 view .LVU41
 173 0014 6071     		strb	r0, [r4, #5]
 444:Drivers/STM32H7xx_HAL_Driver/Src/stm32h7xx_hal_dac.c **** 
 174              		.loc 1 444 3 view .LVU42
ARM GAS  C:\Users\Made\AppData\Local\Temp\ccJ7f769.s 			page 13


 447:Drivers/STM32H7xx_HAL_Driver/Src/stm32h7xx_hal_dac.c **** }
 175              		.loc 1 447 3 view .LVU43
 448:Drivers/STM32H7xx_HAL_Driver/Src/stm32h7xx_hal_dac.c **** 
 176              		.loc 1 448 1 is_stmt 0 view .LVU44
 177 0016 10BD     		pop	{r4, pc}
 178              	.LVL10:
 179              	.L14:
 180              	.LCFI3:
 181              		.cfi_def_cfa_offset 0
 182              		.cfi_restore 4
 183              		.cfi_restore 14
 416:Drivers/STM32H7xx_HAL_Driver/Src/stm32h7xx_hal_dac.c ****   }
 184              		.loc 1 416 12 view .LVU45
 185 0018 0120     		movs	r0, #1
 186              	.LVL11:
 448:Drivers/STM32H7xx_HAL_Driver/Src/stm32h7xx_hal_dac.c **** 
 187              		.loc 1 448 1 view .LVU46
 188 001a 7047     		bx	lr
 189              		.cfi_endproc
 190              	.LFE336:
 192              		.section	.text.HAL_DAC_Start,"ax",%progbits
 193              		.align	1
 194              		.global	HAL_DAC_Start
 195              		.syntax unified
 196              		.thumb
 197              		.thumb_func
 199              	HAL_DAC_Start:
 200              	.LVL12:
 201              	.LFB339:
 481:Drivers/STM32H7xx_HAL_Driver/Src/stm32h7xx_hal_dac.c **** 
 482:Drivers/STM32H7xx_HAL_Driver/Src/stm32h7xx_hal_dac.c **** /**
 483:Drivers/STM32H7xx_HAL_Driver/Src/stm32h7xx_hal_dac.c ****   * @}
 484:Drivers/STM32H7xx_HAL_Driver/Src/stm32h7xx_hal_dac.c ****   */
 485:Drivers/STM32H7xx_HAL_Driver/Src/stm32h7xx_hal_dac.c **** 
 486:Drivers/STM32H7xx_HAL_Driver/Src/stm32h7xx_hal_dac.c **** /** @defgroup DAC_Exported_Functions_Group2 IO operation functions
 487:Drivers/STM32H7xx_HAL_Driver/Src/stm32h7xx_hal_dac.c ****   *  @brief    IO operation functions
 488:Drivers/STM32H7xx_HAL_Driver/Src/stm32h7xx_hal_dac.c ****   *
 489:Drivers/STM32H7xx_HAL_Driver/Src/stm32h7xx_hal_dac.c **** @verbatim
 490:Drivers/STM32H7xx_HAL_Driver/Src/stm32h7xx_hal_dac.c ****   ==============================================================================
 491:Drivers/STM32H7xx_HAL_Driver/Src/stm32h7xx_hal_dac.c ****              ##### IO operation functions #####
 492:Drivers/STM32H7xx_HAL_Driver/Src/stm32h7xx_hal_dac.c ****   ==============================================================================
 493:Drivers/STM32H7xx_HAL_Driver/Src/stm32h7xx_hal_dac.c ****     [..]  This section provides functions allowing to:
 494:Drivers/STM32H7xx_HAL_Driver/Src/stm32h7xx_hal_dac.c ****       (+) Start conversion.
 495:Drivers/STM32H7xx_HAL_Driver/Src/stm32h7xx_hal_dac.c ****       (+) Stop conversion.
 496:Drivers/STM32H7xx_HAL_Driver/Src/stm32h7xx_hal_dac.c ****       (+) Start conversion and enable DMA transfer.
 497:Drivers/STM32H7xx_HAL_Driver/Src/stm32h7xx_hal_dac.c ****       (+) Stop conversion and disable DMA transfer.
 498:Drivers/STM32H7xx_HAL_Driver/Src/stm32h7xx_hal_dac.c ****       (+) Get result of conversion.
 499:Drivers/STM32H7xx_HAL_Driver/Src/stm32h7xx_hal_dac.c **** 
 500:Drivers/STM32H7xx_HAL_Driver/Src/stm32h7xx_hal_dac.c **** @endverbatim
 501:Drivers/STM32H7xx_HAL_Driver/Src/stm32h7xx_hal_dac.c ****   * @{
 502:Drivers/STM32H7xx_HAL_Driver/Src/stm32h7xx_hal_dac.c ****   */
 503:Drivers/STM32H7xx_HAL_Driver/Src/stm32h7xx_hal_dac.c **** 
 504:Drivers/STM32H7xx_HAL_Driver/Src/stm32h7xx_hal_dac.c **** /**
 505:Drivers/STM32H7xx_HAL_Driver/Src/stm32h7xx_hal_dac.c ****   * @brief  Enables DAC and starts conversion of channel.
 506:Drivers/STM32H7xx_HAL_Driver/Src/stm32h7xx_hal_dac.c ****   * @param  hdac pointer to a DAC_HandleTypeDef structure that contains
 507:Drivers/STM32H7xx_HAL_Driver/Src/stm32h7xx_hal_dac.c ****   *         the configuration information for the specified DAC.
 508:Drivers/STM32H7xx_HAL_Driver/Src/stm32h7xx_hal_dac.c ****   * @param  Channel The selected DAC channel.
ARM GAS  C:\Users\Made\AppData\Local\Temp\ccJ7f769.s 			page 14


 509:Drivers/STM32H7xx_HAL_Driver/Src/stm32h7xx_hal_dac.c ****   *          This parameter can be one of the following values:
 510:Drivers/STM32H7xx_HAL_Driver/Src/stm32h7xx_hal_dac.c ****   *            @arg DAC_CHANNEL_1: DAC Channel1 selected
 511:Drivers/STM32H7xx_HAL_Driver/Src/stm32h7xx_hal_dac.c ****   *            @arg DAC_CHANNEL_2: DAC Channel2 selected
 512:Drivers/STM32H7xx_HAL_Driver/Src/stm32h7xx_hal_dac.c ****   * @retval HAL status
 513:Drivers/STM32H7xx_HAL_Driver/Src/stm32h7xx_hal_dac.c ****   */
 514:Drivers/STM32H7xx_HAL_Driver/Src/stm32h7xx_hal_dac.c **** HAL_StatusTypeDef HAL_DAC_Start(DAC_HandleTypeDef *hdac, uint32_t Channel)
 515:Drivers/STM32H7xx_HAL_Driver/Src/stm32h7xx_hal_dac.c **** {
 202              		.loc 1 515 1 is_stmt 1 view -0
 203              		.cfi_startproc
 204              		@ args = 0, pretend = 0, frame = 0
 205              		@ frame_needed = 0, uses_anonymous_args = 0
 206              		@ link register save eliminated.
 516:Drivers/STM32H7xx_HAL_Driver/Src/stm32h7xx_hal_dac.c ****   /* Check the DAC peripheral handle */
 517:Drivers/STM32H7xx_HAL_Driver/Src/stm32h7xx_hal_dac.c ****   if (hdac == NULL)
 207              		.loc 1 517 3 view .LVU48
 208              		.loc 1 517 6 is_stmt 0 view .LVU49
 209 0000 88B3     		cbz	r0, .L23
 210 0002 0346     		mov	r3, r0
 518:Drivers/STM32H7xx_HAL_Driver/Src/stm32h7xx_hal_dac.c ****   {
 519:Drivers/STM32H7xx_HAL_Driver/Src/stm32h7xx_hal_dac.c ****     return HAL_ERROR;
 520:Drivers/STM32H7xx_HAL_Driver/Src/stm32h7xx_hal_dac.c ****   }
 521:Drivers/STM32H7xx_HAL_Driver/Src/stm32h7xx_hal_dac.c **** 
 522:Drivers/STM32H7xx_HAL_Driver/Src/stm32h7xx_hal_dac.c ****   /* Check the parameters */
 523:Drivers/STM32H7xx_HAL_Driver/Src/stm32h7xx_hal_dac.c ****   assert_param(IS_DAC_CHANNEL(Channel));
 211              		.loc 1 523 3 is_stmt 1 view .LVU50
 524:Drivers/STM32H7xx_HAL_Driver/Src/stm32h7xx_hal_dac.c **** 
 525:Drivers/STM32H7xx_HAL_Driver/Src/stm32h7xx_hal_dac.c ****   /* Process locked */
 526:Drivers/STM32H7xx_HAL_Driver/Src/stm32h7xx_hal_dac.c ****   __HAL_LOCK(hdac);
 212              		.loc 1 526 3 view .LVU51
 213              		.loc 1 526 3 view .LVU52
 214 0004 4279     		ldrb	r2, [r0, #5]	@ zero_extendqisi2
 215 0006 012A     		cmp	r2, #1
 216 0008 2FD0     		beq	.L24
 515:Drivers/STM32H7xx_HAL_Driver/Src/stm32h7xx_hal_dac.c ****   /* Check the DAC peripheral handle */
 217              		.loc 1 515 1 is_stmt 0 view .LVU53
 218 000a 10B4     		push	{r4}
 219              	.LCFI4:
 220              		.cfi_def_cfa_offset 4
 221              		.cfi_offset 4, -4
 222              		.loc 1 526 3 is_stmt 1 discriminator 2 view .LVU54
 223 000c 0122     		movs	r2, #1
 224 000e 4271     		strb	r2, [r0, #5]
 225              		.loc 1 526 3 discriminator 2 view .LVU55
 527:Drivers/STM32H7xx_HAL_Driver/Src/stm32h7xx_hal_dac.c **** 
 528:Drivers/STM32H7xx_HAL_Driver/Src/stm32h7xx_hal_dac.c ****   /* Change DAC state */
 529:Drivers/STM32H7xx_HAL_Driver/Src/stm32h7xx_hal_dac.c ****   hdac->State = HAL_DAC_STATE_BUSY;
 226              		.loc 1 529 3 view .LVU56
 227              		.loc 1 529 15 is_stmt 0 view .LVU57
 228 0010 0220     		movs	r0, #2
 229              	.LVL13:
 230              		.loc 1 529 15 view .LVU58
 231 0012 1871     		strb	r0, [r3, #4]
 530:Drivers/STM32H7xx_HAL_Driver/Src/stm32h7xx_hal_dac.c **** 
 531:Drivers/STM32H7xx_HAL_Driver/Src/stm32h7xx_hal_dac.c ****   /* Enable the Peripheral */
 532:Drivers/STM32H7xx_HAL_Driver/Src/stm32h7xx_hal_dac.c ****   __HAL_DAC_ENABLE(hdac, Channel);
 232              		.loc 1 532 3 is_stmt 1 view .LVU59
 233 0014 1C68     		ldr	r4, [r3]
ARM GAS  C:\Users\Made\AppData\Local\Temp\ccJ7f769.s 			page 15


 234 0016 2068     		ldr	r0, [r4]
 235 0018 01F0100C 		and	ip, r1, #16
 236 001c 02FA0CF2 		lsl	r2, r2, ip
 237 0020 0243     		orrs	r2, r2, r0
 238 0022 2260     		str	r2, [r4]
 533:Drivers/STM32H7xx_HAL_Driver/Src/stm32h7xx_hal_dac.c **** 
 534:Drivers/STM32H7xx_HAL_Driver/Src/stm32h7xx_hal_dac.c ****   if (Channel == DAC_CHANNEL_1)
 239              		.loc 1 534 3 view .LVU60
 240              		.loc 1 534 6 is_stmt 0 view .LVU61
 241 0024 89B9     		cbnz	r1, .L21
 535:Drivers/STM32H7xx_HAL_Driver/Src/stm32h7xx_hal_dac.c ****   {
 536:Drivers/STM32H7xx_HAL_Driver/Src/stm32h7xx_hal_dac.c ****     /* Check if software trigger enabled */
 537:Drivers/STM32H7xx_HAL_Driver/Src/stm32h7xx_hal_dac.c ****     if ((hdac->Instance->CR & (DAC_CR_TEN1 | DAC_CR_TSEL1)) == DAC_TRIGGER_SOFTWARE)
 242              		.loc 1 537 5 is_stmt 1 view .LVU62
 243              		.loc 1 537 14 is_stmt 0 view .LVU63
 244 0026 1968     		ldr	r1, [r3]
 245              	.LVL14:
 246              		.loc 1 537 24 view .LVU64
 247 0028 0A68     		ldr	r2, [r1]
 248              		.loc 1 537 29 view .LVU65
 249 002a 02F03E02 		and	r2, r2, #62
 250              		.loc 1 537 8 view .LVU66
 251 002e 022A     		cmp	r2, #2
 252 0030 06D0     		beq	.L29
 253              	.L22:
 538:Drivers/STM32H7xx_HAL_Driver/Src/stm32h7xx_hal_dac.c ****     {
 539:Drivers/STM32H7xx_HAL_Driver/Src/stm32h7xx_hal_dac.c ****       /* Enable the selected DAC software conversion */
 540:Drivers/STM32H7xx_HAL_Driver/Src/stm32h7xx_hal_dac.c ****       SET_BIT(hdac->Instance->SWTRIGR, DAC_SWTRIGR_SWTRIG1);
 541:Drivers/STM32H7xx_HAL_Driver/Src/stm32h7xx_hal_dac.c ****     }
 542:Drivers/STM32H7xx_HAL_Driver/Src/stm32h7xx_hal_dac.c ****   }
 543:Drivers/STM32H7xx_HAL_Driver/Src/stm32h7xx_hal_dac.c **** 
 544:Drivers/STM32H7xx_HAL_Driver/Src/stm32h7xx_hal_dac.c ****   else
 545:Drivers/STM32H7xx_HAL_Driver/Src/stm32h7xx_hal_dac.c ****   {
 546:Drivers/STM32H7xx_HAL_Driver/Src/stm32h7xx_hal_dac.c ****     /* Check if software trigger enabled */
 547:Drivers/STM32H7xx_HAL_Driver/Src/stm32h7xx_hal_dac.c ****     if ((hdac->Instance->CR & (DAC_CR_TEN2 | DAC_CR_TSEL2)) == (DAC_TRIGGER_SOFTWARE << (Channel & 
 548:Drivers/STM32H7xx_HAL_Driver/Src/stm32h7xx_hal_dac.c ****     {
 549:Drivers/STM32H7xx_HAL_Driver/Src/stm32h7xx_hal_dac.c ****       /* Enable the selected DAC software conversion*/
 550:Drivers/STM32H7xx_HAL_Driver/Src/stm32h7xx_hal_dac.c ****       SET_BIT(hdac->Instance->SWTRIGR, DAC_SWTRIGR_SWTRIG2);
 551:Drivers/STM32H7xx_HAL_Driver/Src/stm32h7xx_hal_dac.c ****     }
 552:Drivers/STM32H7xx_HAL_Driver/Src/stm32h7xx_hal_dac.c ****   }
 553:Drivers/STM32H7xx_HAL_Driver/Src/stm32h7xx_hal_dac.c **** 
 554:Drivers/STM32H7xx_HAL_Driver/Src/stm32h7xx_hal_dac.c **** 
 555:Drivers/STM32H7xx_HAL_Driver/Src/stm32h7xx_hal_dac.c ****   /* Change DAC state */
 556:Drivers/STM32H7xx_HAL_Driver/Src/stm32h7xx_hal_dac.c ****   hdac->State = HAL_DAC_STATE_READY;
 254              		.loc 1 556 3 is_stmt 1 view .LVU67
 255              		.loc 1 556 15 is_stmt 0 view .LVU68
 256 0032 0122     		movs	r2, #1
 257 0034 1A71     		strb	r2, [r3, #4]
 557:Drivers/STM32H7xx_HAL_Driver/Src/stm32h7xx_hal_dac.c **** 
 558:Drivers/STM32H7xx_HAL_Driver/Src/stm32h7xx_hal_dac.c ****   /* Process unlocked */
 559:Drivers/STM32H7xx_HAL_Driver/Src/stm32h7xx_hal_dac.c ****   __HAL_UNLOCK(hdac);
 258              		.loc 1 559 3 is_stmt 1 view .LVU69
 259              		.loc 1 559 3 view .LVU70
 260 0036 0020     		movs	r0, #0
 261 0038 5871     		strb	r0, [r3, #5]
 262              		.loc 1 559 3 view .LVU71
 560:Drivers/STM32H7xx_HAL_Driver/Src/stm32h7xx_hal_dac.c **** 
ARM GAS  C:\Users\Made\AppData\Local\Temp\ccJ7f769.s 			page 16


 561:Drivers/STM32H7xx_HAL_Driver/Src/stm32h7xx_hal_dac.c ****   /* Return function status */
 562:Drivers/STM32H7xx_HAL_Driver/Src/stm32h7xx_hal_dac.c ****   return HAL_OK;
 263              		.loc 1 562 3 view .LVU72
 563:Drivers/STM32H7xx_HAL_Driver/Src/stm32h7xx_hal_dac.c **** }
 264              		.loc 1 563 1 is_stmt 0 view .LVU73
 265 003a 5DF8044B 		ldr	r4, [sp], #4
 266              	.LCFI5:
 267              		.cfi_remember_state
 268              		.cfi_restore 4
 269              		.cfi_def_cfa_offset 0
 270 003e 7047     		bx	lr
 271              	.L29:
 272              	.LCFI6:
 273              		.cfi_restore_state
 540:Drivers/STM32H7xx_HAL_Driver/Src/stm32h7xx_hal_dac.c ****     }
 274              		.loc 1 540 7 is_stmt 1 view .LVU74
 275 0040 4A68     		ldr	r2, [r1, #4]
 276 0042 42F00102 		orr	r2, r2, #1
 277 0046 4A60     		str	r2, [r1, #4]
 278 0048 F3E7     		b	.L22
 279              	.LVL15:
 280              	.L21:
 547:Drivers/STM32H7xx_HAL_Driver/Src/stm32h7xx_hal_dac.c ****     {
 281              		.loc 1 547 5 view .LVU75
 547:Drivers/STM32H7xx_HAL_Driver/Src/stm32h7xx_hal_dac.c ****     {
 282              		.loc 1 547 14 is_stmt 0 view .LVU76
 283 004a 1868     		ldr	r0, [r3]
 547:Drivers/STM32H7xx_HAL_Driver/Src/stm32h7xx_hal_dac.c ****     {
 284              		.loc 1 547 24 view .LVU77
 285 004c 0168     		ldr	r1, [r0]
 286              	.LVL16:
 547:Drivers/STM32H7xx_HAL_Driver/Src/stm32h7xx_hal_dac.c ****     {
 287              		.loc 1 547 29 view .LVU78
 288 004e 01F47811 		and	r1, r1, #4063232
 547:Drivers/STM32H7xx_HAL_Driver/Src/stm32h7xx_hal_dac.c ****     {
 289              		.loc 1 547 86 view .LVU79
 290 0052 0222     		movs	r2, #2
 291 0054 02FA0CF2 		lsl	r2, r2, ip
 547:Drivers/STM32H7xx_HAL_Driver/Src/stm32h7xx_hal_dac.c ****     {
 292              		.loc 1 547 8 view .LVU80
 293 0058 9142     		cmp	r1, r2
 294 005a EAD1     		bne	.L22
 550:Drivers/STM32H7xx_HAL_Driver/Src/stm32h7xx_hal_dac.c ****     }
 295              		.loc 1 550 7 is_stmt 1 view .LVU81
 296 005c 4268     		ldr	r2, [r0, #4]
 297 005e 42F00202 		orr	r2, r2, #2
 298 0062 4260     		str	r2, [r0, #4]
 299 0064 E5E7     		b	.L22
 300              	.LVL17:
 301              	.L23:
 302              	.LCFI7:
 303              		.cfi_def_cfa_offset 0
 304              		.cfi_restore 4
 519:Drivers/STM32H7xx_HAL_Driver/Src/stm32h7xx_hal_dac.c ****   }
 305              		.loc 1 519 12 is_stmt 0 view .LVU82
 306 0066 0120     		movs	r0, #1
 307              	.LVL18:
ARM GAS  C:\Users\Made\AppData\Local\Temp\ccJ7f769.s 			page 17


 519:Drivers/STM32H7xx_HAL_Driver/Src/stm32h7xx_hal_dac.c ****   }
 308              		.loc 1 519 12 view .LVU83
 309 0068 7047     		bx	lr
 310              	.LVL19:
 311              	.L24:
 526:Drivers/STM32H7xx_HAL_Driver/Src/stm32h7xx_hal_dac.c **** 
 312              		.loc 1 526 3 discriminator 1 view .LVU84
 313 006a 0220     		movs	r0, #2
 314              	.LVL20:
 315              		.loc 1 563 1 view .LVU85
 316 006c 7047     		bx	lr
 317              		.cfi_endproc
 318              	.LFE339:
 320              		.section	.text.HAL_DAC_Stop,"ax",%progbits
 321              		.align	1
 322              		.global	HAL_DAC_Stop
 323              		.syntax unified
 324              		.thumb
 325              		.thumb_func
 327              	HAL_DAC_Stop:
 328              	.LVL21:
 329              	.LFB340:
 564:Drivers/STM32H7xx_HAL_Driver/Src/stm32h7xx_hal_dac.c **** 
 565:Drivers/STM32H7xx_HAL_Driver/Src/stm32h7xx_hal_dac.c **** /**
 566:Drivers/STM32H7xx_HAL_Driver/Src/stm32h7xx_hal_dac.c ****   * @brief  Disables DAC and stop conversion of channel.
 567:Drivers/STM32H7xx_HAL_Driver/Src/stm32h7xx_hal_dac.c ****   * @param  hdac pointer to a DAC_HandleTypeDef structure that contains
 568:Drivers/STM32H7xx_HAL_Driver/Src/stm32h7xx_hal_dac.c ****   *         the configuration information for the specified DAC.
 569:Drivers/STM32H7xx_HAL_Driver/Src/stm32h7xx_hal_dac.c ****   * @param  Channel The selected DAC channel.
 570:Drivers/STM32H7xx_HAL_Driver/Src/stm32h7xx_hal_dac.c ****   *          This parameter can be one of the following values:
 571:Drivers/STM32H7xx_HAL_Driver/Src/stm32h7xx_hal_dac.c ****   *            @arg DAC_CHANNEL_1: DAC Channel1 selected
 572:Drivers/STM32H7xx_HAL_Driver/Src/stm32h7xx_hal_dac.c ****   *            @arg DAC_CHANNEL_2: DAC Channel2 selected
 573:Drivers/STM32H7xx_HAL_Driver/Src/stm32h7xx_hal_dac.c ****   * @retval HAL status
 574:Drivers/STM32H7xx_HAL_Driver/Src/stm32h7xx_hal_dac.c ****   */
 575:Drivers/STM32H7xx_HAL_Driver/Src/stm32h7xx_hal_dac.c **** HAL_StatusTypeDef HAL_DAC_Stop(DAC_HandleTypeDef *hdac, uint32_t Channel)
 576:Drivers/STM32H7xx_HAL_Driver/Src/stm32h7xx_hal_dac.c **** {
 330              		.loc 1 576 1 is_stmt 1 view -0
 331              		.cfi_startproc
 332              		@ args = 0, pretend = 0, frame = 0
 333              		@ frame_needed = 0, uses_anonymous_args = 0
 334              		@ link register save eliminated.
 577:Drivers/STM32H7xx_HAL_Driver/Src/stm32h7xx_hal_dac.c ****   /* Check the DAC peripheral handle */
 578:Drivers/STM32H7xx_HAL_Driver/Src/stm32h7xx_hal_dac.c ****   if (hdac == NULL)
 335              		.loc 1 578 3 view .LVU87
 336              		.loc 1 578 6 is_stmt 0 view .LVU88
 337 0000 80B1     		cbz	r0, .L32
 576:Drivers/STM32H7xx_HAL_Driver/Src/stm32h7xx_hal_dac.c ****   /* Check the DAC peripheral handle */
 338              		.loc 1 576 1 view .LVU89
 339 0002 10B4     		push	{r4}
 340              	.LCFI8:
 341              		.cfi_def_cfa_offset 4
 342              		.cfi_offset 4, -4
 343 0004 0246     		mov	r2, r0
 579:Drivers/STM32H7xx_HAL_Driver/Src/stm32h7xx_hal_dac.c ****   {
 580:Drivers/STM32H7xx_HAL_Driver/Src/stm32h7xx_hal_dac.c ****     return HAL_ERROR;
 581:Drivers/STM32H7xx_HAL_Driver/Src/stm32h7xx_hal_dac.c ****   }
 582:Drivers/STM32H7xx_HAL_Driver/Src/stm32h7xx_hal_dac.c **** 
 583:Drivers/STM32H7xx_HAL_Driver/Src/stm32h7xx_hal_dac.c ****   /* Check the parameters */
ARM GAS  C:\Users\Made\AppData\Local\Temp\ccJ7f769.s 			page 18


 584:Drivers/STM32H7xx_HAL_Driver/Src/stm32h7xx_hal_dac.c ****   assert_param(IS_DAC_CHANNEL(Channel));
 344              		.loc 1 584 3 is_stmt 1 view .LVU90
 585:Drivers/STM32H7xx_HAL_Driver/Src/stm32h7xx_hal_dac.c **** 
 586:Drivers/STM32H7xx_HAL_Driver/Src/stm32h7xx_hal_dac.c ****   /* Disable the Peripheral */
 587:Drivers/STM32H7xx_HAL_Driver/Src/stm32h7xx_hal_dac.c ****   __HAL_DAC_DISABLE(hdac, Channel);
 345              		.loc 1 587 3 view .LVU91
 346 0006 0468     		ldr	r4, [r0]
 347 0008 2368     		ldr	r3, [r4]
 348 000a 01F01001 		and	r1, r1, #16
 349              	.LVL22:
 350              		.loc 1 587 3 is_stmt 0 view .LVU92
 351 000e 0120     		movs	r0, #1
 352              	.LVL23:
 353              		.loc 1 587 3 view .LVU93
 354 0010 00FA01F1 		lsl	r1, r0, r1
 355 0014 23EA0103 		bic	r3, r3, r1
 356 0018 2360     		str	r3, [r4]
 588:Drivers/STM32H7xx_HAL_Driver/Src/stm32h7xx_hal_dac.c **** 
 589:Drivers/STM32H7xx_HAL_Driver/Src/stm32h7xx_hal_dac.c ****   /* Change DAC state */
 590:Drivers/STM32H7xx_HAL_Driver/Src/stm32h7xx_hal_dac.c ****   hdac->State = HAL_DAC_STATE_READY;
 357              		.loc 1 590 3 is_stmt 1 view .LVU94
 358              		.loc 1 590 15 is_stmt 0 view .LVU95
 359 001a 1071     		strb	r0, [r2, #4]
 591:Drivers/STM32H7xx_HAL_Driver/Src/stm32h7xx_hal_dac.c **** 
 592:Drivers/STM32H7xx_HAL_Driver/Src/stm32h7xx_hal_dac.c ****   /* Return function status */
 593:Drivers/STM32H7xx_HAL_Driver/Src/stm32h7xx_hal_dac.c ****   return HAL_OK;
 360              		.loc 1 593 3 is_stmt 1 view .LVU96
 361              		.loc 1 593 10 is_stmt 0 view .LVU97
 362 001c 0020     		movs	r0, #0
 594:Drivers/STM32H7xx_HAL_Driver/Src/stm32h7xx_hal_dac.c **** }
 363              		.loc 1 594 1 view .LVU98
 364 001e 5DF8044B 		ldr	r4, [sp], #4
 365              	.LCFI9:
 366              		.cfi_restore 4
 367              		.cfi_def_cfa_offset 0
 368 0022 7047     		bx	lr
 369              	.LVL24:
 370              	.L32:
 580:Drivers/STM32H7xx_HAL_Driver/Src/stm32h7xx_hal_dac.c ****   }
 371              		.loc 1 580 12 view .LVU99
 372 0024 0120     		movs	r0, #1
 373              	.LVL25:
 374              		.loc 1 594 1 view .LVU100
 375 0026 7047     		bx	lr
 376              		.cfi_endproc
 377              	.LFE340:
 379              		.section	.text.HAL_DAC_Start_DMA,"ax",%progbits
 380              		.align	1
 381              		.global	HAL_DAC_Start_DMA
 382              		.syntax unified
 383              		.thumb
 384              		.thumb_func
 386              	HAL_DAC_Start_DMA:
 387              	.LVL26:
 388              	.LFB341:
 595:Drivers/STM32H7xx_HAL_Driver/Src/stm32h7xx_hal_dac.c **** 
 596:Drivers/STM32H7xx_HAL_Driver/Src/stm32h7xx_hal_dac.c **** /**
ARM GAS  C:\Users\Made\AppData\Local\Temp\ccJ7f769.s 			page 19


 597:Drivers/STM32H7xx_HAL_Driver/Src/stm32h7xx_hal_dac.c ****   * @brief  Enables DAC and starts conversion of channel.
 598:Drivers/STM32H7xx_HAL_Driver/Src/stm32h7xx_hal_dac.c ****   * @param  hdac pointer to a DAC_HandleTypeDef structure that contains
 599:Drivers/STM32H7xx_HAL_Driver/Src/stm32h7xx_hal_dac.c ****   *         the configuration information for the specified DAC.
 600:Drivers/STM32H7xx_HAL_Driver/Src/stm32h7xx_hal_dac.c ****   * @param  Channel The selected DAC channel.
 601:Drivers/STM32H7xx_HAL_Driver/Src/stm32h7xx_hal_dac.c ****   *          This parameter can be one of the following values:
 602:Drivers/STM32H7xx_HAL_Driver/Src/stm32h7xx_hal_dac.c ****   *            @arg DAC_CHANNEL_1: DAC Channel1 selected
 603:Drivers/STM32H7xx_HAL_Driver/Src/stm32h7xx_hal_dac.c ****   *            @arg DAC_CHANNEL_2: DAC Channel2 selected
 604:Drivers/STM32H7xx_HAL_Driver/Src/stm32h7xx_hal_dac.c ****   * @param  pData The source Buffer address.
 605:Drivers/STM32H7xx_HAL_Driver/Src/stm32h7xx_hal_dac.c ****   * @param  Length The length of data to be transferred from memory to DAC peripheral
 606:Drivers/STM32H7xx_HAL_Driver/Src/stm32h7xx_hal_dac.c ****   * @param  Alignment Specifies the data alignment for DAC channel.
 607:Drivers/STM32H7xx_HAL_Driver/Src/stm32h7xx_hal_dac.c ****   *          This parameter can be one of the following values:
 608:Drivers/STM32H7xx_HAL_Driver/Src/stm32h7xx_hal_dac.c ****   *            @arg DAC_ALIGN_8B_R: 8bit right data alignment selected
 609:Drivers/STM32H7xx_HAL_Driver/Src/stm32h7xx_hal_dac.c ****   *            @arg DAC_ALIGN_12B_L: 12bit left data alignment selected
 610:Drivers/STM32H7xx_HAL_Driver/Src/stm32h7xx_hal_dac.c ****   *            @arg DAC_ALIGN_12B_R: 12bit right data alignment selected
 611:Drivers/STM32H7xx_HAL_Driver/Src/stm32h7xx_hal_dac.c ****   * @retval HAL status
 612:Drivers/STM32H7xx_HAL_Driver/Src/stm32h7xx_hal_dac.c ****   */
 613:Drivers/STM32H7xx_HAL_Driver/Src/stm32h7xx_hal_dac.c **** HAL_StatusTypeDef HAL_DAC_Start_DMA(DAC_HandleTypeDef *hdac, uint32_t Channel, const uint32_t *pDat
 614:Drivers/STM32H7xx_HAL_Driver/Src/stm32h7xx_hal_dac.c ****                                     uint32_t Alignment)
 615:Drivers/STM32H7xx_HAL_Driver/Src/stm32h7xx_hal_dac.c **** {
 389              		.loc 1 615 1 is_stmt 1 view -0
 390              		.cfi_startproc
 391              		@ args = 4, pretend = 0, frame = 0
 392              		@ frame_needed = 0, uses_anonymous_args = 0
 393              		.loc 1 615 1 is_stmt 0 view .LVU102
 394 0000 70B5     		push	{r4, r5, r6, lr}
 395              	.LCFI10:
 396              		.cfi_def_cfa_offset 16
 397              		.cfi_offset 4, -16
 398              		.cfi_offset 5, -12
 399              		.cfi_offset 6, -8
 400              		.cfi_offset 14, -4
 401 0002 0D46     		mov	r5, r1
 402 0004 1146     		mov	r1, r2
 403              	.LVL27:
 404              		.loc 1 615 1 view .LVU103
 405 0006 049A     		ldr	r2, [sp, #16]
 406              	.LVL28:
 616:Drivers/STM32H7xx_HAL_Driver/Src/stm32h7xx_hal_dac.c ****   HAL_StatusTypeDef status;
 407              		.loc 1 616 3 is_stmt 1 view .LVU104
 617:Drivers/STM32H7xx_HAL_Driver/Src/stm32h7xx_hal_dac.c ****   uint32_t tmpreg;
 408              		.loc 1 617 3 view .LVU105
 618:Drivers/STM32H7xx_HAL_Driver/Src/stm32h7xx_hal_dac.c **** 
 619:Drivers/STM32H7xx_HAL_Driver/Src/stm32h7xx_hal_dac.c ****   /* Check the DAC peripheral handle */
 620:Drivers/STM32H7xx_HAL_Driver/Src/stm32h7xx_hal_dac.c ****   if (hdac == NULL)
 409              		.loc 1 620 3 view .LVU106
 410              		.loc 1 620 6 is_stmt 0 view .LVU107
 411 0008 0028     		cmp	r0, #0
 412 000a 61D0     		beq	.L50
 413 000c 0446     		mov	r4, r0
 621:Drivers/STM32H7xx_HAL_Driver/Src/stm32h7xx_hal_dac.c ****   {
 622:Drivers/STM32H7xx_HAL_Driver/Src/stm32h7xx_hal_dac.c ****     return HAL_ERROR;
 623:Drivers/STM32H7xx_HAL_Driver/Src/stm32h7xx_hal_dac.c ****   }
 624:Drivers/STM32H7xx_HAL_Driver/Src/stm32h7xx_hal_dac.c **** 
 625:Drivers/STM32H7xx_HAL_Driver/Src/stm32h7xx_hal_dac.c ****   /* Check the parameters */
 626:Drivers/STM32H7xx_HAL_Driver/Src/stm32h7xx_hal_dac.c ****   assert_param(IS_DAC_CHANNEL(Channel));
 414              		.loc 1 626 3 is_stmt 1 view .LVU108
 627:Drivers/STM32H7xx_HAL_Driver/Src/stm32h7xx_hal_dac.c ****   assert_param(IS_DAC_ALIGN(Alignment));
ARM GAS  C:\Users\Made\AppData\Local\Temp\ccJ7f769.s 			page 20


 415              		.loc 1 627 3 view .LVU109
 628:Drivers/STM32H7xx_HAL_Driver/Src/stm32h7xx_hal_dac.c **** 
 629:Drivers/STM32H7xx_HAL_Driver/Src/stm32h7xx_hal_dac.c ****   /* Process locked */
 630:Drivers/STM32H7xx_HAL_Driver/Src/stm32h7xx_hal_dac.c ****   __HAL_LOCK(hdac);
 416              		.loc 1 630 3 view .LVU110
 417              		.loc 1 630 3 view .LVU111
 418 000e 4079     		ldrb	r0, [r0, #5]	@ zero_extendqisi2
 419              	.LVL29:
 420              		.loc 1 630 3 is_stmt 0 view .LVU112
 421 0010 0128     		cmp	r0, #1
 422 0012 5FD0     		beq	.L51
 423              		.loc 1 630 3 is_stmt 1 discriminator 2 view .LVU113
 424 0014 0120     		movs	r0, #1
 425 0016 6071     		strb	r0, [r4, #5]
 426              		.loc 1 630 3 discriminator 2 view .LVU114
 631:Drivers/STM32H7xx_HAL_Driver/Src/stm32h7xx_hal_dac.c **** 
 632:Drivers/STM32H7xx_HAL_Driver/Src/stm32h7xx_hal_dac.c ****   /* Change DAC state */
 633:Drivers/STM32H7xx_HAL_Driver/Src/stm32h7xx_hal_dac.c ****   hdac->State = HAL_DAC_STATE_BUSY;
 427              		.loc 1 633 3 view .LVU115
 428              		.loc 1 633 15 is_stmt 0 view .LVU116
 429 0018 0220     		movs	r0, #2
 430 001a 2071     		strb	r0, [r4, #4]
 634:Drivers/STM32H7xx_HAL_Driver/Src/stm32h7xx_hal_dac.c **** 
 635:Drivers/STM32H7xx_HAL_Driver/Src/stm32h7xx_hal_dac.c ****   if (Channel == DAC_CHANNEL_1)
 431              		.loc 1 635 3 is_stmt 1 view .LVU117
 432              		.loc 1 635 6 is_stmt 0 view .LVU118
 433 001c 002D     		cmp	r5, #0
 434 001e 2FD1     		bne	.L39
 636:Drivers/STM32H7xx_HAL_Driver/Src/stm32h7xx_hal_dac.c ****   {
 637:Drivers/STM32H7xx_HAL_Driver/Src/stm32h7xx_hal_dac.c ****     /* Set the DMA transfer complete callback for channel1 */
 638:Drivers/STM32H7xx_HAL_Driver/Src/stm32h7xx_hal_dac.c ****     hdac->DMA_Handle1->XferCpltCallback = DAC_DMAConvCpltCh1;
 435              		.loc 1 638 5 is_stmt 1 view .LVU119
 436              		.loc 1 638 9 is_stmt 0 view .LVU120
 437 0020 A068     		ldr	r0, [r4, #8]
 438              		.loc 1 638 41 view .LVU121
 439 0022 2D4E     		ldr	r6, .L55
 440 0024 C663     		str	r6, [r0, #60]
 639:Drivers/STM32H7xx_HAL_Driver/Src/stm32h7xx_hal_dac.c **** 
 640:Drivers/STM32H7xx_HAL_Driver/Src/stm32h7xx_hal_dac.c ****     /* Set the DMA half transfer complete callback for channel1 */
 641:Drivers/STM32H7xx_HAL_Driver/Src/stm32h7xx_hal_dac.c ****     hdac->DMA_Handle1->XferHalfCpltCallback = DAC_DMAHalfConvCpltCh1;
 441              		.loc 1 641 5 is_stmt 1 view .LVU122
 442              		.loc 1 641 9 is_stmt 0 view .LVU123
 443 0026 A068     		ldr	r0, [r4, #8]
 444              		.loc 1 641 45 view .LVU124
 445 0028 2C4E     		ldr	r6, .L55+4
 446 002a 0664     		str	r6, [r0, #64]
 642:Drivers/STM32H7xx_HAL_Driver/Src/stm32h7xx_hal_dac.c **** 
 643:Drivers/STM32H7xx_HAL_Driver/Src/stm32h7xx_hal_dac.c ****     /* Set the DMA error callback for channel1 */
 644:Drivers/STM32H7xx_HAL_Driver/Src/stm32h7xx_hal_dac.c ****     hdac->DMA_Handle1->XferErrorCallback = DAC_DMAErrorCh1;
 447              		.loc 1 644 5 is_stmt 1 view .LVU125
 448              		.loc 1 644 9 is_stmt 0 view .LVU126
 449 002c A068     		ldr	r0, [r4, #8]
 450              		.loc 1 644 42 view .LVU127
 451 002e 2C4E     		ldr	r6, .L55+8
 452 0030 C664     		str	r6, [r0, #76]
 645:Drivers/STM32H7xx_HAL_Driver/Src/stm32h7xx_hal_dac.c **** 
 646:Drivers/STM32H7xx_HAL_Driver/Src/stm32h7xx_hal_dac.c ****     /* Enable the selected DAC channel1 DMA request */
ARM GAS  C:\Users\Made\AppData\Local\Temp\ccJ7f769.s 			page 21


 647:Drivers/STM32H7xx_HAL_Driver/Src/stm32h7xx_hal_dac.c ****     SET_BIT(hdac->Instance->CR, DAC_CR_DMAEN1);
 453              		.loc 1 647 5 is_stmt 1 view .LVU128
 454 0032 2668     		ldr	r6, [r4]
 455 0034 3068     		ldr	r0, [r6]
 456 0036 40F48050 		orr	r0, r0, #4096
 457 003a 3060     		str	r0, [r6]
 648:Drivers/STM32H7xx_HAL_Driver/Src/stm32h7xx_hal_dac.c **** 
 649:Drivers/STM32H7xx_HAL_Driver/Src/stm32h7xx_hal_dac.c ****     /* Case of use of channel 1 */
 650:Drivers/STM32H7xx_HAL_Driver/Src/stm32h7xx_hal_dac.c ****     switch (Alignment)
 458              		.loc 1 650 5 view .LVU129
 459 003c 22B1     		cbz	r2, .L40
 460 003e 042A     		cmp	r2, #4
 461 0040 1BD0     		beq	.L41
 651:Drivers/STM32H7xx_HAL_Driver/Src/stm32h7xx_hal_dac.c ****     {
 652:Drivers/STM32H7xx_HAL_Driver/Src/stm32h7xx_hal_dac.c ****       case DAC_ALIGN_12B_R:
 653:Drivers/STM32H7xx_HAL_Driver/Src/stm32h7xx_hal_dac.c ****         /* Get DHR12R1 address */
 654:Drivers/STM32H7xx_HAL_Driver/Src/stm32h7xx_hal_dac.c ****         tmpreg = (uint32_t)&hdac->Instance->DHR12R1;
 655:Drivers/STM32H7xx_HAL_Driver/Src/stm32h7xx_hal_dac.c ****         break;
 656:Drivers/STM32H7xx_HAL_Driver/Src/stm32h7xx_hal_dac.c ****       case DAC_ALIGN_12B_L:
 657:Drivers/STM32H7xx_HAL_Driver/Src/stm32h7xx_hal_dac.c ****         /* Get DHR12L1 address */
 658:Drivers/STM32H7xx_HAL_Driver/Src/stm32h7xx_hal_dac.c ****         tmpreg = (uint32_t)&hdac->Instance->DHR12L1;
 659:Drivers/STM32H7xx_HAL_Driver/Src/stm32h7xx_hal_dac.c ****         break;
 660:Drivers/STM32H7xx_HAL_Driver/Src/stm32h7xx_hal_dac.c ****       default: /* case DAC_ALIGN_8B_R */
 661:Drivers/STM32H7xx_HAL_Driver/Src/stm32h7xx_hal_dac.c ****         /* Get DHR8R1 address */
 662:Drivers/STM32H7xx_HAL_Driver/Src/stm32h7xx_hal_dac.c ****         tmpreg = (uint32_t)&hdac->Instance->DHR8R1;
 462              		.loc 1 662 9 view .LVU130
 463              		.loc 1 662 33 is_stmt 0 view .LVU131
 464 0042 2268     		ldr	r2, [r4]
 465              		.loc 1 662 28 view .LVU132
 466 0044 1032     		adds	r2, r2, #16
 467              	.LVL30:
 663:Drivers/STM32H7xx_HAL_Driver/Src/stm32h7xx_hal_dac.c ****         break;
 468              		.loc 1 663 9 is_stmt 1 view .LVU133
 469 0046 01E0     		b	.L43
 470              	.LVL31:
 471              	.L40:
 654:Drivers/STM32H7xx_HAL_Driver/Src/stm32h7xx_hal_dac.c ****         break;
 472              		.loc 1 654 9 view .LVU134
 654:Drivers/STM32H7xx_HAL_Driver/Src/stm32h7xx_hal_dac.c ****         break;
 473              		.loc 1 654 33 is_stmt 0 view .LVU135
 474 0048 2268     		ldr	r2, [r4]
 654:Drivers/STM32H7xx_HAL_Driver/Src/stm32h7xx_hal_dac.c ****         break;
 475              		.loc 1 654 28 view .LVU136
 476 004a 0832     		adds	r2, r2, #8
 477              	.LVL32:
 655:Drivers/STM32H7xx_HAL_Driver/Src/stm32h7xx_hal_dac.c ****       case DAC_ALIGN_12B_L:
 478              		.loc 1 655 9 is_stmt 1 view .LVU137
 479              	.L43:
 664:Drivers/STM32H7xx_HAL_Driver/Src/stm32h7xx_hal_dac.c ****     }
 665:Drivers/STM32H7xx_HAL_Driver/Src/stm32h7xx_hal_dac.c ****   }
 666:Drivers/STM32H7xx_HAL_Driver/Src/stm32h7xx_hal_dac.c **** 
 667:Drivers/STM32H7xx_HAL_Driver/Src/stm32h7xx_hal_dac.c ****   else
 668:Drivers/STM32H7xx_HAL_Driver/Src/stm32h7xx_hal_dac.c ****   {
 669:Drivers/STM32H7xx_HAL_Driver/Src/stm32h7xx_hal_dac.c ****     /* Set the DMA transfer complete callback for channel2 */
 670:Drivers/STM32H7xx_HAL_Driver/Src/stm32h7xx_hal_dac.c ****     hdac->DMA_Handle2->XferCpltCallback = DAC_DMAConvCpltCh2;
 671:Drivers/STM32H7xx_HAL_Driver/Src/stm32h7xx_hal_dac.c **** 
 672:Drivers/STM32H7xx_HAL_Driver/Src/stm32h7xx_hal_dac.c ****     /* Set the DMA half transfer complete callback for channel2 */
ARM GAS  C:\Users\Made\AppData\Local\Temp\ccJ7f769.s 			page 22


 673:Drivers/STM32H7xx_HAL_Driver/Src/stm32h7xx_hal_dac.c ****     hdac->DMA_Handle2->XferHalfCpltCallback = DAC_DMAHalfConvCpltCh2;
 674:Drivers/STM32H7xx_HAL_Driver/Src/stm32h7xx_hal_dac.c **** 
 675:Drivers/STM32H7xx_HAL_Driver/Src/stm32h7xx_hal_dac.c ****     /* Set the DMA error callback for channel2 */
 676:Drivers/STM32H7xx_HAL_Driver/Src/stm32h7xx_hal_dac.c ****     hdac->DMA_Handle2->XferErrorCallback = DAC_DMAErrorCh2;
 677:Drivers/STM32H7xx_HAL_Driver/Src/stm32h7xx_hal_dac.c **** 
 678:Drivers/STM32H7xx_HAL_Driver/Src/stm32h7xx_hal_dac.c ****     /* Enable the selected DAC channel2 DMA request */
 679:Drivers/STM32H7xx_HAL_Driver/Src/stm32h7xx_hal_dac.c ****     SET_BIT(hdac->Instance->CR, DAC_CR_DMAEN2);
 680:Drivers/STM32H7xx_HAL_Driver/Src/stm32h7xx_hal_dac.c **** 
 681:Drivers/STM32H7xx_HAL_Driver/Src/stm32h7xx_hal_dac.c ****     /* Case of use of channel 2 */
 682:Drivers/STM32H7xx_HAL_Driver/Src/stm32h7xx_hal_dac.c ****     switch (Alignment)
 683:Drivers/STM32H7xx_HAL_Driver/Src/stm32h7xx_hal_dac.c ****     {
 684:Drivers/STM32H7xx_HAL_Driver/Src/stm32h7xx_hal_dac.c ****       case DAC_ALIGN_12B_R:
 685:Drivers/STM32H7xx_HAL_Driver/Src/stm32h7xx_hal_dac.c ****         /* Get DHR12R2 address */
 686:Drivers/STM32H7xx_HAL_Driver/Src/stm32h7xx_hal_dac.c ****         tmpreg = (uint32_t)&hdac->Instance->DHR12R2;
 687:Drivers/STM32H7xx_HAL_Driver/Src/stm32h7xx_hal_dac.c ****         break;
 688:Drivers/STM32H7xx_HAL_Driver/Src/stm32h7xx_hal_dac.c ****       case DAC_ALIGN_12B_L:
 689:Drivers/STM32H7xx_HAL_Driver/Src/stm32h7xx_hal_dac.c ****         /* Get DHR12L2 address */
 690:Drivers/STM32H7xx_HAL_Driver/Src/stm32h7xx_hal_dac.c ****         tmpreg = (uint32_t)&hdac->Instance->DHR12L2;
 691:Drivers/STM32H7xx_HAL_Driver/Src/stm32h7xx_hal_dac.c ****         break;
 692:Drivers/STM32H7xx_HAL_Driver/Src/stm32h7xx_hal_dac.c ****       default: /* case DAC_ALIGN_8B_R */
 693:Drivers/STM32H7xx_HAL_Driver/Src/stm32h7xx_hal_dac.c ****         /* Get DHR8R2 address */
 694:Drivers/STM32H7xx_HAL_Driver/Src/stm32h7xx_hal_dac.c ****         tmpreg = (uint32_t)&hdac->Instance->DHR8R2;
 695:Drivers/STM32H7xx_HAL_Driver/Src/stm32h7xx_hal_dac.c ****         break;
 696:Drivers/STM32H7xx_HAL_Driver/Src/stm32h7xx_hal_dac.c ****     }
 697:Drivers/STM32H7xx_HAL_Driver/Src/stm32h7xx_hal_dac.c ****   }
 698:Drivers/STM32H7xx_HAL_Driver/Src/stm32h7xx_hal_dac.c **** 
 699:Drivers/STM32H7xx_HAL_Driver/Src/stm32h7xx_hal_dac.c ****   if (Channel == DAC_CHANNEL_1)
 480              		.loc 1 699 3 view .LVU138
 481              		.loc 1 699 6 is_stmt 0 view .LVU139
 482 004c 002D     		cmp	r5, #0
 483 004e 31D1     		bne	.L47
 700:Drivers/STM32H7xx_HAL_Driver/Src/stm32h7xx_hal_dac.c ****   {
 701:Drivers/STM32H7xx_HAL_Driver/Src/stm32h7xx_hal_dac.c ****     /* Enable the DAC DMA underrun interrupt */
 702:Drivers/STM32H7xx_HAL_Driver/Src/stm32h7xx_hal_dac.c ****     __HAL_DAC_ENABLE_IT(hdac, DAC_IT_DMAUDR1);
 484              		.loc 1 702 5 is_stmt 1 view .LVU140
 485 0050 2668     		ldr	r6, [r4]
 486 0052 3068     		ldr	r0, [r6]
 487 0054 40F40050 		orr	r0, r0, #8192
 488 0058 3060     		str	r0, [r6]
 703:Drivers/STM32H7xx_HAL_Driver/Src/stm32h7xx_hal_dac.c **** 
 704:Drivers/STM32H7xx_HAL_Driver/Src/stm32h7xx_hal_dac.c ****     /* Enable the DMA Stream */
 705:Drivers/STM32H7xx_HAL_Driver/Src/stm32h7xx_hal_dac.c ****     status = HAL_DMA_Start_IT(hdac->DMA_Handle1, (uint32_t)pData, tmpreg, Length);
 489              		.loc 1 705 5 view .LVU141
 490              		.loc 1 705 14 is_stmt 0 view .LVU142
 491 005a A068     		ldr	r0, [r4, #8]
 492 005c FFF7FEFF 		bl	HAL_DMA_Start_IT
 493              	.LVL33:
 494              	.L48:
 706:Drivers/STM32H7xx_HAL_Driver/Src/stm32h7xx_hal_dac.c ****   }
 707:Drivers/STM32H7xx_HAL_Driver/Src/stm32h7xx_hal_dac.c **** 
 708:Drivers/STM32H7xx_HAL_Driver/Src/stm32h7xx_hal_dac.c ****   else
 709:Drivers/STM32H7xx_HAL_Driver/Src/stm32h7xx_hal_dac.c ****   {
 710:Drivers/STM32H7xx_HAL_Driver/Src/stm32h7xx_hal_dac.c ****     /* Enable the DAC DMA underrun interrupt */
 711:Drivers/STM32H7xx_HAL_Driver/Src/stm32h7xx_hal_dac.c ****     __HAL_DAC_ENABLE_IT(hdac, DAC_IT_DMAUDR2);
 712:Drivers/STM32H7xx_HAL_Driver/Src/stm32h7xx_hal_dac.c **** 
 713:Drivers/STM32H7xx_HAL_Driver/Src/stm32h7xx_hal_dac.c ****     /* Enable the DMA Stream */
 714:Drivers/STM32H7xx_HAL_Driver/Src/stm32h7xx_hal_dac.c ****     status = HAL_DMA_Start_IT(hdac->DMA_Handle2, (uint32_t)pData, tmpreg, Length);
ARM GAS  C:\Users\Made\AppData\Local\Temp\ccJ7f769.s 			page 23


 715:Drivers/STM32H7xx_HAL_Driver/Src/stm32h7xx_hal_dac.c ****   }
 716:Drivers/STM32H7xx_HAL_Driver/Src/stm32h7xx_hal_dac.c **** 
 717:Drivers/STM32H7xx_HAL_Driver/Src/stm32h7xx_hal_dac.c **** 
 718:Drivers/STM32H7xx_HAL_Driver/Src/stm32h7xx_hal_dac.c ****   /* Process Unlocked */
 719:Drivers/STM32H7xx_HAL_Driver/Src/stm32h7xx_hal_dac.c ****   __HAL_UNLOCK(hdac);
 495              		.loc 1 719 3 is_stmt 1 view .LVU143
 496              		.loc 1 719 3 view .LVU144
 497 0060 0023     		movs	r3, #0
 498 0062 6371     		strb	r3, [r4, #5]
 499              		.loc 1 719 3 view .LVU145
 720:Drivers/STM32H7xx_HAL_Driver/Src/stm32h7xx_hal_dac.c **** 
 721:Drivers/STM32H7xx_HAL_Driver/Src/stm32h7xx_hal_dac.c ****   if (status == HAL_OK)
 500              		.loc 1 721 3 view .LVU146
 501              		.loc 1 721 6 is_stmt 0 view .LVU147
 502 0064 0028     		cmp	r0, #0
 503 0066 2ED1     		bne	.L49
 722:Drivers/STM32H7xx_HAL_Driver/Src/stm32h7xx_hal_dac.c ****   {
 723:Drivers/STM32H7xx_HAL_Driver/Src/stm32h7xx_hal_dac.c ****     /* Enable the Peripheral */
 724:Drivers/STM32H7xx_HAL_Driver/Src/stm32h7xx_hal_dac.c ****     __HAL_DAC_ENABLE(hdac, Channel);
 504              		.loc 1 724 5 is_stmt 1 view .LVU148
 505 0068 2168     		ldr	r1, [r4]
 506 006a 0B68     		ldr	r3, [r1]
 507 006c 05F01005 		and	r5, r5, #16
 508              	.LVL34:
 509              		.loc 1 724 5 is_stmt 0 view .LVU149
 510 0070 0122     		movs	r2, #1
 511 0072 AA40     		lsls	r2, r2, r5
 512 0074 1343     		orrs	r3, r3, r2
 513 0076 0B60     		str	r3, [r1]
 514              	.LVL35:
 515              	.L38:
 725:Drivers/STM32H7xx_HAL_Driver/Src/stm32h7xx_hal_dac.c ****   }
 726:Drivers/STM32H7xx_HAL_Driver/Src/stm32h7xx_hal_dac.c ****   else
 727:Drivers/STM32H7xx_HAL_Driver/Src/stm32h7xx_hal_dac.c ****   {
 728:Drivers/STM32H7xx_HAL_Driver/Src/stm32h7xx_hal_dac.c ****     hdac->ErrorCode |= HAL_DAC_ERROR_DMA;
 729:Drivers/STM32H7xx_HAL_Driver/Src/stm32h7xx_hal_dac.c ****   }
 730:Drivers/STM32H7xx_HAL_Driver/Src/stm32h7xx_hal_dac.c **** 
 731:Drivers/STM32H7xx_HAL_Driver/Src/stm32h7xx_hal_dac.c ****   /* Return function status */
 732:Drivers/STM32H7xx_HAL_Driver/Src/stm32h7xx_hal_dac.c ****   return status;
 733:Drivers/STM32H7xx_HAL_Driver/Src/stm32h7xx_hal_dac.c **** }
 516              		.loc 1 733 1 view .LVU150
 517 0078 70BD     		pop	{r4, r5, r6, pc}
 518              	.LVL36:
 519              	.L41:
 658:Drivers/STM32H7xx_HAL_Driver/Src/stm32h7xx_hal_dac.c ****         break;
 520              		.loc 1 658 9 is_stmt 1 view .LVU151
 658:Drivers/STM32H7xx_HAL_Driver/Src/stm32h7xx_hal_dac.c ****         break;
 521              		.loc 1 658 33 is_stmt 0 view .LVU152
 522 007a 2268     		ldr	r2, [r4]
 658:Drivers/STM32H7xx_HAL_Driver/Src/stm32h7xx_hal_dac.c ****         break;
 523              		.loc 1 658 28 view .LVU153
 524 007c 0C32     		adds	r2, r2, #12
 525              	.LVL37:
 659:Drivers/STM32H7xx_HAL_Driver/Src/stm32h7xx_hal_dac.c ****       default: /* case DAC_ALIGN_8B_R */
 526              		.loc 1 659 9 is_stmt 1 view .LVU154
 527 007e E5E7     		b	.L43
 528              	.LVL38:
ARM GAS  C:\Users\Made\AppData\Local\Temp\ccJ7f769.s 			page 24


 529              	.L39:
 670:Drivers/STM32H7xx_HAL_Driver/Src/stm32h7xx_hal_dac.c **** 
 530              		.loc 1 670 5 view .LVU155
 670:Drivers/STM32H7xx_HAL_Driver/Src/stm32h7xx_hal_dac.c **** 
 531              		.loc 1 670 9 is_stmt 0 view .LVU156
 532 0080 E068     		ldr	r0, [r4, #12]
 670:Drivers/STM32H7xx_HAL_Driver/Src/stm32h7xx_hal_dac.c **** 
 533              		.loc 1 670 41 view .LVU157
 534 0082 184E     		ldr	r6, .L55+12
 535 0084 C663     		str	r6, [r0, #60]
 673:Drivers/STM32H7xx_HAL_Driver/Src/stm32h7xx_hal_dac.c **** 
 536              		.loc 1 673 5 is_stmt 1 view .LVU158
 673:Drivers/STM32H7xx_HAL_Driver/Src/stm32h7xx_hal_dac.c **** 
 537              		.loc 1 673 9 is_stmt 0 view .LVU159
 538 0086 E068     		ldr	r0, [r4, #12]
 673:Drivers/STM32H7xx_HAL_Driver/Src/stm32h7xx_hal_dac.c **** 
 539              		.loc 1 673 45 view .LVU160
 540 0088 174E     		ldr	r6, .L55+16
 541 008a 0664     		str	r6, [r0, #64]
 676:Drivers/STM32H7xx_HAL_Driver/Src/stm32h7xx_hal_dac.c **** 
 542              		.loc 1 676 5 is_stmt 1 view .LVU161
 676:Drivers/STM32H7xx_HAL_Driver/Src/stm32h7xx_hal_dac.c **** 
 543              		.loc 1 676 9 is_stmt 0 view .LVU162
 544 008c E068     		ldr	r0, [r4, #12]
 676:Drivers/STM32H7xx_HAL_Driver/Src/stm32h7xx_hal_dac.c **** 
 545              		.loc 1 676 42 view .LVU163
 546 008e 174E     		ldr	r6, .L55+20
 547 0090 C664     		str	r6, [r0, #76]
 679:Drivers/STM32H7xx_HAL_Driver/Src/stm32h7xx_hal_dac.c **** 
 548              		.loc 1 679 5 is_stmt 1 view .LVU164
 549 0092 2668     		ldr	r6, [r4]
 550 0094 3068     		ldr	r0, [r6]
 551 0096 40F08050 		orr	r0, r0, #268435456
 552 009a 3060     		str	r0, [r6]
 682:Drivers/STM32H7xx_HAL_Driver/Src/stm32h7xx_hal_dac.c ****     {
 553              		.loc 1 682 5 view .LVU165
 554 009c 22B1     		cbz	r2, .L44
 555 009e 042A     		cmp	r2, #4
 556 00a0 05D0     		beq	.L45
 694:Drivers/STM32H7xx_HAL_Driver/Src/stm32h7xx_hal_dac.c ****         break;
 557              		.loc 1 694 9 view .LVU166
 694:Drivers/STM32H7xx_HAL_Driver/Src/stm32h7xx_hal_dac.c ****         break;
 558              		.loc 1 694 33 is_stmt 0 view .LVU167
 559 00a2 2268     		ldr	r2, [r4]
 694:Drivers/STM32H7xx_HAL_Driver/Src/stm32h7xx_hal_dac.c ****         break;
 560              		.loc 1 694 28 view .LVU168
 561 00a4 1C32     		adds	r2, r2, #28
 562              	.LVL39:
 695:Drivers/STM32H7xx_HAL_Driver/Src/stm32h7xx_hal_dac.c ****     }
 563              		.loc 1 695 9 is_stmt 1 view .LVU169
 564 00a6 D1E7     		b	.L43
 565              	.LVL40:
 566              	.L44:
 686:Drivers/STM32H7xx_HAL_Driver/Src/stm32h7xx_hal_dac.c ****         break;
 567              		.loc 1 686 9 view .LVU170
 686:Drivers/STM32H7xx_HAL_Driver/Src/stm32h7xx_hal_dac.c ****         break;
 568              		.loc 1 686 33 is_stmt 0 view .LVU171
ARM GAS  C:\Users\Made\AppData\Local\Temp\ccJ7f769.s 			page 25


 569 00a8 2268     		ldr	r2, [r4]
 686:Drivers/STM32H7xx_HAL_Driver/Src/stm32h7xx_hal_dac.c ****         break;
 570              		.loc 1 686 28 view .LVU172
 571 00aa 1432     		adds	r2, r2, #20
 572              	.LVL41:
 687:Drivers/STM32H7xx_HAL_Driver/Src/stm32h7xx_hal_dac.c ****       case DAC_ALIGN_12B_L:
 573              		.loc 1 687 9 is_stmt 1 view .LVU173
 574 00ac CEE7     		b	.L43
 575              	.LVL42:
 576              	.L45:
 690:Drivers/STM32H7xx_HAL_Driver/Src/stm32h7xx_hal_dac.c ****         break;
 577              		.loc 1 690 9 view .LVU174
 690:Drivers/STM32H7xx_HAL_Driver/Src/stm32h7xx_hal_dac.c ****         break;
 578              		.loc 1 690 33 is_stmt 0 view .LVU175
 579 00ae 2268     		ldr	r2, [r4]
 690:Drivers/STM32H7xx_HAL_Driver/Src/stm32h7xx_hal_dac.c ****         break;
 580              		.loc 1 690 28 view .LVU176
 581 00b0 1832     		adds	r2, r2, #24
 582              	.LVL43:
 691:Drivers/STM32H7xx_HAL_Driver/Src/stm32h7xx_hal_dac.c ****       default: /* case DAC_ALIGN_8B_R */
 583              		.loc 1 691 9 is_stmt 1 view .LVU177
 584 00b2 CBE7     		b	.L43
 585              	.L47:
 711:Drivers/STM32H7xx_HAL_Driver/Src/stm32h7xx_hal_dac.c **** 
 586              		.loc 1 711 5 view .LVU178
 587 00b4 2668     		ldr	r6, [r4]
 588 00b6 3068     		ldr	r0, [r6]
 589 00b8 40F00050 		orr	r0, r0, #536870912
 590 00bc 3060     		str	r0, [r6]
 714:Drivers/STM32H7xx_HAL_Driver/Src/stm32h7xx_hal_dac.c ****   }
 591              		.loc 1 714 5 view .LVU179
 714:Drivers/STM32H7xx_HAL_Driver/Src/stm32h7xx_hal_dac.c ****   }
 592              		.loc 1 714 14 is_stmt 0 view .LVU180
 593 00be E068     		ldr	r0, [r4, #12]
 594 00c0 FFF7FEFF 		bl	HAL_DMA_Start_IT
 595              	.LVL44:
 714:Drivers/STM32H7xx_HAL_Driver/Src/stm32h7xx_hal_dac.c ****   }
 596              		.loc 1 714 14 view .LVU181
 597 00c4 CCE7     		b	.L48
 598              	.L49:
 728:Drivers/STM32H7xx_HAL_Driver/Src/stm32h7xx_hal_dac.c ****   }
 599              		.loc 1 728 5 is_stmt 1 view .LVU182
 728:Drivers/STM32H7xx_HAL_Driver/Src/stm32h7xx_hal_dac.c ****   }
 600              		.loc 1 728 9 is_stmt 0 view .LVU183
 601 00c6 2369     		ldr	r3, [r4, #16]
 728:Drivers/STM32H7xx_HAL_Driver/Src/stm32h7xx_hal_dac.c ****   }
 602              		.loc 1 728 21 view .LVU184
 603 00c8 43F00403 		orr	r3, r3, #4
 604 00cc 2361     		str	r3, [r4, #16]
 605 00ce D3E7     		b	.L38
 606              	.LVL45:
 607              	.L50:
 622:Drivers/STM32H7xx_HAL_Driver/Src/stm32h7xx_hal_dac.c ****   }
 608              		.loc 1 622 12 view .LVU185
 609 00d0 0120     		movs	r0, #1
 610              	.LVL46:
 622:Drivers/STM32H7xx_HAL_Driver/Src/stm32h7xx_hal_dac.c ****   }
ARM GAS  C:\Users\Made\AppData\Local\Temp\ccJ7f769.s 			page 26


 611              		.loc 1 622 12 view .LVU186
 612 00d2 D1E7     		b	.L38
 613              	.LVL47:
 614              	.L51:
 630:Drivers/STM32H7xx_HAL_Driver/Src/stm32h7xx_hal_dac.c **** 
 615              		.loc 1 630 3 discriminator 1 view .LVU187
 616 00d4 0220     		movs	r0, #2
 617 00d6 CFE7     		b	.L38
 618              	.L56:
 619              		.align	2
 620              	.L55:
 621 00d8 00000000 		.word	DAC_DMAConvCpltCh1
 622 00dc 00000000 		.word	DAC_DMAHalfConvCpltCh1
 623 00e0 00000000 		.word	DAC_DMAErrorCh1
 624 00e4 00000000 		.word	DAC_DMAConvCpltCh2
 625 00e8 00000000 		.word	DAC_DMAHalfConvCpltCh2
 626 00ec 00000000 		.word	DAC_DMAErrorCh2
 627              		.cfi_endproc
 628              	.LFE341:
 630              		.section	.text.HAL_DAC_Stop_DMA,"ax",%progbits
 631              		.align	1
 632              		.global	HAL_DAC_Stop_DMA
 633              		.syntax unified
 634              		.thumb
 635              		.thumb_func
 637              	HAL_DAC_Stop_DMA:
 638              	.LVL48:
 639              	.LFB342:
 734:Drivers/STM32H7xx_HAL_Driver/Src/stm32h7xx_hal_dac.c **** 
 735:Drivers/STM32H7xx_HAL_Driver/Src/stm32h7xx_hal_dac.c **** /**
 736:Drivers/STM32H7xx_HAL_Driver/Src/stm32h7xx_hal_dac.c ****   * @brief  Disables DAC and stop conversion of channel.
 737:Drivers/STM32H7xx_HAL_Driver/Src/stm32h7xx_hal_dac.c ****   * @param  hdac pointer to a DAC_HandleTypeDef structure that contains
 738:Drivers/STM32H7xx_HAL_Driver/Src/stm32h7xx_hal_dac.c ****   *         the configuration information for the specified DAC.
 739:Drivers/STM32H7xx_HAL_Driver/Src/stm32h7xx_hal_dac.c ****   * @param  Channel The selected DAC channel.
 740:Drivers/STM32H7xx_HAL_Driver/Src/stm32h7xx_hal_dac.c ****   *          This parameter can be one of the following values:
 741:Drivers/STM32H7xx_HAL_Driver/Src/stm32h7xx_hal_dac.c ****   *            @arg DAC_CHANNEL_1: DAC Channel1 selected
 742:Drivers/STM32H7xx_HAL_Driver/Src/stm32h7xx_hal_dac.c ****   *            @arg DAC_CHANNEL_2: DAC Channel2 selected
 743:Drivers/STM32H7xx_HAL_Driver/Src/stm32h7xx_hal_dac.c ****   * @retval HAL status
 744:Drivers/STM32H7xx_HAL_Driver/Src/stm32h7xx_hal_dac.c ****   */
 745:Drivers/STM32H7xx_HAL_Driver/Src/stm32h7xx_hal_dac.c **** HAL_StatusTypeDef HAL_DAC_Stop_DMA(DAC_HandleTypeDef *hdac, uint32_t Channel)
 746:Drivers/STM32H7xx_HAL_Driver/Src/stm32h7xx_hal_dac.c **** {
 640              		.loc 1 746 1 is_stmt 1 view -0
 641              		.cfi_startproc
 642              		@ args = 0, pretend = 0, frame = 0
 643              		@ frame_needed = 0, uses_anonymous_args = 0
 747:Drivers/STM32H7xx_HAL_Driver/Src/stm32h7xx_hal_dac.c ****   /* Check the DAC peripheral handle */
 748:Drivers/STM32H7xx_HAL_Driver/Src/stm32h7xx_hal_dac.c ****   if (hdac == NULL)
 644              		.loc 1 748 3 view .LVU189
 645              		.loc 1 748 6 is_stmt 0 view .LVU190
 646 0000 50B3     		cbz	r0, .L61
 746:Drivers/STM32H7xx_HAL_Driver/Src/stm32h7xx_hal_dac.c ****   /* Check the DAC peripheral handle */
 647              		.loc 1 746 1 view .LVU191
 648 0002 10B5     		push	{r4, lr}
 649              	.LCFI11:
 650              		.cfi_def_cfa_offset 8
 651              		.cfi_offset 4, -8
 652              		.cfi_offset 14, -4
ARM GAS  C:\Users\Made\AppData\Local\Temp\ccJ7f769.s 			page 27


 653 0004 0446     		mov	r4, r0
 749:Drivers/STM32H7xx_HAL_Driver/Src/stm32h7xx_hal_dac.c ****   {
 750:Drivers/STM32H7xx_HAL_Driver/Src/stm32h7xx_hal_dac.c ****     return HAL_ERROR;
 751:Drivers/STM32H7xx_HAL_Driver/Src/stm32h7xx_hal_dac.c ****   }
 752:Drivers/STM32H7xx_HAL_Driver/Src/stm32h7xx_hal_dac.c **** 
 753:Drivers/STM32H7xx_HAL_Driver/Src/stm32h7xx_hal_dac.c ****   /* Check the parameters */
 754:Drivers/STM32H7xx_HAL_Driver/Src/stm32h7xx_hal_dac.c ****   assert_param(IS_DAC_CHANNEL(Channel));
 654              		.loc 1 754 3 is_stmt 1 view .LVU192
 755:Drivers/STM32H7xx_HAL_Driver/Src/stm32h7xx_hal_dac.c **** 
 756:Drivers/STM32H7xx_HAL_Driver/Src/stm32h7xx_hal_dac.c ****   /* Disable the selected DAC channel DMA request */
 757:Drivers/STM32H7xx_HAL_Driver/Src/stm32h7xx_hal_dac.c ****   hdac->Instance->CR &= ~(DAC_CR_DMAEN1 << (Channel & 0x10UL));
 655              		.loc 1 757 3 view .LVU193
 656              		.loc 1 757 7 is_stmt 0 view .LVU194
 657 0006 0068     		ldr	r0, [r0]
 658              	.LVL49:
 659              		.loc 1 757 17 view .LVU195
 660 0008 0368     		ldr	r3, [r0]
 661              		.loc 1 757 53 view .LVU196
 662 000a 01F0100C 		and	ip, r1, #16
 663              		.loc 1 757 41 view .LVU197
 664 000e 4FF48052 		mov	r2, #4096
 665 0012 02FA0CF2 		lsl	r2, r2, ip
 666              		.loc 1 757 22 view .LVU198
 667 0016 23EA0203 		bic	r3, r3, r2
 668 001a 0360     		str	r3, [r0]
 758:Drivers/STM32H7xx_HAL_Driver/Src/stm32h7xx_hal_dac.c **** 
 759:Drivers/STM32H7xx_HAL_Driver/Src/stm32h7xx_hal_dac.c ****   /* Disable the Peripheral */
 760:Drivers/STM32H7xx_HAL_Driver/Src/stm32h7xx_hal_dac.c ****   __HAL_DAC_DISABLE(hdac, Channel);
 669              		.loc 1 760 3 is_stmt 1 view .LVU199
 670 001c 2068     		ldr	r0, [r4]
 671 001e 0368     		ldr	r3, [r0]
 672 0020 0122     		movs	r2, #1
 673 0022 02FA0CF2 		lsl	r2, r2, ip
 674 0026 23EA0203 		bic	r3, r3, r2
 675 002a 0360     		str	r3, [r0]
 761:Drivers/STM32H7xx_HAL_Driver/Src/stm32h7xx_hal_dac.c **** 
 762:Drivers/STM32H7xx_HAL_Driver/Src/stm32h7xx_hal_dac.c ****   /* Disable the DMA Stream */
 763:Drivers/STM32H7xx_HAL_Driver/Src/stm32h7xx_hal_dac.c **** 
 764:Drivers/STM32H7xx_HAL_Driver/Src/stm32h7xx_hal_dac.c ****   /* Channel1 is used */
 765:Drivers/STM32H7xx_HAL_Driver/Src/stm32h7xx_hal_dac.c ****   if (Channel == DAC_CHANNEL_1)
 676              		.loc 1 765 3 view .LVU200
 677              		.loc 1 765 6 is_stmt 0 view .LVU201
 678 002c 59B9     		cbnz	r1, .L59
 766:Drivers/STM32H7xx_HAL_Driver/Src/stm32h7xx_hal_dac.c ****   {
 767:Drivers/STM32H7xx_HAL_Driver/Src/stm32h7xx_hal_dac.c ****     /* Disable the DMA Stream */
 768:Drivers/STM32H7xx_HAL_Driver/Src/stm32h7xx_hal_dac.c ****     (void)HAL_DMA_Abort(hdac->DMA_Handle1);
 679              		.loc 1 768 5 is_stmt 1 view .LVU202
 680              		.loc 1 768 11 is_stmt 0 view .LVU203
 681 002e A068     		ldr	r0, [r4, #8]
 682 0030 FFF7FEFF 		bl	HAL_DMA_Abort
 683              	.LVL50:
 769:Drivers/STM32H7xx_HAL_Driver/Src/stm32h7xx_hal_dac.c **** 
 770:Drivers/STM32H7xx_HAL_Driver/Src/stm32h7xx_hal_dac.c ****     /* Disable the DAC DMA underrun interrupt */
 771:Drivers/STM32H7xx_HAL_Driver/Src/stm32h7xx_hal_dac.c ****     __HAL_DAC_DISABLE_IT(hdac, DAC_IT_DMAUDR1);
 684              		.loc 1 771 5 is_stmt 1 view .LVU204
 685 0034 2268     		ldr	r2, [r4]
 686 0036 1368     		ldr	r3, [r2]
ARM GAS  C:\Users\Made\AppData\Local\Temp\ccJ7f769.s 			page 28


 687 0038 23F40053 		bic	r3, r3, #8192
 688 003c 1360     		str	r3, [r2]
 689              	.L60:
 772:Drivers/STM32H7xx_HAL_Driver/Src/stm32h7xx_hal_dac.c ****   }
 773:Drivers/STM32H7xx_HAL_Driver/Src/stm32h7xx_hal_dac.c **** 
 774:Drivers/STM32H7xx_HAL_Driver/Src/stm32h7xx_hal_dac.c ****   else /* Channel2 is used for */
 775:Drivers/STM32H7xx_HAL_Driver/Src/stm32h7xx_hal_dac.c ****   {
 776:Drivers/STM32H7xx_HAL_Driver/Src/stm32h7xx_hal_dac.c ****     /* Disable the DMA Stream */
 777:Drivers/STM32H7xx_HAL_Driver/Src/stm32h7xx_hal_dac.c ****     (void)HAL_DMA_Abort(hdac->DMA_Handle2);
 778:Drivers/STM32H7xx_HAL_Driver/Src/stm32h7xx_hal_dac.c **** 
 779:Drivers/STM32H7xx_HAL_Driver/Src/stm32h7xx_hal_dac.c ****     /* Disable the DAC DMA underrun interrupt */
 780:Drivers/STM32H7xx_HAL_Driver/Src/stm32h7xx_hal_dac.c ****     __HAL_DAC_DISABLE_IT(hdac, DAC_IT_DMAUDR2);
 781:Drivers/STM32H7xx_HAL_Driver/Src/stm32h7xx_hal_dac.c ****   }
 782:Drivers/STM32H7xx_HAL_Driver/Src/stm32h7xx_hal_dac.c **** 
 783:Drivers/STM32H7xx_HAL_Driver/Src/stm32h7xx_hal_dac.c **** 
 784:Drivers/STM32H7xx_HAL_Driver/Src/stm32h7xx_hal_dac.c ****   /* Change DAC state */
 785:Drivers/STM32H7xx_HAL_Driver/Src/stm32h7xx_hal_dac.c ****   hdac->State = HAL_DAC_STATE_READY;
 690              		.loc 1 785 3 view .LVU205
 691              		.loc 1 785 15 is_stmt 0 view .LVU206
 692 003e 0123     		movs	r3, #1
 693 0040 2371     		strb	r3, [r4, #4]
 786:Drivers/STM32H7xx_HAL_Driver/Src/stm32h7xx_hal_dac.c **** 
 787:Drivers/STM32H7xx_HAL_Driver/Src/stm32h7xx_hal_dac.c ****   /* Return function status */
 788:Drivers/STM32H7xx_HAL_Driver/Src/stm32h7xx_hal_dac.c ****   return HAL_OK;
 694              		.loc 1 788 3 is_stmt 1 view .LVU207
 695              		.loc 1 788 10 is_stmt 0 view .LVU208
 696 0042 0020     		movs	r0, #0
 789:Drivers/STM32H7xx_HAL_Driver/Src/stm32h7xx_hal_dac.c **** }
 697              		.loc 1 789 1 view .LVU209
 698 0044 10BD     		pop	{r4, pc}
 699              	.LVL51:
 700              	.L59:
 777:Drivers/STM32H7xx_HAL_Driver/Src/stm32h7xx_hal_dac.c **** 
 701              		.loc 1 777 5 is_stmt 1 view .LVU210
 777:Drivers/STM32H7xx_HAL_Driver/Src/stm32h7xx_hal_dac.c **** 
 702              		.loc 1 777 11 is_stmt 0 view .LVU211
 703 0046 E068     		ldr	r0, [r4, #12]
 704 0048 FFF7FEFF 		bl	HAL_DMA_Abort
 705              	.LVL52:
 780:Drivers/STM32H7xx_HAL_Driver/Src/stm32h7xx_hal_dac.c ****   }
 706              		.loc 1 780 5 is_stmt 1 view .LVU212
 707 004c 2268     		ldr	r2, [r4]
 708 004e 1368     		ldr	r3, [r2]
 709 0050 23F00053 		bic	r3, r3, #536870912
 710 0054 1360     		str	r3, [r2]
 711 0056 F2E7     		b	.L60
 712              	.LVL53:
 713              	.L61:
 714              	.LCFI12:
 715              		.cfi_def_cfa_offset 0
 716              		.cfi_restore 4
 717              		.cfi_restore 14
 750:Drivers/STM32H7xx_HAL_Driver/Src/stm32h7xx_hal_dac.c ****   }
 718              		.loc 1 750 12 is_stmt 0 view .LVU213
 719 0058 0120     		movs	r0, #1
 720              	.LVL54:
 721              		.loc 1 789 1 view .LVU214
ARM GAS  C:\Users\Made\AppData\Local\Temp\ccJ7f769.s 			page 29


 722 005a 7047     		bx	lr
 723              		.cfi_endproc
 724              	.LFE342:
 726              		.section	.text.HAL_DAC_SetValue,"ax",%progbits
 727              		.align	1
 728              		.global	HAL_DAC_SetValue
 729              		.syntax unified
 730              		.thumb
 731              		.thumb_func
 733              	HAL_DAC_SetValue:
 734              	.LVL55:
 735              	.LFB344:
 790:Drivers/STM32H7xx_HAL_Driver/Src/stm32h7xx_hal_dac.c **** 
 791:Drivers/STM32H7xx_HAL_Driver/Src/stm32h7xx_hal_dac.c **** /**
 792:Drivers/STM32H7xx_HAL_Driver/Src/stm32h7xx_hal_dac.c ****   * @brief  Handles DAC interrupt request
 793:Drivers/STM32H7xx_HAL_Driver/Src/stm32h7xx_hal_dac.c ****   *         This function uses the interruption of DMA
 794:Drivers/STM32H7xx_HAL_Driver/Src/stm32h7xx_hal_dac.c ****   *         underrun.
 795:Drivers/STM32H7xx_HAL_Driver/Src/stm32h7xx_hal_dac.c ****   * @param  hdac pointer to a DAC_HandleTypeDef structure that contains
 796:Drivers/STM32H7xx_HAL_Driver/Src/stm32h7xx_hal_dac.c ****   *         the configuration information for the specified DAC.
 797:Drivers/STM32H7xx_HAL_Driver/Src/stm32h7xx_hal_dac.c ****   * @retval None
 798:Drivers/STM32H7xx_HAL_Driver/Src/stm32h7xx_hal_dac.c ****   */
 799:Drivers/STM32H7xx_HAL_Driver/Src/stm32h7xx_hal_dac.c **** void HAL_DAC_IRQHandler(DAC_HandleTypeDef *hdac)
 800:Drivers/STM32H7xx_HAL_Driver/Src/stm32h7xx_hal_dac.c **** {
 801:Drivers/STM32H7xx_HAL_Driver/Src/stm32h7xx_hal_dac.c ****   uint32_t itsource = hdac->Instance->CR;
 802:Drivers/STM32H7xx_HAL_Driver/Src/stm32h7xx_hal_dac.c ****   uint32_t itflag   = hdac->Instance->SR;
 803:Drivers/STM32H7xx_HAL_Driver/Src/stm32h7xx_hal_dac.c **** 
 804:Drivers/STM32H7xx_HAL_Driver/Src/stm32h7xx_hal_dac.c ****   if ((itsource & DAC_IT_DMAUDR1) == DAC_IT_DMAUDR1)
 805:Drivers/STM32H7xx_HAL_Driver/Src/stm32h7xx_hal_dac.c ****   {
 806:Drivers/STM32H7xx_HAL_Driver/Src/stm32h7xx_hal_dac.c ****     /* Check underrun flag of DAC channel 1 */
 807:Drivers/STM32H7xx_HAL_Driver/Src/stm32h7xx_hal_dac.c ****     if ((itflag & DAC_FLAG_DMAUDR1) == DAC_FLAG_DMAUDR1)
 808:Drivers/STM32H7xx_HAL_Driver/Src/stm32h7xx_hal_dac.c ****     {
 809:Drivers/STM32H7xx_HAL_Driver/Src/stm32h7xx_hal_dac.c ****       /* Change DAC state to error state */
 810:Drivers/STM32H7xx_HAL_Driver/Src/stm32h7xx_hal_dac.c ****       hdac->State = HAL_DAC_STATE_ERROR;
 811:Drivers/STM32H7xx_HAL_Driver/Src/stm32h7xx_hal_dac.c **** 
 812:Drivers/STM32H7xx_HAL_Driver/Src/stm32h7xx_hal_dac.c ****       /* Set DAC error code to channel1 DMA underrun error */
 813:Drivers/STM32H7xx_HAL_Driver/Src/stm32h7xx_hal_dac.c ****       SET_BIT(hdac->ErrorCode, HAL_DAC_ERROR_DMAUNDERRUNCH1);
 814:Drivers/STM32H7xx_HAL_Driver/Src/stm32h7xx_hal_dac.c **** 
 815:Drivers/STM32H7xx_HAL_Driver/Src/stm32h7xx_hal_dac.c ****       /* Clear the underrun flag */
 816:Drivers/STM32H7xx_HAL_Driver/Src/stm32h7xx_hal_dac.c ****       __HAL_DAC_CLEAR_FLAG(hdac, DAC_FLAG_DMAUDR1);
 817:Drivers/STM32H7xx_HAL_Driver/Src/stm32h7xx_hal_dac.c **** 
 818:Drivers/STM32H7xx_HAL_Driver/Src/stm32h7xx_hal_dac.c ****       /* Disable the selected DAC channel1 DMA request */
 819:Drivers/STM32H7xx_HAL_Driver/Src/stm32h7xx_hal_dac.c ****       __HAL_DAC_DISABLE_IT(hdac, DAC_CR_DMAEN1);
 820:Drivers/STM32H7xx_HAL_Driver/Src/stm32h7xx_hal_dac.c **** 
 821:Drivers/STM32H7xx_HAL_Driver/Src/stm32h7xx_hal_dac.c ****       /* Error callback */
 822:Drivers/STM32H7xx_HAL_Driver/Src/stm32h7xx_hal_dac.c **** #if (USE_HAL_DAC_REGISTER_CALLBACKS == 1)
 823:Drivers/STM32H7xx_HAL_Driver/Src/stm32h7xx_hal_dac.c ****       hdac->DMAUnderrunCallbackCh1(hdac);
 824:Drivers/STM32H7xx_HAL_Driver/Src/stm32h7xx_hal_dac.c **** #else
 825:Drivers/STM32H7xx_HAL_Driver/Src/stm32h7xx_hal_dac.c ****       HAL_DAC_DMAUnderrunCallbackCh1(hdac);
 826:Drivers/STM32H7xx_HAL_Driver/Src/stm32h7xx_hal_dac.c **** #endif /* USE_HAL_DAC_REGISTER_CALLBACKS */
 827:Drivers/STM32H7xx_HAL_Driver/Src/stm32h7xx_hal_dac.c ****     }
 828:Drivers/STM32H7xx_HAL_Driver/Src/stm32h7xx_hal_dac.c ****   }
 829:Drivers/STM32H7xx_HAL_Driver/Src/stm32h7xx_hal_dac.c **** 
 830:Drivers/STM32H7xx_HAL_Driver/Src/stm32h7xx_hal_dac.c **** 
 831:Drivers/STM32H7xx_HAL_Driver/Src/stm32h7xx_hal_dac.c ****   if ((itsource & DAC_IT_DMAUDR2) == DAC_IT_DMAUDR2)
 832:Drivers/STM32H7xx_HAL_Driver/Src/stm32h7xx_hal_dac.c ****   {
 833:Drivers/STM32H7xx_HAL_Driver/Src/stm32h7xx_hal_dac.c ****     /* Check underrun flag of DAC channel 2 */
 834:Drivers/STM32H7xx_HAL_Driver/Src/stm32h7xx_hal_dac.c ****     if ((itflag & DAC_FLAG_DMAUDR2) == DAC_FLAG_DMAUDR2)
ARM GAS  C:\Users\Made\AppData\Local\Temp\ccJ7f769.s 			page 30


 835:Drivers/STM32H7xx_HAL_Driver/Src/stm32h7xx_hal_dac.c ****     {
 836:Drivers/STM32H7xx_HAL_Driver/Src/stm32h7xx_hal_dac.c ****       /* Change DAC state to error state */
 837:Drivers/STM32H7xx_HAL_Driver/Src/stm32h7xx_hal_dac.c ****       hdac->State = HAL_DAC_STATE_ERROR;
 838:Drivers/STM32H7xx_HAL_Driver/Src/stm32h7xx_hal_dac.c **** 
 839:Drivers/STM32H7xx_HAL_Driver/Src/stm32h7xx_hal_dac.c ****       /* Set DAC error code to channel2 DMA underrun error */
 840:Drivers/STM32H7xx_HAL_Driver/Src/stm32h7xx_hal_dac.c ****       SET_BIT(hdac->ErrorCode, HAL_DAC_ERROR_DMAUNDERRUNCH2);
 841:Drivers/STM32H7xx_HAL_Driver/Src/stm32h7xx_hal_dac.c **** 
 842:Drivers/STM32H7xx_HAL_Driver/Src/stm32h7xx_hal_dac.c ****       /* Clear the underrun flag */
 843:Drivers/STM32H7xx_HAL_Driver/Src/stm32h7xx_hal_dac.c ****       __HAL_DAC_CLEAR_FLAG(hdac, DAC_FLAG_DMAUDR2);
 844:Drivers/STM32H7xx_HAL_Driver/Src/stm32h7xx_hal_dac.c **** 
 845:Drivers/STM32H7xx_HAL_Driver/Src/stm32h7xx_hal_dac.c ****       /* Disable the selected DAC channel2 DMA request */
 846:Drivers/STM32H7xx_HAL_Driver/Src/stm32h7xx_hal_dac.c ****       __HAL_DAC_DISABLE_IT(hdac, DAC_CR_DMAEN2);
 847:Drivers/STM32H7xx_HAL_Driver/Src/stm32h7xx_hal_dac.c **** 
 848:Drivers/STM32H7xx_HAL_Driver/Src/stm32h7xx_hal_dac.c ****       /* Error callback */
 849:Drivers/STM32H7xx_HAL_Driver/Src/stm32h7xx_hal_dac.c **** #if (USE_HAL_DAC_REGISTER_CALLBACKS == 1)
 850:Drivers/STM32H7xx_HAL_Driver/Src/stm32h7xx_hal_dac.c ****       hdac->DMAUnderrunCallbackCh2(hdac);
 851:Drivers/STM32H7xx_HAL_Driver/Src/stm32h7xx_hal_dac.c **** #else
 852:Drivers/STM32H7xx_HAL_Driver/Src/stm32h7xx_hal_dac.c ****       HAL_DACEx_DMAUnderrunCallbackCh2(hdac);
 853:Drivers/STM32H7xx_HAL_Driver/Src/stm32h7xx_hal_dac.c **** #endif /* USE_HAL_DAC_REGISTER_CALLBACKS */
 854:Drivers/STM32H7xx_HAL_Driver/Src/stm32h7xx_hal_dac.c ****     }
 855:Drivers/STM32H7xx_HAL_Driver/Src/stm32h7xx_hal_dac.c ****   }
 856:Drivers/STM32H7xx_HAL_Driver/Src/stm32h7xx_hal_dac.c **** 
 857:Drivers/STM32H7xx_HAL_Driver/Src/stm32h7xx_hal_dac.c **** }
 858:Drivers/STM32H7xx_HAL_Driver/Src/stm32h7xx_hal_dac.c **** 
 859:Drivers/STM32H7xx_HAL_Driver/Src/stm32h7xx_hal_dac.c **** /**
 860:Drivers/STM32H7xx_HAL_Driver/Src/stm32h7xx_hal_dac.c ****   * @brief  Set the specified data holding register value for DAC channel.
 861:Drivers/STM32H7xx_HAL_Driver/Src/stm32h7xx_hal_dac.c ****   * @param  hdac pointer to a DAC_HandleTypeDef structure that contains
 862:Drivers/STM32H7xx_HAL_Driver/Src/stm32h7xx_hal_dac.c ****   *         the configuration information for the specified DAC.
 863:Drivers/STM32H7xx_HAL_Driver/Src/stm32h7xx_hal_dac.c ****   * @param  Channel The selected DAC channel.
 864:Drivers/STM32H7xx_HAL_Driver/Src/stm32h7xx_hal_dac.c ****   *          This parameter can be one of the following values:
 865:Drivers/STM32H7xx_HAL_Driver/Src/stm32h7xx_hal_dac.c ****   *            @arg DAC_CHANNEL_1: DAC Channel1 selected
 866:Drivers/STM32H7xx_HAL_Driver/Src/stm32h7xx_hal_dac.c ****   *            @arg DAC_CHANNEL_2: DAC Channel2 selected
 867:Drivers/STM32H7xx_HAL_Driver/Src/stm32h7xx_hal_dac.c ****   * @param  Alignment Specifies the data alignment.
 868:Drivers/STM32H7xx_HAL_Driver/Src/stm32h7xx_hal_dac.c ****   *          This parameter can be one of the following values:
 869:Drivers/STM32H7xx_HAL_Driver/Src/stm32h7xx_hal_dac.c ****   *            @arg DAC_ALIGN_8B_R: 8bit right data alignment selected
 870:Drivers/STM32H7xx_HAL_Driver/Src/stm32h7xx_hal_dac.c ****   *            @arg DAC_ALIGN_12B_L: 12bit left data alignment selected
 871:Drivers/STM32H7xx_HAL_Driver/Src/stm32h7xx_hal_dac.c ****   *            @arg DAC_ALIGN_12B_R: 12bit right data alignment selected
 872:Drivers/STM32H7xx_HAL_Driver/Src/stm32h7xx_hal_dac.c ****   * @param  Data Data to be loaded in the selected data holding register.
 873:Drivers/STM32H7xx_HAL_Driver/Src/stm32h7xx_hal_dac.c ****   * @retval HAL status
 874:Drivers/STM32H7xx_HAL_Driver/Src/stm32h7xx_hal_dac.c ****   */
 875:Drivers/STM32H7xx_HAL_Driver/Src/stm32h7xx_hal_dac.c **** HAL_StatusTypeDef HAL_DAC_SetValue(DAC_HandleTypeDef *hdac, uint32_t Channel, uint32_t Alignment, u
 876:Drivers/STM32H7xx_HAL_Driver/Src/stm32h7xx_hal_dac.c **** {
 736              		.loc 1 876 1 is_stmt 1 view -0
 737              		.cfi_startproc
 738              		@ args = 0, pretend = 0, frame = 8
 739              		@ frame_needed = 0, uses_anonymous_args = 0
 740              		@ link register save eliminated.
 741              		.loc 1 876 1 is_stmt 0 view .LVU216
 742 0000 10B4     		push	{r4}
 743              	.LCFI13:
 744              		.cfi_def_cfa_offset 4
 745              		.cfi_offset 4, -4
 746 0002 83B0     		sub	sp, sp, #12
 747              	.LCFI14:
 748              		.cfi_def_cfa_offset 16
 877:Drivers/STM32H7xx_HAL_Driver/Src/stm32h7xx_hal_dac.c ****   __IO uint32_t tmp = 0UL;
 749              		.loc 1 877 3 is_stmt 1 view .LVU217
ARM GAS  C:\Users\Made\AppData\Local\Temp\ccJ7f769.s 			page 31


 750              		.loc 1 877 17 is_stmt 0 view .LVU218
 751 0004 0024     		movs	r4, #0
 752 0006 0194     		str	r4, [sp, #4]
 878:Drivers/STM32H7xx_HAL_Driver/Src/stm32h7xx_hal_dac.c **** 
 879:Drivers/STM32H7xx_HAL_Driver/Src/stm32h7xx_hal_dac.c ****   /* Check the DAC peripheral handle */
 880:Drivers/STM32H7xx_HAL_Driver/Src/stm32h7xx_hal_dac.c ****   if (hdac == NULL)
 753              		.loc 1 880 3 is_stmt 1 view .LVU219
 754              		.loc 1 880 6 is_stmt 0 view .LVU220
 755 0008 90B1     		cbz	r0, .L70
 881:Drivers/STM32H7xx_HAL_Driver/Src/stm32h7xx_hal_dac.c ****   {
 882:Drivers/STM32H7xx_HAL_Driver/Src/stm32h7xx_hal_dac.c ****     return HAL_ERROR;
 883:Drivers/STM32H7xx_HAL_Driver/Src/stm32h7xx_hal_dac.c ****   }
 884:Drivers/STM32H7xx_HAL_Driver/Src/stm32h7xx_hal_dac.c **** 
 885:Drivers/STM32H7xx_HAL_Driver/Src/stm32h7xx_hal_dac.c ****   /* Check the parameters */
 886:Drivers/STM32H7xx_HAL_Driver/Src/stm32h7xx_hal_dac.c ****   assert_param(IS_DAC_CHANNEL(Channel));
 756              		.loc 1 886 3 is_stmt 1 view .LVU221
 887:Drivers/STM32H7xx_HAL_Driver/Src/stm32h7xx_hal_dac.c ****   assert_param(IS_DAC_ALIGN(Alignment));
 757              		.loc 1 887 3 view .LVU222
 888:Drivers/STM32H7xx_HAL_Driver/Src/stm32h7xx_hal_dac.c ****   assert_param(IS_DAC_DATA(Data));
 758              		.loc 1 888 3 view .LVU223
 889:Drivers/STM32H7xx_HAL_Driver/Src/stm32h7xx_hal_dac.c **** 
 890:Drivers/STM32H7xx_HAL_Driver/Src/stm32h7xx_hal_dac.c ****   tmp = (uint32_t)hdac->Instance;
 759              		.loc 1 890 3 view .LVU224
 760              		.loc 1 890 23 is_stmt 0 view .LVU225
 761 000a 0068     		ldr	r0, [r0]
 762              	.LVL56:
 763              		.loc 1 890 7 view .LVU226
 764 000c 0190     		str	r0, [sp, #4]
 891:Drivers/STM32H7xx_HAL_Driver/Src/stm32h7xx_hal_dac.c ****   if (Channel == DAC_CHANNEL_1)
 765              		.loc 1 891 3 is_stmt 1 view .LVU227
 766              		.loc 1 891 6 is_stmt 0 view .LVU228
 767 000e 51B9     		cbnz	r1, .L68
 892:Drivers/STM32H7xx_HAL_Driver/Src/stm32h7xx_hal_dac.c ****   {
 893:Drivers/STM32H7xx_HAL_Driver/Src/stm32h7xx_hal_dac.c ****     tmp += DAC_DHR12R1_ALIGNMENT(Alignment);
 768              		.loc 1 893 5 is_stmt 1 view .LVU229
 769              		.loc 1 893 9 is_stmt 0 view .LVU230
 770 0010 0199     		ldr	r1, [sp, #4]
 771              	.LVL57:
 772              		.loc 1 893 9 view .LVU231
 773 0012 0A44     		add	r2, r2, r1
 774              	.LVL58:
 775              		.loc 1 893 9 view .LVU232
 776 0014 0832     		adds	r2, r2, #8
 777 0016 0192     		str	r2, [sp, #4]
 778              	.L69:
 894:Drivers/STM32H7xx_HAL_Driver/Src/stm32h7xx_hal_dac.c ****   }
 895:Drivers/STM32H7xx_HAL_Driver/Src/stm32h7xx_hal_dac.c **** 
 896:Drivers/STM32H7xx_HAL_Driver/Src/stm32h7xx_hal_dac.c ****   else
 897:Drivers/STM32H7xx_HAL_Driver/Src/stm32h7xx_hal_dac.c ****   {
 898:Drivers/STM32H7xx_HAL_Driver/Src/stm32h7xx_hal_dac.c ****     tmp += DAC_DHR12R2_ALIGNMENT(Alignment);
 899:Drivers/STM32H7xx_HAL_Driver/Src/stm32h7xx_hal_dac.c ****   }
 900:Drivers/STM32H7xx_HAL_Driver/Src/stm32h7xx_hal_dac.c **** 
 901:Drivers/STM32H7xx_HAL_Driver/Src/stm32h7xx_hal_dac.c **** 
 902:Drivers/STM32H7xx_HAL_Driver/Src/stm32h7xx_hal_dac.c ****   /* Set the DAC channel selected data holding register */
 903:Drivers/STM32H7xx_HAL_Driver/Src/stm32h7xx_hal_dac.c ****   *(__IO uint32_t *) tmp = Data;
 779              		.loc 1 903 3 is_stmt 1 view .LVU233
 780              		.loc 1 903 4 is_stmt 0 view .LVU234
ARM GAS  C:\Users\Made\AppData\Local\Temp\ccJ7f769.s 			page 32


 781 0018 019A     		ldr	r2, [sp, #4]
 782              		.loc 1 903 26 view .LVU235
 783 001a 1360     		str	r3, [r2]
 904:Drivers/STM32H7xx_HAL_Driver/Src/stm32h7xx_hal_dac.c **** 
 905:Drivers/STM32H7xx_HAL_Driver/Src/stm32h7xx_hal_dac.c ****   /* Return function status */
 906:Drivers/STM32H7xx_HAL_Driver/Src/stm32h7xx_hal_dac.c ****   return HAL_OK;
 784              		.loc 1 906 3 is_stmt 1 view .LVU236
 785              		.loc 1 906 10 is_stmt 0 view .LVU237
 786 001c 0020     		movs	r0, #0
 787              	.L67:
 907:Drivers/STM32H7xx_HAL_Driver/Src/stm32h7xx_hal_dac.c **** }
 788              		.loc 1 907 1 view .LVU238
 789 001e 03B0     		add	sp, sp, #12
 790              	.LCFI15:
 791              		.cfi_remember_state
 792              		.cfi_def_cfa_offset 4
 793              		@ sp needed
 794 0020 5DF8044B 		ldr	r4, [sp], #4
 795              	.LCFI16:
 796              		.cfi_restore 4
 797              		.cfi_def_cfa_offset 0
 798 0024 7047     		bx	lr
 799              	.LVL59:
 800              	.L68:
 801              	.LCFI17:
 802              		.cfi_restore_state
 898:Drivers/STM32H7xx_HAL_Driver/Src/stm32h7xx_hal_dac.c ****   }
 803              		.loc 1 898 5 is_stmt 1 view .LVU239
 898:Drivers/STM32H7xx_HAL_Driver/Src/stm32h7xx_hal_dac.c ****   }
 804              		.loc 1 898 9 is_stmt 0 view .LVU240
 805 0026 0199     		ldr	r1, [sp, #4]
 806              	.LVL60:
 898:Drivers/STM32H7xx_HAL_Driver/Src/stm32h7xx_hal_dac.c ****   }
 807              		.loc 1 898 9 view .LVU241
 808 0028 0A44     		add	r2, r2, r1
 809              	.LVL61:
 898:Drivers/STM32H7xx_HAL_Driver/Src/stm32h7xx_hal_dac.c ****   }
 810              		.loc 1 898 9 view .LVU242
 811 002a 1432     		adds	r2, r2, #20
 812 002c 0192     		str	r2, [sp, #4]
 813 002e F3E7     		b	.L69
 814              	.LVL62:
 815              	.L70:
 882:Drivers/STM32H7xx_HAL_Driver/Src/stm32h7xx_hal_dac.c ****   }
 816              		.loc 1 882 12 view .LVU243
 817 0030 0120     		movs	r0, #1
 818              	.LVL63:
 882:Drivers/STM32H7xx_HAL_Driver/Src/stm32h7xx_hal_dac.c ****   }
 819              		.loc 1 882 12 view .LVU244
 820 0032 F4E7     		b	.L67
 821              		.cfi_endproc
 822              	.LFE344:
 824              		.section	.text.HAL_DAC_ConvCpltCallbackCh1,"ax",%progbits
 825              		.align	1
 826              		.weak	HAL_DAC_ConvCpltCallbackCh1
 827              		.syntax unified
 828              		.thumb
ARM GAS  C:\Users\Made\AppData\Local\Temp\ccJ7f769.s 			page 33


 829              		.thumb_func
 831              	HAL_DAC_ConvCpltCallbackCh1:
 832              	.LVL64:
 833              	.LFB345:
 908:Drivers/STM32H7xx_HAL_Driver/Src/stm32h7xx_hal_dac.c **** 
 909:Drivers/STM32H7xx_HAL_Driver/Src/stm32h7xx_hal_dac.c **** /**
 910:Drivers/STM32H7xx_HAL_Driver/Src/stm32h7xx_hal_dac.c ****   * @brief  Conversion complete callback in non-blocking mode for Channel1
 911:Drivers/STM32H7xx_HAL_Driver/Src/stm32h7xx_hal_dac.c ****   * @param  hdac pointer to a DAC_HandleTypeDef structure that contains
 912:Drivers/STM32H7xx_HAL_Driver/Src/stm32h7xx_hal_dac.c ****   *         the configuration information for the specified DAC.
 913:Drivers/STM32H7xx_HAL_Driver/Src/stm32h7xx_hal_dac.c ****   * @retval None
 914:Drivers/STM32H7xx_HAL_Driver/Src/stm32h7xx_hal_dac.c ****   */
 915:Drivers/STM32H7xx_HAL_Driver/Src/stm32h7xx_hal_dac.c **** __weak void HAL_DAC_ConvCpltCallbackCh1(DAC_HandleTypeDef *hdac)
 916:Drivers/STM32H7xx_HAL_Driver/Src/stm32h7xx_hal_dac.c **** {
 834              		.loc 1 916 1 is_stmt 1 view -0
 835              		.cfi_startproc
 836              		@ args = 0, pretend = 0, frame = 0
 837              		@ frame_needed = 0, uses_anonymous_args = 0
 838              		@ link register save eliminated.
 917:Drivers/STM32H7xx_HAL_Driver/Src/stm32h7xx_hal_dac.c ****   /* Prevent unused argument(s) compilation warning */
 918:Drivers/STM32H7xx_HAL_Driver/Src/stm32h7xx_hal_dac.c ****   UNUSED(hdac);
 839              		.loc 1 918 3 view .LVU246
 919:Drivers/STM32H7xx_HAL_Driver/Src/stm32h7xx_hal_dac.c **** 
 920:Drivers/STM32H7xx_HAL_Driver/Src/stm32h7xx_hal_dac.c ****   /* NOTE : This function should not be modified, when the callback is needed,
 921:Drivers/STM32H7xx_HAL_Driver/Src/stm32h7xx_hal_dac.c ****             the HAL_DAC_ConvCpltCallbackCh1 could be implemented in the user file
 922:Drivers/STM32H7xx_HAL_Driver/Src/stm32h7xx_hal_dac.c ****    */
 923:Drivers/STM32H7xx_HAL_Driver/Src/stm32h7xx_hal_dac.c **** }
 840              		.loc 1 923 1 is_stmt 0 view .LVU247
 841 0000 7047     		bx	lr
 842              		.cfi_endproc
 843              	.LFE345:
 845              		.section	.text.DAC_DMAConvCpltCh1,"ax",%progbits
 846              		.align	1
 847              		.global	DAC_DMAConvCpltCh1
 848              		.syntax unified
 849              		.thumb
 850              		.thumb_func
 852              	DAC_DMAConvCpltCh1:
 853              	.LVL65:
 854              	.LFB353:
 924:Drivers/STM32H7xx_HAL_Driver/Src/stm32h7xx_hal_dac.c **** 
 925:Drivers/STM32H7xx_HAL_Driver/Src/stm32h7xx_hal_dac.c **** /**
 926:Drivers/STM32H7xx_HAL_Driver/Src/stm32h7xx_hal_dac.c ****   * @brief  Conversion half DMA transfer callback in non-blocking mode for Channel1
 927:Drivers/STM32H7xx_HAL_Driver/Src/stm32h7xx_hal_dac.c ****   * @param  hdac pointer to a DAC_HandleTypeDef structure that contains
 928:Drivers/STM32H7xx_HAL_Driver/Src/stm32h7xx_hal_dac.c ****   *         the configuration information for the specified DAC.
 929:Drivers/STM32H7xx_HAL_Driver/Src/stm32h7xx_hal_dac.c ****   * @retval None
 930:Drivers/STM32H7xx_HAL_Driver/Src/stm32h7xx_hal_dac.c ****   */
 931:Drivers/STM32H7xx_HAL_Driver/Src/stm32h7xx_hal_dac.c **** __weak void HAL_DAC_ConvHalfCpltCallbackCh1(DAC_HandleTypeDef *hdac)
 932:Drivers/STM32H7xx_HAL_Driver/Src/stm32h7xx_hal_dac.c **** {
 933:Drivers/STM32H7xx_HAL_Driver/Src/stm32h7xx_hal_dac.c ****   /* Prevent unused argument(s) compilation warning */
 934:Drivers/STM32H7xx_HAL_Driver/Src/stm32h7xx_hal_dac.c ****   UNUSED(hdac);
 935:Drivers/STM32H7xx_HAL_Driver/Src/stm32h7xx_hal_dac.c **** 
 936:Drivers/STM32H7xx_HAL_Driver/Src/stm32h7xx_hal_dac.c ****   /* NOTE : This function should not be modified, when the callback is needed,
 937:Drivers/STM32H7xx_HAL_Driver/Src/stm32h7xx_hal_dac.c ****             the HAL_DAC_ConvHalfCpltCallbackCh1 could be implemented in the user file
 938:Drivers/STM32H7xx_HAL_Driver/Src/stm32h7xx_hal_dac.c ****    */
 939:Drivers/STM32H7xx_HAL_Driver/Src/stm32h7xx_hal_dac.c **** }
 940:Drivers/STM32H7xx_HAL_Driver/Src/stm32h7xx_hal_dac.c **** 
 941:Drivers/STM32H7xx_HAL_Driver/Src/stm32h7xx_hal_dac.c **** /**
ARM GAS  C:\Users\Made\AppData\Local\Temp\ccJ7f769.s 			page 34


 942:Drivers/STM32H7xx_HAL_Driver/Src/stm32h7xx_hal_dac.c ****   * @brief  Error DAC callback for Channel1.
 943:Drivers/STM32H7xx_HAL_Driver/Src/stm32h7xx_hal_dac.c ****   * @param  hdac pointer to a DAC_HandleTypeDef structure that contains
 944:Drivers/STM32H7xx_HAL_Driver/Src/stm32h7xx_hal_dac.c ****   *         the configuration information for the specified DAC.
 945:Drivers/STM32H7xx_HAL_Driver/Src/stm32h7xx_hal_dac.c ****   * @retval None
 946:Drivers/STM32H7xx_HAL_Driver/Src/stm32h7xx_hal_dac.c ****   */
 947:Drivers/STM32H7xx_HAL_Driver/Src/stm32h7xx_hal_dac.c **** __weak void HAL_DAC_ErrorCallbackCh1(DAC_HandleTypeDef *hdac)
 948:Drivers/STM32H7xx_HAL_Driver/Src/stm32h7xx_hal_dac.c **** {
 949:Drivers/STM32H7xx_HAL_Driver/Src/stm32h7xx_hal_dac.c ****   /* Prevent unused argument(s) compilation warning */
 950:Drivers/STM32H7xx_HAL_Driver/Src/stm32h7xx_hal_dac.c ****   UNUSED(hdac);
 951:Drivers/STM32H7xx_HAL_Driver/Src/stm32h7xx_hal_dac.c **** 
 952:Drivers/STM32H7xx_HAL_Driver/Src/stm32h7xx_hal_dac.c ****   /* NOTE : This function should not be modified, when the callback is needed,
 953:Drivers/STM32H7xx_HAL_Driver/Src/stm32h7xx_hal_dac.c ****             the HAL_DAC_ErrorCallbackCh1 could be implemented in the user file
 954:Drivers/STM32H7xx_HAL_Driver/Src/stm32h7xx_hal_dac.c ****    */
 955:Drivers/STM32H7xx_HAL_Driver/Src/stm32h7xx_hal_dac.c **** }
 956:Drivers/STM32H7xx_HAL_Driver/Src/stm32h7xx_hal_dac.c **** 
 957:Drivers/STM32H7xx_HAL_Driver/Src/stm32h7xx_hal_dac.c **** /**
 958:Drivers/STM32H7xx_HAL_Driver/Src/stm32h7xx_hal_dac.c ****   * @brief  DMA underrun DAC callback for channel1.
 959:Drivers/STM32H7xx_HAL_Driver/Src/stm32h7xx_hal_dac.c ****   * @param  hdac pointer to a DAC_HandleTypeDef structure that contains
 960:Drivers/STM32H7xx_HAL_Driver/Src/stm32h7xx_hal_dac.c ****   *         the configuration information for the specified DAC.
 961:Drivers/STM32H7xx_HAL_Driver/Src/stm32h7xx_hal_dac.c ****   * @retval None
 962:Drivers/STM32H7xx_HAL_Driver/Src/stm32h7xx_hal_dac.c ****   */
 963:Drivers/STM32H7xx_HAL_Driver/Src/stm32h7xx_hal_dac.c **** __weak void HAL_DAC_DMAUnderrunCallbackCh1(DAC_HandleTypeDef *hdac)
 964:Drivers/STM32H7xx_HAL_Driver/Src/stm32h7xx_hal_dac.c **** {
 965:Drivers/STM32H7xx_HAL_Driver/Src/stm32h7xx_hal_dac.c ****   /* Prevent unused argument(s) compilation warning */
 966:Drivers/STM32H7xx_HAL_Driver/Src/stm32h7xx_hal_dac.c ****   UNUSED(hdac);
 967:Drivers/STM32H7xx_HAL_Driver/Src/stm32h7xx_hal_dac.c **** 
 968:Drivers/STM32H7xx_HAL_Driver/Src/stm32h7xx_hal_dac.c ****   /* NOTE : This function should not be modified, when the callback is needed,
 969:Drivers/STM32H7xx_HAL_Driver/Src/stm32h7xx_hal_dac.c ****             the HAL_DAC_DMAUnderrunCallbackCh1 could be implemented in the user file
 970:Drivers/STM32H7xx_HAL_Driver/Src/stm32h7xx_hal_dac.c ****    */
 971:Drivers/STM32H7xx_HAL_Driver/Src/stm32h7xx_hal_dac.c **** }
 972:Drivers/STM32H7xx_HAL_Driver/Src/stm32h7xx_hal_dac.c **** 
 973:Drivers/STM32H7xx_HAL_Driver/Src/stm32h7xx_hal_dac.c **** /**
 974:Drivers/STM32H7xx_HAL_Driver/Src/stm32h7xx_hal_dac.c ****   * @}
 975:Drivers/STM32H7xx_HAL_Driver/Src/stm32h7xx_hal_dac.c ****   */
 976:Drivers/STM32H7xx_HAL_Driver/Src/stm32h7xx_hal_dac.c **** 
 977:Drivers/STM32H7xx_HAL_Driver/Src/stm32h7xx_hal_dac.c **** /** @defgroup DAC_Exported_Functions_Group3 Peripheral Control functions
 978:Drivers/STM32H7xx_HAL_Driver/Src/stm32h7xx_hal_dac.c ****   *  @brief    Peripheral Control functions
 979:Drivers/STM32H7xx_HAL_Driver/Src/stm32h7xx_hal_dac.c ****   *
 980:Drivers/STM32H7xx_HAL_Driver/Src/stm32h7xx_hal_dac.c **** @verbatim
 981:Drivers/STM32H7xx_HAL_Driver/Src/stm32h7xx_hal_dac.c ****   ==============================================================================
 982:Drivers/STM32H7xx_HAL_Driver/Src/stm32h7xx_hal_dac.c ****              ##### Peripheral Control functions #####
 983:Drivers/STM32H7xx_HAL_Driver/Src/stm32h7xx_hal_dac.c ****   ==============================================================================
 984:Drivers/STM32H7xx_HAL_Driver/Src/stm32h7xx_hal_dac.c ****     [..]  This section provides functions allowing to:
 985:Drivers/STM32H7xx_HAL_Driver/Src/stm32h7xx_hal_dac.c ****       (+) Configure channels.
 986:Drivers/STM32H7xx_HAL_Driver/Src/stm32h7xx_hal_dac.c ****       (+) Set the specified data holding register value for DAC channel.
 987:Drivers/STM32H7xx_HAL_Driver/Src/stm32h7xx_hal_dac.c **** 
 988:Drivers/STM32H7xx_HAL_Driver/Src/stm32h7xx_hal_dac.c **** @endverbatim
 989:Drivers/STM32H7xx_HAL_Driver/Src/stm32h7xx_hal_dac.c ****   * @{
 990:Drivers/STM32H7xx_HAL_Driver/Src/stm32h7xx_hal_dac.c ****   */
 991:Drivers/STM32H7xx_HAL_Driver/Src/stm32h7xx_hal_dac.c **** 
 992:Drivers/STM32H7xx_HAL_Driver/Src/stm32h7xx_hal_dac.c **** /**
 993:Drivers/STM32H7xx_HAL_Driver/Src/stm32h7xx_hal_dac.c ****   * @brief  Returns the last data output value of the selected DAC channel.
 994:Drivers/STM32H7xx_HAL_Driver/Src/stm32h7xx_hal_dac.c ****   * @param  hdac pointer to a DAC_HandleTypeDef structure that contains
 995:Drivers/STM32H7xx_HAL_Driver/Src/stm32h7xx_hal_dac.c ****   *         the configuration information for the specified DAC.
 996:Drivers/STM32H7xx_HAL_Driver/Src/stm32h7xx_hal_dac.c ****   * @param  Channel The selected DAC channel.
 997:Drivers/STM32H7xx_HAL_Driver/Src/stm32h7xx_hal_dac.c ****   *          This parameter can be one of the following values:
 998:Drivers/STM32H7xx_HAL_Driver/Src/stm32h7xx_hal_dac.c ****   *            @arg DAC_CHANNEL_1: DAC Channel1 selected
ARM GAS  C:\Users\Made\AppData\Local\Temp\ccJ7f769.s 			page 35


 999:Drivers/STM32H7xx_HAL_Driver/Src/stm32h7xx_hal_dac.c ****   *            @arg DAC_CHANNEL_2: DAC Channel2 selected
1000:Drivers/STM32H7xx_HAL_Driver/Src/stm32h7xx_hal_dac.c ****   * @retval The selected DAC channel data output value.
1001:Drivers/STM32H7xx_HAL_Driver/Src/stm32h7xx_hal_dac.c ****   */
1002:Drivers/STM32H7xx_HAL_Driver/Src/stm32h7xx_hal_dac.c **** uint32_t HAL_DAC_GetValue(const DAC_HandleTypeDef *hdac, uint32_t Channel)
1003:Drivers/STM32H7xx_HAL_Driver/Src/stm32h7xx_hal_dac.c **** {
1004:Drivers/STM32H7xx_HAL_Driver/Src/stm32h7xx_hal_dac.c ****   uint32_t result;
1005:Drivers/STM32H7xx_HAL_Driver/Src/stm32h7xx_hal_dac.c **** 
1006:Drivers/STM32H7xx_HAL_Driver/Src/stm32h7xx_hal_dac.c ****   /* Check the DAC peripheral handle */
1007:Drivers/STM32H7xx_HAL_Driver/Src/stm32h7xx_hal_dac.c ****   assert_param(hdac != NULL);
1008:Drivers/STM32H7xx_HAL_Driver/Src/stm32h7xx_hal_dac.c **** 
1009:Drivers/STM32H7xx_HAL_Driver/Src/stm32h7xx_hal_dac.c ****   /* Check the parameters */
1010:Drivers/STM32H7xx_HAL_Driver/Src/stm32h7xx_hal_dac.c ****   assert_param(IS_DAC_CHANNEL(Channel));
1011:Drivers/STM32H7xx_HAL_Driver/Src/stm32h7xx_hal_dac.c **** 
1012:Drivers/STM32H7xx_HAL_Driver/Src/stm32h7xx_hal_dac.c ****   if (Channel == DAC_CHANNEL_1)
1013:Drivers/STM32H7xx_HAL_Driver/Src/stm32h7xx_hal_dac.c ****   {
1014:Drivers/STM32H7xx_HAL_Driver/Src/stm32h7xx_hal_dac.c ****     result = hdac->Instance->DOR1;
1015:Drivers/STM32H7xx_HAL_Driver/Src/stm32h7xx_hal_dac.c ****   }
1016:Drivers/STM32H7xx_HAL_Driver/Src/stm32h7xx_hal_dac.c **** 
1017:Drivers/STM32H7xx_HAL_Driver/Src/stm32h7xx_hal_dac.c ****   else
1018:Drivers/STM32H7xx_HAL_Driver/Src/stm32h7xx_hal_dac.c ****   {
1019:Drivers/STM32H7xx_HAL_Driver/Src/stm32h7xx_hal_dac.c ****     result = hdac->Instance->DOR2;
1020:Drivers/STM32H7xx_HAL_Driver/Src/stm32h7xx_hal_dac.c ****   }
1021:Drivers/STM32H7xx_HAL_Driver/Src/stm32h7xx_hal_dac.c **** 
1022:Drivers/STM32H7xx_HAL_Driver/Src/stm32h7xx_hal_dac.c ****   /* Returns the DAC channel data output register value */
1023:Drivers/STM32H7xx_HAL_Driver/Src/stm32h7xx_hal_dac.c ****   return result;
1024:Drivers/STM32H7xx_HAL_Driver/Src/stm32h7xx_hal_dac.c **** }
1025:Drivers/STM32H7xx_HAL_Driver/Src/stm32h7xx_hal_dac.c **** 
1026:Drivers/STM32H7xx_HAL_Driver/Src/stm32h7xx_hal_dac.c **** /**
1027:Drivers/STM32H7xx_HAL_Driver/Src/stm32h7xx_hal_dac.c ****   * @brief  Configures the selected DAC channel.
1028:Drivers/STM32H7xx_HAL_Driver/Src/stm32h7xx_hal_dac.c ****   * @param  hdac pointer to a DAC_HandleTypeDef structure that contains
1029:Drivers/STM32H7xx_HAL_Driver/Src/stm32h7xx_hal_dac.c ****   *         the configuration information for the specified DAC.
1030:Drivers/STM32H7xx_HAL_Driver/Src/stm32h7xx_hal_dac.c ****   * @param  sConfig DAC configuration structure.
1031:Drivers/STM32H7xx_HAL_Driver/Src/stm32h7xx_hal_dac.c ****   * @param  Channel The selected DAC channel.
1032:Drivers/STM32H7xx_HAL_Driver/Src/stm32h7xx_hal_dac.c ****   *          This parameter can be one of the following values:
1033:Drivers/STM32H7xx_HAL_Driver/Src/stm32h7xx_hal_dac.c ****   *            @arg DAC_CHANNEL_1: DAC Channel1 selected
1034:Drivers/STM32H7xx_HAL_Driver/Src/stm32h7xx_hal_dac.c ****   *            @arg DAC_CHANNEL_2: DAC Channel2 selected
1035:Drivers/STM32H7xx_HAL_Driver/Src/stm32h7xx_hal_dac.c ****   * @retval HAL status
1036:Drivers/STM32H7xx_HAL_Driver/Src/stm32h7xx_hal_dac.c ****   */
1037:Drivers/STM32H7xx_HAL_Driver/Src/stm32h7xx_hal_dac.c **** HAL_StatusTypeDef HAL_DAC_ConfigChannel(DAC_HandleTypeDef *hdac,
1038:Drivers/STM32H7xx_HAL_Driver/Src/stm32h7xx_hal_dac.c ****                                         const DAC_ChannelConfTypeDef *sConfig, uint32_t Channel)
1039:Drivers/STM32H7xx_HAL_Driver/Src/stm32h7xx_hal_dac.c **** {
1040:Drivers/STM32H7xx_HAL_Driver/Src/stm32h7xx_hal_dac.c ****   HAL_StatusTypeDef status = HAL_OK;
1041:Drivers/STM32H7xx_HAL_Driver/Src/stm32h7xx_hal_dac.c ****   uint32_t tmpreg1;
1042:Drivers/STM32H7xx_HAL_Driver/Src/stm32h7xx_hal_dac.c ****   uint32_t tmpreg2;
1043:Drivers/STM32H7xx_HAL_Driver/Src/stm32h7xx_hal_dac.c ****   uint32_t tickstart;
1044:Drivers/STM32H7xx_HAL_Driver/Src/stm32h7xx_hal_dac.c ****   uint32_t connectOnChip;
1045:Drivers/STM32H7xx_HAL_Driver/Src/stm32h7xx_hal_dac.c **** 
1046:Drivers/STM32H7xx_HAL_Driver/Src/stm32h7xx_hal_dac.c ****   /* Check the DAC peripheral handle and channel configuration struct */
1047:Drivers/STM32H7xx_HAL_Driver/Src/stm32h7xx_hal_dac.c ****   if ((hdac == NULL) || (sConfig == NULL))
1048:Drivers/STM32H7xx_HAL_Driver/Src/stm32h7xx_hal_dac.c ****   {
1049:Drivers/STM32H7xx_HAL_Driver/Src/stm32h7xx_hal_dac.c ****     return HAL_ERROR;
1050:Drivers/STM32H7xx_HAL_Driver/Src/stm32h7xx_hal_dac.c ****   }
1051:Drivers/STM32H7xx_HAL_Driver/Src/stm32h7xx_hal_dac.c **** 
1052:Drivers/STM32H7xx_HAL_Driver/Src/stm32h7xx_hal_dac.c ****   /* Check the DAC parameters */
1053:Drivers/STM32H7xx_HAL_Driver/Src/stm32h7xx_hal_dac.c ****   assert_param(IS_DAC_TRIGGER(sConfig->DAC_Trigger));
1054:Drivers/STM32H7xx_HAL_Driver/Src/stm32h7xx_hal_dac.c ****   assert_param(IS_DAC_OUTPUT_BUFFER_STATE(sConfig->DAC_OutputBuffer));
1055:Drivers/STM32H7xx_HAL_Driver/Src/stm32h7xx_hal_dac.c ****   assert_param(IS_DAC_CHIP_CONNECTION(sConfig->DAC_ConnectOnChipPeripheral));
ARM GAS  C:\Users\Made\AppData\Local\Temp\ccJ7f769.s 			page 36


1056:Drivers/STM32H7xx_HAL_Driver/Src/stm32h7xx_hal_dac.c ****   assert_param(IS_DAC_TRIMMING(sConfig->DAC_UserTrimming));
1057:Drivers/STM32H7xx_HAL_Driver/Src/stm32h7xx_hal_dac.c ****   if ((sConfig->DAC_UserTrimming) == DAC_TRIMMING_USER)
1058:Drivers/STM32H7xx_HAL_Driver/Src/stm32h7xx_hal_dac.c ****   {
1059:Drivers/STM32H7xx_HAL_Driver/Src/stm32h7xx_hal_dac.c ****     assert_param(IS_DAC_TRIMMINGVALUE(sConfig->DAC_TrimmingValue));
1060:Drivers/STM32H7xx_HAL_Driver/Src/stm32h7xx_hal_dac.c ****   }
1061:Drivers/STM32H7xx_HAL_Driver/Src/stm32h7xx_hal_dac.c ****   assert_param(IS_DAC_SAMPLEANDHOLD(sConfig->DAC_SampleAndHold));
1062:Drivers/STM32H7xx_HAL_Driver/Src/stm32h7xx_hal_dac.c ****   if ((sConfig->DAC_SampleAndHold) == DAC_SAMPLEANDHOLD_ENABLE)
1063:Drivers/STM32H7xx_HAL_Driver/Src/stm32h7xx_hal_dac.c ****   {
1064:Drivers/STM32H7xx_HAL_Driver/Src/stm32h7xx_hal_dac.c ****     assert_param(IS_DAC_SAMPLETIME(sConfig->DAC_SampleAndHoldConfig.DAC_SampleTime));
1065:Drivers/STM32H7xx_HAL_Driver/Src/stm32h7xx_hal_dac.c ****     assert_param(IS_DAC_HOLDTIME(sConfig->DAC_SampleAndHoldConfig.DAC_HoldTime));
1066:Drivers/STM32H7xx_HAL_Driver/Src/stm32h7xx_hal_dac.c ****     assert_param(IS_DAC_REFRESHTIME(sConfig->DAC_SampleAndHoldConfig.DAC_RefreshTime));
1067:Drivers/STM32H7xx_HAL_Driver/Src/stm32h7xx_hal_dac.c ****   }
1068:Drivers/STM32H7xx_HAL_Driver/Src/stm32h7xx_hal_dac.c ****   else
1069:Drivers/STM32H7xx_HAL_Driver/Src/stm32h7xx_hal_dac.c ****   {
1070:Drivers/STM32H7xx_HAL_Driver/Src/stm32h7xx_hal_dac.c ****     /* In case of mode normal and buffer disabled, connection to both on chip periph and external p
1071:Drivers/STM32H7xx_HAL_Driver/Src/stm32h7xx_hal_dac.c ****     if (sConfig->DAC_OutputBuffer == DAC_OUTPUTBUFFER_DISABLE)
1072:Drivers/STM32H7xx_HAL_Driver/Src/stm32h7xx_hal_dac.c ****     {
1073:Drivers/STM32H7xx_HAL_Driver/Src/stm32h7xx_hal_dac.c ****       assert_param(sConfig->DAC_ConnectOnChipPeripheral != DAC_CHIPCONNECT_BOTH);
1074:Drivers/STM32H7xx_HAL_Driver/Src/stm32h7xx_hal_dac.c ****     }
1075:Drivers/STM32H7xx_HAL_Driver/Src/stm32h7xx_hal_dac.c ****   }
1076:Drivers/STM32H7xx_HAL_Driver/Src/stm32h7xx_hal_dac.c ****   assert_param(IS_DAC_CHANNEL(Channel));
1077:Drivers/STM32H7xx_HAL_Driver/Src/stm32h7xx_hal_dac.c **** 
1078:Drivers/STM32H7xx_HAL_Driver/Src/stm32h7xx_hal_dac.c ****   /* Process locked */
1079:Drivers/STM32H7xx_HAL_Driver/Src/stm32h7xx_hal_dac.c ****   __HAL_LOCK(hdac);
1080:Drivers/STM32H7xx_HAL_Driver/Src/stm32h7xx_hal_dac.c **** 
1081:Drivers/STM32H7xx_HAL_Driver/Src/stm32h7xx_hal_dac.c ****   /* Change DAC state */
1082:Drivers/STM32H7xx_HAL_Driver/Src/stm32h7xx_hal_dac.c ****   hdac->State = HAL_DAC_STATE_BUSY;
1083:Drivers/STM32H7xx_HAL_Driver/Src/stm32h7xx_hal_dac.c **** 
1084:Drivers/STM32H7xx_HAL_Driver/Src/stm32h7xx_hal_dac.c ****   /* Sample and hold configuration */
1085:Drivers/STM32H7xx_HAL_Driver/Src/stm32h7xx_hal_dac.c ****   if (sConfig->DAC_SampleAndHold == DAC_SAMPLEANDHOLD_ENABLE)
1086:Drivers/STM32H7xx_HAL_Driver/Src/stm32h7xx_hal_dac.c ****   {
1087:Drivers/STM32H7xx_HAL_Driver/Src/stm32h7xx_hal_dac.c ****     /* Get timeout */
1088:Drivers/STM32H7xx_HAL_Driver/Src/stm32h7xx_hal_dac.c ****     tickstart = HAL_GetTick();
1089:Drivers/STM32H7xx_HAL_Driver/Src/stm32h7xx_hal_dac.c **** 
1090:Drivers/STM32H7xx_HAL_Driver/Src/stm32h7xx_hal_dac.c ****     if (Channel == DAC_CHANNEL_1)
1091:Drivers/STM32H7xx_HAL_Driver/Src/stm32h7xx_hal_dac.c ****     {
1092:Drivers/STM32H7xx_HAL_Driver/Src/stm32h7xx_hal_dac.c ****       /* SHSR1 can be written when BWST1 is cleared */
1093:Drivers/STM32H7xx_HAL_Driver/Src/stm32h7xx_hal_dac.c ****       while (((hdac->Instance->SR) & DAC_SR_BWST1) != 0UL)
1094:Drivers/STM32H7xx_HAL_Driver/Src/stm32h7xx_hal_dac.c ****       {
1095:Drivers/STM32H7xx_HAL_Driver/Src/stm32h7xx_hal_dac.c ****         /* Check for the Timeout */
1096:Drivers/STM32H7xx_HAL_Driver/Src/stm32h7xx_hal_dac.c ****         if ((HAL_GetTick() - tickstart) > TIMEOUT_DAC_CALIBCONFIG)
1097:Drivers/STM32H7xx_HAL_Driver/Src/stm32h7xx_hal_dac.c ****         {
1098:Drivers/STM32H7xx_HAL_Driver/Src/stm32h7xx_hal_dac.c ****           /* New check to avoid false timeout detection in case of preemption */
1099:Drivers/STM32H7xx_HAL_Driver/Src/stm32h7xx_hal_dac.c ****           if (((hdac->Instance->SR) & DAC_SR_BWST1) != 0UL)
1100:Drivers/STM32H7xx_HAL_Driver/Src/stm32h7xx_hal_dac.c ****           {
1101:Drivers/STM32H7xx_HAL_Driver/Src/stm32h7xx_hal_dac.c ****             /* Update error code */
1102:Drivers/STM32H7xx_HAL_Driver/Src/stm32h7xx_hal_dac.c ****             SET_BIT(hdac->ErrorCode, HAL_DAC_ERROR_TIMEOUT);
1103:Drivers/STM32H7xx_HAL_Driver/Src/stm32h7xx_hal_dac.c **** 
1104:Drivers/STM32H7xx_HAL_Driver/Src/stm32h7xx_hal_dac.c ****             /* Change the DMA state */
1105:Drivers/STM32H7xx_HAL_Driver/Src/stm32h7xx_hal_dac.c ****             hdac->State = HAL_DAC_STATE_TIMEOUT;
1106:Drivers/STM32H7xx_HAL_Driver/Src/stm32h7xx_hal_dac.c **** 
1107:Drivers/STM32H7xx_HAL_Driver/Src/stm32h7xx_hal_dac.c ****             return HAL_TIMEOUT;
1108:Drivers/STM32H7xx_HAL_Driver/Src/stm32h7xx_hal_dac.c ****           }
1109:Drivers/STM32H7xx_HAL_Driver/Src/stm32h7xx_hal_dac.c ****         }
1110:Drivers/STM32H7xx_HAL_Driver/Src/stm32h7xx_hal_dac.c ****       }
1111:Drivers/STM32H7xx_HAL_Driver/Src/stm32h7xx_hal_dac.c ****       hdac->Instance->SHSR1 = sConfig->DAC_SampleAndHoldConfig.DAC_SampleTime;
1112:Drivers/STM32H7xx_HAL_Driver/Src/stm32h7xx_hal_dac.c ****     }
ARM GAS  C:\Users\Made\AppData\Local\Temp\ccJ7f769.s 			page 37


1113:Drivers/STM32H7xx_HAL_Driver/Src/stm32h7xx_hal_dac.c **** 
1114:Drivers/STM32H7xx_HAL_Driver/Src/stm32h7xx_hal_dac.c ****     else /* Channel 2 */
1115:Drivers/STM32H7xx_HAL_Driver/Src/stm32h7xx_hal_dac.c ****     {
1116:Drivers/STM32H7xx_HAL_Driver/Src/stm32h7xx_hal_dac.c ****       /* SHSR2 can be written when BWST2 is cleared */
1117:Drivers/STM32H7xx_HAL_Driver/Src/stm32h7xx_hal_dac.c ****       while (((hdac->Instance->SR) & DAC_SR_BWST2) != 0UL)
1118:Drivers/STM32H7xx_HAL_Driver/Src/stm32h7xx_hal_dac.c ****       {
1119:Drivers/STM32H7xx_HAL_Driver/Src/stm32h7xx_hal_dac.c ****         /* Check for the Timeout */
1120:Drivers/STM32H7xx_HAL_Driver/Src/stm32h7xx_hal_dac.c ****         if ((HAL_GetTick() - tickstart) > TIMEOUT_DAC_CALIBCONFIG)
1121:Drivers/STM32H7xx_HAL_Driver/Src/stm32h7xx_hal_dac.c ****         {
1122:Drivers/STM32H7xx_HAL_Driver/Src/stm32h7xx_hal_dac.c ****           /* New check to avoid false timeout detection in case of preemption */
1123:Drivers/STM32H7xx_HAL_Driver/Src/stm32h7xx_hal_dac.c ****           if (((hdac->Instance->SR) & DAC_SR_BWST2) != 0UL)
1124:Drivers/STM32H7xx_HAL_Driver/Src/stm32h7xx_hal_dac.c ****           {
1125:Drivers/STM32H7xx_HAL_Driver/Src/stm32h7xx_hal_dac.c ****             /* Update error code */
1126:Drivers/STM32H7xx_HAL_Driver/Src/stm32h7xx_hal_dac.c ****             SET_BIT(hdac->ErrorCode, HAL_DAC_ERROR_TIMEOUT);
1127:Drivers/STM32H7xx_HAL_Driver/Src/stm32h7xx_hal_dac.c **** 
1128:Drivers/STM32H7xx_HAL_Driver/Src/stm32h7xx_hal_dac.c ****             /* Change the DMA state */
1129:Drivers/STM32H7xx_HAL_Driver/Src/stm32h7xx_hal_dac.c ****             hdac->State = HAL_DAC_STATE_TIMEOUT;
1130:Drivers/STM32H7xx_HAL_Driver/Src/stm32h7xx_hal_dac.c **** 
1131:Drivers/STM32H7xx_HAL_Driver/Src/stm32h7xx_hal_dac.c ****             return HAL_TIMEOUT;
1132:Drivers/STM32H7xx_HAL_Driver/Src/stm32h7xx_hal_dac.c ****           }
1133:Drivers/STM32H7xx_HAL_Driver/Src/stm32h7xx_hal_dac.c ****         }
1134:Drivers/STM32H7xx_HAL_Driver/Src/stm32h7xx_hal_dac.c ****       }
1135:Drivers/STM32H7xx_HAL_Driver/Src/stm32h7xx_hal_dac.c ****       hdac->Instance->SHSR2 = sConfig->DAC_SampleAndHoldConfig.DAC_SampleTime;
1136:Drivers/STM32H7xx_HAL_Driver/Src/stm32h7xx_hal_dac.c ****     }
1137:Drivers/STM32H7xx_HAL_Driver/Src/stm32h7xx_hal_dac.c **** 
1138:Drivers/STM32H7xx_HAL_Driver/Src/stm32h7xx_hal_dac.c **** 
1139:Drivers/STM32H7xx_HAL_Driver/Src/stm32h7xx_hal_dac.c ****     /* HoldTime */
1140:Drivers/STM32H7xx_HAL_Driver/Src/stm32h7xx_hal_dac.c ****     MODIFY_REG(hdac->Instance->SHHR, DAC_SHHR_THOLD1 << (Channel & 0x10UL),
1141:Drivers/STM32H7xx_HAL_Driver/Src/stm32h7xx_hal_dac.c ****                (sConfig->DAC_SampleAndHoldConfig.DAC_HoldTime) << (Channel & 0x10UL));
1142:Drivers/STM32H7xx_HAL_Driver/Src/stm32h7xx_hal_dac.c ****     /* RefreshTime */
1143:Drivers/STM32H7xx_HAL_Driver/Src/stm32h7xx_hal_dac.c ****     MODIFY_REG(hdac->Instance->SHRR, DAC_SHRR_TREFRESH1 << (Channel & 0x10UL),
1144:Drivers/STM32H7xx_HAL_Driver/Src/stm32h7xx_hal_dac.c ****                (sConfig->DAC_SampleAndHoldConfig.DAC_RefreshTime) << (Channel & 0x10UL));
1145:Drivers/STM32H7xx_HAL_Driver/Src/stm32h7xx_hal_dac.c ****   }
1146:Drivers/STM32H7xx_HAL_Driver/Src/stm32h7xx_hal_dac.c **** 
1147:Drivers/STM32H7xx_HAL_Driver/Src/stm32h7xx_hal_dac.c ****   if (sConfig->DAC_UserTrimming == DAC_TRIMMING_USER)
1148:Drivers/STM32H7xx_HAL_Driver/Src/stm32h7xx_hal_dac.c ****     /* USER TRIMMING */
1149:Drivers/STM32H7xx_HAL_Driver/Src/stm32h7xx_hal_dac.c ****   {
1150:Drivers/STM32H7xx_HAL_Driver/Src/stm32h7xx_hal_dac.c ****     /* Get the DAC CCR value */
1151:Drivers/STM32H7xx_HAL_Driver/Src/stm32h7xx_hal_dac.c ****     tmpreg1 = hdac->Instance->CCR;
1152:Drivers/STM32H7xx_HAL_Driver/Src/stm32h7xx_hal_dac.c ****     /* Clear trimming value */
1153:Drivers/STM32H7xx_HAL_Driver/Src/stm32h7xx_hal_dac.c ****     tmpreg1 &= ~(((uint32_t)(DAC_CCR_OTRIM1)) << (Channel & 0x10UL));
1154:Drivers/STM32H7xx_HAL_Driver/Src/stm32h7xx_hal_dac.c ****     /* Configure for the selected trimming offset */
1155:Drivers/STM32H7xx_HAL_Driver/Src/stm32h7xx_hal_dac.c ****     tmpreg2 = sConfig->DAC_TrimmingValue;
1156:Drivers/STM32H7xx_HAL_Driver/Src/stm32h7xx_hal_dac.c ****     /* Calculate CCR register value depending on DAC_Channel */
1157:Drivers/STM32H7xx_HAL_Driver/Src/stm32h7xx_hal_dac.c ****     tmpreg1 |= tmpreg2 << (Channel & 0x10UL);
1158:Drivers/STM32H7xx_HAL_Driver/Src/stm32h7xx_hal_dac.c ****     /* Write to DAC CCR */
1159:Drivers/STM32H7xx_HAL_Driver/Src/stm32h7xx_hal_dac.c ****     hdac->Instance->CCR = tmpreg1;
1160:Drivers/STM32H7xx_HAL_Driver/Src/stm32h7xx_hal_dac.c ****   }
1161:Drivers/STM32H7xx_HAL_Driver/Src/stm32h7xx_hal_dac.c ****   /* else factory trimming is used (factory setting are available at reset)*/
1162:Drivers/STM32H7xx_HAL_Driver/Src/stm32h7xx_hal_dac.c ****   /* SW Nothing has nothing to do */
1163:Drivers/STM32H7xx_HAL_Driver/Src/stm32h7xx_hal_dac.c **** 
1164:Drivers/STM32H7xx_HAL_Driver/Src/stm32h7xx_hal_dac.c ****   /* Get the DAC MCR value */
1165:Drivers/STM32H7xx_HAL_Driver/Src/stm32h7xx_hal_dac.c ****   tmpreg1 = hdac->Instance->MCR;
1166:Drivers/STM32H7xx_HAL_Driver/Src/stm32h7xx_hal_dac.c ****   /* Clear DAC_MCR_MODEx bits */
1167:Drivers/STM32H7xx_HAL_Driver/Src/stm32h7xx_hal_dac.c ****   tmpreg1 &= ~(((uint32_t)(DAC_MCR_MODE1)) << (Channel & 0x10UL));
1168:Drivers/STM32H7xx_HAL_Driver/Src/stm32h7xx_hal_dac.c ****   /* Configure for the selected DAC channel: mode, buffer output & on chip peripheral connect */
1169:Drivers/STM32H7xx_HAL_Driver/Src/stm32h7xx_hal_dac.c **** 
ARM GAS  C:\Users\Made\AppData\Local\Temp\ccJ7f769.s 			page 38


1170:Drivers/STM32H7xx_HAL_Driver/Src/stm32h7xx_hal_dac.c **** 
1171:Drivers/STM32H7xx_HAL_Driver/Src/stm32h7xx_hal_dac.c ****   if (sConfig->DAC_ConnectOnChipPeripheral == DAC_CHIPCONNECT_EXTERNAL)
1172:Drivers/STM32H7xx_HAL_Driver/Src/stm32h7xx_hal_dac.c ****   {
1173:Drivers/STM32H7xx_HAL_Driver/Src/stm32h7xx_hal_dac.c ****     connectOnChip = 0x00000000UL;
1174:Drivers/STM32H7xx_HAL_Driver/Src/stm32h7xx_hal_dac.c ****   }
1175:Drivers/STM32H7xx_HAL_Driver/Src/stm32h7xx_hal_dac.c ****   else if (sConfig->DAC_ConnectOnChipPeripheral == DAC_CHIPCONNECT_INTERNAL)
1176:Drivers/STM32H7xx_HAL_Driver/Src/stm32h7xx_hal_dac.c ****   {
1177:Drivers/STM32H7xx_HAL_Driver/Src/stm32h7xx_hal_dac.c ****     connectOnChip = DAC_MCR_MODE1_0;
1178:Drivers/STM32H7xx_HAL_Driver/Src/stm32h7xx_hal_dac.c ****   }
1179:Drivers/STM32H7xx_HAL_Driver/Src/stm32h7xx_hal_dac.c ****   else /* (sConfig->DAC_ConnectOnChipPeripheral == DAC_CHIPCONNECT_BOTH) */
1180:Drivers/STM32H7xx_HAL_Driver/Src/stm32h7xx_hal_dac.c ****   {
1181:Drivers/STM32H7xx_HAL_Driver/Src/stm32h7xx_hal_dac.c ****     if (sConfig->DAC_OutputBuffer == DAC_OUTPUTBUFFER_ENABLE)
1182:Drivers/STM32H7xx_HAL_Driver/Src/stm32h7xx_hal_dac.c ****     {
1183:Drivers/STM32H7xx_HAL_Driver/Src/stm32h7xx_hal_dac.c ****       connectOnChip = DAC_MCR_MODE1_0;
1184:Drivers/STM32H7xx_HAL_Driver/Src/stm32h7xx_hal_dac.c ****     }
1185:Drivers/STM32H7xx_HAL_Driver/Src/stm32h7xx_hal_dac.c ****     else
1186:Drivers/STM32H7xx_HAL_Driver/Src/stm32h7xx_hal_dac.c ****     {
1187:Drivers/STM32H7xx_HAL_Driver/Src/stm32h7xx_hal_dac.c ****       connectOnChip = 0x00000000UL;
1188:Drivers/STM32H7xx_HAL_Driver/Src/stm32h7xx_hal_dac.c ****     }
1189:Drivers/STM32H7xx_HAL_Driver/Src/stm32h7xx_hal_dac.c ****   }
1190:Drivers/STM32H7xx_HAL_Driver/Src/stm32h7xx_hal_dac.c ****   tmpreg2 = (sConfig->DAC_SampleAndHold | sConfig->DAC_OutputBuffer | connectOnChip);
1191:Drivers/STM32H7xx_HAL_Driver/Src/stm32h7xx_hal_dac.c ****   /* Calculate MCR register value depending on DAC_Channel */
1192:Drivers/STM32H7xx_HAL_Driver/Src/stm32h7xx_hal_dac.c ****   tmpreg1 |= tmpreg2 << (Channel & 0x10UL);
1193:Drivers/STM32H7xx_HAL_Driver/Src/stm32h7xx_hal_dac.c ****   /* Write to DAC MCR */
1194:Drivers/STM32H7xx_HAL_Driver/Src/stm32h7xx_hal_dac.c ****   hdac->Instance->MCR = tmpreg1;
1195:Drivers/STM32H7xx_HAL_Driver/Src/stm32h7xx_hal_dac.c **** 
1196:Drivers/STM32H7xx_HAL_Driver/Src/stm32h7xx_hal_dac.c ****   /* DAC in normal operating mode hence clear DAC_CR_CENx bit */
1197:Drivers/STM32H7xx_HAL_Driver/Src/stm32h7xx_hal_dac.c ****   CLEAR_BIT(hdac->Instance->CR, DAC_CR_CEN1 << (Channel & 0x10UL));
1198:Drivers/STM32H7xx_HAL_Driver/Src/stm32h7xx_hal_dac.c **** 
1199:Drivers/STM32H7xx_HAL_Driver/Src/stm32h7xx_hal_dac.c ****   /* Get the DAC CR value */
1200:Drivers/STM32H7xx_HAL_Driver/Src/stm32h7xx_hal_dac.c ****   tmpreg1 = hdac->Instance->CR;
1201:Drivers/STM32H7xx_HAL_Driver/Src/stm32h7xx_hal_dac.c ****   /* Clear TENx, TSELx, WAVEx and MAMPx bits */
1202:Drivers/STM32H7xx_HAL_Driver/Src/stm32h7xx_hal_dac.c ****   tmpreg1 &= ~(((uint32_t)(DAC_CR_MAMP1 | DAC_CR_WAVE1 | DAC_CR_TSEL1 | DAC_CR_TEN1)) << (Channel &
1203:Drivers/STM32H7xx_HAL_Driver/Src/stm32h7xx_hal_dac.c ****   /* Configure for the selected DAC channel: trigger */
1204:Drivers/STM32H7xx_HAL_Driver/Src/stm32h7xx_hal_dac.c ****   /* Set TSELx and TENx bits according to DAC_Trigger value */
1205:Drivers/STM32H7xx_HAL_Driver/Src/stm32h7xx_hal_dac.c ****   tmpreg2 = sConfig->DAC_Trigger;
1206:Drivers/STM32H7xx_HAL_Driver/Src/stm32h7xx_hal_dac.c ****   /* Calculate CR register value depending on DAC_Channel */
1207:Drivers/STM32H7xx_HAL_Driver/Src/stm32h7xx_hal_dac.c ****   tmpreg1 |= tmpreg2 << (Channel & 0x10UL);
1208:Drivers/STM32H7xx_HAL_Driver/Src/stm32h7xx_hal_dac.c ****   /* Write to DAC CR */
1209:Drivers/STM32H7xx_HAL_Driver/Src/stm32h7xx_hal_dac.c ****   hdac->Instance->CR = tmpreg1;
1210:Drivers/STM32H7xx_HAL_Driver/Src/stm32h7xx_hal_dac.c ****   /* Disable wave generation */
1211:Drivers/STM32H7xx_HAL_Driver/Src/stm32h7xx_hal_dac.c ****   CLEAR_BIT(hdac->Instance->CR, (DAC_CR_WAVE1 << (Channel & 0x10UL)));
1212:Drivers/STM32H7xx_HAL_Driver/Src/stm32h7xx_hal_dac.c **** 
1213:Drivers/STM32H7xx_HAL_Driver/Src/stm32h7xx_hal_dac.c ****   /* Change DAC state */
1214:Drivers/STM32H7xx_HAL_Driver/Src/stm32h7xx_hal_dac.c ****   hdac->State = HAL_DAC_STATE_READY;
1215:Drivers/STM32H7xx_HAL_Driver/Src/stm32h7xx_hal_dac.c **** 
1216:Drivers/STM32H7xx_HAL_Driver/Src/stm32h7xx_hal_dac.c ****   /* Process unlocked */
1217:Drivers/STM32H7xx_HAL_Driver/Src/stm32h7xx_hal_dac.c ****   __HAL_UNLOCK(hdac);
1218:Drivers/STM32H7xx_HAL_Driver/Src/stm32h7xx_hal_dac.c **** 
1219:Drivers/STM32H7xx_HAL_Driver/Src/stm32h7xx_hal_dac.c ****   /* Return function status */
1220:Drivers/STM32H7xx_HAL_Driver/Src/stm32h7xx_hal_dac.c ****   return status;
1221:Drivers/STM32H7xx_HAL_Driver/Src/stm32h7xx_hal_dac.c **** }
1222:Drivers/STM32H7xx_HAL_Driver/Src/stm32h7xx_hal_dac.c **** 
1223:Drivers/STM32H7xx_HAL_Driver/Src/stm32h7xx_hal_dac.c **** /**
1224:Drivers/STM32H7xx_HAL_Driver/Src/stm32h7xx_hal_dac.c ****   * @}
1225:Drivers/STM32H7xx_HAL_Driver/Src/stm32h7xx_hal_dac.c ****   */
1226:Drivers/STM32H7xx_HAL_Driver/Src/stm32h7xx_hal_dac.c **** 
ARM GAS  C:\Users\Made\AppData\Local\Temp\ccJ7f769.s 			page 39


1227:Drivers/STM32H7xx_HAL_Driver/Src/stm32h7xx_hal_dac.c **** /** @defgroup DAC_Exported_Functions_Group4 Peripheral State and Errors functions
1228:Drivers/STM32H7xx_HAL_Driver/Src/stm32h7xx_hal_dac.c ****   *  @brief   Peripheral State and Errors functions
1229:Drivers/STM32H7xx_HAL_Driver/Src/stm32h7xx_hal_dac.c ****   *
1230:Drivers/STM32H7xx_HAL_Driver/Src/stm32h7xx_hal_dac.c **** @verbatim
1231:Drivers/STM32H7xx_HAL_Driver/Src/stm32h7xx_hal_dac.c ****   ==============================================================================
1232:Drivers/STM32H7xx_HAL_Driver/Src/stm32h7xx_hal_dac.c ****             ##### Peripheral State and Errors functions #####
1233:Drivers/STM32H7xx_HAL_Driver/Src/stm32h7xx_hal_dac.c ****   ==============================================================================
1234:Drivers/STM32H7xx_HAL_Driver/Src/stm32h7xx_hal_dac.c ****     [..]
1235:Drivers/STM32H7xx_HAL_Driver/Src/stm32h7xx_hal_dac.c ****     This subsection provides functions allowing to
1236:Drivers/STM32H7xx_HAL_Driver/Src/stm32h7xx_hal_dac.c ****       (+) Check the DAC state.
1237:Drivers/STM32H7xx_HAL_Driver/Src/stm32h7xx_hal_dac.c ****       (+) Check the DAC Errors.
1238:Drivers/STM32H7xx_HAL_Driver/Src/stm32h7xx_hal_dac.c **** 
1239:Drivers/STM32H7xx_HAL_Driver/Src/stm32h7xx_hal_dac.c **** @endverbatim
1240:Drivers/STM32H7xx_HAL_Driver/Src/stm32h7xx_hal_dac.c ****   * @{
1241:Drivers/STM32H7xx_HAL_Driver/Src/stm32h7xx_hal_dac.c ****   */
1242:Drivers/STM32H7xx_HAL_Driver/Src/stm32h7xx_hal_dac.c **** 
1243:Drivers/STM32H7xx_HAL_Driver/Src/stm32h7xx_hal_dac.c **** /**
1244:Drivers/STM32H7xx_HAL_Driver/Src/stm32h7xx_hal_dac.c ****   * @brief  return the DAC handle state
1245:Drivers/STM32H7xx_HAL_Driver/Src/stm32h7xx_hal_dac.c ****   * @param  hdac pointer to a DAC_HandleTypeDef structure that contains
1246:Drivers/STM32H7xx_HAL_Driver/Src/stm32h7xx_hal_dac.c ****   *         the configuration information for the specified DAC.
1247:Drivers/STM32H7xx_HAL_Driver/Src/stm32h7xx_hal_dac.c ****   * @retval HAL state
1248:Drivers/STM32H7xx_HAL_Driver/Src/stm32h7xx_hal_dac.c ****   */
1249:Drivers/STM32H7xx_HAL_Driver/Src/stm32h7xx_hal_dac.c **** HAL_DAC_StateTypeDef HAL_DAC_GetState(const DAC_HandleTypeDef *hdac)
1250:Drivers/STM32H7xx_HAL_Driver/Src/stm32h7xx_hal_dac.c **** {
1251:Drivers/STM32H7xx_HAL_Driver/Src/stm32h7xx_hal_dac.c ****   /* Return DAC handle state */
1252:Drivers/STM32H7xx_HAL_Driver/Src/stm32h7xx_hal_dac.c ****   return hdac->State;
1253:Drivers/STM32H7xx_HAL_Driver/Src/stm32h7xx_hal_dac.c **** }
1254:Drivers/STM32H7xx_HAL_Driver/Src/stm32h7xx_hal_dac.c **** 
1255:Drivers/STM32H7xx_HAL_Driver/Src/stm32h7xx_hal_dac.c **** 
1256:Drivers/STM32H7xx_HAL_Driver/Src/stm32h7xx_hal_dac.c **** /**
1257:Drivers/STM32H7xx_HAL_Driver/Src/stm32h7xx_hal_dac.c ****   * @brief  Return the DAC error code
1258:Drivers/STM32H7xx_HAL_Driver/Src/stm32h7xx_hal_dac.c ****   * @param  hdac pointer to a DAC_HandleTypeDef structure that contains
1259:Drivers/STM32H7xx_HAL_Driver/Src/stm32h7xx_hal_dac.c ****   *         the configuration information for the specified DAC.
1260:Drivers/STM32H7xx_HAL_Driver/Src/stm32h7xx_hal_dac.c ****   * @retval DAC Error Code
1261:Drivers/STM32H7xx_HAL_Driver/Src/stm32h7xx_hal_dac.c ****   */
1262:Drivers/STM32H7xx_HAL_Driver/Src/stm32h7xx_hal_dac.c **** uint32_t HAL_DAC_GetError(const DAC_HandleTypeDef *hdac)
1263:Drivers/STM32H7xx_HAL_Driver/Src/stm32h7xx_hal_dac.c **** {
1264:Drivers/STM32H7xx_HAL_Driver/Src/stm32h7xx_hal_dac.c ****   return hdac->ErrorCode;
1265:Drivers/STM32H7xx_HAL_Driver/Src/stm32h7xx_hal_dac.c **** }
1266:Drivers/STM32H7xx_HAL_Driver/Src/stm32h7xx_hal_dac.c **** 
1267:Drivers/STM32H7xx_HAL_Driver/Src/stm32h7xx_hal_dac.c **** /**
1268:Drivers/STM32H7xx_HAL_Driver/Src/stm32h7xx_hal_dac.c ****   * @}
1269:Drivers/STM32H7xx_HAL_Driver/Src/stm32h7xx_hal_dac.c ****   */
1270:Drivers/STM32H7xx_HAL_Driver/Src/stm32h7xx_hal_dac.c **** 
1271:Drivers/STM32H7xx_HAL_Driver/Src/stm32h7xx_hal_dac.c **** /**
1272:Drivers/STM32H7xx_HAL_Driver/Src/stm32h7xx_hal_dac.c ****   * @}
1273:Drivers/STM32H7xx_HAL_Driver/Src/stm32h7xx_hal_dac.c ****   */
1274:Drivers/STM32H7xx_HAL_Driver/Src/stm32h7xx_hal_dac.c **** 
1275:Drivers/STM32H7xx_HAL_Driver/Src/stm32h7xx_hal_dac.c **** /** @addtogroup DAC_Exported_Functions
1276:Drivers/STM32H7xx_HAL_Driver/Src/stm32h7xx_hal_dac.c ****   * @{
1277:Drivers/STM32H7xx_HAL_Driver/Src/stm32h7xx_hal_dac.c ****   */
1278:Drivers/STM32H7xx_HAL_Driver/Src/stm32h7xx_hal_dac.c **** 
1279:Drivers/STM32H7xx_HAL_Driver/Src/stm32h7xx_hal_dac.c **** /** @addtogroup DAC_Exported_Functions_Group1
1280:Drivers/STM32H7xx_HAL_Driver/Src/stm32h7xx_hal_dac.c ****   * @{
1281:Drivers/STM32H7xx_HAL_Driver/Src/stm32h7xx_hal_dac.c ****   */
1282:Drivers/STM32H7xx_HAL_Driver/Src/stm32h7xx_hal_dac.c **** #if (USE_HAL_DAC_REGISTER_CALLBACKS == 1)
1283:Drivers/STM32H7xx_HAL_Driver/Src/stm32h7xx_hal_dac.c **** /**
ARM GAS  C:\Users\Made\AppData\Local\Temp\ccJ7f769.s 			page 40


1284:Drivers/STM32H7xx_HAL_Driver/Src/stm32h7xx_hal_dac.c ****   * @brief  Register a User DAC Callback
1285:Drivers/STM32H7xx_HAL_Driver/Src/stm32h7xx_hal_dac.c ****   *         To be used instead of the weak (overridden) predefined callback
1286:Drivers/STM32H7xx_HAL_Driver/Src/stm32h7xx_hal_dac.c ****   * @note   The HAL_DAC_RegisterCallback() may be called before HAL_DAC_Init() in HAL_DAC_STATE_RES
1287:Drivers/STM32H7xx_HAL_Driver/Src/stm32h7xx_hal_dac.c ****   *         callbacks for HAL_DAC_MSPINIT_CB_ID and HAL_DAC_MSPDEINIT_CB_ID
1288:Drivers/STM32H7xx_HAL_Driver/Src/stm32h7xx_hal_dac.c ****   * @param  hdac DAC handle
1289:Drivers/STM32H7xx_HAL_Driver/Src/stm32h7xx_hal_dac.c ****   * @param  CallbackID ID of the callback to be registered
1290:Drivers/STM32H7xx_HAL_Driver/Src/stm32h7xx_hal_dac.c ****   *         This parameter can be one of the following values:
1291:Drivers/STM32H7xx_HAL_Driver/Src/stm32h7xx_hal_dac.c ****   *          @arg @ref HAL_DAC_ERROR_INVALID_CALLBACK   DAC Error Callback ID
1292:Drivers/STM32H7xx_HAL_Driver/Src/stm32h7xx_hal_dac.c ****   *          @arg @ref HAL_DAC_CH1_COMPLETE_CB_ID       DAC CH1 Complete Callback ID
1293:Drivers/STM32H7xx_HAL_Driver/Src/stm32h7xx_hal_dac.c ****   *          @arg @ref HAL_DAC_CH1_HALF_COMPLETE_CB_ID  DAC CH1 Half Complete Callback ID
1294:Drivers/STM32H7xx_HAL_Driver/Src/stm32h7xx_hal_dac.c ****   *          @arg @ref HAL_DAC_CH1_ERROR_ID             DAC CH1 Error Callback ID
1295:Drivers/STM32H7xx_HAL_Driver/Src/stm32h7xx_hal_dac.c ****   *          @arg @ref HAL_DAC_CH1_UNDERRUN_CB_ID       DAC CH1 UnderRun Callback ID
1296:Drivers/STM32H7xx_HAL_Driver/Src/stm32h7xx_hal_dac.c ****   *          @arg @ref HAL_DAC_CH2_COMPLETE_CB_ID       DAC CH2 Complete Callback ID
1297:Drivers/STM32H7xx_HAL_Driver/Src/stm32h7xx_hal_dac.c ****   *          @arg @ref HAL_DAC_CH2_HALF_COMPLETE_CB_ID  DAC CH2 Half Complete Callback ID
1298:Drivers/STM32H7xx_HAL_Driver/Src/stm32h7xx_hal_dac.c ****   *          @arg @ref HAL_DAC_CH2_ERROR_ID             DAC CH2 Error Callback ID
1299:Drivers/STM32H7xx_HAL_Driver/Src/stm32h7xx_hal_dac.c ****   *          @arg @ref HAL_DAC_CH2_UNDERRUN_CB_ID       DAC CH2 UnderRun Callback ID
1300:Drivers/STM32H7xx_HAL_Driver/Src/stm32h7xx_hal_dac.c ****   *          @arg @ref HAL_DAC_MSPINIT_CB_ID            DAC MSP Init Callback ID
1301:Drivers/STM32H7xx_HAL_Driver/Src/stm32h7xx_hal_dac.c ****   *          @arg @ref HAL_DAC_MSPDEINIT_CB_ID          DAC MSP DeInit Callback ID
1302:Drivers/STM32H7xx_HAL_Driver/Src/stm32h7xx_hal_dac.c ****   *
1303:Drivers/STM32H7xx_HAL_Driver/Src/stm32h7xx_hal_dac.c ****   * @param  pCallback pointer to the Callback function
1304:Drivers/STM32H7xx_HAL_Driver/Src/stm32h7xx_hal_dac.c ****   * @retval status
1305:Drivers/STM32H7xx_HAL_Driver/Src/stm32h7xx_hal_dac.c ****   */
1306:Drivers/STM32H7xx_HAL_Driver/Src/stm32h7xx_hal_dac.c **** HAL_StatusTypeDef HAL_DAC_RegisterCallback(DAC_HandleTypeDef *hdac, HAL_DAC_CallbackIDTypeDef Callb
1307:Drivers/STM32H7xx_HAL_Driver/Src/stm32h7xx_hal_dac.c ****                                            pDAC_CallbackTypeDef pCallback)
1308:Drivers/STM32H7xx_HAL_Driver/Src/stm32h7xx_hal_dac.c **** {
1309:Drivers/STM32H7xx_HAL_Driver/Src/stm32h7xx_hal_dac.c ****   HAL_StatusTypeDef status = HAL_OK;
1310:Drivers/STM32H7xx_HAL_Driver/Src/stm32h7xx_hal_dac.c **** 
1311:Drivers/STM32H7xx_HAL_Driver/Src/stm32h7xx_hal_dac.c ****   /* Check the DAC peripheral handle */
1312:Drivers/STM32H7xx_HAL_Driver/Src/stm32h7xx_hal_dac.c ****   if (hdac == NULL)
1313:Drivers/STM32H7xx_HAL_Driver/Src/stm32h7xx_hal_dac.c ****   {
1314:Drivers/STM32H7xx_HAL_Driver/Src/stm32h7xx_hal_dac.c ****     return HAL_ERROR;
1315:Drivers/STM32H7xx_HAL_Driver/Src/stm32h7xx_hal_dac.c ****   }
1316:Drivers/STM32H7xx_HAL_Driver/Src/stm32h7xx_hal_dac.c **** 
1317:Drivers/STM32H7xx_HAL_Driver/Src/stm32h7xx_hal_dac.c ****   if (pCallback == NULL)
1318:Drivers/STM32H7xx_HAL_Driver/Src/stm32h7xx_hal_dac.c ****   {
1319:Drivers/STM32H7xx_HAL_Driver/Src/stm32h7xx_hal_dac.c ****     /* Update the error code */
1320:Drivers/STM32H7xx_HAL_Driver/Src/stm32h7xx_hal_dac.c ****     hdac->ErrorCode |= HAL_DAC_ERROR_INVALID_CALLBACK;
1321:Drivers/STM32H7xx_HAL_Driver/Src/stm32h7xx_hal_dac.c ****     return HAL_ERROR;
1322:Drivers/STM32H7xx_HAL_Driver/Src/stm32h7xx_hal_dac.c ****   }
1323:Drivers/STM32H7xx_HAL_Driver/Src/stm32h7xx_hal_dac.c **** 
1324:Drivers/STM32H7xx_HAL_Driver/Src/stm32h7xx_hal_dac.c ****   if (hdac->State == HAL_DAC_STATE_READY)
1325:Drivers/STM32H7xx_HAL_Driver/Src/stm32h7xx_hal_dac.c ****   {
1326:Drivers/STM32H7xx_HAL_Driver/Src/stm32h7xx_hal_dac.c ****     switch (CallbackID)
1327:Drivers/STM32H7xx_HAL_Driver/Src/stm32h7xx_hal_dac.c ****     {
1328:Drivers/STM32H7xx_HAL_Driver/Src/stm32h7xx_hal_dac.c ****       case HAL_DAC_CH1_COMPLETE_CB_ID :
1329:Drivers/STM32H7xx_HAL_Driver/Src/stm32h7xx_hal_dac.c ****         hdac->ConvCpltCallbackCh1 = pCallback;
1330:Drivers/STM32H7xx_HAL_Driver/Src/stm32h7xx_hal_dac.c ****         break;
1331:Drivers/STM32H7xx_HAL_Driver/Src/stm32h7xx_hal_dac.c ****       case HAL_DAC_CH1_HALF_COMPLETE_CB_ID :
1332:Drivers/STM32H7xx_HAL_Driver/Src/stm32h7xx_hal_dac.c ****         hdac->ConvHalfCpltCallbackCh1 = pCallback;
1333:Drivers/STM32H7xx_HAL_Driver/Src/stm32h7xx_hal_dac.c ****         break;
1334:Drivers/STM32H7xx_HAL_Driver/Src/stm32h7xx_hal_dac.c ****       case HAL_DAC_CH1_ERROR_ID :
1335:Drivers/STM32H7xx_HAL_Driver/Src/stm32h7xx_hal_dac.c ****         hdac->ErrorCallbackCh1 = pCallback;
1336:Drivers/STM32H7xx_HAL_Driver/Src/stm32h7xx_hal_dac.c ****         break;
1337:Drivers/STM32H7xx_HAL_Driver/Src/stm32h7xx_hal_dac.c ****       case HAL_DAC_CH1_UNDERRUN_CB_ID :
1338:Drivers/STM32H7xx_HAL_Driver/Src/stm32h7xx_hal_dac.c ****         hdac->DMAUnderrunCallbackCh1 = pCallback;
1339:Drivers/STM32H7xx_HAL_Driver/Src/stm32h7xx_hal_dac.c ****         break;
1340:Drivers/STM32H7xx_HAL_Driver/Src/stm32h7xx_hal_dac.c **** 
ARM GAS  C:\Users\Made\AppData\Local\Temp\ccJ7f769.s 			page 41


1341:Drivers/STM32H7xx_HAL_Driver/Src/stm32h7xx_hal_dac.c ****       case HAL_DAC_CH2_COMPLETE_CB_ID :
1342:Drivers/STM32H7xx_HAL_Driver/Src/stm32h7xx_hal_dac.c ****         hdac->ConvCpltCallbackCh2 = pCallback;
1343:Drivers/STM32H7xx_HAL_Driver/Src/stm32h7xx_hal_dac.c ****         break;
1344:Drivers/STM32H7xx_HAL_Driver/Src/stm32h7xx_hal_dac.c ****       case HAL_DAC_CH2_HALF_COMPLETE_CB_ID :
1345:Drivers/STM32H7xx_HAL_Driver/Src/stm32h7xx_hal_dac.c ****         hdac->ConvHalfCpltCallbackCh2 = pCallback;
1346:Drivers/STM32H7xx_HAL_Driver/Src/stm32h7xx_hal_dac.c ****         break;
1347:Drivers/STM32H7xx_HAL_Driver/Src/stm32h7xx_hal_dac.c ****       case HAL_DAC_CH2_ERROR_ID :
1348:Drivers/STM32H7xx_HAL_Driver/Src/stm32h7xx_hal_dac.c ****         hdac->ErrorCallbackCh2 = pCallback;
1349:Drivers/STM32H7xx_HAL_Driver/Src/stm32h7xx_hal_dac.c ****         break;
1350:Drivers/STM32H7xx_HAL_Driver/Src/stm32h7xx_hal_dac.c ****       case HAL_DAC_CH2_UNDERRUN_CB_ID :
1351:Drivers/STM32H7xx_HAL_Driver/Src/stm32h7xx_hal_dac.c ****         hdac->DMAUnderrunCallbackCh2 = pCallback;
1352:Drivers/STM32H7xx_HAL_Driver/Src/stm32h7xx_hal_dac.c ****         break;
1353:Drivers/STM32H7xx_HAL_Driver/Src/stm32h7xx_hal_dac.c **** 
1354:Drivers/STM32H7xx_HAL_Driver/Src/stm32h7xx_hal_dac.c ****       case HAL_DAC_MSPINIT_CB_ID :
1355:Drivers/STM32H7xx_HAL_Driver/Src/stm32h7xx_hal_dac.c ****         hdac->MspInitCallback = pCallback;
1356:Drivers/STM32H7xx_HAL_Driver/Src/stm32h7xx_hal_dac.c ****         break;
1357:Drivers/STM32H7xx_HAL_Driver/Src/stm32h7xx_hal_dac.c ****       case HAL_DAC_MSPDEINIT_CB_ID :
1358:Drivers/STM32H7xx_HAL_Driver/Src/stm32h7xx_hal_dac.c ****         hdac->MspDeInitCallback = pCallback;
1359:Drivers/STM32H7xx_HAL_Driver/Src/stm32h7xx_hal_dac.c ****         break;
1360:Drivers/STM32H7xx_HAL_Driver/Src/stm32h7xx_hal_dac.c ****       default :
1361:Drivers/STM32H7xx_HAL_Driver/Src/stm32h7xx_hal_dac.c ****         /* Update the error code */
1362:Drivers/STM32H7xx_HAL_Driver/Src/stm32h7xx_hal_dac.c ****         hdac->ErrorCode |= HAL_DAC_ERROR_INVALID_CALLBACK;
1363:Drivers/STM32H7xx_HAL_Driver/Src/stm32h7xx_hal_dac.c ****         /* update return status */
1364:Drivers/STM32H7xx_HAL_Driver/Src/stm32h7xx_hal_dac.c ****         status =  HAL_ERROR;
1365:Drivers/STM32H7xx_HAL_Driver/Src/stm32h7xx_hal_dac.c ****         break;
1366:Drivers/STM32H7xx_HAL_Driver/Src/stm32h7xx_hal_dac.c ****     }
1367:Drivers/STM32H7xx_HAL_Driver/Src/stm32h7xx_hal_dac.c ****   }
1368:Drivers/STM32H7xx_HAL_Driver/Src/stm32h7xx_hal_dac.c ****   else if (hdac->State == HAL_DAC_STATE_RESET)
1369:Drivers/STM32H7xx_HAL_Driver/Src/stm32h7xx_hal_dac.c ****   {
1370:Drivers/STM32H7xx_HAL_Driver/Src/stm32h7xx_hal_dac.c ****     switch (CallbackID)
1371:Drivers/STM32H7xx_HAL_Driver/Src/stm32h7xx_hal_dac.c ****     {
1372:Drivers/STM32H7xx_HAL_Driver/Src/stm32h7xx_hal_dac.c ****       case HAL_DAC_MSPINIT_CB_ID :
1373:Drivers/STM32H7xx_HAL_Driver/Src/stm32h7xx_hal_dac.c ****         hdac->MspInitCallback = pCallback;
1374:Drivers/STM32H7xx_HAL_Driver/Src/stm32h7xx_hal_dac.c ****         break;
1375:Drivers/STM32H7xx_HAL_Driver/Src/stm32h7xx_hal_dac.c ****       case HAL_DAC_MSPDEINIT_CB_ID :
1376:Drivers/STM32H7xx_HAL_Driver/Src/stm32h7xx_hal_dac.c ****         hdac->MspDeInitCallback = pCallback;
1377:Drivers/STM32H7xx_HAL_Driver/Src/stm32h7xx_hal_dac.c ****         break;
1378:Drivers/STM32H7xx_HAL_Driver/Src/stm32h7xx_hal_dac.c ****       default :
1379:Drivers/STM32H7xx_HAL_Driver/Src/stm32h7xx_hal_dac.c ****         /* Update the error code */
1380:Drivers/STM32H7xx_HAL_Driver/Src/stm32h7xx_hal_dac.c ****         hdac->ErrorCode |= HAL_DAC_ERROR_INVALID_CALLBACK;
1381:Drivers/STM32H7xx_HAL_Driver/Src/stm32h7xx_hal_dac.c ****         /* update return status */
1382:Drivers/STM32H7xx_HAL_Driver/Src/stm32h7xx_hal_dac.c ****         status =  HAL_ERROR;
1383:Drivers/STM32H7xx_HAL_Driver/Src/stm32h7xx_hal_dac.c ****         break;
1384:Drivers/STM32H7xx_HAL_Driver/Src/stm32h7xx_hal_dac.c ****     }
1385:Drivers/STM32H7xx_HAL_Driver/Src/stm32h7xx_hal_dac.c ****   }
1386:Drivers/STM32H7xx_HAL_Driver/Src/stm32h7xx_hal_dac.c ****   else
1387:Drivers/STM32H7xx_HAL_Driver/Src/stm32h7xx_hal_dac.c ****   {
1388:Drivers/STM32H7xx_HAL_Driver/Src/stm32h7xx_hal_dac.c ****     /* Update the error code */
1389:Drivers/STM32H7xx_HAL_Driver/Src/stm32h7xx_hal_dac.c ****     hdac->ErrorCode |= HAL_DAC_ERROR_INVALID_CALLBACK;
1390:Drivers/STM32H7xx_HAL_Driver/Src/stm32h7xx_hal_dac.c ****     /* update return status */
1391:Drivers/STM32H7xx_HAL_Driver/Src/stm32h7xx_hal_dac.c ****     status =  HAL_ERROR;
1392:Drivers/STM32H7xx_HAL_Driver/Src/stm32h7xx_hal_dac.c ****   }
1393:Drivers/STM32H7xx_HAL_Driver/Src/stm32h7xx_hal_dac.c **** 
1394:Drivers/STM32H7xx_HAL_Driver/Src/stm32h7xx_hal_dac.c ****   return status;
1395:Drivers/STM32H7xx_HAL_Driver/Src/stm32h7xx_hal_dac.c **** }
1396:Drivers/STM32H7xx_HAL_Driver/Src/stm32h7xx_hal_dac.c **** 
1397:Drivers/STM32H7xx_HAL_Driver/Src/stm32h7xx_hal_dac.c **** /**
ARM GAS  C:\Users\Made\AppData\Local\Temp\ccJ7f769.s 			page 42


1398:Drivers/STM32H7xx_HAL_Driver/Src/stm32h7xx_hal_dac.c ****   * @brief  Unregister a User DAC Callback
1399:Drivers/STM32H7xx_HAL_Driver/Src/stm32h7xx_hal_dac.c ****   *         DAC Callback is redirected to the weak (overridden) predefined callback
1400:Drivers/STM32H7xx_HAL_Driver/Src/stm32h7xx_hal_dac.c ****   * @note   The HAL_DAC_UnRegisterCallback() may be called before HAL_DAC_Init() in HAL_DAC_STATE_R
1401:Drivers/STM32H7xx_HAL_Driver/Src/stm32h7xx_hal_dac.c ****   *         callbacks for HAL_DAC_MSPINIT_CB_ID and HAL_DAC_MSPDEINIT_CB_ID
1402:Drivers/STM32H7xx_HAL_Driver/Src/stm32h7xx_hal_dac.c ****   * @param  hdac DAC handle
1403:Drivers/STM32H7xx_HAL_Driver/Src/stm32h7xx_hal_dac.c ****   * @param  CallbackID ID of the callback to be unregistered
1404:Drivers/STM32H7xx_HAL_Driver/Src/stm32h7xx_hal_dac.c ****   *         This parameter can be one of the following values:
1405:Drivers/STM32H7xx_HAL_Driver/Src/stm32h7xx_hal_dac.c ****   *          @arg @ref HAL_DAC_CH1_COMPLETE_CB_ID          DAC CH1 transfer Complete Callback ID
1406:Drivers/STM32H7xx_HAL_Driver/Src/stm32h7xx_hal_dac.c ****   *          @arg @ref HAL_DAC_CH1_HALF_COMPLETE_CB_ID     DAC CH1 Half Complete Callback ID
1407:Drivers/STM32H7xx_HAL_Driver/Src/stm32h7xx_hal_dac.c ****   *          @arg @ref HAL_DAC_CH1_ERROR_ID                DAC CH1 Error Callback ID
1408:Drivers/STM32H7xx_HAL_Driver/Src/stm32h7xx_hal_dac.c ****   *          @arg @ref HAL_DAC_CH1_UNDERRUN_CB_ID          DAC CH1 UnderRun Callback ID
1409:Drivers/STM32H7xx_HAL_Driver/Src/stm32h7xx_hal_dac.c ****   *          @arg @ref HAL_DAC_CH2_COMPLETE_CB_ID          DAC CH2 Complete Callback ID
1410:Drivers/STM32H7xx_HAL_Driver/Src/stm32h7xx_hal_dac.c ****   *          @arg @ref HAL_DAC_CH2_HALF_COMPLETE_CB_ID     DAC CH2 Half Complete Callback ID
1411:Drivers/STM32H7xx_HAL_Driver/Src/stm32h7xx_hal_dac.c ****   *          @arg @ref HAL_DAC_CH2_ERROR_ID                DAC CH2 Error Callback ID
1412:Drivers/STM32H7xx_HAL_Driver/Src/stm32h7xx_hal_dac.c ****   *          @arg @ref HAL_DAC_CH2_UNDERRUN_CB_ID          DAC CH2 UnderRun Callback ID
1413:Drivers/STM32H7xx_HAL_Driver/Src/stm32h7xx_hal_dac.c ****   *          @arg @ref HAL_DAC_MSPINIT_CB_ID               DAC MSP Init Callback ID
1414:Drivers/STM32H7xx_HAL_Driver/Src/stm32h7xx_hal_dac.c ****   *          @arg @ref HAL_DAC_MSPDEINIT_CB_ID             DAC MSP DeInit Callback ID
1415:Drivers/STM32H7xx_HAL_Driver/Src/stm32h7xx_hal_dac.c ****   *          @arg @ref HAL_DAC_ALL_CB_ID                   DAC All callbacks
1416:Drivers/STM32H7xx_HAL_Driver/Src/stm32h7xx_hal_dac.c ****   * @retval status
1417:Drivers/STM32H7xx_HAL_Driver/Src/stm32h7xx_hal_dac.c ****   */
1418:Drivers/STM32H7xx_HAL_Driver/Src/stm32h7xx_hal_dac.c **** HAL_StatusTypeDef HAL_DAC_UnRegisterCallback(DAC_HandleTypeDef *hdac, HAL_DAC_CallbackIDTypeDef Cal
1419:Drivers/STM32H7xx_HAL_Driver/Src/stm32h7xx_hal_dac.c **** {
1420:Drivers/STM32H7xx_HAL_Driver/Src/stm32h7xx_hal_dac.c ****   HAL_StatusTypeDef status = HAL_OK;
1421:Drivers/STM32H7xx_HAL_Driver/Src/stm32h7xx_hal_dac.c **** 
1422:Drivers/STM32H7xx_HAL_Driver/Src/stm32h7xx_hal_dac.c ****   /* Check the DAC peripheral handle */
1423:Drivers/STM32H7xx_HAL_Driver/Src/stm32h7xx_hal_dac.c ****   if (hdac == NULL)
1424:Drivers/STM32H7xx_HAL_Driver/Src/stm32h7xx_hal_dac.c ****   {
1425:Drivers/STM32H7xx_HAL_Driver/Src/stm32h7xx_hal_dac.c ****     return HAL_ERROR;
1426:Drivers/STM32H7xx_HAL_Driver/Src/stm32h7xx_hal_dac.c ****   }
1427:Drivers/STM32H7xx_HAL_Driver/Src/stm32h7xx_hal_dac.c **** 
1428:Drivers/STM32H7xx_HAL_Driver/Src/stm32h7xx_hal_dac.c ****   if (hdac->State == HAL_DAC_STATE_READY)
1429:Drivers/STM32H7xx_HAL_Driver/Src/stm32h7xx_hal_dac.c ****   {
1430:Drivers/STM32H7xx_HAL_Driver/Src/stm32h7xx_hal_dac.c ****     switch (CallbackID)
1431:Drivers/STM32H7xx_HAL_Driver/Src/stm32h7xx_hal_dac.c ****     {
1432:Drivers/STM32H7xx_HAL_Driver/Src/stm32h7xx_hal_dac.c ****       case HAL_DAC_CH1_COMPLETE_CB_ID :
1433:Drivers/STM32H7xx_HAL_Driver/Src/stm32h7xx_hal_dac.c ****         hdac->ConvCpltCallbackCh1 = HAL_DAC_ConvCpltCallbackCh1;
1434:Drivers/STM32H7xx_HAL_Driver/Src/stm32h7xx_hal_dac.c ****         break;
1435:Drivers/STM32H7xx_HAL_Driver/Src/stm32h7xx_hal_dac.c ****       case HAL_DAC_CH1_HALF_COMPLETE_CB_ID :
1436:Drivers/STM32H7xx_HAL_Driver/Src/stm32h7xx_hal_dac.c ****         hdac->ConvHalfCpltCallbackCh1 = HAL_DAC_ConvHalfCpltCallbackCh1;
1437:Drivers/STM32H7xx_HAL_Driver/Src/stm32h7xx_hal_dac.c ****         break;
1438:Drivers/STM32H7xx_HAL_Driver/Src/stm32h7xx_hal_dac.c ****       case HAL_DAC_CH1_ERROR_ID :
1439:Drivers/STM32H7xx_HAL_Driver/Src/stm32h7xx_hal_dac.c ****         hdac->ErrorCallbackCh1 = HAL_DAC_ErrorCallbackCh1;
1440:Drivers/STM32H7xx_HAL_Driver/Src/stm32h7xx_hal_dac.c ****         break;
1441:Drivers/STM32H7xx_HAL_Driver/Src/stm32h7xx_hal_dac.c ****       case HAL_DAC_CH1_UNDERRUN_CB_ID :
1442:Drivers/STM32H7xx_HAL_Driver/Src/stm32h7xx_hal_dac.c ****         hdac->DMAUnderrunCallbackCh1 = HAL_DAC_DMAUnderrunCallbackCh1;
1443:Drivers/STM32H7xx_HAL_Driver/Src/stm32h7xx_hal_dac.c ****         break;
1444:Drivers/STM32H7xx_HAL_Driver/Src/stm32h7xx_hal_dac.c **** 
1445:Drivers/STM32H7xx_HAL_Driver/Src/stm32h7xx_hal_dac.c ****       case HAL_DAC_CH2_COMPLETE_CB_ID :
1446:Drivers/STM32H7xx_HAL_Driver/Src/stm32h7xx_hal_dac.c ****         hdac->ConvCpltCallbackCh2 = HAL_DACEx_ConvCpltCallbackCh2;
1447:Drivers/STM32H7xx_HAL_Driver/Src/stm32h7xx_hal_dac.c ****         break;
1448:Drivers/STM32H7xx_HAL_Driver/Src/stm32h7xx_hal_dac.c ****       case HAL_DAC_CH2_HALF_COMPLETE_CB_ID :
1449:Drivers/STM32H7xx_HAL_Driver/Src/stm32h7xx_hal_dac.c ****         hdac->ConvHalfCpltCallbackCh2 = HAL_DACEx_ConvHalfCpltCallbackCh2;
1450:Drivers/STM32H7xx_HAL_Driver/Src/stm32h7xx_hal_dac.c ****         break;
1451:Drivers/STM32H7xx_HAL_Driver/Src/stm32h7xx_hal_dac.c ****       case HAL_DAC_CH2_ERROR_ID :
1452:Drivers/STM32H7xx_HAL_Driver/Src/stm32h7xx_hal_dac.c ****         hdac->ErrorCallbackCh2 = HAL_DACEx_ErrorCallbackCh2;
1453:Drivers/STM32H7xx_HAL_Driver/Src/stm32h7xx_hal_dac.c ****         break;
1454:Drivers/STM32H7xx_HAL_Driver/Src/stm32h7xx_hal_dac.c ****       case HAL_DAC_CH2_UNDERRUN_CB_ID :
ARM GAS  C:\Users\Made\AppData\Local\Temp\ccJ7f769.s 			page 43


1455:Drivers/STM32H7xx_HAL_Driver/Src/stm32h7xx_hal_dac.c ****         hdac->DMAUnderrunCallbackCh2 = HAL_DACEx_DMAUnderrunCallbackCh2;
1456:Drivers/STM32H7xx_HAL_Driver/Src/stm32h7xx_hal_dac.c ****         break;
1457:Drivers/STM32H7xx_HAL_Driver/Src/stm32h7xx_hal_dac.c **** 
1458:Drivers/STM32H7xx_HAL_Driver/Src/stm32h7xx_hal_dac.c ****       case HAL_DAC_MSPINIT_CB_ID :
1459:Drivers/STM32H7xx_HAL_Driver/Src/stm32h7xx_hal_dac.c ****         hdac->MspInitCallback = HAL_DAC_MspInit;
1460:Drivers/STM32H7xx_HAL_Driver/Src/stm32h7xx_hal_dac.c ****         break;
1461:Drivers/STM32H7xx_HAL_Driver/Src/stm32h7xx_hal_dac.c ****       case HAL_DAC_MSPDEINIT_CB_ID :
1462:Drivers/STM32H7xx_HAL_Driver/Src/stm32h7xx_hal_dac.c ****         hdac->MspDeInitCallback = HAL_DAC_MspDeInit;
1463:Drivers/STM32H7xx_HAL_Driver/Src/stm32h7xx_hal_dac.c ****         break;
1464:Drivers/STM32H7xx_HAL_Driver/Src/stm32h7xx_hal_dac.c ****       case HAL_DAC_ALL_CB_ID :
1465:Drivers/STM32H7xx_HAL_Driver/Src/stm32h7xx_hal_dac.c ****         hdac->ConvCpltCallbackCh1 = HAL_DAC_ConvCpltCallbackCh1;
1466:Drivers/STM32H7xx_HAL_Driver/Src/stm32h7xx_hal_dac.c ****         hdac->ConvHalfCpltCallbackCh1 = HAL_DAC_ConvHalfCpltCallbackCh1;
1467:Drivers/STM32H7xx_HAL_Driver/Src/stm32h7xx_hal_dac.c ****         hdac->ErrorCallbackCh1 = HAL_DAC_ErrorCallbackCh1;
1468:Drivers/STM32H7xx_HAL_Driver/Src/stm32h7xx_hal_dac.c ****         hdac->DMAUnderrunCallbackCh1 = HAL_DAC_DMAUnderrunCallbackCh1;
1469:Drivers/STM32H7xx_HAL_Driver/Src/stm32h7xx_hal_dac.c **** 
1470:Drivers/STM32H7xx_HAL_Driver/Src/stm32h7xx_hal_dac.c ****         hdac->ConvCpltCallbackCh2 = HAL_DACEx_ConvCpltCallbackCh2;
1471:Drivers/STM32H7xx_HAL_Driver/Src/stm32h7xx_hal_dac.c ****         hdac->ConvHalfCpltCallbackCh2 = HAL_DACEx_ConvHalfCpltCallbackCh2;
1472:Drivers/STM32H7xx_HAL_Driver/Src/stm32h7xx_hal_dac.c ****         hdac->ErrorCallbackCh2 = HAL_DACEx_ErrorCallbackCh2;
1473:Drivers/STM32H7xx_HAL_Driver/Src/stm32h7xx_hal_dac.c ****         hdac->DMAUnderrunCallbackCh2 = HAL_DACEx_DMAUnderrunCallbackCh2;
1474:Drivers/STM32H7xx_HAL_Driver/Src/stm32h7xx_hal_dac.c **** 
1475:Drivers/STM32H7xx_HAL_Driver/Src/stm32h7xx_hal_dac.c ****         hdac->MspInitCallback = HAL_DAC_MspInit;
1476:Drivers/STM32H7xx_HAL_Driver/Src/stm32h7xx_hal_dac.c ****         hdac->MspDeInitCallback = HAL_DAC_MspDeInit;
1477:Drivers/STM32H7xx_HAL_Driver/Src/stm32h7xx_hal_dac.c ****         break;
1478:Drivers/STM32H7xx_HAL_Driver/Src/stm32h7xx_hal_dac.c ****       default :
1479:Drivers/STM32H7xx_HAL_Driver/Src/stm32h7xx_hal_dac.c ****         /* Update the error code */
1480:Drivers/STM32H7xx_HAL_Driver/Src/stm32h7xx_hal_dac.c ****         hdac->ErrorCode |= HAL_DAC_ERROR_INVALID_CALLBACK;
1481:Drivers/STM32H7xx_HAL_Driver/Src/stm32h7xx_hal_dac.c ****         /* update return status */
1482:Drivers/STM32H7xx_HAL_Driver/Src/stm32h7xx_hal_dac.c ****         status =  HAL_ERROR;
1483:Drivers/STM32H7xx_HAL_Driver/Src/stm32h7xx_hal_dac.c ****         break;
1484:Drivers/STM32H7xx_HAL_Driver/Src/stm32h7xx_hal_dac.c ****     }
1485:Drivers/STM32H7xx_HAL_Driver/Src/stm32h7xx_hal_dac.c ****   }
1486:Drivers/STM32H7xx_HAL_Driver/Src/stm32h7xx_hal_dac.c ****   else if (hdac->State == HAL_DAC_STATE_RESET)
1487:Drivers/STM32H7xx_HAL_Driver/Src/stm32h7xx_hal_dac.c ****   {
1488:Drivers/STM32H7xx_HAL_Driver/Src/stm32h7xx_hal_dac.c ****     switch (CallbackID)
1489:Drivers/STM32H7xx_HAL_Driver/Src/stm32h7xx_hal_dac.c ****     {
1490:Drivers/STM32H7xx_HAL_Driver/Src/stm32h7xx_hal_dac.c ****       case HAL_DAC_MSPINIT_CB_ID :
1491:Drivers/STM32H7xx_HAL_Driver/Src/stm32h7xx_hal_dac.c ****         hdac->MspInitCallback = HAL_DAC_MspInit;
1492:Drivers/STM32H7xx_HAL_Driver/Src/stm32h7xx_hal_dac.c ****         break;
1493:Drivers/STM32H7xx_HAL_Driver/Src/stm32h7xx_hal_dac.c ****       case HAL_DAC_MSPDEINIT_CB_ID :
1494:Drivers/STM32H7xx_HAL_Driver/Src/stm32h7xx_hal_dac.c ****         hdac->MspDeInitCallback = HAL_DAC_MspDeInit;
1495:Drivers/STM32H7xx_HAL_Driver/Src/stm32h7xx_hal_dac.c ****         break;
1496:Drivers/STM32H7xx_HAL_Driver/Src/stm32h7xx_hal_dac.c ****       default :
1497:Drivers/STM32H7xx_HAL_Driver/Src/stm32h7xx_hal_dac.c ****         /* Update the error code */
1498:Drivers/STM32H7xx_HAL_Driver/Src/stm32h7xx_hal_dac.c ****         hdac->ErrorCode |= HAL_DAC_ERROR_INVALID_CALLBACK;
1499:Drivers/STM32H7xx_HAL_Driver/Src/stm32h7xx_hal_dac.c ****         /* update return status */
1500:Drivers/STM32H7xx_HAL_Driver/Src/stm32h7xx_hal_dac.c ****         status =  HAL_ERROR;
1501:Drivers/STM32H7xx_HAL_Driver/Src/stm32h7xx_hal_dac.c ****         break;
1502:Drivers/STM32H7xx_HAL_Driver/Src/stm32h7xx_hal_dac.c ****     }
1503:Drivers/STM32H7xx_HAL_Driver/Src/stm32h7xx_hal_dac.c ****   }
1504:Drivers/STM32H7xx_HAL_Driver/Src/stm32h7xx_hal_dac.c ****   else
1505:Drivers/STM32H7xx_HAL_Driver/Src/stm32h7xx_hal_dac.c ****   {
1506:Drivers/STM32H7xx_HAL_Driver/Src/stm32h7xx_hal_dac.c ****     /* Update the error code */
1507:Drivers/STM32H7xx_HAL_Driver/Src/stm32h7xx_hal_dac.c ****     hdac->ErrorCode |= HAL_DAC_ERROR_INVALID_CALLBACK;
1508:Drivers/STM32H7xx_HAL_Driver/Src/stm32h7xx_hal_dac.c ****     /* update return status */
1509:Drivers/STM32H7xx_HAL_Driver/Src/stm32h7xx_hal_dac.c ****     status =  HAL_ERROR;
1510:Drivers/STM32H7xx_HAL_Driver/Src/stm32h7xx_hal_dac.c ****   }
1511:Drivers/STM32H7xx_HAL_Driver/Src/stm32h7xx_hal_dac.c **** 
ARM GAS  C:\Users\Made\AppData\Local\Temp\ccJ7f769.s 			page 44


1512:Drivers/STM32H7xx_HAL_Driver/Src/stm32h7xx_hal_dac.c ****   return status;
1513:Drivers/STM32H7xx_HAL_Driver/Src/stm32h7xx_hal_dac.c **** }
1514:Drivers/STM32H7xx_HAL_Driver/Src/stm32h7xx_hal_dac.c **** #endif /* USE_HAL_DAC_REGISTER_CALLBACKS */
1515:Drivers/STM32H7xx_HAL_Driver/Src/stm32h7xx_hal_dac.c **** 
1516:Drivers/STM32H7xx_HAL_Driver/Src/stm32h7xx_hal_dac.c **** /**
1517:Drivers/STM32H7xx_HAL_Driver/Src/stm32h7xx_hal_dac.c ****   * @}
1518:Drivers/STM32H7xx_HAL_Driver/Src/stm32h7xx_hal_dac.c ****   */
1519:Drivers/STM32H7xx_HAL_Driver/Src/stm32h7xx_hal_dac.c **** 
1520:Drivers/STM32H7xx_HAL_Driver/Src/stm32h7xx_hal_dac.c **** /**
1521:Drivers/STM32H7xx_HAL_Driver/Src/stm32h7xx_hal_dac.c ****   * @}
1522:Drivers/STM32H7xx_HAL_Driver/Src/stm32h7xx_hal_dac.c ****   */
1523:Drivers/STM32H7xx_HAL_Driver/Src/stm32h7xx_hal_dac.c **** 
1524:Drivers/STM32H7xx_HAL_Driver/Src/stm32h7xx_hal_dac.c **** /** @addtogroup DAC_Private_Functions
1525:Drivers/STM32H7xx_HAL_Driver/Src/stm32h7xx_hal_dac.c ****   * @{
1526:Drivers/STM32H7xx_HAL_Driver/Src/stm32h7xx_hal_dac.c ****   */
1527:Drivers/STM32H7xx_HAL_Driver/Src/stm32h7xx_hal_dac.c **** 
1528:Drivers/STM32H7xx_HAL_Driver/Src/stm32h7xx_hal_dac.c **** /**
1529:Drivers/STM32H7xx_HAL_Driver/Src/stm32h7xx_hal_dac.c ****   * @brief  DMA conversion complete callback.
1530:Drivers/STM32H7xx_HAL_Driver/Src/stm32h7xx_hal_dac.c ****   * @param  hdma pointer to a DMA_HandleTypeDef structure that contains
1531:Drivers/STM32H7xx_HAL_Driver/Src/stm32h7xx_hal_dac.c ****   *                the configuration information for the specified DMA module.
1532:Drivers/STM32H7xx_HAL_Driver/Src/stm32h7xx_hal_dac.c ****   * @retval None
1533:Drivers/STM32H7xx_HAL_Driver/Src/stm32h7xx_hal_dac.c ****   */
1534:Drivers/STM32H7xx_HAL_Driver/Src/stm32h7xx_hal_dac.c **** void DAC_DMAConvCpltCh1(DMA_HandleTypeDef *hdma)
1535:Drivers/STM32H7xx_HAL_Driver/Src/stm32h7xx_hal_dac.c **** {
 855              		.loc 1 1535 1 is_stmt 1 view -0
 856              		.cfi_startproc
 857              		@ args = 0, pretend = 0, frame = 0
 858              		@ frame_needed = 0, uses_anonymous_args = 0
 859              		.loc 1 1535 1 is_stmt 0 view .LVU249
 860 0000 10B5     		push	{r4, lr}
 861              	.LCFI18:
 862              		.cfi_def_cfa_offset 8
 863              		.cfi_offset 4, -8
 864              		.cfi_offset 14, -4
1536:Drivers/STM32H7xx_HAL_Driver/Src/stm32h7xx_hal_dac.c ****   DAC_HandleTypeDef *hdac = (DAC_HandleTypeDef *)((DMA_HandleTypeDef *)hdma)->Parent;
 865              		.loc 1 1536 3 is_stmt 1 view .LVU250
 866              		.loc 1 1536 22 is_stmt 0 view .LVU251
 867 0002 846B     		ldr	r4, [r0, #56]
 868              	.LVL66:
1537:Drivers/STM32H7xx_HAL_Driver/Src/stm32h7xx_hal_dac.c **** 
1538:Drivers/STM32H7xx_HAL_Driver/Src/stm32h7xx_hal_dac.c **** #if (USE_HAL_DAC_REGISTER_CALLBACKS == 1)
1539:Drivers/STM32H7xx_HAL_Driver/Src/stm32h7xx_hal_dac.c ****   hdac->ConvCpltCallbackCh1(hdac);
1540:Drivers/STM32H7xx_HAL_Driver/Src/stm32h7xx_hal_dac.c **** #else
1541:Drivers/STM32H7xx_HAL_Driver/Src/stm32h7xx_hal_dac.c ****   HAL_DAC_ConvCpltCallbackCh1(hdac);
 869              		.loc 1 1541 3 is_stmt 1 view .LVU252
 870 0004 2046     		mov	r0, r4
 871              	.LVL67:
 872              		.loc 1 1541 3 is_stmt 0 view .LVU253
 873 0006 FFF7FEFF 		bl	HAL_DAC_ConvCpltCallbackCh1
 874              	.LVL68:
1542:Drivers/STM32H7xx_HAL_Driver/Src/stm32h7xx_hal_dac.c **** #endif /* USE_HAL_DAC_REGISTER_CALLBACKS */
1543:Drivers/STM32H7xx_HAL_Driver/Src/stm32h7xx_hal_dac.c **** 
1544:Drivers/STM32H7xx_HAL_Driver/Src/stm32h7xx_hal_dac.c ****   hdac->State = HAL_DAC_STATE_READY;
 875              		.loc 1 1544 3 is_stmt 1 view .LVU254
 876              		.loc 1 1544 15 is_stmt 0 view .LVU255
 877 000a 0123     		movs	r3, #1
 878 000c 2371     		strb	r3, [r4, #4]
ARM GAS  C:\Users\Made\AppData\Local\Temp\ccJ7f769.s 			page 45


1545:Drivers/STM32H7xx_HAL_Driver/Src/stm32h7xx_hal_dac.c **** }
 879              		.loc 1 1545 1 view .LVU256
 880 000e 10BD     		pop	{r4, pc}
 881              		.loc 1 1545 1 view .LVU257
 882              		.cfi_endproc
 883              	.LFE353:
 885              		.section	.text.HAL_DAC_ConvHalfCpltCallbackCh1,"ax",%progbits
 886              		.align	1
 887              		.weak	HAL_DAC_ConvHalfCpltCallbackCh1
 888              		.syntax unified
 889              		.thumb
 890              		.thumb_func
 892              	HAL_DAC_ConvHalfCpltCallbackCh1:
 893              	.LVL69:
 894              	.LFB346:
 932:Drivers/STM32H7xx_HAL_Driver/Src/stm32h7xx_hal_dac.c ****   /* Prevent unused argument(s) compilation warning */
 895              		.loc 1 932 1 is_stmt 1 view -0
 896              		.cfi_startproc
 897              		@ args = 0, pretend = 0, frame = 0
 898              		@ frame_needed = 0, uses_anonymous_args = 0
 899              		@ link register save eliminated.
 934:Drivers/STM32H7xx_HAL_Driver/Src/stm32h7xx_hal_dac.c **** 
 900              		.loc 1 934 3 view .LVU259
 939:Drivers/STM32H7xx_HAL_Driver/Src/stm32h7xx_hal_dac.c **** 
 901              		.loc 1 939 1 is_stmt 0 view .LVU260
 902 0000 7047     		bx	lr
 903              		.cfi_endproc
 904              	.LFE346:
 906              		.section	.text.DAC_DMAHalfConvCpltCh1,"ax",%progbits
 907              		.align	1
 908              		.global	DAC_DMAHalfConvCpltCh1
 909              		.syntax unified
 910              		.thumb
 911              		.thumb_func
 913              	DAC_DMAHalfConvCpltCh1:
 914              	.LVL70:
 915              	.LFB354:
1546:Drivers/STM32H7xx_HAL_Driver/Src/stm32h7xx_hal_dac.c **** 
1547:Drivers/STM32H7xx_HAL_Driver/Src/stm32h7xx_hal_dac.c **** /**
1548:Drivers/STM32H7xx_HAL_Driver/Src/stm32h7xx_hal_dac.c ****   * @brief  DMA half transfer complete callback.
1549:Drivers/STM32H7xx_HAL_Driver/Src/stm32h7xx_hal_dac.c ****   * @param  hdma pointer to a DMA_HandleTypeDef structure that contains
1550:Drivers/STM32H7xx_HAL_Driver/Src/stm32h7xx_hal_dac.c ****   *                the configuration information for the specified DMA module.
1551:Drivers/STM32H7xx_HAL_Driver/Src/stm32h7xx_hal_dac.c ****   * @retval None
1552:Drivers/STM32H7xx_HAL_Driver/Src/stm32h7xx_hal_dac.c ****   */
1553:Drivers/STM32H7xx_HAL_Driver/Src/stm32h7xx_hal_dac.c **** void DAC_DMAHalfConvCpltCh1(DMA_HandleTypeDef *hdma)
1554:Drivers/STM32H7xx_HAL_Driver/Src/stm32h7xx_hal_dac.c **** {
 916              		.loc 1 1554 1 is_stmt 1 view -0
 917              		.cfi_startproc
 918              		@ args = 0, pretend = 0, frame = 0
 919              		@ frame_needed = 0, uses_anonymous_args = 0
 920              		.loc 1 1554 1 is_stmt 0 view .LVU262
 921 0000 08B5     		push	{r3, lr}
 922              	.LCFI19:
 923              		.cfi_def_cfa_offset 8
 924              		.cfi_offset 3, -8
 925              		.cfi_offset 14, -4
1555:Drivers/STM32H7xx_HAL_Driver/Src/stm32h7xx_hal_dac.c ****   DAC_HandleTypeDef *hdac = (DAC_HandleTypeDef *)((DMA_HandleTypeDef *)hdma)->Parent;
ARM GAS  C:\Users\Made\AppData\Local\Temp\ccJ7f769.s 			page 46


 926              		.loc 1 1555 3 is_stmt 1 view .LVU263
 927              	.LVL71:
1556:Drivers/STM32H7xx_HAL_Driver/Src/stm32h7xx_hal_dac.c ****   /* Conversion complete callback */
1557:Drivers/STM32H7xx_HAL_Driver/Src/stm32h7xx_hal_dac.c **** #if (USE_HAL_DAC_REGISTER_CALLBACKS == 1)
1558:Drivers/STM32H7xx_HAL_Driver/Src/stm32h7xx_hal_dac.c ****   hdac->ConvHalfCpltCallbackCh1(hdac);
1559:Drivers/STM32H7xx_HAL_Driver/Src/stm32h7xx_hal_dac.c **** #else
1560:Drivers/STM32H7xx_HAL_Driver/Src/stm32h7xx_hal_dac.c ****   HAL_DAC_ConvHalfCpltCallbackCh1(hdac);
 928              		.loc 1 1560 3 view .LVU264
 929 0002 806B     		ldr	r0, [r0, #56]
 930              	.LVL72:
 931              		.loc 1 1560 3 is_stmt 0 view .LVU265
 932 0004 FFF7FEFF 		bl	HAL_DAC_ConvHalfCpltCallbackCh1
 933              	.LVL73:
1561:Drivers/STM32H7xx_HAL_Driver/Src/stm32h7xx_hal_dac.c **** #endif  /* USE_HAL_DAC_REGISTER_CALLBACKS */
1562:Drivers/STM32H7xx_HAL_Driver/Src/stm32h7xx_hal_dac.c **** }
 934              		.loc 1 1562 1 view .LVU266
 935 0008 08BD     		pop	{r3, pc}
 936              		.cfi_endproc
 937              	.LFE354:
 939              		.section	.text.HAL_DAC_ErrorCallbackCh1,"ax",%progbits
 940              		.align	1
 941              		.weak	HAL_DAC_ErrorCallbackCh1
 942              		.syntax unified
 943              		.thumb
 944              		.thumb_func
 946              	HAL_DAC_ErrorCallbackCh1:
 947              	.LVL74:
 948              	.LFB347:
 948:Drivers/STM32H7xx_HAL_Driver/Src/stm32h7xx_hal_dac.c ****   /* Prevent unused argument(s) compilation warning */
 949              		.loc 1 948 1 is_stmt 1 view -0
 950              		.cfi_startproc
 951              		@ args = 0, pretend = 0, frame = 0
 952              		@ frame_needed = 0, uses_anonymous_args = 0
 953              		@ link register save eliminated.
 950:Drivers/STM32H7xx_HAL_Driver/Src/stm32h7xx_hal_dac.c **** 
 954              		.loc 1 950 3 view .LVU268
 955:Drivers/STM32H7xx_HAL_Driver/Src/stm32h7xx_hal_dac.c **** 
 955              		.loc 1 955 1 is_stmt 0 view .LVU269
 956 0000 7047     		bx	lr
 957              		.cfi_endproc
 958              	.LFE347:
 960              		.section	.text.DAC_DMAErrorCh1,"ax",%progbits
 961              		.align	1
 962              		.global	DAC_DMAErrorCh1
 963              		.syntax unified
 964              		.thumb
 965              		.thumb_func
 967              	DAC_DMAErrorCh1:
 968              	.LVL75:
 969              	.LFB355:
1563:Drivers/STM32H7xx_HAL_Driver/Src/stm32h7xx_hal_dac.c **** 
1564:Drivers/STM32H7xx_HAL_Driver/Src/stm32h7xx_hal_dac.c **** /**
1565:Drivers/STM32H7xx_HAL_Driver/Src/stm32h7xx_hal_dac.c ****   * @brief  DMA error callback
1566:Drivers/STM32H7xx_HAL_Driver/Src/stm32h7xx_hal_dac.c ****   * @param  hdma pointer to a DMA_HandleTypeDef structure that contains
1567:Drivers/STM32H7xx_HAL_Driver/Src/stm32h7xx_hal_dac.c ****   *                the configuration information for the specified DMA module.
1568:Drivers/STM32H7xx_HAL_Driver/Src/stm32h7xx_hal_dac.c ****   * @retval None
1569:Drivers/STM32H7xx_HAL_Driver/Src/stm32h7xx_hal_dac.c ****   */
ARM GAS  C:\Users\Made\AppData\Local\Temp\ccJ7f769.s 			page 47


1570:Drivers/STM32H7xx_HAL_Driver/Src/stm32h7xx_hal_dac.c **** void DAC_DMAErrorCh1(DMA_HandleTypeDef *hdma)
1571:Drivers/STM32H7xx_HAL_Driver/Src/stm32h7xx_hal_dac.c **** {
 970              		.loc 1 1571 1 is_stmt 1 view -0
 971              		.cfi_startproc
 972              		@ args = 0, pretend = 0, frame = 0
 973              		@ frame_needed = 0, uses_anonymous_args = 0
 974              		.loc 1 1571 1 is_stmt 0 view .LVU271
 975 0000 10B5     		push	{r4, lr}
 976              	.LCFI20:
 977              		.cfi_def_cfa_offset 8
 978              		.cfi_offset 4, -8
 979              		.cfi_offset 14, -4
1572:Drivers/STM32H7xx_HAL_Driver/Src/stm32h7xx_hal_dac.c ****   DAC_HandleTypeDef *hdac = (DAC_HandleTypeDef *)((DMA_HandleTypeDef *)hdma)->Parent;
 980              		.loc 1 1572 3 is_stmt 1 view .LVU272
 981              		.loc 1 1572 22 is_stmt 0 view .LVU273
 982 0002 846B     		ldr	r4, [r0, #56]
 983              	.LVL76:
1573:Drivers/STM32H7xx_HAL_Driver/Src/stm32h7xx_hal_dac.c **** 
1574:Drivers/STM32H7xx_HAL_Driver/Src/stm32h7xx_hal_dac.c ****   /* Set DAC error code to DMA error */
1575:Drivers/STM32H7xx_HAL_Driver/Src/stm32h7xx_hal_dac.c ****   hdac->ErrorCode |= HAL_DAC_ERROR_DMA;
 984              		.loc 1 1575 3 is_stmt 1 view .LVU274
 985              		.loc 1 1575 7 is_stmt 0 view .LVU275
 986 0004 2369     		ldr	r3, [r4, #16]
 987              		.loc 1 1575 19 view .LVU276
 988 0006 43F00403 		orr	r3, r3, #4
 989 000a 2361     		str	r3, [r4, #16]
1576:Drivers/STM32H7xx_HAL_Driver/Src/stm32h7xx_hal_dac.c **** 
1577:Drivers/STM32H7xx_HAL_Driver/Src/stm32h7xx_hal_dac.c **** #if (USE_HAL_DAC_REGISTER_CALLBACKS == 1)
1578:Drivers/STM32H7xx_HAL_Driver/Src/stm32h7xx_hal_dac.c ****   hdac->ErrorCallbackCh1(hdac);
1579:Drivers/STM32H7xx_HAL_Driver/Src/stm32h7xx_hal_dac.c **** #else
1580:Drivers/STM32H7xx_HAL_Driver/Src/stm32h7xx_hal_dac.c ****   HAL_DAC_ErrorCallbackCh1(hdac);
 990              		.loc 1 1580 3 is_stmt 1 view .LVU277
 991 000c 2046     		mov	r0, r4
 992              	.LVL77:
 993              		.loc 1 1580 3 is_stmt 0 view .LVU278
 994 000e FFF7FEFF 		bl	HAL_DAC_ErrorCallbackCh1
 995              	.LVL78:
1581:Drivers/STM32H7xx_HAL_Driver/Src/stm32h7xx_hal_dac.c **** #endif /* USE_HAL_DAC_REGISTER_CALLBACKS */
1582:Drivers/STM32H7xx_HAL_Driver/Src/stm32h7xx_hal_dac.c **** 
1583:Drivers/STM32H7xx_HAL_Driver/Src/stm32h7xx_hal_dac.c ****   hdac->State = HAL_DAC_STATE_READY;
 996              		.loc 1 1583 3 is_stmt 1 view .LVU279
 997              		.loc 1 1583 15 is_stmt 0 view .LVU280
 998 0012 0123     		movs	r3, #1
 999 0014 2371     		strb	r3, [r4, #4]
1584:Drivers/STM32H7xx_HAL_Driver/Src/stm32h7xx_hal_dac.c **** }
 1000              		.loc 1 1584 1 view .LVU281
 1001 0016 10BD     		pop	{r4, pc}
 1002              		.loc 1 1584 1 view .LVU282
 1003              		.cfi_endproc
 1004              	.LFE355:
 1006              		.section	.text.HAL_DAC_DMAUnderrunCallbackCh1,"ax",%progbits
 1007              		.align	1
 1008              		.weak	HAL_DAC_DMAUnderrunCallbackCh1
 1009              		.syntax unified
 1010              		.thumb
 1011              		.thumb_func
 1013              	HAL_DAC_DMAUnderrunCallbackCh1:
ARM GAS  C:\Users\Made\AppData\Local\Temp\ccJ7f769.s 			page 48


 1014              	.LVL79:
 1015              	.LFB348:
 964:Drivers/STM32H7xx_HAL_Driver/Src/stm32h7xx_hal_dac.c ****   /* Prevent unused argument(s) compilation warning */
 1016              		.loc 1 964 1 is_stmt 1 view -0
 1017              		.cfi_startproc
 1018              		@ args = 0, pretend = 0, frame = 0
 1019              		@ frame_needed = 0, uses_anonymous_args = 0
 1020              		@ link register save eliminated.
 966:Drivers/STM32H7xx_HAL_Driver/Src/stm32h7xx_hal_dac.c **** 
 1021              		.loc 1 966 3 view .LVU284
 971:Drivers/STM32H7xx_HAL_Driver/Src/stm32h7xx_hal_dac.c **** 
 1022              		.loc 1 971 1 is_stmt 0 view .LVU285
 1023 0000 7047     		bx	lr
 1024              		.cfi_endproc
 1025              	.LFE348:
 1027              		.section	.text.HAL_DAC_IRQHandler,"ax",%progbits
 1028              		.align	1
 1029              		.global	HAL_DAC_IRQHandler
 1030              		.syntax unified
 1031              		.thumb
 1032              		.thumb_func
 1034              	HAL_DAC_IRQHandler:
 1035              	.LVL80:
 1036              	.LFB343:
 800:Drivers/STM32H7xx_HAL_Driver/Src/stm32h7xx_hal_dac.c ****   uint32_t itsource = hdac->Instance->CR;
 1037              		.loc 1 800 1 is_stmt 1 view -0
 1038              		.cfi_startproc
 1039              		@ args = 0, pretend = 0, frame = 0
 1040              		@ frame_needed = 0, uses_anonymous_args = 0
 800:Drivers/STM32H7xx_HAL_Driver/Src/stm32h7xx_hal_dac.c ****   uint32_t itsource = hdac->Instance->CR;
 1041              		.loc 1 800 1 is_stmt 0 view .LVU287
 1042 0000 70B5     		push	{r4, r5, r6, lr}
 1043              	.LCFI21:
 1044              		.cfi_def_cfa_offset 16
 1045              		.cfi_offset 4, -16
 1046              		.cfi_offset 5, -12
 1047              		.cfi_offset 6, -8
 1048              		.cfi_offset 14, -4
 1049 0002 0446     		mov	r4, r0
 801:Drivers/STM32H7xx_HAL_Driver/Src/stm32h7xx_hal_dac.c ****   uint32_t itflag   = hdac->Instance->SR;
 1050              		.loc 1 801 3 is_stmt 1 view .LVU288
 801:Drivers/STM32H7xx_HAL_Driver/Src/stm32h7xx_hal_dac.c ****   uint32_t itflag   = hdac->Instance->SR;
 1051              		.loc 1 801 27 is_stmt 0 view .LVU289
 1052 0004 0368     		ldr	r3, [r0]
 801:Drivers/STM32H7xx_HAL_Driver/Src/stm32h7xx_hal_dac.c ****   uint32_t itflag   = hdac->Instance->SR;
 1053              		.loc 1 801 12 view .LVU290
 1054 0006 1D68     		ldr	r5, [r3]
 1055              	.LVL81:
 802:Drivers/STM32H7xx_HAL_Driver/Src/stm32h7xx_hal_dac.c **** 
 1056              		.loc 1 802 3 is_stmt 1 view .LVU291
 802:Drivers/STM32H7xx_HAL_Driver/Src/stm32h7xx_hal_dac.c **** 
 1057              		.loc 1 802 12 is_stmt 0 view .LVU292
 1058 0008 5E6B     		ldr	r6, [r3, #52]
 1059              	.LVL82:
 804:Drivers/STM32H7xx_HAL_Driver/Src/stm32h7xx_hal_dac.c ****   {
 1060              		.loc 1 804 3 is_stmt 1 view .LVU293
 804:Drivers/STM32H7xx_HAL_Driver/Src/stm32h7xx_hal_dac.c ****   {
ARM GAS  C:\Users\Made\AppData\Local\Temp\ccJ7f769.s 			page 49


 1061              		.loc 1 804 6 is_stmt 0 view .LVU294
 1062 000a 15F4005F 		tst	r5, #8192
 1063 000e 02D0     		beq	.L83
 807:Drivers/STM32H7xx_HAL_Driver/Src/stm32h7xx_hal_dac.c ****     {
 1064              		.loc 1 807 5 is_stmt 1 view .LVU295
 807:Drivers/STM32H7xx_HAL_Driver/Src/stm32h7xx_hal_dac.c ****     {
 1065              		.loc 1 807 8 is_stmt 0 view .LVU296
 1066 0010 16F4005F 		tst	r6, #8192
 1067 0014 06D1     		bne	.L86
 1068              	.LVL83:
 1069              	.L83:
 831:Drivers/STM32H7xx_HAL_Driver/Src/stm32h7xx_hal_dac.c ****   {
 1070              		.loc 1 831 3 is_stmt 1 view .LVU297
 831:Drivers/STM32H7xx_HAL_Driver/Src/stm32h7xx_hal_dac.c ****   {
 1071              		.loc 1 831 6 is_stmt 0 view .LVU298
 1072 0016 15F0005F 		tst	r5, #536870912
 1073 001a 02D0     		beq	.L82
 834:Drivers/STM32H7xx_HAL_Driver/Src/stm32h7xx_hal_dac.c ****     {
 1074              		.loc 1 834 5 is_stmt 1 view .LVU299
 834:Drivers/STM32H7xx_HAL_Driver/Src/stm32h7xx_hal_dac.c ****     {
 1075              		.loc 1 834 8 is_stmt 0 view .LVU300
 1076 001c 16F0005F 		tst	r6, #536870912
 1077 0020 11D1     		bne	.L87
 1078              	.L82:
 857:Drivers/STM32H7xx_HAL_Driver/Src/stm32h7xx_hal_dac.c **** 
 1079              		.loc 1 857 1 view .LVU301
 1080 0022 70BD     		pop	{r4, r5, r6, pc}
 1081              	.LVL84:
 1082              	.L86:
 810:Drivers/STM32H7xx_HAL_Driver/Src/stm32h7xx_hal_dac.c **** 
 1083              		.loc 1 810 7 is_stmt 1 view .LVU302
 810:Drivers/STM32H7xx_HAL_Driver/Src/stm32h7xx_hal_dac.c **** 
 1084              		.loc 1 810 19 is_stmt 0 view .LVU303
 1085 0024 0422     		movs	r2, #4
 1086 0026 0271     		strb	r2, [r0, #4]
 813:Drivers/STM32H7xx_HAL_Driver/Src/stm32h7xx_hal_dac.c **** 
 1087              		.loc 1 813 7 is_stmt 1 view .LVU304
 1088 0028 0269     		ldr	r2, [r0, #16]
 1089 002a 42F00102 		orr	r2, r2, #1
 1090 002e 0261     		str	r2, [r0, #16]
 816:Drivers/STM32H7xx_HAL_Driver/Src/stm32h7xx_hal_dac.c **** 
 1091              		.loc 1 816 7 view .LVU305
 1092 0030 4FF40052 		mov	r2, #8192
 1093 0034 5A63     		str	r2, [r3, #52]
 819:Drivers/STM32H7xx_HAL_Driver/Src/stm32h7xx_hal_dac.c **** 
 1094              		.loc 1 819 7 view .LVU306
 1095 0036 0268     		ldr	r2, [r0]
 1096 0038 1368     		ldr	r3, [r2]
 1097 003a 23F48053 		bic	r3, r3, #4096
 1098 003e 1360     		str	r3, [r2]
 825:Drivers/STM32H7xx_HAL_Driver/Src/stm32h7xx_hal_dac.c **** #endif /* USE_HAL_DAC_REGISTER_CALLBACKS */
 1099              		.loc 1 825 7 view .LVU307
 1100 0040 FFF7FEFF 		bl	HAL_DAC_DMAUnderrunCallbackCh1
 1101              	.LVL85:
 825:Drivers/STM32H7xx_HAL_Driver/Src/stm32h7xx_hal_dac.c **** #endif /* USE_HAL_DAC_REGISTER_CALLBACKS */
 1102              		.loc 1 825 7 is_stmt 0 view .LVU308
 1103 0044 E7E7     		b	.L83
ARM GAS  C:\Users\Made\AppData\Local\Temp\ccJ7f769.s 			page 50


 1104              	.L87:
 837:Drivers/STM32H7xx_HAL_Driver/Src/stm32h7xx_hal_dac.c **** 
 1105              		.loc 1 837 7 is_stmt 1 view .LVU309
 837:Drivers/STM32H7xx_HAL_Driver/Src/stm32h7xx_hal_dac.c **** 
 1106              		.loc 1 837 19 is_stmt 0 view .LVU310
 1107 0046 0423     		movs	r3, #4
 1108 0048 2371     		strb	r3, [r4, #4]
 840:Drivers/STM32H7xx_HAL_Driver/Src/stm32h7xx_hal_dac.c **** 
 1109              		.loc 1 840 7 is_stmt 1 view .LVU311
 1110 004a 2369     		ldr	r3, [r4, #16]
 1111 004c 43F00203 		orr	r3, r3, #2
 1112 0050 2361     		str	r3, [r4, #16]
 843:Drivers/STM32H7xx_HAL_Driver/Src/stm32h7xx_hal_dac.c **** 
 1113              		.loc 1 843 7 view .LVU312
 1114 0052 2368     		ldr	r3, [r4]
 1115 0054 4FF00052 		mov	r2, #536870912
 1116 0058 5A63     		str	r2, [r3, #52]
 846:Drivers/STM32H7xx_HAL_Driver/Src/stm32h7xx_hal_dac.c **** 
 1117              		.loc 1 846 7 view .LVU313
 1118 005a 2268     		ldr	r2, [r4]
 1119 005c 1368     		ldr	r3, [r2]
 1120 005e 23F08053 		bic	r3, r3, #268435456
 1121 0062 1360     		str	r3, [r2]
 852:Drivers/STM32H7xx_HAL_Driver/Src/stm32h7xx_hal_dac.c **** #endif /* USE_HAL_DAC_REGISTER_CALLBACKS */
 1122              		.loc 1 852 7 view .LVU314
 1123 0064 2046     		mov	r0, r4
 1124 0066 FFF7FEFF 		bl	HAL_DACEx_DMAUnderrunCallbackCh2
 1125              	.LVL86:
 857:Drivers/STM32H7xx_HAL_Driver/Src/stm32h7xx_hal_dac.c **** 
 1126              		.loc 1 857 1 is_stmt 0 view .LVU315
 1127 006a DAE7     		b	.L82
 1128              		.cfi_endproc
 1129              	.LFE343:
 1131              		.section	.text.HAL_DAC_GetValue,"ax",%progbits
 1132              		.align	1
 1133              		.global	HAL_DAC_GetValue
 1134              		.syntax unified
 1135              		.thumb
 1136              		.thumb_func
 1138              	HAL_DAC_GetValue:
 1139              	.LVL87:
 1140              	.LFB349:
1003:Drivers/STM32H7xx_HAL_Driver/Src/stm32h7xx_hal_dac.c ****   uint32_t result;
 1141              		.loc 1 1003 1 is_stmt 1 view -0
 1142              		.cfi_startproc
 1143              		@ args = 0, pretend = 0, frame = 0
 1144              		@ frame_needed = 0, uses_anonymous_args = 0
 1145              		@ link register save eliminated.
1004:Drivers/STM32H7xx_HAL_Driver/Src/stm32h7xx_hal_dac.c **** 
 1146              		.loc 1 1004 3 view .LVU317
1007:Drivers/STM32H7xx_HAL_Driver/Src/stm32h7xx_hal_dac.c **** 
 1147              		.loc 1 1007 3 view .LVU318
1010:Drivers/STM32H7xx_HAL_Driver/Src/stm32h7xx_hal_dac.c **** 
 1148              		.loc 1 1010 3 view .LVU319
1012:Drivers/STM32H7xx_HAL_Driver/Src/stm32h7xx_hal_dac.c ****   {
 1149              		.loc 1 1012 3 view .LVU320
1012:Drivers/STM32H7xx_HAL_Driver/Src/stm32h7xx_hal_dac.c ****   {
ARM GAS  C:\Users\Made\AppData\Local\Temp\ccJ7f769.s 			page 51


 1150              		.loc 1 1012 6 is_stmt 0 view .LVU321
 1151 0000 11B9     		cbnz	r1, .L89
1014:Drivers/STM32H7xx_HAL_Driver/Src/stm32h7xx_hal_dac.c ****   }
 1152              		.loc 1 1014 5 is_stmt 1 view .LVU322
1014:Drivers/STM32H7xx_HAL_Driver/Src/stm32h7xx_hal_dac.c ****   }
 1153              		.loc 1 1014 18 is_stmt 0 view .LVU323
 1154 0002 0368     		ldr	r3, [r0]
1014:Drivers/STM32H7xx_HAL_Driver/Src/stm32h7xx_hal_dac.c ****   }
 1155              		.loc 1 1014 12 view .LVU324
 1156 0004 D86A     		ldr	r0, [r3, #44]
 1157              	.LVL88:
1014:Drivers/STM32H7xx_HAL_Driver/Src/stm32h7xx_hal_dac.c ****   }
 1158              		.loc 1 1014 12 view .LVU325
 1159 0006 7047     		bx	lr
 1160              	.LVL89:
 1161              	.L89:
1019:Drivers/STM32H7xx_HAL_Driver/Src/stm32h7xx_hal_dac.c ****   }
 1162              		.loc 1 1019 5 is_stmt 1 view .LVU326
1019:Drivers/STM32H7xx_HAL_Driver/Src/stm32h7xx_hal_dac.c ****   }
 1163              		.loc 1 1019 18 is_stmt 0 view .LVU327
 1164 0008 0368     		ldr	r3, [r0]
1019:Drivers/STM32H7xx_HAL_Driver/Src/stm32h7xx_hal_dac.c ****   }
 1165              		.loc 1 1019 12 view .LVU328
 1166 000a 186B     		ldr	r0, [r3, #48]
 1167              	.LVL90:
1023:Drivers/STM32H7xx_HAL_Driver/Src/stm32h7xx_hal_dac.c **** }
 1168              		.loc 1 1023 3 is_stmt 1 view .LVU329
1024:Drivers/STM32H7xx_HAL_Driver/Src/stm32h7xx_hal_dac.c **** 
 1169              		.loc 1 1024 1 is_stmt 0 view .LVU330
 1170 000c 7047     		bx	lr
 1171              		.cfi_endproc
 1172              	.LFE349:
 1174              		.section	.text.HAL_DAC_ConfigChannel,"ax",%progbits
 1175              		.align	1
 1176              		.global	HAL_DAC_ConfigChannel
 1177              		.syntax unified
 1178              		.thumb
 1179              		.thumb_func
 1181              	HAL_DAC_ConfigChannel:
 1182              	.LVL91:
 1183              	.LFB350:
1039:Drivers/STM32H7xx_HAL_Driver/Src/stm32h7xx_hal_dac.c ****   HAL_StatusTypeDef status = HAL_OK;
 1184              		.loc 1 1039 1 is_stmt 1 view -0
 1185              		.cfi_startproc
 1186              		@ args = 0, pretend = 0, frame = 0
 1187              		@ frame_needed = 0, uses_anonymous_args = 0
1040:Drivers/STM32H7xx_HAL_Driver/Src/stm32h7xx_hal_dac.c ****   uint32_t tmpreg1;
 1188              		.loc 1 1040 3 view .LVU332
1041:Drivers/STM32H7xx_HAL_Driver/Src/stm32h7xx_hal_dac.c ****   uint32_t tmpreg2;
 1189              		.loc 1 1041 3 view .LVU333
1042:Drivers/STM32H7xx_HAL_Driver/Src/stm32h7xx_hal_dac.c ****   uint32_t tickstart;
 1190              		.loc 1 1042 3 view .LVU334
1043:Drivers/STM32H7xx_HAL_Driver/Src/stm32h7xx_hal_dac.c ****   uint32_t connectOnChip;
 1191              		.loc 1 1043 3 view .LVU335
1044:Drivers/STM32H7xx_HAL_Driver/Src/stm32h7xx_hal_dac.c **** 
 1192              		.loc 1 1044 3 view .LVU336
1047:Drivers/STM32H7xx_HAL_Driver/Src/stm32h7xx_hal_dac.c ****   {
ARM GAS  C:\Users\Made\AppData\Local\Temp\ccJ7f769.s 			page 52


 1193              		.loc 1 1047 3 view .LVU337
1047:Drivers/STM32H7xx_HAL_Driver/Src/stm32h7xx_hal_dac.c ****   {
 1194              		.loc 1 1047 6 is_stmt 0 view .LVU338
 1195 0000 0029     		cmp	r1, #0
 1196 0002 18BF     		it	ne
 1197 0004 0028     		cmpne	r0, #0
 1198 0006 00F0AB80 		beq	.L101
1039:Drivers/STM32H7xx_HAL_Driver/Src/stm32h7xx_hal_dac.c ****   HAL_StatusTypeDef status = HAL_OK;
 1199              		.loc 1 1039 1 view .LVU339
 1200 000a F8B5     		push	{r3, r4, r5, r6, r7, lr}
 1201              	.LCFI22:
 1202              		.cfi_def_cfa_offset 24
 1203              		.cfi_offset 3, -24
 1204              		.cfi_offset 4, -20
 1205              		.cfi_offset 5, -16
 1206              		.cfi_offset 6, -12
 1207              		.cfi_offset 7, -8
 1208              		.cfi_offset 14, -4
 1209 000c 1646     		mov	r6, r2
 1210 000e 0446     		mov	r4, r0
 1211 0010 0D46     		mov	r5, r1
1053:Drivers/STM32H7xx_HAL_Driver/Src/stm32h7xx_hal_dac.c ****   assert_param(IS_DAC_OUTPUT_BUFFER_STATE(sConfig->DAC_OutputBuffer));
 1212              		.loc 1 1053 3 is_stmt 1 view .LVU340
1054:Drivers/STM32H7xx_HAL_Driver/Src/stm32h7xx_hal_dac.c ****   assert_param(IS_DAC_CHIP_CONNECTION(sConfig->DAC_ConnectOnChipPeripheral));
 1213              		.loc 1 1054 3 view .LVU341
1055:Drivers/STM32H7xx_HAL_Driver/Src/stm32h7xx_hal_dac.c ****   assert_param(IS_DAC_TRIMMING(sConfig->DAC_UserTrimming));
 1214              		.loc 1 1055 3 view .LVU342
1056:Drivers/STM32H7xx_HAL_Driver/Src/stm32h7xx_hal_dac.c ****   if ((sConfig->DAC_UserTrimming) == DAC_TRIMMING_USER)
 1215              		.loc 1 1056 3 view .LVU343
1057:Drivers/STM32H7xx_HAL_Driver/Src/stm32h7xx_hal_dac.c ****   {
 1216              		.loc 1 1057 3 view .LVU344
1059:Drivers/STM32H7xx_HAL_Driver/Src/stm32h7xx_hal_dac.c ****   }
 1217              		.loc 1 1059 5 view .LVU345
1061:Drivers/STM32H7xx_HAL_Driver/Src/stm32h7xx_hal_dac.c ****   if ((sConfig->DAC_SampleAndHold) == DAC_SAMPLEANDHOLD_ENABLE)
 1218              		.loc 1 1061 3 view .LVU346
1062:Drivers/STM32H7xx_HAL_Driver/Src/stm32h7xx_hal_dac.c ****   {
 1219              		.loc 1 1062 3 view .LVU347
1071:Drivers/STM32H7xx_HAL_Driver/Src/stm32h7xx_hal_dac.c ****     {
 1220              		.loc 1 1071 5 view .LVU348
1073:Drivers/STM32H7xx_HAL_Driver/Src/stm32h7xx_hal_dac.c ****     }
 1221              		.loc 1 1073 7 view .LVU349
1076:Drivers/STM32H7xx_HAL_Driver/Src/stm32h7xx_hal_dac.c **** 
 1222              		.loc 1 1076 3 view .LVU350
1079:Drivers/STM32H7xx_HAL_Driver/Src/stm32h7xx_hal_dac.c **** 
 1223              		.loc 1 1079 3 view .LVU351
1079:Drivers/STM32H7xx_HAL_Driver/Src/stm32h7xx_hal_dac.c **** 
 1224              		.loc 1 1079 3 view .LVU352
 1225 0012 4379     		ldrb	r3, [r0, #5]	@ zero_extendqisi2
 1226 0014 012B     		cmp	r3, #1
 1227 0016 00F0A580 		beq	.L102
1079:Drivers/STM32H7xx_HAL_Driver/Src/stm32h7xx_hal_dac.c **** 
 1228              		.loc 1 1079 3 discriminator 2 view .LVU353
 1229 001a 0123     		movs	r3, #1
 1230 001c 4371     		strb	r3, [r0, #5]
1079:Drivers/STM32H7xx_HAL_Driver/Src/stm32h7xx_hal_dac.c **** 
 1231              		.loc 1 1079 3 discriminator 2 view .LVU354
1082:Drivers/STM32H7xx_HAL_Driver/Src/stm32h7xx_hal_dac.c **** 
ARM GAS  C:\Users\Made\AppData\Local\Temp\ccJ7f769.s 			page 53


 1232              		.loc 1 1082 3 view .LVU355
1082:Drivers/STM32H7xx_HAL_Driver/Src/stm32h7xx_hal_dac.c **** 
 1233              		.loc 1 1082 15 is_stmt 0 view .LVU356
 1234 001e 0223     		movs	r3, #2
 1235 0020 0371     		strb	r3, [r0, #4]
1085:Drivers/STM32H7xx_HAL_Driver/Src/stm32h7xx_hal_dac.c ****   {
 1236              		.loc 1 1085 3 is_stmt 1 view .LVU357
1085:Drivers/STM32H7xx_HAL_Driver/Src/stm32h7xx_hal_dac.c ****   {
 1237              		.loc 1 1085 14 is_stmt 0 view .LVU358
 1238 0022 0B68     		ldr	r3, [r1]
1085:Drivers/STM32H7xx_HAL_Driver/Src/stm32h7xx_hal_dac.c ****   {
 1239              		.loc 1 1085 6 view .LVU359
 1240 0024 042B     		cmp	r3, #4
 1241 0026 16D0     		beq	.L110
 1242              	.LVL92:
 1243              	.L93:
1147:Drivers/STM32H7xx_HAL_Driver/Src/stm32h7xx_hal_dac.c ****     /* USER TRIMMING */
 1244              		.loc 1 1147 3 is_stmt 1 view .LVU360
1147:Drivers/STM32H7xx_HAL_Driver/Src/stm32h7xx_hal_dac.c ****     /* USER TRIMMING */
 1245              		.loc 1 1147 14 is_stmt 0 view .LVU361
 1246 0028 2B69     		ldr	r3, [r5, #16]
1147:Drivers/STM32H7xx_HAL_Driver/Src/stm32h7xx_hal_dac.c ****     /* USER TRIMMING */
 1247              		.loc 1 1147 6 view .LVU362
 1248 002a 012B     		cmp	r3, #1
 1249 002c 5FD0     		beq	.L111
 1250              	.L99:
1165:Drivers/STM32H7xx_HAL_Driver/Src/stm32h7xx_hal_dac.c ****   /* Clear DAC_MCR_MODEx bits */
 1251              		.loc 1 1165 3 is_stmt 1 view .LVU363
1165:Drivers/STM32H7xx_HAL_Driver/Src/stm32h7xx_hal_dac.c ****   /* Clear DAC_MCR_MODEx bits */
 1252              		.loc 1 1165 17 is_stmt 0 view .LVU364
 1253 002e 2068     		ldr	r0, [r4]
1165:Drivers/STM32H7xx_HAL_Driver/Src/stm32h7xx_hal_dac.c ****   /* Clear DAC_MCR_MODEx bits */
 1254              		.loc 1 1165 11 view .LVU365
 1255 0030 C16B     		ldr	r1, [r0, #60]
 1256              	.LVL93:
1167:Drivers/STM32H7xx_HAL_Driver/Src/stm32h7xx_hal_dac.c ****   /* Configure for the selected DAC channel: mode, buffer output & on chip peripheral connect */
 1257              		.loc 1 1167 3 is_stmt 1 view .LVU366
1167:Drivers/STM32H7xx_HAL_Driver/Src/stm32h7xx_hal_dac.c ****   /* Configure for the selected DAC channel: mode, buffer output & on chip peripheral connect */
 1258              		.loc 1 1167 56 is_stmt 0 view .LVU367
 1259 0032 06F01002 		and	r2, r6, #16
1167:Drivers/STM32H7xx_HAL_Driver/Src/stm32h7xx_hal_dac.c ****   /* Configure for the selected DAC channel: mode, buffer output & on chip peripheral connect */
 1260              		.loc 1 1167 44 view .LVU368
 1261 0036 0723     		movs	r3, #7
 1262 0038 9340     		lsls	r3, r3, r2
1167:Drivers/STM32H7xx_HAL_Driver/Src/stm32h7xx_hal_dac.c ****   /* Configure for the selected DAC channel: mode, buffer output & on chip peripheral connect */
 1263              		.loc 1 1167 11 view .LVU369
 1264 003a 21EA0301 		bic	r1, r1, r3
 1265              	.LVL94:
1171:Drivers/STM32H7xx_HAL_Driver/Src/stm32h7xx_hal_dac.c ****   {
 1266              		.loc 1 1171 3 is_stmt 1 view .LVU370
1171:Drivers/STM32H7xx_HAL_Driver/Src/stm32h7xx_hal_dac.c ****   {
 1267              		.loc 1 1171 14 is_stmt 0 view .LVU371
 1268 003e EB68     		ldr	r3, [r5, #12]
1171:Drivers/STM32H7xx_HAL_Driver/Src/stm32h7xx_hal_dac.c ****   {
 1269              		.loc 1 1171 6 view .LVU372
 1270 0040 012B     		cmp	r3, #1
 1271 0042 61D0     		beq	.L103
ARM GAS  C:\Users\Made\AppData\Local\Temp\ccJ7f769.s 			page 54


1175:Drivers/STM32H7xx_HAL_Driver/Src/stm32h7xx_hal_dac.c ****   {
 1272              		.loc 1 1175 8 is_stmt 1 view .LVU373
1175:Drivers/STM32H7xx_HAL_Driver/Src/stm32h7xx_hal_dac.c ****   {
 1273              		.loc 1 1175 11 is_stmt 0 view .LVU374
 1274 0044 022B     		cmp	r3, #2
 1275 0046 00F08780 		beq	.L104
1181:Drivers/STM32H7xx_HAL_Driver/Src/stm32h7xx_hal_dac.c ****     {
 1276              		.loc 1 1181 5 is_stmt 1 view .LVU375
1181:Drivers/STM32H7xx_HAL_Driver/Src/stm32h7xx_hal_dac.c ****     {
 1277              		.loc 1 1181 16 is_stmt 0 view .LVU376
 1278 004a AB68     		ldr	r3, [r5, #8]
1181:Drivers/STM32H7xx_HAL_Driver/Src/stm32h7xx_hal_dac.c ****     {
 1279              		.loc 1 1181 8 view .LVU377
 1280 004c 002B     		cmp	r3, #0
 1281 004e 40F08580 		bne	.L105
1183:Drivers/STM32H7xx_HAL_Driver/Src/stm32h7xx_hal_dac.c ****     }
 1282              		.loc 1 1183 21 view .LVU378
 1283 0052 0127     		movs	r7, #1
 1284 0054 59E0     		b	.L100
 1285              	.LVL95:
 1286              	.L110:
1088:Drivers/STM32H7xx_HAL_Driver/Src/stm32h7xx_hal_dac.c **** 
 1287              		.loc 1 1088 5 is_stmt 1 view .LVU379
1088:Drivers/STM32H7xx_HAL_Driver/Src/stm32h7xx_hal_dac.c **** 
 1288              		.loc 1 1088 17 is_stmt 0 view .LVU380
 1289 0056 FFF7FEFF 		bl	HAL_GetTick
 1290              	.LVL96:
1088:Drivers/STM32H7xx_HAL_Driver/Src/stm32h7xx_hal_dac.c **** 
 1291              		.loc 1 1088 17 view .LVU381
 1292 005a 0746     		mov	r7, r0
 1293              	.LVL97:
1090:Drivers/STM32H7xx_HAL_Driver/Src/stm32h7xx_hal_dac.c ****     {
 1294              		.loc 1 1090 5 is_stmt 1 view .LVU382
1090:Drivers/STM32H7xx_HAL_Driver/Src/stm32h7xx_hal_dac.c ****     {
 1295              		.loc 1 1090 8 is_stmt 0 view .LVU383
 1296 005c 9EB1     		cbz	r6, .L94
 1297              	.LVL98:
 1298              	.L95:
1117:Drivers/STM32H7xx_HAL_Driver/Src/stm32h7xx_hal_dac.c ****       {
 1299              		.loc 1 1117 52 is_stmt 1 view .LVU384
1117:Drivers/STM32H7xx_HAL_Driver/Src/stm32h7xx_hal_dac.c ****       {
 1300              		.loc 1 1117 20 is_stmt 0 view .LVU385
 1301 005e 2368     		ldr	r3, [r4]
1117:Drivers/STM32H7xx_HAL_Driver/Src/stm32h7xx_hal_dac.c ****       {
 1302              		.loc 1 1117 30 view .LVU386
 1303 0060 5A6B     		ldr	r2, [r3, #52]
1117:Drivers/STM32H7xx_HAL_Driver/Src/stm32h7xx_hal_dac.c ****       {
 1304              		.loc 1 1117 52 view .LVU387
 1305 0062 002A     		cmp	r2, #0
 1306 0064 40DA     		bge	.L112
1120:Drivers/STM32H7xx_HAL_Driver/Src/stm32h7xx_hal_dac.c ****         {
 1307              		.loc 1 1120 9 is_stmt 1 view .LVU388
1120:Drivers/STM32H7xx_HAL_Driver/Src/stm32h7xx_hal_dac.c ****         {
 1308              		.loc 1 1120 14 is_stmt 0 view .LVU389
 1309 0066 FFF7FEFF 		bl	HAL_GetTick
 1310              	.LVL99:
1120:Drivers/STM32H7xx_HAL_Driver/Src/stm32h7xx_hal_dac.c ****         {
ARM GAS  C:\Users\Made\AppData\Local\Temp\ccJ7f769.s 			page 55


 1311              		.loc 1 1120 28 discriminator 1 view .LVU390
 1312 006a C01B     		subs	r0, r0, r7
1120:Drivers/STM32H7xx_HAL_Driver/Src/stm32h7xx_hal_dac.c ****         {
 1313              		.loc 1 1120 12 discriminator 1 view .LVU391
 1314 006c 0128     		cmp	r0, #1
 1315 006e F6D9     		bls	.L95
1123:Drivers/STM32H7xx_HAL_Driver/Src/stm32h7xx_hal_dac.c ****           {
 1316              		.loc 1 1123 11 is_stmt 1 view .LVU392
1123:Drivers/STM32H7xx_HAL_Driver/Src/stm32h7xx_hal_dac.c ****           {
 1317              		.loc 1 1123 21 is_stmt 0 view .LVU393
 1318 0070 2368     		ldr	r3, [r4]
1123:Drivers/STM32H7xx_HAL_Driver/Src/stm32h7xx_hal_dac.c ****           {
 1319              		.loc 1 1123 31 view .LVU394
 1320 0072 5B6B     		ldr	r3, [r3, #52]
1123:Drivers/STM32H7xx_HAL_Driver/Src/stm32h7xx_hal_dac.c ****           {
 1321              		.loc 1 1123 14 view .LVU395
 1322 0074 002B     		cmp	r3, #0
 1323 0076 F2DA     		bge	.L95
1126:Drivers/STM32H7xx_HAL_Driver/Src/stm32h7xx_hal_dac.c **** 
 1324              		.loc 1 1126 13 is_stmt 1 view .LVU396
 1325 0078 2369     		ldr	r3, [r4, #16]
 1326 007a 43F00803 		orr	r3, r3, #8
 1327 007e 2361     		str	r3, [r4, #16]
1129:Drivers/STM32H7xx_HAL_Driver/Src/stm32h7xx_hal_dac.c **** 
 1328              		.loc 1 1129 13 view .LVU397
1129:Drivers/STM32H7xx_HAL_Driver/Src/stm32h7xx_hal_dac.c **** 
 1329              		.loc 1 1129 25 is_stmt 0 view .LVU398
 1330 0080 0320     		movs	r0, #3
 1331 0082 2071     		strb	r0, [r4, #4]
1131:Drivers/STM32H7xx_HAL_Driver/Src/stm32h7xx_hal_dac.c ****           }
 1332              		.loc 1 1131 13 is_stmt 1 view .LVU399
1131:Drivers/STM32H7xx_HAL_Driver/Src/stm32h7xx_hal_dac.c ****           }
 1333              		.loc 1 1131 20 is_stmt 0 view .LVU400
 1334 0084 67E0     		b	.L92
 1335              	.L94:
1093:Drivers/STM32H7xx_HAL_Driver/Src/stm32h7xx_hal_dac.c ****       {
 1336              		.loc 1 1093 52 is_stmt 1 view .LVU401
1093:Drivers/STM32H7xx_HAL_Driver/Src/stm32h7xx_hal_dac.c ****       {
 1337              		.loc 1 1093 20 is_stmt 0 view .LVU402
 1338 0086 2268     		ldr	r2, [r4]
1093:Drivers/STM32H7xx_HAL_Driver/Src/stm32h7xx_hal_dac.c ****       {
 1339              		.loc 1 1093 30 view .LVU403
 1340 0088 516B     		ldr	r1, [r2, #52]
1093:Drivers/STM32H7xx_HAL_Driver/Src/stm32h7xx_hal_dac.c ****       {
 1341              		.loc 1 1093 36 view .LVU404
 1342 008a 374B     		ldr	r3, .L114
 1343 008c 0B40     		ands	r3, r3, r1
1093:Drivers/STM32H7xx_HAL_Driver/Src/stm32h7xx_hal_dac.c ****       {
 1344              		.loc 1 1093 52 view .LVU405
 1345 008e 8BB1     		cbz	r3, .L113
1096:Drivers/STM32H7xx_HAL_Driver/Src/stm32h7xx_hal_dac.c ****         {
 1346              		.loc 1 1096 9 is_stmt 1 view .LVU406
1096:Drivers/STM32H7xx_HAL_Driver/Src/stm32h7xx_hal_dac.c ****         {
 1347              		.loc 1 1096 14 is_stmt 0 view .LVU407
 1348 0090 FFF7FEFF 		bl	HAL_GetTick
 1349              	.LVL100:
1096:Drivers/STM32H7xx_HAL_Driver/Src/stm32h7xx_hal_dac.c ****         {
ARM GAS  C:\Users\Made\AppData\Local\Temp\ccJ7f769.s 			page 56


 1350              		.loc 1 1096 28 discriminator 1 view .LVU408
 1351 0094 C01B     		subs	r0, r0, r7
1096:Drivers/STM32H7xx_HAL_Driver/Src/stm32h7xx_hal_dac.c ****         {
 1352              		.loc 1 1096 12 discriminator 1 view .LVU409
 1353 0096 0128     		cmp	r0, #1
 1354 0098 F5D9     		bls	.L94
1099:Drivers/STM32H7xx_HAL_Driver/Src/stm32h7xx_hal_dac.c ****           {
 1355              		.loc 1 1099 11 is_stmt 1 view .LVU410
1099:Drivers/STM32H7xx_HAL_Driver/Src/stm32h7xx_hal_dac.c ****           {
 1356              		.loc 1 1099 21 is_stmt 0 view .LVU411
 1357 009a 2368     		ldr	r3, [r4]
1099:Drivers/STM32H7xx_HAL_Driver/Src/stm32h7xx_hal_dac.c ****           {
 1358              		.loc 1 1099 31 view .LVU412
 1359 009c 5A6B     		ldr	r2, [r3, #52]
1099:Drivers/STM32H7xx_HAL_Driver/Src/stm32h7xx_hal_dac.c ****           {
 1360              		.loc 1 1099 37 view .LVU413
 1361 009e 324B     		ldr	r3, .L114
 1362 00a0 1340     		ands	r3, r3, r2
1099:Drivers/STM32H7xx_HAL_Driver/Src/stm32h7xx_hal_dac.c ****           {
 1363              		.loc 1 1099 14 view .LVU414
 1364 00a2 002B     		cmp	r3, #0
 1365 00a4 EFD0     		beq	.L94
1102:Drivers/STM32H7xx_HAL_Driver/Src/stm32h7xx_hal_dac.c **** 
 1366              		.loc 1 1102 13 is_stmt 1 view .LVU415
 1367 00a6 2369     		ldr	r3, [r4, #16]
 1368 00a8 43F00803 		orr	r3, r3, #8
 1369 00ac 2361     		str	r3, [r4, #16]
1105:Drivers/STM32H7xx_HAL_Driver/Src/stm32h7xx_hal_dac.c **** 
 1370              		.loc 1 1105 13 view .LVU416
1105:Drivers/STM32H7xx_HAL_Driver/Src/stm32h7xx_hal_dac.c **** 
 1371              		.loc 1 1105 25 is_stmt 0 view .LVU417
 1372 00ae 0320     		movs	r0, #3
 1373 00b0 2071     		strb	r0, [r4, #4]
1107:Drivers/STM32H7xx_HAL_Driver/Src/stm32h7xx_hal_dac.c ****           }
 1374              		.loc 1 1107 13 is_stmt 1 view .LVU418
1107:Drivers/STM32H7xx_HAL_Driver/Src/stm32h7xx_hal_dac.c ****           }
 1375              		.loc 1 1107 20 is_stmt 0 view .LVU419
 1376 00b2 50E0     		b	.L92
 1377              	.L113:
1111:Drivers/STM32H7xx_HAL_Driver/Src/stm32h7xx_hal_dac.c ****     }
 1378              		.loc 1 1111 7 is_stmt 1 view .LVU420
1111:Drivers/STM32H7xx_HAL_Driver/Src/stm32h7xx_hal_dac.c ****     }
 1379              		.loc 1 1111 63 is_stmt 0 view .LVU421
 1380 00b4 AB69     		ldr	r3, [r5, #24]
1111:Drivers/STM32H7xx_HAL_Driver/Src/stm32h7xx_hal_dac.c ****     }
 1381              		.loc 1 1111 29 view .LVU422
 1382 00b6 1364     		str	r3, [r2, #64]
 1383              	.L97:
1140:Drivers/STM32H7xx_HAL_Driver/Src/stm32h7xx_hal_dac.c ****                (sConfig->DAC_SampleAndHoldConfig.DAC_HoldTime) << (Channel & 0x10UL));
 1384              		.loc 1 1140 5 is_stmt 1 view .LVU423
 1385 00b8 2068     		ldr	r0, [r4]
 1386 00ba 836C     		ldr	r3, [r0, #72]
 1387 00bc 06F01002 		and	r2, r6, #16
 1388 00c0 40F2FF31 		movw	r1, #1023
 1389 00c4 9140     		lsls	r1, r1, r2
 1390 00c6 23EA0103 		bic	r3, r3, r1
 1391 00ca E969     		ldr	r1, [r5, #28]
ARM GAS  C:\Users\Made\AppData\Local\Temp\ccJ7f769.s 			page 57


 1392 00cc 9140     		lsls	r1, r1, r2
 1393 00ce 0B43     		orrs	r3, r3, r1
 1394 00d0 8364     		str	r3, [r0, #72]
1143:Drivers/STM32H7xx_HAL_Driver/Src/stm32h7xx_hal_dac.c ****                (sConfig->DAC_SampleAndHoldConfig.DAC_RefreshTime) << (Channel & 0x10UL));
 1395              		.loc 1 1143 5 view .LVU424
 1396 00d2 2068     		ldr	r0, [r4]
 1397 00d4 C36C     		ldr	r3, [r0, #76]
 1398 00d6 FF21     		movs	r1, #255
 1399 00d8 9140     		lsls	r1, r1, r2
 1400 00da 23EA0103 		bic	r3, r3, r1
 1401 00de 296A     		ldr	r1, [r5, #32]
 1402 00e0 9140     		lsls	r1, r1, r2
 1403 00e2 0B43     		orrs	r3, r3, r1
 1404 00e4 C364     		str	r3, [r0, #76]
 1405 00e6 9FE7     		b	.L93
 1406              	.L112:
1135:Drivers/STM32H7xx_HAL_Driver/Src/stm32h7xx_hal_dac.c ****     }
 1407              		.loc 1 1135 7 view .LVU425
1135:Drivers/STM32H7xx_HAL_Driver/Src/stm32h7xx_hal_dac.c ****     }
 1408              		.loc 1 1135 63 is_stmt 0 view .LVU426
 1409 00e8 AA69     		ldr	r2, [r5, #24]
1135:Drivers/STM32H7xx_HAL_Driver/Src/stm32h7xx_hal_dac.c ****     }
 1410              		.loc 1 1135 29 view .LVU427
 1411 00ea 5A64     		str	r2, [r3, #68]
 1412 00ec E4E7     		b	.L97
 1413              	.LVL101:
 1414              	.L111:
1151:Drivers/STM32H7xx_HAL_Driver/Src/stm32h7xx_hal_dac.c ****     /* Clear trimming value */
 1415              		.loc 1 1151 5 is_stmt 1 view .LVU428
1151:Drivers/STM32H7xx_HAL_Driver/Src/stm32h7xx_hal_dac.c ****     /* Clear trimming value */
 1416              		.loc 1 1151 19 is_stmt 0 view .LVU429
 1417 00ee 2168     		ldr	r1, [r4]
1151:Drivers/STM32H7xx_HAL_Driver/Src/stm32h7xx_hal_dac.c ****     /* Clear trimming value */
 1418              		.loc 1 1151 13 view .LVU430
 1419 00f0 8A6B     		ldr	r2, [r1, #56]
 1420              	.LVL102:
1153:Drivers/STM32H7xx_HAL_Driver/Src/stm32h7xx_hal_dac.c ****     /* Configure for the selected trimming offset */
 1421              		.loc 1 1153 5 is_stmt 1 view .LVU431
1153:Drivers/STM32H7xx_HAL_Driver/Src/stm32h7xx_hal_dac.c ****     /* Configure for the selected trimming offset */
 1422              		.loc 1 1153 59 is_stmt 0 view .LVU432
 1423 00f2 06F01000 		and	r0, r6, #16
1153:Drivers/STM32H7xx_HAL_Driver/Src/stm32h7xx_hal_dac.c ****     /* Configure for the selected trimming offset */
 1424              		.loc 1 1153 47 view .LVU433
 1425 00f6 1F23     		movs	r3, #31
 1426 00f8 8340     		lsls	r3, r3, r0
1153:Drivers/STM32H7xx_HAL_Driver/Src/stm32h7xx_hal_dac.c ****     /* Configure for the selected trimming offset */
 1427              		.loc 1 1153 13 view .LVU434
 1428 00fa 22EA0302 		bic	r2, r2, r3
 1429              	.LVL103:
1155:Drivers/STM32H7xx_HAL_Driver/Src/stm32h7xx_hal_dac.c ****     /* Calculate CCR register value depending on DAC_Channel */
 1430              		.loc 1 1155 5 is_stmt 1 view .LVU435
1155:Drivers/STM32H7xx_HAL_Driver/Src/stm32h7xx_hal_dac.c ****     /* Calculate CCR register value depending on DAC_Channel */
 1431              		.loc 1 1155 13 is_stmt 0 view .LVU436
 1432 00fe 6B69     		ldr	r3, [r5, #20]
 1433              	.LVL104:
1157:Drivers/STM32H7xx_HAL_Driver/Src/stm32h7xx_hal_dac.c ****     /* Write to DAC CCR */
 1434              		.loc 1 1157 5 is_stmt 1 view .LVU437
ARM GAS  C:\Users\Made\AppData\Local\Temp\ccJ7f769.s 			page 58


1157:Drivers/STM32H7xx_HAL_Driver/Src/stm32h7xx_hal_dac.c ****     /* Write to DAC CCR */
 1435              		.loc 1 1157 24 is_stmt 0 view .LVU438
 1436 0100 8340     		lsls	r3, r3, r0
 1437              	.LVL105:
1157:Drivers/STM32H7xx_HAL_Driver/Src/stm32h7xx_hal_dac.c ****     /* Write to DAC CCR */
 1438              		.loc 1 1157 13 view .LVU439
 1439 0102 1343     		orrs	r3, r3, r2
 1440              	.LVL106:
1159:Drivers/STM32H7xx_HAL_Driver/Src/stm32h7xx_hal_dac.c ****   }
 1441              		.loc 1 1159 5 is_stmt 1 view .LVU440
1159:Drivers/STM32H7xx_HAL_Driver/Src/stm32h7xx_hal_dac.c ****   }
 1442              		.loc 1 1159 25 is_stmt 0 view .LVU441
 1443 0104 8B63     		str	r3, [r1, #56]
 1444              	.LVL107:
1159:Drivers/STM32H7xx_HAL_Driver/Src/stm32h7xx_hal_dac.c ****   }
 1445              		.loc 1 1159 25 view .LVU442
 1446 0106 92E7     		b	.L99
 1447              	.LVL108:
 1448              	.L103:
1173:Drivers/STM32H7xx_HAL_Driver/Src/stm32h7xx_hal_dac.c ****   }
 1449              		.loc 1 1173 19 view .LVU443
 1450 0108 0027     		movs	r7, #0
 1451              	.L100:
 1452              	.LVL109:
1190:Drivers/STM32H7xx_HAL_Driver/Src/stm32h7xx_hal_dac.c ****   /* Calculate MCR register value depending on DAC_Channel */
 1453              		.loc 1 1190 3 is_stmt 1 view .LVU444
1190:Drivers/STM32H7xx_HAL_Driver/Src/stm32h7xx_hal_dac.c ****   /* Calculate MCR register value depending on DAC_Channel */
 1454              		.loc 1 1190 21 is_stmt 0 view .LVU445
 1455 010a 2B68     		ldr	r3, [r5]
1190:Drivers/STM32H7xx_HAL_Driver/Src/stm32h7xx_hal_dac.c ****   /* Calculate MCR register value depending on DAC_Channel */
 1456              		.loc 1 1190 50 view .LVU446
 1457 010c AE68     		ldr	r6, [r5, #8]
 1458              	.LVL110:
1190:Drivers/STM32H7xx_HAL_Driver/Src/stm32h7xx_hal_dac.c ****   /* Calculate MCR register value depending on DAC_Channel */
 1459              		.loc 1 1190 41 view .LVU447
 1460 010e 3343     		orrs	r3, r3, r6
1190:Drivers/STM32H7xx_HAL_Driver/Src/stm32h7xx_hal_dac.c ****   /* Calculate MCR register value depending on DAC_Channel */
 1461              		.loc 1 1190 11 view .LVU448
 1462 0110 3B43     		orrs	r3, r3, r7
 1463              	.LVL111:
1192:Drivers/STM32H7xx_HAL_Driver/Src/stm32h7xx_hal_dac.c ****   /* Write to DAC MCR */
 1464              		.loc 1 1192 3 is_stmt 1 view .LVU449
1192:Drivers/STM32H7xx_HAL_Driver/Src/stm32h7xx_hal_dac.c ****   /* Write to DAC MCR */
 1465              		.loc 1 1192 22 is_stmt 0 view .LVU450
 1466 0112 9340     		lsls	r3, r3, r2
 1467              	.LVL112:
1192:Drivers/STM32H7xx_HAL_Driver/Src/stm32h7xx_hal_dac.c ****   /* Write to DAC MCR */
 1468              		.loc 1 1192 11 view .LVU451
 1469 0114 0B43     		orrs	r3, r3, r1
 1470              	.LVL113:
1194:Drivers/STM32H7xx_HAL_Driver/Src/stm32h7xx_hal_dac.c **** 
 1471              		.loc 1 1194 3 is_stmt 1 view .LVU452
1194:Drivers/STM32H7xx_HAL_Driver/Src/stm32h7xx_hal_dac.c **** 
 1472              		.loc 1 1194 23 is_stmt 0 view .LVU453
 1473 0116 C363     		str	r3, [r0, #60]
 1474              	.LVL114:
1197:Drivers/STM32H7xx_HAL_Driver/Src/stm32h7xx_hal_dac.c **** 
ARM GAS  C:\Users\Made\AppData\Local\Temp\ccJ7f769.s 			page 59


 1475              		.loc 1 1197 3 is_stmt 1 view .LVU454
 1476 0118 2068     		ldr	r0, [r4]
 1477 011a 0368     		ldr	r3, [r0]
 1478              	.LVL115:
1197:Drivers/STM32H7xx_HAL_Driver/Src/stm32h7xx_hal_dac.c **** 
 1479              		.loc 1 1197 3 is_stmt 0 view .LVU455
 1480 011c 4FF48041 		mov	r1, #16384
 1481 0120 9140     		lsls	r1, r1, r2
 1482 0122 23EA0103 		bic	r3, r3, r1
 1483 0126 0360     		str	r3, [r0]
1200:Drivers/STM32H7xx_HAL_Driver/Src/stm32h7xx_hal_dac.c ****   /* Clear TENx, TSELx, WAVEx and MAMPx bits */
 1484              		.loc 1 1200 3 is_stmt 1 view .LVU456
1200:Drivers/STM32H7xx_HAL_Driver/Src/stm32h7xx_hal_dac.c ****   /* Clear TENx, TSELx, WAVEx and MAMPx bits */
 1485              		.loc 1 1200 17 is_stmt 0 view .LVU457
 1486 0128 2068     		ldr	r0, [r4]
1200:Drivers/STM32H7xx_HAL_Driver/Src/stm32h7xx_hal_dac.c ****   /* Clear TENx, TSELx, WAVEx and MAMPx bits */
 1487              		.loc 1 1200 11 view .LVU458
 1488 012a 0168     		ldr	r1, [r0]
 1489              	.LVL116:
1202:Drivers/STM32H7xx_HAL_Driver/Src/stm32h7xx_hal_dac.c ****   /* Configure for the selected DAC channel: trigger */
 1490              		.loc 1 1202 3 is_stmt 1 view .LVU459
1202:Drivers/STM32H7xx_HAL_Driver/Src/stm32h7xx_hal_dac.c ****   /* Configure for the selected DAC channel: trigger */
 1491              		.loc 1 1202 87 is_stmt 0 view .LVU460
 1492 012c 40F6FE73 		movw	r3, #4094
 1493 0130 9340     		lsls	r3, r3, r2
1202:Drivers/STM32H7xx_HAL_Driver/Src/stm32h7xx_hal_dac.c ****   /* Configure for the selected DAC channel: trigger */
 1494              		.loc 1 1202 11 view .LVU461
 1495 0132 21EA0301 		bic	r1, r1, r3
 1496              	.LVL117:
1205:Drivers/STM32H7xx_HAL_Driver/Src/stm32h7xx_hal_dac.c ****   /* Calculate CR register value depending on DAC_Channel */
 1497              		.loc 1 1205 3 is_stmt 1 view .LVU462
1205:Drivers/STM32H7xx_HAL_Driver/Src/stm32h7xx_hal_dac.c ****   /* Calculate CR register value depending on DAC_Channel */
 1498              		.loc 1 1205 11 is_stmt 0 view .LVU463
 1499 0136 6B68     		ldr	r3, [r5, #4]
 1500              	.LVL118:
1207:Drivers/STM32H7xx_HAL_Driver/Src/stm32h7xx_hal_dac.c ****   /* Write to DAC CR */
 1501              		.loc 1 1207 3 is_stmt 1 view .LVU464
1207:Drivers/STM32H7xx_HAL_Driver/Src/stm32h7xx_hal_dac.c ****   /* Write to DAC CR */
 1502              		.loc 1 1207 22 is_stmt 0 view .LVU465
 1503 0138 9340     		lsls	r3, r3, r2
 1504              	.LVL119:
1207:Drivers/STM32H7xx_HAL_Driver/Src/stm32h7xx_hal_dac.c ****   /* Write to DAC CR */
 1505              		.loc 1 1207 11 view .LVU466
 1506 013a 0B43     		orrs	r3, r3, r1
 1507              	.LVL120:
1209:Drivers/STM32H7xx_HAL_Driver/Src/stm32h7xx_hal_dac.c ****   /* Disable wave generation */
 1508              		.loc 1 1209 3 is_stmt 1 view .LVU467
1209:Drivers/STM32H7xx_HAL_Driver/Src/stm32h7xx_hal_dac.c ****   /* Disable wave generation */
 1509              		.loc 1 1209 22 is_stmt 0 view .LVU468
 1510 013c 0360     		str	r3, [r0]
 1511              	.LVL121:
1211:Drivers/STM32H7xx_HAL_Driver/Src/stm32h7xx_hal_dac.c **** 
 1512              		.loc 1 1211 3 is_stmt 1 view .LVU469
 1513 013e 2068     		ldr	r0, [r4]
 1514 0140 0368     		ldr	r3, [r0]
 1515              	.LVL122:
1211:Drivers/STM32H7xx_HAL_Driver/Src/stm32h7xx_hal_dac.c **** 
ARM GAS  C:\Users\Made\AppData\Local\Temp\ccJ7f769.s 			page 60


 1516              		.loc 1 1211 3 is_stmt 0 view .LVU470
 1517 0142 C021     		movs	r1, #192
 1518 0144 01FA02F2 		lsl	r2, r1, r2
 1519 0148 23EA0203 		bic	r3, r3, r2
 1520 014c 0360     		str	r3, [r0]
1214:Drivers/STM32H7xx_HAL_Driver/Src/stm32h7xx_hal_dac.c **** 
 1521              		.loc 1 1214 3 is_stmt 1 view .LVU471
1214:Drivers/STM32H7xx_HAL_Driver/Src/stm32h7xx_hal_dac.c **** 
 1522              		.loc 1 1214 15 is_stmt 0 view .LVU472
 1523 014e 0123     		movs	r3, #1
 1524 0150 2371     		strb	r3, [r4, #4]
1217:Drivers/STM32H7xx_HAL_Driver/Src/stm32h7xx_hal_dac.c **** 
 1525              		.loc 1 1217 3 is_stmt 1 view .LVU473
1217:Drivers/STM32H7xx_HAL_Driver/Src/stm32h7xx_hal_dac.c **** 
 1526              		.loc 1 1217 3 view .LVU474
 1527 0152 0020     		movs	r0, #0
 1528 0154 6071     		strb	r0, [r4, #5]
1217:Drivers/STM32H7xx_HAL_Driver/Src/stm32h7xx_hal_dac.c **** 
 1529              		.loc 1 1217 3 view .LVU475
1220:Drivers/STM32H7xx_HAL_Driver/Src/stm32h7xx_hal_dac.c **** }
 1530              		.loc 1 1220 3 view .LVU476
 1531              	.LVL123:
 1532              	.L92:
1221:Drivers/STM32H7xx_HAL_Driver/Src/stm32h7xx_hal_dac.c **** 
 1533              		.loc 1 1221 1 is_stmt 0 view .LVU477
 1534 0156 F8BD     		pop	{r3, r4, r5, r6, r7, pc}
 1535              	.LVL124:
 1536              	.L104:
1177:Drivers/STM32H7xx_HAL_Driver/Src/stm32h7xx_hal_dac.c ****   }
 1537              		.loc 1 1177 19 view .LVU478
 1538 0158 0127     		movs	r7, #1
 1539 015a D6E7     		b	.L100
 1540              	.L105:
1187:Drivers/STM32H7xx_HAL_Driver/Src/stm32h7xx_hal_dac.c ****     }
 1541              		.loc 1 1187 21 view .LVU479
 1542 015c 0027     		movs	r7, #0
 1543 015e D4E7     		b	.L100
 1544              	.LVL125:
 1545              	.L101:
 1546              	.LCFI23:
 1547              		.cfi_def_cfa_offset 0
 1548              		.cfi_restore 3
 1549              		.cfi_restore 4
 1550              		.cfi_restore 5
 1551              		.cfi_restore 6
 1552              		.cfi_restore 7
 1553              		.cfi_restore 14
1049:Drivers/STM32H7xx_HAL_Driver/Src/stm32h7xx_hal_dac.c ****   }
 1554              		.loc 1 1049 12 view .LVU480
 1555 0160 0120     		movs	r0, #1
 1556              	.LVL126:
1221:Drivers/STM32H7xx_HAL_Driver/Src/stm32h7xx_hal_dac.c **** 
 1557              		.loc 1 1221 1 view .LVU481
 1558 0162 7047     		bx	lr
 1559              	.LVL127:
 1560              	.L102:
 1561              	.LCFI24:
ARM GAS  C:\Users\Made\AppData\Local\Temp\ccJ7f769.s 			page 61


 1562              		.cfi_def_cfa_offset 24
 1563              		.cfi_offset 3, -24
 1564              		.cfi_offset 4, -20
 1565              		.cfi_offset 5, -16
 1566              		.cfi_offset 6, -12
 1567              		.cfi_offset 7, -8
 1568              		.cfi_offset 14, -4
1079:Drivers/STM32H7xx_HAL_Driver/Src/stm32h7xx_hal_dac.c **** 
 1569              		.loc 1 1079 3 discriminator 1 view .LVU482
 1570 0164 0220     		movs	r0, #2
 1571              	.LVL128:
1079:Drivers/STM32H7xx_HAL_Driver/Src/stm32h7xx_hal_dac.c **** 
 1572              		.loc 1 1079 3 discriminator 1 view .LVU483
 1573 0166 F6E7     		b	.L92
 1574              	.L115:
 1575              		.align	2
 1576              	.L114:
 1577 0168 00800020 		.word	536903680
 1578              		.cfi_endproc
 1579              	.LFE350:
 1581              		.section	.text.HAL_DAC_GetState,"ax",%progbits
 1582              		.align	1
 1583              		.global	HAL_DAC_GetState
 1584              		.syntax unified
 1585              		.thumb
 1586              		.thumb_func
 1588              	HAL_DAC_GetState:
 1589              	.LVL129:
 1590              	.LFB351:
1250:Drivers/STM32H7xx_HAL_Driver/Src/stm32h7xx_hal_dac.c ****   /* Return DAC handle state */
 1591              		.loc 1 1250 1 is_stmt 1 view -0
 1592              		.cfi_startproc
 1593              		@ args = 0, pretend = 0, frame = 0
 1594              		@ frame_needed = 0, uses_anonymous_args = 0
 1595              		@ link register save eliminated.
1252:Drivers/STM32H7xx_HAL_Driver/Src/stm32h7xx_hal_dac.c **** }
 1596              		.loc 1 1252 3 view .LVU485
1252:Drivers/STM32H7xx_HAL_Driver/Src/stm32h7xx_hal_dac.c **** }
 1597              		.loc 1 1252 14 is_stmt 0 view .LVU486
 1598 0000 0079     		ldrb	r0, [r0, #4]	@ zero_extendqisi2
 1599              	.LVL130:
1253:Drivers/STM32H7xx_HAL_Driver/Src/stm32h7xx_hal_dac.c **** 
 1600              		.loc 1 1253 1 view .LVU487
 1601 0002 7047     		bx	lr
 1602              		.cfi_endproc
 1603              	.LFE351:
 1605              		.section	.text.HAL_DAC_GetError,"ax",%progbits
 1606              		.align	1
 1607              		.global	HAL_DAC_GetError
 1608              		.syntax unified
 1609              		.thumb
 1610              		.thumb_func
 1612              	HAL_DAC_GetError:
 1613              	.LVL131:
 1614              	.LFB352:
1263:Drivers/STM32H7xx_HAL_Driver/Src/stm32h7xx_hal_dac.c ****   return hdac->ErrorCode;
 1615              		.loc 1 1263 1 is_stmt 1 view -0
ARM GAS  C:\Users\Made\AppData\Local\Temp\ccJ7f769.s 			page 62


 1616              		.cfi_startproc
 1617              		@ args = 0, pretend = 0, frame = 0
 1618              		@ frame_needed = 0, uses_anonymous_args = 0
 1619              		@ link register save eliminated.
1264:Drivers/STM32H7xx_HAL_Driver/Src/stm32h7xx_hal_dac.c **** }
 1620              		.loc 1 1264 3 view .LVU489
1264:Drivers/STM32H7xx_HAL_Driver/Src/stm32h7xx_hal_dac.c **** }
 1621              		.loc 1 1264 14 is_stmt 0 view .LVU490
 1622 0000 0069     		ldr	r0, [r0, #16]
 1623              	.LVL132:
1265:Drivers/STM32H7xx_HAL_Driver/Src/stm32h7xx_hal_dac.c **** 
 1624              		.loc 1 1265 1 view .LVU491
 1625 0002 7047     		bx	lr
 1626              		.cfi_endproc
 1627              	.LFE352:
 1629              		.text
 1630              	.Letext0:
 1631              		.file 2 "C:/Program Files (x86)/Arm GNU Toolchain arm-none-eabi/13.3 rel1/arm-none-eabi/include/ma
 1632              		.file 3 "C:/Program Files (x86)/Arm GNU Toolchain arm-none-eabi/13.3 rel1/arm-none-eabi/include/sy
 1633              		.file 4 "Drivers/CMSIS/Device/ST/STM32H7xx/Include/stm32h743xx.h"
 1634              		.file 5 "Drivers/STM32H7xx_HAL_Driver/Inc/stm32h7xx_hal_def.h"
 1635              		.file 6 "Drivers/STM32H7xx_HAL_Driver/Inc/stm32h7xx_hal_dma.h"
 1636              		.file 7 "Drivers/STM32H7xx_HAL_Driver/Inc/stm32h7xx_hal_dac.h"
 1637              		.file 8 "Drivers/STM32H7xx_HAL_Driver/Inc/stm32h7xx_hal_dac_ex.h"
 1638              		.file 9 "Drivers/STM32H7xx_HAL_Driver/Inc/stm32h7xx_hal.h"
ARM GAS  C:\Users\Made\AppData\Local\Temp\ccJ7f769.s 			page 63


DEFINED SYMBOLS
                            *ABS*:00000000 stm32h7xx_hal_dac.c
C:\Users\Made\AppData\Local\Temp\ccJ7f769.s:20     .text.HAL_DAC_MspInit:00000000 $t
C:\Users\Made\AppData\Local\Temp\ccJ7f769.s:26     .text.HAL_DAC_MspInit:00000000 HAL_DAC_MspInit
C:\Users\Made\AppData\Local\Temp\ccJ7f769.s:41     .text.HAL_DAC_Init:00000000 $t
C:\Users\Made\AppData\Local\Temp\ccJ7f769.s:47     .text.HAL_DAC_Init:00000000 HAL_DAC_Init
C:\Users\Made\AppData\Local\Temp\ccJ7f769.s:112    .text.HAL_DAC_MspDeInit:00000000 $t
C:\Users\Made\AppData\Local\Temp\ccJ7f769.s:118    .text.HAL_DAC_MspDeInit:00000000 HAL_DAC_MspDeInit
C:\Users\Made\AppData\Local\Temp\ccJ7f769.s:133    .text.HAL_DAC_DeInit:00000000 $t
C:\Users\Made\AppData\Local\Temp\ccJ7f769.s:139    .text.HAL_DAC_DeInit:00000000 HAL_DAC_DeInit
C:\Users\Made\AppData\Local\Temp\ccJ7f769.s:193    .text.HAL_DAC_Start:00000000 $t
C:\Users\Made\AppData\Local\Temp\ccJ7f769.s:199    .text.HAL_DAC_Start:00000000 HAL_DAC_Start
C:\Users\Made\AppData\Local\Temp\ccJ7f769.s:321    .text.HAL_DAC_Stop:00000000 $t
C:\Users\Made\AppData\Local\Temp\ccJ7f769.s:327    .text.HAL_DAC_Stop:00000000 HAL_DAC_Stop
C:\Users\Made\AppData\Local\Temp\ccJ7f769.s:380    .text.HAL_DAC_Start_DMA:00000000 $t
C:\Users\Made\AppData\Local\Temp\ccJ7f769.s:386    .text.HAL_DAC_Start_DMA:00000000 HAL_DAC_Start_DMA
C:\Users\Made\AppData\Local\Temp\ccJ7f769.s:621    .text.HAL_DAC_Start_DMA:000000d8 $d
C:\Users\Made\AppData\Local\Temp\ccJ7f769.s:852    .text.DAC_DMAConvCpltCh1:00000000 DAC_DMAConvCpltCh1
C:\Users\Made\AppData\Local\Temp\ccJ7f769.s:913    .text.DAC_DMAHalfConvCpltCh1:00000000 DAC_DMAHalfConvCpltCh1
C:\Users\Made\AppData\Local\Temp\ccJ7f769.s:967    .text.DAC_DMAErrorCh1:00000000 DAC_DMAErrorCh1
C:\Users\Made\AppData\Local\Temp\ccJ7f769.s:631    .text.HAL_DAC_Stop_DMA:00000000 $t
C:\Users\Made\AppData\Local\Temp\ccJ7f769.s:637    .text.HAL_DAC_Stop_DMA:00000000 HAL_DAC_Stop_DMA
C:\Users\Made\AppData\Local\Temp\ccJ7f769.s:727    .text.HAL_DAC_SetValue:00000000 $t
C:\Users\Made\AppData\Local\Temp\ccJ7f769.s:733    .text.HAL_DAC_SetValue:00000000 HAL_DAC_SetValue
C:\Users\Made\AppData\Local\Temp\ccJ7f769.s:825    .text.HAL_DAC_ConvCpltCallbackCh1:00000000 $t
C:\Users\Made\AppData\Local\Temp\ccJ7f769.s:831    .text.HAL_DAC_ConvCpltCallbackCh1:00000000 HAL_DAC_ConvCpltCallbackCh1
C:\Users\Made\AppData\Local\Temp\ccJ7f769.s:846    .text.DAC_DMAConvCpltCh1:00000000 $t
C:\Users\Made\AppData\Local\Temp\ccJ7f769.s:886    .text.HAL_DAC_ConvHalfCpltCallbackCh1:00000000 $t
C:\Users\Made\AppData\Local\Temp\ccJ7f769.s:892    .text.HAL_DAC_ConvHalfCpltCallbackCh1:00000000 HAL_DAC_ConvHalfCpltCallbackCh1
C:\Users\Made\AppData\Local\Temp\ccJ7f769.s:907    .text.DAC_DMAHalfConvCpltCh1:00000000 $t
C:\Users\Made\AppData\Local\Temp\ccJ7f769.s:940    .text.HAL_DAC_ErrorCallbackCh1:00000000 $t
C:\Users\Made\AppData\Local\Temp\ccJ7f769.s:946    .text.HAL_DAC_ErrorCallbackCh1:00000000 HAL_DAC_ErrorCallbackCh1
C:\Users\Made\AppData\Local\Temp\ccJ7f769.s:961    .text.DAC_DMAErrorCh1:00000000 $t
C:\Users\Made\AppData\Local\Temp\ccJ7f769.s:1007   .text.HAL_DAC_DMAUnderrunCallbackCh1:00000000 $t
C:\Users\Made\AppData\Local\Temp\ccJ7f769.s:1013   .text.HAL_DAC_DMAUnderrunCallbackCh1:00000000 HAL_DAC_DMAUnderrunCallbackCh1
C:\Users\Made\AppData\Local\Temp\ccJ7f769.s:1028   .text.HAL_DAC_IRQHandler:00000000 $t
C:\Users\Made\AppData\Local\Temp\ccJ7f769.s:1034   .text.HAL_DAC_IRQHandler:00000000 HAL_DAC_IRQHandler
C:\Users\Made\AppData\Local\Temp\ccJ7f769.s:1132   .text.HAL_DAC_GetValue:00000000 $t
C:\Users\Made\AppData\Local\Temp\ccJ7f769.s:1138   .text.HAL_DAC_GetValue:00000000 HAL_DAC_GetValue
C:\Users\Made\AppData\Local\Temp\ccJ7f769.s:1175   .text.HAL_DAC_ConfigChannel:00000000 $t
C:\Users\Made\AppData\Local\Temp\ccJ7f769.s:1181   .text.HAL_DAC_ConfigChannel:00000000 HAL_DAC_ConfigChannel
C:\Users\Made\AppData\Local\Temp\ccJ7f769.s:1577   .text.HAL_DAC_ConfigChannel:00000168 $d
C:\Users\Made\AppData\Local\Temp\ccJ7f769.s:1582   .text.HAL_DAC_GetState:00000000 $t
C:\Users\Made\AppData\Local\Temp\ccJ7f769.s:1588   .text.HAL_DAC_GetState:00000000 HAL_DAC_GetState
C:\Users\Made\AppData\Local\Temp\ccJ7f769.s:1606   .text.HAL_DAC_GetError:00000000 $t
C:\Users\Made\AppData\Local\Temp\ccJ7f769.s:1612   .text.HAL_DAC_GetError:00000000 HAL_DAC_GetError

UNDEFINED SYMBOLS
HAL_DMA_Start_IT
DAC_DMAConvCpltCh2
DAC_DMAHalfConvCpltCh2
DAC_DMAErrorCh2
HAL_DMA_Abort
HAL_DACEx_DMAUnderrunCallbackCh2
HAL_GetTick
