ARM GAS  C:\Users\Made\AppData\Local\Temp\cch5frMA.s 			page 1


   1              		.cpu cortex-m7
   2              		.arch armv7e-m
   3              		.fpu fpv5-d16
   4              		.eabi_attribute 28, 1
   5              		.eabi_attribute 20, 1
   6              		.eabi_attribute 21, 1
   7              		.eabi_attribute 23, 3
   8              		.eabi_attribute 24, 1
   9              		.eabi_attribute 25, 1
  10              		.eabi_attribute 26, 1
  11              		.eabi_attribute 30, 1
  12              		.eabi_attribute 34, 1
  13              		.eabi_attribute 18, 4
  14              		.file	"stm32h7xx_hal_pcd.c"
  15              		.text
  16              	.Ltext0:
  17              		.cfi_sections	.debug_frame
  18              		.file 1 "Drivers/STM32H7xx_HAL_Driver/Src/stm32h7xx_hal_pcd.c"
  19              		.section	.text.PCD_WriteEmptyTxFifo,"ax",%progbits
  20              		.align	1
  21              		.syntax unified
  22              		.thumb
  23              		.thumb_func
  25              	PCD_WriteEmptyTxFifo:
  26              	.LVL0:
  27              	.LFB369:
   1:Drivers/STM32H7xx_HAL_Driver/Src/stm32h7xx_hal_pcd.c **** /**
   2:Drivers/STM32H7xx_HAL_Driver/Src/stm32h7xx_hal_pcd.c ****   ******************************************************************************
   3:Drivers/STM32H7xx_HAL_Driver/Src/stm32h7xx_hal_pcd.c ****   * @file    stm32h7xx_hal_pcd.c
   4:Drivers/STM32H7xx_HAL_Driver/Src/stm32h7xx_hal_pcd.c ****   * @author  MCD Application Team
   5:Drivers/STM32H7xx_HAL_Driver/Src/stm32h7xx_hal_pcd.c ****   * @brief   PCD HAL module driver.
   6:Drivers/STM32H7xx_HAL_Driver/Src/stm32h7xx_hal_pcd.c ****   *          This file provides firmware functions to manage the following
   7:Drivers/STM32H7xx_HAL_Driver/Src/stm32h7xx_hal_pcd.c ****   *          functionalities of the USB Peripheral Controller:
   8:Drivers/STM32H7xx_HAL_Driver/Src/stm32h7xx_hal_pcd.c ****   *           + Initialization and de-initialization functions
   9:Drivers/STM32H7xx_HAL_Driver/Src/stm32h7xx_hal_pcd.c ****   *           + IO operation functions
  10:Drivers/STM32H7xx_HAL_Driver/Src/stm32h7xx_hal_pcd.c ****   *           + Peripheral Control functions
  11:Drivers/STM32H7xx_HAL_Driver/Src/stm32h7xx_hal_pcd.c ****   *           + Peripheral State functions
  12:Drivers/STM32H7xx_HAL_Driver/Src/stm32h7xx_hal_pcd.c ****   *
  13:Drivers/STM32H7xx_HAL_Driver/Src/stm32h7xx_hal_pcd.c ****   ******************************************************************************
  14:Drivers/STM32H7xx_HAL_Driver/Src/stm32h7xx_hal_pcd.c ****   * @attention
  15:Drivers/STM32H7xx_HAL_Driver/Src/stm32h7xx_hal_pcd.c ****   *
  16:Drivers/STM32H7xx_HAL_Driver/Src/stm32h7xx_hal_pcd.c ****   * Copyright (c) 2017 STMicroelectronics.
  17:Drivers/STM32H7xx_HAL_Driver/Src/stm32h7xx_hal_pcd.c ****   * All rights reserved.
  18:Drivers/STM32H7xx_HAL_Driver/Src/stm32h7xx_hal_pcd.c ****   *
  19:Drivers/STM32H7xx_HAL_Driver/Src/stm32h7xx_hal_pcd.c ****   * This software is licensed under terms that can be found in the LICENSE file
  20:Drivers/STM32H7xx_HAL_Driver/Src/stm32h7xx_hal_pcd.c ****   * in the root directory of this software component.
  21:Drivers/STM32H7xx_HAL_Driver/Src/stm32h7xx_hal_pcd.c ****   * If no LICENSE file comes with this software, it is provided AS-IS.
  22:Drivers/STM32H7xx_HAL_Driver/Src/stm32h7xx_hal_pcd.c ****   *
  23:Drivers/STM32H7xx_HAL_Driver/Src/stm32h7xx_hal_pcd.c ****   ******************************************************************************
  24:Drivers/STM32H7xx_HAL_Driver/Src/stm32h7xx_hal_pcd.c ****   @verbatim
  25:Drivers/STM32H7xx_HAL_Driver/Src/stm32h7xx_hal_pcd.c ****   ==============================================================================
  26:Drivers/STM32H7xx_HAL_Driver/Src/stm32h7xx_hal_pcd.c ****                     ##### How to use this driver #####
  27:Drivers/STM32H7xx_HAL_Driver/Src/stm32h7xx_hal_pcd.c ****   ==============================================================================
  28:Drivers/STM32H7xx_HAL_Driver/Src/stm32h7xx_hal_pcd.c ****     [..]
  29:Drivers/STM32H7xx_HAL_Driver/Src/stm32h7xx_hal_pcd.c ****       The PCD HAL driver can be used as follows:
  30:Drivers/STM32H7xx_HAL_Driver/Src/stm32h7xx_hal_pcd.c **** 
  31:Drivers/STM32H7xx_HAL_Driver/Src/stm32h7xx_hal_pcd.c ****      (#) Declare a PCD_HandleTypeDef handle structure, for example:
ARM GAS  C:\Users\Made\AppData\Local\Temp\cch5frMA.s 			page 2


  32:Drivers/STM32H7xx_HAL_Driver/Src/stm32h7xx_hal_pcd.c ****          PCD_HandleTypeDef  hpcd;
  33:Drivers/STM32H7xx_HAL_Driver/Src/stm32h7xx_hal_pcd.c **** 
  34:Drivers/STM32H7xx_HAL_Driver/Src/stm32h7xx_hal_pcd.c ****      (#) Fill parameters of Init structure in HCD handle
  35:Drivers/STM32H7xx_HAL_Driver/Src/stm32h7xx_hal_pcd.c **** 
  36:Drivers/STM32H7xx_HAL_Driver/Src/stm32h7xx_hal_pcd.c ****      (#) Call HAL_PCD_Init() API to initialize the PCD peripheral (Core, Device core, ...)
  37:Drivers/STM32H7xx_HAL_Driver/Src/stm32h7xx_hal_pcd.c **** 
  38:Drivers/STM32H7xx_HAL_Driver/Src/stm32h7xx_hal_pcd.c ****      (#) Initialize the PCD low level resources through the HAL_PCD_MspInit() API:
  39:Drivers/STM32H7xx_HAL_Driver/Src/stm32h7xx_hal_pcd.c ****          (##) Enable the PCD/USB Low Level interface clock using
  40:Drivers/STM32H7xx_HAL_Driver/Src/stm32h7xx_hal_pcd.c ****               (+++) __HAL_RCC_USB_OTG_FS_CLK_ENABLE();
  41:Drivers/STM32H7xx_HAL_Driver/Src/stm32h7xx_hal_pcd.c ****               (+++) __HAL_RCC_USB_OTG_HS_CLK_ENABLE(); (For High Speed Mode)
  42:Drivers/STM32H7xx_HAL_Driver/Src/stm32h7xx_hal_pcd.c **** 
  43:Drivers/STM32H7xx_HAL_Driver/Src/stm32h7xx_hal_pcd.c ****          (##) Initialize the related GPIO clocks
  44:Drivers/STM32H7xx_HAL_Driver/Src/stm32h7xx_hal_pcd.c ****          (##) Configure PCD pin-out
  45:Drivers/STM32H7xx_HAL_Driver/Src/stm32h7xx_hal_pcd.c ****          (##) Configure PCD NVIC interrupt
  46:Drivers/STM32H7xx_HAL_Driver/Src/stm32h7xx_hal_pcd.c **** 
  47:Drivers/STM32H7xx_HAL_Driver/Src/stm32h7xx_hal_pcd.c ****      (#)Associate the Upper USB device stack to the HAL PCD Driver:
  48:Drivers/STM32H7xx_HAL_Driver/Src/stm32h7xx_hal_pcd.c ****          (##) hpcd.pData = pdev;
  49:Drivers/STM32H7xx_HAL_Driver/Src/stm32h7xx_hal_pcd.c **** 
  50:Drivers/STM32H7xx_HAL_Driver/Src/stm32h7xx_hal_pcd.c ****      (#)Enable PCD transmission and reception:
  51:Drivers/STM32H7xx_HAL_Driver/Src/stm32h7xx_hal_pcd.c ****          (##) HAL_PCD_Start();
  52:Drivers/STM32H7xx_HAL_Driver/Src/stm32h7xx_hal_pcd.c **** 
  53:Drivers/STM32H7xx_HAL_Driver/Src/stm32h7xx_hal_pcd.c ****   @endverbatim
  54:Drivers/STM32H7xx_HAL_Driver/Src/stm32h7xx_hal_pcd.c ****   ******************************************************************************
  55:Drivers/STM32H7xx_HAL_Driver/Src/stm32h7xx_hal_pcd.c ****   */
  56:Drivers/STM32H7xx_HAL_Driver/Src/stm32h7xx_hal_pcd.c **** 
  57:Drivers/STM32H7xx_HAL_Driver/Src/stm32h7xx_hal_pcd.c **** /* Includes ------------------------------------------------------------------*/
  58:Drivers/STM32H7xx_HAL_Driver/Src/stm32h7xx_hal_pcd.c **** #include "stm32h7xx_hal.h"
  59:Drivers/STM32H7xx_HAL_Driver/Src/stm32h7xx_hal_pcd.c **** 
  60:Drivers/STM32H7xx_HAL_Driver/Src/stm32h7xx_hal_pcd.c **** /** @addtogroup STM32H7xx_HAL_Driver
  61:Drivers/STM32H7xx_HAL_Driver/Src/stm32h7xx_hal_pcd.c ****   * @{
  62:Drivers/STM32H7xx_HAL_Driver/Src/stm32h7xx_hal_pcd.c ****   */
  63:Drivers/STM32H7xx_HAL_Driver/Src/stm32h7xx_hal_pcd.c **** 
  64:Drivers/STM32H7xx_HAL_Driver/Src/stm32h7xx_hal_pcd.c **** /** @defgroup PCD PCD
  65:Drivers/STM32H7xx_HAL_Driver/Src/stm32h7xx_hal_pcd.c ****   * @brief PCD HAL module driver
  66:Drivers/STM32H7xx_HAL_Driver/Src/stm32h7xx_hal_pcd.c ****   * @{
  67:Drivers/STM32H7xx_HAL_Driver/Src/stm32h7xx_hal_pcd.c ****   */
  68:Drivers/STM32H7xx_HAL_Driver/Src/stm32h7xx_hal_pcd.c **** 
  69:Drivers/STM32H7xx_HAL_Driver/Src/stm32h7xx_hal_pcd.c **** #ifdef HAL_PCD_MODULE_ENABLED
  70:Drivers/STM32H7xx_HAL_Driver/Src/stm32h7xx_hal_pcd.c **** 
  71:Drivers/STM32H7xx_HAL_Driver/Src/stm32h7xx_hal_pcd.c **** #if defined (USB_OTG_FS) || defined (USB_OTG_HS)
  72:Drivers/STM32H7xx_HAL_Driver/Src/stm32h7xx_hal_pcd.c **** 
  73:Drivers/STM32H7xx_HAL_Driver/Src/stm32h7xx_hal_pcd.c **** /* Private types -------------------------------------------------------------*/
  74:Drivers/STM32H7xx_HAL_Driver/Src/stm32h7xx_hal_pcd.c **** /* Private variables ---------------------------------------------------------*/
  75:Drivers/STM32H7xx_HAL_Driver/Src/stm32h7xx_hal_pcd.c **** /* Private constants ---------------------------------------------------------*/
  76:Drivers/STM32H7xx_HAL_Driver/Src/stm32h7xx_hal_pcd.c **** /* Private macros ------------------------------------------------------------*/
  77:Drivers/STM32H7xx_HAL_Driver/Src/stm32h7xx_hal_pcd.c **** /** @defgroup PCD_Private_Macros PCD Private Macros
  78:Drivers/STM32H7xx_HAL_Driver/Src/stm32h7xx_hal_pcd.c ****   * @{
  79:Drivers/STM32H7xx_HAL_Driver/Src/stm32h7xx_hal_pcd.c ****   */
  80:Drivers/STM32H7xx_HAL_Driver/Src/stm32h7xx_hal_pcd.c **** #define PCD_MIN(a, b)  (((a) < (b)) ? (a) : (b))
  81:Drivers/STM32H7xx_HAL_Driver/Src/stm32h7xx_hal_pcd.c **** #define PCD_MAX(a, b)  (((a) > (b)) ? (a) : (b))
  82:Drivers/STM32H7xx_HAL_Driver/Src/stm32h7xx_hal_pcd.c **** /**
  83:Drivers/STM32H7xx_HAL_Driver/Src/stm32h7xx_hal_pcd.c ****   * @}
  84:Drivers/STM32H7xx_HAL_Driver/Src/stm32h7xx_hal_pcd.c ****   */
  85:Drivers/STM32H7xx_HAL_Driver/Src/stm32h7xx_hal_pcd.c **** 
  86:Drivers/STM32H7xx_HAL_Driver/Src/stm32h7xx_hal_pcd.c **** /* Private functions prototypes ----------------------------------------------*/
  87:Drivers/STM32H7xx_HAL_Driver/Src/stm32h7xx_hal_pcd.c **** /** @defgroup PCD_Private_Functions PCD Private Functions
  88:Drivers/STM32H7xx_HAL_Driver/Src/stm32h7xx_hal_pcd.c ****   * @{
ARM GAS  C:\Users\Made\AppData\Local\Temp\cch5frMA.s 			page 3


  89:Drivers/STM32H7xx_HAL_Driver/Src/stm32h7xx_hal_pcd.c ****   */
  90:Drivers/STM32H7xx_HAL_Driver/Src/stm32h7xx_hal_pcd.c **** #if defined (USB_OTG_FS) || defined (USB_OTG_HS)
  91:Drivers/STM32H7xx_HAL_Driver/Src/stm32h7xx_hal_pcd.c **** static HAL_StatusTypeDef PCD_WriteEmptyTxFifo(PCD_HandleTypeDef *hpcd, uint32_t epnum);
  92:Drivers/STM32H7xx_HAL_Driver/Src/stm32h7xx_hal_pcd.c **** static HAL_StatusTypeDef PCD_EP_OutXfrComplete_int(PCD_HandleTypeDef *hpcd, uint32_t epnum);
  93:Drivers/STM32H7xx_HAL_Driver/Src/stm32h7xx_hal_pcd.c **** static HAL_StatusTypeDef PCD_EP_OutSetupPacket_int(PCD_HandleTypeDef *hpcd, uint32_t epnum);
  94:Drivers/STM32H7xx_HAL_Driver/Src/stm32h7xx_hal_pcd.c **** #endif /* defined (USB_OTG_FS) || defined (USB_OTG_HS) */
  95:Drivers/STM32H7xx_HAL_Driver/Src/stm32h7xx_hal_pcd.c **** /**
  96:Drivers/STM32H7xx_HAL_Driver/Src/stm32h7xx_hal_pcd.c ****   * @}
  97:Drivers/STM32H7xx_HAL_Driver/Src/stm32h7xx_hal_pcd.c ****   */
  98:Drivers/STM32H7xx_HAL_Driver/Src/stm32h7xx_hal_pcd.c **** 
  99:Drivers/STM32H7xx_HAL_Driver/Src/stm32h7xx_hal_pcd.c **** /* Exported functions --------------------------------------------------------*/
 100:Drivers/STM32H7xx_HAL_Driver/Src/stm32h7xx_hal_pcd.c **** /** @defgroup PCD_Exported_Functions PCD Exported Functions
 101:Drivers/STM32H7xx_HAL_Driver/Src/stm32h7xx_hal_pcd.c ****   * @{
 102:Drivers/STM32H7xx_HAL_Driver/Src/stm32h7xx_hal_pcd.c ****   */
 103:Drivers/STM32H7xx_HAL_Driver/Src/stm32h7xx_hal_pcd.c **** 
 104:Drivers/STM32H7xx_HAL_Driver/Src/stm32h7xx_hal_pcd.c **** /** @defgroup PCD_Exported_Functions_Group1 Initialization and de-initialization functions
 105:Drivers/STM32H7xx_HAL_Driver/Src/stm32h7xx_hal_pcd.c ****   *  @brief    Initialization and Configuration functions
 106:Drivers/STM32H7xx_HAL_Driver/Src/stm32h7xx_hal_pcd.c ****   *
 107:Drivers/STM32H7xx_HAL_Driver/Src/stm32h7xx_hal_pcd.c **** @verbatim
 108:Drivers/STM32H7xx_HAL_Driver/Src/stm32h7xx_hal_pcd.c ****  ===============================================================================
 109:Drivers/STM32H7xx_HAL_Driver/Src/stm32h7xx_hal_pcd.c ****             ##### Initialization and de-initialization functions #####
 110:Drivers/STM32H7xx_HAL_Driver/Src/stm32h7xx_hal_pcd.c ****  ===============================================================================
 111:Drivers/STM32H7xx_HAL_Driver/Src/stm32h7xx_hal_pcd.c ****     [..]  This section provides functions allowing to:
 112:Drivers/STM32H7xx_HAL_Driver/Src/stm32h7xx_hal_pcd.c **** 
 113:Drivers/STM32H7xx_HAL_Driver/Src/stm32h7xx_hal_pcd.c **** @endverbatim
 114:Drivers/STM32H7xx_HAL_Driver/Src/stm32h7xx_hal_pcd.c ****   * @{
 115:Drivers/STM32H7xx_HAL_Driver/Src/stm32h7xx_hal_pcd.c ****   */
 116:Drivers/STM32H7xx_HAL_Driver/Src/stm32h7xx_hal_pcd.c **** 
 117:Drivers/STM32H7xx_HAL_Driver/Src/stm32h7xx_hal_pcd.c **** /**
 118:Drivers/STM32H7xx_HAL_Driver/Src/stm32h7xx_hal_pcd.c ****   * @brief  Initializes the PCD according to the specified
 119:Drivers/STM32H7xx_HAL_Driver/Src/stm32h7xx_hal_pcd.c ****   *         parameters in the PCD_InitTypeDef and initialize the associated handle.
 120:Drivers/STM32H7xx_HAL_Driver/Src/stm32h7xx_hal_pcd.c ****   * @param  hpcd PCD handle
 121:Drivers/STM32H7xx_HAL_Driver/Src/stm32h7xx_hal_pcd.c ****   * @retval HAL status
 122:Drivers/STM32H7xx_HAL_Driver/Src/stm32h7xx_hal_pcd.c ****   */
 123:Drivers/STM32H7xx_HAL_Driver/Src/stm32h7xx_hal_pcd.c **** HAL_StatusTypeDef HAL_PCD_Init(PCD_HandleTypeDef *hpcd)
 124:Drivers/STM32H7xx_HAL_Driver/Src/stm32h7xx_hal_pcd.c **** {
 125:Drivers/STM32H7xx_HAL_Driver/Src/stm32h7xx_hal_pcd.c ****   uint8_t i;
 126:Drivers/STM32H7xx_HAL_Driver/Src/stm32h7xx_hal_pcd.c **** 
 127:Drivers/STM32H7xx_HAL_Driver/Src/stm32h7xx_hal_pcd.c ****   /* Check the PCD handle allocation */
 128:Drivers/STM32H7xx_HAL_Driver/Src/stm32h7xx_hal_pcd.c ****   if (hpcd == NULL)
 129:Drivers/STM32H7xx_HAL_Driver/Src/stm32h7xx_hal_pcd.c ****   {
 130:Drivers/STM32H7xx_HAL_Driver/Src/stm32h7xx_hal_pcd.c ****     return HAL_ERROR;
 131:Drivers/STM32H7xx_HAL_Driver/Src/stm32h7xx_hal_pcd.c ****   }
 132:Drivers/STM32H7xx_HAL_Driver/Src/stm32h7xx_hal_pcd.c **** 
 133:Drivers/STM32H7xx_HAL_Driver/Src/stm32h7xx_hal_pcd.c ****   /* Check the parameters */
 134:Drivers/STM32H7xx_HAL_Driver/Src/stm32h7xx_hal_pcd.c ****   assert_param(IS_PCD_ALL_INSTANCE(hpcd->Instance));
 135:Drivers/STM32H7xx_HAL_Driver/Src/stm32h7xx_hal_pcd.c **** 
 136:Drivers/STM32H7xx_HAL_Driver/Src/stm32h7xx_hal_pcd.c ****   if (hpcd->State == HAL_PCD_STATE_RESET)
 137:Drivers/STM32H7xx_HAL_Driver/Src/stm32h7xx_hal_pcd.c ****   {
 138:Drivers/STM32H7xx_HAL_Driver/Src/stm32h7xx_hal_pcd.c ****     /* Allocate lock resource and initialize it */
 139:Drivers/STM32H7xx_HAL_Driver/Src/stm32h7xx_hal_pcd.c ****     hpcd->Lock = HAL_UNLOCKED;
 140:Drivers/STM32H7xx_HAL_Driver/Src/stm32h7xx_hal_pcd.c **** 
 141:Drivers/STM32H7xx_HAL_Driver/Src/stm32h7xx_hal_pcd.c **** #if (USE_HAL_PCD_REGISTER_CALLBACKS == 1U)
 142:Drivers/STM32H7xx_HAL_Driver/Src/stm32h7xx_hal_pcd.c ****     hpcd->SOFCallback = HAL_PCD_SOFCallback;
 143:Drivers/STM32H7xx_HAL_Driver/Src/stm32h7xx_hal_pcd.c ****     hpcd->SetupStageCallback = HAL_PCD_SetupStageCallback;
 144:Drivers/STM32H7xx_HAL_Driver/Src/stm32h7xx_hal_pcd.c ****     hpcd->ResetCallback = HAL_PCD_ResetCallback;
 145:Drivers/STM32H7xx_HAL_Driver/Src/stm32h7xx_hal_pcd.c ****     hpcd->SuspendCallback = HAL_PCD_SuspendCallback;
ARM GAS  C:\Users\Made\AppData\Local\Temp\cch5frMA.s 			page 4


 146:Drivers/STM32H7xx_HAL_Driver/Src/stm32h7xx_hal_pcd.c ****     hpcd->ResumeCallback = HAL_PCD_ResumeCallback;
 147:Drivers/STM32H7xx_HAL_Driver/Src/stm32h7xx_hal_pcd.c ****     hpcd->ConnectCallback = HAL_PCD_ConnectCallback;
 148:Drivers/STM32H7xx_HAL_Driver/Src/stm32h7xx_hal_pcd.c ****     hpcd->DisconnectCallback = HAL_PCD_DisconnectCallback;
 149:Drivers/STM32H7xx_HAL_Driver/Src/stm32h7xx_hal_pcd.c ****     hpcd->DataOutStageCallback = HAL_PCD_DataOutStageCallback;
 150:Drivers/STM32H7xx_HAL_Driver/Src/stm32h7xx_hal_pcd.c ****     hpcd->DataInStageCallback = HAL_PCD_DataInStageCallback;
 151:Drivers/STM32H7xx_HAL_Driver/Src/stm32h7xx_hal_pcd.c ****     hpcd->ISOOUTIncompleteCallback = HAL_PCD_ISOOUTIncompleteCallback;
 152:Drivers/STM32H7xx_HAL_Driver/Src/stm32h7xx_hal_pcd.c ****     hpcd->ISOINIncompleteCallback = HAL_PCD_ISOINIncompleteCallback;
 153:Drivers/STM32H7xx_HAL_Driver/Src/stm32h7xx_hal_pcd.c ****     hpcd->LPMCallback = HAL_PCDEx_LPM_Callback;
 154:Drivers/STM32H7xx_HAL_Driver/Src/stm32h7xx_hal_pcd.c ****     hpcd->BCDCallback = HAL_PCDEx_BCD_Callback;
 155:Drivers/STM32H7xx_HAL_Driver/Src/stm32h7xx_hal_pcd.c **** 
 156:Drivers/STM32H7xx_HAL_Driver/Src/stm32h7xx_hal_pcd.c ****     if (hpcd->MspInitCallback == NULL)
 157:Drivers/STM32H7xx_HAL_Driver/Src/stm32h7xx_hal_pcd.c ****     {
 158:Drivers/STM32H7xx_HAL_Driver/Src/stm32h7xx_hal_pcd.c ****       hpcd->MspInitCallback = HAL_PCD_MspInit;
 159:Drivers/STM32H7xx_HAL_Driver/Src/stm32h7xx_hal_pcd.c ****     }
 160:Drivers/STM32H7xx_HAL_Driver/Src/stm32h7xx_hal_pcd.c **** 
 161:Drivers/STM32H7xx_HAL_Driver/Src/stm32h7xx_hal_pcd.c ****     /* Init the low level hardware */
 162:Drivers/STM32H7xx_HAL_Driver/Src/stm32h7xx_hal_pcd.c ****     hpcd->MspInitCallback(hpcd);
 163:Drivers/STM32H7xx_HAL_Driver/Src/stm32h7xx_hal_pcd.c **** #else
 164:Drivers/STM32H7xx_HAL_Driver/Src/stm32h7xx_hal_pcd.c ****     /* Init the low level hardware : GPIO, CLOCK, NVIC... */
 165:Drivers/STM32H7xx_HAL_Driver/Src/stm32h7xx_hal_pcd.c ****     HAL_PCD_MspInit(hpcd);
 166:Drivers/STM32H7xx_HAL_Driver/Src/stm32h7xx_hal_pcd.c **** #endif /* (USE_HAL_PCD_REGISTER_CALLBACKS) */
 167:Drivers/STM32H7xx_HAL_Driver/Src/stm32h7xx_hal_pcd.c ****   }
 168:Drivers/STM32H7xx_HAL_Driver/Src/stm32h7xx_hal_pcd.c **** 
 169:Drivers/STM32H7xx_HAL_Driver/Src/stm32h7xx_hal_pcd.c ****   hpcd->State = HAL_PCD_STATE_BUSY;
 170:Drivers/STM32H7xx_HAL_Driver/Src/stm32h7xx_hal_pcd.c **** 
 171:Drivers/STM32H7xx_HAL_Driver/Src/stm32h7xx_hal_pcd.c ****   /* Disable the Interrupts */
 172:Drivers/STM32H7xx_HAL_Driver/Src/stm32h7xx_hal_pcd.c ****   __HAL_PCD_DISABLE(hpcd);
 173:Drivers/STM32H7xx_HAL_Driver/Src/stm32h7xx_hal_pcd.c **** 
 174:Drivers/STM32H7xx_HAL_Driver/Src/stm32h7xx_hal_pcd.c ****   /*Init the Core (common init.) */
 175:Drivers/STM32H7xx_HAL_Driver/Src/stm32h7xx_hal_pcd.c ****   if (USB_CoreInit(hpcd->Instance, hpcd->Init) != HAL_OK)
 176:Drivers/STM32H7xx_HAL_Driver/Src/stm32h7xx_hal_pcd.c ****   {
 177:Drivers/STM32H7xx_HAL_Driver/Src/stm32h7xx_hal_pcd.c ****     hpcd->State = HAL_PCD_STATE_ERROR;
 178:Drivers/STM32H7xx_HAL_Driver/Src/stm32h7xx_hal_pcd.c ****     return HAL_ERROR;
 179:Drivers/STM32H7xx_HAL_Driver/Src/stm32h7xx_hal_pcd.c ****   }
 180:Drivers/STM32H7xx_HAL_Driver/Src/stm32h7xx_hal_pcd.c **** 
 181:Drivers/STM32H7xx_HAL_Driver/Src/stm32h7xx_hal_pcd.c ****   /* Force Device Mode */
 182:Drivers/STM32H7xx_HAL_Driver/Src/stm32h7xx_hal_pcd.c ****   if (USB_SetCurrentMode(hpcd->Instance, USB_DEVICE_MODE) != HAL_OK)
 183:Drivers/STM32H7xx_HAL_Driver/Src/stm32h7xx_hal_pcd.c ****   {
 184:Drivers/STM32H7xx_HAL_Driver/Src/stm32h7xx_hal_pcd.c ****     hpcd->State = HAL_PCD_STATE_ERROR;
 185:Drivers/STM32H7xx_HAL_Driver/Src/stm32h7xx_hal_pcd.c ****     return HAL_ERROR;
 186:Drivers/STM32H7xx_HAL_Driver/Src/stm32h7xx_hal_pcd.c ****   }
 187:Drivers/STM32H7xx_HAL_Driver/Src/stm32h7xx_hal_pcd.c **** 
 188:Drivers/STM32H7xx_HAL_Driver/Src/stm32h7xx_hal_pcd.c ****   /* Init endpoints structures */
 189:Drivers/STM32H7xx_HAL_Driver/Src/stm32h7xx_hal_pcd.c ****   for (i = 0U; i < hpcd->Init.dev_endpoints; i++)
 190:Drivers/STM32H7xx_HAL_Driver/Src/stm32h7xx_hal_pcd.c ****   {
 191:Drivers/STM32H7xx_HAL_Driver/Src/stm32h7xx_hal_pcd.c ****     /* Init ep structure */
 192:Drivers/STM32H7xx_HAL_Driver/Src/stm32h7xx_hal_pcd.c ****     hpcd->IN_ep[i].is_in = 1U;
 193:Drivers/STM32H7xx_HAL_Driver/Src/stm32h7xx_hal_pcd.c ****     hpcd->IN_ep[i].num = i;
 194:Drivers/STM32H7xx_HAL_Driver/Src/stm32h7xx_hal_pcd.c ****     hpcd->IN_ep[i].tx_fifo_num = i;
 195:Drivers/STM32H7xx_HAL_Driver/Src/stm32h7xx_hal_pcd.c ****     /* Control until ep is activated */
 196:Drivers/STM32H7xx_HAL_Driver/Src/stm32h7xx_hal_pcd.c ****     hpcd->IN_ep[i].type = EP_TYPE_CTRL;
 197:Drivers/STM32H7xx_HAL_Driver/Src/stm32h7xx_hal_pcd.c ****     hpcd->IN_ep[i].maxpacket = 0U;
 198:Drivers/STM32H7xx_HAL_Driver/Src/stm32h7xx_hal_pcd.c ****     hpcd->IN_ep[i].xfer_buff = 0U;
 199:Drivers/STM32H7xx_HAL_Driver/Src/stm32h7xx_hal_pcd.c ****     hpcd->IN_ep[i].xfer_len = 0U;
 200:Drivers/STM32H7xx_HAL_Driver/Src/stm32h7xx_hal_pcd.c ****   }
 201:Drivers/STM32H7xx_HAL_Driver/Src/stm32h7xx_hal_pcd.c **** 
 202:Drivers/STM32H7xx_HAL_Driver/Src/stm32h7xx_hal_pcd.c ****   for (i = 0U; i < hpcd->Init.dev_endpoints; i++)
ARM GAS  C:\Users\Made\AppData\Local\Temp\cch5frMA.s 			page 5


 203:Drivers/STM32H7xx_HAL_Driver/Src/stm32h7xx_hal_pcd.c ****   {
 204:Drivers/STM32H7xx_HAL_Driver/Src/stm32h7xx_hal_pcd.c ****     hpcd->OUT_ep[i].is_in = 0U;
 205:Drivers/STM32H7xx_HAL_Driver/Src/stm32h7xx_hal_pcd.c ****     hpcd->OUT_ep[i].num = i;
 206:Drivers/STM32H7xx_HAL_Driver/Src/stm32h7xx_hal_pcd.c ****     /* Control until ep is activated */
 207:Drivers/STM32H7xx_HAL_Driver/Src/stm32h7xx_hal_pcd.c ****     hpcd->OUT_ep[i].type = EP_TYPE_CTRL;
 208:Drivers/STM32H7xx_HAL_Driver/Src/stm32h7xx_hal_pcd.c ****     hpcd->OUT_ep[i].maxpacket = 0U;
 209:Drivers/STM32H7xx_HAL_Driver/Src/stm32h7xx_hal_pcd.c ****     hpcd->OUT_ep[i].xfer_buff = 0U;
 210:Drivers/STM32H7xx_HAL_Driver/Src/stm32h7xx_hal_pcd.c ****     hpcd->OUT_ep[i].xfer_len = 0U;
 211:Drivers/STM32H7xx_HAL_Driver/Src/stm32h7xx_hal_pcd.c ****   }
 212:Drivers/STM32H7xx_HAL_Driver/Src/stm32h7xx_hal_pcd.c **** 
 213:Drivers/STM32H7xx_HAL_Driver/Src/stm32h7xx_hal_pcd.c ****   /* Init Device */
 214:Drivers/STM32H7xx_HAL_Driver/Src/stm32h7xx_hal_pcd.c ****   if (USB_DevInit(hpcd->Instance, hpcd->Init) != HAL_OK)
 215:Drivers/STM32H7xx_HAL_Driver/Src/stm32h7xx_hal_pcd.c ****   {
 216:Drivers/STM32H7xx_HAL_Driver/Src/stm32h7xx_hal_pcd.c ****     hpcd->State = HAL_PCD_STATE_ERROR;
 217:Drivers/STM32H7xx_HAL_Driver/Src/stm32h7xx_hal_pcd.c ****     return HAL_ERROR;
 218:Drivers/STM32H7xx_HAL_Driver/Src/stm32h7xx_hal_pcd.c ****   }
 219:Drivers/STM32H7xx_HAL_Driver/Src/stm32h7xx_hal_pcd.c **** 
 220:Drivers/STM32H7xx_HAL_Driver/Src/stm32h7xx_hal_pcd.c ****   hpcd->USB_Address = 0U;
 221:Drivers/STM32H7xx_HAL_Driver/Src/stm32h7xx_hal_pcd.c ****   hpcd->State = HAL_PCD_STATE_READY;
 222:Drivers/STM32H7xx_HAL_Driver/Src/stm32h7xx_hal_pcd.c **** 
 223:Drivers/STM32H7xx_HAL_Driver/Src/stm32h7xx_hal_pcd.c ****   /* Activate LPM */
 224:Drivers/STM32H7xx_HAL_Driver/Src/stm32h7xx_hal_pcd.c ****   if (hpcd->Init.lpm_enable == 1U)
 225:Drivers/STM32H7xx_HAL_Driver/Src/stm32h7xx_hal_pcd.c ****   {
 226:Drivers/STM32H7xx_HAL_Driver/Src/stm32h7xx_hal_pcd.c ****     (void)HAL_PCDEx_ActivateLPM(hpcd);
 227:Drivers/STM32H7xx_HAL_Driver/Src/stm32h7xx_hal_pcd.c ****   }
 228:Drivers/STM32H7xx_HAL_Driver/Src/stm32h7xx_hal_pcd.c **** 
 229:Drivers/STM32H7xx_HAL_Driver/Src/stm32h7xx_hal_pcd.c ****   (void)USB_DevDisconnect(hpcd->Instance);
 230:Drivers/STM32H7xx_HAL_Driver/Src/stm32h7xx_hal_pcd.c **** 
 231:Drivers/STM32H7xx_HAL_Driver/Src/stm32h7xx_hal_pcd.c ****   return HAL_OK;
 232:Drivers/STM32H7xx_HAL_Driver/Src/stm32h7xx_hal_pcd.c **** }
 233:Drivers/STM32H7xx_HAL_Driver/Src/stm32h7xx_hal_pcd.c **** 
 234:Drivers/STM32H7xx_HAL_Driver/Src/stm32h7xx_hal_pcd.c **** /**
 235:Drivers/STM32H7xx_HAL_Driver/Src/stm32h7xx_hal_pcd.c ****   * @brief  DeInitializes the PCD peripheral.
 236:Drivers/STM32H7xx_HAL_Driver/Src/stm32h7xx_hal_pcd.c ****   * @param  hpcd PCD handle
 237:Drivers/STM32H7xx_HAL_Driver/Src/stm32h7xx_hal_pcd.c ****   * @retval HAL status
 238:Drivers/STM32H7xx_HAL_Driver/Src/stm32h7xx_hal_pcd.c ****   */
 239:Drivers/STM32H7xx_HAL_Driver/Src/stm32h7xx_hal_pcd.c **** HAL_StatusTypeDef HAL_PCD_DeInit(PCD_HandleTypeDef *hpcd)
 240:Drivers/STM32H7xx_HAL_Driver/Src/stm32h7xx_hal_pcd.c **** {
 241:Drivers/STM32H7xx_HAL_Driver/Src/stm32h7xx_hal_pcd.c ****   /* Check the PCD handle allocation */
 242:Drivers/STM32H7xx_HAL_Driver/Src/stm32h7xx_hal_pcd.c ****   if (hpcd == NULL)
 243:Drivers/STM32H7xx_HAL_Driver/Src/stm32h7xx_hal_pcd.c ****   {
 244:Drivers/STM32H7xx_HAL_Driver/Src/stm32h7xx_hal_pcd.c ****     return HAL_ERROR;
 245:Drivers/STM32H7xx_HAL_Driver/Src/stm32h7xx_hal_pcd.c ****   }
 246:Drivers/STM32H7xx_HAL_Driver/Src/stm32h7xx_hal_pcd.c **** 
 247:Drivers/STM32H7xx_HAL_Driver/Src/stm32h7xx_hal_pcd.c ****   hpcd->State = HAL_PCD_STATE_BUSY;
 248:Drivers/STM32H7xx_HAL_Driver/Src/stm32h7xx_hal_pcd.c **** 
 249:Drivers/STM32H7xx_HAL_Driver/Src/stm32h7xx_hal_pcd.c ****   /* Stop Device */
 250:Drivers/STM32H7xx_HAL_Driver/Src/stm32h7xx_hal_pcd.c ****   if (USB_StopDevice(hpcd->Instance) != HAL_OK)
 251:Drivers/STM32H7xx_HAL_Driver/Src/stm32h7xx_hal_pcd.c ****   {
 252:Drivers/STM32H7xx_HAL_Driver/Src/stm32h7xx_hal_pcd.c ****     return HAL_ERROR;
 253:Drivers/STM32H7xx_HAL_Driver/Src/stm32h7xx_hal_pcd.c ****   }
 254:Drivers/STM32H7xx_HAL_Driver/Src/stm32h7xx_hal_pcd.c **** 
 255:Drivers/STM32H7xx_HAL_Driver/Src/stm32h7xx_hal_pcd.c **** #if (USE_HAL_PCD_REGISTER_CALLBACKS == 1U)
 256:Drivers/STM32H7xx_HAL_Driver/Src/stm32h7xx_hal_pcd.c ****   if (hpcd->MspDeInitCallback == NULL)
 257:Drivers/STM32H7xx_HAL_Driver/Src/stm32h7xx_hal_pcd.c ****   {
 258:Drivers/STM32H7xx_HAL_Driver/Src/stm32h7xx_hal_pcd.c ****     hpcd->MspDeInitCallback = HAL_PCD_MspDeInit; /* Legacy weak MspDeInit  */
 259:Drivers/STM32H7xx_HAL_Driver/Src/stm32h7xx_hal_pcd.c ****   }
ARM GAS  C:\Users\Made\AppData\Local\Temp\cch5frMA.s 			page 6


 260:Drivers/STM32H7xx_HAL_Driver/Src/stm32h7xx_hal_pcd.c **** 
 261:Drivers/STM32H7xx_HAL_Driver/Src/stm32h7xx_hal_pcd.c ****   /* DeInit the low level hardware */
 262:Drivers/STM32H7xx_HAL_Driver/Src/stm32h7xx_hal_pcd.c ****   hpcd->MspDeInitCallback(hpcd);
 263:Drivers/STM32H7xx_HAL_Driver/Src/stm32h7xx_hal_pcd.c **** #else
 264:Drivers/STM32H7xx_HAL_Driver/Src/stm32h7xx_hal_pcd.c ****   /* DeInit the low level hardware: CLOCK, NVIC.*/
 265:Drivers/STM32H7xx_HAL_Driver/Src/stm32h7xx_hal_pcd.c ****   HAL_PCD_MspDeInit(hpcd);
 266:Drivers/STM32H7xx_HAL_Driver/Src/stm32h7xx_hal_pcd.c **** #endif /* USE_HAL_PCD_REGISTER_CALLBACKS */
 267:Drivers/STM32H7xx_HAL_Driver/Src/stm32h7xx_hal_pcd.c **** 
 268:Drivers/STM32H7xx_HAL_Driver/Src/stm32h7xx_hal_pcd.c ****   hpcd->State = HAL_PCD_STATE_RESET;
 269:Drivers/STM32H7xx_HAL_Driver/Src/stm32h7xx_hal_pcd.c **** 
 270:Drivers/STM32H7xx_HAL_Driver/Src/stm32h7xx_hal_pcd.c ****   return HAL_OK;
 271:Drivers/STM32H7xx_HAL_Driver/Src/stm32h7xx_hal_pcd.c **** }
 272:Drivers/STM32H7xx_HAL_Driver/Src/stm32h7xx_hal_pcd.c **** 
 273:Drivers/STM32H7xx_HAL_Driver/Src/stm32h7xx_hal_pcd.c **** /**
 274:Drivers/STM32H7xx_HAL_Driver/Src/stm32h7xx_hal_pcd.c ****   * @brief  Initializes the PCD MSP.
 275:Drivers/STM32H7xx_HAL_Driver/Src/stm32h7xx_hal_pcd.c ****   * @param  hpcd PCD handle
 276:Drivers/STM32H7xx_HAL_Driver/Src/stm32h7xx_hal_pcd.c ****   * @retval None
 277:Drivers/STM32H7xx_HAL_Driver/Src/stm32h7xx_hal_pcd.c ****   */
 278:Drivers/STM32H7xx_HAL_Driver/Src/stm32h7xx_hal_pcd.c **** __weak void HAL_PCD_MspInit(PCD_HandleTypeDef *hpcd)
 279:Drivers/STM32H7xx_HAL_Driver/Src/stm32h7xx_hal_pcd.c **** {
 280:Drivers/STM32H7xx_HAL_Driver/Src/stm32h7xx_hal_pcd.c ****   /* Prevent unused argument(s) compilation warning */
 281:Drivers/STM32H7xx_HAL_Driver/Src/stm32h7xx_hal_pcd.c ****   UNUSED(hpcd);
 282:Drivers/STM32H7xx_HAL_Driver/Src/stm32h7xx_hal_pcd.c **** 
 283:Drivers/STM32H7xx_HAL_Driver/Src/stm32h7xx_hal_pcd.c ****   /* NOTE : This function should not be modified, when the callback is needed,
 284:Drivers/STM32H7xx_HAL_Driver/Src/stm32h7xx_hal_pcd.c ****             the HAL_PCD_MspInit could be implemented in the user file
 285:Drivers/STM32H7xx_HAL_Driver/Src/stm32h7xx_hal_pcd.c ****    */
 286:Drivers/STM32H7xx_HAL_Driver/Src/stm32h7xx_hal_pcd.c **** }
 287:Drivers/STM32H7xx_HAL_Driver/Src/stm32h7xx_hal_pcd.c **** 
 288:Drivers/STM32H7xx_HAL_Driver/Src/stm32h7xx_hal_pcd.c **** /**
 289:Drivers/STM32H7xx_HAL_Driver/Src/stm32h7xx_hal_pcd.c ****   * @brief  DeInitializes PCD MSP.
 290:Drivers/STM32H7xx_HAL_Driver/Src/stm32h7xx_hal_pcd.c ****   * @param  hpcd PCD handle
 291:Drivers/STM32H7xx_HAL_Driver/Src/stm32h7xx_hal_pcd.c ****   * @retval None
 292:Drivers/STM32H7xx_HAL_Driver/Src/stm32h7xx_hal_pcd.c ****   */
 293:Drivers/STM32H7xx_HAL_Driver/Src/stm32h7xx_hal_pcd.c **** __weak void HAL_PCD_MspDeInit(PCD_HandleTypeDef *hpcd)
 294:Drivers/STM32H7xx_HAL_Driver/Src/stm32h7xx_hal_pcd.c **** {
 295:Drivers/STM32H7xx_HAL_Driver/Src/stm32h7xx_hal_pcd.c ****   /* Prevent unused argument(s) compilation warning */
 296:Drivers/STM32H7xx_HAL_Driver/Src/stm32h7xx_hal_pcd.c ****   UNUSED(hpcd);
 297:Drivers/STM32H7xx_HAL_Driver/Src/stm32h7xx_hal_pcd.c **** 
 298:Drivers/STM32H7xx_HAL_Driver/Src/stm32h7xx_hal_pcd.c ****   /* NOTE : This function should not be modified, when the callback is needed,
 299:Drivers/STM32H7xx_HAL_Driver/Src/stm32h7xx_hal_pcd.c ****             the HAL_PCD_MspDeInit could be implemented in the user file
 300:Drivers/STM32H7xx_HAL_Driver/Src/stm32h7xx_hal_pcd.c ****    */
 301:Drivers/STM32H7xx_HAL_Driver/Src/stm32h7xx_hal_pcd.c **** }
 302:Drivers/STM32H7xx_HAL_Driver/Src/stm32h7xx_hal_pcd.c **** 
 303:Drivers/STM32H7xx_HAL_Driver/Src/stm32h7xx_hal_pcd.c **** #if (USE_HAL_PCD_REGISTER_CALLBACKS == 1U)
 304:Drivers/STM32H7xx_HAL_Driver/Src/stm32h7xx_hal_pcd.c **** /**
 305:Drivers/STM32H7xx_HAL_Driver/Src/stm32h7xx_hal_pcd.c ****   * @brief  Register a User USB PCD Callback
 306:Drivers/STM32H7xx_HAL_Driver/Src/stm32h7xx_hal_pcd.c ****   *         To be used instead of the weak predefined callback
 307:Drivers/STM32H7xx_HAL_Driver/Src/stm32h7xx_hal_pcd.c ****   * @param  hpcd USB PCD handle
 308:Drivers/STM32H7xx_HAL_Driver/Src/stm32h7xx_hal_pcd.c ****   * @param  CallbackID ID of the callback to be registered
 309:Drivers/STM32H7xx_HAL_Driver/Src/stm32h7xx_hal_pcd.c ****   *         This parameter can be one of the following values:
 310:Drivers/STM32H7xx_HAL_Driver/Src/stm32h7xx_hal_pcd.c ****   *          @arg @ref HAL_PCD_SOF_CB_ID USB PCD SOF callback ID
 311:Drivers/STM32H7xx_HAL_Driver/Src/stm32h7xx_hal_pcd.c ****   *          @arg @ref HAL_PCD_SETUPSTAGE_CB_ID USB PCD Setup callback ID
 312:Drivers/STM32H7xx_HAL_Driver/Src/stm32h7xx_hal_pcd.c ****   *          @arg @ref HAL_PCD_RESET_CB_ID USB PCD Reset callback ID
 313:Drivers/STM32H7xx_HAL_Driver/Src/stm32h7xx_hal_pcd.c ****   *          @arg @ref HAL_PCD_SUSPEND_CB_ID USB PCD Suspend callback ID
 314:Drivers/STM32H7xx_HAL_Driver/Src/stm32h7xx_hal_pcd.c ****   *          @arg @ref HAL_PCD_RESUME_CB_ID USB PCD Resume callback ID
 315:Drivers/STM32H7xx_HAL_Driver/Src/stm32h7xx_hal_pcd.c ****   *          @arg @ref HAL_PCD_CONNECT_CB_ID USB PCD Connect callback ID
 316:Drivers/STM32H7xx_HAL_Driver/Src/stm32h7xx_hal_pcd.c ****   *          @arg @ref HAL_PCD_DISCONNECT_CB_ID USB PCD Disconnect callback ID
ARM GAS  C:\Users\Made\AppData\Local\Temp\cch5frMA.s 			page 7


 317:Drivers/STM32H7xx_HAL_Driver/Src/stm32h7xx_hal_pcd.c ****   *          @arg @ref HAL_PCD_MSPINIT_CB_ID MspDeInit callback ID
 318:Drivers/STM32H7xx_HAL_Driver/Src/stm32h7xx_hal_pcd.c ****   *          @arg @ref HAL_PCD_MSPDEINIT_CB_ID MspDeInit callback ID
 319:Drivers/STM32H7xx_HAL_Driver/Src/stm32h7xx_hal_pcd.c ****   * @param  pCallback pointer to the Callback function
 320:Drivers/STM32H7xx_HAL_Driver/Src/stm32h7xx_hal_pcd.c ****   * @retval HAL status
 321:Drivers/STM32H7xx_HAL_Driver/Src/stm32h7xx_hal_pcd.c ****   */
 322:Drivers/STM32H7xx_HAL_Driver/Src/stm32h7xx_hal_pcd.c **** HAL_StatusTypeDef HAL_PCD_RegisterCallback(PCD_HandleTypeDef *hpcd,
 323:Drivers/STM32H7xx_HAL_Driver/Src/stm32h7xx_hal_pcd.c ****                                            HAL_PCD_CallbackIDTypeDef CallbackID,
 324:Drivers/STM32H7xx_HAL_Driver/Src/stm32h7xx_hal_pcd.c ****                                            pPCD_CallbackTypeDef pCallback)
 325:Drivers/STM32H7xx_HAL_Driver/Src/stm32h7xx_hal_pcd.c **** {
 326:Drivers/STM32H7xx_HAL_Driver/Src/stm32h7xx_hal_pcd.c ****   HAL_StatusTypeDef status = HAL_OK;
 327:Drivers/STM32H7xx_HAL_Driver/Src/stm32h7xx_hal_pcd.c **** 
 328:Drivers/STM32H7xx_HAL_Driver/Src/stm32h7xx_hal_pcd.c ****   if (pCallback == NULL)
 329:Drivers/STM32H7xx_HAL_Driver/Src/stm32h7xx_hal_pcd.c ****   {
 330:Drivers/STM32H7xx_HAL_Driver/Src/stm32h7xx_hal_pcd.c ****     /* Update the error code */
 331:Drivers/STM32H7xx_HAL_Driver/Src/stm32h7xx_hal_pcd.c ****     hpcd->ErrorCode |= HAL_PCD_ERROR_INVALID_CALLBACK;
 332:Drivers/STM32H7xx_HAL_Driver/Src/stm32h7xx_hal_pcd.c ****     return HAL_ERROR;
 333:Drivers/STM32H7xx_HAL_Driver/Src/stm32h7xx_hal_pcd.c ****   }
 334:Drivers/STM32H7xx_HAL_Driver/Src/stm32h7xx_hal_pcd.c ****   /* Process locked */
 335:Drivers/STM32H7xx_HAL_Driver/Src/stm32h7xx_hal_pcd.c ****   __HAL_LOCK(hpcd);
 336:Drivers/STM32H7xx_HAL_Driver/Src/stm32h7xx_hal_pcd.c **** 
 337:Drivers/STM32H7xx_HAL_Driver/Src/stm32h7xx_hal_pcd.c ****   if (hpcd->State == HAL_PCD_STATE_READY)
 338:Drivers/STM32H7xx_HAL_Driver/Src/stm32h7xx_hal_pcd.c ****   {
 339:Drivers/STM32H7xx_HAL_Driver/Src/stm32h7xx_hal_pcd.c ****     switch (CallbackID)
 340:Drivers/STM32H7xx_HAL_Driver/Src/stm32h7xx_hal_pcd.c ****     {
 341:Drivers/STM32H7xx_HAL_Driver/Src/stm32h7xx_hal_pcd.c ****       case HAL_PCD_SOF_CB_ID :
 342:Drivers/STM32H7xx_HAL_Driver/Src/stm32h7xx_hal_pcd.c ****         hpcd->SOFCallback = pCallback;
 343:Drivers/STM32H7xx_HAL_Driver/Src/stm32h7xx_hal_pcd.c ****         break;
 344:Drivers/STM32H7xx_HAL_Driver/Src/stm32h7xx_hal_pcd.c **** 
 345:Drivers/STM32H7xx_HAL_Driver/Src/stm32h7xx_hal_pcd.c ****       case HAL_PCD_SETUPSTAGE_CB_ID :
 346:Drivers/STM32H7xx_HAL_Driver/Src/stm32h7xx_hal_pcd.c ****         hpcd->SetupStageCallback = pCallback;
 347:Drivers/STM32H7xx_HAL_Driver/Src/stm32h7xx_hal_pcd.c ****         break;
 348:Drivers/STM32H7xx_HAL_Driver/Src/stm32h7xx_hal_pcd.c **** 
 349:Drivers/STM32H7xx_HAL_Driver/Src/stm32h7xx_hal_pcd.c ****       case HAL_PCD_RESET_CB_ID :
 350:Drivers/STM32H7xx_HAL_Driver/Src/stm32h7xx_hal_pcd.c ****         hpcd->ResetCallback = pCallback;
 351:Drivers/STM32H7xx_HAL_Driver/Src/stm32h7xx_hal_pcd.c ****         break;
 352:Drivers/STM32H7xx_HAL_Driver/Src/stm32h7xx_hal_pcd.c **** 
 353:Drivers/STM32H7xx_HAL_Driver/Src/stm32h7xx_hal_pcd.c ****       case HAL_PCD_SUSPEND_CB_ID :
 354:Drivers/STM32H7xx_HAL_Driver/Src/stm32h7xx_hal_pcd.c ****         hpcd->SuspendCallback = pCallback;
 355:Drivers/STM32H7xx_HAL_Driver/Src/stm32h7xx_hal_pcd.c ****         break;
 356:Drivers/STM32H7xx_HAL_Driver/Src/stm32h7xx_hal_pcd.c **** 
 357:Drivers/STM32H7xx_HAL_Driver/Src/stm32h7xx_hal_pcd.c ****       case HAL_PCD_RESUME_CB_ID :
 358:Drivers/STM32H7xx_HAL_Driver/Src/stm32h7xx_hal_pcd.c ****         hpcd->ResumeCallback = pCallback;
 359:Drivers/STM32H7xx_HAL_Driver/Src/stm32h7xx_hal_pcd.c ****         break;
 360:Drivers/STM32H7xx_HAL_Driver/Src/stm32h7xx_hal_pcd.c **** 
 361:Drivers/STM32H7xx_HAL_Driver/Src/stm32h7xx_hal_pcd.c ****       case HAL_PCD_CONNECT_CB_ID :
 362:Drivers/STM32H7xx_HAL_Driver/Src/stm32h7xx_hal_pcd.c ****         hpcd->ConnectCallback = pCallback;
 363:Drivers/STM32H7xx_HAL_Driver/Src/stm32h7xx_hal_pcd.c ****         break;
 364:Drivers/STM32H7xx_HAL_Driver/Src/stm32h7xx_hal_pcd.c **** 
 365:Drivers/STM32H7xx_HAL_Driver/Src/stm32h7xx_hal_pcd.c ****       case HAL_PCD_DISCONNECT_CB_ID :
 366:Drivers/STM32H7xx_HAL_Driver/Src/stm32h7xx_hal_pcd.c ****         hpcd->DisconnectCallback = pCallback;
 367:Drivers/STM32H7xx_HAL_Driver/Src/stm32h7xx_hal_pcd.c ****         break;
 368:Drivers/STM32H7xx_HAL_Driver/Src/stm32h7xx_hal_pcd.c **** 
 369:Drivers/STM32H7xx_HAL_Driver/Src/stm32h7xx_hal_pcd.c ****       case HAL_PCD_MSPINIT_CB_ID :
 370:Drivers/STM32H7xx_HAL_Driver/Src/stm32h7xx_hal_pcd.c ****         hpcd->MspInitCallback = pCallback;
 371:Drivers/STM32H7xx_HAL_Driver/Src/stm32h7xx_hal_pcd.c ****         break;
 372:Drivers/STM32H7xx_HAL_Driver/Src/stm32h7xx_hal_pcd.c **** 
 373:Drivers/STM32H7xx_HAL_Driver/Src/stm32h7xx_hal_pcd.c ****       case HAL_PCD_MSPDEINIT_CB_ID :
ARM GAS  C:\Users\Made\AppData\Local\Temp\cch5frMA.s 			page 8


 374:Drivers/STM32H7xx_HAL_Driver/Src/stm32h7xx_hal_pcd.c ****         hpcd->MspDeInitCallback = pCallback;
 375:Drivers/STM32H7xx_HAL_Driver/Src/stm32h7xx_hal_pcd.c ****         break;
 376:Drivers/STM32H7xx_HAL_Driver/Src/stm32h7xx_hal_pcd.c **** 
 377:Drivers/STM32H7xx_HAL_Driver/Src/stm32h7xx_hal_pcd.c ****       default :
 378:Drivers/STM32H7xx_HAL_Driver/Src/stm32h7xx_hal_pcd.c ****         /* Update the error code */
 379:Drivers/STM32H7xx_HAL_Driver/Src/stm32h7xx_hal_pcd.c ****         hpcd->ErrorCode |= HAL_PCD_ERROR_INVALID_CALLBACK;
 380:Drivers/STM32H7xx_HAL_Driver/Src/stm32h7xx_hal_pcd.c ****         /* Return error status */
 381:Drivers/STM32H7xx_HAL_Driver/Src/stm32h7xx_hal_pcd.c ****         status =  HAL_ERROR;
 382:Drivers/STM32H7xx_HAL_Driver/Src/stm32h7xx_hal_pcd.c ****         break;
 383:Drivers/STM32H7xx_HAL_Driver/Src/stm32h7xx_hal_pcd.c ****     }
 384:Drivers/STM32H7xx_HAL_Driver/Src/stm32h7xx_hal_pcd.c ****   }
 385:Drivers/STM32H7xx_HAL_Driver/Src/stm32h7xx_hal_pcd.c ****   else if (hpcd->State == HAL_PCD_STATE_RESET)
 386:Drivers/STM32H7xx_HAL_Driver/Src/stm32h7xx_hal_pcd.c ****   {
 387:Drivers/STM32H7xx_HAL_Driver/Src/stm32h7xx_hal_pcd.c ****     switch (CallbackID)
 388:Drivers/STM32H7xx_HAL_Driver/Src/stm32h7xx_hal_pcd.c ****     {
 389:Drivers/STM32H7xx_HAL_Driver/Src/stm32h7xx_hal_pcd.c ****       case HAL_PCD_MSPINIT_CB_ID :
 390:Drivers/STM32H7xx_HAL_Driver/Src/stm32h7xx_hal_pcd.c ****         hpcd->MspInitCallback = pCallback;
 391:Drivers/STM32H7xx_HAL_Driver/Src/stm32h7xx_hal_pcd.c ****         break;
 392:Drivers/STM32H7xx_HAL_Driver/Src/stm32h7xx_hal_pcd.c **** 
 393:Drivers/STM32H7xx_HAL_Driver/Src/stm32h7xx_hal_pcd.c ****       case HAL_PCD_MSPDEINIT_CB_ID :
 394:Drivers/STM32H7xx_HAL_Driver/Src/stm32h7xx_hal_pcd.c ****         hpcd->MspDeInitCallback = pCallback;
 395:Drivers/STM32H7xx_HAL_Driver/Src/stm32h7xx_hal_pcd.c ****         break;
 396:Drivers/STM32H7xx_HAL_Driver/Src/stm32h7xx_hal_pcd.c **** 
 397:Drivers/STM32H7xx_HAL_Driver/Src/stm32h7xx_hal_pcd.c ****       default :
 398:Drivers/STM32H7xx_HAL_Driver/Src/stm32h7xx_hal_pcd.c ****         /* Update the error code */
 399:Drivers/STM32H7xx_HAL_Driver/Src/stm32h7xx_hal_pcd.c ****         hpcd->ErrorCode |= HAL_PCD_ERROR_INVALID_CALLBACK;
 400:Drivers/STM32H7xx_HAL_Driver/Src/stm32h7xx_hal_pcd.c ****         /* Return error status */
 401:Drivers/STM32H7xx_HAL_Driver/Src/stm32h7xx_hal_pcd.c ****         status =  HAL_ERROR;
 402:Drivers/STM32H7xx_HAL_Driver/Src/stm32h7xx_hal_pcd.c ****         break;
 403:Drivers/STM32H7xx_HAL_Driver/Src/stm32h7xx_hal_pcd.c ****     }
 404:Drivers/STM32H7xx_HAL_Driver/Src/stm32h7xx_hal_pcd.c ****   }
 405:Drivers/STM32H7xx_HAL_Driver/Src/stm32h7xx_hal_pcd.c ****   else
 406:Drivers/STM32H7xx_HAL_Driver/Src/stm32h7xx_hal_pcd.c ****   {
 407:Drivers/STM32H7xx_HAL_Driver/Src/stm32h7xx_hal_pcd.c ****     /* Update the error code */
 408:Drivers/STM32H7xx_HAL_Driver/Src/stm32h7xx_hal_pcd.c ****     hpcd->ErrorCode |= HAL_PCD_ERROR_INVALID_CALLBACK;
 409:Drivers/STM32H7xx_HAL_Driver/Src/stm32h7xx_hal_pcd.c ****     /* Return error status */
 410:Drivers/STM32H7xx_HAL_Driver/Src/stm32h7xx_hal_pcd.c ****     status =  HAL_ERROR;
 411:Drivers/STM32H7xx_HAL_Driver/Src/stm32h7xx_hal_pcd.c ****   }
 412:Drivers/STM32H7xx_HAL_Driver/Src/stm32h7xx_hal_pcd.c **** 
 413:Drivers/STM32H7xx_HAL_Driver/Src/stm32h7xx_hal_pcd.c ****   /* Release Lock */
 414:Drivers/STM32H7xx_HAL_Driver/Src/stm32h7xx_hal_pcd.c ****   __HAL_UNLOCK(hpcd);
 415:Drivers/STM32H7xx_HAL_Driver/Src/stm32h7xx_hal_pcd.c ****   return status;
 416:Drivers/STM32H7xx_HAL_Driver/Src/stm32h7xx_hal_pcd.c **** }
 417:Drivers/STM32H7xx_HAL_Driver/Src/stm32h7xx_hal_pcd.c **** 
 418:Drivers/STM32H7xx_HAL_Driver/Src/stm32h7xx_hal_pcd.c **** /**
 419:Drivers/STM32H7xx_HAL_Driver/Src/stm32h7xx_hal_pcd.c ****   * @brief  Unregister an USB PCD Callback
 420:Drivers/STM32H7xx_HAL_Driver/Src/stm32h7xx_hal_pcd.c ****   *         USB PCD callback is redirected to the weak predefined callback
 421:Drivers/STM32H7xx_HAL_Driver/Src/stm32h7xx_hal_pcd.c ****   * @param  hpcd USB PCD handle
 422:Drivers/STM32H7xx_HAL_Driver/Src/stm32h7xx_hal_pcd.c ****   * @param  CallbackID ID of the callback to be unregistered
 423:Drivers/STM32H7xx_HAL_Driver/Src/stm32h7xx_hal_pcd.c ****   *         This parameter can be one of the following values:
 424:Drivers/STM32H7xx_HAL_Driver/Src/stm32h7xx_hal_pcd.c ****   *          @arg @ref HAL_PCD_SOF_CB_ID USB PCD SOF callback ID
 425:Drivers/STM32H7xx_HAL_Driver/Src/stm32h7xx_hal_pcd.c ****   *          @arg @ref HAL_PCD_SETUPSTAGE_CB_ID USB PCD Setup callback ID
 426:Drivers/STM32H7xx_HAL_Driver/Src/stm32h7xx_hal_pcd.c ****   *          @arg @ref HAL_PCD_RESET_CB_ID USB PCD Reset callback ID
 427:Drivers/STM32H7xx_HAL_Driver/Src/stm32h7xx_hal_pcd.c ****   *          @arg @ref HAL_PCD_SUSPEND_CB_ID USB PCD Suspend callback ID
 428:Drivers/STM32H7xx_HAL_Driver/Src/stm32h7xx_hal_pcd.c ****   *          @arg @ref HAL_PCD_RESUME_CB_ID USB PCD Resume callback ID
 429:Drivers/STM32H7xx_HAL_Driver/Src/stm32h7xx_hal_pcd.c ****   *          @arg @ref HAL_PCD_CONNECT_CB_ID USB PCD Connect callback ID
 430:Drivers/STM32H7xx_HAL_Driver/Src/stm32h7xx_hal_pcd.c ****   *          @arg @ref HAL_PCD_DISCONNECT_CB_ID USB PCD Disconnect callback ID
ARM GAS  C:\Users\Made\AppData\Local\Temp\cch5frMA.s 			page 9


 431:Drivers/STM32H7xx_HAL_Driver/Src/stm32h7xx_hal_pcd.c ****   *          @arg @ref HAL_PCD_MSPINIT_CB_ID MspDeInit callback ID
 432:Drivers/STM32H7xx_HAL_Driver/Src/stm32h7xx_hal_pcd.c ****   *          @arg @ref HAL_PCD_MSPDEINIT_CB_ID MspDeInit callback ID
 433:Drivers/STM32H7xx_HAL_Driver/Src/stm32h7xx_hal_pcd.c ****   * @retval HAL status
 434:Drivers/STM32H7xx_HAL_Driver/Src/stm32h7xx_hal_pcd.c ****   */
 435:Drivers/STM32H7xx_HAL_Driver/Src/stm32h7xx_hal_pcd.c **** HAL_StatusTypeDef HAL_PCD_UnRegisterCallback(PCD_HandleTypeDef *hpcd, HAL_PCD_CallbackIDTypeDef Cal
 436:Drivers/STM32H7xx_HAL_Driver/Src/stm32h7xx_hal_pcd.c **** {
 437:Drivers/STM32H7xx_HAL_Driver/Src/stm32h7xx_hal_pcd.c ****   HAL_StatusTypeDef status = HAL_OK;
 438:Drivers/STM32H7xx_HAL_Driver/Src/stm32h7xx_hal_pcd.c **** 
 439:Drivers/STM32H7xx_HAL_Driver/Src/stm32h7xx_hal_pcd.c ****   /* Process locked */
 440:Drivers/STM32H7xx_HAL_Driver/Src/stm32h7xx_hal_pcd.c ****   __HAL_LOCK(hpcd);
 441:Drivers/STM32H7xx_HAL_Driver/Src/stm32h7xx_hal_pcd.c **** 
 442:Drivers/STM32H7xx_HAL_Driver/Src/stm32h7xx_hal_pcd.c ****   /* Setup Legacy weak Callbacks  */
 443:Drivers/STM32H7xx_HAL_Driver/Src/stm32h7xx_hal_pcd.c ****   if (hpcd->State == HAL_PCD_STATE_READY)
 444:Drivers/STM32H7xx_HAL_Driver/Src/stm32h7xx_hal_pcd.c ****   {
 445:Drivers/STM32H7xx_HAL_Driver/Src/stm32h7xx_hal_pcd.c ****     switch (CallbackID)
 446:Drivers/STM32H7xx_HAL_Driver/Src/stm32h7xx_hal_pcd.c ****     {
 447:Drivers/STM32H7xx_HAL_Driver/Src/stm32h7xx_hal_pcd.c ****       case HAL_PCD_SOF_CB_ID :
 448:Drivers/STM32H7xx_HAL_Driver/Src/stm32h7xx_hal_pcd.c ****         hpcd->SOFCallback = HAL_PCD_SOFCallback;
 449:Drivers/STM32H7xx_HAL_Driver/Src/stm32h7xx_hal_pcd.c ****         break;
 450:Drivers/STM32H7xx_HAL_Driver/Src/stm32h7xx_hal_pcd.c **** 
 451:Drivers/STM32H7xx_HAL_Driver/Src/stm32h7xx_hal_pcd.c ****       case HAL_PCD_SETUPSTAGE_CB_ID :
 452:Drivers/STM32H7xx_HAL_Driver/Src/stm32h7xx_hal_pcd.c ****         hpcd->SetupStageCallback = HAL_PCD_SetupStageCallback;
 453:Drivers/STM32H7xx_HAL_Driver/Src/stm32h7xx_hal_pcd.c ****         break;
 454:Drivers/STM32H7xx_HAL_Driver/Src/stm32h7xx_hal_pcd.c **** 
 455:Drivers/STM32H7xx_HAL_Driver/Src/stm32h7xx_hal_pcd.c ****       case HAL_PCD_RESET_CB_ID :
 456:Drivers/STM32H7xx_HAL_Driver/Src/stm32h7xx_hal_pcd.c ****         hpcd->ResetCallback = HAL_PCD_ResetCallback;
 457:Drivers/STM32H7xx_HAL_Driver/Src/stm32h7xx_hal_pcd.c ****         break;
 458:Drivers/STM32H7xx_HAL_Driver/Src/stm32h7xx_hal_pcd.c **** 
 459:Drivers/STM32H7xx_HAL_Driver/Src/stm32h7xx_hal_pcd.c ****       case HAL_PCD_SUSPEND_CB_ID :
 460:Drivers/STM32H7xx_HAL_Driver/Src/stm32h7xx_hal_pcd.c ****         hpcd->SuspendCallback = HAL_PCD_SuspendCallback;
 461:Drivers/STM32H7xx_HAL_Driver/Src/stm32h7xx_hal_pcd.c ****         break;
 462:Drivers/STM32H7xx_HAL_Driver/Src/stm32h7xx_hal_pcd.c **** 
 463:Drivers/STM32H7xx_HAL_Driver/Src/stm32h7xx_hal_pcd.c ****       case HAL_PCD_RESUME_CB_ID :
 464:Drivers/STM32H7xx_HAL_Driver/Src/stm32h7xx_hal_pcd.c ****         hpcd->ResumeCallback = HAL_PCD_ResumeCallback;
 465:Drivers/STM32H7xx_HAL_Driver/Src/stm32h7xx_hal_pcd.c ****         break;
 466:Drivers/STM32H7xx_HAL_Driver/Src/stm32h7xx_hal_pcd.c **** 
 467:Drivers/STM32H7xx_HAL_Driver/Src/stm32h7xx_hal_pcd.c ****       case HAL_PCD_CONNECT_CB_ID :
 468:Drivers/STM32H7xx_HAL_Driver/Src/stm32h7xx_hal_pcd.c ****         hpcd->ConnectCallback = HAL_PCD_ConnectCallback;
 469:Drivers/STM32H7xx_HAL_Driver/Src/stm32h7xx_hal_pcd.c ****         break;
 470:Drivers/STM32H7xx_HAL_Driver/Src/stm32h7xx_hal_pcd.c **** 
 471:Drivers/STM32H7xx_HAL_Driver/Src/stm32h7xx_hal_pcd.c ****       case HAL_PCD_DISCONNECT_CB_ID :
 472:Drivers/STM32H7xx_HAL_Driver/Src/stm32h7xx_hal_pcd.c ****         hpcd->DisconnectCallback = HAL_PCD_DisconnectCallback;
 473:Drivers/STM32H7xx_HAL_Driver/Src/stm32h7xx_hal_pcd.c ****         break;
 474:Drivers/STM32H7xx_HAL_Driver/Src/stm32h7xx_hal_pcd.c **** 
 475:Drivers/STM32H7xx_HAL_Driver/Src/stm32h7xx_hal_pcd.c ****       case HAL_PCD_MSPINIT_CB_ID :
 476:Drivers/STM32H7xx_HAL_Driver/Src/stm32h7xx_hal_pcd.c ****         hpcd->MspInitCallback = HAL_PCD_MspInit;
 477:Drivers/STM32H7xx_HAL_Driver/Src/stm32h7xx_hal_pcd.c ****         break;
 478:Drivers/STM32H7xx_HAL_Driver/Src/stm32h7xx_hal_pcd.c **** 
 479:Drivers/STM32H7xx_HAL_Driver/Src/stm32h7xx_hal_pcd.c ****       case HAL_PCD_MSPDEINIT_CB_ID :
 480:Drivers/STM32H7xx_HAL_Driver/Src/stm32h7xx_hal_pcd.c ****         hpcd->MspDeInitCallback = HAL_PCD_MspDeInit;
 481:Drivers/STM32H7xx_HAL_Driver/Src/stm32h7xx_hal_pcd.c ****         break;
 482:Drivers/STM32H7xx_HAL_Driver/Src/stm32h7xx_hal_pcd.c **** 
 483:Drivers/STM32H7xx_HAL_Driver/Src/stm32h7xx_hal_pcd.c ****       default :
 484:Drivers/STM32H7xx_HAL_Driver/Src/stm32h7xx_hal_pcd.c ****         /* Update the error code */
 485:Drivers/STM32H7xx_HAL_Driver/Src/stm32h7xx_hal_pcd.c ****         hpcd->ErrorCode |= HAL_PCD_ERROR_INVALID_CALLBACK;
 486:Drivers/STM32H7xx_HAL_Driver/Src/stm32h7xx_hal_pcd.c **** 
 487:Drivers/STM32H7xx_HAL_Driver/Src/stm32h7xx_hal_pcd.c ****         /* Return error status */
ARM GAS  C:\Users\Made\AppData\Local\Temp\cch5frMA.s 			page 10


 488:Drivers/STM32H7xx_HAL_Driver/Src/stm32h7xx_hal_pcd.c ****         status =  HAL_ERROR;
 489:Drivers/STM32H7xx_HAL_Driver/Src/stm32h7xx_hal_pcd.c ****         break;
 490:Drivers/STM32H7xx_HAL_Driver/Src/stm32h7xx_hal_pcd.c ****     }
 491:Drivers/STM32H7xx_HAL_Driver/Src/stm32h7xx_hal_pcd.c ****   }
 492:Drivers/STM32H7xx_HAL_Driver/Src/stm32h7xx_hal_pcd.c ****   else if (hpcd->State == HAL_PCD_STATE_RESET)
 493:Drivers/STM32H7xx_HAL_Driver/Src/stm32h7xx_hal_pcd.c ****   {
 494:Drivers/STM32H7xx_HAL_Driver/Src/stm32h7xx_hal_pcd.c ****     switch (CallbackID)
 495:Drivers/STM32H7xx_HAL_Driver/Src/stm32h7xx_hal_pcd.c ****     {
 496:Drivers/STM32H7xx_HAL_Driver/Src/stm32h7xx_hal_pcd.c ****       case HAL_PCD_MSPINIT_CB_ID :
 497:Drivers/STM32H7xx_HAL_Driver/Src/stm32h7xx_hal_pcd.c ****         hpcd->MspInitCallback = HAL_PCD_MspInit;
 498:Drivers/STM32H7xx_HAL_Driver/Src/stm32h7xx_hal_pcd.c ****         break;
 499:Drivers/STM32H7xx_HAL_Driver/Src/stm32h7xx_hal_pcd.c **** 
 500:Drivers/STM32H7xx_HAL_Driver/Src/stm32h7xx_hal_pcd.c ****       case HAL_PCD_MSPDEINIT_CB_ID :
 501:Drivers/STM32H7xx_HAL_Driver/Src/stm32h7xx_hal_pcd.c ****         hpcd->MspDeInitCallback = HAL_PCD_MspDeInit;
 502:Drivers/STM32H7xx_HAL_Driver/Src/stm32h7xx_hal_pcd.c ****         break;
 503:Drivers/STM32H7xx_HAL_Driver/Src/stm32h7xx_hal_pcd.c **** 
 504:Drivers/STM32H7xx_HAL_Driver/Src/stm32h7xx_hal_pcd.c ****       default :
 505:Drivers/STM32H7xx_HAL_Driver/Src/stm32h7xx_hal_pcd.c ****         /* Update the error code */
 506:Drivers/STM32H7xx_HAL_Driver/Src/stm32h7xx_hal_pcd.c ****         hpcd->ErrorCode |= HAL_PCD_ERROR_INVALID_CALLBACK;
 507:Drivers/STM32H7xx_HAL_Driver/Src/stm32h7xx_hal_pcd.c **** 
 508:Drivers/STM32H7xx_HAL_Driver/Src/stm32h7xx_hal_pcd.c ****         /* Return error status */
 509:Drivers/STM32H7xx_HAL_Driver/Src/stm32h7xx_hal_pcd.c ****         status =  HAL_ERROR;
 510:Drivers/STM32H7xx_HAL_Driver/Src/stm32h7xx_hal_pcd.c ****         break;
 511:Drivers/STM32H7xx_HAL_Driver/Src/stm32h7xx_hal_pcd.c ****     }
 512:Drivers/STM32H7xx_HAL_Driver/Src/stm32h7xx_hal_pcd.c ****   }
 513:Drivers/STM32H7xx_HAL_Driver/Src/stm32h7xx_hal_pcd.c ****   else
 514:Drivers/STM32H7xx_HAL_Driver/Src/stm32h7xx_hal_pcd.c ****   {
 515:Drivers/STM32H7xx_HAL_Driver/Src/stm32h7xx_hal_pcd.c ****     /* Update the error code */
 516:Drivers/STM32H7xx_HAL_Driver/Src/stm32h7xx_hal_pcd.c ****     hpcd->ErrorCode |= HAL_PCD_ERROR_INVALID_CALLBACK;
 517:Drivers/STM32H7xx_HAL_Driver/Src/stm32h7xx_hal_pcd.c **** 
 518:Drivers/STM32H7xx_HAL_Driver/Src/stm32h7xx_hal_pcd.c ****     /* Return error status */
 519:Drivers/STM32H7xx_HAL_Driver/Src/stm32h7xx_hal_pcd.c ****     status =  HAL_ERROR;
 520:Drivers/STM32H7xx_HAL_Driver/Src/stm32h7xx_hal_pcd.c ****   }
 521:Drivers/STM32H7xx_HAL_Driver/Src/stm32h7xx_hal_pcd.c **** 
 522:Drivers/STM32H7xx_HAL_Driver/Src/stm32h7xx_hal_pcd.c ****   /* Release Lock */
 523:Drivers/STM32H7xx_HAL_Driver/Src/stm32h7xx_hal_pcd.c ****   __HAL_UNLOCK(hpcd);
 524:Drivers/STM32H7xx_HAL_Driver/Src/stm32h7xx_hal_pcd.c ****   return status;
 525:Drivers/STM32H7xx_HAL_Driver/Src/stm32h7xx_hal_pcd.c **** }
 526:Drivers/STM32H7xx_HAL_Driver/Src/stm32h7xx_hal_pcd.c **** 
 527:Drivers/STM32H7xx_HAL_Driver/Src/stm32h7xx_hal_pcd.c **** /**
 528:Drivers/STM32H7xx_HAL_Driver/Src/stm32h7xx_hal_pcd.c ****   * @brief  Register USB PCD Data OUT Stage Callback
 529:Drivers/STM32H7xx_HAL_Driver/Src/stm32h7xx_hal_pcd.c ****   *         To be used instead of the weak HAL_PCD_DataOutStageCallback() predefined callback
 530:Drivers/STM32H7xx_HAL_Driver/Src/stm32h7xx_hal_pcd.c ****   * @param  hpcd PCD handle
 531:Drivers/STM32H7xx_HAL_Driver/Src/stm32h7xx_hal_pcd.c ****   * @param  pCallback pointer to the USB PCD Data OUT Stage Callback function
 532:Drivers/STM32H7xx_HAL_Driver/Src/stm32h7xx_hal_pcd.c ****   * @retval HAL status
 533:Drivers/STM32H7xx_HAL_Driver/Src/stm32h7xx_hal_pcd.c ****   */
 534:Drivers/STM32H7xx_HAL_Driver/Src/stm32h7xx_hal_pcd.c **** HAL_StatusTypeDef HAL_PCD_RegisterDataOutStageCallback(PCD_HandleTypeDef *hpcd,
 535:Drivers/STM32H7xx_HAL_Driver/Src/stm32h7xx_hal_pcd.c ****                                                        pPCD_DataOutStageCallbackTypeDef pCallback)
 536:Drivers/STM32H7xx_HAL_Driver/Src/stm32h7xx_hal_pcd.c **** {
 537:Drivers/STM32H7xx_HAL_Driver/Src/stm32h7xx_hal_pcd.c ****   HAL_StatusTypeDef status = HAL_OK;
 538:Drivers/STM32H7xx_HAL_Driver/Src/stm32h7xx_hal_pcd.c **** 
 539:Drivers/STM32H7xx_HAL_Driver/Src/stm32h7xx_hal_pcd.c ****   if (pCallback == NULL)
 540:Drivers/STM32H7xx_HAL_Driver/Src/stm32h7xx_hal_pcd.c ****   {
 541:Drivers/STM32H7xx_HAL_Driver/Src/stm32h7xx_hal_pcd.c ****     /* Update the error code */
 542:Drivers/STM32H7xx_HAL_Driver/Src/stm32h7xx_hal_pcd.c ****     hpcd->ErrorCode |= HAL_PCD_ERROR_INVALID_CALLBACK;
 543:Drivers/STM32H7xx_HAL_Driver/Src/stm32h7xx_hal_pcd.c **** 
 544:Drivers/STM32H7xx_HAL_Driver/Src/stm32h7xx_hal_pcd.c ****     return HAL_ERROR;
ARM GAS  C:\Users\Made\AppData\Local\Temp\cch5frMA.s 			page 11


 545:Drivers/STM32H7xx_HAL_Driver/Src/stm32h7xx_hal_pcd.c ****   }
 546:Drivers/STM32H7xx_HAL_Driver/Src/stm32h7xx_hal_pcd.c **** 
 547:Drivers/STM32H7xx_HAL_Driver/Src/stm32h7xx_hal_pcd.c ****   /* Process locked */
 548:Drivers/STM32H7xx_HAL_Driver/Src/stm32h7xx_hal_pcd.c ****   __HAL_LOCK(hpcd);
 549:Drivers/STM32H7xx_HAL_Driver/Src/stm32h7xx_hal_pcd.c **** 
 550:Drivers/STM32H7xx_HAL_Driver/Src/stm32h7xx_hal_pcd.c ****   if (hpcd->State == HAL_PCD_STATE_READY)
 551:Drivers/STM32H7xx_HAL_Driver/Src/stm32h7xx_hal_pcd.c ****   {
 552:Drivers/STM32H7xx_HAL_Driver/Src/stm32h7xx_hal_pcd.c ****     hpcd->DataOutStageCallback = pCallback;
 553:Drivers/STM32H7xx_HAL_Driver/Src/stm32h7xx_hal_pcd.c ****   }
 554:Drivers/STM32H7xx_HAL_Driver/Src/stm32h7xx_hal_pcd.c ****   else
 555:Drivers/STM32H7xx_HAL_Driver/Src/stm32h7xx_hal_pcd.c ****   {
 556:Drivers/STM32H7xx_HAL_Driver/Src/stm32h7xx_hal_pcd.c ****     /* Update the error code */
 557:Drivers/STM32H7xx_HAL_Driver/Src/stm32h7xx_hal_pcd.c ****     hpcd->ErrorCode |= HAL_PCD_ERROR_INVALID_CALLBACK;
 558:Drivers/STM32H7xx_HAL_Driver/Src/stm32h7xx_hal_pcd.c **** 
 559:Drivers/STM32H7xx_HAL_Driver/Src/stm32h7xx_hal_pcd.c ****     /* Return error status */
 560:Drivers/STM32H7xx_HAL_Driver/Src/stm32h7xx_hal_pcd.c ****     status =  HAL_ERROR;
 561:Drivers/STM32H7xx_HAL_Driver/Src/stm32h7xx_hal_pcd.c ****   }
 562:Drivers/STM32H7xx_HAL_Driver/Src/stm32h7xx_hal_pcd.c **** 
 563:Drivers/STM32H7xx_HAL_Driver/Src/stm32h7xx_hal_pcd.c ****   /* Release Lock */
 564:Drivers/STM32H7xx_HAL_Driver/Src/stm32h7xx_hal_pcd.c ****   __HAL_UNLOCK(hpcd);
 565:Drivers/STM32H7xx_HAL_Driver/Src/stm32h7xx_hal_pcd.c **** 
 566:Drivers/STM32H7xx_HAL_Driver/Src/stm32h7xx_hal_pcd.c ****   return status;
 567:Drivers/STM32H7xx_HAL_Driver/Src/stm32h7xx_hal_pcd.c **** }
 568:Drivers/STM32H7xx_HAL_Driver/Src/stm32h7xx_hal_pcd.c **** 
 569:Drivers/STM32H7xx_HAL_Driver/Src/stm32h7xx_hal_pcd.c **** /**
 570:Drivers/STM32H7xx_HAL_Driver/Src/stm32h7xx_hal_pcd.c ****   * @brief  Unregister the USB PCD Data OUT Stage Callback
 571:Drivers/STM32H7xx_HAL_Driver/Src/stm32h7xx_hal_pcd.c ****   *         USB PCD Data OUT Stage Callback is redirected to the weak HAL_PCD_DataOutStageCallback(
 572:Drivers/STM32H7xx_HAL_Driver/Src/stm32h7xx_hal_pcd.c ****   * @param  hpcd PCD handle
 573:Drivers/STM32H7xx_HAL_Driver/Src/stm32h7xx_hal_pcd.c ****   * @retval HAL status
 574:Drivers/STM32H7xx_HAL_Driver/Src/stm32h7xx_hal_pcd.c ****   */
 575:Drivers/STM32H7xx_HAL_Driver/Src/stm32h7xx_hal_pcd.c **** HAL_StatusTypeDef HAL_PCD_UnRegisterDataOutStageCallback(PCD_HandleTypeDef *hpcd)
 576:Drivers/STM32H7xx_HAL_Driver/Src/stm32h7xx_hal_pcd.c **** {
 577:Drivers/STM32H7xx_HAL_Driver/Src/stm32h7xx_hal_pcd.c ****   HAL_StatusTypeDef status = HAL_OK;
 578:Drivers/STM32H7xx_HAL_Driver/Src/stm32h7xx_hal_pcd.c **** 
 579:Drivers/STM32H7xx_HAL_Driver/Src/stm32h7xx_hal_pcd.c ****   /* Process locked */
 580:Drivers/STM32H7xx_HAL_Driver/Src/stm32h7xx_hal_pcd.c ****   __HAL_LOCK(hpcd);
 581:Drivers/STM32H7xx_HAL_Driver/Src/stm32h7xx_hal_pcd.c **** 
 582:Drivers/STM32H7xx_HAL_Driver/Src/stm32h7xx_hal_pcd.c ****   if (hpcd->State == HAL_PCD_STATE_READY)
 583:Drivers/STM32H7xx_HAL_Driver/Src/stm32h7xx_hal_pcd.c ****   {
 584:Drivers/STM32H7xx_HAL_Driver/Src/stm32h7xx_hal_pcd.c ****     hpcd->DataOutStageCallback = HAL_PCD_DataOutStageCallback; /* Legacy weak DataOutStageCallback 
 585:Drivers/STM32H7xx_HAL_Driver/Src/stm32h7xx_hal_pcd.c ****   }
 586:Drivers/STM32H7xx_HAL_Driver/Src/stm32h7xx_hal_pcd.c ****   else
 587:Drivers/STM32H7xx_HAL_Driver/Src/stm32h7xx_hal_pcd.c ****   {
 588:Drivers/STM32H7xx_HAL_Driver/Src/stm32h7xx_hal_pcd.c ****     /* Update the error code */
 589:Drivers/STM32H7xx_HAL_Driver/Src/stm32h7xx_hal_pcd.c ****     hpcd->ErrorCode |= HAL_PCD_ERROR_INVALID_CALLBACK;
 590:Drivers/STM32H7xx_HAL_Driver/Src/stm32h7xx_hal_pcd.c **** 
 591:Drivers/STM32H7xx_HAL_Driver/Src/stm32h7xx_hal_pcd.c ****     /* Return error status */
 592:Drivers/STM32H7xx_HAL_Driver/Src/stm32h7xx_hal_pcd.c ****     status =  HAL_ERROR;
 593:Drivers/STM32H7xx_HAL_Driver/Src/stm32h7xx_hal_pcd.c ****   }
 594:Drivers/STM32H7xx_HAL_Driver/Src/stm32h7xx_hal_pcd.c **** 
 595:Drivers/STM32H7xx_HAL_Driver/Src/stm32h7xx_hal_pcd.c ****   /* Release Lock */
 596:Drivers/STM32H7xx_HAL_Driver/Src/stm32h7xx_hal_pcd.c ****   __HAL_UNLOCK(hpcd);
 597:Drivers/STM32H7xx_HAL_Driver/Src/stm32h7xx_hal_pcd.c **** 
 598:Drivers/STM32H7xx_HAL_Driver/Src/stm32h7xx_hal_pcd.c ****   return status;
 599:Drivers/STM32H7xx_HAL_Driver/Src/stm32h7xx_hal_pcd.c **** }
 600:Drivers/STM32H7xx_HAL_Driver/Src/stm32h7xx_hal_pcd.c **** 
 601:Drivers/STM32H7xx_HAL_Driver/Src/stm32h7xx_hal_pcd.c **** /**
ARM GAS  C:\Users\Made\AppData\Local\Temp\cch5frMA.s 			page 12


 602:Drivers/STM32H7xx_HAL_Driver/Src/stm32h7xx_hal_pcd.c ****   * @brief  Register USB PCD Data IN Stage Callback
 603:Drivers/STM32H7xx_HAL_Driver/Src/stm32h7xx_hal_pcd.c ****   *         To be used instead of the weak HAL_PCD_DataInStageCallback() predefined callback
 604:Drivers/STM32H7xx_HAL_Driver/Src/stm32h7xx_hal_pcd.c ****   * @param  hpcd PCD handle
 605:Drivers/STM32H7xx_HAL_Driver/Src/stm32h7xx_hal_pcd.c ****   * @param  pCallback pointer to the USB PCD Data IN Stage Callback function
 606:Drivers/STM32H7xx_HAL_Driver/Src/stm32h7xx_hal_pcd.c ****   * @retval HAL status
 607:Drivers/STM32H7xx_HAL_Driver/Src/stm32h7xx_hal_pcd.c ****   */
 608:Drivers/STM32H7xx_HAL_Driver/Src/stm32h7xx_hal_pcd.c **** HAL_StatusTypeDef HAL_PCD_RegisterDataInStageCallback(PCD_HandleTypeDef *hpcd,
 609:Drivers/STM32H7xx_HAL_Driver/Src/stm32h7xx_hal_pcd.c ****                                                       pPCD_DataInStageCallbackTypeDef pCallback)
 610:Drivers/STM32H7xx_HAL_Driver/Src/stm32h7xx_hal_pcd.c **** {
 611:Drivers/STM32H7xx_HAL_Driver/Src/stm32h7xx_hal_pcd.c ****   HAL_StatusTypeDef status = HAL_OK;
 612:Drivers/STM32H7xx_HAL_Driver/Src/stm32h7xx_hal_pcd.c **** 
 613:Drivers/STM32H7xx_HAL_Driver/Src/stm32h7xx_hal_pcd.c ****   if (pCallback == NULL)
 614:Drivers/STM32H7xx_HAL_Driver/Src/stm32h7xx_hal_pcd.c ****   {
 615:Drivers/STM32H7xx_HAL_Driver/Src/stm32h7xx_hal_pcd.c ****     /* Update the error code */
 616:Drivers/STM32H7xx_HAL_Driver/Src/stm32h7xx_hal_pcd.c ****     hpcd->ErrorCode |= HAL_PCD_ERROR_INVALID_CALLBACK;
 617:Drivers/STM32H7xx_HAL_Driver/Src/stm32h7xx_hal_pcd.c **** 
 618:Drivers/STM32H7xx_HAL_Driver/Src/stm32h7xx_hal_pcd.c ****     return HAL_ERROR;
 619:Drivers/STM32H7xx_HAL_Driver/Src/stm32h7xx_hal_pcd.c ****   }
 620:Drivers/STM32H7xx_HAL_Driver/Src/stm32h7xx_hal_pcd.c **** 
 621:Drivers/STM32H7xx_HAL_Driver/Src/stm32h7xx_hal_pcd.c ****   /* Process locked */
 622:Drivers/STM32H7xx_HAL_Driver/Src/stm32h7xx_hal_pcd.c ****   __HAL_LOCK(hpcd);
 623:Drivers/STM32H7xx_HAL_Driver/Src/stm32h7xx_hal_pcd.c **** 
 624:Drivers/STM32H7xx_HAL_Driver/Src/stm32h7xx_hal_pcd.c ****   if (hpcd->State == HAL_PCD_STATE_READY)
 625:Drivers/STM32H7xx_HAL_Driver/Src/stm32h7xx_hal_pcd.c ****   {
 626:Drivers/STM32H7xx_HAL_Driver/Src/stm32h7xx_hal_pcd.c ****     hpcd->DataInStageCallback = pCallback;
 627:Drivers/STM32H7xx_HAL_Driver/Src/stm32h7xx_hal_pcd.c ****   }
 628:Drivers/STM32H7xx_HAL_Driver/Src/stm32h7xx_hal_pcd.c ****   else
 629:Drivers/STM32H7xx_HAL_Driver/Src/stm32h7xx_hal_pcd.c ****   {
 630:Drivers/STM32H7xx_HAL_Driver/Src/stm32h7xx_hal_pcd.c ****     /* Update the error code */
 631:Drivers/STM32H7xx_HAL_Driver/Src/stm32h7xx_hal_pcd.c ****     hpcd->ErrorCode |= HAL_PCD_ERROR_INVALID_CALLBACK;
 632:Drivers/STM32H7xx_HAL_Driver/Src/stm32h7xx_hal_pcd.c **** 
 633:Drivers/STM32H7xx_HAL_Driver/Src/stm32h7xx_hal_pcd.c ****     /* Return error status */
 634:Drivers/STM32H7xx_HAL_Driver/Src/stm32h7xx_hal_pcd.c ****     status =  HAL_ERROR;
 635:Drivers/STM32H7xx_HAL_Driver/Src/stm32h7xx_hal_pcd.c ****   }
 636:Drivers/STM32H7xx_HAL_Driver/Src/stm32h7xx_hal_pcd.c **** 
 637:Drivers/STM32H7xx_HAL_Driver/Src/stm32h7xx_hal_pcd.c ****   /* Release Lock */
 638:Drivers/STM32H7xx_HAL_Driver/Src/stm32h7xx_hal_pcd.c ****   __HAL_UNLOCK(hpcd);
 639:Drivers/STM32H7xx_HAL_Driver/Src/stm32h7xx_hal_pcd.c **** 
 640:Drivers/STM32H7xx_HAL_Driver/Src/stm32h7xx_hal_pcd.c ****   return status;
 641:Drivers/STM32H7xx_HAL_Driver/Src/stm32h7xx_hal_pcd.c **** }
 642:Drivers/STM32H7xx_HAL_Driver/Src/stm32h7xx_hal_pcd.c **** 
 643:Drivers/STM32H7xx_HAL_Driver/Src/stm32h7xx_hal_pcd.c **** /**
 644:Drivers/STM32H7xx_HAL_Driver/Src/stm32h7xx_hal_pcd.c ****   * @brief  Unregister the USB PCD Data IN Stage Callback
 645:Drivers/STM32H7xx_HAL_Driver/Src/stm32h7xx_hal_pcd.c ****   *         USB PCD Data OUT Stage Callback is redirected to the weak HAL_PCD_DataInStageCallback()
 646:Drivers/STM32H7xx_HAL_Driver/Src/stm32h7xx_hal_pcd.c ****   * @param  hpcd PCD handle
 647:Drivers/STM32H7xx_HAL_Driver/Src/stm32h7xx_hal_pcd.c ****   * @retval HAL status
 648:Drivers/STM32H7xx_HAL_Driver/Src/stm32h7xx_hal_pcd.c ****   */
 649:Drivers/STM32H7xx_HAL_Driver/Src/stm32h7xx_hal_pcd.c **** HAL_StatusTypeDef HAL_PCD_UnRegisterDataInStageCallback(PCD_HandleTypeDef *hpcd)
 650:Drivers/STM32H7xx_HAL_Driver/Src/stm32h7xx_hal_pcd.c **** {
 651:Drivers/STM32H7xx_HAL_Driver/Src/stm32h7xx_hal_pcd.c ****   HAL_StatusTypeDef status = HAL_OK;
 652:Drivers/STM32H7xx_HAL_Driver/Src/stm32h7xx_hal_pcd.c **** 
 653:Drivers/STM32H7xx_HAL_Driver/Src/stm32h7xx_hal_pcd.c ****   /* Process locked */
 654:Drivers/STM32H7xx_HAL_Driver/Src/stm32h7xx_hal_pcd.c ****   __HAL_LOCK(hpcd);
 655:Drivers/STM32H7xx_HAL_Driver/Src/stm32h7xx_hal_pcd.c **** 
 656:Drivers/STM32H7xx_HAL_Driver/Src/stm32h7xx_hal_pcd.c ****   if (hpcd->State == HAL_PCD_STATE_READY)
 657:Drivers/STM32H7xx_HAL_Driver/Src/stm32h7xx_hal_pcd.c ****   {
 658:Drivers/STM32H7xx_HAL_Driver/Src/stm32h7xx_hal_pcd.c ****     hpcd->DataInStageCallback = HAL_PCD_DataInStageCallback; /* Legacy weak DataInStageCallback  */
ARM GAS  C:\Users\Made\AppData\Local\Temp\cch5frMA.s 			page 13


 659:Drivers/STM32H7xx_HAL_Driver/Src/stm32h7xx_hal_pcd.c ****   }
 660:Drivers/STM32H7xx_HAL_Driver/Src/stm32h7xx_hal_pcd.c ****   else
 661:Drivers/STM32H7xx_HAL_Driver/Src/stm32h7xx_hal_pcd.c ****   {
 662:Drivers/STM32H7xx_HAL_Driver/Src/stm32h7xx_hal_pcd.c ****     /* Update the error code */
 663:Drivers/STM32H7xx_HAL_Driver/Src/stm32h7xx_hal_pcd.c ****     hpcd->ErrorCode |= HAL_PCD_ERROR_INVALID_CALLBACK;
 664:Drivers/STM32H7xx_HAL_Driver/Src/stm32h7xx_hal_pcd.c **** 
 665:Drivers/STM32H7xx_HAL_Driver/Src/stm32h7xx_hal_pcd.c ****     /* Return error status */
 666:Drivers/STM32H7xx_HAL_Driver/Src/stm32h7xx_hal_pcd.c ****     status =  HAL_ERROR;
 667:Drivers/STM32H7xx_HAL_Driver/Src/stm32h7xx_hal_pcd.c ****   }
 668:Drivers/STM32H7xx_HAL_Driver/Src/stm32h7xx_hal_pcd.c **** 
 669:Drivers/STM32H7xx_HAL_Driver/Src/stm32h7xx_hal_pcd.c ****   /* Release Lock */
 670:Drivers/STM32H7xx_HAL_Driver/Src/stm32h7xx_hal_pcd.c ****   __HAL_UNLOCK(hpcd);
 671:Drivers/STM32H7xx_HAL_Driver/Src/stm32h7xx_hal_pcd.c **** 
 672:Drivers/STM32H7xx_HAL_Driver/Src/stm32h7xx_hal_pcd.c ****   return status;
 673:Drivers/STM32H7xx_HAL_Driver/Src/stm32h7xx_hal_pcd.c **** }
 674:Drivers/STM32H7xx_HAL_Driver/Src/stm32h7xx_hal_pcd.c **** 
 675:Drivers/STM32H7xx_HAL_Driver/Src/stm32h7xx_hal_pcd.c **** /**
 676:Drivers/STM32H7xx_HAL_Driver/Src/stm32h7xx_hal_pcd.c ****   * @brief  Register USB PCD Iso OUT incomplete Callback
 677:Drivers/STM32H7xx_HAL_Driver/Src/stm32h7xx_hal_pcd.c ****   *         To be used instead of the weak HAL_PCD_ISOOUTIncompleteCallback() predefined callback
 678:Drivers/STM32H7xx_HAL_Driver/Src/stm32h7xx_hal_pcd.c ****   * @param  hpcd PCD handle
 679:Drivers/STM32H7xx_HAL_Driver/Src/stm32h7xx_hal_pcd.c ****   * @param  pCallback pointer to the USB PCD Iso OUT incomplete Callback function
 680:Drivers/STM32H7xx_HAL_Driver/Src/stm32h7xx_hal_pcd.c ****   * @retval HAL status
 681:Drivers/STM32H7xx_HAL_Driver/Src/stm32h7xx_hal_pcd.c ****   */
 682:Drivers/STM32H7xx_HAL_Driver/Src/stm32h7xx_hal_pcd.c **** HAL_StatusTypeDef HAL_PCD_RegisterIsoOutIncpltCallback(PCD_HandleTypeDef *hpcd,
 683:Drivers/STM32H7xx_HAL_Driver/Src/stm32h7xx_hal_pcd.c ****                                                        pPCD_IsoOutIncpltCallbackTypeDef pCallback)
 684:Drivers/STM32H7xx_HAL_Driver/Src/stm32h7xx_hal_pcd.c **** {
 685:Drivers/STM32H7xx_HAL_Driver/Src/stm32h7xx_hal_pcd.c ****   HAL_StatusTypeDef status = HAL_OK;
 686:Drivers/STM32H7xx_HAL_Driver/Src/stm32h7xx_hal_pcd.c **** 
 687:Drivers/STM32H7xx_HAL_Driver/Src/stm32h7xx_hal_pcd.c ****   if (pCallback == NULL)
 688:Drivers/STM32H7xx_HAL_Driver/Src/stm32h7xx_hal_pcd.c ****   {
 689:Drivers/STM32H7xx_HAL_Driver/Src/stm32h7xx_hal_pcd.c ****     /* Update the error code */
 690:Drivers/STM32H7xx_HAL_Driver/Src/stm32h7xx_hal_pcd.c ****     hpcd->ErrorCode |= HAL_PCD_ERROR_INVALID_CALLBACK;
 691:Drivers/STM32H7xx_HAL_Driver/Src/stm32h7xx_hal_pcd.c **** 
 692:Drivers/STM32H7xx_HAL_Driver/Src/stm32h7xx_hal_pcd.c ****     return HAL_ERROR;
 693:Drivers/STM32H7xx_HAL_Driver/Src/stm32h7xx_hal_pcd.c ****   }
 694:Drivers/STM32H7xx_HAL_Driver/Src/stm32h7xx_hal_pcd.c **** 
 695:Drivers/STM32H7xx_HAL_Driver/Src/stm32h7xx_hal_pcd.c ****   /* Process locked */
 696:Drivers/STM32H7xx_HAL_Driver/Src/stm32h7xx_hal_pcd.c ****   __HAL_LOCK(hpcd);
 697:Drivers/STM32H7xx_HAL_Driver/Src/stm32h7xx_hal_pcd.c **** 
 698:Drivers/STM32H7xx_HAL_Driver/Src/stm32h7xx_hal_pcd.c ****   if (hpcd->State == HAL_PCD_STATE_READY)
 699:Drivers/STM32H7xx_HAL_Driver/Src/stm32h7xx_hal_pcd.c ****   {
 700:Drivers/STM32H7xx_HAL_Driver/Src/stm32h7xx_hal_pcd.c ****     hpcd->ISOOUTIncompleteCallback = pCallback;
 701:Drivers/STM32H7xx_HAL_Driver/Src/stm32h7xx_hal_pcd.c ****   }
 702:Drivers/STM32H7xx_HAL_Driver/Src/stm32h7xx_hal_pcd.c ****   else
 703:Drivers/STM32H7xx_HAL_Driver/Src/stm32h7xx_hal_pcd.c ****   {
 704:Drivers/STM32H7xx_HAL_Driver/Src/stm32h7xx_hal_pcd.c ****     /* Update the error code */
 705:Drivers/STM32H7xx_HAL_Driver/Src/stm32h7xx_hal_pcd.c ****     hpcd->ErrorCode |= HAL_PCD_ERROR_INVALID_CALLBACK;
 706:Drivers/STM32H7xx_HAL_Driver/Src/stm32h7xx_hal_pcd.c **** 
 707:Drivers/STM32H7xx_HAL_Driver/Src/stm32h7xx_hal_pcd.c ****     /* Return error status */
 708:Drivers/STM32H7xx_HAL_Driver/Src/stm32h7xx_hal_pcd.c ****     status =  HAL_ERROR;
 709:Drivers/STM32H7xx_HAL_Driver/Src/stm32h7xx_hal_pcd.c ****   }
 710:Drivers/STM32H7xx_HAL_Driver/Src/stm32h7xx_hal_pcd.c **** 
 711:Drivers/STM32H7xx_HAL_Driver/Src/stm32h7xx_hal_pcd.c ****   /* Release Lock */
 712:Drivers/STM32H7xx_HAL_Driver/Src/stm32h7xx_hal_pcd.c ****   __HAL_UNLOCK(hpcd);
 713:Drivers/STM32H7xx_HAL_Driver/Src/stm32h7xx_hal_pcd.c **** 
 714:Drivers/STM32H7xx_HAL_Driver/Src/stm32h7xx_hal_pcd.c ****   return status;
 715:Drivers/STM32H7xx_HAL_Driver/Src/stm32h7xx_hal_pcd.c **** }
ARM GAS  C:\Users\Made\AppData\Local\Temp\cch5frMA.s 			page 14


 716:Drivers/STM32H7xx_HAL_Driver/Src/stm32h7xx_hal_pcd.c **** 
 717:Drivers/STM32H7xx_HAL_Driver/Src/stm32h7xx_hal_pcd.c **** /**
 718:Drivers/STM32H7xx_HAL_Driver/Src/stm32h7xx_hal_pcd.c ****   * @brief  Unregister the USB PCD Iso OUT incomplete Callback
 719:Drivers/STM32H7xx_HAL_Driver/Src/stm32h7xx_hal_pcd.c ****   *         USB PCD Iso OUT incomplete Callback is redirected
 720:Drivers/STM32H7xx_HAL_Driver/Src/stm32h7xx_hal_pcd.c ****   *         to the weak HAL_PCD_ISOOUTIncompleteCallback() predefined callback
 721:Drivers/STM32H7xx_HAL_Driver/Src/stm32h7xx_hal_pcd.c ****   * @param  hpcd PCD handle
 722:Drivers/STM32H7xx_HAL_Driver/Src/stm32h7xx_hal_pcd.c ****   * @retval HAL status
 723:Drivers/STM32H7xx_HAL_Driver/Src/stm32h7xx_hal_pcd.c ****   */
 724:Drivers/STM32H7xx_HAL_Driver/Src/stm32h7xx_hal_pcd.c **** HAL_StatusTypeDef HAL_PCD_UnRegisterIsoOutIncpltCallback(PCD_HandleTypeDef *hpcd)
 725:Drivers/STM32H7xx_HAL_Driver/Src/stm32h7xx_hal_pcd.c **** {
 726:Drivers/STM32H7xx_HAL_Driver/Src/stm32h7xx_hal_pcd.c ****   HAL_StatusTypeDef status = HAL_OK;
 727:Drivers/STM32H7xx_HAL_Driver/Src/stm32h7xx_hal_pcd.c **** 
 728:Drivers/STM32H7xx_HAL_Driver/Src/stm32h7xx_hal_pcd.c ****   /* Process locked */
 729:Drivers/STM32H7xx_HAL_Driver/Src/stm32h7xx_hal_pcd.c ****   __HAL_LOCK(hpcd);
 730:Drivers/STM32H7xx_HAL_Driver/Src/stm32h7xx_hal_pcd.c **** 
 731:Drivers/STM32H7xx_HAL_Driver/Src/stm32h7xx_hal_pcd.c ****   if (hpcd->State == HAL_PCD_STATE_READY)
 732:Drivers/STM32H7xx_HAL_Driver/Src/stm32h7xx_hal_pcd.c ****   {
 733:Drivers/STM32H7xx_HAL_Driver/Src/stm32h7xx_hal_pcd.c ****     hpcd->ISOOUTIncompleteCallback = HAL_PCD_ISOOUTIncompleteCallback; /* Legacy weak ISOOUTIncompl
 734:Drivers/STM32H7xx_HAL_Driver/Src/stm32h7xx_hal_pcd.c ****   }
 735:Drivers/STM32H7xx_HAL_Driver/Src/stm32h7xx_hal_pcd.c ****   else
 736:Drivers/STM32H7xx_HAL_Driver/Src/stm32h7xx_hal_pcd.c ****   {
 737:Drivers/STM32H7xx_HAL_Driver/Src/stm32h7xx_hal_pcd.c ****     /* Update the error code */
 738:Drivers/STM32H7xx_HAL_Driver/Src/stm32h7xx_hal_pcd.c ****     hpcd->ErrorCode |= HAL_PCD_ERROR_INVALID_CALLBACK;
 739:Drivers/STM32H7xx_HAL_Driver/Src/stm32h7xx_hal_pcd.c **** 
 740:Drivers/STM32H7xx_HAL_Driver/Src/stm32h7xx_hal_pcd.c ****     /* Return error status */
 741:Drivers/STM32H7xx_HAL_Driver/Src/stm32h7xx_hal_pcd.c ****     status =  HAL_ERROR;
 742:Drivers/STM32H7xx_HAL_Driver/Src/stm32h7xx_hal_pcd.c ****   }
 743:Drivers/STM32H7xx_HAL_Driver/Src/stm32h7xx_hal_pcd.c **** 
 744:Drivers/STM32H7xx_HAL_Driver/Src/stm32h7xx_hal_pcd.c ****   /* Release Lock */
 745:Drivers/STM32H7xx_HAL_Driver/Src/stm32h7xx_hal_pcd.c ****   __HAL_UNLOCK(hpcd);
 746:Drivers/STM32H7xx_HAL_Driver/Src/stm32h7xx_hal_pcd.c **** 
 747:Drivers/STM32H7xx_HAL_Driver/Src/stm32h7xx_hal_pcd.c ****   return status;
 748:Drivers/STM32H7xx_HAL_Driver/Src/stm32h7xx_hal_pcd.c **** }
 749:Drivers/STM32H7xx_HAL_Driver/Src/stm32h7xx_hal_pcd.c **** 
 750:Drivers/STM32H7xx_HAL_Driver/Src/stm32h7xx_hal_pcd.c **** /**
 751:Drivers/STM32H7xx_HAL_Driver/Src/stm32h7xx_hal_pcd.c ****   * @brief  Register USB PCD Iso IN incomplete Callback
 752:Drivers/STM32H7xx_HAL_Driver/Src/stm32h7xx_hal_pcd.c ****   *         To be used instead of the weak HAL_PCD_ISOINIncompleteCallback() predefined callback
 753:Drivers/STM32H7xx_HAL_Driver/Src/stm32h7xx_hal_pcd.c ****   * @param  hpcd PCD handle
 754:Drivers/STM32H7xx_HAL_Driver/Src/stm32h7xx_hal_pcd.c ****   * @param  pCallback pointer to the USB PCD Iso IN incomplete Callback function
 755:Drivers/STM32H7xx_HAL_Driver/Src/stm32h7xx_hal_pcd.c ****   * @retval HAL status
 756:Drivers/STM32H7xx_HAL_Driver/Src/stm32h7xx_hal_pcd.c ****   */
 757:Drivers/STM32H7xx_HAL_Driver/Src/stm32h7xx_hal_pcd.c **** HAL_StatusTypeDef HAL_PCD_RegisterIsoInIncpltCallback(PCD_HandleTypeDef *hpcd,
 758:Drivers/STM32H7xx_HAL_Driver/Src/stm32h7xx_hal_pcd.c ****                                                       pPCD_IsoInIncpltCallbackTypeDef pCallback)
 759:Drivers/STM32H7xx_HAL_Driver/Src/stm32h7xx_hal_pcd.c **** {
 760:Drivers/STM32H7xx_HAL_Driver/Src/stm32h7xx_hal_pcd.c ****   HAL_StatusTypeDef status = HAL_OK;
 761:Drivers/STM32H7xx_HAL_Driver/Src/stm32h7xx_hal_pcd.c **** 
 762:Drivers/STM32H7xx_HAL_Driver/Src/stm32h7xx_hal_pcd.c ****   if (pCallback == NULL)
 763:Drivers/STM32H7xx_HAL_Driver/Src/stm32h7xx_hal_pcd.c ****   {
 764:Drivers/STM32H7xx_HAL_Driver/Src/stm32h7xx_hal_pcd.c ****     /* Update the error code */
 765:Drivers/STM32H7xx_HAL_Driver/Src/stm32h7xx_hal_pcd.c ****     hpcd->ErrorCode |= HAL_PCD_ERROR_INVALID_CALLBACK;
 766:Drivers/STM32H7xx_HAL_Driver/Src/stm32h7xx_hal_pcd.c **** 
 767:Drivers/STM32H7xx_HAL_Driver/Src/stm32h7xx_hal_pcd.c ****     return HAL_ERROR;
 768:Drivers/STM32H7xx_HAL_Driver/Src/stm32h7xx_hal_pcd.c ****   }
 769:Drivers/STM32H7xx_HAL_Driver/Src/stm32h7xx_hal_pcd.c **** 
 770:Drivers/STM32H7xx_HAL_Driver/Src/stm32h7xx_hal_pcd.c ****   /* Process locked */
 771:Drivers/STM32H7xx_HAL_Driver/Src/stm32h7xx_hal_pcd.c ****   __HAL_LOCK(hpcd);
 772:Drivers/STM32H7xx_HAL_Driver/Src/stm32h7xx_hal_pcd.c **** 
ARM GAS  C:\Users\Made\AppData\Local\Temp\cch5frMA.s 			page 15


 773:Drivers/STM32H7xx_HAL_Driver/Src/stm32h7xx_hal_pcd.c ****   if (hpcd->State == HAL_PCD_STATE_READY)
 774:Drivers/STM32H7xx_HAL_Driver/Src/stm32h7xx_hal_pcd.c ****   {
 775:Drivers/STM32H7xx_HAL_Driver/Src/stm32h7xx_hal_pcd.c ****     hpcd->ISOINIncompleteCallback = pCallback;
 776:Drivers/STM32H7xx_HAL_Driver/Src/stm32h7xx_hal_pcd.c ****   }
 777:Drivers/STM32H7xx_HAL_Driver/Src/stm32h7xx_hal_pcd.c ****   else
 778:Drivers/STM32H7xx_HAL_Driver/Src/stm32h7xx_hal_pcd.c ****   {
 779:Drivers/STM32H7xx_HAL_Driver/Src/stm32h7xx_hal_pcd.c ****     /* Update the error code */
 780:Drivers/STM32H7xx_HAL_Driver/Src/stm32h7xx_hal_pcd.c ****     hpcd->ErrorCode |= HAL_PCD_ERROR_INVALID_CALLBACK;
 781:Drivers/STM32H7xx_HAL_Driver/Src/stm32h7xx_hal_pcd.c **** 
 782:Drivers/STM32H7xx_HAL_Driver/Src/stm32h7xx_hal_pcd.c ****     /* Return error status */
 783:Drivers/STM32H7xx_HAL_Driver/Src/stm32h7xx_hal_pcd.c ****     status =  HAL_ERROR;
 784:Drivers/STM32H7xx_HAL_Driver/Src/stm32h7xx_hal_pcd.c ****   }
 785:Drivers/STM32H7xx_HAL_Driver/Src/stm32h7xx_hal_pcd.c **** 
 786:Drivers/STM32H7xx_HAL_Driver/Src/stm32h7xx_hal_pcd.c ****   /* Release Lock */
 787:Drivers/STM32H7xx_HAL_Driver/Src/stm32h7xx_hal_pcd.c ****   __HAL_UNLOCK(hpcd);
 788:Drivers/STM32H7xx_HAL_Driver/Src/stm32h7xx_hal_pcd.c **** 
 789:Drivers/STM32H7xx_HAL_Driver/Src/stm32h7xx_hal_pcd.c ****   return status;
 790:Drivers/STM32H7xx_HAL_Driver/Src/stm32h7xx_hal_pcd.c **** }
 791:Drivers/STM32H7xx_HAL_Driver/Src/stm32h7xx_hal_pcd.c **** 
 792:Drivers/STM32H7xx_HAL_Driver/Src/stm32h7xx_hal_pcd.c **** /**
 793:Drivers/STM32H7xx_HAL_Driver/Src/stm32h7xx_hal_pcd.c ****   * @brief  Unregister the USB PCD Iso IN incomplete Callback
 794:Drivers/STM32H7xx_HAL_Driver/Src/stm32h7xx_hal_pcd.c ****   *         USB PCD Iso IN incomplete Callback is redirected
 795:Drivers/STM32H7xx_HAL_Driver/Src/stm32h7xx_hal_pcd.c ****   *         to the weak HAL_PCD_ISOINIncompleteCallback() predefined callback
 796:Drivers/STM32H7xx_HAL_Driver/Src/stm32h7xx_hal_pcd.c ****   * @param  hpcd PCD handle
 797:Drivers/STM32H7xx_HAL_Driver/Src/stm32h7xx_hal_pcd.c ****   * @retval HAL status
 798:Drivers/STM32H7xx_HAL_Driver/Src/stm32h7xx_hal_pcd.c ****   */
 799:Drivers/STM32H7xx_HAL_Driver/Src/stm32h7xx_hal_pcd.c **** HAL_StatusTypeDef HAL_PCD_UnRegisterIsoInIncpltCallback(PCD_HandleTypeDef *hpcd)
 800:Drivers/STM32H7xx_HAL_Driver/Src/stm32h7xx_hal_pcd.c **** {
 801:Drivers/STM32H7xx_HAL_Driver/Src/stm32h7xx_hal_pcd.c ****   HAL_StatusTypeDef status = HAL_OK;
 802:Drivers/STM32H7xx_HAL_Driver/Src/stm32h7xx_hal_pcd.c **** 
 803:Drivers/STM32H7xx_HAL_Driver/Src/stm32h7xx_hal_pcd.c ****   /* Process locked */
 804:Drivers/STM32H7xx_HAL_Driver/Src/stm32h7xx_hal_pcd.c ****   __HAL_LOCK(hpcd);
 805:Drivers/STM32H7xx_HAL_Driver/Src/stm32h7xx_hal_pcd.c **** 
 806:Drivers/STM32H7xx_HAL_Driver/Src/stm32h7xx_hal_pcd.c ****   if (hpcd->State == HAL_PCD_STATE_READY)
 807:Drivers/STM32H7xx_HAL_Driver/Src/stm32h7xx_hal_pcd.c ****   {
 808:Drivers/STM32H7xx_HAL_Driver/Src/stm32h7xx_hal_pcd.c ****     hpcd->ISOINIncompleteCallback = HAL_PCD_ISOINIncompleteCallback; /* Legacy weak ISOINIncomplete
 809:Drivers/STM32H7xx_HAL_Driver/Src/stm32h7xx_hal_pcd.c ****   }
 810:Drivers/STM32H7xx_HAL_Driver/Src/stm32h7xx_hal_pcd.c ****   else
 811:Drivers/STM32H7xx_HAL_Driver/Src/stm32h7xx_hal_pcd.c ****   {
 812:Drivers/STM32H7xx_HAL_Driver/Src/stm32h7xx_hal_pcd.c ****     /* Update the error code */
 813:Drivers/STM32H7xx_HAL_Driver/Src/stm32h7xx_hal_pcd.c ****     hpcd->ErrorCode |= HAL_PCD_ERROR_INVALID_CALLBACK;
 814:Drivers/STM32H7xx_HAL_Driver/Src/stm32h7xx_hal_pcd.c **** 
 815:Drivers/STM32H7xx_HAL_Driver/Src/stm32h7xx_hal_pcd.c ****     /* Return error status */
 816:Drivers/STM32H7xx_HAL_Driver/Src/stm32h7xx_hal_pcd.c ****     status =  HAL_ERROR;
 817:Drivers/STM32H7xx_HAL_Driver/Src/stm32h7xx_hal_pcd.c ****   }
 818:Drivers/STM32H7xx_HAL_Driver/Src/stm32h7xx_hal_pcd.c **** 
 819:Drivers/STM32H7xx_HAL_Driver/Src/stm32h7xx_hal_pcd.c ****   /* Release Lock */
 820:Drivers/STM32H7xx_HAL_Driver/Src/stm32h7xx_hal_pcd.c ****   __HAL_UNLOCK(hpcd);
 821:Drivers/STM32H7xx_HAL_Driver/Src/stm32h7xx_hal_pcd.c **** 
 822:Drivers/STM32H7xx_HAL_Driver/Src/stm32h7xx_hal_pcd.c ****   return status;
 823:Drivers/STM32H7xx_HAL_Driver/Src/stm32h7xx_hal_pcd.c **** }
 824:Drivers/STM32H7xx_HAL_Driver/Src/stm32h7xx_hal_pcd.c **** 
 825:Drivers/STM32H7xx_HAL_Driver/Src/stm32h7xx_hal_pcd.c **** /**
 826:Drivers/STM32H7xx_HAL_Driver/Src/stm32h7xx_hal_pcd.c ****   * @brief  Register USB PCD BCD Callback
 827:Drivers/STM32H7xx_HAL_Driver/Src/stm32h7xx_hal_pcd.c ****   *         To be used instead of the weak HAL_PCDEx_BCD_Callback() predefined callback
 828:Drivers/STM32H7xx_HAL_Driver/Src/stm32h7xx_hal_pcd.c ****   * @param  hpcd PCD handle
 829:Drivers/STM32H7xx_HAL_Driver/Src/stm32h7xx_hal_pcd.c ****   * @param  pCallback pointer to the USB PCD BCD Callback function
ARM GAS  C:\Users\Made\AppData\Local\Temp\cch5frMA.s 			page 16


 830:Drivers/STM32H7xx_HAL_Driver/Src/stm32h7xx_hal_pcd.c ****   * @retval HAL status
 831:Drivers/STM32H7xx_HAL_Driver/Src/stm32h7xx_hal_pcd.c ****   */
 832:Drivers/STM32H7xx_HAL_Driver/Src/stm32h7xx_hal_pcd.c **** HAL_StatusTypeDef HAL_PCD_RegisterBcdCallback(PCD_HandleTypeDef *hpcd, pPCD_BcdCallbackTypeDef pCal
 833:Drivers/STM32H7xx_HAL_Driver/Src/stm32h7xx_hal_pcd.c **** {
 834:Drivers/STM32H7xx_HAL_Driver/Src/stm32h7xx_hal_pcd.c ****   HAL_StatusTypeDef status = HAL_OK;
 835:Drivers/STM32H7xx_HAL_Driver/Src/stm32h7xx_hal_pcd.c **** 
 836:Drivers/STM32H7xx_HAL_Driver/Src/stm32h7xx_hal_pcd.c ****   if (pCallback == NULL)
 837:Drivers/STM32H7xx_HAL_Driver/Src/stm32h7xx_hal_pcd.c ****   {
 838:Drivers/STM32H7xx_HAL_Driver/Src/stm32h7xx_hal_pcd.c ****     /* Update the error code */
 839:Drivers/STM32H7xx_HAL_Driver/Src/stm32h7xx_hal_pcd.c ****     hpcd->ErrorCode |= HAL_PCD_ERROR_INVALID_CALLBACK;
 840:Drivers/STM32H7xx_HAL_Driver/Src/stm32h7xx_hal_pcd.c **** 
 841:Drivers/STM32H7xx_HAL_Driver/Src/stm32h7xx_hal_pcd.c ****     return HAL_ERROR;
 842:Drivers/STM32H7xx_HAL_Driver/Src/stm32h7xx_hal_pcd.c ****   }
 843:Drivers/STM32H7xx_HAL_Driver/Src/stm32h7xx_hal_pcd.c **** 
 844:Drivers/STM32H7xx_HAL_Driver/Src/stm32h7xx_hal_pcd.c ****   /* Process locked */
 845:Drivers/STM32H7xx_HAL_Driver/Src/stm32h7xx_hal_pcd.c ****   __HAL_LOCK(hpcd);
 846:Drivers/STM32H7xx_HAL_Driver/Src/stm32h7xx_hal_pcd.c **** 
 847:Drivers/STM32H7xx_HAL_Driver/Src/stm32h7xx_hal_pcd.c ****   if (hpcd->State == HAL_PCD_STATE_READY)
 848:Drivers/STM32H7xx_HAL_Driver/Src/stm32h7xx_hal_pcd.c ****   {
 849:Drivers/STM32H7xx_HAL_Driver/Src/stm32h7xx_hal_pcd.c ****     hpcd->BCDCallback = pCallback;
 850:Drivers/STM32H7xx_HAL_Driver/Src/stm32h7xx_hal_pcd.c ****   }
 851:Drivers/STM32H7xx_HAL_Driver/Src/stm32h7xx_hal_pcd.c ****   else
 852:Drivers/STM32H7xx_HAL_Driver/Src/stm32h7xx_hal_pcd.c ****   {
 853:Drivers/STM32H7xx_HAL_Driver/Src/stm32h7xx_hal_pcd.c ****     /* Update the error code */
 854:Drivers/STM32H7xx_HAL_Driver/Src/stm32h7xx_hal_pcd.c ****     hpcd->ErrorCode |= HAL_PCD_ERROR_INVALID_CALLBACK;
 855:Drivers/STM32H7xx_HAL_Driver/Src/stm32h7xx_hal_pcd.c **** 
 856:Drivers/STM32H7xx_HAL_Driver/Src/stm32h7xx_hal_pcd.c ****     /* Return error status */
 857:Drivers/STM32H7xx_HAL_Driver/Src/stm32h7xx_hal_pcd.c ****     status =  HAL_ERROR;
 858:Drivers/STM32H7xx_HAL_Driver/Src/stm32h7xx_hal_pcd.c ****   }
 859:Drivers/STM32H7xx_HAL_Driver/Src/stm32h7xx_hal_pcd.c **** 
 860:Drivers/STM32H7xx_HAL_Driver/Src/stm32h7xx_hal_pcd.c ****   /* Release Lock */
 861:Drivers/STM32H7xx_HAL_Driver/Src/stm32h7xx_hal_pcd.c ****   __HAL_UNLOCK(hpcd);
 862:Drivers/STM32H7xx_HAL_Driver/Src/stm32h7xx_hal_pcd.c **** 
 863:Drivers/STM32H7xx_HAL_Driver/Src/stm32h7xx_hal_pcd.c ****   return status;
 864:Drivers/STM32H7xx_HAL_Driver/Src/stm32h7xx_hal_pcd.c **** }
 865:Drivers/STM32H7xx_HAL_Driver/Src/stm32h7xx_hal_pcd.c **** 
 866:Drivers/STM32H7xx_HAL_Driver/Src/stm32h7xx_hal_pcd.c **** /**
 867:Drivers/STM32H7xx_HAL_Driver/Src/stm32h7xx_hal_pcd.c ****   * @brief  Unregister the USB PCD BCD Callback
 868:Drivers/STM32H7xx_HAL_Driver/Src/stm32h7xx_hal_pcd.c ****   *         USB BCD Callback is redirected to the weak HAL_PCDEx_BCD_Callback() predefined callback
 869:Drivers/STM32H7xx_HAL_Driver/Src/stm32h7xx_hal_pcd.c ****   * @param  hpcd PCD handle
 870:Drivers/STM32H7xx_HAL_Driver/Src/stm32h7xx_hal_pcd.c ****   * @retval HAL status
 871:Drivers/STM32H7xx_HAL_Driver/Src/stm32h7xx_hal_pcd.c ****   */
 872:Drivers/STM32H7xx_HAL_Driver/Src/stm32h7xx_hal_pcd.c **** HAL_StatusTypeDef HAL_PCD_UnRegisterBcdCallback(PCD_HandleTypeDef *hpcd)
 873:Drivers/STM32H7xx_HAL_Driver/Src/stm32h7xx_hal_pcd.c **** {
 874:Drivers/STM32H7xx_HAL_Driver/Src/stm32h7xx_hal_pcd.c ****   HAL_StatusTypeDef status = HAL_OK;
 875:Drivers/STM32H7xx_HAL_Driver/Src/stm32h7xx_hal_pcd.c **** 
 876:Drivers/STM32H7xx_HAL_Driver/Src/stm32h7xx_hal_pcd.c ****   /* Process locked */
 877:Drivers/STM32H7xx_HAL_Driver/Src/stm32h7xx_hal_pcd.c ****   __HAL_LOCK(hpcd);
 878:Drivers/STM32H7xx_HAL_Driver/Src/stm32h7xx_hal_pcd.c **** 
 879:Drivers/STM32H7xx_HAL_Driver/Src/stm32h7xx_hal_pcd.c ****   if (hpcd->State == HAL_PCD_STATE_READY)
 880:Drivers/STM32H7xx_HAL_Driver/Src/stm32h7xx_hal_pcd.c ****   {
 881:Drivers/STM32H7xx_HAL_Driver/Src/stm32h7xx_hal_pcd.c ****     hpcd->BCDCallback = HAL_PCDEx_BCD_Callback; /* Legacy weak HAL_PCDEx_BCD_Callback  */
 882:Drivers/STM32H7xx_HAL_Driver/Src/stm32h7xx_hal_pcd.c ****   }
 883:Drivers/STM32H7xx_HAL_Driver/Src/stm32h7xx_hal_pcd.c ****   else
 884:Drivers/STM32H7xx_HAL_Driver/Src/stm32h7xx_hal_pcd.c ****   {
 885:Drivers/STM32H7xx_HAL_Driver/Src/stm32h7xx_hal_pcd.c ****     /* Update the error code */
 886:Drivers/STM32H7xx_HAL_Driver/Src/stm32h7xx_hal_pcd.c ****     hpcd->ErrorCode |= HAL_PCD_ERROR_INVALID_CALLBACK;
ARM GAS  C:\Users\Made\AppData\Local\Temp\cch5frMA.s 			page 17


 887:Drivers/STM32H7xx_HAL_Driver/Src/stm32h7xx_hal_pcd.c **** 
 888:Drivers/STM32H7xx_HAL_Driver/Src/stm32h7xx_hal_pcd.c ****     /* Return error status */
 889:Drivers/STM32H7xx_HAL_Driver/Src/stm32h7xx_hal_pcd.c ****     status =  HAL_ERROR;
 890:Drivers/STM32H7xx_HAL_Driver/Src/stm32h7xx_hal_pcd.c ****   }
 891:Drivers/STM32H7xx_HAL_Driver/Src/stm32h7xx_hal_pcd.c **** 
 892:Drivers/STM32H7xx_HAL_Driver/Src/stm32h7xx_hal_pcd.c ****   /* Release Lock */
 893:Drivers/STM32H7xx_HAL_Driver/Src/stm32h7xx_hal_pcd.c ****   __HAL_UNLOCK(hpcd);
 894:Drivers/STM32H7xx_HAL_Driver/Src/stm32h7xx_hal_pcd.c **** 
 895:Drivers/STM32H7xx_HAL_Driver/Src/stm32h7xx_hal_pcd.c ****   return status;
 896:Drivers/STM32H7xx_HAL_Driver/Src/stm32h7xx_hal_pcd.c **** }
 897:Drivers/STM32H7xx_HAL_Driver/Src/stm32h7xx_hal_pcd.c **** 
 898:Drivers/STM32H7xx_HAL_Driver/Src/stm32h7xx_hal_pcd.c **** /**
 899:Drivers/STM32H7xx_HAL_Driver/Src/stm32h7xx_hal_pcd.c ****   * @brief  Register USB PCD LPM Callback
 900:Drivers/STM32H7xx_HAL_Driver/Src/stm32h7xx_hal_pcd.c ****   *         To be used instead of the weak HAL_PCDEx_LPM_Callback() predefined callback
 901:Drivers/STM32H7xx_HAL_Driver/Src/stm32h7xx_hal_pcd.c ****   * @param  hpcd PCD handle
 902:Drivers/STM32H7xx_HAL_Driver/Src/stm32h7xx_hal_pcd.c ****   * @param  pCallback pointer to the USB PCD LPM Callback function
 903:Drivers/STM32H7xx_HAL_Driver/Src/stm32h7xx_hal_pcd.c ****   * @retval HAL status
 904:Drivers/STM32H7xx_HAL_Driver/Src/stm32h7xx_hal_pcd.c ****   */
 905:Drivers/STM32H7xx_HAL_Driver/Src/stm32h7xx_hal_pcd.c **** HAL_StatusTypeDef HAL_PCD_RegisterLpmCallback(PCD_HandleTypeDef *hpcd, pPCD_LpmCallbackTypeDef pCal
 906:Drivers/STM32H7xx_HAL_Driver/Src/stm32h7xx_hal_pcd.c **** {
 907:Drivers/STM32H7xx_HAL_Driver/Src/stm32h7xx_hal_pcd.c ****   HAL_StatusTypeDef status = HAL_OK;
 908:Drivers/STM32H7xx_HAL_Driver/Src/stm32h7xx_hal_pcd.c **** 
 909:Drivers/STM32H7xx_HAL_Driver/Src/stm32h7xx_hal_pcd.c ****   if (pCallback == NULL)
 910:Drivers/STM32H7xx_HAL_Driver/Src/stm32h7xx_hal_pcd.c ****   {
 911:Drivers/STM32H7xx_HAL_Driver/Src/stm32h7xx_hal_pcd.c ****     /* Update the error code */
 912:Drivers/STM32H7xx_HAL_Driver/Src/stm32h7xx_hal_pcd.c ****     hpcd->ErrorCode |= HAL_PCD_ERROR_INVALID_CALLBACK;
 913:Drivers/STM32H7xx_HAL_Driver/Src/stm32h7xx_hal_pcd.c **** 
 914:Drivers/STM32H7xx_HAL_Driver/Src/stm32h7xx_hal_pcd.c ****     return HAL_ERROR;
 915:Drivers/STM32H7xx_HAL_Driver/Src/stm32h7xx_hal_pcd.c ****   }
 916:Drivers/STM32H7xx_HAL_Driver/Src/stm32h7xx_hal_pcd.c **** 
 917:Drivers/STM32H7xx_HAL_Driver/Src/stm32h7xx_hal_pcd.c ****   /* Process locked */
 918:Drivers/STM32H7xx_HAL_Driver/Src/stm32h7xx_hal_pcd.c ****   __HAL_LOCK(hpcd);
 919:Drivers/STM32H7xx_HAL_Driver/Src/stm32h7xx_hal_pcd.c **** 
 920:Drivers/STM32H7xx_HAL_Driver/Src/stm32h7xx_hal_pcd.c ****   if (hpcd->State == HAL_PCD_STATE_READY)
 921:Drivers/STM32H7xx_HAL_Driver/Src/stm32h7xx_hal_pcd.c ****   {
 922:Drivers/STM32H7xx_HAL_Driver/Src/stm32h7xx_hal_pcd.c ****     hpcd->LPMCallback = pCallback;
 923:Drivers/STM32H7xx_HAL_Driver/Src/stm32h7xx_hal_pcd.c ****   }
 924:Drivers/STM32H7xx_HAL_Driver/Src/stm32h7xx_hal_pcd.c ****   else
 925:Drivers/STM32H7xx_HAL_Driver/Src/stm32h7xx_hal_pcd.c ****   {
 926:Drivers/STM32H7xx_HAL_Driver/Src/stm32h7xx_hal_pcd.c ****     /* Update the error code */
 927:Drivers/STM32H7xx_HAL_Driver/Src/stm32h7xx_hal_pcd.c ****     hpcd->ErrorCode |= HAL_PCD_ERROR_INVALID_CALLBACK;
 928:Drivers/STM32H7xx_HAL_Driver/Src/stm32h7xx_hal_pcd.c **** 
 929:Drivers/STM32H7xx_HAL_Driver/Src/stm32h7xx_hal_pcd.c ****     /* Return error status */
 930:Drivers/STM32H7xx_HAL_Driver/Src/stm32h7xx_hal_pcd.c ****     status =  HAL_ERROR;
 931:Drivers/STM32H7xx_HAL_Driver/Src/stm32h7xx_hal_pcd.c ****   }
 932:Drivers/STM32H7xx_HAL_Driver/Src/stm32h7xx_hal_pcd.c **** 
 933:Drivers/STM32H7xx_HAL_Driver/Src/stm32h7xx_hal_pcd.c ****   /* Release Lock */
 934:Drivers/STM32H7xx_HAL_Driver/Src/stm32h7xx_hal_pcd.c ****   __HAL_UNLOCK(hpcd);
 935:Drivers/STM32H7xx_HAL_Driver/Src/stm32h7xx_hal_pcd.c **** 
 936:Drivers/STM32H7xx_HAL_Driver/Src/stm32h7xx_hal_pcd.c ****   return status;
 937:Drivers/STM32H7xx_HAL_Driver/Src/stm32h7xx_hal_pcd.c **** }
 938:Drivers/STM32H7xx_HAL_Driver/Src/stm32h7xx_hal_pcd.c **** 
 939:Drivers/STM32H7xx_HAL_Driver/Src/stm32h7xx_hal_pcd.c **** /**
 940:Drivers/STM32H7xx_HAL_Driver/Src/stm32h7xx_hal_pcd.c ****   * @brief  Unregister the USB PCD LPM Callback
 941:Drivers/STM32H7xx_HAL_Driver/Src/stm32h7xx_hal_pcd.c ****   *         USB LPM Callback is redirected to the weak HAL_PCDEx_LPM_Callback() predefined callback
 942:Drivers/STM32H7xx_HAL_Driver/Src/stm32h7xx_hal_pcd.c ****   * @param  hpcd PCD handle
 943:Drivers/STM32H7xx_HAL_Driver/Src/stm32h7xx_hal_pcd.c ****   * @retval HAL status
ARM GAS  C:\Users\Made\AppData\Local\Temp\cch5frMA.s 			page 18


 944:Drivers/STM32H7xx_HAL_Driver/Src/stm32h7xx_hal_pcd.c ****   */
 945:Drivers/STM32H7xx_HAL_Driver/Src/stm32h7xx_hal_pcd.c **** HAL_StatusTypeDef HAL_PCD_UnRegisterLpmCallback(PCD_HandleTypeDef *hpcd)
 946:Drivers/STM32H7xx_HAL_Driver/Src/stm32h7xx_hal_pcd.c **** {
 947:Drivers/STM32H7xx_HAL_Driver/Src/stm32h7xx_hal_pcd.c ****   HAL_StatusTypeDef status = HAL_OK;
 948:Drivers/STM32H7xx_HAL_Driver/Src/stm32h7xx_hal_pcd.c **** 
 949:Drivers/STM32H7xx_HAL_Driver/Src/stm32h7xx_hal_pcd.c ****   /* Process locked */
 950:Drivers/STM32H7xx_HAL_Driver/Src/stm32h7xx_hal_pcd.c ****   __HAL_LOCK(hpcd);
 951:Drivers/STM32H7xx_HAL_Driver/Src/stm32h7xx_hal_pcd.c **** 
 952:Drivers/STM32H7xx_HAL_Driver/Src/stm32h7xx_hal_pcd.c ****   if (hpcd->State == HAL_PCD_STATE_READY)
 953:Drivers/STM32H7xx_HAL_Driver/Src/stm32h7xx_hal_pcd.c ****   {
 954:Drivers/STM32H7xx_HAL_Driver/Src/stm32h7xx_hal_pcd.c ****     hpcd->LPMCallback = HAL_PCDEx_LPM_Callback; /* Legacy weak HAL_PCDEx_LPM_Callback  */
 955:Drivers/STM32H7xx_HAL_Driver/Src/stm32h7xx_hal_pcd.c ****   }
 956:Drivers/STM32H7xx_HAL_Driver/Src/stm32h7xx_hal_pcd.c ****   else
 957:Drivers/STM32H7xx_HAL_Driver/Src/stm32h7xx_hal_pcd.c ****   {
 958:Drivers/STM32H7xx_HAL_Driver/Src/stm32h7xx_hal_pcd.c ****     /* Update the error code */
 959:Drivers/STM32H7xx_HAL_Driver/Src/stm32h7xx_hal_pcd.c ****     hpcd->ErrorCode |= HAL_PCD_ERROR_INVALID_CALLBACK;
 960:Drivers/STM32H7xx_HAL_Driver/Src/stm32h7xx_hal_pcd.c **** 
 961:Drivers/STM32H7xx_HAL_Driver/Src/stm32h7xx_hal_pcd.c ****     /* Return error status */
 962:Drivers/STM32H7xx_HAL_Driver/Src/stm32h7xx_hal_pcd.c ****     status =  HAL_ERROR;
 963:Drivers/STM32H7xx_HAL_Driver/Src/stm32h7xx_hal_pcd.c ****   }
 964:Drivers/STM32H7xx_HAL_Driver/Src/stm32h7xx_hal_pcd.c **** 
 965:Drivers/STM32H7xx_HAL_Driver/Src/stm32h7xx_hal_pcd.c ****   /* Release Lock */
 966:Drivers/STM32H7xx_HAL_Driver/Src/stm32h7xx_hal_pcd.c ****   __HAL_UNLOCK(hpcd);
 967:Drivers/STM32H7xx_HAL_Driver/Src/stm32h7xx_hal_pcd.c **** 
 968:Drivers/STM32H7xx_HAL_Driver/Src/stm32h7xx_hal_pcd.c ****   return status;
 969:Drivers/STM32H7xx_HAL_Driver/Src/stm32h7xx_hal_pcd.c **** }
 970:Drivers/STM32H7xx_HAL_Driver/Src/stm32h7xx_hal_pcd.c **** #endif /* USE_HAL_PCD_REGISTER_CALLBACKS */
 971:Drivers/STM32H7xx_HAL_Driver/Src/stm32h7xx_hal_pcd.c **** 
 972:Drivers/STM32H7xx_HAL_Driver/Src/stm32h7xx_hal_pcd.c **** /**
 973:Drivers/STM32H7xx_HAL_Driver/Src/stm32h7xx_hal_pcd.c ****   * @}
 974:Drivers/STM32H7xx_HAL_Driver/Src/stm32h7xx_hal_pcd.c ****   */
 975:Drivers/STM32H7xx_HAL_Driver/Src/stm32h7xx_hal_pcd.c **** 
 976:Drivers/STM32H7xx_HAL_Driver/Src/stm32h7xx_hal_pcd.c **** /** @defgroup PCD_Exported_Functions_Group2 Input and Output operation functions
 977:Drivers/STM32H7xx_HAL_Driver/Src/stm32h7xx_hal_pcd.c ****   *  @brief   Data transfers functions
 978:Drivers/STM32H7xx_HAL_Driver/Src/stm32h7xx_hal_pcd.c ****   *
 979:Drivers/STM32H7xx_HAL_Driver/Src/stm32h7xx_hal_pcd.c **** @verbatim
 980:Drivers/STM32H7xx_HAL_Driver/Src/stm32h7xx_hal_pcd.c ****  ===============================================================================
 981:Drivers/STM32H7xx_HAL_Driver/Src/stm32h7xx_hal_pcd.c ****                       ##### IO operation functions #####
 982:Drivers/STM32H7xx_HAL_Driver/Src/stm32h7xx_hal_pcd.c ****  ===============================================================================
 983:Drivers/STM32H7xx_HAL_Driver/Src/stm32h7xx_hal_pcd.c ****     [..]
 984:Drivers/STM32H7xx_HAL_Driver/Src/stm32h7xx_hal_pcd.c ****     This subsection provides a set of functions allowing to manage the PCD data
 985:Drivers/STM32H7xx_HAL_Driver/Src/stm32h7xx_hal_pcd.c ****     transfers.
 986:Drivers/STM32H7xx_HAL_Driver/Src/stm32h7xx_hal_pcd.c **** 
 987:Drivers/STM32H7xx_HAL_Driver/Src/stm32h7xx_hal_pcd.c **** @endverbatim
 988:Drivers/STM32H7xx_HAL_Driver/Src/stm32h7xx_hal_pcd.c ****   * @{
 989:Drivers/STM32H7xx_HAL_Driver/Src/stm32h7xx_hal_pcd.c ****   */
 990:Drivers/STM32H7xx_HAL_Driver/Src/stm32h7xx_hal_pcd.c **** 
 991:Drivers/STM32H7xx_HAL_Driver/Src/stm32h7xx_hal_pcd.c **** /**
 992:Drivers/STM32H7xx_HAL_Driver/Src/stm32h7xx_hal_pcd.c ****   * @brief  Start the USB device
 993:Drivers/STM32H7xx_HAL_Driver/Src/stm32h7xx_hal_pcd.c ****   * @param  hpcd PCD handle
 994:Drivers/STM32H7xx_HAL_Driver/Src/stm32h7xx_hal_pcd.c ****   * @retval HAL status
 995:Drivers/STM32H7xx_HAL_Driver/Src/stm32h7xx_hal_pcd.c ****   */
 996:Drivers/STM32H7xx_HAL_Driver/Src/stm32h7xx_hal_pcd.c **** HAL_StatusTypeDef HAL_PCD_Start(PCD_HandleTypeDef *hpcd)
 997:Drivers/STM32H7xx_HAL_Driver/Src/stm32h7xx_hal_pcd.c **** {
 998:Drivers/STM32H7xx_HAL_Driver/Src/stm32h7xx_hal_pcd.c ****   USB_OTG_GlobalTypeDef *USBx = hpcd->Instance;
 999:Drivers/STM32H7xx_HAL_Driver/Src/stm32h7xx_hal_pcd.c **** 
1000:Drivers/STM32H7xx_HAL_Driver/Src/stm32h7xx_hal_pcd.c ****   __HAL_LOCK(hpcd);
ARM GAS  C:\Users\Made\AppData\Local\Temp\cch5frMA.s 			page 19


1001:Drivers/STM32H7xx_HAL_Driver/Src/stm32h7xx_hal_pcd.c **** 
1002:Drivers/STM32H7xx_HAL_Driver/Src/stm32h7xx_hal_pcd.c ****   if (((USBx->GUSBCFG & USB_OTG_GUSBCFG_PHYSEL) != 0U) &&
1003:Drivers/STM32H7xx_HAL_Driver/Src/stm32h7xx_hal_pcd.c ****       (hpcd->Init.battery_charging_enable == 1U))
1004:Drivers/STM32H7xx_HAL_Driver/Src/stm32h7xx_hal_pcd.c ****   {
1005:Drivers/STM32H7xx_HAL_Driver/Src/stm32h7xx_hal_pcd.c ****     /* Enable USB Transceiver */
1006:Drivers/STM32H7xx_HAL_Driver/Src/stm32h7xx_hal_pcd.c ****     USBx->GCCFG |= USB_OTG_GCCFG_PWRDWN;
1007:Drivers/STM32H7xx_HAL_Driver/Src/stm32h7xx_hal_pcd.c ****   }
1008:Drivers/STM32H7xx_HAL_Driver/Src/stm32h7xx_hal_pcd.c **** 
1009:Drivers/STM32H7xx_HAL_Driver/Src/stm32h7xx_hal_pcd.c ****   __HAL_PCD_ENABLE(hpcd);
1010:Drivers/STM32H7xx_HAL_Driver/Src/stm32h7xx_hal_pcd.c ****   (void)USB_DevConnect(hpcd->Instance);
1011:Drivers/STM32H7xx_HAL_Driver/Src/stm32h7xx_hal_pcd.c ****   __HAL_UNLOCK(hpcd);
1012:Drivers/STM32H7xx_HAL_Driver/Src/stm32h7xx_hal_pcd.c **** 
1013:Drivers/STM32H7xx_HAL_Driver/Src/stm32h7xx_hal_pcd.c ****   return HAL_OK;
1014:Drivers/STM32H7xx_HAL_Driver/Src/stm32h7xx_hal_pcd.c **** }
1015:Drivers/STM32H7xx_HAL_Driver/Src/stm32h7xx_hal_pcd.c **** 
1016:Drivers/STM32H7xx_HAL_Driver/Src/stm32h7xx_hal_pcd.c **** /**
1017:Drivers/STM32H7xx_HAL_Driver/Src/stm32h7xx_hal_pcd.c ****   * @brief  Stop the USB device.
1018:Drivers/STM32H7xx_HAL_Driver/Src/stm32h7xx_hal_pcd.c ****   * @param  hpcd PCD handle
1019:Drivers/STM32H7xx_HAL_Driver/Src/stm32h7xx_hal_pcd.c ****   * @retval HAL status
1020:Drivers/STM32H7xx_HAL_Driver/Src/stm32h7xx_hal_pcd.c ****   */
1021:Drivers/STM32H7xx_HAL_Driver/Src/stm32h7xx_hal_pcd.c **** HAL_StatusTypeDef HAL_PCD_Stop(PCD_HandleTypeDef *hpcd)
1022:Drivers/STM32H7xx_HAL_Driver/Src/stm32h7xx_hal_pcd.c **** {
1023:Drivers/STM32H7xx_HAL_Driver/Src/stm32h7xx_hal_pcd.c ****   USB_OTG_GlobalTypeDef *USBx = hpcd->Instance;
1024:Drivers/STM32H7xx_HAL_Driver/Src/stm32h7xx_hal_pcd.c **** 
1025:Drivers/STM32H7xx_HAL_Driver/Src/stm32h7xx_hal_pcd.c ****   __HAL_LOCK(hpcd);
1026:Drivers/STM32H7xx_HAL_Driver/Src/stm32h7xx_hal_pcd.c ****   __HAL_PCD_DISABLE(hpcd);
1027:Drivers/STM32H7xx_HAL_Driver/Src/stm32h7xx_hal_pcd.c ****   (void)USB_DevDisconnect(hpcd->Instance);
1028:Drivers/STM32H7xx_HAL_Driver/Src/stm32h7xx_hal_pcd.c **** 
1029:Drivers/STM32H7xx_HAL_Driver/Src/stm32h7xx_hal_pcd.c ****   (void)USB_FlushTxFifo(hpcd->Instance, 0x10U);
1030:Drivers/STM32H7xx_HAL_Driver/Src/stm32h7xx_hal_pcd.c **** 
1031:Drivers/STM32H7xx_HAL_Driver/Src/stm32h7xx_hal_pcd.c ****   if (((USBx->GUSBCFG & USB_OTG_GUSBCFG_PHYSEL) != 0U) &&
1032:Drivers/STM32H7xx_HAL_Driver/Src/stm32h7xx_hal_pcd.c ****       (hpcd->Init.battery_charging_enable == 1U))
1033:Drivers/STM32H7xx_HAL_Driver/Src/stm32h7xx_hal_pcd.c ****   {
1034:Drivers/STM32H7xx_HAL_Driver/Src/stm32h7xx_hal_pcd.c ****     /* Disable USB Transceiver */
1035:Drivers/STM32H7xx_HAL_Driver/Src/stm32h7xx_hal_pcd.c ****     USBx->GCCFG &= ~(USB_OTG_GCCFG_PWRDWN);
1036:Drivers/STM32H7xx_HAL_Driver/Src/stm32h7xx_hal_pcd.c ****   }
1037:Drivers/STM32H7xx_HAL_Driver/Src/stm32h7xx_hal_pcd.c **** 
1038:Drivers/STM32H7xx_HAL_Driver/Src/stm32h7xx_hal_pcd.c ****   __HAL_UNLOCK(hpcd);
1039:Drivers/STM32H7xx_HAL_Driver/Src/stm32h7xx_hal_pcd.c **** 
1040:Drivers/STM32H7xx_HAL_Driver/Src/stm32h7xx_hal_pcd.c ****   return HAL_OK;
1041:Drivers/STM32H7xx_HAL_Driver/Src/stm32h7xx_hal_pcd.c **** }
1042:Drivers/STM32H7xx_HAL_Driver/Src/stm32h7xx_hal_pcd.c **** 
1043:Drivers/STM32H7xx_HAL_Driver/Src/stm32h7xx_hal_pcd.c **** #if defined (USB_OTG_FS) || defined (USB_OTG_HS)
1044:Drivers/STM32H7xx_HAL_Driver/Src/stm32h7xx_hal_pcd.c **** /**
1045:Drivers/STM32H7xx_HAL_Driver/Src/stm32h7xx_hal_pcd.c ****   * @brief  Handles PCD interrupt request.
1046:Drivers/STM32H7xx_HAL_Driver/Src/stm32h7xx_hal_pcd.c ****   * @param  hpcd PCD handle
1047:Drivers/STM32H7xx_HAL_Driver/Src/stm32h7xx_hal_pcd.c ****   * @retval HAL status
1048:Drivers/STM32H7xx_HAL_Driver/Src/stm32h7xx_hal_pcd.c ****   */
1049:Drivers/STM32H7xx_HAL_Driver/Src/stm32h7xx_hal_pcd.c **** void HAL_PCD_IRQHandler(PCD_HandleTypeDef *hpcd)
1050:Drivers/STM32H7xx_HAL_Driver/Src/stm32h7xx_hal_pcd.c **** {
1051:Drivers/STM32H7xx_HAL_Driver/Src/stm32h7xx_hal_pcd.c ****   USB_OTG_GlobalTypeDef *USBx = hpcd->Instance;
1052:Drivers/STM32H7xx_HAL_Driver/Src/stm32h7xx_hal_pcd.c ****   uint32_t USBx_BASE = (uint32_t)USBx;
1053:Drivers/STM32H7xx_HAL_Driver/Src/stm32h7xx_hal_pcd.c ****   USB_OTG_EPTypeDef *ep;
1054:Drivers/STM32H7xx_HAL_Driver/Src/stm32h7xx_hal_pcd.c ****   uint32_t i;
1055:Drivers/STM32H7xx_HAL_Driver/Src/stm32h7xx_hal_pcd.c ****   uint32_t ep_intr;
1056:Drivers/STM32H7xx_HAL_Driver/Src/stm32h7xx_hal_pcd.c ****   uint32_t epint;
1057:Drivers/STM32H7xx_HAL_Driver/Src/stm32h7xx_hal_pcd.c ****   uint32_t epnum;
ARM GAS  C:\Users\Made\AppData\Local\Temp\cch5frMA.s 			page 20


1058:Drivers/STM32H7xx_HAL_Driver/Src/stm32h7xx_hal_pcd.c ****   uint32_t fifoemptymsk;
1059:Drivers/STM32H7xx_HAL_Driver/Src/stm32h7xx_hal_pcd.c ****   uint32_t RegVal;
1060:Drivers/STM32H7xx_HAL_Driver/Src/stm32h7xx_hal_pcd.c **** 
1061:Drivers/STM32H7xx_HAL_Driver/Src/stm32h7xx_hal_pcd.c ****   /* ensure that we are in device mode */
1062:Drivers/STM32H7xx_HAL_Driver/Src/stm32h7xx_hal_pcd.c ****   if (USB_GetMode(hpcd->Instance) == USB_OTG_MODE_DEVICE)
1063:Drivers/STM32H7xx_HAL_Driver/Src/stm32h7xx_hal_pcd.c ****   {
1064:Drivers/STM32H7xx_HAL_Driver/Src/stm32h7xx_hal_pcd.c ****     /* avoid spurious interrupt */
1065:Drivers/STM32H7xx_HAL_Driver/Src/stm32h7xx_hal_pcd.c ****     if (__HAL_PCD_IS_INVALID_INTERRUPT(hpcd))
1066:Drivers/STM32H7xx_HAL_Driver/Src/stm32h7xx_hal_pcd.c ****     {
1067:Drivers/STM32H7xx_HAL_Driver/Src/stm32h7xx_hal_pcd.c ****       return;
1068:Drivers/STM32H7xx_HAL_Driver/Src/stm32h7xx_hal_pcd.c ****     }
1069:Drivers/STM32H7xx_HAL_Driver/Src/stm32h7xx_hal_pcd.c **** 
1070:Drivers/STM32H7xx_HAL_Driver/Src/stm32h7xx_hal_pcd.c ****     /* store current frame number */
1071:Drivers/STM32H7xx_HAL_Driver/Src/stm32h7xx_hal_pcd.c ****     hpcd->FrameNumber = (USBx_DEVICE->DSTS & USB_OTG_DSTS_FNSOF_Msk) >> USB_OTG_DSTS_FNSOF_Pos;
1072:Drivers/STM32H7xx_HAL_Driver/Src/stm32h7xx_hal_pcd.c **** 
1073:Drivers/STM32H7xx_HAL_Driver/Src/stm32h7xx_hal_pcd.c ****     if (__HAL_PCD_GET_FLAG(hpcd, USB_OTG_GINTSTS_MMIS))
1074:Drivers/STM32H7xx_HAL_Driver/Src/stm32h7xx_hal_pcd.c ****     {
1075:Drivers/STM32H7xx_HAL_Driver/Src/stm32h7xx_hal_pcd.c ****       /* incorrect mode, acknowledge the interrupt */
1076:Drivers/STM32H7xx_HAL_Driver/Src/stm32h7xx_hal_pcd.c ****       __HAL_PCD_CLEAR_FLAG(hpcd, USB_OTG_GINTSTS_MMIS);
1077:Drivers/STM32H7xx_HAL_Driver/Src/stm32h7xx_hal_pcd.c ****     }
1078:Drivers/STM32H7xx_HAL_Driver/Src/stm32h7xx_hal_pcd.c **** 
1079:Drivers/STM32H7xx_HAL_Driver/Src/stm32h7xx_hal_pcd.c ****     /* Handle RxQLevel Interrupt */
1080:Drivers/STM32H7xx_HAL_Driver/Src/stm32h7xx_hal_pcd.c ****     if (__HAL_PCD_GET_FLAG(hpcd, USB_OTG_GINTSTS_RXFLVL))
1081:Drivers/STM32H7xx_HAL_Driver/Src/stm32h7xx_hal_pcd.c ****     {
1082:Drivers/STM32H7xx_HAL_Driver/Src/stm32h7xx_hal_pcd.c ****       USB_MASK_INTERRUPT(hpcd->Instance, USB_OTG_GINTSTS_RXFLVL);
1083:Drivers/STM32H7xx_HAL_Driver/Src/stm32h7xx_hal_pcd.c **** 
1084:Drivers/STM32H7xx_HAL_Driver/Src/stm32h7xx_hal_pcd.c ****       RegVal = USBx->GRXSTSP;
1085:Drivers/STM32H7xx_HAL_Driver/Src/stm32h7xx_hal_pcd.c **** 
1086:Drivers/STM32H7xx_HAL_Driver/Src/stm32h7xx_hal_pcd.c ****       ep = &hpcd->OUT_ep[RegVal & USB_OTG_GRXSTSP_EPNUM];
1087:Drivers/STM32H7xx_HAL_Driver/Src/stm32h7xx_hal_pcd.c **** 
1088:Drivers/STM32H7xx_HAL_Driver/Src/stm32h7xx_hal_pcd.c ****       if (((RegVal & USB_OTG_GRXSTSP_PKTSTS) >> 17) ==  STS_DATA_UPDT)
1089:Drivers/STM32H7xx_HAL_Driver/Src/stm32h7xx_hal_pcd.c ****       {
1090:Drivers/STM32H7xx_HAL_Driver/Src/stm32h7xx_hal_pcd.c ****         if ((RegVal & USB_OTG_GRXSTSP_BCNT) != 0U)
1091:Drivers/STM32H7xx_HAL_Driver/Src/stm32h7xx_hal_pcd.c ****         {
1092:Drivers/STM32H7xx_HAL_Driver/Src/stm32h7xx_hal_pcd.c ****           (void)USB_ReadPacket(USBx, ep->xfer_buff,
1093:Drivers/STM32H7xx_HAL_Driver/Src/stm32h7xx_hal_pcd.c ****                                (uint16_t)((RegVal & USB_OTG_GRXSTSP_BCNT) >> 4));
1094:Drivers/STM32H7xx_HAL_Driver/Src/stm32h7xx_hal_pcd.c **** 
1095:Drivers/STM32H7xx_HAL_Driver/Src/stm32h7xx_hal_pcd.c ****           ep->xfer_buff += (RegVal & USB_OTG_GRXSTSP_BCNT) >> 4;
1096:Drivers/STM32H7xx_HAL_Driver/Src/stm32h7xx_hal_pcd.c ****           ep->xfer_count += (RegVal & USB_OTG_GRXSTSP_BCNT) >> 4;
1097:Drivers/STM32H7xx_HAL_Driver/Src/stm32h7xx_hal_pcd.c ****         }
1098:Drivers/STM32H7xx_HAL_Driver/Src/stm32h7xx_hal_pcd.c ****       }
1099:Drivers/STM32H7xx_HAL_Driver/Src/stm32h7xx_hal_pcd.c ****       else if (((RegVal & USB_OTG_GRXSTSP_PKTSTS) >> 17) == STS_SETUP_UPDT)
1100:Drivers/STM32H7xx_HAL_Driver/Src/stm32h7xx_hal_pcd.c ****       {
1101:Drivers/STM32H7xx_HAL_Driver/Src/stm32h7xx_hal_pcd.c ****         (void)USB_ReadPacket(USBx, (uint8_t *)hpcd->Setup, 8U);
1102:Drivers/STM32H7xx_HAL_Driver/Src/stm32h7xx_hal_pcd.c ****         ep->xfer_count += (RegVal & USB_OTG_GRXSTSP_BCNT) >> 4;
1103:Drivers/STM32H7xx_HAL_Driver/Src/stm32h7xx_hal_pcd.c ****       }
1104:Drivers/STM32H7xx_HAL_Driver/Src/stm32h7xx_hal_pcd.c ****       else
1105:Drivers/STM32H7xx_HAL_Driver/Src/stm32h7xx_hal_pcd.c ****       {
1106:Drivers/STM32H7xx_HAL_Driver/Src/stm32h7xx_hal_pcd.c ****         /* ... */
1107:Drivers/STM32H7xx_HAL_Driver/Src/stm32h7xx_hal_pcd.c ****       }
1108:Drivers/STM32H7xx_HAL_Driver/Src/stm32h7xx_hal_pcd.c **** 
1109:Drivers/STM32H7xx_HAL_Driver/Src/stm32h7xx_hal_pcd.c ****       USB_UNMASK_INTERRUPT(hpcd->Instance, USB_OTG_GINTSTS_RXFLVL);
1110:Drivers/STM32H7xx_HAL_Driver/Src/stm32h7xx_hal_pcd.c ****     }
1111:Drivers/STM32H7xx_HAL_Driver/Src/stm32h7xx_hal_pcd.c **** 
1112:Drivers/STM32H7xx_HAL_Driver/Src/stm32h7xx_hal_pcd.c ****     if (__HAL_PCD_GET_FLAG(hpcd, USB_OTG_GINTSTS_OEPINT))
1113:Drivers/STM32H7xx_HAL_Driver/Src/stm32h7xx_hal_pcd.c ****     {
1114:Drivers/STM32H7xx_HAL_Driver/Src/stm32h7xx_hal_pcd.c ****       epnum = 0U;
ARM GAS  C:\Users\Made\AppData\Local\Temp\cch5frMA.s 			page 21


1115:Drivers/STM32H7xx_HAL_Driver/Src/stm32h7xx_hal_pcd.c **** 
1116:Drivers/STM32H7xx_HAL_Driver/Src/stm32h7xx_hal_pcd.c ****       /* Read in the device interrupt bits */
1117:Drivers/STM32H7xx_HAL_Driver/Src/stm32h7xx_hal_pcd.c ****       ep_intr = USB_ReadDevAllOutEpInterrupt(hpcd->Instance);
1118:Drivers/STM32H7xx_HAL_Driver/Src/stm32h7xx_hal_pcd.c **** 
1119:Drivers/STM32H7xx_HAL_Driver/Src/stm32h7xx_hal_pcd.c ****       while (ep_intr != 0U)
1120:Drivers/STM32H7xx_HAL_Driver/Src/stm32h7xx_hal_pcd.c ****       {
1121:Drivers/STM32H7xx_HAL_Driver/Src/stm32h7xx_hal_pcd.c ****         if ((ep_intr & 0x1U) != 0U)
1122:Drivers/STM32H7xx_HAL_Driver/Src/stm32h7xx_hal_pcd.c ****         {
1123:Drivers/STM32H7xx_HAL_Driver/Src/stm32h7xx_hal_pcd.c ****           epint = USB_ReadDevOutEPInterrupt(hpcd->Instance, (uint8_t)epnum);
1124:Drivers/STM32H7xx_HAL_Driver/Src/stm32h7xx_hal_pcd.c **** 
1125:Drivers/STM32H7xx_HAL_Driver/Src/stm32h7xx_hal_pcd.c ****           if ((epint & USB_OTG_DOEPINT_XFRC) == USB_OTG_DOEPINT_XFRC)
1126:Drivers/STM32H7xx_HAL_Driver/Src/stm32h7xx_hal_pcd.c ****           {
1127:Drivers/STM32H7xx_HAL_Driver/Src/stm32h7xx_hal_pcd.c ****             CLEAR_OUT_EP_INTR(epnum, USB_OTG_DOEPINT_XFRC);
1128:Drivers/STM32H7xx_HAL_Driver/Src/stm32h7xx_hal_pcd.c ****             (void)PCD_EP_OutXfrComplete_int(hpcd, epnum);
1129:Drivers/STM32H7xx_HAL_Driver/Src/stm32h7xx_hal_pcd.c ****           }
1130:Drivers/STM32H7xx_HAL_Driver/Src/stm32h7xx_hal_pcd.c **** 
1131:Drivers/STM32H7xx_HAL_Driver/Src/stm32h7xx_hal_pcd.c ****           if ((epint & USB_OTG_DOEPINT_STUP) == USB_OTG_DOEPINT_STUP)
1132:Drivers/STM32H7xx_HAL_Driver/Src/stm32h7xx_hal_pcd.c ****           {
1133:Drivers/STM32H7xx_HAL_Driver/Src/stm32h7xx_hal_pcd.c ****             CLEAR_OUT_EP_INTR(epnum, USB_OTG_DOEPINT_STUP);
1134:Drivers/STM32H7xx_HAL_Driver/Src/stm32h7xx_hal_pcd.c ****             /* Class B setup phase done for previous decoded setup */
1135:Drivers/STM32H7xx_HAL_Driver/Src/stm32h7xx_hal_pcd.c ****             (void)PCD_EP_OutSetupPacket_int(hpcd, epnum);
1136:Drivers/STM32H7xx_HAL_Driver/Src/stm32h7xx_hal_pcd.c ****           }
1137:Drivers/STM32H7xx_HAL_Driver/Src/stm32h7xx_hal_pcd.c **** 
1138:Drivers/STM32H7xx_HAL_Driver/Src/stm32h7xx_hal_pcd.c ****           if ((epint & USB_OTG_DOEPINT_OTEPDIS) == USB_OTG_DOEPINT_OTEPDIS)
1139:Drivers/STM32H7xx_HAL_Driver/Src/stm32h7xx_hal_pcd.c ****           {
1140:Drivers/STM32H7xx_HAL_Driver/Src/stm32h7xx_hal_pcd.c ****             CLEAR_OUT_EP_INTR(epnum, USB_OTG_DOEPINT_OTEPDIS);
1141:Drivers/STM32H7xx_HAL_Driver/Src/stm32h7xx_hal_pcd.c ****           }
1142:Drivers/STM32H7xx_HAL_Driver/Src/stm32h7xx_hal_pcd.c **** 
1143:Drivers/STM32H7xx_HAL_Driver/Src/stm32h7xx_hal_pcd.c ****           /* Clear OUT Endpoint disable interrupt */
1144:Drivers/STM32H7xx_HAL_Driver/Src/stm32h7xx_hal_pcd.c ****           if ((epint & USB_OTG_DOEPINT_EPDISD) == USB_OTG_DOEPINT_EPDISD)
1145:Drivers/STM32H7xx_HAL_Driver/Src/stm32h7xx_hal_pcd.c ****           {
1146:Drivers/STM32H7xx_HAL_Driver/Src/stm32h7xx_hal_pcd.c ****             if ((USBx->GINTSTS & USB_OTG_GINTSTS_BOUTNAKEFF) == USB_OTG_GINTSTS_BOUTNAKEFF)
1147:Drivers/STM32H7xx_HAL_Driver/Src/stm32h7xx_hal_pcd.c ****             {
1148:Drivers/STM32H7xx_HAL_Driver/Src/stm32h7xx_hal_pcd.c ****               USBx_DEVICE->DCTL |= USB_OTG_DCTL_CGONAK;
1149:Drivers/STM32H7xx_HAL_Driver/Src/stm32h7xx_hal_pcd.c ****             }
1150:Drivers/STM32H7xx_HAL_Driver/Src/stm32h7xx_hal_pcd.c **** 
1151:Drivers/STM32H7xx_HAL_Driver/Src/stm32h7xx_hal_pcd.c ****             ep = &hpcd->OUT_ep[epnum];
1152:Drivers/STM32H7xx_HAL_Driver/Src/stm32h7xx_hal_pcd.c **** 
1153:Drivers/STM32H7xx_HAL_Driver/Src/stm32h7xx_hal_pcd.c ****             if (ep->is_iso_incomplete == 1U)
1154:Drivers/STM32H7xx_HAL_Driver/Src/stm32h7xx_hal_pcd.c ****             {
1155:Drivers/STM32H7xx_HAL_Driver/Src/stm32h7xx_hal_pcd.c ****               ep->is_iso_incomplete = 0U;
1156:Drivers/STM32H7xx_HAL_Driver/Src/stm32h7xx_hal_pcd.c **** 
1157:Drivers/STM32H7xx_HAL_Driver/Src/stm32h7xx_hal_pcd.c **** #if (USE_HAL_PCD_REGISTER_CALLBACKS == 1U)
1158:Drivers/STM32H7xx_HAL_Driver/Src/stm32h7xx_hal_pcd.c ****               hpcd->ISOOUTIncompleteCallback(hpcd, (uint8_t)epnum);
1159:Drivers/STM32H7xx_HAL_Driver/Src/stm32h7xx_hal_pcd.c **** #else
1160:Drivers/STM32H7xx_HAL_Driver/Src/stm32h7xx_hal_pcd.c ****               HAL_PCD_ISOOUTIncompleteCallback(hpcd, (uint8_t)epnum);
1161:Drivers/STM32H7xx_HAL_Driver/Src/stm32h7xx_hal_pcd.c **** #endif /* USE_HAL_PCD_REGISTER_CALLBACKS */
1162:Drivers/STM32H7xx_HAL_Driver/Src/stm32h7xx_hal_pcd.c ****             }
1163:Drivers/STM32H7xx_HAL_Driver/Src/stm32h7xx_hal_pcd.c **** 
1164:Drivers/STM32H7xx_HAL_Driver/Src/stm32h7xx_hal_pcd.c ****             CLEAR_OUT_EP_INTR(epnum, USB_OTG_DOEPINT_EPDISD);
1165:Drivers/STM32H7xx_HAL_Driver/Src/stm32h7xx_hal_pcd.c ****           }
1166:Drivers/STM32H7xx_HAL_Driver/Src/stm32h7xx_hal_pcd.c **** 
1167:Drivers/STM32H7xx_HAL_Driver/Src/stm32h7xx_hal_pcd.c ****           /* Clear Status Phase Received interrupt */
1168:Drivers/STM32H7xx_HAL_Driver/Src/stm32h7xx_hal_pcd.c ****           if ((epint & USB_OTG_DOEPINT_OTEPSPR) == USB_OTG_DOEPINT_OTEPSPR)
1169:Drivers/STM32H7xx_HAL_Driver/Src/stm32h7xx_hal_pcd.c ****           {
1170:Drivers/STM32H7xx_HAL_Driver/Src/stm32h7xx_hal_pcd.c ****             CLEAR_OUT_EP_INTR(epnum, USB_OTG_DOEPINT_OTEPSPR);
1171:Drivers/STM32H7xx_HAL_Driver/Src/stm32h7xx_hal_pcd.c ****           }
ARM GAS  C:\Users\Made\AppData\Local\Temp\cch5frMA.s 			page 22


1172:Drivers/STM32H7xx_HAL_Driver/Src/stm32h7xx_hal_pcd.c **** 
1173:Drivers/STM32H7xx_HAL_Driver/Src/stm32h7xx_hal_pcd.c ****           /* Clear OUT NAK interrupt */
1174:Drivers/STM32H7xx_HAL_Driver/Src/stm32h7xx_hal_pcd.c ****           if ((epint & USB_OTG_DOEPINT_NAK) == USB_OTG_DOEPINT_NAK)
1175:Drivers/STM32H7xx_HAL_Driver/Src/stm32h7xx_hal_pcd.c ****           {
1176:Drivers/STM32H7xx_HAL_Driver/Src/stm32h7xx_hal_pcd.c ****             CLEAR_OUT_EP_INTR(epnum, USB_OTG_DOEPINT_NAK);
1177:Drivers/STM32H7xx_HAL_Driver/Src/stm32h7xx_hal_pcd.c ****           }
1178:Drivers/STM32H7xx_HAL_Driver/Src/stm32h7xx_hal_pcd.c ****         }
1179:Drivers/STM32H7xx_HAL_Driver/Src/stm32h7xx_hal_pcd.c ****         epnum++;
1180:Drivers/STM32H7xx_HAL_Driver/Src/stm32h7xx_hal_pcd.c ****         ep_intr >>= 1U;
1181:Drivers/STM32H7xx_HAL_Driver/Src/stm32h7xx_hal_pcd.c ****       }
1182:Drivers/STM32H7xx_HAL_Driver/Src/stm32h7xx_hal_pcd.c ****     }
1183:Drivers/STM32H7xx_HAL_Driver/Src/stm32h7xx_hal_pcd.c **** 
1184:Drivers/STM32H7xx_HAL_Driver/Src/stm32h7xx_hal_pcd.c ****     if (__HAL_PCD_GET_FLAG(hpcd, USB_OTG_GINTSTS_IEPINT))
1185:Drivers/STM32H7xx_HAL_Driver/Src/stm32h7xx_hal_pcd.c ****     {
1186:Drivers/STM32H7xx_HAL_Driver/Src/stm32h7xx_hal_pcd.c ****       /* Read in the device interrupt bits */
1187:Drivers/STM32H7xx_HAL_Driver/Src/stm32h7xx_hal_pcd.c ****       ep_intr = USB_ReadDevAllInEpInterrupt(hpcd->Instance);
1188:Drivers/STM32H7xx_HAL_Driver/Src/stm32h7xx_hal_pcd.c **** 
1189:Drivers/STM32H7xx_HAL_Driver/Src/stm32h7xx_hal_pcd.c ****       epnum = 0U;
1190:Drivers/STM32H7xx_HAL_Driver/Src/stm32h7xx_hal_pcd.c **** 
1191:Drivers/STM32H7xx_HAL_Driver/Src/stm32h7xx_hal_pcd.c ****       while (ep_intr != 0U)
1192:Drivers/STM32H7xx_HAL_Driver/Src/stm32h7xx_hal_pcd.c ****       {
1193:Drivers/STM32H7xx_HAL_Driver/Src/stm32h7xx_hal_pcd.c ****         if ((ep_intr & 0x1U) != 0U) /* In ITR */
1194:Drivers/STM32H7xx_HAL_Driver/Src/stm32h7xx_hal_pcd.c ****         {
1195:Drivers/STM32H7xx_HAL_Driver/Src/stm32h7xx_hal_pcd.c ****           epint = USB_ReadDevInEPInterrupt(hpcd->Instance, (uint8_t)epnum);
1196:Drivers/STM32H7xx_HAL_Driver/Src/stm32h7xx_hal_pcd.c **** 
1197:Drivers/STM32H7xx_HAL_Driver/Src/stm32h7xx_hal_pcd.c ****           if ((epint & USB_OTG_DIEPINT_XFRC) == USB_OTG_DIEPINT_XFRC)
1198:Drivers/STM32H7xx_HAL_Driver/Src/stm32h7xx_hal_pcd.c ****           {
1199:Drivers/STM32H7xx_HAL_Driver/Src/stm32h7xx_hal_pcd.c ****             fifoemptymsk = (uint32_t)(0x1UL << (epnum & EP_ADDR_MSK));
1200:Drivers/STM32H7xx_HAL_Driver/Src/stm32h7xx_hal_pcd.c ****             USBx_DEVICE->DIEPEMPMSK &= ~fifoemptymsk;
1201:Drivers/STM32H7xx_HAL_Driver/Src/stm32h7xx_hal_pcd.c **** 
1202:Drivers/STM32H7xx_HAL_Driver/Src/stm32h7xx_hal_pcd.c ****             CLEAR_IN_EP_INTR(epnum, USB_OTG_DIEPINT_XFRC);
1203:Drivers/STM32H7xx_HAL_Driver/Src/stm32h7xx_hal_pcd.c **** 
1204:Drivers/STM32H7xx_HAL_Driver/Src/stm32h7xx_hal_pcd.c ****             if (hpcd->Init.dma_enable == 1U)
1205:Drivers/STM32H7xx_HAL_Driver/Src/stm32h7xx_hal_pcd.c ****             {
1206:Drivers/STM32H7xx_HAL_Driver/Src/stm32h7xx_hal_pcd.c ****               hpcd->IN_ep[epnum].xfer_buff += hpcd->IN_ep[epnum].maxpacket;
1207:Drivers/STM32H7xx_HAL_Driver/Src/stm32h7xx_hal_pcd.c **** 
1208:Drivers/STM32H7xx_HAL_Driver/Src/stm32h7xx_hal_pcd.c ****               /* this is ZLP, so prepare EP0 for next setup */
1209:Drivers/STM32H7xx_HAL_Driver/Src/stm32h7xx_hal_pcd.c ****               if ((epnum == 0U) && (hpcd->IN_ep[epnum].xfer_len == 0U))
1210:Drivers/STM32H7xx_HAL_Driver/Src/stm32h7xx_hal_pcd.c ****               {
1211:Drivers/STM32H7xx_HAL_Driver/Src/stm32h7xx_hal_pcd.c ****                 /* prepare to rx more setup packets */
1212:Drivers/STM32H7xx_HAL_Driver/Src/stm32h7xx_hal_pcd.c ****                 (void)USB_EP0_OutStart(hpcd->Instance, 1U, (uint8_t *)hpcd->Setup);
1213:Drivers/STM32H7xx_HAL_Driver/Src/stm32h7xx_hal_pcd.c ****               }
1214:Drivers/STM32H7xx_HAL_Driver/Src/stm32h7xx_hal_pcd.c ****             }
1215:Drivers/STM32H7xx_HAL_Driver/Src/stm32h7xx_hal_pcd.c **** 
1216:Drivers/STM32H7xx_HAL_Driver/Src/stm32h7xx_hal_pcd.c **** #if (USE_HAL_PCD_REGISTER_CALLBACKS == 1U)
1217:Drivers/STM32H7xx_HAL_Driver/Src/stm32h7xx_hal_pcd.c ****             hpcd->DataInStageCallback(hpcd, (uint8_t)epnum);
1218:Drivers/STM32H7xx_HAL_Driver/Src/stm32h7xx_hal_pcd.c **** #else
1219:Drivers/STM32H7xx_HAL_Driver/Src/stm32h7xx_hal_pcd.c ****             HAL_PCD_DataInStageCallback(hpcd, (uint8_t)epnum);
1220:Drivers/STM32H7xx_HAL_Driver/Src/stm32h7xx_hal_pcd.c **** #endif /* USE_HAL_PCD_REGISTER_CALLBACKS */
1221:Drivers/STM32H7xx_HAL_Driver/Src/stm32h7xx_hal_pcd.c ****           }
1222:Drivers/STM32H7xx_HAL_Driver/Src/stm32h7xx_hal_pcd.c ****           if ((epint & USB_OTG_DIEPINT_TOC) == USB_OTG_DIEPINT_TOC)
1223:Drivers/STM32H7xx_HAL_Driver/Src/stm32h7xx_hal_pcd.c ****           {
1224:Drivers/STM32H7xx_HAL_Driver/Src/stm32h7xx_hal_pcd.c ****             CLEAR_IN_EP_INTR(epnum, USB_OTG_DIEPINT_TOC);
1225:Drivers/STM32H7xx_HAL_Driver/Src/stm32h7xx_hal_pcd.c ****           }
1226:Drivers/STM32H7xx_HAL_Driver/Src/stm32h7xx_hal_pcd.c ****           if ((epint & USB_OTG_DIEPINT_ITTXFE) == USB_OTG_DIEPINT_ITTXFE)
1227:Drivers/STM32H7xx_HAL_Driver/Src/stm32h7xx_hal_pcd.c ****           {
1228:Drivers/STM32H7xx_HAL_Driver/Src/stm32h7xx_hal_pcd.c ****             CLEAR_IN_EP_INTR(epnum, USB_OTG_DIEPINT_ITTXFE);
ARM GAS  C:\Users\Made\AppData\Local\Temp\cch5frMA.s 			page 23


1229:Drivers/STM32H7xx_HAL_Driver/Src/stm32h7xx_hal_pcd.c ****           }
1230:Drivers/STM32H7xx_HAL_Driver/Src/stm32h7xx_hal_pcd.c ****           if ((epint & USB_OTG_DIEPINT_INEPNE) == USB_OTG_DIEPINT_INEPNE)
1231:Drivers/STM32H7xx_HAL_Driver/Src/stm32h7xx_hal_pcd.c ****           {
1232:Drivers/STM32H7xx_HAL_Driver/Src/stm32h7xx_hal_pcd.c ****             CLEAR_IN_EP_INTR(epnum, USB_OTG_DIEPINT_INEPNE);
1233:Drivers/STM32H7xx_HAL_Driver/Src/stm32h7xx_hal_pcd.c ****           }
1234:Drivers/STM32H7xx_HAL_Driver/Src/stm32h7xx_hal_pcd.c ****           if ((epint & USB_OTG_DIEPINT_EPDISD) == USB_OTG_DIEPINT_EPDISD)
1235:Drivers/STM32H7xx_HAL_Driver/Src/stm32h7xx_hal_pcd.c ****           {
1236:Drivers/STM32H7xx_HAL_Driver/Src/stm32h7xx_hal_pcd.c ****             (void)USB_FlushTxFifo(USBx, epnum);
1237:Drivers/STM32H7xx_HAL_Driver/Src/stm32h7xx_hal_pcd.c **** 
1238:Drivers/STM32H7xx_HAL_Driver/Src/stm32h7xx_hal_pcd.c ****             ep = &hpcd->IN_ep[epnum];
1239:Drivers/STM32H7xx_HAL_Driver/Src/stm32h7xx_hal_pcd.c **** 
1240:Drivers/STM32H7xx_HAL_Driver/Src/stm32h7xx_hal_pcd.c ****             if (ep->is_iso_incomplete == 1U)
1241:Drivers/STM32H7xx_HAL_Driver/Src/stm32h7xx_hal_pcd.c ****             {
1242:Drivers/STM32H7xx_HAL_Driver/Src/stm32h7xx_hal_pcd.c ****               ep->is_iso_incomplete = 0U;
1243:Drivers/STM32H7xx_HAL_Driver/Src/stm32h7xx_hal_pcd.c **** 
1244:Drivers/STM32H7xx_HAL_Driver/Src/stm32h7xx_hal_pcd.c **** #if (USE_HAL_PCD_REGISTER_CALLBACKS == 1U)
1245:Drivers/STM32H7xx_HAL_Driver/Src/stm32h7xx_hal_pcd.c ****               hpcd->ISOINIncompleteCallback(hpcd, (uint8_t)epnum);
1246:Drivers/STM32H7xx_HAL_Driver/Src/stm32h7xx_hal_pcd.c **** #else
1247:Drivers/STM32H7xx_HAL_Driver/Src/stm32h7xx_hal_pcd.c ****               HAL_PCD_ISOINIncompleteCallback(hpcd, (uint8_t)epnum);
1248:Drivers/STM32H7xx_HAL_Driver/Src/stm32h7xx_hal_pcd.c **** #endif /* USE_HAL_PCD_REGISTER_CALLBACKS */
1249:Drivers/STM32H7xx_HAL_Driver/Src/stm32h7xx_hal_pcd.c ****             }
1250:Drivers/STM32H7xx_HAL_Driver/Src/stm32h7xx_hal_pcd.c **** 
1251:Drivers/STM32H7xx_HAL_Driver/Src/stm32h7xx_hal_pcd.c ****             CLEAR_IN_EP_INTR(epnum, USB_OTG_DIEPINT_EPDISD);
1252:Drivers/STM32H7xx_HAL_Driver/Src/stm32h7xx_hal_pcd.c ****           }
1253:Drivers/STM32H7xx_HAL_Driver/Src/stm32h7xx_hal_pcd.c ****           if ((epint & USB_OTG_DIEPINT_TXFE) == USB_OTG_DIEPINT_TXFE)
1254:Drivers/STM32H7xx_HAL_Driver/Src/stm32h7xx_hal_pcd.c ****           {
1255:Drivers/STM32H7xx_HAL_Driver/Src/stm32h7xx_hal_pcd.c ****             (void)PCD_WriteEmptyTxFifo(hpcd, epnum);
1256:Drivers/STM32H7xx_HAL_Driver/Src/stm32h7xx_hal_pcd.c ****           }
1257:Drivers/STM32H7xx_HAL_Driver/Src/stm32h7xx_hal_pcd.c ****         }
1258:Drivers/STM32H7xx_HAL_Driver/Src/stm32h7xx_hal_pcd.c ****         epnum++;
1259:Drivers/STM32H7xx_HAL_Driver/Src/stm32h7xx_hal_pcd.c ****         ep_intr >>= 1U;
1260:Drivers/STM32H7xx_HAL_Driver/Src/stm32h7xx_hal_pcd.c ****       }
1261:Drivers/STM32H7xx_HAL_Driver/Src/stm32h7xx_hal_pcd.c ****     }
1262:Drivers/STM32H7xx_HAL_Driver/Src/stm32h7xx_hal_pcd.c **** 
1263:Drivers/STM32H7xx_HAL_Driver/Src/stm32h7xx_hal_pcd.c ****     /* Handle Resume Interrupt */
1264:Drivers/STM32H7xx_HAL_Driver/Src/stm32h7xx_hal_pcd.c ****     if (__HAL_PCD_GET_FLAG(hpcd, USB_OTG_GINTSTS_WKUINT))
1265:Drivers/STM32H7xx_HAL_Driver/Src/stm32h7xx_hal_pcd.c ****     {
1266:Drivers/STM32H7xx_HAL_Driver/Src/stm32h7xx_hal_pcd.c ****       /* Clear the Remote Wake-up Signaling */
1267:Drivers/STM32H7xx_HAL_Driver/Src/stm32h7xx_hal_pcd.c ****       USBx_DEVICE->DCTL &= ~USB_OTG_DCTL_RWUSIG;
1268:Drivers/STM32H7xx_HAL_Driver/Src/stm32h7xx_hal_pcd.c **** 
1269:Drivers/STM32H7xx_HAL_Driver/Src/stm32h7xx_hal_pcd.c ****       if (hpcd->LPM_State == LPM_L1)
1270:Drivers/STM32H7xx_HAL_Driver/Src/stm32h7xx_hal_pcd.c ****       {
1271:Drivers/STM32H7xx_HAL_Driver/Src/stm32h7xx_hal_pcd.c ****         hpcd->LPM_State = LPM_L0;
1272:Drivers/STM32H7xx_HAL_Driver/Src/stm32h7xx_hal_pcd.c **** 
1273:Drivers/STM32H7xx_HAL_Driver/Src/stm32h7xx_hal_pcd.c **** #if (USE_HAL_PCD_REGISTER_CALLBACKS == 1U)
1274:Drivers/STM32H7xx_HAL_Driver/Src/stm32h7xx_hal_pcd.c ****         hpcd->LPMCallback(hpcd, PCD_LPM_L0_ACTIVE);
1275:Drivers/STM32H7xx_HAL_Driver/Src/stm32h7xx_hal_pcd.c **** #else
1276:Drivers/STM32H7xx_HAL_Driver/Src/stm32h7xx_hal_pcd.c ****         HAL_PCDEx_LPM_Callback(hpcd, PCD_LPM_L0_ACTIVE);
1277:Drivers/STM32H7xx_HAL_Driver/Src/stm32h7xx_hal_pcd.c **** #endif /* USE_HAL_PCD_REGISTER_CALLBACKS */
1278:Drivers/STM32H7xx_HAL_Driver/Src/stm32h7xx_hal_pcd.c ****       }
1279:Drivers/STM32H7xx_HAL_Driver/Src/stm32h7xx_hal_pcd.c ****       else
1280:Drivers/STM32H7xx_HAL_Driver/Src/stm32h7xx_hal_pcd.c ****       {
1281:Drivers/STM32H7xx_HAL_Driver/Src/stm32h7xx_hal_pcd.c **** #if (USE_HAL_PCD_REGISTER_CALLBACKS == 1U)
1282:Drivers/STM32H7xx_HAL_Driver/Src/stm32h7xx_hal_pcd.c ****         hpcd->ResumeCallback(hpcd);
1283:Drivers/STM32H7xx_HAL_Driver/Src/stm32h7xx_hal_pcd.c **** #else
1284:Drivers/STM32H7xx_HAL_Driver/Src/stm32h7xx_hal_pcd.c ****         HAL_PCD_ResumeCallback(hpcd);
1285:Drivers/STM32H7xx_HAL_Driver/Src/stm32h7xx_hal_pcd.c **** #endif /* USE_HAL_PCD_REGISTER_CALLBACKS */
ARM GAS  C:\Users\Made\AppData\Local\Temp\cch5frMA.s 			page 24


1286:Drivers/STM32H7xx_HAL_Driver/Src/stm32h7xx_hal_pcd.c ****       }
1287:Drivers/STM32H7xx_HAL_Driver/Src/stm32h7xx_hal_pcd.c **** 
1288:Drivers/STM32H7xx_HAL_Driver/Src/stm32h7xx_hal_pcd.c ****       __HAL_PCD_CLEAR_FLAG(hpcd, USB_OTG_GINTSTS_WKUINT);
1289:Drivers/STM32H7xx_HAL_Driver/Src/stm32h7xx_hal_pcd.c ****     }
1290:Drivers/STM32H7xx_HAL_Driver/Src/stm32h7xx_hal_pcd.c **** 
1291:Drivers/STM32H7xx_HAL_Driver/Src/stm32h7xx_hal_pcd.c ****     /* Handle Suspend Interrupt */
1292:Drivers/STM32H7xx_HAL_Driver/Src/stm32h7xx_hal_pcd.c ****     if (__HAL_PCD_GET_FLAG(hpcd, USB_OTG_GINTSTS_USBSUSP))
1293:Drivers/STM32H7xx_HAL_Driver/Src/stm32h7xx_hal_pcd.c ****     {
1294:Drivers/STM32H7xx_HAL_Driver/Src/stm32h7xx_hal_pcd.c ****       if ((USBx_DEVICE->DSTS & USB_OTG_DSTS_SUSPSTS) == USB_OTG_DSTS_SUSPSTS)
1295:Drivers/STM32H7xx_HAL_Driver/Src/stm32h7xx_hal_pcd.c ****       {
1296:Drivers/STM32H7xx_HAL_Driver/Src/stm32h7xx_hal_pcd.c **** #if (USE_HAL_PCD_REGISTER_CALLBACKS == 1U)
1297:Drivers/STM32H7xx_HAL_Driver/Src/stm32h7xx_hal_pcd.c ****         hpcd->SuspendCallback(hpcd);
1298:Drivers/STM32H7xx_HAL_Driver/Src/stm32h7xx_hal_pcd.c **** #else
1299:Drivers/STM32H7xx_HAL_Driver/Src/stm32h7xx_hal_pcd.c ****         HAL_PCD_SuspendCallback(hpcd);
1300:Drivers/STM32H7xx_HAL_Driver/Src/stm32h7xx_hal_pcd.c **** #endif /* USE_HAL_PCD_REGISTER_CALLBACKS */
1301:Drivers/STM32H7xx_HAL_Driver/Src/stm32h7xx_hal_pcd.c ****       }
1302:Drivers/STM32H7xx_HAL_Driver/Src/stm32h7xx_hal_pcd.c ****       __HAL_PCD_CLEAR_FLAG(hpcd, USB_OTG_GINTSTS_USBSUSP);
1303:Drivers/STM32H7xx_HAL_Driver/Src/stm32h7xx_hal_pcd.c ****     }
1304:Drivers/STM32H7xx_HAL_Driver/Src/stm32h7xx_hal_pcd.c **** 
1305:Drivers/STM32H7xx_HAL_Driver/Src/stm32h7xx_hal_pcd.c ****     /* Handle LPM Interrupt */
1306:Drivers/STM32H7xx_HAL_Driver/Src/stm32h7xx_hal_pcd.c ****     if (__HAL_PCD_GET_FLAG(hpcd, USB_OTG_GINTSTS_LPMINT))
1307:Drivers/STM32H7xx_HAL_Driver/Src/stm32h7xx_hal_pcd.c ****     {
1308:Drivers/STM32H7xx_HAL_Driver/Src/stm32h7xx_hal_pcd.c ****       __HAL_PCD_CLEAR_FLAG(hpcd, USB_OTG_GINTSTS_LPMINT);
1309:Drivers/STM32H7xx_HAL_Driver/Src/stm32h7xx_hal_pcd.c **** 
1310:Drivers/STM32H7xx_HAL_Driver/Src/stm32h7xx_hal_pcd.c ****       if (hpcd->LPM_State == LPM_L0)
1311:Drivers/STM32H7xx_HAL_Driver/Src/stm32h7xx_hal_pcd.c ****       {
1312:Drivers/STM32H7xx_HAL_Driver/Src/stm32h7xx_hal_pcd.c ****         hpcd->LPM_State = LPM_L1;
1313:Drivers/STM32H7xx_HAL_Driver/Src/stm32h7xx_hal_pcd.c ****         hpcd->BESL = (hpcd->Instance->GLPMCFG & USB_OTG_GLPMCFG_BESL) >> 2U;
1314:Drivers/STM32H7xx_HAL_Driver/Src/stm32h7xx_hal_pcd.c **** 
1315:Drivers/STM32H7xx_HAL_Driver/Src/stm32h7xx_hal_pcd.c **** #if (USE_HAL_PCD_REGISTER_CALLBACKS == 1U)
1316:Drivers/STM32H7xx_HAL_Driver/Src/stm32h7xx_hal_pcd.c ****         hpcd->LPMCallback(hpcd, PCD_LPM_L1_ACTIVE);
1317:Drivers/STM32H7xx_HAL_Driver/Src/stm32h7xx_hal_pcd.c **** #else
1318:Drivers/STM32H7xx_HAL_Driver/Src/stm32h7xx_hal_pcd.c ****         HAL_PCDEx_LPM_Callback(hpcd, PCD_LPM_L1_ACTIVE);
1319:Drivers/STM32H7xx_HAL_Driver/Src/stm32h7xx_hal_pcd.c **** #endif /* USE_HAL_PCD_REGISTER_CALLBACKS */
1320:Drivers/STM32H7xx_HAL_Driver/Src/stm32h7xx_hal_pcd.c ****       }
1321:Drivers/STM32H7xx_HAL_Driver/Src/stm32h7xx_hal_pcd.c ****       else
1322:Drivers/STM32H7xx_HAL_Driver/Src/stm32h7xx_hal_pcd.c ****       {
1323:Drivers/STM32H7xx_HAL_Driver/Src/stm32h7xx_hal_pcd.c **** #if (USE_HAL_PCD_REGISTER_CALLBACKS == 1U)
1324:Drivers/STM32H7xx_HAL_Driver/Src/stm32h7xx_hal_pcd.c ****         hpcd->SuspendCallback(hpcd);
1325:Drivers/STM32H7xx_HAL_Driver/Src/stm32h7xx_hal_pcd.c **** #else
1326:Drivers/STM32H7xx_HAL_Driver/Src/stm32h7xx_hal_pcd.c ****         HAL_PCD_SuspendCallback(hpcd);
1327:Drivers/STM32H7xx_HAL_Driver/Src/stm32h7xx_hal_pcd.c **** #endif /* USE_HAL_PCD_REGISTER_CALLBACKS */
1328:Drivers/STM32H7xx_HAL_Driver/Src/stm32h7xx_hal_pcd.c ****       }
1329:Drivers/STM32H7xx_HAL_Driver/Src/stm32h7xx_hal_pcd.c ****     }
1330:Drivers/STM32H7xx_HAL_Driver/Src/stm32h7xx_hal_pcd.c **** 
1331:Drivers/STM32H7xx_HAL_Driver/Src/stm32h7xx_hal_pcd.c ****     /* Handle Reset Interrupt */
1332:Drivers/STM32H7xx_HAL_Driver/Src/stm32h7xx_hal_pcd.c ****     if (__HAL_PCD_GET_FLAG(hpcd, USB_OTG_GINTSTS_USBRST))
1333:Drivers/STM32H7xx_HAL_Driver/Src/stm32h7xx_hal_pcd.c ****     {
1334:Drivers/STM32H7xx_HAL_Driver/Src/stm32h7xx_hal_pcd.c ****       USBx_DEVICE->DCTL &= ~USB_OTG_DCTL_RWUSIG;
1335:Drivers/STM32H7xx_HAL_Driver/Src/stm32h7xx_hal_pcd.c ****       (void)USB_FlushTxFifo(hpcd->Instance, 0x10U);
1336:Drivers/STM32H7xx_HAL_Driver/Src/stm32h7xx_hal_pcd.c **** 
1337:Drivers/STM32H7xx_HAL_Driver/Src/stm32h7xx_hal_pcd.c ****       for (i = 0U; i < hpcd->Init.dev_endpoints; i++)
1338:Drivers/STM32H7xx_HAL_Driver/Src/stm32h7xx_hal_pcd.c ****       {
1339:Drivers/STM32H7xx_HAL_Driver/Src/stm32h7xx_hal_pcd.c ****         USBx_INEP(i)->DIEPINT = 0xFB7FU;
1340:Drivers/STM32H7xx_HAL_Driver/Src/stm32h7xx_hal_pcd.c ****         USBx_INEP(i)->DIEPCTL &= ~USB_OTG_DIEPCTL_STALL;
1341:Drivers/STM32H7xx_HAL_Driver/Src/stm32h7xx_hal_pcd.c ****         USBx_OUTEP(i)->DOEPINT = 0xFB7FU;
1342:Drivers/STM32H7xx_HAL_Driver/Src/stm32h7xx_hal_pcd.c ****         USBx_OUTEP(i)->DOEPCTL &= ~USB_OTG_DOEPCTL_STALL;
ARM GAS  C:\Users\Made\AppData\Local\Temp\cch5frMA.s 			page 25


1343:Drivers/STM32H7xx_HAL_Driver/Src/stm32h7xx_hal_pcd.c ****         USBx_OUTEP(i)->DOEPCTL |= USB_OTG_DOEPCTL_SNAK;
1344:Drivers/STM32H7xx_HAL_Driver/Src/stm32h7xx_hal_pcd.c ****       }
1345:Drivers/STM32H7xx_HAL_Driver/Src/stm32h7xx_hal_pcd.c ****       USBx_DEVICE->DAINTMSK |= 0x10001U;
1346:Drivers/STM32H7xx_HAL_Driver/Src/stm32h7xx_hal_pcd.c **** 
1347:Drivers/STM32H7xx_HAL_Driver/Src/stm32h7xx_hal_pcd.c ****       if (hpcd->Init.use_dedicated_ep1 != 0U)
1348:Drivers/STM32H7xx_HAL_Driver/Src/stm32h7xx_hal_pcd.c ****       {
1349:Drivers/STM32H7xx_HAL_Driver/Src/stm32h7xx_hal_pcd.c ****         USBx_DEVICE->DOUTEP1MSK |= USB_OTG_DOEPMSK_STUPM |
1350:Drivers/STM32H7xx_HAL_Driver/Src/stm32h7xx_hal_pcd.c ****                                    USB_OTG_DOEPMSK_XFRCM |
1351:Drivers/STM32H7xx_HAL_Driver/Src/stm32h7xx_hal_pcd.c ****                                    USB_OTG_DOEPMSK_EPDM;
1352:Drivers/STM32H7xx_HAL_Driver/Src/stm32h7xx_hal_pcd.c **** 
1353:Drivers/STM32H7xx_HAL_Driver/Src/stm32h7xx_hal_pcd.c ****         USBx_DEVICE->DINEP1MSK |= USB_OTG_DIEPMSK_TOM |
1354:Drivers/STM32H7xx_HAL_Driver/Src/stm32h7xx_hal_pcd.c ****                                   USB_OTG_DIEPMSK_XFRCM |
1355:Drivers/STM32H7xx_HAL_Driver/Src/stm32h7xx_hal_pcd.c ****                                   USB_OTG_DIEPMSK_EPDM;
1356:Drivers/STM32H7xx_HAL_Driver/Src/stm32h7xx_hal_pcd.c ****       }
1357:Drivers/STM32H7xx_HAL_Driver/Src/stm32h7xx_hal_pcd.c ****       else
1358:Drivers/STM32H7xx_HAL_Driver/Src/stm32h7xx_hal_pcd.c ****       {
1359:Drivers/STM32H7xx_HAL_Driver/Src/stm32h7xx_hal_pcd.c ****         USBx_DEVICE->DOEPMSK |= USB_OTG_DOEPMSK_STUPM |
1360:Drivers/STM32H7xx_HAL_Driver/Src/stm32h7xx_hal_pcd.c ****                                 USB_OTG_DOEPMSK_XFRCM |
1361:Drivers/STM32H7xx_HAL_Driver/Src/stm32h7xx_hal_pcd.c ****                                 USB_OTG_DOEPMSK_EPDM |
1362:Drivers/STM32H7xx_HAL_Driver/Src/stm32h7xx_hal_pcd.c ****                                 USB_OTG_DOEPMSK_OTEPSPRM |
1363:Drivers/STM32H7xx_HAL_Driver/Src/stm32h7xx_hal_pcd.c ****                                 USB_OTG_DOEPMSK_NAKM;
1364:Drivers/STM32H7xx_HAL_Driver/Src/stm32h7xx_hal_pcd.c **** 
1365:Drivers/STM32H7xx_HAL_Driver/Src/stm32h7xx_hal_pcd.c ****         USBx_DEVICE->DIEPMSK |= USB_OTG_DIEPMSK_TOM |
1366:Drivers/STM32H7xx_HAL_Driver/Src/stm32h7xx_hal_pcd.c ****                                 USB_OTG_DIEPMSK_XFRCM |
1367:Drivers/STM32H7xx_HAL_Driver/Src/stm32h7xx_hal_pcd.c ****                                 USB_OTG_DIEPMSK_EPDM;
1368:Drivers/STM32H7xx_HAL_Driver/Src/stm32h7xx_hal_pcd.c ****       }
1369:Drivers/STM32H7xx_HAL_Driver/Src/stm32h7xx_hal_pcd.c **** 
1370:Drivers/STM32H7xx_HAL_Driver/Src/stm32h7xx_hal_pcd.c ****       /* Set Default Address to 0 */
1371:Drivers/STM32H7xx_HAL_Driver/Src/stm32h7xx_hal_pcd.c ****       USBx_DEVICE->DCFG &= ~USB_OTG_DCFG_DAD;
1372:Drivers/STM32H7xx_HAL_Driver/Src/stm32h7xx_hal_pcd.c **** 
1373:Drivers/STM32H7xx_HAL_Driver/Src/stm32h7xx_hal_pcd.c ****       /* setup EP0 to receive SETUP packets */
1374:Drivers/STM32H7xx_HAL_Driver/Src/stm32h7xx_hal_pcd.c ****       (void)USB_EP0_OutStart(hpcd->Instance, (uint8_t)hpcd->Init.dma_enable,
1375:Drivers/STM32H7xx_HAL_Driver/Src/stm32h7xx_hal_pcd.c ****                              (uint8_t *)hpcd->Setup);
1376:Drivers/STM32H7xx_HAL_Driver/Src/stm32h7xx_hal_pcd.c **** 
1377:Drivers/STM32H7xx_HAL_Driver/Src/stm32h7xx_hal_pcd.c ****       __HAL_PCD_CLEAR_FLAG(hpcd, USB_OTG_GINTSTS_USBRST);
1378:Drivers/STM32H7xx_HAL_Driver/Src/stm32h7xx_hal_pcd.c ****     }
1379:Drivers/STM32H7xx_HAL_Driver/Src/stm32h7xx_hal_pcd.c **** 
1380:Drivers/STM32H7xx_HAL_Driver/Src/stm32h7xx_hal_pcd.c ****     /* Handle Enumeration done Interrupt */
1381:Drivers/STM32H7xx_HAL_Driver/Src/stm32h7xx_hal_pcd.c ****     if (__HAL_PCD_GET_FLAG(hpcd, USB_OTG_GINTSTS_ENUMDNE))
1382:Drivers/STM32H7xx_HAL_Driver/Src/stm32h7xx_hal_pcd.c ****     {
1383:Drivers/STM32H7xx_HAL_Driver/Src/stm32h7xx_hal_pcd.c ****       (void)USB_ActivateSetup(hpcd->Instance);
1384:Drivers/STM32H7xx_HAL_Driver/Src/stm32h7xx_hal_pcd.c ****       hpcd->Init.speed = USB_GetDevSpeed(hpcd->Instance);
1385:Drivers/STM32H7xx_HAL_Driver/Src/stm32h7xx_hal_pcd.c **** 
1386:Drivers/STM32H7xx_HAL_Driver/Src/stm32h7xx_hal_pcd.c ****       /* Set USB Turnaround time */
1387:Drivers/STM32H7xx_HAL_Driver/Src/stm32h7xx_hal_pcd.c ****       (void)USB_SetTurnaroundTime(hpcd->Instance,
1388:Drivers/STM32H7xx_HAL_Driver/Src/stm32h7xx_hal_pcd.c ****                                   HAL_RCC_GetHCLKFreq(),
1389:Drivers/STM32H7xx_HAL_Driver/Src/stm32h7xx_hal_pcd.c ****                                   (uint8_t)hpcd->Init.speed);
1390:Drivers/STM32H7xx_HAL_Driver/Src/stm32h7xx_hal_pcd.c **** 
1391:Drivers/STM32H7xx_HAL_Driver/Src/stm32h7xx_hal_pcd.c **** #if (USE_HAL_PCD_REGISTER_CALLBACKS == 1U)
1392:Drivers/STM32H7xx_HAL_Driver/Src/stm32h7xx_hal_pcd.c ****       hpcd->ResetCallback(hpcd);
1393:Drivers/STM32H7xx_HAL_Driver/Src/stm32h7xx_hal_pcd.c **** #else
1394:Drivers/STM32H7xx_HAL_Driver/Src/stm32h7xx_hal_pcd.c ****       HAL_PCD_ResetCallback(hpcd);
1395:Drivers/STM32H7xx_HAL_Driver/Src/stm32h7xx_hal_pcd.c **** #endif /* USE_HAL_PCD_REGISTER_CALLBACKS */
1396:Drivers/STM32H7xx_HAL_Driver/Src/stm32h7xx_hal_pcd.c **** 
1397:Drivers/STM32H7xx_HAL_Driver/Src/stm32h7xx_hal_pcd.c ****       __HAL_PCD_CLEAR_FLAG(hpcd, USB_OTG_GINTSTS_ENUMDNE);
1398:Drivers/STM32H7xx_HAL_Driver/Src/stm32h7xx_hal_pcd.c ****     }
1399:Drivers/STM32H7xx_HAL_Driver/Src/stm32h7xx_hal_pcd.c **** 
ARM GAS  C:\Users\Made\AppData\Local\Temp\cch5frMA.s 			page 26


1400:Drivers/STM32H7xx_HAL_Driver/Src/stm32h7xx_hal_pcd.c ****     /* Handle SOF Interrupt */
1401:Drivers/STM32H7xx_HAL_Driver/Src/stm32h7xx_hal_pcd.c ****     if (__HAL_PCD_GET_FLAG(hpcd, USB_OTG_GINTSTS_SOF))
1402:Drivers/STM32H7xx_HAL_Driver/Src/stm32h7xx_hal_pcd.c ****     {
1403:Drivers/STM32H7xx_HAL_Driver/Src/stm32h7xx_hal_pcd.c **** #if (USE_HAL_PCD_REGISTER_CALLBACKS == 1U)
1404:Drivers/STM32H7xx_HAL_Driver/Src/stm32h7xx_hal_pcd.c ****       hpcd->SOFCallback(hpcd);
1405:Drivers/STM32H7xx_HAL_Driver/Src/stm32h7xx_hal_pcd.c **** #else
1406:Drivers/STM32H7xx_HAL_Driver/Src/stm32h7xx_hal_pcd.c ****       HAL_PCD_SOFCallback(hpcd);
1407:Drivers/STM32H7xx_HAL_Driver/Src/stm32h7xx_hal_pcd.c **** #endif /* USE_HAL_PCD_REGISTER_CALLBACKS */
1408:Drivers/STM32H7xx_HAL_Driver/Src/stm32h7xx_hal_pcd.c **** 
1409:Drivers/STM32H7xx_HAL_Driver/Src/stm32h7xx_hal_pcd.c ****       __HAL_PCD_CLEAR_FLAG(hpcd, USB_OTG_GINTSTS_SOF);
1410:Drivers/STM32H7xx_HAL_Driver/Src/stm32h7xx_hal_pcd.c ****     }
1411:Drivers/STM32H7xx_HAL_Driver/Src/stm32h7xx_hal_pcd.c **** 
1412:Drivers/STM32H7xx_HAL_Driver/Src/stm32h7xx_hal_pcd.c ****     /* Handle Global OUT NAK effective Interrupt */
1413:Drivers/STM32H7xx_HAL_Driver/Src/stm32h7xx_hal_pcd.c ****     if (__HAL_PCD_GET_FLAG(hpcd, USB_OTG_GINTSTS_BOUTNAKEFF))
1414:Drivers/STM32H7xx_HAL_Driver/Src/stm32h7xx_hal_pcd.c ****     {
1415:Drivers/STM32H7xx_HAL_Driver/Src/stm32h7xx_hal_pcd.c ****       USBx->GINTMSK &= ~USB_OTG_GINTMSK_GONAKEFFM;
1416:Drivers/STM32H7xx_HAL_Driver/Src/stm32h7xx_hal_pcd.c **** 
1417:Drivers/STM32H7xx_HAL_Driver/Src/stm32h7xx_hal_pcd.c ****       for (epnum = 1U; epnum < hpcd->Init.dev_endpoints; epnum++)
1418:Drivers/STM32H7xx_HAL_Driver/Src/stm32h7xx_hal_pcd.c ****       {
1419:Drivers/STM32H7xx_HAL_Driver/Src/stm32h7xx_hal_pcd.c ****         if (hpcd->OUT_ep[epnum].is_iso_incomplete == 1U)
1420:Drivers/STM32H7xx_HAL_Driver/Src/stm32h7xx_hal_pcd.c ****         {
1421:Drivers/STM32H7xx_HAL_Driver/Src/stm32h7xx_hal_pcd.c ****           /* Abort current transaction and disable the EP */
1422:Drivers/STM32H7xx_HAL_Driver/Src/stm32h7xx_hal_pcd.c ****           (void)HAL_PCD_EP_Abort(hpcd, (uint8_t)epnum);
1423:Drivers/STM32H7xx_HAL_Driver/Src/stm32h7xx_hal_pcd.c ****         }
1424:Drivers/STM32H7xx_HAL_Driver/Src/stm32h7xx_hal_pcd.c ****       }
1425:Drivers/STM32H7xx_HAL_Driver/Src/stm32h7xx_hal_pcd.c ****     }
1426:Drivers/STM32H7xx_HAL_Driver/Src/stm32h7xx_hal_pcd.c **** 
1427:Drivers/STM32H7xx_HAL_Driver/Src/stm32h7xx_hal_pcd.c ****     /* Handle Incomplete ISO IN Interrupt */
1428:Drivers/STM32H7xx_HAL_Driver/Src/stm32h7xx_hal_pcd.c ****     if (__HAL_PCD_GET_FLAG(hpcd, USB_OTG_GINTSTS_IISOIXFR))
1429:Drivers/STM32H7xx_HAL_Driver/Src/stm32h7xx_hal_pcd.c ****     {
1430:Drivers/STM32H7xx_HAL_Driver/Src/stm32h7xx_hal_pcd.c ****       for (epnum = 1U; epnum < hpcd->Init.dev_endpoints; epnum++)
1431:Drivers/STM32H7xx_HAL_Driver/Src/stm32h7xx_hal_pcd.c ****       {
1432:Drivers/STM32H7xx_HAL_Driver/Src/stm32h7xx_hal_pcd.c ****         RegVal = USBx_INEP(epnum)->DIEPCTL;
1433:Drivers/STM32H7xx_HAL_Driver/Src/stm32h7xx_hal_pcd.c **** 
1434:Drivers/STM32H7xx_HAL_Driver/Src/stm32h7xx_hal_pcd.c ****         if ((hpcd->IN_ep[epnum].type == EP_TYPE_ISOC) &&
1435:Drivers/STM32H7xx_HAL_Driver/Src/stm32h7xx_hal_pcd.c ****             ((RegVal & USB_OTG_DIEPCTL_EPENA) == USB_OTG_DIEPCTL_EPENA))
1436:Drivers/STM32H7xx_HAL_Driver/Src/stm32h7xx_hal_pcd.c ****         {
1437:Drivers/STM32H7xx_HAL_Driver/Src/stm32h7xx_hal_pcd.c ****           hpcd->IN_ep[epnum].is_iso_incomplete = 1U;
1438:Drivers/STM32H7xx_HAL_Driver/Src/stm32h7xx_hal_pcd.c **** 
1439:Drivers/STM32H7xx_HAL_Driver/Src/stm32h7xx_hal_pcd.c ****           /* Abort current transaction and disable the EP */
1440:Drivers/STM32H7xx_HAL_Driver/Src/stm32h7xx_hal_pcd.c ****           (void)HAL_PCD_EP_Abort(hpcd, (uint8_t)(epnum | 0x80U));
1441:Drivers/STM32H7xx_HAL_Driver/Src/stm32h7xx_hal_pcd.c ****         }
1442:Drivers/STM32H7xx_HAL_Driver/Src/stm32h7xx_hal_pcd.c ****       }
1443:Drivers/STM32H7xx_HAL_Driver/Src/stm32h7xx_hal_pcd.c **** 
1444:Drivers/STM32H7xx_HAL_Driver/Src/stm32h7xx_hal_pcd.c ****       __HAL_PCD_CLEAR_FLAG(hpcd, USB_OTG_GINTSTS_IISOIXFR);
1445:Drivers/STM32H7xx_HAL_Driver/Src/stm32h7xx_hal_pcd.c ****     }
1446:Drivers/STM32H7xx_HAL_Driver/Src/stm32h7xx_hal_pcd.c **** 
1447:Drivers/STM32H7xx_HAL_Driver/Src/stm32h7xx_hal_pcd.c ****     /* Handle Incomplete ISO OUT Interrupt */
1448:Drivers/STM32H7xx_HAL_Driver/Src/stm32h7xx_hal_pcd.c ****     if (__HAL_PCD_GET_FLAG(hpcd, USB_OTG_GINTSTS_PXFR_INCOMPISOOUT))
1449:Drivers/STM32H7xx_HAL_Driver/Src/stm32h7xx_hal_pcd.c ****     {
1450:Drivers/STM32H7xx_HAL_Driver/Src/stm32h7xx_hal_pcd.c ****       for (epnum = 1U; epnum < hpcd->Init.dev_endpoints; epnum++)
1451:Drivers/STM32H7xx_HAL_Driver/Src/stm32h7xx_hal_pcd.c ****       {
1452:Drivers/STM32H7xx_HAL_Driver/Src/stm32h7xx_hal_pcd.c ****         RegVal = USBx_OUTEP(epnum)->DOEPCTL;
1453:Drivers/STM32H7xx_HAL_Driver/Src/stm32h7xx_hal_pcd.c **** 
1454:Drivers/STM32H7xx_HAL_Driver/Src/stm32h7xx_hal_pcd.c ****         if ((hpcd->OUT_ep[epnum].type == EP_TYPE_ISOC) &&
1455:Drivers/STM32H7xx_HAL_Driver/Src/stm32h7xx_hal_pcd.c ****             ((RegVal & USB_OTG_DOEPCTL_EPENA) == USB_OTG_DOEPCTL_EPENA) &&
1456:Drivers/STM32H7xx_HAL_Driver/Src/stm32h7xx_hal_pcd.c ****             (((RegVal & (0x1U << 16)) >> 16U) == (hpcd->FrameNumber & 0x1U)))
ARM GAS  C:\Users\Made\AppData\Local\Temp\cch5frMA.s 			page 27


1457:Drivers/STM32H7xx_HAL_Driver/Src/stm32h7xx_hal_pcd.c ****         {
1458:Drivers/STM32H7xx_HAL_Driver/Src/stm32h7xx_hal_pcd.c ****           hpcd->OUT_ep[epnum].is_iso_incomplete = 1U;
1459:Drivers/STM32H7xx_HAL_Driver/Src/stm32h7xx_hal_pcd.c **** 
1460:Drivers/STM32H7xx_HAL_Driver/Src/stm32h7xx_hal_pcd.c ****           USBx->GINTMSK |= USB_OTG_GINTMSK_GONAKEFFM;
1461:Drivers/STM32H7xx_HAL_Driver/Src/stm32h7xx_hal_pcd.c **** 
1462:Drivers/STM32H7xx_HAL_Driver/Src/stm32h7xx_hal_pcd.c ****           if ((USBx->GINTSTS & USB_OTG_GINTSTS_BOUTNAKEFF) == 0U)
1463:Drivers/STM32H7xx_HAL_Driver/Src/stm32h7xx_hal_pcd.c ****           {
1464:Drivers/STM32H7xx_HAL_Driver/Src/stm32h7xx_hal_pcd.c ****             USBx_DEVICE->DCTL |= USB_OTG_DCTL_SGONAK;
1465:Drivers/STM32H7xx_HAL_Driver/Src/stm32h7xx_hal_pcd.c ****             break;
1466:Drivers/STM32H7xx_HAL_Driver/Src/stm32h7xx_hal_pcd.c ****           }
1467:Drivers/STM32H7xx_HAL_Driver/Src/stm32h7xx_hal_pcd.c ****         }
1468:Drivers/STM32H7xx_HAL_Driver/Src/stm32h7xx_hal_pcd.c ****       }
1469:Drivers/STM32H7xx_HAL_Driver/Src/stm32h7xx_hal_pcd.c **** 
1470:Drivers/STM32H7xx_HAL_Driver/Src/stm32h7xx_hal_pcd.c ****       __HAL_PCD_CLEAR_FLAG(hpcd, USB_OTG_GINTSTS_PXFR_INCOMPISOOUT);
1471:Drivers/STM32H7xx_HAL_Driver/Src/stm32h7xx_hal_pcd.c ****     }
1472:Drivers/STM32H7xx_HAL_Driver/Src/stm32h7xx_hal_pcd.c **** 
1473:Drivers/STM32H7xx_HAL_Driver/Src/stm32h7xx_hal_pcd.c ****     /* Handle Connection event Interrupt */
1474:Drivers/STM32H7xx_HAL_Driver/Src/stm32h7xx_hal_pcd.c ****     if (__HAL_PCD_GET_FLAG(hpcd, USB_OTG_GINTSTS_SRQINT))
1475:Drivers/STM32H7xx_HAL_Driver/Src/stm32h7xx_hal_pcd.c ****     {
1476:Drivers/STM32H7xx_HAL_Driver/Src/stm32h7xx_hal_pcd.c **** #if (USE_HAL_PCD_REGISTER_CALLBACKS == 1U)
1477:Drivers/STM32H7xx_HAL_Driver/Src/stm32h7xx_hal_pcd.c ****       hpcd->ConnectCallback(hpcd);
1478:Drivers/STM32H7xx_HAL_Driver/Src/stm32h7xx_hal_pcd.c **** #else
1479:Drivers/STM32H7xx_HAL_Driver/Src/stm32h7xx_hal_pcd.c ****       HAL_PCD_ConnectCallback(hpcd);
1480:Drivers/STM32H7xx_HAL_Driver/Src/stm32h7xx_hal_pcd.c **** #endif /* USE_HAL_PCD_REGISTER_CALLBACKS */
1481:Drivers/STM32H7xx_HAL_Driver/Src/stm32h7xx_hal_pcd.c **** 
1482:Drivers/STM32H7xx_HAL_Driver/Src/stm32h7xx_hal_pcd.c ****       __HAL_PCD_CLEAR_FLAG(hpcd, USB_OTG_GINTSTS_SRQINT);
1483:Drivers/STM32H7xx_HAL_Driver/Src/stm32h7xx_hal_pcd.c ****     }
1484:Drivers/STM32H7xx_HAL_Driver/Src/stm32h7xx_hal_pcd.c **** 
1485:Drivers/STM32H7xx_HAL_Driver/Src/stm32h7xx_hal_pcd.c ****     /* Handle Disconnection event Interrupt */
1486:Drivers/STM32H7xx_HAL_Driver/Src/stm32h7xx_hal_pcd.c ****     if (__HAL_PCD_GET_FLAG(hpcd, USB_OTG_GINTSTS_OTGINT))
1487:Drivers/STM32H7xx_HAL_Driver/Src/stm32h7xx_hal_pcd.c ****     {
1488:Drivers/STM32H7xx_HAL_Driver/Src/stm32h7xx_hal_pcd.c ****       RegVal = hpcd->Instance->GOTGINT;
1489:Drivers/STM32H7xx_HAL_Driver/Src/stm32h7xx_hal_pcd.c **** 
1490:Drivers/STM32H7xx_HAL_Driver/Src/stm32h7xx_hal_pcd.c ****       if ((RegVal & USB_OTG_GOTGINT_SEDET) == USB_OTG_GOTGINT_SEDET)
1491:Drivers/STM32H7xx_HAL_Driver/Src/stm32h7xx_hal_pcd.c ****       {
1492:Drivers/STM32H7xx_HAL_Driver/Src/stm32h7xx_hal_pcd.c **** #if (USE_HAL_PCD_REGISTER_CALLBACKS == 1U)
1493:Drivers/STM32H7xx_HAL_Driver/Src/stm32h7xx_hal_pcd.c ****         hpcd->DisconnectCallback(hpcd);
1494:Drivers/STM32H7xx_HAL_Driver/Src/stm32h7xx_hal_pcd.c **** #else
1495:Drivers/STM32H7xx_HAL_Driver/Src/stm32h7xx_hal_pcd.c ****         HAL_PCD_DisconnectCallback(hpcd);
1496:Drivers/STM32H7xx_HAL_Driver/Src/stm32h7xx_hal_pcd.c **** #endif /* USE_HAL_PCD_REGISTER_CALLBACKS */
1497:Drivers/STM32H7xx_HAL_Driver/Src/stm32h7xx_hal_pcd.c ****       }
1498:Drivers/STM32H7xx_HAL_Driver/Src/stm32h7xx_hal_pcd.c ****       hpcd->Instance->GOTGINT |= RegVal;
1499:Drivers/STM32H7xx_HAL_Driver/Src/stm32h7xx_hal_pcd.c ****     }
1500:Drivers/STM32H7xx_HAL_Driver/Src/stm32h7xx_hal_pcd.c ****   }
1501:Drivers/STM32H7xx_HAL_Driver/Src/stm32h7xx_hal_pcd.c **** }
1502:Drivers/STM32H7xx_HAL_Driver/Src/stm32h7xx_hal_pcd.c **** #endif /* defined (USB_OTG_FS) || defined (USB_OTG_HS) */
1503:Drivers/STM32H7xx_HAL_Driver/Src/stm32h7xx_hal_pcd.c **** 
1504:Drivers/STM32H7xx_HAL_Driver/Src/stm32h7xx_hal_pcd.c **** 
1505:Drivers/STM32H7xx_HAL_Driver/Src/stm32h7xx_hal_pcd.c **** /**
1506:Drivers/STM32H7xx_HAL_Driver/Src/stm32h7xx_hal_pcd.c ****   * @brief  Data OUT stage callback.
1507:Drivers/STM32H7xx_HAL_Driver/Src/stm32h7xx_hal_pcd.c ****   * @param  hpcd PCD handle
1508:Drivers/STM32H7xx_HAL_Driver/Src/stm32h7xx_hal_pcd.c ****   * @param  epnum endpoint number
1509:Drivers/STM32H7xx_HAL_Driver/Src/stm32h7xx_hal_pcd.c ****   * @retval None
1510:Drivers/STM32H7xx_HAL_Driver/Src/stm32h7xx_hal_pcd.c ****   */
1511:Drivers/STM32H7xx_HAL_Driver/Src/stm32h7xx_hal_pcd.c **** __weak void HAL_PCD_DataOutStageCallback(PCD_HandleTypeDef *hpcd, uint8_t epnum)
1512:Drivers/STM32H7xx_HAL_Driver/Src/stm32h7xx_hal_pcd.c **** {
1513:Drivers/STM32H7xx_HAL_Driver/Src/stm32h7xx_hal_pcd.c ****   /* Prevent unused argument(s) compilation warning */
ARM GAS  C:\Users\Made\AppData\Local\Temp\cch5frMA.s 			page 28


1514:Drivers/STM32H7xx_HAL_Driver/Src/stm32h7xx_hal_pcd.c ****   UNUSED(hpcd);
1515:Drivers/STM32H7xx_HAL_Driver/Src/stm32h7xx_hal_pcd.c ****   UNUSED(epnum);
1516:Drivers/STM32H7xx_HAL_Driver/Src/stm32h7xx_hal_pcd.c **** 
1517:Drivers/STM32H7xx_HAL_Driver/Src/stm32h7xx_hal_pcd.c ****   /* NOTE : This function should not be modified, when the callback is needed,
1518:Drivers/STM32H7xx_HAL_Driver/Src/stm32h7xx_hal_pcd.c ****             the HAL_PCD_DataOutStageCallback could be implemented in the user file
1519:Drivers/STM32H7xx_HAL_Driver/Src/stm32h7xx_hal_pcd.c ****    */
1520:Drivers/STM32H7xx_HAL_Driver/Src/stm32h7xx_hal_pcd.c **** }
1521:Drivers/STM32H7xx_HAL_Driver/Src/stm32h7xx_hal_pcd.c **** 
1522:Drivers/STM32H7xx_HAL_Driver/Src/stm32h7xx_hal_pcd.c **** /**
1523:Drivers/STM32H7xx_HAL_Driver/Src/stm32h7xx_hal_pcd.c ****   * @brief  Data IN stage callback
1524:Drivers/STM32H7xx_HAL_Driver/Src/stm32h7xx_hal_pcd.c ****   * @param  hpcd PCD handle
1525:Drivers/STM32H7xx_HAL_Driver/Src/stm32h7xx_hal_pcd.c ****   * @param  epnum endpoint number
1526:Drivers/STM32H7xx_HAL_Driver/Src/stm32h7xx_hal_pcd.c ****   * @retval None
1527:Drivers/STM32H7xx_HAL_Driver/Src/stm32h7xx_hal_pcd.c ****   */
1528:Drivers/STM32H7xx_HAL_Driver/Src/stm32h7xx_hal_pcd.c **** __weak void HAL_PCD_DataInStageCallback(PCD_HandleTypeDef *hpcd, uint8_t epnum)
1529:Drivers/STM32H7xx_HAL_Driver/Src/stm32h7xx_hal_pcd.c **** {
1530:Drivers/STM32H7xx_HAL_Driver/Src/stm32h7xx_hal_pcd.c ****   /* Prevent unused argument(s) compilation warning */
1531:Drivers/STM32H7xx_HAL_Driver/Src/stm32h7xx_hal_pcd.c ****   UNUSED(hpcd);
1532:Drivers/STM32H7xx_HAL_Driver/Src/stm32h7xx_hal_pcd.c ****   UNUSED(epnum);
1533:Drivers/STM32H7xx_HAL_Driver/Src/stm32h7xx_hal_pcd.c **** 
1534:Drivers/STM32H7xx_HAL_Driver/Src/stm32h7xx_hal_pcd.c ****   /* NOTE : This function should not be modified, when the callback is needed,
1535:Drivers/STM32H7xx_HAL_Driver/Src/stm32h7xx_hal_pcd.c ****             the HAL_PCD_DataInStageCallback could be implemented in the user file
1536:Drivers/STM32H7xx_HAL_Driver/Src/stm32h7xx_hal_pcd.c ****    */
1537:Drivers/STM32H7xx_HAL_Driver/Src/stm32h7xx_hal_pcd.c **** }
1538:Drivers/STM32H7xx_HAL_Driver/Src/stm32h7xx_hal_pcd.c **** /**
1539:Drivers/STM32H7xx_HAL_Driver/Src/stm32h7xx_hal_pcd.c ****   * @brief  Setup stage callback
1540:Drivers/STM32H7xx_HAL_Driver/Src/stm32h7xx_hal_pcd.c ****   * @param  hpcd PCD handle
1541:Drivers/STM32H7xx_HAL_Driver/Src/stm32h7xx_hal_pcd.c ****   * @retval None
1542:Drivers/STM32H7xx_HAL_Driver/Src/stm32h7xx_hal_pcd.c ****   */
1543:Drivers/STM32H7xx_HAL_Driver/Src/stm32h7xx_hal_pcd.c **** __weak void HAL_PCD_SetupStageCallback(PCD_HandleTypeDef *hpcd)
1544:Drivers/STM32H7xx_HAL_Driver/Src/stm32h7xx_hal_pcd.c **** {
1545:Drivers/STM32H7xx_HAL_Driver/Src/stm32h7xx_hal_pcd.c ****   /* Prevent unused argument(s) compilation warning */
1546:Drivers/STM32H7xx_HAL_Driver/Src/stm32h7xx_hal_pcd.c ****   UNUSED(hpcd);
1547:Drivers/STM32H7xx_HAL_Driver/Src/stm32h7xx_hal_pcd.c **** 
1548:Drivers/STM32H7xx_HAL_Driver/Src/stm32h7xx_hal_pcd.c ****   /* NOTE : This function should not be modified, when the callback is needed,
1549:Drivers/STM32H7xx_HAL_Driver/Src/stm32h7xx_hal_pcd.c ****             the HAL_PCD_SetupStageCallback could be implemented in the user file
1550:Drivers/STM32H7xx_HAL_Driver/Src/stm32h7xx_hal_pcd.c ****    */
1551:Drivers/STM32H7xx_HAL_Driver/Src/stm32h7xx_hal_pcd.c **** }
1552:Drivers/STM32H7xx_HAL_Driver/Src/stm32h7xx_hal_pcd.c **** 
1553:Drivers/STM32H7xx_HAL_Driver/Src/stm32h7xx_hal_pcd.c **** /**
1554:Drivers/STM32H7xx_HAL_Driver/Src/stm32h7xx_hal_pcd.c ****   * @brief  USB Start Of Frame callback.
1555:Drivers/STM32H7xx_HAL_Driver/Src/stm32h7xx_hal_pcd.c ****   * @param  hpcd PCD handle
1556:Drivers/STM32H7xx_HAL_Driver/Src/stm32h7xx_hal_pcd.c ****   * @retval None
1557:Drivers/STM32H7xx_HAL_Driver/Src/stm32h7xx_hal_pcd.c ****   */
1558:Drivers/STM32H7xx_HAL_Driver/Src/stm32h7xx_hal_pcd.c **** __weak void HAL_PCD_SOFCallback(PCD_HandleTypeDef *hpcd)
1559:Drivers/STM32H7xx_HAL_Driver/Src/stm32h7xx_hal_pcd.c **** {
1560:Drivers/STM32H7xx_HAL_Driver/Src/stm32h7xx_hal_pcd.c ****   /* Prevent unused argument(s) compilation warning */
1561:Drivers/STM32H7xx_HAL_Driver/Src/stm32h7xx_hal_pcd.c ****   UNUSED(hpcd);
1562:Drivers/STM32H7xx_HAL_Driver/Src/stm32h7xx_hal_pcd.c **** 
1563:Drivers/STM32H7xx_HAL_Driver/Src/stm32h7xx_hal_pcd.c ****   /* NOTE : This function should not be modified, when the callback is needed,
1564:Drivers/STM32H7xx_HAL_Driver/Src/stm32h7xx_hal_pcd.c ****             the HAL_PCD_SOFCallback could be implemented in the user file
1565:Drivers/STM32H7xx_HAL_Driver/Src/stm32h7xx_hal_pcd.c ****    */
1566:Drivers/STM32H7xx_HAL_Driver/Src/stm32h7xx_hal_pcd.c **** }
1567:Drivers/STM32H7xx_HAL_Driver/Src/stm32h7xx_hal_pcd.c **** 
1568:Drivers/STM32H7xx_HAL_Driver/Src/stm32h7xx_hal_pcd.c **** /**
1569:Drivers/STM32H7xx_HAL_Driver/Src/stm32h7xx_hal_pcd.c ****   * @brief  USB Reset callback.
1570:Drivers/STM32H7xx_HAL_Driver/Src/stm32h7xx_hal_pcd.c ****   * @param  hpcd PCD handle
ARM GAS  C:\Users\Made\AppData\Local\Temp\cch5frMA.s 			page 29


1571:Drivers/STM32H7xx_HAL_Driver/Src/stm32h7xx_hal_pcd.c ****   * @retval None
1572:Drivers/STM32H7xx_HAL_Driver/Src/stm32h7xx_hal_pcd.c ****   */
1573:Drivers/STM32H7xx_HAL_Driver/Src/stm32h7xx_hal_pcd.c **** __weak void HAL_PCD_ResetCallback(PCD_HandleTypeDef *hpcd)
1574:Drivers/STM32H7xx_HAL_Driver/Src/stm32h7xx_hal_pcd.c **** {
1575:Drivers/STM32H7xx_HAL_Driver/Src/stm32h7xx_hal_pcd.c ****   /* Prevent unused argument(s) compilation warning */
1576:Drivers/STM32H7xx_HAL_Driver/Src/stm32h7xx_hal_pcd.c ****   UNUSED(hpcd);
1577:Drivers/STM32H7xx_HAL_Driver/Src/stm32h7xx_hal_pcd.c **** 
1578:Drivers/STM32H7xx_HAL_Driver/Src/stm32h7xx_hal_pcd.c ****   /* NOTE : This function should not be modified, when the callback is needed,
1579:Drivers/STM32H7xx_HAL_Driver/Src/stm32h7xx_hal_pcd.c ****             the HAL_PCD_ResetCallback could be implemented in the user file
1580:Drivers/STM32H7xx_HAL_Driver/Src/stm32h7xx_hal_pcd.c ****    */
1581:Drivers/STM32H7xx_HAL_Driver/Src/stm32h7xx_hal_pcd.c **** }
1582:Drivers/STM32H7xx_HAL_Driver/Src/stm32h7xx_hal_pcd.c **** 
1583:Drivers/STM32H7xx_HAL_Driver/Src/stm32h7xx_hal_pcd.c **** /**
1584:Drivers/STM32H7xx_HAL_Driver/Src/stm32h7xx_hal_pcd.c ****   * @brief  Suspend event callback.
1585:Drivers/STM32H7xx_HAL_Driver/Src/stm32h7xx_hal_pcd.c ****   * @param  hpcd PCD handle
1586:Drivers/STM32H7xx_HAL_Driver/Src/stm32h7xx_hal_pcd.c ****   * @retval None
1587:Drivers/STM32H7xx_HAL_Driver/Src/stm32h7xx_hal_pcd.c ****   */
1588:Drivers/STM32H7xx_HAL_Driver/Src/stm32h7xx_hal_pcd.c **** __weak void HAL_PCD_SuspendCallback(PCD_HandleTypeDef *hpcd)
1589:Drivers/STM32H7xx_HAL_Driver/Src/stm32h7xx_hal_pcd.c **** {
1590:Drivers/STM32H7xx_HAL_Driver/Src/stm32h7xx_hal_pcd.c ****   /* Prevent unused argument(s) compilation warning */
1591:Drivers/STM32H7xx_HAL_Driver/Src/stm32h7xx_hal_pcd.c ****   UNUSED(hpcd);
1592:Drivers/STM32H7xx_HAL_Driver/Src/stm32h7xx_hal_pcd.c **** 
1593:Drivers/STM32H7xx_HAL_Driver/Src/stm32h7xx_hal_pcd.c ****   /* NOTE : This function should not be modified, when the callback is needed,
1594:Drivers/STM32H7xx_HAL_Driver/Src/stm32h7xx_hal_pcd.c ****             the HAL_PCD_SuspendCallback could be implemented in the user file
1595:Drivers/STM32H7xx_HAL_Driver/Src/stm32h7xx_hal_pcd.c ****    */
1596:Drivers/STM32H7xx_HAL_Driver/Src/stm32h7xx_hal_pcd.c **** }
1597:Drivers/STM32H7xx_HAL_Driver/Src/stm32h7xx_hal_pcd.c **** 
1598:Drivers/STM32H7xx_HAL_Driver/Src/stm32h7xx_hal_pcd.c **** /**
1599:Drivers/STM32H7xx_HAL_Driver/Src/stm32h7xx_hal_pcd.c ****   * @brief  Resume event callback.
1600:Drivers/STM32H7xx_HAL_Driver/Src/stm32h7xx_hal_pcd.c ****   * @param  hpcd PCD handle
1601:Drivers/STM32H7xx_HAL_Driver/Src/stm32h7xx_hal_pcd.c ****   * @retval None
1602:Drivers/STM32H7xx_HAL_Driver/Src/stm32h7xx_hal_pcd.c ****   */
1603:Drivers/STM32H7xx_HAL_Driver/Src/stm32h7xx_hal_pcd.c **** __weak void HAL_PCD_ResumeCallback(PCD_HandleTypeDef *hpcd)
1604:Drivers/STM32H7xx_HAL_Driver/Src/stm32h7xx_hal_pcd.c **** {
1605:Drivers/STM32H7xx_HAL_Driver/Src/stm32h7xx_hal_pcd.c ****   /* Prevent unused argument(s) compilation warning */
1606:Drivers/STM32H7xx_HAL_Driver/Src/stm32h7xx_hal_pcd.c ****   UNUSED(hpcd);
1607:Drivers/STM32H7xx_HAL_Driver/Src/stm32h7xx_hal_pcd.c **** 
1608:Drivers/STM32H7xx_HAL_Driver/Src/stm32h7xx_hal_pcd.c ****   /* NOTE : This function should not be modified, when the callback is needed,
1609:Drivers/STM32H7xx_HAL_Driver/Src/stm32h7xx_hal_pcd.c ****             the HAL_PCD_ResumeCallback could be implemented in the user file
1610:Drivers/STM32H7xx_HAL_Driver/Src/stm32h7xx_hal_pcd.c ****    */
1611:Drivers/STM32H7xx_HAL_Driver/Src/stm32h7xx_hal_pcd.c **** }
1612:Drivers/STM32H7xx_HAL_Driver/Src/stm32h7xx_hal_pcd.c **** 
1613:Drivers/STM32H7xx_HAL_Driver/Src/stm32h7xx_hal_pcd.c **** /**
1614:Drivers/STM32H7xx_HAL_Driver/Src/stm32h7xx_hal_pcd.c ****   * @brief  Incomplete ISO OUT callback.
1615:Drivers/STM32H7xx_HAL_Driver/Src/stm32h7xx_hal_pcd.c ****   * @param  hpcd PCD handle
1616:Drivers/STM32H7xx_HAL_Driver/Src/stm32h7xx_hal_pcd.c ****   * @param  epnum endpoint number
1617:Drivers/STM32H7xx_HAL_Driver/Src/stm32h7xx_hal_pcd.c ****   * @retval None
1618:Drivers/STM32H7xx_HAL_Driver/Src/stm32h7xx_hal_pcd.c ****   */
1619:Drivers/STM32H7xx_HAL_Driver/Src/stm32h7xx_hal_pcd.c **** __weak void HAL_PCD_ISOOUTIncompleteCallback(PCD_HandleTypeDef *hpcd, uint8_t epnum)
1620:Drivers/STM32H7xx_HAL_Driver/Src/stm32h7xx_hal_pcd.c **** {
1621:Drivers/STM32H7xx_HAL_Driver/Src/stm32h7xx_hal_pcd.c ****   /* Prevent unused argument(s) compilation warning */
1622:Drivers/STM32H7xx_HAL_Driver/Src/stm32h7xx_hal_pcd.c ****   UNUSED(hpcd);
1623:Drivers/STM32H7xx_HAL_Driver/Src/stm32h7xx_hal_pcd.c ****   UNUSED(epnum);
1624:Drivers/STM32H7xx_HAL_Driver/Src/stm32h7xx_hal_pcd.c **** 
1625:Drivers/STM32H7xx_HAL_Driver/Src/stm32h7xx_hal_pcd.c ****   /* NOTE : This function should not be modified, when the callback is needed,
1626:Drivers/STM32H7xx_HAL_Driver/Src/stm32h7xx_hal_pcd.c ****             the HAL_PCD_ISOOUTIncompleteCallback could be implemented in the user file
1627:Drivers/STM32H7xx_HAL_Driver/Src/stm32h7xx_hal_pcd.c ****    */
ARM GAS  C:\Users\Made\AppData\Local\Temp\cch5frMA.s 			page 30


1628:Drivers/STM32H7xx_HAL_Driver/Src/stm32h7xx_hal_pcd.c **** }
1629:Drivers/STM32H7xx_HAL_Driver/Src/stm32h7xx_hal_pcd.c **** 
1630:Drivers/STM32H7xx_HAL_Driver/Src/stm32h7xx_hal_pcd.c **** /**
1631:Drivers/STM32H7xx_HAL_Driver/Src/stm32h7xx_hal_pcd.c ****   * @brief  Incomplete ISO IN callback.
1632:Drivers/STM32H7xx_HAL_Driver/Src/stm32h7xx_hal_pcd.c ****   * @param  hpcd PCD handle
1633:Drivers/STM32H7xx_HAL_Driver/Src/stm32h7xx_hal_pcd.c ****   * @param  epnum endpoint number
1634:Drivers/STM32H7xx_HAL_Driver/Src/stm32h7xx_hal_pcd.c ****   * @retval None
1635:Drivers/STM32H7xx_HAL_Driver/Src/stm32h7xx_hal_pcd.c ****   */
1636:Drivers/STM32H7xx_HAL_Driver/Src/stm32h7xx_hal_pcd.c **** __weak void HAL_PCD_ISOINIncompleteCallback(PCD_HandleTypeDef *hpcd, uint8_t epnum)
1637:Drivers/STM32H7xx_HAL_Driver/Src/stm32h7xx_hal_pcd.c **** {
1638:Drivers/STM32H7xx_HAL_Driver/Src/stm32h7xx_hal_pcd.c ****   /* Prevent unused argument(s) compilation warning */
1639:Drivers/STM32H7xx_HAL_Driver/Src/stm32h7xx_hal_pcd.c ****   UNUSED(hpcd);
1640:Drivers/STM32H7xx_HAL_Driver/Src/stm32h7xx_hal_pcd.c ****   UNUSED(epnum);
1641:Drivers/STM32H7xx_HAL_Driver/Src/stm32h7xx_hal_pcd.c **** 
1642:Drivers/STM32H7xx_HAL_Driver/Src/stm32h7xx_hal_pcd.c ****   /* NOTE : This function should not be modified, when the callback is needed,
1643:Drivers/STM32H7xx_HAL_Driver/Src/stm32h7xx_hal_pcd.c ****             the HAL_PCD_ISOINIncompleteCallback could be implemented in the user file
1644:Drivers/STM32H7xx_HAL_Driver/Src/stm32h7xx_hal_pcd.c ****    */
1645:Drivers/STM32H7xx_HAL_Driver/Src/stm32h7xx_hal_pcd.c **** }
1646:Drivers/STM32H7xx_HAL_Driver/Src/stm32h7xx_hal_pcd.c **** 
1647:Drivers/STM32H7xx_HAL_Driver/Src/stm32h7xx_hal_pcd.c **** /**
1648:Drivers/STM32H7xx_HAL_Driver/Src/stm32h7xx_hal_pcd.c ****   * @brief  Connection event callback.
1649:Drivers/STM32H7xx_HAL_Driver/Src/stm32h7xx_hal_pcd.c ****   * @param  hpcd PCD handle
1650:Drivers/STM32H7xx_HAL_Driver/Src/stm32h7xx_hal_pcd.c ****   * @retval None
1651:Drivers/STM32H7xx_HAL_Driver/Src/stm32h7xx_hal_pcd.c ****   */
1652:Drivers/STM32H7xx_HAL_Driver/Src/stm32h7xx_hal_pcd.c **** __weak void HAL_PCD_ConnectCallback(PCD_HandleTypeDef *hpcd)
1653:Drivers/STM32H7xx_HAL_Driver/Src/stm32h7xx_hal_pcd.c **** {
1654:Drivers/STM32H7xx_HAL_Driver/Src/stm32h7xx_hal_pcd.c ****   /* Prevent unused argument(s) compilation warning */
1655:Drivers/STM32H7xx_HAL_Driver/Src/stm32h7xx_hal_pcd.c ****   UNUSED(hpcd);
1656:Drivers/STM32H7xx_HAL_Driver/Src/stm32h7xx_hal_pcd.c **** 
1657:Drivers/STM32H7xx_HAL_Driver/Src/stm32h7xx_hal_pcd.c ****   /* NOTE : This function should not be modified, when the callback is needed,
1658:Drivers/STM32H7xx_HAL_Driver/Src/stm32h7xx_hal_pcd.c ****             the HAL_PCD_ConnectCallback could be implemented in the user file
1659:Drivers/STM32H7xx_HAL_Driver/Src/stm32h7xx_hal_pcd.c ****    */
1660:Drivers/STM32H7xx_HAL_Driver/Src/stm32h7xx_hal_pcd.c **** }
1661:Drivers/STM32H7xx_HAL_Driver/Src/stm32h7xx_hal_pcd.c **** 
1662:Drivers/STM32H7xx_HAL_Driver/Src/stm32h7xx_hal_pcd.c **** /**
1663:Drivers/STM32H7xx_HAL_Driver/Src/stm32h7xx_hal_pcd.c ****   * @brief  Disconnection event callback.
1664:Drivers/STM32H7xx_HAL_Driver/Src/stm32h7xx_hal_pcd.c ****   * @param  hpcd PCD handle
1665:Drivers/STM32H7xx_HAL_Driver/Src/stm32h7xx_hal_pcd.c ****   * @retval None
1666:Drivers/STM32H7xx_HAL_Driver/Src/stm32h7xx_hal_pcd.c ****   */
1667:Drivers/STM32H7xx_HAL_Driver/Src/stm32h7xx_hal_pcd.c **** __weak void HAL_PCD_DisconnectCallback(PCD_HandleTypeDef *hpcd)
1668:Drivers/STM32H7xx_HAL_Driver/Src/stm32h7xx_hal_pcd.c **** {
1669:Drivers/STM32H7xx_HAL_Driver/Src/stm32h7xx_hal_pcd.c ****   /* Prevent unused argument(s) compilation warning */
1670:Drivers/STM32H7xx_HAL_Driver/Src/stm32h7xx_hal_pcd.c ****   UNUSED(hpcd);
1671:Drivers/STM32H7xx_HAL_Driver/Src/stm32h7xx_hal_pcd.c **** 
1672:Drivers/STM32H7xx_HAL_Driver/Src/stm32h7xx_hal_pcd.c ****   /* NOTE : This function should not be modified, when the callback is needed,
1673:Drivers/STM32H7xx_HAL_Driver/Src/stm32h7xx_hal_pcd.c ****             the HAL_PCD_DisconnectCallback could be implemented in the user file
1674:Drivers/STM32H7xx_HAL_Driver/Src/stm32h7xx_hal_pcd.c ****    */
1675:Drivers/STM32H7xx_HAL_Driver/Src/stm32h7xx_hal_pcd.c **** }
1676:Drivers/STM32H7xx_HAL_Driver/Src/stm32h7xx_hal_pcd.c **** 
1677:Drivers/STM32H7xx_HAL_Driver/Src/stm32h7xx_hal_pcd.c **** /**
1678:Drivers/STM32H7xx_HAL_Driver/Src/stm32h7xx_hal_pcd.c ****   * @}
1679:Drivers/STM32H7xx_HAL_Driver/Src/stm32h7xx_hal_pcd.c ****   */
1680:Drivers/STM32H7xx_HAL_Driver/Src/stm32h7xx_hal_pcd.c **** 
1681:Drivers/STM32H7xx_HAL_Driver/Src/stm32h7xx_hal_pcd.c **** /** @defgroup PCD_Exported_Functions_Group3 Peripheral Control functions
1682:Drivers/STM32H7xx_HAL_Driver/Src/stm32h7xx_hal_pcd.c ****   *  @brief   management functions
1683:Drivers/STM32H7xx_HAL_Driver/Src/stm32h7xx_hal_pcd.c ****   *
1684:Drivers/STM32H7xx_HAL_Driver/Src/stm32h7xx_hal_pcd.c **** @verbatim
ARM GAS  C:\Users\Made\AppData\Local\Temp\cch5frMA.s 			page 31


1685:Drivers/STM32H7xx_HAL_Driver/Src/stm32h7xx_hal_pcd.c ****  ===============================================================================
1686:Drivers/STM32H7xx_HAL_Driver/Src/stm32h7xx_hal_pcd.c ****                       ##### Peripheral Control functions #####
1687:Drivers/STM32H7xx_HAL_Driver/Src/stm32h7xx_hal_pcd.c ****  ===============================================================================
1688:Drivers/STM32H7xx_HAL_Driver/Src/stm32h7xx_hal_pcd.c ****     [..]
1689:Drivers/STM32H7xx_HAL_Driver/Src/stm32h7xx_hal_pcd.c ****     This subsection provides a set of functions allowing to control the PCD data
1690:Drivers/STM32H7xx_HAL_Driver/Src/stm32h7xx_hal_pcd.c ****     transfers.
1691:Drivers/STM32H7xx_HAL_Driver/Src/stm32h7xx_hal_pcd.c **** 
1692:Drivers/STM32H7xx_HAL_Driver/Src/stm32h7xx_hal_pcd.c **** @endverbatim
1693:Drivers/STM32H7xx_HAL_Driver/Src/stm32h7xx_hal_pcd.c ****   * @{
1694:Drivers/STM32H7xx_HAL_Driver/Src/stm32h7xx_hal_pcd.c ****   */
1695:Drivers/STM32H7xx_HAL_Driver/Src/stm32h7xx_hal_pcd.c **** 
1696:Drivers/STM32H7xx_HAL_Driver/Src/stm32h7xx_hal_pcd.c **** /**
1697:Drivers/STM32H7xx_HAL_Driver/Src/stm32h7xx_hal_pcd.c ****   * @brief  Connect the USB device
1698:Drivers/STM32H7xx_HAL_Driver/Src/stm32h7xx_hal_pcd.c ****   * @param  hpcd PCD handle
1699:Drivers/STM32H7xx_HAL_Driver/Src/stm32h7xx_hal_pcd.c ****   * @retval HAL status
1700:Drivers/STM32H7xx_HAL_Driver/Src/stm32h7xx_hal_pcd.c ****   */
1701:Drivers/STM32H7xx_HAL_Driver/Src/stm32h7xx_hal_pcd.c **** HAL_StatusTypeDef HAL_PCD_DevConnect(PCD_HandleTypeDef *hpcd)
1702:Drivers/STM32H7xx_HAL_Driver/Src/stm32h7xx_hal_pcd.c **** {
1703:Drivers/STM32H7xx_HAL_Driver/Src/stm32h7xx_hal_pcd.c ****   USB_OTG_GlobalTypeDef *USBx = hpcd->Instance;
1704:Drivers/STM32H7xx_HAL_Driver/Src/stm32h7xx_hal_pcd.c **** 
1705:Drivers/STM32H7xx_HAL_Driver/Src/stm32h7xx_hal_pcd.c ****   __HAL_LOCK(hpcd);
1706:Drivers/STM32H7xx_HAL_Driver/Src/stm32h7xx_hal_pcd.c **** 
1707:Drivers/STM32H7xx_HAL_Driver/Src/stm32h7xx_hal_pcd.c ****   if (((USBx->GUSBCFG & USB_OTG_GUSBCFG_PHYSEL) != 0U) &&
1708:Drivers/STM32H7xx_HAL_Driver/Src/stm32h7xx_hal_pcd.c ****       (hpcd->Init.battery_charging_enable == 1U))
1709:Drivers/STM32H7xx_HAL_Driver/Src/stm32h7xx_hal_pcd.c ****   {
1710:Drivers/STM32H7xx_HAL_Driver/Src/stm32h7xx_hal_pcd.c ****     /* Enable USB Transceiver */
1711:Drivers/STM32H7xx_HAL_Driver/Src/stm32h7xx_hal_pcd.c ****     USBx->GCCFG |= USB_OTG_GCCFG_PWRDWN;
1712:Drivers/STM32H7xx_HAL_Driver/Src/stm32h7xx_hal_pcd.c ****   }
1713:Drivers/STM32H7xx_HAL_Driver/Src/stm32h7xx_hal_pcd.c ****   (void)USB_DevConnect(hpcd->Instance);
1714:Drivers/STM32H7xx_HAL_Driver/Src/stm32h7xx_hal_pcd.c ****   __HAL_UNLOCK(hpcd);
1715:Drivers/STM32H7xx_HAL_Driver/Src/stm32h7xx_hal_pcd.c **** 
1716:Drivers/STM32H7xx_HAL_Driver/Src/stm32h7xx_hal_pcd.c ****   return HAL_OK;
1717:Drivers/STM32H7xx_HAL_Driver/Src/stm32h7xx_hal_pcd.c **** }
1718:Drivers/STM32H7xx_HAL_Driver/Src/stm32h7xx_hal_pcd.c **** 
1719:Drivers/STM32H7xx_HAL_Driver/Src/stm32h7xx_hal_pcd.c **** /**
1720:Drivers/STM32H7xx_HAL_Driver/Src/stm32h7xx_hal_pcd.c ****   * @brief  Disconnect the USB device.
1721:Drivers/STM32H7xx_HAL_Driver/Src/stm32h7xx_hal_pcd.c ****   * @param  hpcd PCD handle
1722:Drivers/STM32H7xx_HAL_Driver/Src/stm32h7xx_hal_pcd.c ****   * @retval HAL status
1723:Drivers/STM32H7xx_HAL_Driver/Src/stm32h7xx_hal_pcd.c ****   */
1724:Drivers/STM32H7xx_HAL_Driver/Src/stm32h7xx_hal_pcd.c **** HAL_StatusTypeDef HAL_PCD_DevDisconnect(PCD_HandleTypeDef *hpcd)
1725:Drivers/STM32H7xx_HAL_Driver/Src/stm32h7xx_hal_pcd.c **** {
1726:Drivers/STM32H7xx_HAL_Driver/Src/stm32h7xx_hal_pcd.c ****   USB_OTG_GlobalTypeDef *USBx = hpcd->Instance;
1727:Drivers/STM32H7xx_HAL_Driver/Src/stm32h7xx_hal_pcd.c **** 
1728:Drivers/STM32H7xx_HAL_Driver/Src/stm32h7xx_hal_pcd.c ****   __HAL_LOCK(hpcd);
1729:Drivers/STM32H7xx_HAL_Driver/Src/stm32h7xx_hal_pcd.c ****   (void)USB_DevDisconnect(hpcd->Instance);
1730:Drivers/STM32H7xx_HAL_Driver/Src/stm32h7xx_hal_pcd.c **** 
1731:Drivers/STM32H7xx_HAL_Driver/Src/stm32h7xx_hal_pcd.c ****   if (((USBx->GUSBCFG & USB_OTG_GUSBCFG_PHYSEL) != 0U) &&
1732:Drivers/STM32H7xx_HAL_Driver/Src/stm32h7xx_hal_pcd.c ****       (hpcd->Init.battery_charging_enable == 1U))
1733:Drivers/STM32H7xx_HAL_Driver/Src/stm32h7xx_hal_pcd.c ****   {
1734:Drivers/STM32H7xx_HAL_Driver/Src/stm32h7xx_hal_pcd.c ****     /* Disable USB Transceiver */
1735:Drivers/STM32H7xx_HAL_Driver/Src/stm32h7xx_hal_pcd.c ****     USBx->GCCFG &= ~(USB_OTG_GCCFG_PWRDWN);
1736:Drivers/STM32H7xx_HAL_Driver/Src/stm32h7xx_hal_pcd.c ****   }
1737:Drivers/STM32H7xx_HAL_Driver/Src/stm32h7xx_hal_pcd.c **** 
1738:Drivers/STM32H7xx_HAL_Driver/Src/stm32h7xx_hal_pcd.c ****   __HAL_UNLOCK(hpcd);
1739:Drivers/STM32H7xx_HAL_Driver/Src/stm32h7xx_hal_pcd.c **** 
1740:Drivers/STM32H7xx_HAL_Driver/Src/stm32h7xx_hal_pcd.c ****   return HAL_OK;
1741:Drivers/STM32H7xx_HAL_Driver/Src/stm32h7xx_hal_pcd.c **** }
ARM GAS  C:\Users\Made\AppData\Local\Temp\cch5frMA.s 			page 32


1742:Drivers/STM32H7xx_HAL_Driver/Src/stm32h7xx_hal_pcd.c **** 
1743:Drivers/STM32H7xx_HAL_Driver/Src/stm32h7xx_hal_pcd.c **** /**
1744:Drivers/STM32H7xx_HAL_Driver/Src/stm32h7xx_hal_pcd.c ****   * @brief  Set the USB Device address.
1745:Drivers/STM32H7xx_HAL_Driver/Src/stm32h7xx_hal_pcd.c ****   * @param  hpcd PCD handle
1746:Drivers/STM32H7xx_HAL_Driver/Src/stm32h7xx_hal_pcd.c ****   * @param  address new device address
1747:Drivers/STM32H7xx_HAL_Driver/Src/stm32h7xx_hal_pcd.c ****   * @retval HAL status
1748:Drivers/STM32H7xx_HAL_Driver/Src/stm32h7xx_hal_pcd.c ****   */
1749:Drivers/STM32H7xx_HAL_Driver/Src/stm32h7xx_hal_pcd.c **** HAL_StatusTypeDef HAL_PCD_SetAddress(PCD_HandleTypeDef *hpcd, uint8_t address)
1750:Drivers/STM32H7xx_HAL_Driver/Src/stm32h7xx_hal_pcd.c **** {
1751:Drivers/STM32H7xx_HAL_Driver/Src/stm32h7xx_hal_pcd.c ****   __HAL_LOCK(hpcd);
1752:Drivers/STM32H7xx_HAL_Driver/Src/stm32h7xx_hal_pcd.c ****   hpcd->USB_Address = address;
1753:Drivers/STM32H7xx_HAL_Driver/Src/stm32h7xx_hal_pcd.c ****   (void)USB_SetDevAddress(hpcd->Instance, address);
1754:Drivers/STM32H7xx_HAL_Driver/Src/stm32h7xx_hal_pcd.c ****   __HAL_UNLOCK(hpcd);
1755:Drivers/STM32H7xx_HAL_Driver/Src/stm32h7xx_hal_pcd.c **** 
1756:Drivers/STM32H7xx_HAL_Driver/Src/stm32h7xx_hal_pcd.c ****   return HAL_OK;
1757:Drivers/STM32H7xx_HAL_Driver/Src/stm32h7xx_hal_pcd.c **** }
1758:Drivers/STM32H7xx_HAL_Driver/Src/stm32h7xx_hal_pcd.c **** /**
1759:Drivers/STM32H7xx_HAL_Driver/Src/stm32h7xx_hal_pcd.c ****   * @brief  Open and configure an endpoint.
1760:Drivers/STM32H7xx_HAL_Driver/Src/stm32h7xx_hal_pcd.c ****   * @param  hpcd PCD handle
1761:Drivers/STM32H7xx_HAL_Driver/Src/stm32h7xx_hal_pcd.c ****   * @param  ep_addr endpoint address
1762:Drivers/STM32H7xx_HAL_Driver/Src/stm32h7xx_hal_pcd.c ****   * @param  ep_mps endpoint max packet size
1763:Drivers/STM32H7xx_HAL_Driver/Src/stm32h7xx_hal_pcd.c ****   * @param  ep_type endpoint type
1764:Drivers/STM32H7xx_HAL_Driver/Src/stm32h7xx_hal_pcd.c ****   * @retval HAL status
1765:Drivers/STM32H7xx_HAL_Driver/Src/stm32h7xx_hal_pcd.c ****   */
1766:Drivers/STM32H7xx_HAL_Driver/Src/stm32h7xx_hal_pcd.c **** HAL_StatusTypeDef HAL_PCD_EP_Open(PCD_HandleTypeDef *hpcd, uint8_t ep_addr,
1767:Drivers/STM32H7xx_HAL_Driver/Src/stm32h7xx_hal_pcd.c ****                                   uint16_t ep_mps, uint8_t ep_type)
1768:Drivers/STM32H7xx_HAL_Driver/Src/stm32h7xx_hal_pcd.c **** {
1769:Drivers/STM32H7xx_HAL_Driver/Src/stm32h7xx_hal_pcd.c ****   HAL_StatusTypeDef ret = HAL_OK;
1770:Drivers/STM32H7xx_HAL_Driver/Src/stm32h7xx_hal_pcd.c ****   PCD_EPTypeDef *ep;
1771:Drivers/STM32H7xx_HAL_Driver/Src/stm32h7xx_hal_pcd.c **** 
1772:Drivers/STM32H7xx_HAL_Driver/Src/stm32h7xx_hal_pcd.c ****   if ((ep_addr & 0x80U) == 0x80U)
1773:Drivers/STM32H7xx_HAL_Driver/Src/stm32h7xx_hal_pcd.c ****   {
1774:Drivers/STM32H7xx_HAL_Driver/Src/stm32h7xx_hal_pcd.c ****     ep = &hpcd->IN_ep[ep_addr & EP_ADDR_MSK];
1775:Drivers/STM32H7xx_HAL_Driver/Src/stm32h7xx_hal_pcd.c ****     ep->is_in = 1U;
1776:Drivers/STM32H7xx_HAL_Driver/Src/stm32h7xx_hal_pcd.c ****   }
1777:Drivers/STM32H7xx_HAL_Driver/Src/stm32h7xx_hal_pcd.c ****   else
1778:Drivers/STM32H7xx_HAL_Driver/Src/stm32h7xx_hal_pcd.c ****   {
1779:Drivers/STM32H7xx_HAL_Driver/Src/stm32h7xx_hal_pcd.c ****     ep = &hpcd->OUT_ep[ep_addr & EP_ADDR_MSK];
1780:Drivers/STM32H7xx_HAL_Driver/Src/stm32h7xx_hal_pcd.c ****     ep->is_in = 0U;
1781:Drivers/STM32H7xx_HAL_Driver/Src/stm32h7xx_hal_pcd.c ****   }
1782:Drivers/STM32H7xx_HAL_Driver/Src/stm32h7xx_hal_pcd.c **** 
1783:Drivers/STM32H7xx_HAL_Driver/Src/stm32h7xx_hal_pcd.c ****   ep->num = ep_addr & EP_ADDR_MSK;
1784:Drivers/STM32H7xx_HAL_Driver/Src/stm32h7xx_hal_pcd.c ****   ep->maxpacket = (uint32_t)ep_mps & 0x7FFU;
1785:Drivers/STM32H7xx_HAL_Driver/Src/stm32h7xx_hal_pcd.c ****   ep->type = ep_type;
1786:Drivers/STM32H7xx_HAL_Driver/Src/stm32h7xx_hal_pcd.c **** 
1787:Drivers/STM32H7xx_HAL_Driver/Src/stm32h7xx_hal_pcd.c ****   if (ep->is_in != 0U)
1788:Drivers/STM32H7xx_HAL_Driver/Src/stm32h7xx_hal_pcd.c ****   {
1789:Drivers/STM32H7xx_HAL_Driver/Src/stm32h7xx_hal_pcd.c ****     /* Assign a Tx FIFO */
1790:Drivers/STM32H7xx_HAL_Driver/Src/stm32h7xx_hal_pcd.c ****     ep->tx_fifo_num = ep->num;
1791:Drivers/STM32H7xx_HAL_Driver/Src/stm32h7xx_hal_pcd.c ****   }
1792:Drivers/STM32H7xx_HAL_Driver/Src/stm32h7xx_hal_pcd.c **** 
1793:Drivers/STM32H7xx_HAL_Driver/Src/stm32h7xx_hal_pcd.c ****   /* Set initial data PID. */
1794:Drivers/STM32H7xx_HAL_Driver/Src/stm32h7xx_hal_pcd.c ****   if (ep_type == EP_TYPE_BULK)
1795:Drivers/STM32H7xx_HAL_Driver/Src/stm32h7xx_hal_pcd.c ****   {
1796:Drivers/STM32H7xx_HAL_Driver/Src/stm32h7xx_hal_pcd.c ****     ep->data_pid_start = 0U;
1797:Drivers/STM32H7xx_HAL_Driver/Src/stm32h7xx_hal_pcd.c ****   }
1798:Drivers/STM32H7xx_HAL_Driver/Src/stm32h7xx_hal_pcd.c **** 
ARM GAS  C:\Users\Made\AppData\Local\Temp\cch5frMA.s 			page 33


1799:Drivers/STM32H7xx_HAL_Driver/Src/stm32h7xx_hal_pcd.c ****   __HAL_LOCK(hpcd);
1800:Drivers/STM32H7xx_HAL_Driver/Src/stm32h7xx_hal_pcd.c ****   (void)USB_ActivateEndpoint(hpcd->Instance, ep);
1801:Drivers/STM32H7xx_HAL_Driver/Src/stm32h7xx_hal_pcd.c ****   __HAL_UNLOCK(hpcd);
1802:Drivers/STM32H7xx_HAL_Driver/Src/stm32h7xx_hal_pcd.c **** 
1803:Drivers/STM32H7xx_HAL_Driver/Src/stm32h7xx_hal_pcd.c ****   return ret;
1804:Drivers/STM32H7xx_HAL_Driver/Src/stm32h7xx_hal_pcd.c **** }
1805:Drivers/STM32H7xx_HAL_Driver/Src/stm32h7xx_hal_pcd.c **** 
1806:Drivers/STM32H7xx_HAL_Driver/Src/stm32h7xx_hal_pcd.c **** /**
1807:Drivers/STM32H7xx_HAL_Driver/Src/stm32h7xx_hal_pcd.c ****   * @brief  Deactivate an endpoint.
1808:Drivers/STM32H7xx_HAL_Driver/Src/stm32h7xx_hal_pcd.c ****   * @param  hpcd PCD handle
1809:Drivers/STM32H7xx_HAL_Driver/Src/stm32h7xx_hal_pcd.c ****   * @param  ep_addr endpoint address
1810:Drivers/STM32H7xx_HAL_Driver/Src/stm32h7xx_hal_pcd.c ****   * @retval HAL status
1811:Drivers/STM32H7xx_HAL_Driver/Src/stm32h7xx_hal_pcd.c ****   */
1812:Drivers/STM32H7xx_HAL_Driver/Src/stm32h7xx_hal_pcd.c **** HAL_StatusTypeDef HAL_PCD_EP_Close(PCD_HandleTypeDef *hpcd, uint8_t ep_addr)
1813:Drivers/STM32H7xx_HAL_Driver/Src/stm32h7xx_hal_pcd.c **** {
1814:Drivers/STM32H7xx_HAL_Driver/Src/stm32h7xx_hal_pcd.c ****   PCD_EPTypeDef *ep;
1815:Drivers/STM32H7xx_HAL_Driver/Src/stm32h7xx_hal_pcd.c **** 
1816:Drivers/STM32H7xx_HAL_Driver/Src/stm32h7xx_hal_pcd.c ****   if ((ep_addr & 0x80U) == 0x80U)
1817:Drivers/STM32H7xx_HAL_Driver/Src/stm32h7xx_hal_pcd.c ****   {
1818:Drivers/STM32H7xx_HAL_Driver/Src/stm32h7xx_hal_pcd.c ****     ep = &hpcd->IN_ep[ep_addr & EP_ADDR_MSK];
1819:Drivers/STM32H7xx_HAL_Driver/Src/stm32h7xx_hal_pcd.c ****     ep->is_in = 1U;
1820:Drivers/STM32H7xx_HAL_Driver/Src/stm32h7xx_hal_pcd.c ****   }
1821:Drivers/STM32H7xx_HAL_Driver/Src/stm32h7xx_hal_pcd.c ****   else
1822:Drivers/STM32H7xx_HAL_Driver/Src/stm32h7xx_hal_pcd.c ****   {
1823:Drivers/STM32H7xx_HAL_Driver/Src/stm32h7xx_hal_pcd.c ****     ep = &hpcd->OUT_ep[ep_addr & EP_ADDR_MSK];
1824:Drivers/STM32H7xx_HAL_Driver/Src/stm32h7xx_hal_pcd.c ****     ep->is_in = 0U;
1825:Drivers/STM32H7xx_HAL_Driver/Src/stm32h7xx_hal_pcd.c ****   }
1826:Drivers/STM32H7xx_HAL_Driver/Src/stm32h7xx_hal_pcd.c ****   ep->num = ep_addr & EP_ADDR_MSK;
1827:Drivers/STM32H7xx_HAL_Driver/Src/stm32h7xx_hal_pcd.c **** 
1828:Drivers/STM32H7xx_HAL_Driver/Src/stm32h7xx_hal_pcd.c ****   __HAL_LOCK(hpcd);
1829:Drivers/STM32H7xx_HAL_Driver/Src/stm32h7xx_hal_pcd.c ****   (void)USB_DeactivateEndpoint(hpcd->Instance, ep);
1830:Drivers/STM32H7xx_HAL_Driver/Src/stm32h7xx_hal_pcd.c ****   __HAL_UNLOCK(hpcd);
1831:Drivers/STM32H7xx_HAL_Driver/Src/stm32h7xx_hal_pcd.c ****   return HAL_OK;
1832:Drivers/STM32H7xx_HAL_Driver/Src/stm32h7xx_hal_pcd.c **** }
1833:Drivers/STM32H7xx_HAL_Driver/Src/stm32h7xx_hal_pcd.c **** 
1834:Drivers/STM32H7xx_HAL_Driver/Src/stm32h7xx_hal_pcd.c **** 
1835:Drivers/STM32H7xx_HAL_Driver/Src/stm32h7xx_hal_pcd.c **** /**
1836:Drivers/STM32H7xx_HAL_Driver/Src/stm32h7xx_hal_pcd.c ****   * @brief  Receive an amount of data.
1837:Drivers/STM32H7xx_HAL_Driver/Src/stm32h7xx_hal_pcd.c ****   * @param  hpcd PCD handle
1838:Drivers/STM32H7xx_HAL_Driver/Src/stm32h7xx_hal_pcd.c ****   * @param  ep_addr endpoint address
1839:Drivers/STM32H7xx_HAL_Driver/Src/stm32h7xx_hal_pcd.c ****   * @param  pBuf pointer to the reception buffer
1840:Drivers/STM32H7xx_HAL_Driver/Src/stm32h7xx_hal_pcd.c ****   * @param  len amount of data to be received
1841:Drivers/STM32H7xx_HAL_Driver/Src/stm32h7xx_hal_pcd.c ****   * @retval HAL status
1842:Drivers/STM32H7xx_HAL_Driver/Src/stm32h7xx_hal_pcd.c ****   */
1843:Drivers/STM32H7xx_HAL_Driver/Src/stm32h7xx_hal_pcd.c **** HAL_StatusTypeDef HAL_PCD_EP_Receive(PCD_HandleTypeDef *hpcd, uint8_t ep_addr, uint8_t *pBuf, uint3
1844:Drivers/STM32H7xx_HAL_Driver/Src/stm32h7xx_hal_pcd.c **** {
1845:Drivers/STM32H7xx_HAL_Driver/Src/stm32h7xx_hal_pcd.c ****   PCD_EPTypeDef *ep;
1846:Drivers/STM32H7xx_HAL_Driver/Src/stm32h7xx_hal_pcd.c **** 
1847:Drivers/STM32H7xx_HAL_Driver/Src/stm32h7xx_hal_pcd.c ****   ep = &hpcd->OUT_ep[ep_addr & EP_ADDR_MSK];
1848:Drivers/STM32H7xx_HAL_Driver/Src/stm32h7xx_hal_pcd.c **** 
1849:Drivers/STM32H7xx_HAL_Driver/Src/stm32h7xx_hal_pcd.c ****   /*setup and start the Xfer */
1850:Drivers/STM32H7xx_HAL_Driver/Src/stm32h7xx_hal_pcd.c ****   ep->xfer_buff = pBuf;
1851:Drivers/STM32H7xx_HAL_Driver/Src/stm32h7xx_hal_pcd.c ****   ep->xfer_len = len;
1852:Drivers/STM32H7xx_HAL_Driver/Src/stm32h7xx_hal_pcd.c ****   ep->xfer_count = 0U;
1853:Drivers/STM32H7xx_HAL_Driver/Src/stm32h7xx_hal_pcd.c ****   ep->is_in = 0U;
1854:Drivers/STM32H7xx_HAL_Driver/Src/stm32h7xx_hal_pcd.c ****   ep->num = ep_addr & EP_ADDR_MSK;
1855:Drivers/STM32H7xx_HAL_Driver/Src/stm32h7xx_hal_pcd.c **** 
ARM GAS  C:\Users\Made\AppData\Local\Temp\cch5frMA.s 			page 34


1856:Drivers/STM32H7xx_HAL_Driver/Src/stm32h7xx_hal_pcd.c ****   if (hpcd->Init.dma_enable == 1U)
1857:Drivers/STM32H7xx_HAL_Driver/Src/stm32h7xx_hal_pcd.c ****   {
1858:Drivers/STM32H7xx_HAL_Driver/Src/stm32h7xx_hal_pcd.c ****     ep->dma_addr = (uint32_t)pBuf;
1859:Drivers/STM32H7xx_HAL_Driver/Src/stm32h7xx_hal_pcd.c ****   }
1860:Drivers/STM32H7xx_HAL_Driver/Src/stm32h7xx_hal_pcd.c **** 
1861:Drivers/STM32H7xx_HAL_Driver/Src/stm32h7xx_hal_pcd.c ****   (void)USB_EPStartXfer(hpcd->Instance, ep, (uint8_t)hpcd->Init.dma_enable);
1862:Drivers/STM32H7xx_HAL_Driver/Src/stm32h7xx_hal_pcd.c **** 
1863:Drivers/STM32H7xx_HAL_Driver/Src/stm32h7xx_hal_pcd.c ****   return HAL_OK;
1864:Drivers/STM32H7xx_HAL_Driver/Src/stm32h7xx_hal_pcd.c **** }
1865:Drivers/STM32H7xx_HAL_Driver/Src/stm32h7xx_hal_pcd.c **** 
1866:Drivers/STM32H7xx_HAL_Driver/Src/stm32h7xx_hal_pcd.c **** /**
1867:Drivers/STM32H7xx_HAL_Driver/Src/stm32h7xx_hal_pcd.c ****   * @brief  Get Received Data Size
1868:Drivers/STM32H7xx_HAL_Driver/Src/stm32h7xx_hal_pcd.c ****   * @param  hpcd PCD handle
1869:Drivers/STM32H7xx_HAL_Driver/Src/stm32h7xx_hal_pcd.c ****   * @param  ep_addr endpoint address
1870:Drivers/STM32H7xx_HAL_Driver/Src/stm32h7xx_hal_pcd.c ****   * @retval Data Size
1871:Drivers/STM32H7xx_HAL_Driver/Src/stm32h7xx_hal_pcd.c ****   */
1872:Drivers/STM32H7xx_HAL_Driver/Src/stm32h7xx_hal_pcd.c **** uint32_t HAL_PCD_EP_GetRxCount(PCD_HandleTypeDef const *hpcd, uint8_t ep_addr)
1873:Drivers/STM32H7xx_HAL_Driver/Src/stm32h7xx_hal_pcd.c **** {
1874:Drivers/STM32H7xx_HAL_Driver/Src/stm32h7xx_hal_pcd.c ****   return hpcd->OUT_ep[ep_addr & EP_ADDR_MSK].xfer_count;
1875:Drivers/STM32H7xx_HAL_Driver/Src/stm32h7xx_hal_pcd.c **** }
1876:Drivers/STM32H7xx_HAL_Driver/Src/stm32h7xx_hal_pcd.c **** /**
1877:Drivers/STM32H7xx_HAL_Driver/Src/stm32h7xx_hal_pcd.c ****   * @brief  Send an amount of data
1878:Drivers/STM32H7xx_HAL_Driver/Src/stm32h7xx_hal_pcd.c ****   * @param  hpcd PCD handle
1879:Drivers/STM32H7xx_HAL_Driver/Src/stm32h7xx_hal_pcd.c ****   * @param  ep_addr endpoint address
1880:Drivers/STM32H7xx_HAL_Driver/Src/stm32h7xx_hal_pcd.c ****   * @param  pBuf pointer to the transmission buffer
1881:Drivers/STM32H7xx_HAL_Driver/Src/stm32h7xx_hal_pcd.c ****   * @param  len amount of data to be sent
1882:Drivers/STM32H7xx_HAL_Driver/Src/stm32h7xx_hal_pcd.c ****   * @retval HAL status
1883:Drivers/STM32H7xx_HAL_Driver/Src/stm32h7xx_hal_pcd.c ****   */
1884:Drivers/STM32H7xx_HAL_Driver/Src/stm32h7xx_hal_pcd.c **** HAL_StatusTypeDef HAL_PCD_EP_Transmit(PCD_HandleTypeDef *hpcd, uint8_t ep_addr, uint8_t *pBuf, uint
1885:Drivers/STM32H7xx_HAL_Driver/Src/stm32h7xx_hal_pcd.c **** {
1886:Drivers/STM32H7xx_HAL_Driver/Src/stm32h7xx_hal_pcd.c ****   PCD_EPTypeDef *ep;
1887:Drivers/STM32H7xx_HAL_Driver/Src/stm32h7xx_hal_pcd.c **** 
1888:Drivers/STM32H7xx_HAL_Driver/Src/stm32h7xx_hal_pcd.c ****   ep = &hpcd->IN_ep[ep_addr & EP_ADDR_MSK];
1889:Drivers/STM32H7xx_HAL_Driver/Src/stm32h7xx_hal_pcd.c **** 
1890:Drivers/STM32H7xx_HAL_Driver/Src/stm32h7xx_hal_pcd.c ****   /*setup and start the Xfer */
1891:Drivers/STM32H7xx_HAL_Driver/Src/stm32h7xx_hal_pcd.c ****   ep->xfer_buff = pBuf;
1892:Drivers/STM32H7xx_HAL_Driver/Src/stm32h7xx_hal_pcd.c ****   ep->xfer_len = len;
1893:Drivers/STM32H7xx_HAL_Driver/Src/stm32h7xx_hal_pcd.c ****   ep->xfer_count = 0U;
1894:Drivers/STM32H7xx_HAL_Driver/Src/stm32h7xx_hal_pcd.c ****   ep->is_in = 1U;
1895:Drivers/STM32H7xx_HAL_Driver/Src/stm32h7xx_hal_pcd.c ****   ep->num = ep_addr & EP_ADDR_MSK;
1896:Drivers/STM32H7xx_HAL_Driver/Src/stm32h7xx_hal_pcd.c **** 
1897:Drivers/STM32H7xx_HAL_Driver/Src/stm32h7xx_hal_pcd.c ****   if (hpcd->Init.dma_enable == 1U)
1898:Drivers/STM32H7xx_HAL_Driver/Src/stm32h7xx_hal_pcd.c ****   {
1899:Drivers/STM32H7xx_HAL_Driver/Src/stm32h7xx_hal_pcd.c ****     ep->dma_addr = (uint32_t)pBuf;
1900:Drivers/STM32H7xx_HAL_Driver/Src/stm32h7xx_hal_pcd.c ****   }
1901:Drivers/STM32H7xx_HAL_Driver/Src/stm32h7xx_hal_pcd.c **** 
1902:Drivers/STM32H7xx_HAL_Driver/Src/stm32h7xx_hal_pcd.c ****   (void)USB_EPStartXfer(hpcd->Instance, ep, (uint8_t)hpcd->Init.dma_enable);
1903:Drivers/STM32H7xx_HAL_Driver/Src/stm32h7xx_hal_pcd.c **** 
1904:Drivers/STM32H7xx_HAL_Driver/Src/stm32h7xx_hal_pcd.c ****   return HAL_OK;
1905:Drivers/STM32H7xx_HAL_Driver/Src/stm32h7xx_hal_pcd.c **** }
1906:Drivers/STM32H7xx_HAL_Driver/Src/stm32h7xx_hal_pcd.c **** 
1907:Drivers/STM32H7xx_HAL_Driver/Src/stm32h7xx_hal_pcd.c **** /**
1908:Drivers/STM32H7xx_HAL_Driver/Src/stm32h7xx_hal_pcd.c ****   * @brief  Set a STALL condition over an endpoint
1909:Drivers/STM32H7xx_HAL_Driver/Src/stm32h7xx_hal_pcd.c ****   * @param  hpcd PCD handle
1910:Drivers/STM32H7xx_HAL_Driver/Src/stm32h7xx_hal_pcd.c ****   * @param  ep_addr endpoint address
1911:Drivers/STM32H7xx_HAL_Driver/Src/stm32h7xx_hal_pcd.c ****   * @retval HAL status
1912:Drivers/STM32H7xx_HAL_Driver/Src/stm32h7xx_hal_pcd.c ****   */
ARM GAS  C:\Users\Made\AppData\Local\Temp\cch5frMA.s 			page 35


1913:Drivers/STM32H7xx_HAL_Driver/Src/stm32h7xx_hal_pcd.c **** HAL_StatusTypeDef HAL_PCD_EP_SetStall(PCD_HandleTypeDef *hpcd, uint8_t ep_addr)
1914:Drivers/STM32H7xx_HAL_Driver/Src/stm32h7xx_hal_pcd.c **** {
1915:Drivers/STM32H7xx_HAL_Driver/Src/stm32h7xx_hal_pcd.c ****   PCD_EPTypeDef *ep;
1916:Drivers/STM32H7xx_HAL_Driver/Src/stm32h7xx_hal_pcd.c **** 
1917:Drivers/STM32H7xx_HAL_Driver/Src/stm32h7xx_hal_pcd.c ****   if (((uint32_t)ep_addr & EP_ADDR_MSK) > hpcd->Init.dev_endpoints)
1918:Drivers/STM32H7xx_HAL_Driver/Src/stm32h7xx_hal_pcd.c ****   {
1919:Drivers/STM32H7xx_HAL_Driver/Src/stm32h7xx_hal_pcd.c ****     return HAL_ERROR;
1920:Drivers/STM32H7xx_HAL_Driver/Src/stm32h7xx_hal_pcd.c ****   }
1921:Drivers/STM32H7xx_HAL_Driver/Src/stm32h7xx_hal_pcd.c **** 
1922:Drivers/STM32H7xx_HAL_Driver/Src/stm32h7xx_hal_pcd.c ****   if ((0x80U & ep_addr) == 0x80U)
1923:Drivers/STM32H7xx_HAL_Driver/Src/stm32h7xx_hal_pcd.c ****   {
1924:Drivers/STM32H7xx_HAL_Driver/Src/stm32h7xx_hal_pcd.c ****     ep = &hpcd->IN_ep[ep_addr & EP_ADDR_MSK];
1925:Drivers/STM32H7xx_HAL_Driver/Src/stm32h7xx_hal_pcd.c ****     ep->is_in = 1U;
1926:Drivers/STM32H7xx_HAL_Driver/Src/stm32h7xx_hal_pcd.c ****   }
1927:Drivers/STM32H7xx_HAL_Driver/Src/stm32h7xx_hal_pcd.c ****   else
1928:Drivers/STM32H7xx_HAL_Driver/Src/stm32h7xx_hal_pcd.c ****   {
1929:Drivers/STM32H7xx_HAL_Driver/Src/stm32h7xx_hal_pcd.c ****     ep = &hpcd->OUT_ep[ep_addr];
1930:Drivers/STM32H7xx_HAL_Driver/Src/stm32h7xx_hal_pcd.c ****     ep->is_in = 0U;
1931:Drivers/STM32H7xx_HAL_Driver/Src/stm32h7xx_hal_pcd.c ****   }
1932:Drivers/STM32H7xx_HAL_Driver/Src/stm32h7xx_hal_pcd.c **** 
1933:Drivers/STM32H7xx_HAL_Driver/Src/stm32h7xx_hal_pcd.c ****   ep->is_stall = 1U;
1934:Drivers/STM32H7xx_HAL_Driver/Src/stm32h7xx_hal_pcd.c ****   ep->num = ep_addr & EP_ADDR_MSK;
1935:Drivers/STM32H7xx_HAL_Driver/Src/stm32h7xx_hal_pcd.c **** 
1936:Drivers/STM32H7xx_HAL_Driver/Src/stm32h7xx_hal_pcd.c ****   __HAL_LOCK(hpcd);
1937:Drivers/STM32H7xx_HAL_Driver/Src/stm32h7xx_hal_pcd.c **** 
1938:Drivers/STM32H7xx_HAL_Driver/Src/stm32h7xx_hal_pcd.c ****   (void)USB_EPSetStall(hpcd->Instance, ep);
1939:Drivers/STM32H7xx_HAL_Driver/Src/stm32h7xx_hal_pcd.c **** 
1940:Drivers/STM32H7xx_HAL_Driver/Src/stm32h7xx_hal_pcd.c ****   if ((ep_addr & EP_ADDR_MSK) == 0U)
1941:Drivers/STM32H7xx_HAL_Driver/Src/stm32h7xx_hal_pcd.c ****   {
1942:Drivers/STM32H7xx_HAL_Driver/Src/stm32h7xx_hal_pcd.c ****     (void)USB_EP0_OutStart(hpcd->Instance, (uint8_t)hpcd->Init.dma_enable, (uint8_t *)hpcd->Setup);
1943:Drivers/STM32H7xx_HAL_Driver/Src/stm32h7xx_hal_pcd.c ****   }
1944:Drivers/STM32H7xx_HAL_Driver/Src/stm32h7xx_hal_pcd.c **** 
1945:Drivers/STM32H7xx_HAL_Driver/Src/stm32h7xx_hal_pcd.c ****   __HAL_UNLOCK(hpcd);
1946:Drivers/STM32H7xx_HAL_Driver/Src/stm32h7xx_hal_pcd.c **** 
1947:Drivers/STM32H7xx_HAL_Driver/Src/stm32h7xx_hal_pcd.c ****   return HAL_OK;
1948:Drivers/STM32H7xx_HAL_Driver/Src/stm32h7xx_hal_pcd.c **** }
1949:Drivers/STM32H7xx_HAL_Driver/Src/stm32h7xx_hal_pcd.c **** 
1950:Drivers/STM32H7xx_HAL_Driver/Src/stm32h7xx_hal_pcd.c **** /**
1951:Drivers/STM32H7xx_HAL_Driver/Src/stm32h7xx_hal_pcd.c ****   * @brief  Clear a STALL condition over in an endpoint
1952:Drivers/STM32H7xx_HAL_Driver/Src/stm32h7xx_hal_pcd.c ****   * @param  hpcd PCD handle
1953:Drivers/STM32H7xx_HAL_Driver/Src/stm32h7xx_hal_pcd.c ****   * @param  ep_addr endpoint address
1954:Drivers/STM32H7xx_HAL_Driver/Src/stm32h7xx_hal_pcd.c ****   * @retval HAL status
1955:Drivers/STM32H7xx_HAL_Driver/Src/stm32h7xx_hal_pcd.c ****   */
1956:Drivers/STM32H7xx_HAL_Driver/Src/stm32h7xx_hal_pcd.c **** HAL_StatusTypeDef HAL_PCD_EP_ClrStall(PCD_HandleTypeDef *hpcd, uint8_t ep_addr)
1957:Drivers/STM32H7xx_HAL_Driver/Src/stm32h7xx_hal_pcd.c **** {
1958:Drivers/STM32H7xx_HAL_Driver/Src/stm32h7xx_hal_pcd.c ****   PCD_EPTypeDef *ep;
1959:Drivers/STM32H7xx_HAL_Driver/Src/stm32h7xx_hal_pcd.c **** 
1960:Drivers/STM32H7xx_HAL_Driver/Src/stm32h7xx_hal_pcd.c ****   if (((uint32_t)ep_addr & 0x0FU) > hpcd->Init.dev_endpoints)
1961:Drivers/STM32H7xx_HAL_Driver/Src/stm32h7xx_hal_pcd.c ****   {
1962:Drivers/STM32H7xx_HAL_Driver/Src/stm32h7xx_hal_pcd.c ****     return HAL_ERROR;
1963:Drivers/STM32H7xx_HAL_Driver/Src/stm32h7xx_hal_pcd.c ****   }
1964:Drivers/STM32H7xx_HAL_Driver/Src/stm32h7xx_hal_pcd.c **** 
1965:Drivers/STM32H7xx_HAL_Driver/Src/stm32h7xx_hal_pcd.c ****   if ((0x80U & ep_addr) == 0x80U)
1966:Drivers/STM32H7xx_HAL_Driver/Src/stm32h7xx_hal_pcd.c ****   {
1967:Drivers/STM32H7xx_HAL_Driver/Src/stm32h7xx_hal_pcd.c ****     ep = &hpcd->IN_ep[ep_addr & EP_ADDR_MSK];
1968:Drivers/STM32H7xx_HAL_Driver/Src/stm32h7xx_hal_pcd.c ****     ep->is_in = 1U;
1969:Drivers/STM32H7xx_HAL_Driver/Src/stm32h7xx_hal_pcd.c ****   }
ARM GAS  C:\Users\Made\AppData\Local\Temp\cch5frMA.s 			page 36


1970:Drivers/STM32H7xx_HAL_Driver/Src/stm32h7xx_hal_pcd.c ****   else
1971:Drivers/STM32H7xx_HAL_Driver/Src/stm32h7xx_hal_pcd.c ****   {
1972:Drivers/STM32H7xx_HAL_Driver/Src/stm32h7xx_hal_pcd.c ****     ep = &hpcd->OUT_ep[ep_addr & EP_ADDR_MSK];
1973:Drivers/STM32H7xx_HAL_Driver/Src/stm32h7xx_hal_pcd.c ****     ep->is_in = 0U;
1974:Drivers/STM32H7xx_HAL_Driver/Src/stm32h7xx_hal_pcd.c ****   }
1975:Drivers/STM32H7xx_HAL_Driver/Src/stm32h7xx_hal_pcd.c **** 
1976:Drivers/STM32H7xx_HAL_Driver/Src/stm32h7xx_hal_pcd.c ****   ep->is_stall = 0U;
1977:Drivers/STM32H7xx_HAL_Driver/Src/stm32h7xx_hal_pcd.c ****   ep->num = ep_addr & EP_ADDR_MSK;
1978:Drivers/STM32H7xx_HAL_Driver/Src/stm32h7xx_hal_pcd.c **** 
1979:Drivers/STM32H7xx_HAL_Driver/Src/stm32h7xx_hal_pcd.c ****   __HAL_LOCK(hpcd);
1980:Drivers/STM32H7xx_HAL_Driver/Src/stm32h7xx_hal_pcd.c ****   (void)USB_EPClearStall(hpcd->Instance, ep);
1981:Drivers/STM32H7xx_HAL_Driver/Src/stm32h7xx_hal_pcd.c ****   __HAL_UNLOCK(hpcd);
1982:Drivers/STM32H7xx_HAL_Driver/Src/stm32h7xx_hal_pcd.c **** 
1983:Drivers/STM32H7xx_HAL_Driver/Src/stm32h7xx_hal_pcd.c ****   return HAL_OK;
1984:Drivers/STM32H7xx_HAL_Driver/Src/stm32h7xx_hal_pcd.c **** }
1985:Drivers/STM32H7xx_HAL_Driver/Src/stm32h7xx_hal_pcd.c **** 
1986:Drivers/STM32H7xx_HAL_Driver/Src/stm32h7xx_hal_pcd.c **** /**
1987:Drivers/STM32H7xx_HAL_Driver/Src/stm32h7xx_hal_pcd.c ****    * @brief  Abort an USB EP transaction.
1988:Drivers/STM32H7xx_HAL_Driver/Src/stm32h7xx_hal_pcd.c ****    * @param  hpcd PCD handle
1989:Drivers/STM32H7xx_HAL_Driver/Src/stm32h7xx_hal_pcd.c ****    * @param  ep_addr endpoint address
1990:Drivers/STM32H7xx_HAL_Driver/Src/stm32h7xx_hal_pcd.c ****    * @retval HAL status
1991:Drivers/STM32H7xx_HAL_Driver/Src/stm32h7xx_hal_pcd.c ****    */
1992:Drivers/STM32H7xx_HAL_Driver/Src/stm32h7xx_hal_pcd.c **** HAL_StatusTypeDef HAL_PCD_EP_Abort(PCD_HandleTypeDef *hpcd, uint8_t ep_addr)
1993:Drivers/STM32H7xx_HAL_Driver/Src/stm32h7xx_hal_pcd.c **** {
1994:Drivers/STM32H7xx_HAL_Driver/Src/stm32h7xx_hal_pcd.c ****   HAL_StatusTypeDef ret;
1995:Drivers/STM32H7xx_HAL_Driver/Src/stm32h7xx_hal_pcd.c ****   PCD_EPTypeDef *ep;
1996:Drivers/STM32H7xx_HAL_Driver/Src/stm32h7xx_hal_pcd.c **** 
1997:Drivers/STM32H7xx_HAL_Driver/Src/stm32h7xx_hal_pcd.c ****   if ((0x80U & ep_addr) == 0x80U)
1998:Drivers/STM32H7xx_HAL_Driver/Src/stm32h7xx_hal_pcd.c ****   {
1999:Drivers/STM32H7xx_HAL_Driver/Src/stm32h7xx_hal_pcd.c ****     ep = &hpcd->IN_ep[ep_addr & EP_ADDR_MSK];
2000:Drivers/STM32H7xx_HAL_Driver/Src/stm32h7xx_hal_pcd.c ****   }
2001:Drivers/STM32H7xx_HAL_Driver/Src/stm32h7xx_hal_pcd.c ****   else
2002:Drivers/STM32H7xx_HAL_Driver/Src/stm32h7xx_hal_pcd.c ****   {
2003:Drivers/STM32H7xx_HAL_Driver/Src/stm32h7xx_hal_pcd.c ****     ep = &hpcd->OUT_ep[ep_addr & EP_ADDR_MSK];
2004:Drivers/STM32H7xx_HAL_Driver/Src/stm32h7xx_hal_pcd.c ****   }
2005:Drivers/STM32H7xx_HAL_Driver/Src/stm32h7xx_hal_pcd.c **** 
2006:Drivers/STM32H7xx_HAL_Driver/Src/stm32h7xx_hal_pcd.c ****   /* Stop Xfer */
2007:Drivers/STM32H7xx_HAL_Driver/Src/stm32h7xx_hal_pcd.c ****   ret = USB_EPStopXfer(hpcd->Instance, ep);
2008:Drivers/STM32H7xx_HAL_Driver/Src/stm32h7xx_hal_pcd.c **** 
2009:Drivers/STM32H7xx_HAL_Driver/Src/stm32h7xx_hal_pcd.c ****   return ret;
2010:Drivers/STM32H7xx_HAL_Driver/Src/stm32h7xx_hal_pcd.c **** }
2011:Drivers/STM32H7xx_HAL_Driver/Src/stm32h7xx_hal_pcd.c **** 
2012:Drivers/STM32H7xx_HAL_Driver/Src/stm32h7xx_hal_pcd.c **** /**
2013:Drivers/STM32H7xx_HAL_Driver/Src/stm32h7xx_hal_pcd.c ****   * @brief  Flush an endpoint
2014:Drivers/STM32H7xx_HAL_Driver/Src/stm32h7xx_hal_pcd.c ****   * @param  hpcd PCD handle
2015:Drivers/STM32H7xx_HAL_Driver/Src/stm32h7xx_hal_pcd.c ****   * @param  ep_addr endpoint address
2016:Drivers/STM32H7xx_HAL_Driver/Src/stm32h7xx_hal_pcd.c ****   * @retval HAL status
2017:Drivers/STM32H7xx_HAL_Driver/Src/stm32h7xx_hal_pcd.c ****   */
2018:Drivers/STM32H7xx_HAL_Driver/Src/stm32h7xx_hal_pcd.c **** HAL_StatusTypeDef HAL_PCD_EP_Flush(PCD_HandleTypeDef *hpcd, uint8_t ep_addr)
2019:Drivers/STM32H7xx_HAL_Driver/Src/stm32h7xx_hal_pcd.c **** {
2020:Drivers/STM32H7xx_HAL_Driver/Src/stm32h7xx_hal_pcd.c ****   __HAL_LOCK(hpcd);
2021:Drivers/STM32H7xx_HAL_Driver/Src/stm32h7xx_hal_pcd.c **** 
2022:Drivers/STM32H7xx_HAL_Driver/Src/stm32h7xx_hal_pcd.c ****   if ((ep_addr & 0x80U) == 0x80U)
2023:Drivers/STM32H7xx_HAL_Driver/Src/stm32h7xx_hal_pcd.c ****   {
2024:Drivers/STM32H7xx_HAL_Driver/Src/stm32h7xx_hal_pcd.c ****     (void)USB_FlushTxFifo(hpcd->Instance, (uint32_t)ep_addr & EP_ADDR_MSK);
2025:Drivers/STM32H7xx_HAL_Driver/Src/stm32h7xx_hal_pcd.c ****   }
2026:Drivers/STM32H7xx_HAL_Driver/Src/stm32h7xx_hal_pcd.c ****   else
ARM GAS  C:\Users\Made\AppData\Local\Temp\cch5frMA.s 			page 37


2027:Drivers/STM32H7xx_HAL_Driver/Src/stm32h7xx_hal_pcd.c ****   {
2028:Drivers/STM32H7xx_HAL_Driver/Src/stm32h7xx_hal_pcd.c ****     (void)USB_FlushRxFifo(hpcd->Instance);
2029:Drivers/STM32H7xx_HAL_Driver/Src/stm32h7xx_hal_pcd.c ****   }
2030:Drivers/STM32H7xx_HAL_Driver/Src/stm32h7xx_hal_pcd.c **** 
2031:Drivers/STM32H7xx_HAL_Driver/Src/stm32h7xx_hal_pcd.c ****   __HAL_UNLOCK(hpcd);
2032:Drivers/STM32H7xx_HAL_Driver/Src/stm32h7xx_hal_pcd.c **** 
2033:Drivers/STM32H7xx_HAL_Driver/Src/stm32h7xx_hal_pcd.c ****   return HAL_OK;
2034:Drivers/STM32H7xx_HAL_Driver/Src/stm32h7xx_hal_pcd.c **** }
2035:Drivers/STM32H7xx_HAL_Driver/Src/stm32h7xx_hal_pcd.c **** 
2036:Drivers/STM32H7xx_HAL_Driver/Src/stm32h7xx_hal_pcd.c **** /**
2037:Drivers/STM32H7xx_HAL_Driver/Src/stm32h7xx_hal_pcd.c ****   * @brief  Activate remote wakeup signalling
2038:Drivers/STM32H7xx_HAL_Driver/Src/stm32h7xx_hal_pcd.c ****   * @param  hpcd PCD handle
2039:Drivers/STM32H7xx_HAL_Driver/Src/stm32h7xx_hal_pcd.c ****   * @retval HAL status
2040:Drivers/STM32H7xx_HAL_Driver/Src/stm32h7xx_hal_pcd.c ****   */
2041:Drivers/STM32H7xx_HAL_Driver/Src/stm32h7xx_hal_pcd.c **** HAL_StatusTypeDef HAL_PCD_ActivateRemoteWakeup(PCD_HandleTypeDef *hpcd)
2042:Drivers/STM32H7xx_HAL_Driver/Src/stm32h7xx_hal_pcd.c **** {
2043:Drivers/STM32H7xx_HAL_Driver/Src/stm32h7xx_hal_pcd.c ****   return (USB_ActivateRemoteWakeup(hpcd->Instance));
2044:Drivers/STM32H7xx_HAL_Driver/Src/stm32h7xx_hal_pcd.c **** }
2045:Drivers/STM32H7xx_HAL_Driver/Src/stm32h7xx_hal_pcd.c **** 
2046:Drivers/STM32H7xx_HAL_Driver/Src/stm32h7xx_hal_pcd.c **** /**
2047:Drivers/STM32H7xx_HAL_Driver/Src/stm32h7xx_hal_pcd.c ****   * @brief  De-activate remote wakeup signalling.
2048:Drivers/STM32H7xx_HAL_Driver/Src/stm32h7xx_hal_pcd.c ****   * @param  hpcd PCD handle
2049:Drivers/STM32H7xx_HAL_Driver/Src/stm32h7xx_hal_pcd.c ****   * @retval HAL status
2050:Drivers/STM32H7xx_HAL_Driver/Src/stm32h7xx_hal_pcd.c ****   */
2051:Drivers/STM32H7xx_HAL_Driver/Src/stm32h7xx_hal_pcd.c **** HAL_StatusTypeDef HAL_PCD_DeActivateRemoteWakeup(PCD_HandleTypeDef *hpcd)
2052:Drivers/STM32H7xx_HAL_Driver/Src/stm32h7xx_hal_pcd.c **** {
2053:Drivers/STM32H7xx_HAL_Driver/Src/stm32h7xx_hal_pcd.c ****   return (USB_DeActivateRemoteWakeup(hpcd->Instance));
2054:Drivers/STM32H7xx_HAL_Driver/Src/stm32h7xx_hal_pcd.c **** }
2055:Drivers/STM32H7xx_HAL_Driver/Src/stm32h7xx_hal_pcd.c **** 
2056:Drivers/STM32H7xx_HAL_Driver/Src/stm32h7xx_hal_pcd.c **** /**
2057:Drivers/STM32H7xx_HAL_Driver/Src/stm32h7xx_hal_pcd.c ****   * @}
2058:Drivers/STM32H7xx_HAL_Driver/Src/stm32h7xx_hal_pcd.c ****   */
2059:Drivers/STM32H7xx_HAL_Driver/Src/stm32h7xx_hal_pcd.c **** 
2060:Drivers/STM32H7xx_HAL_Driver/Src/stm32h7xx_hal_pcd.c **** /** @defgroup PCD_Exported_Functions_Group4 Peripheral State functions
2061:Drivers/STM32H7xx_HAL_Driver/Src/stm32h7xx_hal_pcd.c ****   *  @brief   Peripheral State functions
2062:Drivers/STM32H7xx_HAL_Driver/Src/stm32h7xx_hal_pcd.c ****   *
2063:Drivers/STM32H7xx_HAL_Driver/Src/stm32h7xx_hal_pcd.c **** @verbatim
2064:Drivers/STM32H7xx_HAL_Driver/Src/stm32h7xx_hal_pcd.c ****  ===============================================================================
2065:Drivers/STM32H7xx_HAL_Driver/Src/stm32h7xx_hal_pcd.c ****                       ##### Peripheral State functions #####
2066:Drivers/STM32H7xx_HAL_Driver/Src/stm32h7xx_hal_pcd.c ****  ===============================================================================
2067:Drivers/STM32H7xx_HAL_Driver/Src/stm32h7xx_hal_pcd.c ****     [..]
2068:Drivers/STM32H7xx_HAL_Driver/Src/stm32h7xx_hal_pcd.c ****     This subsection permits to get in run-time the status of the peripheral
2069:Drivers/STM32H7xx_HAL_Driver/Src/stm32h7xx_hal_pcd.c ****     and the data flow.
2070:Drivers/STM32H7xx_HAL_Driver/Src/stm32h7xx_hal_pcd.c **** 
2071:Drivers/STM32H7xx_HAL_Driver/Src/stm32h7xx_hal_pcd.c **** @endverbatim
2072:Drivers/STM32H7xx_HAL_Driver/Src/stm32h7xx_hal_pcd.c ****   * @{
2073:Drivers/STM32H7xx_HAL_Driver/Src/stm32h7xx_hal_pcd.c ****   */
2074:Drivers/STM32H7xx_HAL_Driver/Src/stm32h7xx_hal_pcd.c **** 
2075:Drivers/STM32H7xx_HAL_Driver/Src/stm32h7xx_hal_pcd.c **** /**
2076:Drivers/STM32H7xx_HAL_Driver/Src/stm32h7xx_hal_pcd.c ****   * @brief  Return the PCD handle state.
2077:Drivers/STM32H7xx_HAL_Driver/Src/stm32h7xx_hal_pcd.c ****   * @param  hpcd PCD handle
2078:Drivers/STM32H7xx_HAL_Driver/Src/stm32h7xx_hal_pcd.c ****   * @retval HAL state
2079:Drivers/STM32H7xx_HAL_Driver/Src/stm32h7xx_hal_pcd.c ****   */
2080:Drivers/STM32H7xx_HAL_Driver/Src/stm32h7xx_hal_pcd.c **** PCD_StateTypeDef HAL_PCD_GetState(PCD_HandleTypeDef const *hpcd)
2081:Drivers/STM32H7xx_HAL_Driver/Src/stm32h7xx_hal_pcd.c **** {
2082:Drivers/STM32H7xx_HAL_Driver/Src/stm32h7xx_hal_pcd.c ****   return hpcd->State;
2083:Drivers/STM32H7xx_HAL_Driver/Src/stm32h7xx_hal_pcd.c **** }
ARM GAS  C:\Users\Made\AppData\Local\Temp\cch5frMA.s 			page 38


2084:Drivers/STM32H7xx_HAL_Driver/Src/stm32h7xx_hal_pcd.c **** 
2085:Drivers/STM32H7xx_HAL_Driver/Src/stm32h7xx_hal_pcd.c **** #if defined (USB_OTG_FS) || defined (USB_OTG_HS)
2086:Drivers/STM32H7xx_HAL_Driver/Src/stm32h7xx_hal_pcd.c **** /**
2087:Drivers/STM32H7xx_HAL_Driver/Src/stm32h7xx_hal_pcd.c ****   * @brief  Set the USB Device high speed test mode.
2088:Drivers/STM32H7xx_HAL_Driver/Src/stm32h7xx_hal_pcd.c ****   * @param  hpcd PCD handle
2089:Drivers/STM32H7xx_HAL_Driver/Src/stm32h7xx_hal_pcd.c ****   * @param  testmode USB Device high speed test mode
2090:Drivers/STM32H7xx_HAL_Driver/Src/stm32h7xx_hal_pcd.c ****   * @retval HAL status
2091:Drivers/STM32H7xx_HAL_Driver/Src/stm32h7xx_hal_pcd.c ****   */
2092:Drivers/STM32H7xx_HAL_Driver/Src/stm32h7xx_hal_pcd.c **** HAL_StatusTypeDef HAL_PCD_SetTestMode(const PCD_HandleTypeDef *hpcd, uint8_t testmode)
2093:Drivers/STM32H7xx_HAL_Driver/Src/stm32h7xx_hal_pcd.c **** {
2094:Drivers/STM32H7xx_HAL_Driver/Src/stm32h7xx_hal_pcd.c ****   const USB_OTG_GlobalTypeDef *USBx = hpcd->Instance;
2095:Drivers/STM32H7xx_HAL_Driver/Src/stm32h7xx_hal_pcd.c ****   uint32_t USBx_BASE = (uint32_t)USBx;
2096:Drivers/STM32H7xx_HAL_Driver/Src/stm32h7xx_hal_pcd.c **** 
2097:Drivers/STM32H7xx_HAL_Driver/Src/stm32h7xx_hal_pcd.c ****   switch (testmode)
2098:Drivers/STM32H7xx_HAL_Driver/Src/stm32h7xx_hal_pcd.c ****   {
2099:Drivers/STM32H7xx_HAL_Driver/Src/stm32h7xx_hal_pcd.c ****     case TEST_J:
2100:Drivers/STM32H7xx_HAL_Driver/Src/stm32h7xx_hal_pcd.c ****     case TEST_K:
2101:Drivers/STM32H7xx_HAL_Driver/Src/stm32h7xx_hal_pcd.c ****     case TEST_SE0_NAK:
2102:Drivers/STM32H7xx_HAL_Driver/Src/stm32h7xx_hal_pcd.c ****     case TEST_PACKET:
2103:Drivers/STM32H7xx_HAL_Driver/Src/stm32h7xx_hal_pcd.c ****     case TEST_FORCE_EN:
2104:Drivers/STM32H7xx_HAL_Driver/Src/stm32h7xx_hal_pcd.c ****       USBx_DEVICE->DCTL &= ~(0x7U << 4);
2105:Drivers/STM32H7xx_HAL_Driver/Src/stm32h7xx_hal_pcd.c ****       USBx_DEVICE->DCTL |= (uint32_t)testmode << 4;
2106:Drivers/STM32H7xx_HAL_Driver/Src/stm32h7xx_hal_pcd.c ****       break;
2107:Drivers/STM32H7xx_HAL_Driver/Src/stm32h7xx_hal_pcd.c **** 
2108:Drivers/STM32H7xx_HAL_Driver/Src/stm32h7xx_hal_pcd.c ****     default:
2109:Drivers/STM32H7xx_HAL_Driver/Src/stm32h7xx_hal_pcd.c ****       break;
2110:Drivers/STM32H7xx_HAL_Driver/Src/stm32h7xx_hal_pcd.c ****   }
2111:Drivers/STM32H7xx_HAL_Driver/Src/stm32h7xx_hal_pcd.c **** 
2112:Drivers/STM32H7xx_HAL_Driver/Src/stm32h7xx_hal_pcd.c ****   return HAL_OK;
2113:Drivers/STM32H7xx_HAL_Driver/Src/stm32h7xx_hal_pcd.c **** }
2114:Drivers/STM32H7xx_HAL_Driver/Src/stm32h7xx_hal_pcd.c **** #endif /* defined (USB_OTG_FS) || defined (USB_OTG_HS) */
2115:Drivers/STM32H7xx_HAL_Driver/Src/stm32h7xx_hal_pcd.c **** /**
2116:Drivers/STM32H7xx_HAL_Driver/Src/stm32h7xx_hal_pcd.c ****   * @}
2117:Drivers/STM32H7xx_HAL_Driver/Src/stm32h7xx_hal_pcd.c ****   */
2118:Drivers/STM32H7xx_HAL_Driver/Src/stm32h7xx_hal_pcd.c **** 
2119:Drivers/STM32H7xx_HAL_Driver/Src/stm32h7xx_hal_pcd.c **** /**
2120:Drivers/STM32H7xx_HAL_Driver/Src/stm32h7xx_hal_pcd.c ****   * @}
2121:Drivers/STM32H7xx_HAL_Driver/Src/stm32h7xx_hal_pcd.c ****   */
2122:Drivers/STM32H7xx_HAL_Driver/Src/stm32h7xx_hal_pcd.c **** 
2123:Drivers/STM32H7xx_HAL_Driver/Src/stm32h7xx_hal_pcd.c **** /* Private functions ---------------------------------------------------------*/
2124:Drivers/STM32H7xx_HAL_Driver/Src/stm32h7xx_hal_pcd.c **** /** @addtogroup PCD_Private_Functions
2125:Drivers/STM32H7xx_HAL_Driver/Src/stm32h7xx_hal_pcd.c ****   * @{
2126:Drivers/STM32H7xx_HAL_Driver/Src/stm32h7xx_hal_pcd.c ****   */
2127:Drivers/STM32H7xx_HAL_Driver/Src/stm32h7xx_hal_pcd.c **** #if defined (USB_OTG_FS) || defined (USB_OTG_HS)
2128:Drivers/STM32H7xx_HAL_Driver/Src/stm32h7xx_hal_pcd.c **** /**
2129:Drivers/STM32H7xx_HAL_Driver/Src/stm32h7xx_hal_pcd.c ****   * @brief  Check FIFO for the next packet to be loaded.
2130:Drivers/STM32H7xx_HAL_Driver/Src/stm32h7xx_hal_pcd.c ****   * @param  hpcd PCD handle
2131:Drivers/STM32H7xx_HAL_Driver/Src/stm32h7xx_hal_pcd.c ****   * @param  epnum endpoint number
2132:Drivers/STM32H7xx_HAL_Driver/Src/stm32h7xx_hal_pcd.c ****   * @retval HAL status
2133:Drivers/STM32H7xx_HAL_Driver/Src/stm32h7xx_hal_pcd.c ****   */
2134:Drivers/STM32H7xx_HAL_Driver/Src/stm32h7xx_hal_pcd.c **** static HAL_StatusTypeDef PCD_WriteEmptyTxFifo(PCD_HandleTypeDef *hpcd, uint32_t epnum)
2135:Drivers/STM32H7xx_HAL_Driver/Src/stm32h7xx_hal_pcd.c **** {
  28              		.loc 1 2135 1 view -0
  29              		.cfi_startproc
  30              		@ args = 0, pretend = 0, frame = 0
  31              		@ frame_needed = 0, uses_anonymous_args = 0
  32              		.loc 1 2135 1 is_stmt 0 view .LVU1
ARM GAS  C:\Users\Made\AppData\Local\Temp\cch5frMA.s 			page 39


  33 0000 2DE9F043 		push	{r4, r5, r6, r7, r8, r9, lr}
  34              	.LCFI0:
  35              		.cfi_def_cfa_offset 28
  36              		.cfi_offset 4, -28
  37              		.cfi_offset 5, -24
  38              		.cfi_offset 6, -20
  39              		.cfi_offset 7, -16
  40              		.cfi_offset 8, -12
  41              		.cfi_offset 9, -8
  42              		.cfi_offset 14, -4
  43 0004 83B0     		sub	sp, sp, #12
  44              	.LCFI1:
  45              		.cfi_def_cfa_offset 40
2136:Drivers/STM32H7xx_HAL_Driver/Src/stm32h7xx_hal_pcd.c ****   USB_OTG_GlobalTypeDef *USBx = hpcd->Instance;
  46              		.loc 1 2136 3 is_stmt 1 view .LVU2
  47              		.loc 1 2136 26 is_stmt 0 view .LVU3
  48 0006 D0F80080 		ldr	r8, [r0]
  49              	.LVL1:
2137:Drivers/STM32H7xx_HAL_Driver/Src/stm32h7xx_hal_pcd.c ****   uint32_t USBx_BASE = (uint32_t)USBx;
  50              		.loc 1 2137 3 is_stmt 1 view .LVU4
2138:Drivers/STM32H7xx_HAL_Driver/Src/stm32h7xx_hal_pcd.c ****   USB_OTG_EPTypeDef *ep;
  51              		.loc 1 2138 3 view .LVU5
2139:Drivers/STM32H7xx_HAL_Driver/Src/stm32h7xx_hal_pcd.c ****   uint32_t len;
  52              		.loc 1 2139 3 view .LVU6
2140:Drivers/STM32H7xx_HAL_Driver/Src/stm32h7xx_hal_pcd.c ****   uint32_t len32b;
  53              		.loc 1 2140 3 view .LVU7
2141:Drivers/STM32H7xx_HAL_Driver/Src/stm32h7xx_hal_pcd.c ****   uint32_t fifoemptymsk;
  54              		.loc 1 2141 3 view .LVU8
2142:Drivers/STM32H7xx_HAL_Driver/Src/stm32h7xx_hal_pcd.c **** 
2143:Drivers/STM32H7xx_HAL_Driver/Src/stm32h7xx_hal_pcd.c ****   ep = &hpcd->IN_ep[epnum];
  55              		.loc 1 2143 3 view .LVU9
2144:Drivers/STM32H7xx_HAL_Driver/Src/stm32h7xx_hal_pcd.c **** 
2145:Drivers/STM32H7xx_HAL_Driver/Src/stm32h7xx_hal_pcd.c ****   if (ep->xfer_count > ep->xfer_len)
  56              		.loc 1 2145 3 view .LVU10
  57              		.loc 1 2145 9 is_stmt 0 view .LVU11
  58 000a 01EBC103 		add	r3, r1, r1, lsl #3
  59 000e 00EB8303 		add	r3, r0, r3, lsl #2
  60 0012 9A6A     		ldr	r2, [r3, #40]
  61              		.loc 1 2145 26 view .LVU12
  62 0014 5B6A     		ldr	r3, [r3, #36]
  63              		.loc 1 2145 6 view .LVU13
  64 0016 9A42     		cmp	r2, r3
  65 0018 54D8     		bhi	.L8
  66 001a 0746     		mov	r7, r0
  67 001c 0C46     		mov	r4, r1
2146:Drivers/STM32H7xx_HAL_Driver/Src/stm32h7xx_hal_pcd.c ****   {
2147:Drivers/STM32H7xx_HAL_Driver/Src/stm32h7xx_hal_pcd.c ****     return HAL_ERROR;
2148:Drivers/STM32H7xx_HAL_Driver/Src/stm32h7xx_hal_pcd.c ****   }
2149:Drivers/STM32H7xx_HAL_Driver/Src/stm32h7xx_hal_pcd.c **** 
2150:Drivers/STM32H7xx_HAL_Driver/Src/stm32h7xx_hal_pcd.c ****   len = ep->xfer_len - ep->xfer_count;
  68              		.loc 1 2150 3 is_stmt 1 view .LVU14
  69              		.loc 1 2150 7 is_stmt 0 view .LVU15
  70 001e 9B1A     		subs	r3, r3, r2
  71              	.LVL2:
2151:Drivers/STM32H7xx_HAL_Driver/Src/stm32h7xx_hal_pcd.c **** 
2152:Drivers/STM32H7xx_HAL_Driver/Src/stm32h7xx_hal_pcd.c ****   if (len > ep->maxpacket)
  72              		.loc 1 2152 3 is_stmt 1 view .LVU16
ARM GAS  C:\Users\Made\AppData\Local\Temp\cch5frMA.s 			page 40


  73              		.loc 1 2152 15 is_stmt 0 view .LVU17
  74 0020 01EBC102 		add	r2, r1, r1, lsl #3
  75 0024 00EB8202 		add	r2, r0, r2, lsl #2
  76 0028 D269     		ldr	r2, [r2, #28]
  77              		.loc 1 2152 6 view .LVU18
  78 002a 9A42     		cmp	r2, r3
  79 002c 00D3     		bcc	.L3
2150:Drivers/STM32H7xx_HAL_Driver/Src/stm32h7xx_hal_pcd.c **** 
  80              		.loc 1 2150 7 view .LVU19
  81 002e 1A46     		mov	r2, r3
  82              	.L3:
  83              	.LVL3:
2153:Drivers/STM32H7xx_HAL_Driver/Src/stm32h7xx_hal_pcd.c ****   {
2154:Drivers/STM32H7xx_HAL_Driver/Src/stm32h7xx_hal_pcd.c ****     len = ep->maxpacket;
2155:Drivers/STM32H7xx_HAL_Driver/Src/stm32h7xx_hal_pcd.c ****   }
2156:Drivers/STM32H7xx_HAL_Driver/Src/stm32h7xx_hal_pcd.c **** 
2157:Drivers/STM32H7xx_HAL_Driver/Src/stm32h7xx_hal_pcd.c ****   len32b = (len + 3U) / 4U;
  84              		.loc 1 2157 3 is_stmt 1 view .LVU20
  85              		.loc 1 2157 17 is_stmt 0 view .LVU21
  86 0030 02F10309 		add	r9, r2, #3
  87              		.loc 1 2157 10 view .LVU22
  88 0034 4FEA9909 		lsr	r9, r9, #2
  89              	.LVL4:
2158:Drivers/STM32H7xx_HAL_Driver/Src/stm32h7xx_hal_pcd.c **** 
2159:Drivers/STM32H7xx_HAL_Driver/Src/stm32h7xx_hal_pcd.c ****   while (((USBx_INEP(epnum)->DTXFSTS & USB_OTG_DTXFSTS_INEPTFSAV) >= len32b) &&
  90              		.loc 1 2159 3 is_stmt 1 view .LVU23
  91              		.loc 1 2159 9 is_stmt 0 view .LVU24
  92 0038 15E0     		b	.L4
  93              	.LVL5:
  94              	.L5:
2160:Drivers/STM32H7xx_HAL_Driver/Src/stm32h7xx_hal_pcd.c ****          (ep->xfer_count < ep->xfer_len) && (ep->xfer_len != 0U))
2161:Drivers/STM32H7xx_HAL_Driver/Src/stm32h7xx_hal_pcd.c ****   {
2162:Drivers/STM32H7xx_HAL_Driver/Src/stm32h7xx_hal_pcd.c ****     /* Write the FIFO */
2163:Drivers/STM32H7xx_HAL_Driver/Src/stm32h7xx_hal_pcd.c ****     len = ep->xfer_len - ep->xfer_count;
2164:Drivers/STM32H7xx_HAL_Driver/Src/stm32h7xx_hal_pcd.c **** 
2165:Drivers/STM32H7xx_HAL_Driver/Src/stm32h7xx_hal_pcd.c ****     if (len > ep->maxpacket)
2166:Drivers/STM32H7xx_HAL_Driver/Src/stm32h7xx_hal_pcd.c ****     {
2167:Drivers/STM32H7xx_HAL_Driver/Src/stm32h7xx_hal_pcd.c ****       len = ep->maxpacket;
2168:Drivers/STM32H7xx_HAL_Driver/Src/stm32h7xx_hal_pcd.c ****     }
2169:Drivers/STM32H7xx_HAL_Driver/Src/stm32h7xx_hal_pcd.c ****     len32b = (len + 3U) / 4U;
  95              		.loc 1 2169 5 is_stmt 1 view .LVU25
  96              		.loc 1 2169 19 is_stmt 0 view .LVU26
  97 003a 06F10309 		add	r9, r6, #3
  98              	.LVL6:
  99              		.loc 1 2169 12 view .LVU27
 100 003e 4FEA9909 		lsr	r9, r9, #2
 101              	.LVL7:
2170:Drivers/STM32H7xx_HAL_Driver/Src/stm32h7xx_hal_pcd.c **** 
2171:Drivers/STM32H7xx_HAL_Driver/Src/stm32h7xx_hal_pcd.c ****     (void)USB_WritePacket(USBx, ep->xfer_buff, (uint8_t)epnum, (uint16_t)len,
 102              		.loc 1 2171 5 is_stmt 1 view .LVU28
2172:Drivers/STM32H7xx_HAL_Driver/Src/stm32h7xx_hal_pcd.c ****                           (uint8_t)hpcd->Init.dma_enable);
 103              		.loc 1 2172 46 is_stmt 0 view .LVU29
 104 0042 BB79     		ldrb	r3, [r7, #6]	@ zero_extendqisi2
2171:Drivers/STM32H7xx_HAL_Driver/Src/stm32h7xx_hal_pcd.c ****                           (uint8_t)hpcd->Init.dma_enable);
 105              		.loc 1 2171 11 view .LVU30
 106 0044 04EBC405 		add	r5, r4, r4, lsl #3
 107 0048 07EB8505 		add	r5, r7, r5, lsl #2
ARM GAS  C:\Users\Made\AppData\Local\Temp\cch5frMA.s 			page 41


 108 004c 296A     		ldr	r1, [r5, #32]
 109 004e 0093     		str	r3, [sp]
 110 0050 B3B2     		uxth	r3, r6
 111 0052 E2B2     		uxtb	r2, r4
 112 0054 4046     		mov	r0, r8
 113 0056 FFF7FEFF 		bl	USB_WritePacket
 114              	.LVL8:
2173:Drivers/STM32H7xx_HAL_Driver/Src/stm32h7xx_hal_pcd.c **** 
2174:Drivers/STM32H7xx_HAL_Driver/Src/stm32h7xx_hal_pcd.c ****     ep->xfer_buff  += len;
 115              		.loc 1 2174 5 is_stmt 1 view .LVU31
 116              		.loc 1 2174 7 is_stmt 0 view .LVU32
 117 005a 2B6A     		ldr	r3, [r5, #32]
 118              		.loc 1 2174 20 view .LVU33
 119 005c 3344     		add	r3, r3, r6
 120 005e 2B62     		str	r3, [r5, #32]
2175:Drivers/STM32H7xx_HAL_Driver/Src/stm32h7xx_hal_pcd.c ****     ep->xfer_count += len;
 121              		.loc 1 2175 5 is_stmt 1 view .LVU34
 122              		.loc 1 2175 7 is_stmt 0 view .LVU35
 123 0060 AB6A     		ldr	r3, [r5, #40]
 124              		.loc 1 2175 20 view .LVU36
 125 0062 3344     		add	r3, r3, r6
 126 0064 AB62     		str	r3, [r5, #40]
 127              	.LVL9:
 128              	.L4:
2160:Drivers/STM32H7xx_HAL_Driver/Src/stm32h7xx_hal_pcd.c ****   {
 129              		.loc 1 2160 42 is_stmt 1 view .LVU37
2159:Drivers/STM32H7xx_HAL_Driver/Src/stm32h7xx_hal_pcd.c ****          (ep->xfer_count < ep->xfer_len) && (ep->xfer_len != 0U))
 130              		.loc 1 2159 12 is_stmt 0 view .LVU38
 131 0066 08EB4413 		add	r3, r8, r4, lsl #5
 132 006a 03F51063 		add	r3, r3, #2304
2159:Drivers/STM32H7xx_HAL_Driver/Src/stm32h7xx_hal_pcd.c ****          (ep->xfer_count < ep->xfer_len) && (ep->xfer_len != 0U))
 133              		.loc 1 2159 28 view .LVU39
 134 006e 9B69     		ldr	r3, [r3, #24]
2159:Drivers/STM32H7xx_HAL_Driver/Src/stm32h7xx_hal_pcd.c ****          (ep->xfer_count < ep->xfer_len) && (ep->xfer_len != 0U))
 135              		.loc 1 2159 38 view .LVU40
 136 0070 9BB2     		uxth	r3, r3
2160:Drivers/STM32H7xx_HAL_Driver/Src/stm32h7xx_hal_pcd.c ****   {
 137              		.loc 1 2160 42 view .LVU41
 138 0072 4B45     		cmp	r3, r9
 139 0074 12D3     		bcc	.L6
2160:Drivers/STM32H7xx_HAL_Driver/Src/stm32h7xx_hal_pcd.c ****   {
 140              		.loc 1 2160 13 discriminator 1 view .LVU42
 141 0076 04EBC403 		add	r3, r4, r4, lsl #3
 142 007a 07EB8303 		add	r3, r7, r3, lsl #2
 143 007e 9A6A     		ldr	r2, [r3, #40]
2160:Drivers/STM32H7xx_HAL_Driver/Src/stm32h7xx_hal_pcd.c ****   {
 144              		.loc 1 2160 30 discriminator 1 view .LVU43
 145 0080 5B6A     		ldr	r3, [r3, #36]
2159:Drivers/STM32H7xx_HAL_Driver/Src/stm32h7xx_hal_pcd.c ****          (ep->xfer_count < ep->xfer_len) && (ep->xfer_len != 0U))
 146              		.loc 1 2159 78 view .LVU44
 147 0082 9A42     		cmp	r2, r3
 148 0084 0AD2     		bcs	.L6
2160:Drivers/STM32H7xx_HAL_Driver/Src/stm32h7xx_hal_pcd.c ****   {
 149              		.loc 1 2160 42 view .LVU45
 150 0086 4BB1     		cbz	r3, .L6
2163:Drivers/STM32H7xx_HAL_Driver/Src/stm32h7xx_hal_pcd.c **** 
 151              		.loc 1 2163 5 is_stmt 1 view .LVU46
ARM GAS  C:\Users\Made\AppData\Local\Temp\cch5frMA.s 			page 42


2163:Drivers/STM32H7xx_HAL_Driver/Src/stm32h7xx_hal_pcd.c **** 
 152              		.loc 1 2163 9 is_stmt 0 view .LVU47
 153 0088 9B1A     		subs	r3, r3, r2
 154              	.LVL10:
2165:Drivers/STM32H7xx_HAL_Driver/Src/stm32h7xx_hal_pcd.c ****     {
 155              		.loc 1 2165 5 is_stmt 1 view .LVU48
2165:Drivers/STM32H7xx_HAL_Driver/Src/stm32h7xx_hal_pcd.c ****     {
 156              		.loc 1 2165 17 is_stmt 0 view .LVU49
 157 008a 04EBC402 		add	r2, r4, r4, lsl #3
 158 008e 07EB8202 		add	r2, r7, r2, lsl #2
 159 0092 D669     		ldr	r6, [r2, #28]
2165:Drivers/STM32H7xx_HAL_Driver/Src/stm32h7xx_hal_pcd.c ****     {
 160              		.loc 1 2165 8 view .LVU50
 161 0094 9E42     		cmp	r6, r3
 162 0096 D0D3     		bcc	.L5
2163:Drivers/STM32H7xx_HAL_Driver/Src/stm32h7xx_hal_pcd.c **** 
 163              		.loc 1 2163 9 view .LVU51
 164 0098 1E46     		mov	r6, r3
 165 009a CEE7     		b	.L5
 166              	.LVL11:
 167              	.L6:
2176:Drivers/STM32H7xx_HAL_Driver/Src/stm32h7xx_hal_pcd.c ****   }
2177:Drivers/STM32H7xx_HAL_Driver/Src/stm32h7xx_hal_pcd.c **** 
2178:Drivers/STM32H7xx_HAL_Driver/Src/stm32h7xx_hal_pcd.c ****   if (ep->xfer_len <= ep->xfer_count)
 168              		.loc 1 2178 3 is_stmt 1 view .LVU52
 169              		.loc 1 2178 9 is_stmt 0 view .LVU53
 170 009c 04EBC403 		add	r3, r4, r4, lsl #3
 171 00a0 07EB8307 		add	r7, r7, r3, lsl #2
 172              	.LVL12:
 173              		.loc 1 2178 9 view .LVU54
 174 00a4 7A6A     		ldr	r2, [r7, #36]
 175              		.loc 1 2178 25 view .LVU55
 176 00a6 BB6A     		ldr	r3, [r7, #40]
 177              		.loc 1 2178 6 view .LVU56
 178 00a8 9A42     		cmp	r2, r3
 179 00aa 0FD8     		bhi	.L9
2179:Drivers/STM32H7xx_HAL_Driver/Src/stm32h7xx_hal_pcd.c ****   {
2180:Drivers/STM32H7xx_HAL_Driver/Src/stm32h7xx_hal_pcd.c ****     fifoemptymsk = (uint32_t)(0x1UL << (epnum & EP_ADDR_MSK));
 180              		.loc 1 2180 5 is_stmt 1 view .LVU57
 181              		.loc 1 2180 47 is_stmt 0 view .LVU58
 182 00ac 04F00F04 		and	r4, r4, #15
 183              	.LVL13:
 184              		.loc 1 2180 18 view .LVU59
 185 00b0 0122     		movs	r2, #1
 186 00b2 A240     		lsls	r2, r2, r4
 187              	.LVL14:
2181:Drivers/STM32H7xx_HAL_Driver/Src/stm32h7xx_hal_pcd.c ****     USBx_DEVICE->DIEPEMPMSK &= ~fifoemptymsk;
 188              		.loc 1 2181 5 is_stmt 1 view .LVU60
 189              		.loc 1 2181 16 is_stmt 0 view .LVU61
 190 00b4 D8F83438 		ldr	r3, [r8, #2100]
 191              		.loc 1 2181 29 view .LVU62
 192 00b8 23EA0203 		bic	r3, r3, r2
 193 00bc C8F83438 		str	r3, [r8, #2100]
2182:Drivers/STM32H7xx_HAL_Driver/Src/stm32h7xx_hal_pcd.c ****   }
2183:Drivers/STM32H7xx_HAL_Driver/Src/stm32h7xx_hal_pcd.c **** 
2184:Drivers/STM32H7xx_HAL_Driver/Src/stm32h7xx_hal_pcd.c ****   return HAL_OK;
 194              		.loc 1 2184 10 view .LVU63
ARM GAS  C:\Users\Made\AppData\Local\Temp\cch5frMA.s 			page 43


 195 00c0 0020     		movs	r0, #0
 196 00c2 00E0     		b	.L2
 197              	.LVL15:
 198              	.L8:
2147:Drivers/STM32H7xx_HAL_Driver/Src/stm32h7xx_hal_pcd.c ****   }
 199              		.loc 1 2147 12 view .LVU64
 200 00c4 0120     		movs	r0, #1
 201              	.LVL16:
 202              	.L2:
2185:Drivers/STM32H7xx_HAL_Driver/Src/stm32h7xx_hal_pcd.c **** }
 203              		.loc 1 2185 1 view .LVU65
 204 00c6 03B0     		add	sp, sp, #12
 205              	.LCFI2:
 206              		.cfi_remember_state
 207              		.cfi_def_cfa_offset 28
 208              		@ sp needed
 209 00c8 BDE8F083 		pop	{r4, r5, r6, r7, r8, r9, pc}
 210              	.LVL17:
 211              	.L9:
 212              	.LCFI3:
 213              		.cfi_restore_state
2184:Drivers/STM32H7xx_HAL_Driver/Src/stm32h7xx_hal_pcd.c **** }
 214              		.loc 1 2184 10 view .LVU66
 215 00cc 0020     		movs	r0, #0
 216 00ce FAE7     		b	.L2
 217              		.cfi_endproc
 218              	.LFE369:
 220              		.section	.text.HAL_PCD_MspInit,"ax",%progbits
 221              		.align	1
 222              		.weak	HAL_PCD_MspInit
 223              		.syntax unified
 224              		.thumb
 225              		.thumb_func
 227              	HAL_PCD_MspInit:
 228              	.LVL18:
 229              	.LFB337:
 279:Drivers/STM32H7xx_HAL_Driver/Src/stm32h7xx_hal_pcd.c ****   /* Prevent unused argument(s) compilation warning */
 230              		.loc 1 279 1 is_stmt 1 view -0
 231              		.cfi_startproc
 232              		@ args = 0, pretend = 0, frame = 0
 233              		@ frame_needed = 0, uses_anonymous_args = 0
 234              		@ link register save eliminated.
 281:Drivers/STM32H7xx_HAL_Driver/Src/stm32h7xx_hal_pcd.c **** 
 235              		.loc 1 281 3 view .LVU68
 286:Drivers/STM32H7xx_HAL_Driver/Src/stm32h7xx_hal_pcd.c **** 
 236              		.loc 1 286 1 is_stmt 0 view .LVU69
 237 0000 7047     		bx	lr
 238              		.cfi_endproc
 239              	.LFE337:
 241              		.section	.text.HAL_PCD_Init,"ax",%progbits
 242              		.align	1
 243              		.global	HAL_PCD_Init
 244              		.syntax unified
 245              		.thumb
 246              		.thumb_func
 248              	HAL_PCD_Init:
 249              	.LVL19:
ARM GAS  C:\Users\Made\AppData\Local\Temp\cch5frMA.s 			page 44


 250              	.LFB335:
 124:Drivers/STM32H7xx_HAL_Driver/Src/stm32h7xx_hal_pcd.c ****   uint8_t i;
 251              		.loc 1 124 1 is_stmt 1 view -0
 252              		.cfi_startproc
 253              		@ args = 0, pretend = 0, frame = 0
 254              		@ frame_needed = 0, uses_anonymous_args = 0
 124:Drivers/STM32H7xx_HAL_Driver/Src/stm32h7xx_hal_pcd.c ****   uint8_t i;
 255              		.loc 1 124 1 is_stmt 0 view .LVU71
 256 0000 30B5     		push	{r4, r5, lr}
 257              	.LCFI4:
 258              		.cfi_def_cfa_offset 12
 259              		.cfi_offset 4, -12
 260              		.cfi_offset 5, -8
 261              		.cfi_offset 14, -4
 262 0002 83B0     		sub	sp, sp, #12
 263              	.LCFI5:
 264              		.cfi_def_cfa_offset 24
 125:Drivers/STM32H7xx_HAL_Driver/Src/stm32h7xx_hal_pcd.c **** 
 265              		.loc 1 125 3 is_stmt 1 view .LVU72
 128:Drivers/STM32H7xx_HAL_Driver/Src/stm32h7xx_hal_pcd.c ****   {
 266              		.loc 1 128 3 view .LVU73
 128:Drivers/STM32H7xx_HAL_Driver/Src/stm32h7xx_hal_pcd.c ****   {
 267              		.loc 1 128 6 is_stmt 0 view .LVU74
 268 0004 0028     		cmp	r0, #0
 269 0006 7AD0     		beq	.L22
 270 0008 0446     		mov	r4, r0
 134:Drivers/STM32H7xx_HAL_Driver/Src/stm32h7xx_hal_pcd.c **** 
 271              		.loc 1 134 3 is_stmt 1 view .LVU75
 136:Drivers/STM32H7xx_HAL_Driver/Src/stm32h7xx_hal_pcd.c ****   {
 272              		.loc 1 136 3 view .LVU76
 136:Drivers/STM32H7xx_HAL_Driver/Src/stm32h7xx_hal_pcd.c ****   {
 273              		.loc 1 136 11 is_stmt 0 view .LVU77
 274 000a 90F89534 		ldrb	r3, [r0, #1173]	@ zero_extendqisi2
 136:Drivers/STM32H7xx_HAL_Driver/Src/stm32h7xx_hal_pcd.c ****   {
 275              		.loc 1 136 6 view .LVU78
 276 000e ABB1     		cbz	r3, .L25
 277              	.LVL20:
 278              	.L14:
 169:Drivers/STM32H7xx_HAL_Driver/Src/stm32h7xx_hal_pcd.c **** 
 279              		.loc 1 169 3 is_stmt 1 view .LVU79
 169:Drivers/STM32H7xx_HAL_Driver/Src/stm32h7xx_hal_pcd.c **** 
 280              		.loc 1 169 15 is_stmt 0 view .LVU80
 281 0010 0323     		movs	r3, #3
 282 0012 84F89534 		strb	r3, [r4, #1173]
 172:Drivers/STM32H7xx_HAL_Driver/Src/stm32h7xx_hal_pcd.c **** 
 283              		.loc 1 172 3 is_stmt 1 view .LVU81
 284 0016 2068     		ldr	r0, [r4]
 285 0018 FFF7FEFF 		bl	USB_DisableGlobalInt
 286              	.LVL21:
 175:Drivers/STM32H7xx_HAL_Driver/Src/stm32h7xx_hal_pcd.c ****   {
 287              		.loc 1 175 3 view .LVU82
 175:Drivers/STM32H7xx_HAL_Driver/Src/stm32h7xx_hal_pcd.c ****   {
 288              		.loc 1 175 7 is_stmt 0 view .LVU83
 289 001c 237C     		ldrb	r3, [r4, #16]	@ zero_extendqisi2
 290 001e 8DF80030 		strb	r3, [sp]
 291 0022 231D     		adds	r3, r4, #4
 292 0024 0ECB     		ldm	r3, {r1, r2, r3}
ARM GAS  C:\Users\Made\AppData\Local\Temp\cch5frMA.s 			page 45


 293 0026 2068     		ldr	r0, [r4]
 294 0028 FFF7FEFF 		bl	USB_CoreInit
 295              	.LVL22:
 175:Drivers/STM32H7xx_HAL_Driver/Src/stm32h7xx_hal_pcd.c ****   {
 296              		.loc 1 175 6 discriminator 1 view .LVU84
 297 002c 58B1     		cbz	r0, .L15
 177:Drivers/STM32H7xx_HAL_Driver/Src/stm32h7xx_hal_pcd.c ****     return HAL_ERROR;
 298              		.loc 1 177 5 is_stmt 1 view .LVU85
 177:Drivers/STM32H7xx_HAL_Driver/Src/stm32h7xx_hal_pcd.c ****     return HAL_ERROR;
 299              		.loc 1 177 17 is_stmt 0 view .LVU86
 300 002e 0223     		movs	r3, #2
 301 0030 84F89534 		strb	r3, [r4, #1173]
 178:Drivers/STM32H7xx_HAL_Driver/Src/stm32h7xx_hal_pcd.c ****   }
 302              		.loc 1 178 5 is_stmt 1 view .LVU87
 178:Drivers/STM32H7xx_HAL_Driver/Src/stm32h7xx_hal_pcd.c ****   }
 303              		.loc 1 178 12 is_stmt 0 view .LVU88
 304 0034 0125     		movs	r5, #1
 305              	.LVL23:
 306              	.L13:
 232:Drivers/STM32H7xx_HAL_Driver/Src/stm32h7xx_hal_pcd.c **** 
 307              		.loc 1 232 1 view .LVU89
 308 0036 2846     		mov	r0, r5
 309 0038 03B0     		add	sp, sp, #12
 310              	.LCFI6:
 311              		.cfi_remember_state
 312              		.cfi_def_cfa_offset 12
 313              		@ sp needed
 314 003a 30BD     		pop	{r4, r5, pc}
 315              	.LVL24:
 316              	.L25:
 317              	.LCFI7:
 318              		.cfi_restore_state
 139:Drivers/STM32H7xx_HAL_Driver/Src/stm32h7xx_hal_pcd.c **** 
 319              		.loc 1 139 5 is_stmt 1 view .LVU90
 139:Drivers/STM32H7xx_HAL_Driver/Src/stm32h7xx_hal_pcd.c **** 
 320              		.loc 1 139 16 is_stmt 0 view .LVU91
 321 003c 80F89434 		strb	r3, [r0, #1172]
 165:Drivers/STM32H7xx_HAL_Driver/Src/stm32h7xx_hal_pcd.c **** #endif /* (USE_HAL_PCD_REGISTER_CALLBACKS) */
 322              		.loc 1 165 5 is_stmt 1 view .LVU92
 323 0040 FFF7FEFF 		bl	HAL_PCD_MspInit
 324              	.LVL25:
 165:Drivers/STM32H7xx_HAL_Driver/Src/stm32h7xx_hal_pcd.c **** #endif /* (USE_HAL_PCD_REGISTER_CALLBACKS) */
 325              		.loc 1 165 5 is_stmt 0 view .LVU93
 326 0044 E4E7     		b	.L14
 327              	.L15:
 182:Drivers/STM32H7xx_HAL_Driver/Src/stm32h7xx_hal_pcd.c ****   {
 328              		.loc 1 182 3 is_stmt 1 view .LVU94
 182:Drivers/STM32H7xx_HAL_Driver/Src/stm32h7xx_hal_pcd.c ****   {
 329              		.loc 1 182 7 is_stmt 0 view .LVU95
 330 0046 0021     		movs	r1, #0
 331 0048 2068     		ldr	r0, [r4]
 332 004a FFF7FEFF 		bl	USB_SetCurrentMode
 333              	.LVL26:
 182:Drivers/STM32H7xx_HAL_Driver/Src/stm32h7xx_hal_pcd.c ****   {
 334              		.loc 1 182 6 discriminator 1 view .LVU96
 335 004e 0246     		mov	r2, r0
 336 0050 08B9     		cbnz	r0, .L26
ARM GAS  C:\Users\Made\AppData\Local\Temp\cch5frMA.s 			page 46


 189:Drivers/STM32H7xx_HAL_Driver/Src/stm32h7xx_hal_pcd.c ****   {
 337              		.loc 1 189 10 view .LVU97
 338 0052 0346     		mov	r3, r0
 339 0054 17E0     		b	.L16
 340              	.L26:
 184:Drivers/STM32H7xx_HAL_Driver/Src/stm32h7xx_hal_pcd.c ****     return HAL_ERROR;
 341              		.loc 1 184 5 is_stmt 1 view .LVU98
 184:Drivers/STM32H7xx_HAL_Driver/Src/stm32h7xx_hal_pcd.c ****     return HAL_ERROR;
 342              		.loc 1 184 17 is_stmt 0 view .LVU99
 343 0056 0223     		movs	r3, #2
 344 0058 84F89534 		strb	r3, [r4, #1173]
 185:Drivers/STM32H7xx_HAL_Driver/Src/stm32h7xx_hal_pcd.c ****   }
 345              		.loc 1 185 5 is_stmt 1 view .LVU100
 185:Drivers/STM32H7xx_HAL_Driver/Src/stm32h7xx_hal_pcd.c ****   }
 346              		.loc 1 185 12 is_stmt 0 view .LVU101
 347 005c 0125     		movs	r5, #1
 348 005e EAE7     		b	.L13
 349              	.LVL27:
 350              	.L17:
 192:Drivers/STM32H7xx_HAL_Driver/Src/stm32h7xx_hal_pcd.c ****     hpcd->IN_ep[i].num = i;
 351              		.loc 1 192 5 is_stmt 1 view .LVU102
 192:Drivers/STM32H7xx_HAL_Driver/Src/stm32h7xx_hal_pcd.c ****     hpcd->IN_ep[i].num = i;
 352              		.loc 1 192 26 is_stmt 0 view .LVU103
 353 0060 03EBC301 		add	r1, r3, r3, lsl #3
 354 0064 04EB8101 		add	r1, r4, r1, lsl #2
 355 0068 0120     		movs	r0, #1
 356 006a 4875     		strb	r0, [r1, #21]
 193:Drivers/STM32H7xx_HAL_Driver/Src/stm32h7xx_hal_pcd.c ****     hpcd->IN_ep[i].tx_fifo_num = i;
 357              		.loc 1 193 5 is_stmt 1 view .LVU104
 193:Drivers/STM32H7xx_HAL_Driver/Src/stm32h7xx_hal_pcd.c ****     hpcd->IN_ep[i].tx_fifo_num = i;
 358              		.loc 1 193 24 is_stmt 0 view .LVU105
 359 006c 0B75     		strb	r3, [r1, #20]
 194:Drivers/STM32H7xx_HAL_Driver/Src/stm32h7xx_hal_pcd.c ****     /* Control until ep is activated */
 360              		.loc 1 194 5 is_stmt 1 view .LVU106
 194:Drivers/STM32H7xx_HAL_Driver/Src/stm32h7xx_hal_pcd.c ****     /* Control until ep is activated */
 361              		.loc 1 194 32 is_stmt 0 view .LVU107
 362 006e CB85     		strh	r3, [r1, #46]	@ movhi
 196:Drivers/STM32H7xx_HAL_Driver/Src/stm32h7xx_hal_pcd.c ****     hpcd->IN_ep[i].maxpacket = 0U;
 363              		.loc 1 196 5 is_stmt 1 view .LVU108
 196:Drivers/STM32H7xx_HAL_Driver/Src/stm32h7xx_hal_pcd.c ****     hpcd->IN_ep[i].maxpacket = 0U;
 364              		.loc 1 196 25 is_stmt 0 view .LVU109
 365 0070 0020     		movs	r0, #0
 366 0072 0876     		strb	r0, [r1, #24]
 197:Drivers/STM32H7xx_HAL_Driver/Src/stm32h7xx_hal_pcd.c ****     hpcd->IN_ep[i].xfer_buff = 0U;
 367              		.loc 1 197 5 is_stmt 1 view .LVU110
 197:Drivers/STM32H7xx_HAL_Driver/Src/stm32h7xx_hal_pcd.c ****     hpcd->IN_ep[i].xfer_buff = 0U;
 368              		.loc 1 197 30 is_stmt 0 view .LVU111
 369 0074 C861     		str	r0, [r1, #28]
 198:Drivers/STM32H7xx_HAL_Driver/Src/stm32h7xx_hal_pcd.c ****     hpcd->IN_ep[i].xfer_len = 0U;
 370              		.loc 1 198 5 is_stmt 1 view .LVU112
 198:Drivers/STM32H7xx_HAL_Driver/Src/stm32h7xx_hal_pcd.c ****     hpcd->IN_ep[i].xfer_len = 0U;
 371              		.loc 1 198 30 is_stmt 0 view .LVU113
 372 0076 0862     		str	r0, [r1, #32]
 199:Drivers/STM32H7xx_HAL_Driver/Src/stm32h7xx_hal_pcd.c ****   }
 373              		.loc 1 199 5 is_stmt 1 view .LVU114
 199:Drivers/STM32H7xx_HAL_Driver/Src/stm32h7xx_hal_pcd.c ****   }
 374              		.loc 1 199 29 is_stmt 0 view .LVU115
ARM GAS  C:\Users\Made\AppData\Local\Temp\cch5frMA.s 			page 47


 375 0078 03EBC301 		add	r1, r3, r3, lsl #3
 376 007c 04EB8101 		add	r1, r4, r1, lsl #2
 377 0080 4862     		str	r0, [r1, #36]
 189:Drivers/STM32H7xx_HAL_Driver/Src/stm32h7xx_hal_pcd.c ****   {
 378              		.loc 1 189 47 is_stmt 1 discriminator 3 view .LVU116
 379 0082 0133     		adds	r3, r3, #1
 380              	.LVL28:
 189:Drivers/STM32H7xx_HAL_Driver/Src/stm32h7xx_hal_pcd.c ****   {
 381              		.loc 1 189 47 is_stmt 0 discriminator 3 view .LVU117
 382 0084 DBB2     		uxtb	r3, r3
 383              	.LVL29:
 384              	.L16:
 189:Drivers/STM32H7xx_HAL_Driver/Src/stm32h7xx_hal_pcd.c ****   {
 385              		.loc 1 189 18 is_stmt 1 discriminator 1 view .LVU118
 189:Drivers/STM32H7xx_HAL_Driver/Src/stm32h7xx_hal_pcd.c ****   {
 386              		.loc 1 189 30 is_stmt 0 discriminator 1 view .LVU119
 387 0086 2079     		ldrb	r0, [r4, #4]	@ zero_extendqisi2
 189:Drivers/STM32H7xx_HAL_Driver/Src/stm32h7xx_hal_pcd.c ****   {
 388              		.loc 1 189 18 discriminator 1 view .LVU120
 389 0088 9842     		cmp	r0, r3
 390 008a E9D8     		bhi	.L17
 391 008c 16E0     		b	.L18
 392              	.LVL30:
 393              	.L19:
 204:Drivers/STM32H7xx_HAL_Driver/Src/stm32h7xx_hal_pcd.c ****     hpcd->OUT_ep[i].num = i;
 394              		.loc 1 204 5 is_stmt 1 view .LVU121
 204:Drivers/STM32H7xx_HAL_Driver/Src/stm32h7xx_hal_pcd.c ****     hpcd->OUT_ep[i].num = i;
 395              		.loc 1 204 27 is_stmt 0 view .LVU122
 396 008e 02EBC203 		add	r3, r2, r2, lsl #3
 397 0092 04EB8303 		add	r3, r4, r3, lsl #2
 398 0096 0021     		movs	r1, #0
 399 0098 83F85512 		strb	r1, [r3, #597]
 205:Drivers/STM32H7xx_HAL_Driver/Src/stm32h7xx_hal_pcd.c ****     /* Control until ep is activated */
 400              		.loc 1 205 5 is_stmt 1 view .LVU123
 205:Drivers/STM32H7xx_HAL_Driver/Src/stm32h7xx_hal_pcd.c ****     /* Control until ep is activated */
 401              		.loc 1 205 25 is_stmt 0 view .LVU124
 402 009c 83F85422 		strb	r2, [r3, #596]
 207:Drivers/STM32H7xx_HAL_Driver/Src/stm32h7xx_hal_pcd.c ****     hpcd->OUT_ep[i].maxpacket = 0U;
 403              		.loc 1 207 5 is_stmt 1 view .LVU125
 207:Drivers/STM32H7xx_HAL_Driver/Src/stm32h7xx_hal_pcd.c ****     hpcd->OUT_ep[i].maxpacket = 0U;
 404              		.loc 1 207 26 is_stmt 0 view .LVU126
 405 00a0 83F85812 		strb	r1, [r3, #600]
 208:Drivers/STM32H7xx_HAL_Driver/Src/stm32h7xx_hal_pcd.c ****     hpcd->OUT_ep[i].xfer_buff = 0U;
 406              		.loc 1 208 5 is_stmt 1 view .LVU127
 208:Drivers/STM32H7xx_HAL_Driver/Src/stm32h7xx_hal_pcd.c ****     hpcd->OUT_ep[i].xfer_buff = 0U;
 407              		.loc 1 208 31 is_stmt 0 view .LVU128
 408 00a4 C3F85C12 		str	r1, [r3, #604]
 209:Drivers/STM32H7xx_HAL_Driver/Src/stm32h7xx_hal_pcd.c ****     hpcd->OUT_ep[i].xfer_len = 0U;
 409              		.loc 1 209 5 is_stmt 1 view .LVU129
 209:Drivers/STM32H7xx_HAL_Driver/Src/stm32h7xx_hal_pcd.c ****     hpcd->OUT_ep[i].xfer_len = 0U;
 410              		.loc 1 209 31 is_stmt 0 view .LVU130
 411 00a8 C3F86012 		str	r1, [r3, #608]
 210:Drivers/STM32H7xx_HAL_Driver/Src/stm32h7xx_hal_pcd.c ****   }
 412              		.loc 1 210 5 is_stmt 1 view .LVU131
 210:Drivers/STM32H7xx_HAL_Driver/Src/stm32h7xx_hal_pcd.c ****   }
 413              		.loc 1 210 30 is_stmt 0 view .LVU132
 414 00ac 02EBC203 		add	r3, r2, r2, lsl #3
ARM GAS  C:\Users\Made\AppData\Local\Temp\cch5frMA.s 			page 48


 415 00b0 04EB8303 		add	r3, r4, r3, lsl #2
 416 00b4 C3F86412 		str	r1, [r3, #612]
 202:Drivers/STM32H7xx_HAL_Driver/Src/stm32h7xx_hal_pcd.c ****   {
 417              		.loc 1 202 47 is_stmt 1 discriminator 3 view .LVU133
 418 00b8 0132     		adds	r2, r2, #1
 419              	.LVL31:
 202:Drivers/STM32H7xx_HAL_Driver/Src/stm32h7xx_hal_pcd.c ****   {
 420              		.loc 1 202 47 is_stmt 0 discriminator 3 view .LVU134
 421 00ba D2B2     		uxtb	r2, r2
 422              	.LVL32:
 423              	.L18:
 202:Drivers/STM32H7xx_HAL_Driver/Src/stm32h7xx_hal_pcd.c ****   {
 424              		.loc 1 202 18 is_stmt 1 discriminator 1 view .LVU135
 425 00bc 9042     		cmp	r0, r2
 426 00be E6D8     		bhi	.L19
 214:Drivers/STM32H7xx_HAL_Driver/Src/stm32h7xx_hal_pcd.c ****   {
 427              		.loc 1 214 3 view .LVU136
 214:Drivers/STM32H7xx_HAL_Driver/Src/stm32h7xx_hal_pcd.c ****   {
 428              		.loc 1 214 7 is_stmt 0 view .LVU137
 429 00c0 237C     		ldrb	r3, [r4, #16]	@ zero_extendqisi2
 430 00c2 8DF80030 		strb	r3, [sp]
 431 00c6 231D     		adds	r3, r4, #4
 432 00c8 0ECB     		ldm	r3, {r1, r2, r3}
 433              	.LVL33:
 214:Drivers/STM32H7xx_HAL_Driver/Src/stm32h7xx_hal_pcd.c ****   {
 434              		.loc 1 214 7 view .LVU138
 435 00ca 2068     		ldr	r0, [r4]
 436 00cc FFF7FEFF 		bl	USB_DevInit
 437              	.LVL34:
 214:Drivers/STM32H7xx_HAL_Driver/Src/stm32h7xx_hal_pcd.c ****   {
 438              		.loc 1 214 6 discriminator 1 view .LVU139
 439 00d0 0546     		mov	r5, r0
 440 00d2 58B9     		cbnz	r0, .L27
 220:Drivers/STM32H7xx_HAL_Driver/Src/stm32h7xx_hal_pcd.c ****   hpcd->State = HAL_PCD_STATE_READY;
 441              		.loc 1 220 3 is_stmt 1 view .LVU140
 220:Drivers/STM32H7xx_HAL_Driver/Src/stm32h7xx_hal_pcd.c ****   hpcd->State = HAL_PCD_STATE_READY;
 442              		.loc 1 220 21 is_stmt 0 view .LVU141
 443 00d4 0023     		movs	r3, #0
 444 00d6 6374     		strb	r3, [r4, #17]
 221:Drivers/STM32H7xx_HAL_Driver/Src/stm32h7xx_hal_pcd.c **** 
 445              		.loc 1 221 3 is_stmt 1 view .LVU142
 221:Drivers/STM32H7xx_HAL_Driver/Src/stm32h7xx_hal_pcd.c **** 
 446              		.loc 1 221 15 is_stmt 0 view .LVU143
 447 00d8 0123     		movs	r3, #1
 448 00da 84F89534 		strb	r3, [r4, #1173]
 224:Drivers/STM32H7xx_HAL_Driver/Src/stm32h7xx_hal_pcd.c ****   {
 449              		.loc 1 224 3 is_stmt 1 view .LVU144
 224:Drivers/STM32H7xx_HAL_Driver/Src/stm32h7xx_hal_pcd.c ****   {
 450              		.loc 1 224 17 is_stmt 0 view .LVU145
 451 00de 237B     		ldrb	r3, [r4, #12]	@ zero_extendqisi2
 224:Drivers/STM32H7xx_HAL_Driver/Src/stm32h7xx_hal_pcd.c ****   {
 452              		.loc 1 224 6 view .LVU146
 453 00e0 012B     		cmp	r3, #1
 454 00e2 08D0     		beq	.L28
 455              	.L21:
 229:Drivers/STM32H7xx_HAL_Driver/Src/stm32h7xx_hal_pcd.c **** 
 456              		.loc 1 229 3 is_stmt 1 view .LVU147
ARM GAS  C:\Users\Made\AppData\Local\Temp\cch5frMA.s 			page 49


 229:Drivers/STM32H7xx_HAL_Driver/Src/stm32h7xx_hal_pcd.c **** 
 457              		.loc 1 229 9 is_stmt 0 view .LVU148
 458 00e4 2068     		ldr	r0, [r4]
 459 00e6 FFF7FEFF 		bl	USB_DevDisconnect
 460              	.LVL35:
 231:Drivers/STM32H7xx_HAL_Driver/Src/stm32h7xx_hal_pcd.c **** }
 461              		.loc 1 231 3 is_stmt 1 view .LVU149
 231:Drivers/STM32H7xx_HAL_Driver/Src/stm32h7xx_hal_pcd.c **** }
 462              		.loc 1 231 10 is_stmt 0 view .LVU150
 463 00ea A4E7     		b	.L13
 464              	.L27:
 216:Drivers/STM32H7xx_HAL_Driver/Src/stm32h7xx_hal_pcd.c ****     return HAL_ERROR;
 465              		.loc 1 216 5 is_stmt 1 view .LVU151
 216:Drivers/STM32H7xx_HAL_Driver/Src/stm32h7xx_hal_pcd.c ****     return HAL_ERROR;
 466              		.loc 1 216 17 is_stmt 0 view .LVU152
 467 00ec 0223     		movs	r3, #2
 468 00ee 84F89534 		strb	r3, [r4, #1173]
 217:Drivers/STM32H7xx_HAL_Driver/Src/stm32h7xx_hal_pcd.c ****   }
 469              		.loc 1 217 5 is_stmt 1 view .LVU153
 217:Drivers/STM32H7xx_HAL_Driver/Src/stm32h7xx_hal_pcd.c ****   }
 470              		.loc 1 217 12 is_stmt 0 view .LVU154
 471 00f2 0125     		movs	r5, #1
 472 00f4 9FE7     		b	.L13
 473              	.L28:
 226:Drivers/STM32H7xx_HAL_Driver/Src/stm32h7xx_hal_pcd.c ****   }
 474              		.loc 1 226 5 is_stmt 1 view .LVU155
 226:Drivers/STM32H7xx_HAL_Driver/Src/stm32h7xx_hal_pcd.c ****   }
 475              		.loc 1 226 11 is_stmt 0 view .LVU156
 476 00f6 2046     		mov	r0, r4
 477 00f8 FFF7FEFF 		bl	HAL_PCDEx_ActivateLPM
 478              	.LVL36:
 479 00fc F2E7     		b	.L21
 480              	.LVL37:
 481              	.L22:
 130:Drivers/STM32H7xx_HAL_Driver/Src/stm32h7xx_hal_pcd.c ****   }
 482              		.loc 1 130 12 view .LVU157
 483 00fe 0125     		movs	r5, #1
 484 0100 99E7     		b	.L13
 485              		.cfi_endproc
 486              	.LFE335:
 488              		.section	.text.HAL_PCD_MspDeInit,"ax",%progbits
 489              		.align	1
 490              		.weak	HAL_PCD_MspDeInit
 491              		.syntax unified
 492              		.thumb
 493              		.thumb_func
 495              	HAL_PCD_MspDeInit:
 496              	.LVL38:
 497              	.LFB338:
 294:Drivers/STM32H7xx_HAL_Driver/Src/stm32h7xx_hal_pcd.c ****   /* Prevent unused argument(s) compilation warning */
 498              		.loc 1 294 1 is_stmt 1 view -0
 499              		.cfi_startproc
 500              		@ args = 0, pretend = 0, frame = 0
 501              		@ frame_needed = 0, uses_anonymous_args = 0
 502              		@ link register save eliminated.
 296:Drivers/STM32H7xx_HAL_Driver/Src/stm32h7xx_hal_pcd.c **** 
 503              		.loc 1 296 3 view .LVU159
ARM GAS  C:\Users\Made\AppData\Local\Temp\cch5frMA.s 			page 50


 301:Drivers/STM32H7xx_HAL_Driver/Src/stm32h7xx_hal_pcd.c **** 
 504              		.loc 1 301 1 is_stmt 0 view .LVU160
 505 0000 7047     		bx	lr
 506              		.cfi_endproc
 507              	.LFE338:
 509              		.section	.text.HAL_PCD_DeInit,"ax",%progbits
 510              		.align	1
 511              		.global	HAL_PCD_DeInit
 512              		.syntax unified
 513              		.thumb
 514              		.thumb_func
 516              	HAL_PCD_DeInit:
 517              	.LVL39:
 518              	.LFB336:
 240:Drivers/STM32H7xx_HAL_Driver/Src/stm32h7xx_hal_pcd.c ****   /* Check the PCD handle allocation */
 519              		.loc 1 240 1 is_stmt 1 view -0
 520              		.cfi_startproc
 521              		@ args = 0, pretend = 0, frame = 0
 522              		@ frame_needed = 0, uses_anonymous_args = 0
 240:Drivers/STM32H7xx_HAL_Driver/Src/stm32h7xx_hal_pcd.c ****   /* Check the PCD handle allocation */
 523              		.loc 1 240 1 is_stmt 0 view .LVU162
 524 0000 38B5     		push	{r3, r4, r5, lr}
 525              	.LCFI8:
 526              		.cfi_def_cfa_offset 16
 527              		.cfi_offset 3, -16
 528              		.cfi_offset 4, -12
 529              		.cfi_offset 5, -8
 530              		.cfi_offset 14, -4
 242:Drivers/STM32H7xx_HAL_Driver/Src/stm32h7xx_hal_pcd.c ****   {
 531              		.loc 1 242 3 is_stmt 1 view .LVU163
 242:Drivers/STM32H7xx_HAL_Driver/Src/stm32h7xx_hal_pcd.c ****   {
 532              		.loc 1 242 6 is_stmt 0 view .LVU164
 533 0002 90B1     		cbz	r0, .L32
 534 0004 0446     		mov	r4, r0
 247:Drivers/STM32H7xx_HAL_Driver/Src/stm32h7xx_hal_pcd.c **** 
 535              		.loc 1 247 3 is_stmt 1 view .LVU165
 247:Drivers/STM32H7xx_HAL_Driver/Src/stm32h7xx_hal_pcd.c **** 
 536              		.loc 1 247 15 is_stmt 0 view .LVU166
 537 0006 0323     		movs	r3, #3
 538 0008 80F89534 		strb	r3, [r0, #1173]
 250:Drivers/STM32H7xx_HAL_Driver/Src/stm32h7xx_hal_pcd.c ****   {
 539              		.loc 1 250 3 is_stmt 1 view .LVU167
 250:Drivers/STM32H7xx_HAL_Driver/Src/stm32h7xx_hal_pcd.c ****   {
 540              		.loc 1 250 7 is_stmt 0 view .LVU168
 541 000c 0068     		ldr	r0, [r0]
 542              	.LVL40:
 250:Drivers/STM32H7xx_HAL_Driver/Src/stm32h7xx_hal_pcd.c ****   {
 543              		.loc 1 250 7 view .LVU169
 544 000e FFF7FEFF 		bl	USB_StopDevice
 545              	.LVL41:
 250:Drivers/STM32H7xx_HAL_Driver/Src/stm32h7xx_hal_pcd.c ****   {
 546              		.loc 1 250 6 discriminator 1 view .LVU170
 547 0012 0546     		mov	r5, r0
 548 0014 10B1     		cbz	r0, .L35
 252:Drivers/STM32H7xx_HAL_Driver/Src/stm32h7xx_hal_pcd.c ****   }
 549              		.loc 1 252 12 view .LVU171
 550 0016 0125     		movs	r5, #1
ARM GAS  C:\Users\Made\AppData\Local\Temp\cch5frMA.s 			page 51


 551              	.LVL42:
 552              	.L31:
 271:Drivers/STM32H7xx_HAL_Driver/Src/stm32h7xx_hal_pcd.c **** 
 553              		.loc 1 271 1 view .LVU172
 554 0018 2846     		mov	r0, r5
 555 001a 38BD     		pop	{r3, r4, r5, pc}
 556              	.LVL43:
 557              	.L35:
 265:Drivers/STM32H7xx_HAL_Driver/Src/stm32h7xx_hal_pcd.c **** #endif /* USE_HAL_PCD_REGISTER_CALLBACKS */
 558              		.loc 1 265 3 is_stmt 1 view .LVU173
 559 001c 2046     		mov	r0, r4
 560 001e FFF7FEFF 		bl	HAL_PCD_MspDeInit
 561              	.LVL44:
 268:Drivers/STM32H7xx_HAL_Driver/Src/stm32h7xx_hal_pcd.c **** 
 562              		.loc 1 268 3 view .LVU174
 268:Drivers/STM32H7xx_HAL_Driver/Src/stm32h7xx_hal_pcd.c **** 
 563              		.loc 1 268 15 is_stmt 0 view .LVU175
 564 0022 0023     		movs	r3, #0
 565 0024 84F89534 		strb	r3, [r4, #1173]
 270:Drivers/STM32H7xx_HAL_Driver/Src/stm32h7xx_hal_pcd.c **** }
 566              		.loc 1 270 3 is_stmt 1 view .LVU176
 270:Drivers/STM32H7xx_HAL_Driver/Src/stm32h7xx_hal_pcd.c **** }
 567              		.loc 1 270 10 is_stmt 0 view .LVU177
 568 0028 F6E7     		b	.L31
 569              	.LVL45:
 570              	.L32:
 244:Drivers/STM32H7xx_HAL_Driver/Src/stm32h7xx_hal_pcd.c ****   }
 571              		.loc 1 244 12 view .LVU178
 572 002a 0125     		movs	r5, #1
 573 002c F4E7     		b	.L31
 574              		.cfi_endproc
 575              	.LFE336:
 577              		.section	.text.HAL_PCD_Start,"ax",%progbits
 578              		.align	1
 579              		.global	HAL_PCD_Start
 580              		.syntax unified
 581              		.thumb
 582              		.thumb_func
 584              	HAL_PCD_Start:
 585              	.LVL46:
 586              	.LFB339:
 997:Drivers/STM32H7xx_HAL_Driver/Src/stm32h7xx_hal_pcd.c ****   USB_OTG_GlobalTypeDef *USBx = hpcd->Instance;
 587              		.loc 1 997 1 is_stmt 1 view -0
 588              		.cfi_startproc
 589              		@ args = 0, pretend = 0, frame = 0
 590              		@ frame_needed = 0, uses_anonymous_args = 0
 998:Drivers/STM32H7xx_HAL_Driver/Src/stm32h7xx_hal_pcd.c **** 
 591              		.loc 1 998 3 view .LVU180
 998:Drivers/STM32H7xx_HAL_Driver/Src/stm32h7xx_hal_pcd.c **** 
 592              		.loc 1 998 26 is_stmt 0 view .LVU181
 593 0000 0368     		ldr	r3, [r0]
 594              	.LVL47:
1000:Drivers/STM32H7xx_HAL_Driver/Src/stm32h7xx_hal_pcd.c **** 
 595              		.loc 1 1000 3 is_stmt 1 view .LVU182
1000:Drivers/STM32H7xx_HAL_Driver/Src/stm32h7xx_hal_pcd.c **** 
 596              		.loc 1 1000 3 view .LVU183
 597 0002 90F89424 		ldrb	r2, [r0, #1172]	@ zero_extendqisi2
ARM GAS  C:\Users\Made\AppData\Local\Temp\cch5frMA.s 			page 52


 598 0006 012A     		cmp	r2, #1
 599 0008 1AD0     		beq	.L39
 997:Drivers/STM32H7xx_HAL_Driver/Src/stm32h7xx_hal_pcd.c ****   USB_OTG_GlobalTypeDef *USBx = hpcd->Instance;
 600              		.loc 1 997 1 is_stmt 0 view .LVU184
 601 000a 10B5     		push	{r4, lr}
 602              	.LCFI9:
 603              		.cfi_def_cfa_offset 8
 604              		.cfi_offset 4, -8
 605              		.cfi_offset 14, -4
 606 000c 0446     		mov	r4, r0
1000:Drivers/STM32H7xx_HAL_Driver/Src/stm32h7xx_hal_pcd.c **** 
 607              		.loc 1 1000 3 is_stmt 1 discriminator 2 view .LVU185
 608 000e 0122     		movs	r2, #1
 609 0010 80F89424 		strb	r2, [r0, #1172]
1000:Drivers/STM32H7xx_HAL_Driver/Src/stm32h7xx_hal_pcd.c **** 
 610              		.loc 1 1000 3 discriminator 2 view .LVU186
1002:Drivers/STM32H7xx_HAL_Driver/Src/stm32h7xx_hal_pcd.c ****       (hpcd->Init.battery_charging_enable == 1U))
 611              		.loc 1 1002 3 view .LVU187
1002:Drivers/STM32H7xx_HAL_Driver/Src/stm32h7xx_hal_pcd.c ****       (hpcd->Init.battery_charging_enable == 1U))
 612              		.loc 1 1002 13 is_stmt 0 view .LVU188
 613 0014 DA68     		ldr	r2, [r3, #12]
1002:Drivers/STM32H7xx_HAL_Driver/Src/stm32h7xx_hal_pcd.c ****       (hpcd->Init.battery_charging_enable == 1U))
 614              		.loc 1 1002 6 view .LVU189
 615 0016 12F0400F 		tst	r2, #64
 616 001a 02D0     		beq	.L38
1003:Drivers/STM32H7xx_HAL_Driver/Src/stm32h7xx_hal_pcd.c ****   {
 617              		.loc 1 1003 18 view .LVU190
 618 001c 427B     		ldrb	r2, [r0, #13]	@ zero_extendqisi2
1002:Drivers/STM32H7xx_HAL_Driver/Src/stm32h7xx_hal_pcd.c ****       (hpcd->Init.battery_charging_enable == 1U))
 619              		.loc 1 1002 56 discriminator 1 view .LVU191
 620 001e 012A     		cmp	r2, #1
 621 0020 09D0     		beq	.L44
 622              	.L38:
1009:Drivers/STM32H7xx_HAL_Driver/Src/stm32h7xx_hal_pcd.c ****   (void)USB_DevConnect(hpcd->Instance);
 623              		.loc 1 1009 3 is_stmt 1 view .LVU192
 624 0022 2068     		ldr	r0, [r4]
 625              	.LVL48:
1009:Drivers/STM32H7xx_HAL_Driver/Src/stm32h7xx_hal_pcd.c ****   (void)USB_DevConnect(hpcd->Instance);
 626              		.loc 1 1009 3 is_stmt 0 view .LVU193
 627 0024 FFF7FEFF 		bl	USB_EnableGlobalInt
 628              	.LVL49:
1010:Drivers/STM32H7xx_HAL_Driver/Src/stm32h7xx_hal_pcd.c ****   __HAL_UNLOCK(hpcd);
 629              		.loc 1 1010 3 is_stmt 1 view .LVU194
1010:Drivers/STM32H7xx_HAL_Driver/Src/stm32h7xx_hal_pcd.c ****   __HAL_UNLOCK(hpcd);
 630              		.loc 1 1010 9 is_stmt 0 view .LVU195
 631 0028 2068     		ldr	r0, [r4]
 632 002a FFF7FEFF 		bl	USB_DevConnect
 633              	.LVL50:
1011:Drivers/STM32H7xx_HAL_Driver/Src/stm32h7xx_hal_pcd.c **** 
 634              		.loc 1 1011 3 is_stmt 1 view .LVU196
1011:Drivers/STM32H7xx_HAL_Driver/Src/stm32h7xx_hal_pcd.c **** 
 635              		.loc 1 1011 3 view .LVU197
 636 002e 0020     		movs	r0, #0
 637 0030 84F89404 		strb	r0, [r4, #1172]
1011:Drivers/STM32H7xx_HAL_Driver/Src/stm32h7xx_hal_pcd.c **** 
 638              		.loc 1 1011 3 view .LVU198
1013:Drivers/STM32H7xx_HAL_Driver/Src/stm32h7xx_hal_pcd.c **** }
ARM GAS  C:\Users\Made\AppData\Local\Temp\cch5frMA.s 			page 53


 639              		.loc 1 1013 3 view .LVU199
1014:Drivers/STM32H7xx_HAL_Driver/Src/stm32h7xx_hal_pcd.c **** 
 640              		.loc 1 1014 1 is_stmt 0 view .LVU200
 641 0034 10BD     		pop	{r4, pc}
 642              	.LVL51:
 643              	.L44:
1006:Drivers/STM32H7xx_HAL_Driver/Src/stm32h7xx_hal_pcd.c ****   }
 644              		.loc 1 1006 5 is_stmt 1 view .LVU201
1006:Drivers/STM32H7xx_HAL_Driver/Src/stm32h7xx_hal_pcd.c ****   }
 645              		.loc 1 1006 9 is_stmt 0 view .LVU202
 646 0036 9A6B     		ldr	r2, [r3, #56]
1006:Drivers/STM32H7xx_HAL_Driver/Src/stm32h7xx_hal_pcd.c ****   }
 647              		.loc 1 1006 17 view .LVU203
 648 0038 42F48032 		orr	r2, r2, #65536
 649 003c 9A63     		str	r2, [r3, #56]
 650 003e F0E7     		b	.L38
 651              	.L39:
 652              	.LCFI10:
 653              		.cfi_def_cfa_offset 0
 654              		.cfi_restore 4
 655              		.cfi_restore 14
1000:Drivers/STM32H7xx_HAL_Driver/Src/stm32h7xx_hal_pcd.c **** 
 656              		.loc 1 1000 3 discriminator 1 view .LVU204
 657 0040 0220     		movs	r0, #2
 658              	.LVL52:
1014:Drivers/STM32H7xx_HAL_Driver/Src/stm32h7xx_hal_pcd.c **** 
 659              		.loc 1 1014 1 view .LVU205
 660 0042 7047     		bx	lr
 661              		.cfi_endproc
 662              	.LFE339:
 664              		.section	.text.HAL_PCD_Stop,"ax",%progbits
 665              		.align	1
 666              		.global	HAL_PCD_Stop
 667              		.syntax unified
 668              		.thumb
 669              		.thumb_func
 671              	HAL_PCD_Stop:
 672              	.LVL53:
 673              	.LFB340:
1022:Drivers/STM32H7xx_HAL_Driver/Src/stm32h7xx_hal_pcd.c ****   USB_OTG_GlobalTypeDef *USBx = hpcd->Instance;
 674              		.loc 1 1022 1 is_stmt 1 view -0
 675              		.cfi_startproc
 676              		@ args = 0, pretend = 0, frame = 0
 677              		@ frame_needed = 0, uses_anonymous_args = 0
1022:Drivers/STM32H7xx_HAL_Driver/Src/stm32h7xx_hal_pcd.c ****   USB_OTG_GlobalTypeDef *USBx = hpcd->Instance;
 678              		.loc 1 1022 1 is_stmt 0 view .LVU207
 679 0000 38B5     		push	{r3, r4, r5, lr}
 680              	.LCFI11:
 681              		.cfi_def_cfa_offset 16
 682              		.cfi_offset 3, -16
 683              		.cfi_offset 4, -12
 684              		.cfi_offset 5, -8
 685              		.cfi_offset 14, -4
1023:Drivers/STM32H7xx_HAL_Driver/Src/stm32h7xx_hal_pcd.c **** 
 686              		.loc 1 1023 3 is_stmt 1 view .LVU208
1023:Drivers/STM32H7xx_HAL_Driver/Src/stm32h7xx_hal_pcd.c **** 
 687              		.loc 1 1023 26 is_stmt 0 view .LVU209
ARM GAS  C:\Users\Made\AppData\Local\Temp\cch5frMA.s 			page 54


 688 0002 0568     		ldr	r5, [r0]
 689              	.LVL54:
1025:Drivers/STM32H7xx_HAL_Driver/Src/stm32h7xx_hal_pcd.c ****   __HAL_PCD_DISABLE(hpcd);
 690              		.loc 1 1025 3 is_stmt 1 view .LVU210
1025:Drivers/STM32H7xx_HAL_Driver/Src/stm32h7xx_hal_pcd.c ****   __HAL_PCD_DISABLE(hpcd);
 691              		.loc 1 1025 3 view .LVU211
 692 0004 90F89434 		ldrb	r3, [r0, #1172]	@ zero_extendqisi2
 693 0008 012B     		cmp	r3, #1
 694 000a 1DD0     		beq	.L48
 695 000c 0446     		mov	r4, r0
1025:Drivers/STM32H7xx_HAL_Driver/Src/stm32h7xx_hal_pcd.c ****   __HAL_PCD_DISABLE(hpcd);
 696              		.loc 1 1025 3 discriminator 2 view .LVU212
 697 000e 0123     		movs	r3, #1
 698 0010 80F89434 		strb	r3, [r0, #1172]
1025:Drivers/STM32H7xx_HAL_Driver/Src/stm32h7xx_hal_pcd.c ****   __HAL_PCD_DISABLE(hpcd);
 699              		.loc 1 1025 3 discriminator 2 view .LVU213
1026:Drivers/STM32H7xx_HAL_Driver/Src/stm32h7xx_hal_pcd.c ****   (void)USB_DevDisconnect(hpcd->Instance);
 700              		.loc 1 1026 3 view .LVU214
 701 0014 2846     		mov	r0, r5
 702              	.LVL55:
1026:Drivers/STM32H7xx_HAL_Driver/Src/stm32h7xx_hal_pcd.c ****   (void)USB_DevDisconnect(hpcd->Instance);
 703              		.loc 1 1026 3 is_stmt 0 view .LVU215
 704 0016 FFF7FEFF 		bl	USB_DisableGlobalInt
 705              	.LVL56:
1027:Drivers/STM32H7xx_HAL_Driver/Src/stm32h7xx_hal_pcd.c **** 
 706              		.loc 1 1027 3 is_stmt 1 view .LVU216
1027:Drivers/STM32H7xx_HAL_Driver/Src/stm32h7xx_hal_pcd.c **** 
 707              		.loc 1 1027 9 is_stmt 0 view .LVU217
 708 001a 2068     		ldr	r0, [r4]
 709 001c FFF7FEFF 		bl	USB_DevDisconnect
 710              	.LVL57:
1029:Drivers/STM32H7xx_HAL_Driver/Src/stm32h7xx_hal_pcd.c **** 
 711              		.loc 1 1029 3 is_stmt 1 view .LVU218
1029:Drivers/STM32H7xx_HAL_Driver/Src/stm32h7xx_hal_pcd.c **** 
 712              		.loc 1 1029 9 is_stmt 0 view .LVU219
 713 0020 1021     		movs	r1, #16
 714 0022 2068     		ldr	r0, [r4]
 715 0024 FFF7FEFF 		bl	USB_FlushTxFifo
 716              	.LVL58:
1031:Drivers/STM32H7xx_HAL_Driver/Src/stm32h7xx_hal_pcd.c ****       (hpcd->Init.battery_charging_enable == 1U))
 717              		.loc 1 1031 3 is_stmt 1 view .LVU220
1031:Drivers/STM32H7xx_HAL_Driver/Src/stm32h7xx_hal_pcd.c ****       (hpcd->Init.battery_charging_enable == 1U))
 718              		.loc 1 1031 13 is_stmt 0 view .LVU221
 719 0028 EB68     		ldr	r3, [r5, #12]
1031:Drivers/STM32H7xx_HAL_Driver/Src/stm32h7xx_hal_pcd.c ****       (hpcd->Init.battery_charging_enable == 1U))
 720              		.loc 1 1031 6 view .LVU222
 721 002a 13F0400F 		tst	r3, #64
 722 002e 02D0     		beq	.L47
1032:Drivers/STM32H7xx_HAL_Driver/Src/stm32h7xx_hal_pcd.c ****   {
 723              		.loc 1 1032 18 view .LVU223
 724 0030 637B     		ldrb	r3, [r4, #13]	@ zero_extendqisi2
1031:Drivers/STM32H7xx_HAL_Driver/Src/stm32h7xx_hal_pcd.c ****       (hpcd->Init.battery_charging_enable == 1U))
 725              		.loc 1 1031 56 discriminator 1 view .LVU224
 726 0032 012B     		cmp	r3, #1
 727 0034 03D0     		beq	.L50
 728              	.L47:
1038:Drivers/STM32H7xx_HAL_Driver/Src/stm32h7xx_hal_pcd.c **** 
ARM GAS  C:\Users\Made\AppData\Local\Temp\cch5frMA.s 			page 55


 729              		.loc 1 1038 3 is_stmt 1 view .LVU225
1038:Drivers/STM32H7xx_HAL_Driver/Src/stm32h7xx_hal_pcd.c **** 
 730              		.loc 1 1038 3 view .LVU226
 731 0036 0020     		movs	r0, #0
 732 0038 84F89404 		strb	r0, [r4, #1172]
1038:Drivers/STM32H7xx_HAL_Driver/Src/stm32h7xx_hal_pcd.c **** 
 733              		.loc 1 1038 3 view .LVU227
1040:Drivers/STM32H7xx_HAL_Driver/Src/stm32h7xx_hal_pcd.c **** }
 734              		.loc 1 1040 3 view .LVU228
 735              	.LVL59:
 736              	.L46:
1041:Drivers/STM32H7xx_HAL_Driver/Src/stm32h7xx_hal_pcd.c **** 
 737              		.loc 1 1041 1 is_stmt 0 view .LVU229
 738 003c 38BD     		pop	{r3, r4, r5, pc}
 739              	.LVL60:
 740              	.L50:
1035:Drivers/STM32H7xx_HAL_Driver/Src/stm32h7xx_hal_pcd.c ****   }
 741              		.loc 1 1035 5 is_stmt 1 view .LVU230
1035:Drivers/STM32H7xx_HAL_Driver/Src/stm32h7xx_hal_pcd.c ****   }
 742              		.loc 1 1035 9 is_stmt 0 view .LVU231
 743 003e AB6B     		ldr	r3, [r5, #56]
1035:Drivers/STM32H7xx_HAL_Driver/Src/stm32h7xx_hal_pcd.c ****   }
 744              		.loc 1 1035 17 view .LVU232
 745 0040 23F48033 		bic	r3, r3, #65536
 746 0044 AB63     		str	r3, [r5, #56]
 747 0046 F6E7     		b	.L47
 748              	.LVL61:
 749              	.L48:
1025:Drivers/STM32H7xx_HAL_Driver/Src/stm32h7xx_hal_pcd.c ****   __HAL_PCD_DISABLE(hpcd);
 750              		.loc 1 1025 3 discriminator 1 view .LVU233
 751 0048 0220     		movs	r0, #2
 752              	.LVL62:
1025:Drivers/STM32H7xx_HAL_Driver/Src/stm32h7xx_hal_pcd.c ****   __HAL_PCD_DISABLE(hpcd);
 753              		.loc 1 1025 3 discriminator 1 view .LVU234
 754 004a F7E7     		b	.L46
 755              		.cfi_endproc
 756              	.LFE340:
 758              		.section	.text.HAL_PCD_DataOutStageCallback,"ax",%progbits
 759              		.align	1
 760              		.weak	HAL_PCD_DataOutStageCallback
 761              		.syntax unified
 762              		.thumb
 763              		.thumb_func
 765              	HAL_PCD_DataOutStageCallback:
 766              	.LVL63:
 767              	.LFB342:
1512:Drivers/STM32H7xx_HAL_Driver/Src/stm32h7xx_hal_pcd.c ****   /* Prevent unused argument(s) compilation warning */
 768              		.loc 1 1512 1 is_stmt 1 view -0
 769              		.cfi_startproc
 770              		@ args = 0, pretend = 0, frame = 0
 771              		@ frame_needed = 0, uses_anonymous_args = 0
 772              		@ link register save eliminated.
1514:Drivers/STM32H7xx_HAL_Driver/Src/stm32h7xx_hal_pcd.c ****   UNUSED(epnum);
 773              		.loc 1 1514 3 view .LVU236
1515:Drivers/STM32H7xx_HAL_Driver/Src/stm32h7xx_hal_pcd.c **** 
 774              		.loc 1 1515 3 view .LVU237
1520:Drivers/STM32H7xx_HAL_Driver/Src/stm32h7xx_hal_pcd.c **** 
ARM GAS  C:\Users\Made\AppData\Local\Temp\cch5frMA.s 			page 56


 775              		.loc 1 1520 1 is_stmt 0 view .LVU238
 776 0000 7047     		bx	lr
 777              		.cfi_endproc
 778              	.LFE342:
 780              		.section	.text.PCD_EP_OutXfrComplete_int,"ax",%progbits
 781              		.align	1
 782              		.syntax unified
 783              		.thumb
 784              		.thumb_func
 786              	PCD_EP_OutXfrComplete_int:
 787              	.LVL64:
 788              	.LFB370:
2186:Drivers/STM32H7xx_HAL_Driver/Src/stm32h7xx_hal_pcd.c **** 
2187:Drivers/STM32H7xx_HAL_Driver/Src/stm32h7xx_hal_pcd.c **** 
2188:Drivers/STM32H7xx_HAL_Driver/Src/stm32h7xx_hal_pcd.c **** /**
2189:Drivers/STM32H7xx_HAL_Driver/Src/stm32h7xx_hal_pcd.c ****   * @brief  process EP OUT transfer complete interrupt.
2190:Drivers/STM32H7xx_HAL_Driver/Src/stm32h7xx_hal_pcd.c ****   * @param  hpcd PCD handle
2191:Drivers/STM32H7xx_HAL_Driver/Src/stm32h7xx_hal_pcd.c ****   * @param  epnum endpoint number
2192:Drivers/STM32H7xx_HAL_Driver/Src/stm32h7xx_hal_pcd.c ****   * @retval HAL status
2193:Drivers/STM32H7xx_HAL_Driver/Src/stm32h7xx_hal_pcd.c ****   */
2194:Drivers/STM32H7xx_HAL_Driver/Src/stm32h7xx_hal_pcd.c **** static HAL_StatusTypeDef PCD_EP_OutXfrComplete_int(PCD_HandleTypeDef *hpcd, uint32_t epnum)
2195:Drivers/STM32H7xx_HAL_Driver/Src/stm32h7xx_hal_pcd.c **** {
 789              		.loc 1 2195 1 is_stmt 1 view -0
 790              		.cfi_startproc
 791              		@ args = 0, pretend = 0, frame = 0
 792              		@ frame_needed = 0, uses_anonymous_args = 0
 793              		.loc 1 2195 1 is_stmt 0 view .LVU240
 794 0000 70B5     		push	{r4, r5, r6, lr}
 795              	.LCFI12:
 796              		.cfi_def_cfa_offset 16
 797              		.cfi_offset 4, -16
 798              		.cfi_offset 5, -12
 799              		.cfi_offset 6, -8
 800              		.cfi_offset 14, -4
 801 0002 0446     		mov	r4, r0
 802 0004 0D46     		mov	r5, r1
2196:Drivers/STM32H7xx_HAL_Driver/Src/stm32h7xx_hal_pcd.c ****   USB_OTG_EPTypeDef *ep;
 803              		.loc 1 2196 3 is_stmt 1 view .LVU241
2197:Drivers/STM32H7xx_HAL_Driver/Src/stm32h7xx_hal_pcd.c ****   const USB_OTG_GlobalTypeDef *USBx = hpcd->Instance;
 804              		.loc 1 2197 3 view .LVU242
 805              		.loc 1 2197 32 is_stmt 0 view .LVU243
 806 0006 0068     		ldr	r0, [r0]
 807              	.LVL65:
2198:Drivers/STM32H7xx_HAL_Driver/Src/stm32h7xx_hal_pcd.c ****   uint32_t USBx_BASE = (uint32_t)USBx;
 808              		.loc 1 2198 3 is_stmt 1 view .LVU244
2199:Drivers/STM32H7xx_HAL_Driver/Src/stm32h7xx_hal_pcd.c ****   uint32_t gSNPSiD = *(__IO const uint32_t *)(&USBx->CID + 0x1U);
 809              		.loc 1 2199 3 view .LVU245
 810              		.loc 1 2199 12 is_stmt 0 view .LVU246
 811 0008 066C     		ldr	r6, [r0, #64]
 812              	.LVL66:
2200:Drivers/STM32H7xx_HAL_Driver/Src/stm32h7xx_hal_pcd.c ****   uint32_t DoepintReg = USBx_OUTEP(epnum)->DOEPINT;
 813              		.loc 1 2200 3 is_stmt 1 view .LVU247
 814              		.loc 1 2200 25 is_stmt 0 view .LVU248
 815 000a 00EB4113 		add	r3, r0, r1, lsl #5
 816 000e 03F53063 		add	r3, r3, #2816
 817              		.loc 1 2200 12 view .LVU249
 818 0012 9A68     		ldr	r2, [r3, #8]
ARM GAS  C:\Users\Made\AppData\Local\Temp\cch5frMA.s 			page 57


 819              	.LVL67:
2201:Drivers/STM32H7xx_HAL_Driver/Src/stm32h7xx_hal_pcd.c **** 
2202:Drivers/STM32H7xx_HAL_Driver/Src/stm32h7xx_hal_pcd.c ****   if (hpcd->Init.dma_enable == 1U)
 820              		.loc 1 2202 3 is_stmt 1 view .LVU250
 821              		.loc 1 2202 17 is_stmt 0 view .LVU251
 822 0014 A179     		ldrb	r1, [r4, #6]	@ zero_extendqisi2
 823              	.LVL68:
 824              		.loc 1 2202 6 view .LVU252
 825 0016 0129     		cmp	r1, #1
 826 0018 11D0     		beq	.L65
2203:Drivers/STM32H7xx_HAL_Driver/Src/stm32h7xx_hal_pcd.c ****   {
2204:Drivers/STM32H7xx_HAL_Driver/Src/stm32h7xx_hal_pcd.c ****     if ((DoepintReg & USB_OTG_DOEPINT_STUP) == USB_OTG_DOEPINT_STUP) /* Class C */
2205:Drivers/STM32H7xx_HAL_Driver/Src/stm32h7xx_hal_pcd.c ****     {
2206:Drivers/STM32H7xx_HAL_Driver/Src/stm32h7xx_hal_pcd.c ****       /* StupPktRcvd = 1 this is a setup packet */
2207:Drivers/STM32H7xx_HAL_Driver/Src/stm32h7xx_hal_pcd.c ****       if ((gSNPSiD > USB_OTG_CORE_ID_300A) &&
2208:Drivers/STM32H7xx_HAL_Driver/Src/stm32h7xx_hal_pcd.c ****           ((DoepintReg & USB_OTG_DOEPINT_STPKTRX) == USB_OTG_DOEPINT_STPKTRX))
2209:Drivers/STM32H7xx_HAL_Driver/Src/stm32h7xx_hal_pcd.c ****       {
2210:Drivers/STM32H7xx_HAL_Driver/Src/stm32h7xx_hal_pcd.c ****         CLEAR_OUT_EP_INTR(epnum, USB_OTG_DOEPINT_STPKTRX);
2211:Drivers/STM32H7xx_HAL_Driver/Src/stm32h7xx_hal_pcd.c ****       }
2212:Drivers/STM32H7xx_HAL_Driver/Src/stm32h7xx_hal_pcd.c ****     }
2213:Drivers/STM32H7xx_HAL_Driver/Src/stm32h7xx_hal_pcd.c ****     else if ((DoepintReg & USB_OTG_DOEPINT_OTEPSPR) == USB_OTG_DOEPINT_OTEPSPR) /* Class E */
2214:Drivers/STM32H7xx_HAL_Driver/Src/stm32h7xx_hal_pcd.c ****     {
2215:Drivers/STM32H7xx_HAL_Driver/Src/stm32h7xx_hal_pcd.c ****       CLEAR_OUT_EP_INTR(epnum, USB_OTG_DOEPINT_OTEPSPR);
2216:Drivers/STM32H7xx_HAL_Driver/Src/stm32h7xx_hal_pcd.c ****     }
2217:Drivers/STM32H7xx_HAL_Driver/Src/stm32h7xx_hal_pcd.c ****     else if ((DoepintReg & (USB_OTG_DOEPINT_STUP | USB_OTG_DOEPINT_OTEPSPR)) == 0U)
2218:Drivers/STM32H7xx_HAL_Driver/Src/stm32h7xx_hal_pcd.c ****     {
2219:Drivers/STM32H7xx_HAL_Driver/Src/stm32h7xx_hal_pcd.c ****       /* StupPktRcvd = 1 this is a setup packet */
2220:Drivers/STM32H7xx_HAL_Driver/Src/stm32h7xx_hal_pcd.c ****       if ((gSNPSiD > USB_OTG_CORE_ID_300A) &&
2221:Drivers/STM32H7xx_HAL_Driver/Src/stm32h7xx_hal_pcd.c ****           ((DoepintReg & USB_OTG_DOEPINT_STPKTRX) == USB_OTG_DOEPINT_STPKTRX))
2222:Drivers/STM32H7xx_HAL_Driver/Src/stm32h7xx_hal_pcd.c ****       {
2223:Drivers/STM32H7xx_HAL_Driver/Src/stm32h7xx_hal_pcd.c ****         CLEAR_OUT_EP_INTR(epnum, USB_OTG_DOEPINT_STPKTRX);
2224:Drivers/STM32H7xx_HAL_Driver/Src/stm32h7xx_hal_pcd.c ****       }
2225:Drivers/STM32H7xx_HAL_Driver/Src/stm32h7xx_hal_pcd.c ****       else
2226:Drivers/STM32H7xx_HAL_Driver/Src/stm32h7xx_hal_pcd.c ****       {
2227:Drivers/STM32H7xx_HAL_Driver/Src/stm32h7xx_hal_pcd.c ****         ep = &hpcd->OUT_ep[epnum];
2228:Drivers/STM32H7xx_HAL_Driver/Src/stm32h7xx_hal_pcd.c **** 
2229:Drivers/STM32H7xx_HAL_Driver/Src/stm32h7xx_hal_pcd.c ****         /* out data packet received over EP */
2230:Drivers/STM32H7xx_HAL_Driver/Src/stm32h7xx_hal_pcd.c ****         ep->xfer_count = ep->xfer_size - (USBx_OUTEP(epnum)->DOEPTSIZ & USB_OTG_DOEPTSIZ_XFRSIZ);
2231:Drivers/STM32H7xx_HAL_Driver/Src/stm32h7xx_hal_pcd.c **** 
2232:Drivers/STM32H7xx_HAL_Driver/Src/stm32h7xx_hal_pcd.c ****         if (epnum == 0U)
2233:Drivers/STM32H7xx_HAL_Driver/Src/stm32h7xx_hal_pcd.c ****         {
2234:Drivers/STM32H7xx_HAL_Driver/Src/stm32h7xx_hal_pcd.c ****           if (ep->xfer_len == 0U)
2235:Drivers/STM32H7xx_HAL_Driver/Src/stm32h7xx_hal_pcd.c ****           {
2236:Drivers/STM32H7xx_HAL_Driver/Src/stm32h7xx_hal_pcd.c ****             /* this is ZLP, so prepare EP0 for next setup */
2237:Drivers/STM32H7xx_HAL_Driver/Src/stm32h7xx_hal_pcd.c ****             (void)USB_EP0_OutStart(hpcd->Instance, 1U, (uint8_t *)hpcd->Setup);
2238:Drivers/STM32H7xx_HAL_Driver/Src/stm32h7xx_hal_pcd.c ****           }
2239:Drivers/STM32H7xx_HAL_Driver/Src/stm32h7xx_hal_pcd.c ****           else
2240:Drivers/STM32H7xx_HAL_Driver/Src/stm32h7xx_hal_pcd.c ****           {
2241:Drivers/STM32H7xx_HAL_Driver/Src/stm32h7xx_hal_pcd.c ****             ep->xfer_buff += ep->xfer_count;
2242:Drivers/STM32H7xx_HAL_Driver/Src/stm32h7xx_hal_pcd.c ****           }
2243:Drivers/STM32H7xx_HAL_Driver/Src/stm32h7xx_hal_pcd.c ****         }
2244:Drivers/STM32H7xx_HAL_Driver/Src/stm32h7xx_hal_pcd.c **** 
2245:Drivers/STM32H7xx_HAL_Driver/Src/stm32h7xx_hal_pcd.c **** #if (USE_HAL_PCD_REGISTER_CALLBACKS == 1U)
2246:Drivers/STM32H7xx_HAL_Driver/Src/stm32h7xx_hal_pcd.c ****         hpcd->DataOutStageCallback(hpcd, (uint8_t)epnum);
2247:Drivers/STM32H7xx_HAL_Driver/Src/stm32h7xx_hal_pcd.c **** #else
2248:Drivers/STM32H7xx_HAL_Driver/Src/stm32h7xx_hal_pcd.c ****         HAL_PCD_DataOutStageCallback(hpcd, (uint8_t)epnum);
2249:Drivers/STM32H7xx_HAL_Driver/Src/stm32h7xx_hal_pcd.c **** #endif /* USE_HAL_PCD_REGISTER_CALLBACKS */
ARM GAS  C:\Users\Made\AppData\Local\Temp\cch5frMA.s 			page 58


2250:Drivers/STM32H7xx_HAL_Driver/Src/stm32h7xx_hal_pcd.c ****       }
2251:Drivers/STM32H7xx_HAL_Driver/Src/stm32h7xx_hal_pcd.c ****     }
2252:Drivers/STM32H7xx_HAL_Driver/Src/stm32h7xx_hal_pcd.c ****     else
2253:Drivers/STM32H7xx_HAL_Driver/Src/stm32h7xx_hal_pcd.c ****     {
2254:Drivers/STM32H7xx_HAL_Driver/Src/stm32h7xx_hal_pcd.c ****       /* ... */
2255:Drivers/STM32H7xx_HAL_Driver/Src/stm32h7xx_hal_pcd.c ****     }
2256:Drivers/STM32H7xx_HAL_Driver/Src/stm32h7xx_hal_pcd.c ****   }
2257:Drivers/STM32H7xx_HAL_Driver/Src/stm32h7xx_hal_pcd.c ****   else
2258:Drivers/STM32H7xx_HAL_Driver/Src/stm32h7xx_hal_pcd.c ****   {
2259:Drivers/STM32H7xx_HAL_Driver/Src/stm32h7xx_hal_pcd.c ****     if (gSNPSiD == USB_OTG_CORE_ID_310A)
 827              		.loc 1 2259 5 is_stmt 1 view .LVU253
 828              		.loc 1 2259 8 is_stmt 0 view .LVU254
 829 001a 3849     		ldr	r1, .L69
 830 001c 8E42     		cmp	r6, r1
 831 001e 56D0     		beq	.L66
2260:Drivers/STM32H7xx_HAL_Driver/Src/stm32h7xx_hal_pcd.c ****     {
2261:Drivers/STM32H7xx_HAL_Driver/Src/stm32h7xx_hal_pcd.c ****       /* StupPktRcvd = 1 this is a setup packet */
2262:Drivers/STM32H7xx_HAL_Driver/Src/stm32h7xx_hal_pcd.c ****       if ((DoepintReg & USB_OTG_DOEPINT_STPKTRX) == USB_OTG_DOEPINT_STPKTRX)
2263:Drivers/STM32H7xx_HAL_Driver/Src/stm32h7xx_hal_pcd.c ****       {
2264:Drivers/STM32H7xx_HAL_Driver/Src/stm32h7xx_hal_pcd.c ****         CLEAR_OUT_EP_INTR(epnum, USB_OTG_DOEPINT_STPKTRX);
2265:Drivers/STM32H7xx_HAL_Driver/Src/stm32h7xx_hal_pcd.c ****       }
2266:Drivers/STM32H7xx_HAL_Driver/Src/stm32h7xx_hal_pcd.c ****       else
2267:Drivers/STM32H7xx_HAL_Driver/Src/stm32h7xx_hal_pcd.c ****       {
2268:Drivers/STM32H7xx_HAL_Driver/Src/stm32h7xx_hal_pcd.c ****         if ((DoepintReg & USB_OTG_DOEPINT_OTEPSPR) == USB_OTG_DOEPINT_OTEPSPR)
2269:Drivers/STM32H7xx_HAL_Driver/Src/stm32h7xx_hal_pcd.c ****         {
2270:Drivers/STM32H7xx_HAL_Driver/Src/stm32h7xx_hal_pcd.c ****           CLEAR_OUT_EP_INTR(epnum, USB_OTG_DOEPINT_OTEPSPR);
2271:Drivers/STM32H7xx_HAL_Driver/Src/stm32h7xx_hal_pcd.c ****         }
2272:Drivers/STM32H7xx_HAL_Driver/Src/stm32h7xx_hal_pcd.c **** 
2273:Drivers/STM32H7xx_HAL_Driver/Src/stm32h7xx_hal_pcd.c **** #if (USE_HAL_PCD_REGISTER_CALLBACKS == 1U)
2274:Drivers/STM32H7xx_HAL_Driver/Src/stm32h7xx_hal_pcd.c ****         hpcd->DataOutStageCallback(hpcd, (uint8_t)epnum);
2275:Drivers/STM32H7xx_HAL_Driver/Src/stm32h7xx_hal_pcd.c **** #else
2276:Drivers/STM32H7xx_HAL_Driver/Src/stm32h7xx_hal_pcd.c ****         HAL_PCD_DataOutStageCallback(hpcd, (uint8_t)epnum);
2277:Drivers/STM32H7xx_HAL_Driver/Src/stm32h7xx_hal_pcd.c **** #endif /* USE_HAL_PCD_REGISTER_CALLBACKS */
2278:Drivers/STM32H7xx_HAL_Driver/Src/stm32h7xx_hal_pcd.c ****       }
2279:Drivers/STM32H7xx_HAL_Driver/Src/stm32h7xx_hal_pcd.c ****     }
2280:Drivers/STM32H7xx_HAL_Driver/Src/stm32h7xx_hal_pcd.c ****     else
2281:Drivers/STM32H7xx_HAL_Driver/Src/stm32h7xx_hal_pcd.c ****     {
2282:Drivers/STM32H7xx_HAL_Driver/Src/stm32h7xx_hal_pcd.c ****       if ((epnum == 0U) && (hpcd->OUT_ep[epnum].xfer_len == 0U))
 832              		.loc 1 2282 7 is_stmt 1 view .LVU255
 833              		.loc 1 2282 10 is_stmt 0 view .LVU256
 834 0020 3DB9     		cbnz	r5, .L63
 835              		.loc 1 2282 48 discriminator 1 view .LVU257
 836 0022 05EBC503 		add	r3, r5, r5, lsl #3
 837 0026 04EB8303 		add	r3, r4, r3, lsl #2
 838 002a D3F86432 		ldr	r3, [r3, #612]
 839              		.loc 1 2282 25 discriminator 1 view .LVU258
 840 002e 002B     		cmp	r3, #0
 841 0030 5ED0     		beq	.L67
 842              	.LVL69:
 843              	.L63:
2283:Drivers/STM32H7xx_HAL_Driver/Src/stm32h7xx_hal_pcd.c ****       {
2284:Drivers/STM32H7xx_HAL_Driver/Src/stm32h7xx_hal_pcd.c ****         /* this is ZLP, so prepare EP0 for next setup */
2285:Drivers/STM32H7xx_HAL_Driver/Src/stm32h7xx_hal_pcd.c ****         (void)USB_EP0_OutStart(hpcd->Instance, 0U, (uint8_t *)hpcd->Setup);
2286:Drivers/STM32H7xx_HAL_Driver/Src/stm32h7xx_hal_pcd.c ****       }
2287:Drivers/STM32H7xx_HAL_Driver/Src/stm32h7xx_hal_pcd.c **** 
2288:Drivers/STM32H7xx_HAL_Driver/Src/stm32h7xx_hal_pcd.c **** #if (USE_HAL_PCD_REGISTER_CALLBACKS == 1U)
2289:Drivers/STM32H7xx_HAL_Driver/Src/stm32h7xx_hal_pcd.c ****       hpcd->DataOutStageCallback(hpcd, (uint8_t)epnum);
ARM GAS  C:\Users\Made\AppData\Local\Temp\cch5frMA.s 			page 59


2290:Drivers/STM32H7xx_HAL_Driver/Src/stm32h7xx_hal_pcd.c **** #else
2291:Drivers/STM32H7xx_HAL_Driver/Src/stm32h7xx_hal_pcd.c ****       HAL_PCD_DataOutStageCallback(hpcd, (uint8_t)epnum);
 844              		.loc 1 2291 7 is_stmt 1 view .LVU259
 845 0032 E9B2     		uxtb	r1, r5
 846 0034 2046     		mov	r0, r4
 847 0036 FFF7FEFF 		bl	HAL_PCD_DataOutStageCallback
 848              	.LVL70:
 849              	.L55:
2292:Drivers/STM32H7xx_HAL_Driver/Src/stm32h7xx_hal_pcd.c **** #endif /* USE_HAL_PCD_REGISTER_CALLBACKS */
2293:Drivers/STM32H7xx_HAL_Driver/Src/stm32h7xx_hal_pcd.c ****     }
2294:Drivers/STM32H7xx_HAL_Driver/Src/stm32h7xx_hal_pcd.c ****   }
2295:Drivers/STM32H7xx_HAL_Driver/Src/stm32h7xx_hal_pcd.c **** 
2296:Drivers/STM32H7xx_HAL_Driver/Src/stm32h7xx_hal_pcd.c ****   return HAL_OK;
 850              		.loc 1 2296 3 view .LVU260
2297:Drivers/STM32H7xx_HAL_Driver/Src/stm32h7xx_hal_pcd.c **** }
 851              		.loc 1 2297 1 is_stmt 0 view .LVU261
 852 003a 0020     		movs	r0, #0
 853 003c 70BD     		pop	{r4, r5, r6, pc}
 854              	.LVL71:
 855              	.L65:
2204:Drivers/STM32H7xx_HAL_Driver/Src/stm32h7xx_hal_pcd.c ****     {
 856              		.loc 1 2204 5 is_stmt 1 view .LVU262
2204:Drivers/STM32H7xx_HAL_Driver/Src/stm32h7xx_hal_pcd.c ****     {
 857              		.loc 1 2204 8 is_stmt 0 view .LVU263
 858 003e 12F0080F 		tst	r2, #8
 859 0042 09D0     		beq	.L54
2207:Drivers/STM32H7xx_HAL_Driver/Src/stm32h7xx_hal_pcd.c ****           ((DoepintReg & USB_OTG_DOEPINT_STPKTRX) == USB_OTG_DOEPINT_STPKTRX))
 860              		.loc 1 2207 7 is_stmt 1 view .LVU264
2207:Drivers/STM32H7xx_HAL_Driver/Src/stm32h7xx_hal_pcd.c ****           ((DoepintReg & USB_OTG_DOEPINT_STPKTRX) == USB_OTG_DOEPINT_STPKTRX))
 861              		.loc 1 2207 10 is_stmt 0 view .LVU265
 862 0044 2E49     		ldr	r1, .L69+4
 863 0046 8E42     		cmp	r6, r1
 864 0048 F7D9     		bls	.L55
2207:Drivers/STM32H7xx_HAL_Driver/Src/stm32h7xx_hal_pcd.c ****           ((DoepintReg & USB_OTG_DOEPINT_STPKTRX) == USB_OTG_DOEPINT_STPKTRX))
 865              		.loc 1 2207 44 discriminator 1 view .LVU266
 866 004a 12F4004F 		tst	r2, #32768
 867 004e F4D0     		beq	.L55
2210:Drivers/STM32H7xx_HAL_Driver/Src/stm32h7xx_hal_pcd.c ****       }
 868              		.loc 1 2210 9 is_stmt 1 view .LVU267
 869 0050 4FF40042 		mov	r2, #32768
 870              	.LVL72:
2210:Drivers/STM32H7xx_HAL_Driver/Src/stm32h7xx_hal_pcd.c ****       }
 871              		.loc 1 2210 9 is_stmt 0 view .LVU268
 872 0054 9A60     		str	r2, [r3, #8]
 873 0056 F0E7     		b	.L55
 874              	.LVL73:
 875              	.L54:
2213:Drivers/STM32H7xx_HAL_Driver/Src/stm32h7xx_hal_pcd.c ****     {
 876              		.loc 1 2213 10 is_stmt 1 view .LVU269
2213:Drivers/STM32H7xx_HAL_Driver/Src/stm32h7xx_hal_pcd.c ****     {
 877              		.loc 1 2213 13 is_stmt 0 view .LVU270
 878 0058 12F0200F 		tst	r2, #32
 879 005c 02D0     		beq	.L56
2215:Drivers/STM32H7xx_HAL_Driver/Src/stm32h7xx_hal_pcd.c ****     }
 880              		.loc 1 2215 7 is_stmt 1 view .LVU271
 881 005e 2022     		movs	r2, #32
 882              	.LVL74:
ARM GAS  C:\Users\Made\AppData\Local\Temp\cch5frMA.s 			page 60


2215:Drivers/STM32H7xx_HAL_Driver/Src/stm32h7xx_hal_pcd.c ****     }
 883              		.loc 1 2215 7 is_stmt 0 view .LVU272
 884 0060 9A60     		str	r2, [r3, #8]
 885 0062 EAE7     		b	.L55
 886              	.LVL75:
 887              	.L56:
2217:Drivers/STM32H7xx_HAL_Driver/Src/stm32h7xx_hal_pcd.c ****     {
 888              		.loc 1 2217 10 is_stmt 1 view .LVU273
2217:Drivers/STM32H7xx_HAL_Driver/Src/stm32h7xx_hal_pcd.c ****     {
 889              		.loc 1 2217 13 is_stmt 0 view .LVU274
 890 0064 12F0280F 		tst	r2, #40
 891 0068 E7D1     		bne	.L55
2220:Drivers/STM32H7xx_HAL_Driver/Src/stm32h7xx_hal_pcd.c ****           ((DoepintReg & USB_OTG_DOEPINT_STPKTRX) == USB_OTG_DOEPINT_STPKTRX))
 892              		.loc 1 2220 7 is_stmt 1 view .LVU275
2220:Drivers/STM32H7xx_HAL_Driver/Src/stm32h7xx_hal_pcd.c ****           ((DoepintReg & USB_OTG_DOEPINT_STPKTRX) == USB_OTG_DOEPINT_STPKTRX))
 893              		.loc 1 2220 10 is_stmt 0 view .LVU276
 894 006a 2549     		ldr	r1, .L69+4
 895 006c 8E42     		cmp	r6, r1
 896 006e 06D9     		bls	.L57
2220:Drivers/STM32H7xx_HAL_Driver/Src/stm32h7xx_hal_pcd.c ****           ((DoepintReg & USB_OTG_DOEPINT_STPKTRX) == USB_OTG_DOEPINT_STPKTRX))
 897              		.loc 1 2220 44 discriminator 1 view .LVU277
 898 0070 12F4004F 		tst	r2, #32768
 899 0074 03D0     		beq	.L57
2223:Drivers/STM32H7xx_HAL_Driver/Src/stm32h7xx_hal_pcd.c ****       }
 900              		.loc 1 2223 9 is_stmt 1 view .LVU278
 901 0076 4FF40042 		mov	r2, #32768
 902              	.LVL76:
2223:Drivers/STM32H7xx_HAL_Driver/Src/stm32h7xx_hal_pcd.c ****       }
 903              		.loc 1 2223 9 is_stmt 0 view .LVU279
 904 007a 9A60     		str	r2, [r3, #8]
 905 007c DDE7     		b	.L55
 906              	.LVL77:
 907              	.L57:
2227:Drivers/STM32H7xx_HAL_Driver/Src/stm32h7xx_hal_pcd.c **** 
 908              		.loc 1 2227 9 is_stmt 1 view .LVU280
2230:Drivers/STM32H7xx_HAL_Driver/Src/stm32h7xx_hal_pcd.c **** 
 909              		.loc 1 2230 9 view .LVU281
2230:Drivers/STM32H7xx_HAL_Driver/Src/stm32h7xx_hal_pcd.c **** 
 910              		.loc 1 2230 28 is_stmt 0 view .LVU282
 911 007e 05EBC502 		add	r2, r5, r5, lsl #3
 912              	.LVL78:
2230:Drivers/STM32H7xx_HAL_Driver/Src/stm32h7xx_hal_pcd.c **** 
 913              		.loc 1 2230 28 view .LVU283
 914 0082 04EB8202 		add	r2, r4, r2, lsl #2
 915 0086 D2F87412 		ldr	r1, [r2, #628]
2230:Drivers/STM32H7xx_HAL_Driver/Src/stm32h7xx_hal_pcd.c **** 
 916              		.loc 1 2230 60 view .LVU284
 917 008a 1B69     		ldr	r3, [r3, #16]
2230:Drivers/STM32H7xx_HAL_Driver/Src/stm32h7xx_hal_pcd.c **** 
 918              		.loc 1 2230 71 view .LVU285
 919 008c C3F31203 		ubfx	r3, r3, #0, #19
2230:Drivers/STM32H7xx_HAL_Driver/Src/stm32h7xx_hal_pcd.c **** 
 920              		.loc 1 2230 40 view .LVU286
 921 0090 CB1A     		subs	r3, r1, r3
2230:Drivers/STM32H7xx_HAL_Driver/Src/stm32h7xx_hal_pcd.c **** 
 922              		.loc 1 2230 24 view .LVU287
 923 0092 C2F86832 		str	r3, [r2, #616]
ARM GAS  C:\Users\Made\AppData\Local\Temp\cch5frMA.s 			page 61


2232:Drivers/STM32H7xx_HAL_Driver/Src/stm32h7xx_hal_pcd.c ****         {
 924              		.loc 1 2232 9 is_stmt 1 view .LVU288
2232:Drivers/STM32H7xx_HAL_Driver/Src/stm32h7xx_hal_pcd.c ****         {
 925              		.loc 1 2232 12 is_stmt 0 view .LVU289
 926 0096 7DB9     		cbnz	r5, .L58
2234:Drivers/STM32H7xx_HAL_Driver/Src/stm32h7xx_hal_pcd.c ****           {
 927              		.loc 1 2234 11 is_stmt 1 view .LVU290
2234:Drivers/STM32H7xx_HAL_Driver/Src/stm32h7xx_hal_pcd.c ****           {
 928              		.loc 1 2234 17 is_stmt 0 view .LVU291
 929 0098 05EBC502 		add	r2, r5, r5, lsl #3
 930 009c 04EB8202 		add	r2, r4, r2, lsl #2
 931 00a0 D2F86422 		ldr	r2, [r2, #612]
2234:Drivers/STM32H7xx_HAL_Driver/Src/stm32h7xx_hal_pcd.c ****           {
 932              		.loc 1 2234 14 view .LVU292
 933 00a4 6AB1     		cbz	r2, .L68
2241:Drivers/STM32H7xx_HAL_Driver/Src/stm32h7xx_hal_pcd.c ****           }
 934              		.loc 1 2241 13 is_stmt 1 view .LVU293
2241:Drivers/STM32H7xx_HAL_Driver/Src/stm32h7xx_hal_pcd.c ****           }
 935              		.loc 1 2241 15 is_stmt 0 view .LVU294
 936 00a6 05EBC502 		add	r2, r5, r5, lsl #3
 937 00aa 04EB8202 		add	r2, r4, r2, lsl #2
 938 00ae D2F86012 		ldr	r1, [r2, #608]
2241:Drivers/STM32H7xx_HAL_Driver/Src/stm32h7xx_hal_pcd.c ****           }
 939              		.loc 1 2241 27 view .LVU295
 940 00b2 1944     		add	r1, r1, r3
 941 00b4 C2F86012 		str	r1, [r2, #608]
 942              	.LVL79:
 943              	.L58:
2248:Drivers/STM32H7xx_HAL_Driver/Src/stm32h7xx_hal_pcd.c **** #endif /* USE_HAL_PCD_REGISTER_CALLBACKS */
 944              		.loc 1 2248 9 is_stmt 1 view .LVU296
 945 00b8 E9B2     		uxtb	r1, r5
 946 00ba 2046     		mov	r0, r4
 947 00bc FFF7FEFF 		bl	HAL_PCD_DataOutStageCallback
 948              	.LVL80:
 949 00c0 BBE7     		b	.L55
 950              	.LVL81:
 951              	.L68:
2237:Drivers/STM32H7xx_HAL_Driver/Src/stm32h7xx_hal_pcd.c ****           }
 952              		.loc 1 2237 13 view .LVU297
2237:Drivers/STM32H7xx_HAL_Driver/Src/stm32h7xx_hal_pcd.c ****           }
 953              		.loc 1 2237 19 is_stmt 0 view .LVU298
 954 00c2 04F29C42 		addw	r2, r4, #1180
 955 00c6 0121     		movs	r1, #1
 956 00c8 FFF7FEFF 		bl	USB_EP0_OutStart
 957              	.LVL82:
2237:Drivers/STM32H7xx_HAL_Driver/Src/stm32h7xx_hal_pcd.c ****           }
 958              		.loc 1 2237 19 view .LVU299
 959 00cc F4E7     		b	.L58
 960              	.LVL83:
 961              	.L66:
2262:Drivers/STM32H7xx_HAL_Driver/Src/stm32h7xx_hal_pcd.c ****       {
 962              		.loc 1 2262 7 is_stmt 1 view .LVU300
2262:Drivers/STM32H7xx_HAL_Driver/Src/stm32h7xx_hal_pcd.c ****       {
 963              		.loc 1 2262 10 is_stmt 0 view .LVU301
 964 00ce 12F4004F 		tst	r2, #32768
 965 00d2 03D0     		beq	.L61
2264:Drivers/STM32H7xx_HAL_Driver/Src/stm32h7xx_hal_pcd.c ****       }
ARM GAS  C:\Users\Made\AppData\Local\Temp\cch5frMA.s 			page 62


 966              		.loc 1 2264 9 is_stmt 1 view .LVU302
 967 00d4 4FF40042 		mov	r2, #32768
 968              	.LVL84:
2264:Drivers/STM32H7xx_HAL_Driver/Src/stm32h7xx_hal_pcd.c ****       }
 969              		.loc 1 2264 9 is_stmt 0 view .LVU303
 970 00d8 9A60     		str	r2, [r3, #8]
 971 00da AEE7     		b	.L55
 972              	.LVL85:
 973              	.L61:
2268:Drivers/STM32H7xx_HAL_Driver/Src/stm32h7xx_hal_pcd.c ****         {
 974              		.loc 1 2268 9 is_stmt 1 view .LVU304
2268:Drivers/STM32H7xx_HAL_Driver/Src/stm32h7xx_hal_pcd.c ****         {
 975              		.loc 1 2268 12 is_stmt 0 view .LVU305
 976 00dc 12F0200F 		tst	r2, #32
 977 00e0 01D0     		beq	.L62
2270:Drivers/STM32H7xx_HAL_Driver/Src/stm32h7xx_hal_pcd.c ****         }
 978              		.loc 1 2270 11 is_stmt 1 view .LVU306
 979 00e2 2022     		movs	r2, #32
 980              	.LVL86:
2270:Drivers/STM32H7xx_HAL_Driver/Src/stm32h7xx_hal_pcd.c ****         }
 981              		.loc 1 2270 11 is_stmt 0 view .LVU307
 982 00e4 9A60     		str	r2, [r3, #8]
 983              	.L62:
2276:Drivers/STM32H7xx_HAL_Driver/Src/stm32h7xx_hal_pcd.c **** #endif /* USE_HAL_PCD_REGISTER_CALLBACKS */
 984              		.loc 1 2276 9 is_stmt 1 view .LVU308
 985 00e6 E9B2     		uxtb	r1, r5
 986 00e8 2046     		mov	r0, r4
 987              	.LVL87:
2276:Drivers/STM32H7xx_HAL_Driver/Src/stm32h7xx_hal_pcd.c **** #endif /* USE_HAL_PCD_REGISTER_CALLBACKS */
 988              		.loc 1 2276 9 is_stmt 0 view .LVU309
 989 00ea FFF7FEFF 		bl	HAL_PCD_DataOutStageCallback
 990              	.LVL88:
 991 00ee A4E7     		b	.L55
 992              	.LVL89:
 993              	.L67:
2285:Drivers/STM32H7xx_HAL_Driver/Src/stm32h7xx_hal_pcd.c ****       }
 994              		.loc 1 2285 9 is_stmt 1 view .LVU310
2285:Drivers/STM32H7xx_HAL_Driver/Src/stm32h7xx_hal_pcd.c ****       }
 995              		.loc 1 2285 15 is_stmt 0 view .LVU311
 996 00f0 04F29C42 		addw	r2, r4, #1180
 997              	.LVL90:
2285:Drivers/STM32H7xx_HAL_Driver/Src/stm32h7xx_hal_pcd.c ****       }
 998              		.loc 1 2285 15 view .LVU312
 999 00f4 0021     		movs	r1, #0
 1000 00f6 FFF7FEFF 		bl	USB_EP0_OutStart
 1001              	.LVL91:
2285:Drivers/STM32H7xx_HAL_Driver/Src/stm32h7xx_hal_pcd.c ****       }
 1002              		.loc 1 2285 15 view .LVU313
 1003 00fa 9AE7     		b	.L63
 1004              	.L70:
 1005              		.align	2
 1006              	.L69:
 1007 00fc 0A31544F 		.word	1330917642
 1008 0100 0A30544F 		.word	1330917386
 1009              		.cfi_endproc
 1010              	.LFE370:
 1012              		.section	.text.HAL_PCD_DataInStageCallback,"ax",%progbits
ARM GAS  C:\Users\Made\AppData\Local\Temp\cch5frMA.s 			page 63


 1013              		.align	1
 1014              		.weak	HAL_PCD_DataInStageCallback
 1015              		.syntax unified
 1016              		.thumb
 1017              		.thumb_func
 1019              	HAL_PCD_DataInStageCallback:
 1020              	.LVL92:
 1021              	.LFB343:
1529:Drivers/STM32H7xx_HAL_Driver/Src/stm32h7xx_hal_pcd.c ****   /* Prevent unused argument(s) compilation warning */
 1022              		.loc 1 1529 1 is_stmt 1 view -0
 1023              		.cfi_startproc
 1024              		@ args = 0, pretend = 0, frame = 0
 1025              		@ frame_needed = 0, uses_anonymous_args = 0
 1026              		@ link register save eliminated.
1531:Drivers/STM32H7xx_HAL_Driver/Src/stm32h7xx_hal_pcd.c ****   UNUSED(epnum);
 1027              		.loc 1 1531 3 view .LVU315
1532:Drivers/STM32H7xx_HAL_Driver/Src/stm32h7xx_hal_pcd.c **** 
 1028              		.loc 1 1532 3 view .LVU316
1537:Drivers/STM32H7xx_HAL_Driver/Src/stm32h7xx_hal_pcd.c **** /**
 1029              		.loc 1 1537 1 is_stmt 0 view .LVU317
 1030 0000 7047     		bx	lr
 1031              		.cfi_endproc
 1032              	.LFE343:
 1034              		.section	.text.HAL_PCD_SetupStageCallback,"ax",%progbits
 1035              		.align	1
 1036              		.weak	HAL_PCD_SetupStageCallback
 1037              		.syntax unified
 1038              		.thumb
 1039              		.thumb_func
 1041              	HAL_PCD_SetupStageCallback:
 1042              	.LVL93:
 1043              	.LFB344:
1544:Drivers/STM32H7xx_HAL_Driver/Src/stm32h7xx_hal_pcd.c ****   /* Prevent unused argument(s) compilation warning */
 1044              		.loc 1 1544 1 is_stmt 1 view -0
 1045              		.cfi_startproc
 1046              		@ args = 0, pretend = 0, frame = 0
 1047              		@ frame_needed = 0, uses_anonymous_args = 0
 1048              		@ link register save eliminated.
1546:Drivers/STM32H7xx_HAL_Driver/Src/stm32h7xx_hal_pcd.c **** 
 1049              		.loc 1 1546 3 view .LVU319
1551:Drivers/STM32H7xx_HAL_Driver/Src/stm32h7xx_hal_pcd.c **** 
 1050              		.loc 1 1551 1 is_stmt 0 view .LVU320
 1051 0000 7047     		bx	lr
 1052              		.cfi_endproc
 1053              	.LFE344:
 1055              		.section	.text.PCD_EP_OutSetupPacket_int,"ax",%progbits
 1056              		.align	1
 1057              		.syntax unified
 1058              		.thumb
 1059              		.thumb_func
 1061              	PCD_EP_OutSetupPacket_int:
 1062              	.LVL94:
 1063              	.LFB371:
2298:Drivers/STM32H7xx_HAL_Driver/Src/stm32h7xx_hal_pcd.c **** 
2299:Drivers/STM32H7xx_HAL_Driver/Src/stm32h7xx_hal_pcd.c **** 
2300:Drivers/STM32H7xx_HAL_Driver/Src/stm32h7xx_hal_pcd.c **** /**
2301:Drivers/STM32H7xx_HAL_Driver/Src/stm32h7xx_hal_pcd.c ****   * @brief  process EP OUT setup packet received interrupt.
ARM GAS  C:\Users\Made\AppData\Local\Temp\cch5frMA.s 			page 64


2302:Drivers/STM32H7xx_HAL_Driver/Src/stm32h7xx_hal_pcd.c ****   * @param  hpcd PCD handle
2303:Drivers/STM32H7xx_HAL_Driver/Src/stm32h7xx_hal_pcd.c ****   * @param  epnum endpoint number
2304:Drivers/STM32H7xx_HAL_Driver/Src/stm32h7xx_hal_pcd.c ****   * @retval HAL status
2305:Drivers/STM32H7xx_HAL_Driver/Src/stm32h7xx_hal_pcd.c ****   */
2306:Drivers/STM32H7xx_HAL_Driver/Src/stm32h7xx_hal_pcd.c **** static HAL_StatusTypeDef PCD_EP_OutSetupPacket_int(PCD_HandleTypeDef *hpcd, uint32_t epnum)
2307:Drivers/STM32H7xx_HAL_Driver/Src/stm32h7xx_hal_pcd.c **** {
 1064              		.loc 1 2307 1 is_stmt 1 view -0
 1065              		.cfi_startproc
 1066              		@ args = 0, pretend = 0, frame = 0
 1067              		@ frame_needed = 0, uses_anonymous_args = 0
 1068              		.loc 1 2307 1 is_stmt 0 view .LVU322
 1069 0000 38B5     		push	{r3, r4, r5, lr}
 1070              	.LCFI13:
 1071              		.cfi_def_cfa_offset 16
 1072              		.cfi_offset 3, -16
 1073              		.cfi_offset 4, -12
 1074              		.cfi_offset 5, -8
 1075              		.cfi_offset 14, -4
 1076 0002 0446     		mov	r4, r0
2308:Drivers/STM32H7xx_HAL_Driver/Src/stm32h7xx_hal_pcd.c ****   const USB_OTG_GlobalTypeDef *USBx = hpcd->Instance;
 1077              		.loc 1 2308 3 is_stmt 1 view .LVU323
 1078              		.loc 1 2308 32 is_stmt 0 view .LVU324
 1079 0004 0368     		ldr	r3, [r0]
 1080              	.LVL95:
2309:Drivers/STM32H7xx_HAL_Driver/Src/stm32h7xx_hal_pcd.c ****   uint32_t USBx_BASE = (uint32_t)USBx;
 1081              		.loc 1 2309 3 is_stmt 1 view .LVU325
2310:Drivers/STM32H7xx_HAL_Driver/Src/stm32h7xx_hal_pcd.c ****   uint32_t gSNPSiD = *(__IO const uint32_t *)(&USBx->CID + 0x1U);
 1082              		.loc 1 2310 3 view .LVU326
 1083              		.loc 1 2310 12 is_stmt 0 view .LVU327
 1084 0006 1D6C     		ldr	r5, [r3, #64]
 1085              	.LVL96:
2311:Drivers/STM32H7xx_HAL_Driver/Src/stm32h7xx_hal_pcd.c ****   uint32_t DoepintReg = USBx_OUTEP(epnum)->DOEPINT;
 1086              		.loc 1 2311 3 is_stmt 1 view .LVU328
 1087              		.loc 1 2311 25 is_stmt 0 view .LVU329
 1088 0008 03EB4113 		add	r3, r3, r1, lsl #5
 1089              	.LVL97:
 1090              		.loc 1 2311 12 view .LVU330
 1091 000c D3F8081B 		ldr	r1, [r3, #2824]
 1092              	.LVL98:
2312:Drivers/STM32H7xx_HAL_Driver/Src/stm32h7xx_hal_pcd.c **** 
2313:Drivers/STM32H7xx_HAL_Driver/Src/stm32h7xx_hal_pcd.c ****   if ((gSNPSiD > USB_OTG_CORE_ID_300A) &&
 1093              		.loc 1 2313 3 is_stmt 1 view .LVU331
 1094              		.loc 1 2313 6 is_stmt 0 view .LVU332
 1095 0010 0E4A     		ldr	r2, .L78
 1096 0012 9542     		cmp	r5, r2
 1097 0014 07D9     		bls	.L74
 1098 0016 03F53063 		add	r3, r3, #2816
 1099              		.loc 1 2313 40 discriminator 1 view .LVU333
 1100 001a 11F4004F 		tst	r1, #32768
 1101 001e 02D0     		beq	.L74
2314:Drivers/STM32H7xx_HAL_Driver/Src/stm32h7xx_hal_pcd.c ****       ((DoepintReg & USB_OTG_DOEPINT_STPKTRX) == USB_OTG_DOEPINT_STPKTRX))
2315:Drivers/STM32H7xx_HAL_Driver/Src/stm32h7xx_hal_pcd.c ****   {
2316:Drivers/STM32H7xx_HAL_Driver/Src/stm32h7xx_hal_pcd.c ****     CLEAR_OUT_EP_INTR(epnum, USB_OTG_DOEPINT_STPKTRX);
 1102              		.loc 1 2316 5 is_stmt 1 view .LVU334
 1103 0020 4FF40042 		mov	r2, #32768
 1104 0024 9A60     		str	r2, [r3, #8]
 1105              	.LVL99:
ARM GAS  C:\Users\Made\AppData\Local\Temp\cch5frMA.s 			page 65


 1106              	.L74:
2317:Drivers/STM32H7xx_HAL_Driver/Src/stm32h7xx_hal_pcd.c ****   }
2318:Drivers/STM32H7xx_HAL_Driver/Src/stm32h7xx_hal_pcd.c **** 
2319:Drivers/STM32H7xx_HAL_Driver/Src/stm32h7xx_hal_pcd.c ****   /* Inform the upper layer that a setup packet is available */
2320:Drivers/STM32H7xx_HAL_Driver/Src/stm32h7xx_hal_pcd.c **** #if (USE_HAL_PCD_REGISTER_CALLBACKS == 1U)
2321:Drivers/STM32H7xx_HAL_Driver/Src/stm32h7xx_hal_pcd.c ****   hpcd->SetupStageCallback(hpcd);
2322:Drivers/STM32H7xx_HAL_Driver/Src/stm32h7xx_hal_pcd.c **** #else
2323:Drivers/STM32H7xx_HAL_Driver/Src/stm32h7xx_hal_pcd.c ****   HAL_PCD_SetupStageCallback(hpcd);
 1107              		.loc 1 2323 3 view .LVU335
 1108 0026 2046     		mov	r0, r4
 1109              	.LVL100:
 1110              		.loc 1 2323 3 is_stmt 0 view .LVU336
 1111 0028 FFF7FEFF 		bl	HAL_PCD_SetupStageCallback
 1112              	.LVL101:
2324:Drivers/STM32H7xx_HAL_Driver/Src/stm32h7xx_hal_pcd.c **** #endif /* USE_HAL_PCD_REGISTER_CALLBACKS */
2325:Drivers/STM32H7xx_HAL_Driver/Src/stm32h7xx_hal_pcd.c **** 
2326:Drivers/STM32H7xx_HAL_Driver/Src/stm32h7xx_hal_pcd.c ****   if ((gSNPSiD > USB_OTG_CORE_ID_300A) && (hpcd->Init.dma_enable == 1U))
 1113              		.loc 1 2326 3 is_stmt 1 view .LVU337
 1114              		.loc 1 2326 6 is_stmt 0 view .LVU338
 1115 002c 074B     		ldr	r3, .L78
 1116 002e 9D42     		cmp	r5, r3
 1117 0030 02D9     		bls	.L75
 1118              		.loc 1 2326 54 discriminator 1 view .LVU339
 1119 0032 A379     		ldrb	r3, [r4, #6]	@ zero_extendqisi2
 1120              		.loc 1 2326 40 discriminator 1 view .LVU340
 1121 0034 012B     		cmp	r3, #1
 1122 0036 01D0     		beq	.L77
 1123              	.L75:
2327:Drivers/STM32H7xx_HAL_Driver/Src/stm32h7xx_hal_pcd.c ****   {
2328:Drivers/STM32H7xx_HAL_Driver/Src/stm32h7xx_hal_pcd.c ****     (void)USB_EP0_OutStart(hpcd->Instance, 1U, (uint8_t *)hpcd->Setup);
2329:Drivers/STM32H7xx_HAL_Driver/Src/stm32h7xx_hal_pcd.c ****   }
2330:Drivers/STM32H7xx_HAL_Driver/Src/stm32h7xx_hal_pcd.c **** 
2331:Drivers/STM32H7xx_HAL_Driver/Src/stm32h7xx_hal_pcd.c ****   return HAL_OK;
 1124              		.loc 1 2331 3 is_stmt 1 view .LVU341
2332:Drivers/STM32H7xx_HAL_Driver/Src/stm32h7xx_hal_pcd.c **** }
 1125              		.loc 1 2332 1 is_stmt 0 view .LVU342
 1126 0038 0020     		movs	r0, #0
 1127 003a 38BD     		pop	{r3, r4, r5, pc}
 1128              	.LVL102:
 1129              	.L77:
2328:Drivers/STM32H7xx_HAL_Driver/Src/stm32h7xx_hal_pcd.c ****   }
 1130              		.loc 1 2328 5 is_stmt 1 view .LVU343
2328:Drivers/STM32H7xx_HAL_Driver/Src/stm32h7xx_hal_pcd.c ****   }
 1131              		.loc 1 2328 11 is_stmt 0 view .LVU344
 1132 003c 04F29C42 		addw	r2, r4, #1180
 1133 0040 0121     		movs	r1, #1
 1134 0042 2068     		ldr	r0, [r4]
 1135 0044 FFF7FEFF 		bl	USB_EP0_OutStart
 1136              	.LVL103:
 1137 0048 F6E7     		b	.L75
 1138              	.L79:
 1139 004a 00BF     		.align	2
 1140              	.L78:
 1141 004c 0A30544F 		.word	1330917386
 1142              		.cfi_endproc
 1143              	.LFE371:
 1145              		.section	.text.HAL_PCD_SOFCallback,"ax",%progbits
ARM GAS  C:\Users\Made\AppData\Local\Temp\cch5frMA.s 			page 66


 1146              		.align	1
 1147              		.weak	HAL_PCD_SOFCallback
 1148              		.syntax unified
 1149              		.thumb
 1150              		.thumb_func
 1152              	HAL_PCD_SOFCallback:
 1153              	.LVL104:
 1154              	.LFB345:
1559:Drivers/STM32H7xx_HAL_Driver/Src/stm32h7xx_hal_pcd.c ****   /* Prevent unused argument(s) compilation warning */
 1155              		.loc 1 1559 1 is_stmt 1 view -0
 1156              		.cfi_startproc
 1157              		@ args = 0, pretend = 0, frame = 0
 1158              		@ frame_needed = 0, uses_anonymous_args = 0
 1159              		@ link register save eliminated.
1561:Drivers/STM32H7xx_HAL_Driver/Src/stm32h7xx_hal_pcd.c **** 
 1160              		.loc 1 1561 3 view .LVU346
1566:Drivers/STM32H7xx_HAL_Driver/Src/stm32h7xx_hal_pcd.c **** 
 1161              		.loc 1 1566 1 is_stmt 0 view .LVU347
 1162 0000 7047     		bx	lr
 1163              		.cfi_endproc
 1164              	.LFE345:
 1166              		.section	.text.HAL_PCD_ResetCallback,"ax",%progbits
 1167              		.align	1
 1168              		.weak	HAL_PCD_ResetCallback
 1169              		.syntax unified
 1170              		.thumb
 1171              		.thumb_func
 1173              	HAL_PCD_ResetCallback:
 1174              	.LVL105:
 1175              	.LFB346:
1574:Drivers/STM32H7xx_HAL_Driver/Src/stm32h7xx_hal_pcd.c ****   /* Prevent unused argument(s) compilation warning */
 1176              		.loc 1 1574 1 is_stmt 1 view -0
 1177              		.cfi_startproc
 1178              		@ args = 0, pretend = 0, frame = 0
 1179              		@ frame_needed = 0, uses_anonymous_args = 0
 1180              		@ link register save eliminated.
1576:Drivers/STM32H7xx_HAL_Driver/Src/stm32h7xx_hal_pcd.c **** 
 1181              		.loc 1 1576 3 view .LVU349
1581:Drivers/STM32H7xx_HAL_Driver/Src/stm32h7xx_hal_pcd.c **** 
 1182              		.loc 1 1581 1 is_stmt 0 view .LVU350
 1183 0000 7047     		bx	lr
 1184              		.cfi_endproc
 1185              	.LFE346:
 1187              		.section	.text.HAL_PCD_SuspendCallback,"ax",%progbits
 1188              		.align	1
 1189              		.weak	HAL_PCD_SuspendCallback
 1190              		.syntax unified
 1191              		.thumb
 1192              		.thumb_func
 1194              	HAL_PCD_SuspendCallback:
 1195              	.LVL106:
 1196              	.LFB347:
1589:Drivers/STM32H7xx_HAL_Driver/Src/stm32h7xx_hal_pcd.c ****   /* Prevent unused argument(s) compilation warning */
 1197              		.loc 1 1589 1 is_stmt 1 view -0
 1198              		.cfi_startproc
 1199              		@ args = 0, pretend = 0, frame = 0
 1200              		@ frame_needed = 0, uses_anonymous_args = 0
ARM GAS  C:\Users\Made\AppData\Local\Temp\cch5frMA.s 			page 67


 1201              		@ link register save eliminated.
1591:Drivers/STM32H7xx_HAL_Driver/Src/stm32h7xx_hal_pcd.c **** 
 1202              		.loc 1 1591 3 view .LVU352
1596:Drivers/STM32H7xx_HAL_Driver/Src/stm32h7xx_hal_pcd.c **** 
 1203              		.loc 1 1596 1 is_stmt 0 view .LVU353
 1204 0000 7047     		bx	lr
 1205              		.cfi_endproc
 1206              	.LFE347:
 1208              		.section	.text.HAL_PCD_ResumeCallback,"ax",%progbits
 1209              		.align	1
 1210              		.weak	HAL_PCD_ResumeCallback
 1211              		.syntax unified
 1212              		.thumb
 1213              		.thumb_func
 1215              	HAL_PCD_ResumeCallback:
 1216              	.LVL107:
 1217              	.LFB348:
1604:Drivers/STM32H7xx_HAL_Driver/Src/stm32h7xx_hal_pcd.c ****   /* Prevent unused argument(s) compilation warning */
 1218              		.loc 1 1604 1 is_stmt 1 view -0
 1219              		.cfi_startproc
 1220              		@ args = 0, pretend = 0, frame = 0
 1221              		@ frame_needed = 0, uses_anonymous_args = 0
 1222              		@ link register save eliminated.
1606:Drivers/STM32H7xx_HAL_Driver/Src/stm32h7xx_hal_pcd.c **** 
 1223              		.loc 1 1606 3 view .LVU355
1611:Drivers/STM32H7xx_HAL_Driver/Src/stm32h7xx_hal_pcd.c **** 
 1224              		.loc 1 1611 1 is_stmt 0 view .LVU356
 1225 0000 7047     		bx	lr
 1226              		.cfi_endproc
 1227              	.LFE348:
 1229              		.section	.text.HAL_PCD_ISOOUTIncompleteCallback,"ax",%progbits
 1230              		.align	1
 1231              		.weak	HAL_PCD_ISOOUTIncompleteCallback
 1232              		.syntax unified
 1233              		.thumb
 1234              		.thumb_func
 1236              	HAL_PCD_ISOOUTIncompleteCallback:
 1237              	.LVL108:
 1238              	.LFB349:
1620:Drivers/STM32H7xx_HAL_Driver/Src/stm32h7xx_hal_pcd.c ****   /* Prevent unused argument(s) compilation warning */
 1239              		.loc 1 1620 1 is_stmt 1 view -0
 1240              		.cfi_startproc
 1241              		@ args = 0, pretend = 0, frame = 0
 1242              		@ frame_needed = 0, uses_anonymous_args = 0
 1243              		@ link register save eliminated.
1622:Drivers/STM32H7xx_HAL_Driver/Src/stm32h7xx_hal_pcd.c ****   UNUSED(epnum);
 1244              		.loc 1 1622 3 view .LVU358
1623:Drivers/STM32H7xx_HAL_Driver/Src/stm32h7xx_hal_pcd.c **** 
 1245              		.loc 1 1623 3 view .LVU359
1628:Drivers/STM32H7xx_HAL_Driver/Src/stm32h7xx_hal_pcd.c **** 
 1246              		.loc 1 1628 1 is_stmt 0 view .LVU360
 1247 0000 7047     		bx	lr
 1248              		.cfi_endproc
 1249              	.LFE349:
 1251              		.section	.text.HAL_PCD_ISOINIncompleteCallback,"ax",%progbits
 1252              		.align	1
 1253              		.weak	HAL_PCD_ISOINIncompleteCallback
ARM GAS  C:\Users\Made\AppData\Local\Temp\cch5frMA.s 			page 68


 1254              		.syntax unified
 1255              		.thumb
 1256              		.thumb_func
 1258              	HAL_PCD_ISOINIncompleteCallback:
 1259              	.LVL109:
 1260              	.LFB350:
1637:Drivers/STM32H7xx_HAL_Driver/Src/stm32h7xx_hal_pcd.c ****   /* Prevent unused argument(s) compilation warning */
 1261              		.loc 1 1637 1 is_stmt 1 view -0
 1262              		.cfi_startproc
 1263              		@ args = 0, pretend = 0, frame = 0
 1264              		@ frame_needed = 0, uses_anonymous_args = 0
 1265              		@ link register save eliminated.
1639:Drivers/STM32H7xx_HAL_Driver/Src/stm32h7xx_hal_pcd.c ****   UNUSED(epnum);
 1266              		.loc 1 1639 3 view .LVU362
1640:Drivers/STM32H7xx_HAL_Driver/Src/stm32h7xx_hal_pcd.c **** 
 1267              		.loc 1 1640 3 view .LVU363
1645:Drivers/STM32H7xx_HAL_Driver/Src/stm32h7xx_hal_pcd.c **** 
 1268              		.loc 1 1645 1 is_stmt 0 view .LVU364
 1269 0000 7047     		bx	lr
 1270              		.cfi_endproc
 1271              	.LFE350:
 1273              		.section	.text.HAL_PCD_ConnectCallback,"ax",%progbits
 1274              		.align	1
 1275              		.weak	HAL_PCD_ConnectCallback
 1276              		.syntax unified
 1277              		.thumb
 1278              		.thumb_func
 1280              	HAL_PCD_ConnectCallback:
 1281              	.LVL110:
 1282              	.LFB351:
1653:Drivers/STM32H7xx_HAL_Driver/Src/stm32h7xx_hal_pcd.c ****   /* Prevent unused argument(s) compilation warning */
 1283              		.loc 1 1653 1 is_stmt 1 view -0
 1284              		.cfi_startproc
 1285              		@ args = 0, pretend = 0, frame = 0
 1286              		@ frame_needed = 0, uses_anonymous_args = 0
 1287              		@ link register save eliminated.
1655:Drivers/STM32H7xx_HAL_Driver/Src/stm32h7xx_hal_pcd.c **** 
 1288              		.loc 1 1655 3 view .LVU366
1660:Drivers/STM32H7xx_HAL_Driver/Src/stm32h7xx_hal_pcd.c **** 
 1289              		.loc 1 1660 1 is_stmt 0 view .LVU367
 1290 0000 7047     		bx	lr
 1291              		.cfi_endproc
 1292              	.LFE351:
 1294              		.section	.text.HAL_PCD_DisconnectCallback,"ax",%progbits
 1295              		.align	1
 1296              		.weak	HAL_PCD_DisconnectCallback
 1297              		.syntax unified
 1298              		.thumb
 1299              		.thumb_func
 1301              	HAL_PCD_DisconnectCallback:
 1302              	.LVL111:
 1303              	.LFB352:
1668:Drivers/STM32H7xx_HAL_Driver/Src/stm32h7xx_hal_pcd.c ****   /* Prevent unused argument(s) compilation warning */
 1304              		.loc 1 1668 1 is_stmt 1 view -0
 1305              		.cfi_startproc
 1306              		@ args = 0, pretend = 0, frame = 0
 1307              		@ frame_needed = 0, uses_anonymous_args = 0
ARM GAS  C:\Users\Made\AppData\Local\Temp\cch5frMA.s 			page 69


 1308              		@ link register save eliminated.
1670:Drivers/STM32H7xx_HAL_Driver/Src/stm32h7xx_hal_pcd.c **** 
 1309              		.loc 1 1670 3 view .LVU369
1675:Drivers/STM32H7xx_HAL_Driver/Src/stm32h7xx_hal_pcd.c **** 
 1310              		.loc 1 1675 1 is_stmt 0 view .LVU370
 1311 0000 7047     		bx	lr
 1312              		.cfi_endproc
 1313              	.LFE352:
 1315              		.section	.text.HAL_PCD_DevConnect,"ax",%progbits
 1316              		.align	1
 1317              		.global	HAL_PCD_DevConnect
 1318              		.syntax unified
 1319              		.thumb
 1320              		.thumb_func
 1322              	HAL_PCD_DevConnect:
 1323              	.LVL112:
 1324              	.LFB353:
1702:Drivers/STM32H7xx_HAL_Driver/Src/stm32h7xx_hal_pcd.c ****   USB_OTG_GlobalTypeDef *USBx = hpcd->Instance;
 1325              		.loc 1 1702 1 is_stmt 1 view -0
 1326              		.cfi_startproc
 1327              		@ args = 0, pretend = 0, frame = 0
 1328              		@ frame_needed = 0, uses_anonymous_args = 0
1703:Drivers/STM32H7xx_HAL_Driver/Src/stm32h7xx_hal_pcd.c **** 
 1329              		.loc 1 1703 3 view .LVU372
1703:Drivers/STM32H7xx_HAL_Driver/Src/stm32h7xx_hal_pcd.c **** 
 1330              		.loc 1 1703 26 is_stmt 0 view .LVU373
 1331 0000 0368     		ldr	r3, [r0]
 1332              	.LVL113:
1705:Drivers/STM32H7xx_HAL_Driver/Src/stm32h7xx_hal_pcd.c **** 
 1333              		.loc 1 1705 3 is_stmt 1 view .LVU374
1705:Drivers/STM32H7xx_HAL_Driver/Src/stm32h7xx_hal_pcd.c **** 
 1334              		.loc 1 1705 3 view .LVU375
 1335 0002 90F89424 		ldrb	r2, [r0, #1172]	@ zero_extendqisi2
 1336 0006 012A     		cmp	r2, #1
 1337 0008 17D0     		beq	.L91
1702:Drivers/STM32H7xx_HAL_Driver/Src/stm32h7xx_hal_pcd.c ****   USB_OTG_GlobalTypeDef *USBx = hpcd->Instance;
 1338              		.loc 1 1702 1 is_stmt 0 view .LVU376
 1339 000a 10B5     		push	{r4, lr}
 1340              	.LCFI14:
 1341              		.cfi_def_cfa_offset 8
 1342              		.cfi_offset 4, -8
 1343              		.cfi_offset 14, -4
 1344 000c 0446     		mov	r4, r0
1705:Drivers/STM32H7xx_HAL_Driver/Src/stm32h7xx_hal_pcd.c **** 
 1345              		.loc 1 1705 3 is_stmt 1 discriminator 2 view .LVU377
 1346 000e 0122     		movs	r2, #1
 1347 0010 80F89424 		strb	r2, [r0, #1172]
1705:Drivers/STM32H7xx_HAL_Driver/Src/stm32h7xx_hal_pcd.c **** 
 1348              		.loc 1 1705 3 discriminator 2 view .LVU378
1707:Drivers/STM32H7xx_HAL_Driver/Src/stm32h7xx_hal_pcd.c ****       (hpcd->Init.battery_charging_enable == 1U))
 1349              		.loc 1 1707 3 view .LVU379
1707:Drivers/STM32H7xx_HAL_Driver/Src/stm32h7xx_hal_pcd.c ****       (hpcd->Init.battery_charging_enable == 1U))
 1350              		.loc 1 1707 13 is_stmt 0 view .LVU380
 1351 0014 DA68     		ldr	r2, [r3, #12]
1707:Drivers/STM32H7xx_HAL_Driver/Src/stm32h7xx_hal_pcd.c ****       (hpcd->Init.battery_charging_enable == 1U))
 1352              		.loc 1 1707 6 view .LVU381
 1353 0016 12F0400F 		tst	r2, #64
ARM GAS  C:\Users\Made\AppData\Local\Temp\cch5frMA.s 			page 70


 1354 001a 02D0     		beq	.L90
1708:Drivers/STM32H7xx_HAL_Driver/Src/stm32h7xx_hal_pcd.c ****   {
 1355              		.loc 1 1708 18 view .LVU382
 1356 001c 427B     		ldrb	r2, [r0, #13]	@ zero_extendqisi2
1707:Drivers/STM32H7xx_HAL_Driver/Src/stm32h7xx_hal_pcd.c ****       (hpcd->Init.battery_charging_enable == 1U))
 1357              		.loc 1 1707 56 discriminator 1 view .LVU383
 1358 001e 012A     		cmp	r2, #1
 1359 0020 06D0     		beq	.L96
 1360              	.L90:
1713:Drivers/STM32H7xx_HAL_Driver/Src/stm32h7xx_hal_pcd.c ****   __HAL_UNLOCK(hpcd);
 1361              		.loc 1 1713 3 is_stmt 1 view .LVU384
1713:Drivers/STM32H7xx_HAL_Driver/Src/stm32h7xx_hal_pcd.c ****   __HAL_UNLOCK(hpcd);
 1362              		.loc 1 1713 9 is_stmt 0 view .LVU385
 1363 0022 2068     		ldr	r0, [r4]
 1364              	.LVL114:
1713:Drivers/STM32H7xx_HAL_Driver/Src/stm32h7xx_hal_pcd.c ****   __HAL_UNLOCK(hpcd);
 1365              		.loc 1 1713 9 view .LVU386
 1366 0024 FFF7FEFF 		bl	USB_DevConnect
 1367              	.LVL115:
1714:Drivers/STM32H7xx_HAL_Driver/Src/stm32h7xx_hal_pcd.c **** 
 1368              		.loc 1 1714 3 is_stmt 1 view .LVU387
1714:Drivers/STM32H7xx_HAL_Driver/Src/stm32h7xx_hal_pcd.c **** 
 1369              		.loc 1 1714 3 view .LVU388
 1370 0028 0020     		movs	r0, #0
 1371 002a 84F89404 		strb	r0, [r4, #1172]
1714:Drivers/STM32H7xx_HAL_Driver/Src/stm32h7xx_hal_pcd.c **** 
 1372              		.loc 1 1714 3 view .LVU389
1716:Drivers/STM32H7xx_HAL_Driver/Src/stm32h7xx_hal_pcd.c **** }
 1373              		.loc 1 1716 3 view .LVU390
1717:Drivers/STM32H7xx_HAL_Driver/Src/stm32h7xx_hal_pcd.c **** 
 1374              		.loc 1 1717 1 is_stmt 0 view .LVU391
 1375 002e 10BD     		pop	{r4, pc}
 1376              	.LVL116:
 1377              	.L96:
1711:Drivers/STM32H7xx_HAL_Driver/Src/stm32h7xx_hal_pcd.c ****   }
 1378              		.loc 1 1711 5 is_stmt 1 view .LVU392
1711:Drivers/STM32H7xx_HAL_Driver/Src/stm32h7xx_hal_pcd.c ****   }
 1379              		.loc 1 1711 9 is_stmt 0 view .LVU393
 1380 0030 9A6B     		ldr	r2, [r3, #56]
1711:Drivers/STM32H7xx_HAL_Driver/Src/stm32h7xx_hal_pcd.c ****   }
 1381              		.loc 1 1711 17 view .LVU394
 1382 0032 42F48032 		orr	r2, r2, #65536
 1383 0036 9A63     		str	r2, [r3, #56]
 1384 0038 F3E7     		b	.L90
 1385              	.L91:
 1386              	.LCFI15:
 1387              		.cfi_def_cfa_offset 0
 1388              		.cfi_restore 4
 1389              		.cfi_restore 14
1705:Drivers/STM32H7xx_HAL_Driver/Src/stm32h7xx_hal_pcd.c **** 
 1390              		.loc 1 1705 3 discriminator 1 view .LVU395
 1391 003a 0220     		movs	r0, #2
 1392              	.LVL117:
1717:Drivers/STM32H7xx_HAL_Driver/Src/stm32h7xx_hal_pcd.c **** 
 1393              		.loc 1 1717 1 view .LVU396
 1394 003c 7047     		bx	lr
 1395              		.cfi_endproc
ARM GAS  C:\Users\Made\AppData\Local\Temp\cch5frMA.s 			page 71


 1396              	.LFE353:
 1398              		.section	.text.HAL_PCD_DevDisconnect,"ax",%progbits
 1399              		.align	1
 1400              		.global	HAL_PCD_DevDisconnect
 1401              		.syntax unified
 1402              		.thumb
 1403              		.thumb_func
 1405              	HAL_PCD_DevDisconnect:
 1406              	.LVL118:
 1407              	.LFB354:
1725:Drivers/STM32H7xx_HAL_Driver/Src/stm32h7xx_hal_pcd.c ****   USB_OTG_GlobalTypeDef *USBx = hpcd->Instance;
 1408              		.loc 1 1725 1 is_stmt 1 view -0
 1409              		.cfi_startproc
 1410              		@ args = 0, pretend = 0, frame = 0
 1411              		@ frame_needed = 0, uses_anonymous_args = 0
1725:Drivers/STM32H7xx_HAL_Driver/Src/stm32h7xx_hal_pcd.c ****   USB_OTG_GlobalTypeDef *USBx = hpcd->Instance;
 1412              		.loc 1 1725 1 is_stmt 0 view .LVU398
 1413 0000 38B5     		push	{r3, r4, r5, lr}
 1414              	.LCFI16:
 1415              		.cfi_def_cfa_offset 16
 1416              		.cfi_offset 3, -16
 1417              		.cfi_offset 4, -12
 1418              		.cfi_offset 5, -8
 1419              		.cfi_offset 14, -4
1726:Drivers/STM32H7xx_HAL_Driver/Src/stm32h7xx_hal_pcd.c **** 
 1420              		.loc 1 1726 3 is_stmt 1 view .LVU399
1726:Drivers/STM32H7xx_HAL_Driver/Src/stm32h7xx_hal_pcd.c **** 
 1421              		.loc 1 1726 26 is_stmt 0 view .LVU400
 1422 0002 0568     		ldr	r5, [r0]
 1423              	.LVL119:
1728:Drivers/STM32H7xx_HAL_Driver/Src/stm32h7xx_hal_pcd.c ****   (void)USB_DevDisconnect(hpcd->Instance);
 1424              		.loc 1 1728 3 is_stmt 1 view .LVU401
1728:Drivers/STM32H7xx_HAL_Driver/Src/stm32h7xx_hal_pcd.c ****   (void)USB_DevDisconnect(hpcd->Instance);
 1425              		.loc 1 1728 3 view .LVU402
 1426 0004 90F89434 		ldrb	r3, [r0, #1172]	@ zero_extendqisi2
 1427 0008 012B     		cmp	r3, #1
 1428 000a 16D0     		beq	.L100
 1429 000c 0446     		mov	r4, r0
1728:Drivers/STM32H7xx_HAL_Driver/Src/stm32h7xx_hal_pcd.c ****   (void)USB_DevDisconnect(hpcd->Instance);
 1430              		.loc 1 1728 3 discriminator 2 view .LVU403
 1431 000e 0123     		movs	r3, #1
 1432 0010 80F89434 		strb	r3, [r0, #1172]
1728:Drivers/STM32H7xx_HAL_Driver/Src/stm32h7xx_hal_pcd.c ****   (void)USB_DevDisconnect(hpcd->Instance);
 1433              		.loc 1 1728 3 discriminator 2 view .LVU404
1729:Drivers/STM32H7xx_HAL_Driver/Src/stm32h7xx_hal_pcd.c **** 
 1434              		.loc 1 1729 3 view .LVU405
1729:Drivers/STM32H7xx_HAL_Driver/Src/stm32h7xx_hal_pcd.c **** 
 1435              		.loc 1 1729 9 is_stmt 0 view .LVU406
 1436 0014 2846     		mov	r0, r5
 1437              	.LVL120:
1729:Drivers/STM32H7xx_HAL_Driver/Src/stm32h7xx_hal_pcd.c **** 
 1438              		.loc 1 1729 9 view .LVU407
 1439 0016 FFF7FEFF 		bl	USB_DevDisconnect
 1440              	.LVL121:
1731:Drivers/STM32H7xx_HAL_Driver/Src/stm32h7xx_hal_pcd.c ****       (hpcd->Init.battery_charging_enable == 1U))
 1441              		.loc 1 1731 3 is_stmt 1 view .LVU408
1731:Drivers/STM32H7xx_HAL_Driver/Src/stm32h7xx_hal_pcd.c ****       (hpcd->Init.battery_charging_enable == 1U))
ARM GAS  C:\Users\Made\AppData\Local\Temp\cch5frMA.s 			page 72


 1442              		.loc 1 1731 13 is_stmt 0 view .LVU409
 1443 001a EB68     		ldr	r3, [r5, #12]
1731:Drivers/STM32H7xx_HAL_Driver/Src/stm32h7xx_hal_pcd.c ****       (hpcd->Init.battery_charging_enable == 1U))
 1444              		.loc 1 1731 6 view .LVU410
 1445 001c 13F0400F 		tst	r3, #64
 1446 0020 02D0     		beq	.L99
1732:Drivers/STM32H7xx_HAL_Driver/Src/stm32h7xx_hal_pcd.c ****   {
 1447              		.loc 1 1732 18 view .LVU411
 1448 0022 637B     		ldrb	r3, [r4, #13]	@ zero_extendqisi2
1731:Drivers/STM32H7xx_HAL_Driver/Src/stm32h7xx_hal_pcd.c ****       (hpcd->Init.battery_charging_enable == 1U))
 1449              		.loc 1 1731 56 discriminator 1 view .LVU412
 1450 0024 012B     		cmp	r3, #1
 1451 0026 03D0     		beq	.L102
 1452              	.L99:
1738:Drivers/STM32H7xx_HAL_Driver/Src/stm32h7xx_hal_pcd.c **** 
 1453              		.loc 1 1738 3 is_stmt 1 view .LVU413
1738:Drivers/STM32H7xx_HAL_Driver/Src/stm32h7xx_hal_pcd.c **** 
 1454              		.loc 1 1738 3 view .LVU414
 1455 0028 0020     		movs	r0, #0
 1456 002a 84F89404 		strb	r0, [r4, #1172]
1738:Drivers/STM32H7xx_HAL_Driver/Src/stm32h7xx_hal_pcd.c **** 
 1457              		.loc 1 1738 3 view .LVU415
1740:Drivers/STM32H7xx_HAL_Driver/Src/stm32h7xx_hal_pcd.c **** }
 1458              		.loc 1 1740 3 view .LVU416
 1459              	.LVL122:
 1460              	.L98:
1741:Drivers/STM32H7xx_HAL_Driver/Src/stm32h7xx_hal_pcd.c **** 
 1461              		.loc 1 1741 1 is_stmt 0 view .LVU417
 1462 002e 38BD     		pop	{r3, r4, r5, pc}
 1463              	.LVL123:
 1464              	.L102:
1735:Drivers/STM32H7xx_HAL_Driver/Src/stm32h7xx_hal_pcd.c ****   }
 1465              		.loc 1 1735 5 is_stmt 1 view .LVU418
1735:Drivers/STM32H7xx_HAL_Driver/Src/stm32h7xx_hal_pcd.c ****   }
 1466              		.loc 1 1735 9 is_stmt 0 view .LVU419
 1467 0030 AB6B     		ldr	r3, [r5, #56]
1735:Drivers/STM32H7xx_HAL_Driver/Src/stm32h7xx_hal_pcd.c ****   }
 1468              		.loc 1 1735 17 view .LVU420
 1469 0032 23F48033 		bic	r3, r3, #65536
 1470 0036 AB63     		str	r3, [r5, #56]
 1471 0038 F6E7     		b	.L99
 1472              	.LVL124:
 1473              	.L100:
1728:Drivers/STM32H7xx_HAL_Driver/Src/stm32h7xx_hal_pcd.c ****   (void)USB_DevDisconnect(hpcd->Instance);
 1474              		.loc 1 1728 3 discriminator 1 view .LVU421
 1475 003a 0220     		movs	r0, #2
 1476              	.LVL125:
1728:Drivers/STM32H7xx_HAL_Driver/Src/stm32h7xx_hal_pcd.c ****   (void)USB_DevDisconnect(hpcd->Instance);
 1477              		.loc 1 1728 3 discriminator 1 view .LVU422
 1478 003c F7E7     		b	.L98
 1479              		.cfi_endproc
 1480              	.LFE354:
 1482              		.section	.text.HAL_PCD_SetAddress,"ax",%progbits
 1483              		.align	1
 1484              		.global	HAL_PCD_SetAddress
 1485              		.syntax unified
 1486              		.thumb
ARM GAS  C:\Users\Made\AppData\Local\Temp\cch5frMA.s 			page 73


 1487              		.thumb_func
 1489              	HAL_PCD_SetAddress:
 1490              	.LVL126:
 1491              	.LFB355:
1750:Drivers/STM32H7xx_HAL_Driver/Src/stm32h7xx_hal_pcd.c ****   __HAL_LOCK(hpcd);
 1492              		.loc 1 1750 1 is_stmt 1 view -0
 1493              		.cfi_startproc
 1494              		@ args = 0, pretend = 0, frame = 0
 1495              		@ frame_needed = 0, uses_anonymous_args = 0
1751:Drivers/STM32H7xx_HAL_Driver/Src/stm32h7xx_hal_pcd.c ****   hpcd->USB_Address = address;
 1496              		.loc 1 1751 3 view .LVU424
1751:Drivers/STM32H7xx_HAL_Driver/Src/stm32h7xx_hal_pcd.c ****   hpcd->USB_Address = address;
 1497              		.loc 1 1751 3 view .LVU425
 1498 0000 90F89434 		ldrb	r3, [r0, #1172]	@ zero_extendqisi2
 1499 0004 012B     		cmp	r3, #1
 1500 0006 0CD0     		beq	.L105
1750:Drivers/STM32H7xx_HAL_Driver/Src/stm32h7xx_hal_pcd.c ****   __HAL_LOCK(hpcd);
 1501              		.loc 1 1750 1 is_stmt 0 view .LVU426
 1502 0008 10B5     		push	{r4, lr}
 1503              	.LCFI17:
 1504              		.cfi_def_cfa_offset 8
 1505              		.cfi_offset 4, -8
 1506              		.cfi_offset 14, -4
 1507 000a 0446     		mov	r4, r0
1751:Drivers/STM32H7xx_HAL_Driver/Src/stm32h7xx_hal_pcd.c ****   hpcd->USB_Address = address;
 1508              		.loc 1 1751 3 is_stmt 1 discriminator 2 view .LVU427
 1509 000c 0123     		movs	r3, #1
 1510 000e 80F89434 		strb	r3, [r0, #1172]
1751:Drivers/STM32H7xx_HAL_Driver/Src/stm32h7xx_hal_pcd.c ****   hpcd->USB_Address = address;
 1511              		.loc 1 1751 3 discriminator 2 view .LVU428
1752:Drivers/STM32H7xx_HAL_Driver/Src/stm32h7xx_hal_pcd.c ****   (void)USB_SetDevAddress(hpcd->Instance, address);
 1512              		.loc 1 1752 3 view .LVU429
1752:Drivers/STM32H7xx_HAL_Driver/Src/stm32h7xx_hal_pcd.c ****   (void)USB_SetDevAddress(hpcd->Instance, address);
 1513              		.loc 1 1752 21 is_stmt 0 view .LVU430
 1514 0012 4174     		strb	r1, [r0, #17]
1753:Drivers/STM32H7xx_HAL_Driver/Src/stm32h7xx_hal_pcd.c ****   __HAL_UNLOCK(hpcd);
 1515              		.loc 1 1753 3 is_stmt 1 view .LVU431
1753:Drivers/STM32H7xx_HAL_Driver/Src/stm32h7xx_hal_pcd.c ****   __HAL_UNLOCK(hpcd);
 1516              		.loc 1 1753 9 is_stmt 0 view .LVU432
 1517 0014 0068     		ldr	r0, [r0]
 1518              	.LVL127:
1753:Drivers/STM32H7xx_HAL_Driver/Src/stm32h7xx_hal_pcd.c ****   __HAL_UNLOCK(hpcd);
 1519              		.loc 1 1753 9 view .LVU433
 1520 0016 FFF7FEFF 		bl	USB_SetDevAddress
 1521              	.LVL128:
1754:Drivers/STM32H7xx_HAL_Driver/Src/stm32h7xx_hal_pcd.c **** 
 1522              		.loc 1 1754 3 is_stmt 1 view .LVU434
1754:Drivers/STM32H7xx_HAL_Driver/Src/stm32h7xx_hal_pcd.c **** 
 1523              		.loc 1 1754 3 view .LVU435
 1524 001a 0020     		movs	r0, #0
 1525 001c 84F89404 		strb	r0, [r4, #1172]
1754:Drivers/STM32H7xx_HAL_Driver/Src/stm32h7xx_hal_pcd.c **** 
 1526              		.loc 1 1754 3 view .LVU436
1756:Drivers/STM32H7xx_HAL_Driver/Src/stm32h7xx_hal_pcd.c **** }
 1527              		.loc 1 1756 3 view .LVU437
1757:Drivers/STM32H7xx_HAL_Driver/Src/stm32h7xx_hal_pcd.c **** /**
 1528              		.loc 1 1757 1 is_stmt 0 view .LVU438
ARM GAS  C:\Users\Made\AppData\Local\Temp\cch5frMA.s 			page 74


 1529 0020 10BD     		pop	{r4, pc}
 1530              	.LVL129:
 1531              	.L105:
 1532              	.LCFI18:
 1533              		.cfi_def_cfa_offset 0
 1534              		.cfi_restore 4
 1535              		.cfi_restore 14
1751:Drivers/STM32H7xx_HAL_Driver/Src/stm32h7xx_hal_pcd.c ****   hpcd->USB_Address = address;
 1536              		.loc 1 1751 3 discriminator 1 view .LVU439
 1537 0022 0220     		movs	r0, #2
 1538              	.LVL130:
1757:Drivers/STM32H7xx_HAL_Driver/Src/stm32h7xx_hal_pcd.c **** /**
 1539              		.loc 1 1757 1 view .LVU440
 1540 0024 7047     		bx	lr
 1541              		.cfi_endproc
 1542              	.LFE355:
 1544              		.section	.text.HAL_PCD_EP_Open,"ax",%progbits
 1545              		.align	1
 1546              		.global	HAL_PCD_EP_Open
 1547              		.syntax unified
 1548              		.thumb
 1549              		.thumb_func
 1551              	HAL_PCD_EP_Open:
 1552              	.LVL131:
 1553              	.LFB356:
1768:Drivers/STM32H7xx_HAL_Driver/Src/stm32h7xx_hal_pcd.c ****   HAL_StatusTypeDef ret = HAL_OK;
 1554              		.loc 1 1768 1 is_stmt 1 view -0
 1555              		.cfi_startproc
 1556              		@ args = 0, pretend = 0, frame = 0
 1557              		@ frame_needed = 0, uses_anonymous_args = 0
1768:Drivers/STM32H7xx_HAL_Driver/Src/stm32h7xx_hal_pcd.c ****   HAL_StatusTypeDef ret = HAL_OK;
 1558              		.loc 1 1768 1 is_stmt 0 view .LVU442
 1559 0000 38B5     		push	{r3, r4, r5, lr}
 1560              	.LCFI19:
 1561              		.cfi_def_cfa_offset 16
 1562              		.cfi_offset 3, -16
 1563              		.cfi_offset 4, -12
 1564              		.cfi_offset 5, -8
 1565              		.cfi_offset 14, -4
 1566 0002 0546     		mov	r5, r0
 1567 0004 8C46     		mov	ip, r1
1769:Drivers/STM32H7xx_HAL_Driver/Src/stm32h7xx_hal_pcd.c ****   PCD_EPTypeDef *ep;
 1568              		.loc 1 1769 3 is_stmt 1 view .LVU443
 1569              	.LVL132:
1770:Drivers/STM32H7xx_HAL_Driver/Src/stm32h7xx_hal_pcd.c **** 
 1570              		.loc 1 1770 3 view .LVU444
1772:Drivers/STM32H7xx_HAL_Driver/Src/stm32h7xx_hal_pcd.c ****   {
 1571              		.loc 1 1772 3 view .LVU445
1772:Drivers/STM32H7xx_HAL_Driver/Src/stm32h7xx_hal_pcd.c ****   {
 1572              		.loc 1 1772 6 is_stmt 0 view .LVU446
 1573 0006 11F0800F 		tst	r1, #128
 1574 000a 2BD1     		bne	.L118
1779:Drivers/STM32H7xx_HAL_Driver/Src/stm32h7xx_hal_pcd.c ****     ep->is_in = 0U;
 1575              		.loc 1 1779 5 is_stmt 1 view .LVU447
1779:Drivers/STM32H7xx_HAL_Driver/Src/stm32h7xx_hal_pcd.c ****     ep->is_in = 0U;
 1576              		.loc 1 1779 32 is_stmt 0 view .LVU448
 1577 000c 01F00F0E 		and	lr, r1, #15
ARM GAS  C:\Users\Made\AppData\Local\Temp\cch5frMA.s 			page 75


1779:Drivers/STM32H7xx_HAL_Driver/Src/stm32h7xx_hal_pcd.c ****     ep->is_in = 0U;
 1578              		.loc 1 1779 8 view .LVU449
 1579 0010 0EEBCE04 		add	r4, lr, lr, lsl #3
 1580 0014 A400     		lsls	r4, r4, #2
 1581 0016 04F51474 		add	r4, r4, #592
 1582 001a 0444     		add	r4, r4, r0
 1583 001c 211D     		adds	r1, r4, #4
 1584              	.LVL133:
1780:Drivers/STM32H7xx_HAL_Driver/Src/stm32h7xx_hal_pcd.c ****   }
 1585              		.loc 1 1780 5 is_stmt 1 view .LVU450
1780:Drivers/STM32H7xx_HAL_Driver/Src/stm32h7xx_hal_pcd.c ****   }
 1586              		.loc 1 1780 15 is_stmt 0 view .LVU451
 1587 001e 0EEBCE0E 		add	lr, lr, lr, lsl #3
 1588 0022 00EB8E0E 		add	lr, r0, lr, lsl #2
 1589 0026 0020     		movs	r0, #0
 1590              	.LVL134:
1780:Drivers/STM32H7xx_HAL_Driver/Src/stm32h7xx_hal_pcd.c ****   }
 1591              		.loc 1 1780 15 view .LVU452
 1592 0028 8EF85502 		strb	r0, [lr, #597]
 1593              	.L112:
1783:Drivers/STM32H7xx_HAL_Driver/Src/stm32h7xx_hal_pcd.c ****   ep->maxpacket = (uint32_t)ep_mps & 0x7FFU;
 1594              		.loc 1 1783 3 is_stmt 1 view .LVU453
1783:Drivers/STM32H7xx_HAL_Driver/Src/stm32h7xx_hal_pcd.c ****   ep->maxpacket = (uint32_t)ep_mps & 0x7FFU;
 1595              		.loc 1 1783 21 is_stmt 0 view .LVU454
 1596 002c 0CF00F0C 		and	ip, ip, #15
 1597              	.LVL135:
1783:Drivers/STM32H7xx_HAL_Driver/Src/stm32h7xx_hal_pcd.c ****   ep->maxpacket = (uint32_t)ep_mps & 0x7FFU;
 1598              		.loc 1 1783 11 view .LVU455
 1599 0030 81F800C0 		strb	ip, [r1]
1784:Drivers/STM32H7xx_HAL_Driver/Src/stm32h7xx_hal_pcd.c ****   ep->type = ep_type;
 1600              		.loc 1 1784 3 is_stmt 1 view .LVU456
1784:Drivers/STM32H7xx_HAL_Driver/Src/stm32h7xx_hal_pcd.c ****   ep->type = ep_type;
 1601              		.loc 1 1784 36 is_stmt 0 view .LVU457
 1602 0034 C2F30A02 		ubfx	r2, r2, #0, #11
 1603              	.LVL136:
1784:Drivers/STM32H7xx_HAL_Driver/Src/stm32h7xx_hal_pcd.c ****   ep->type = ep_type;
 1604              		.loc 1 1784 17 view .LVU458
 1605 0038 8A60     		str	r2, [r1, #8]
1785:Drivers/STM32H7xx_HAL_Driver/Src/stm32h7xx_hal_pcd.c **** 
 1606              		.loc 1 1785 3 is_stmt 1 view .LVU459
1785:Drivers/STM32H7xx_HAL_Driver/Src/stm32h7xx_hal_pcd.c **** 
 1607              		.loc 1 1785 12 is_stmt 0 view .LVU460
 1608 003a 0B71     		strb	r3, [r1, #4]
1787:Drivers/STM32H7xx_HAL_Driver/Src/stm32h7xx_hal_pcd.c ****   {
 1609              		.loc 1 1787 3 is_stmt 1 view .LVU461
1787:Drivers/STM32H7xx_HAL_Driver/Src/stm32h7xx_hal_pcd.c ****   {
 1610              		.loc 1 1787 9 is_stmt 0 view .LVU462
 1611 003c 4A78     		ldrb	r2, [r1, #1]	@ zero_extendqisi2
1787:Drivers/STM32H7xx_HAL_Driver/Src/stm32h7xx_hal_pcd.c ****   {
 1612              		.loc 1 1787 6 view .LVU463
 1613 003e 0AB1     		cbz	r2, .L113
1790:Drivers/STM32H7xx_HAL_Driver/Src/stm32h7xx_hal_pcd.c ****   }
 1614              		.loc 1 1790 5 is_stmt 1 view .LVU464
1790:Drivers/STM32H7xx_HAL_Driver/Src/stm32h7xx_hal_pcd.c ****   }
 1615              		.loc 1 1790 21 is_stmt 0 view .LVU465
 1616 0040 A1F81AC0 		strh	ip, [r1, #26]	@ movhi
 1617              	.L113:
ARM GAS  C:\Users\Made\AppData\Local\Temp\cch5frMA.s 			page 76


1794:Drivers/STM32H7xx_HAL_Driver/Src/stm32h7xx_hal_pcd.c ****   {
 1618              		.loc 1 1794 3 is_stmt 1 view .LVU466
1794:Drivers/STM32H7xx_HAL_Driver/Src/stm32h7xx_hal_pcd.c ****   {
 1619              		.loc 1 1794 6 is_stmt 0 view .LVU467
 1620 0044 022B     		cmp	r3, #2
 1621 0046 1CD0     		beq	.L119
 1622              	.LVL137:
 1623              	.L114:
1799:Drivers/STM32H7xx_HAL_Driver/Src/stm32h7xx_hal_pcd.c ****   (void)USB_ActivateEndpoint(hpcd->Instance, ep);
 1624              		.loc 1 1799 3 is_stmt 1 view .LVU468
1799:Drivers/STM32H7xx_HAL_Driver/Src/stm32h7xx_hal_pcd.c ****   (void)USB_ActivateEndpoint(hpcd->Instance, ep);
 1625              		.loc 1 1799 3 view .LVU469
 1626 0048 95F89434 		ldrb	r3, [r5, #1172]	@ zero_extendqisi2
 1627 004c 012B     		cmp	r3, #1
 1628 004e 1BD0     		beq	.L116
1799:Drivers/STM32H7xx_HAL_Driver/Src/stm32h7xx_hal_pcd.c ****   (void)USB_ActivateEndpoint(hpcd->Instance, ep);
 1629              		.loc 1 1799 3 discriminator 2 view .LVU470
 1630 0050 0123     		movs	r3, #1
 1631 0052 85F89434 		strb	r3, [r5, #1172]
 1632              	.LVL138:
1799:Drivers/STM32H7xx_HAL_Driver/Src/stm32h7xx_hal_pcd.c ****   (void)USB_ActivateEndpoint(hpcd->Instance, ep);
 1633              		.loc 1 1799 3 discriminator 2 view .LVU471
1800:Drivers/STM32H7xx_HAL_Driver/Src/stm32h7xx_hal_pcd.c ****   __HAL_UNLOCK(hpcd);
 1634              		.loc 1 1800 3 view .LVU472
1800:Drivers/STM32H7xx_HAL_Driver/Src/stm32h7xx_hal_pcd.c ****   __HAL_UNLOCK(hpcd);
 1635              		.loc 1 1800 9 is_stmt 0 view .LVU473
 1636 0056 2868     		ldr	r0, [r5]
 1637 0058 FFF7FEFF 		bl	USB_ActivateEndpoint
 1638              	.LVL139:
1801:Drivers/STM32H7xx_HAL_Driver/Src/stm32h7xx_hal_pcd.c **** 
 1639              		.loc 1 1801 3 is_stmt 1 view .LVU474
1801:Drivers/STM32H7xx_HAL_Driver/Src/stm32h7xx_hal_pcd.c **** 
 1640              		.loc 1 1801 3 view .LVU475
 1641 005c 0020     		movs	r0, #0
 1642 005e 85F89404 		strb	r0, [r5, #1172]
1801:Drivers/STM32H7xx_HAL_Driver/Src/stm32h7xx_hal_pcd.c **** 
 1643              		.loc 1 1801 3 view .LVU476
1803:Drivers/STM32H7xx_HAL_Driver/Src/stm32h7xx_hal_pcd.c **** }
 1644              		.loc 1 1803 3 view .LVU477
 1645              	.L115:
1804:Drivers/STM32H7xx_HAL_Driver/Src/stm32h7xx_hal_pcd.c **** 
 1646              		.loc 1 1804 1 is_stmt 0 view .LVU478
 1647 0062 38BD     		pop	{r3, r4, r5, pc}
 1648              	.LVL140:
 1649              	.L118:
1774:Drivers/STM32H7xx_HAL_Driver/Src/stm32h7xx_hal_pcd.c ****     ep->is_in = 1U;
 1650              		.loc 1 1774 5 is_stmt 1 view .LVU479
1774:Drivers/STM32H7xx_HAL_Driver/Src/stm32h7xx_hal_pcd.c ****     ep->is_in = 1U;
 1651              		.loc 1 1774 31 is_stmt 0 view .LVU480
 1652 0064 01F00F00 		and	r0, r1, #15
 1653              	.LVL141:
1774:Drivers/STM32H7xx_HAL_Driver/Src/stm32h7xx_hal_pcd.c ****     ep->is_in = 1U;
 1654              		.loc 1 1774 8 view .LVU481
 1655 0068 00EBC001 		add	r1, r0, r0, lsl #3
 1656              	.LVL142:
1774:Drivers/STM32H7xx_HAL_Driver/Src/stm32h7xx_hal_pcd.c ****     ep->is_in = 1U;
 1657              		.loc 1 1774 8 view .LVU482
ARM GAS  C:\Users\Made\AppData\Local\Temp\cch5frMA.s 			page 77


 1658 006c 8900     		lsls	r1, r1, #2
 1659 006e 1031     		adds	r1, r1, #16
 1660 0070 2944     		add	r1, r1, r5
 1661 0072 0431     		adds	r1, r1, #4
 1662              	.LVL143:
1775:Drivers/STM32H7xx_HAL_Driver/Src/stm32h7xx_hal_pcd.c ****   }
 1663              		.loc 1 1775 5 is_stmt 1 view .LVU483
1775:Drivers/STM32H7xx_HAL_Driver/Src/stm32h7xx_hal_pcd.c ****   }
 1664              		.loc 1 1775 15 is_stmt 0 view .LVU484
 1665 0074 00EBC000 		add	r0, r0, r0, lsl #3
 1666 0078 05EB8000 		add	r0, r5, r0, lsl #2
 1667 007c 0124     		movs	r4, #1
 1668 007e 4475     		strb	r4, [r0, #21]
 1669 0080 D4E7     		b	.L112
 1670              	.LVL144:
 1671              	.L119:
1796:Drivers/STM32H7xx_HAL_Driver/Src/stm32h7xx_hal_pcd.c ****   }
 1672              		.loc 1 1796 5 is_stmt 1 view .LVU485
1796:Drivers/STM32H7xx_HAL_Driver/Src/stm32h7xx_hal_pcd.c ****   }
 1673              		.loc 1 1796 24 is_stmt 0 view .LVU486
 1674 0082 0023     		movs	r3, #0
 1675              	.LVL145:
1796:Drivers/STM32H7xx_HAL_Driver/Src/stm32h7xx_hal_pcd.c ****   }
 1676              		.loc 1 1796 24 view .LVU487
 1677 0084 4B71     		strb	r3, [r1, #5]
 1678 0086 DFE7     		b	.L114
 1679              	.L116:
1799:Drivers/STM32H7xx_HAL_Driver/Src/stm32h7xx_hal_pcd.c ****   (void)USB_ActivateEndpoint(hpcd->Instance, ep);
 1680              		.loc 1 1799 3 discriminator 1 view .LVU488
 1681 0088 0220     		movs	r0, #2
 1682 008a EAE7     		b	.L115
 1683              		.cfi_endproc
 1684              	.LFE356:
 1686              		.section	.text.HAL_PCD_EP_Close,"ax",%progbits
 1687              		.align	1
 1688              		.global	HAL_PCD_EP_Close
 1689              		.syntax unified
 1690              		.thumb
 1691              		.thumb_func
 1693              	HAL_PCD_EP_Close:
 1694              	.LVL146:
 1695              	.LFB357:
1813:Drivers/STM32H7xx_HAL_Driver/Src/stm32h7xx_hal_pcd.c ****   PCD_EPTypeDef *ep;
 1696              		.loc 1 1813 1 is_stmt 1 view -0
 1697              		.cfi_startproc
 1698              		@ args = 0, pretend = 0, frame = 0
 1699              		@ frame_needed = 0, uses_anonymous_args = 0
1813:Drivers/STM32H7xx_HAL_Driver/Src/stm32h7xx_hal_pcd.c ****   PCD_EPTypeDef *ep;
 1700              		.loc 1 1813 1 is_stmt 0 view .LVU490
 1701 0000 10B5     		push	{r4, lr}
 1702              	.LCFI20:
 1703              		.cfi_def_cfa_offset 8
 1704              		.cfi_offset 4, -8
 1705              		.cfi_offset 14, -4
 1706 0002 0446     		mov	r4, r0
 1707 0004 0A46     		mov	r2, r1
1814:Drivers/STM32H7xx_HAL_Driver/Src/stm32h7xx_hal_pcd.c **** 
ARM GAS  C:\Users\Made\AppData\Local\Temp\cch5frMA.s 			page 78


 1708              		.loc 1 1814 3 is_stmt 1 view .LVU491
1816:Drivers/STM32H7xx_HAL_Driver/Src/stm32h7xx_hal_pcd.c ****   {
 1709              		.loc 1 1816 3 view .LVU492
1816:Drivers/STM32H7xx_HAL_Driver/Src/stm32h7xx_hal_pcd.c ****   {
 1710              		.loc 1 1816 6 is_stmt 0 view .LVU493
 1711 0006 11F0800F 		tst	r1, #128
 1712 000a 20D1     		bne	.L126
1823:Drivers/STM32H7xx_HAL_Driver/Src/stm32h7xx_hal_pcd.c ****     ep->is_in = 0U;
 1713              		.loc 1 1823 5 is_stmt 1 view .LVU494
1823:Drivers/STM32H7xx_HAL_Driver/Src/stm32h7xx_hal_pcd.c ****     ep->is_in = 0U;
 1714              		.loc 1 1823 32 is_stmt 0 view .LVU495
 1715 000c 01F00F00 		and	r0, r1, #15
 1716              	.LVL147:
1823:Drivers/STM32H7xx_HAL_Driver/Src/stm32h7xx_hal_pcd.c ****     ep->is_in = 0U;
 1717              		.loc 1 1823 8 view .LVU496
 1718 0010 00EBC003 		add	r3, r0, r0, lsl #3
 1719 0014 9B00     		lsls	r3, r3, #2
 1720 0016 03F51473 		add	r3, r3, #592
 1721 001a 2344     		add	r3, r3, r4
 1722 001c 191D     		adds	r1, r3, #4
 1723              	.LVL148:
1824:Drivers/STM32H7xx_HAL_Driver/Src/stm32h7xx_hal_pcd.c ****   }
 1724              		.loc 1 1824 5 is_stmt 1 view .LVU497
1824:Drivers/STM32H7xx_HAL_Driver/Src/stm32h7xx_hal_pcd.c ****   }
 1725              		.loc 1 1824 15 is_stmt 0 view .LVU498
 1726 001e 00EBC000 		add	r0, r0, r0, lsl #3
 1727 0022 04EB8000 		add	r0, r4, r0, lsl #2
 1728 0026 0023     		movs	r3, #0
 1729 0028 80F85532 		strb	r3, [r0, #597]
 1730              	.L122:
1826:Drivers/STM32H7xx_HAL_Driver/Src/stm32h7xx_hal_pcd.c **** 
 1731              		.loc 1 1826 3 is_stmt 1 view .LVU499
1826:Drivers/STM32H7xx_HAL_Driver/Src/stm32h7xx_hal_pcd.c **** 
 1732              		.loc 1 1826 21 is_stmt 0 view .LVU500
 1733 002c 02F00F02 		and	r2, r2, #15
 1734              	.LVL149:
1826:Drivers/STM32H7xx_HAL_Driver/Src/stm32h7xx_hal_pcd.c **** 
 1735              		.loc 1 1826 11 view .LVU501
 1736 0030 0A70     		strb	r2, [r1]
1828:Drivers/STM32H7xx_HAL_Driver/Src/stm32h7xx_hal_pcd.c ****   (void)USB_DeactivateEndpoint(hpcd->Instance, ep);
 1737              		.loc 1 1828 3 is_stmt 1 view .LVU502
1828:Drivers/STM32H7xx_HAL_Driver/Src/stm32h7xx_hal_pcd.c ****   (void)USB_DeactivateEndpoint(hpcd->Instance, ep);
 1738              		.loc 1 1828 3 view .LVU503
 1739 0032 94F89434 		ldrb	r3, [r4, #1172]	@ zero_extendqisi2
 1740 0036 012B     		cmp	r3, #1
 1741 0038 18D0     		beq	.L124
1828:Drivers/STM32H7xx_HAL_Driver/Src/stm32h7xx_hal_pcd.c ****   (void)USB_DeactivateEndpoint(hpcd->Instance, ep);
 1742              		.loc 1 1828 3 discriminator 2 view .LVU504
 1743 003a 0123     		movs	r3, #1
 1744 003c 84F89434 		strb	r3, [r4, #1172]
1828:Drivers/STM32H7xx_HAL_Driver/Src/stm32h7xx_hal_pcd.c ****   (void)USB_DeactivateEndpoint(hpcd->Instance, ep);
 1745              		.loc 1 1828 3 discriminator 2 view .LVU505
1829:Drivers/STM32H7xx_HAL_Driver/Src/stm32h7xx_hal_pcd.c ****   __HAL_UNLOCK(hpcd);
 1746              		.loc 1 1829 3 view .LVU506
1829:Drivers/STM32H7xx_HAL_Driver/Src/stm32h7xx_hal_pcd.c ****   __HAL_UNLOCK(hpcd);
 1747              		.loc 1 1829 9 is_stmt 0 view .LVU507
 1748 0040 2068     		ldr	r0, [r4]
ARM GAS  C:\Users\Made\AppData\Local\Temp\cch5frMA.s 			page 79


 1749 0042 FFF7FEFF 		bl	USB_DeactivateEndpoint
 1750              	.LVL150:
1830:Drivers/STM32H7xx_HAL_Driver/Src/stm32h7xx_hal_pcd.c ****   return HAL_OK;
 1751              		.loc 1 1830 3 is_stmt 1 view .LVU508
1830:Drivers/STM32H7xx_HAL_Driver/Src/stm32h7xx_hal_pcd.c ****   return HAL_OK;
 1752              		.loc 1 1830 3 view .LVU509
 1753 0046 0020     		movs	r0, #0
 1754 0048 84F89404 		strb	r0, [r4, #1172]
1830:Drivers/STM32H7xx_HAL_Driver/Src/stm32h7xx_hal_pcd.c ****   return HAL_OK;
 1755              		.loc 1 1830 3 view .LVU510
1831:Drivers/STM32H7xx_HAL_Driver/Src/stm32h7xx_hal_pcd.c **** }
 1756              		.loc 1 1831 3 view .LVU511
 1757              	.L123:
1832:Drivers/STM32H7xx_HAL_Driver/Src/stm32h7xx_hal_pcd.c **** 
 1758              		.loc 1 1832 1 is_stmt 0 view .LVU512
 1759 004c 10BD     		pop	{r4, pc}
 1760              	.LVL151:
 1761              	.L126:
1818:Drivers/STM32H7xx_HAL_Driver/Src/stm32h7xx_hal_pcd.c ****     ep->is_in = 1U;
 1762              		.loc 1 1818 5 is_stmt 1 view .LVU513
1818:Drivers/STM32H7xx_HAL_Driver/Src/stm32h7xx_hal_pcd.c ****     ep->is_in = 1U;
 1763              		.loc 1 1818 31 is_stmt 0 view .LVU514
 1764 004e 01F00F00 		and	r0, r1, #15
 1765              	.LVL152:
1818:Drivers/STM32H7xx_HAL_Driver/Src/stm32h7xx_hal_pcd.c ****     ep->is_in = 1U;
 1766              		.loc 1 1818 8 view .LVU515
 1767 0052 00EBC003 		add	r3, r0, r0, lsl #3
 1768 0056 9B00     		lsls	r3, r3, #2
 1769 0058 1033     		adds	r3, r3, #16
 1770 005a 2344     		add	r3, r3, r4
 1771 005c 191D     		adds	r1, r3, #4
 1772              	.LVL153:
1819:Drivers/STM32H7xx_HAL_Driver/Src/stm32h7xx_hal_pcd.c ****   }
 1773              		.loc 1 1819 5 is_stmt 1 view .LVU516
1819:Drivers/STM32H7xx_HAL_Driver/Src/stm32h7xx_hal_pcd.c ****   }
 1774              		.loc 1 1819 15 is_stmt 0 view .LVU517
 1775 005e 00EBC000 		add	r0, r0, r0, lsl #3
 1776 0062 04EB8000 		add	r0, r4, r0, lsl #2
 1777 0066 0123     		movs	r3, #1
 1778 0068 4375     		strb	r3, [r0, #21]
 1779 006a DFE7     		b	.L122
 1780              	.LVL154:
 1781              	.L124:
1828:Drivers/STM32H7xx_HAL_Driver/Src/stm32h7xx_hal_pcd.c ****   (void)USB_DeactivateEndpoint(hpcd->Instance, ep);
 1782              		.loc 1 1828 3 discriminator 1 view .LVU518
 1783 006c 0220     		movs	r0, #2
 1784 006e EDE7     		b	.L123
 1785              		.cfi_endproc
 1786              	.LFE357:
 1788              		.section	.text.HAL_PCD_EP_Receive,"ax",%progbits
 1789              		.align	1
 1790              		.global	HAL_PCD_EP_Receive
 1791              		.syntax unified
 1792              		.thumb
 1793              		.thumb_func
 1795              	HAL_PCD_EP_Receive:
 1796              	.LVL155:
ARM GAS  C:\Users\Made\AppData\Local\Temp\cch5frMA.s 			page 80


 1797              	.LFB358:
1844:Drivers/STM32H7xx_HAL_Driver/Src/stm32h7xx_hal_pcd.c ****   PCD_EPTypeDef *ep;
 1798              		.loc 1 1844 1 is_stmt 1 view -0
 1799              		.cfi_startproc
 1800              		@ args = 0, pretend = 0, frame = 0
 1801              		@ frame_needed = 0, uses_anonymous_args = 0
1844:Drivers/STM32H7xx_HAL_Driver/Src/stm32h7xx_hal_pcd.c ****   PCD_EPTypeDef *ep;
 1802              		.loc 1 1844 1 is_stmt 0 view .LVU520
 1803 0000 10B5     		push	{r4, lr}
 1804              	.LCFI21:
 1805              		.cfi_def_cfa_offset 8
 1806              		.cfi_offset 4, -8
 1807              		.cfi_offset 14, -4
 1808 0002 1446     		mov	r4, r2
1845:Drivers/STM32H7xx_HAL_Driver/Src/stm32h7xx_hal_pcd.c **** 
 1809              		.loc 1 1845 3 is_stmt 1 view .LVU521
1847:Drivers/STM32H7xx_HAL_Driver/Src/stm32h7xx_hal_pcd.c **** 
 1810              		.loc 1 1847 3 view .LVU522
 1811 0004 01F00F0C 		and	ip, r1, #15
1847:Drivers/STM32H7xx_HAL_Driver/Src/stm32h7xx_hal_pcd.c **** 
 1812              		.loc 1 1847 6 is_stmt 0 view .LVU523
 1813 0008 0CEBCC01 		add	r1, ip, ip, lsl #3
 1814              	.LVL156:
1847:Drivers/STM32H7xx_HAL_Driver/Src/stm32h7xx_hal_pcd.c **** 
 1815              		.loc 1 1847 6 view .LVU524
 1816 000c 8900     		lsls	r1, r1, #2
 1817 000e 01F51471 		add	r1, r1, #592
 1818 0012 0144     		add	r1, r1, r0
 1819 0014 0431     		adds	r1, r1, #4
 1820              	.LVL157:
1850:Drivers/STM32H7xx_HAL_Driver/Src/stm32h7xx_hal_pcd.c ****   ep->xfer_len = len;
 1821              		.loc 1 1850 3 is_stmt 1 view .LVU525
1850:Drivers/STM32H7xx_HAL_Driver/Src/stm32h7xx_hal_pcd.c ****   ep->xfer_len = len;
 1822              		.loc 1 1850 17 is_stmt 0 view .LVU526
 1823 0016 0CEBCC0E 		add	lr, ip, ip, lsl #3
 1824 001a 00EB8E0E 		add	lr, r0, lr, lsl #2
 1825 001e CEF86022 		str	r2, [lr, #608]
1851:Drivers/STM32H7xx_HAL_Driver/Src/stm32h7xx_hal_pcd.c ****   ep->xfer_count = 0U;
 1826              		.loc 1 1851 3 is_stmt 1 view .LVU527
1851:Drivers/STM32H7xx_HAL_Driver/Src/stm32h7xx_hal_pcd.c ****   ep->xfer_count = 0U;
 1827              		.loc 1 1851 16 is_stmt 0 view .LVU528
 1828 0022 CEF86432 		str	r3, [lr, #612]
1852:Drivers/STM32H7xx_HAL_Driver/Src/stm32h7xx_hal_pcd.c ****   ep->is_in = 0U;
 1829              		.loc 1 1852 3 is_stmt 1 view .LVU529
1852:Drivers/STM32H7xx_HAL_Driver/Src/stm32h7xx_hal_pcd.c ****   ep->is_in = 0U;
 1830              		.loc 1 1852 18 is_stmt 0 view .LVU530
 1831 0026 0023     		movs	r3, #0
 1832              	.LVL158:
1852:Drivers/STM32H7xx_HAL_Driver/Src/stm32h7xx_hal_pcd.c ****   ep->is_in = 0U;
 1833              		.loc 1 1852 18 view .LVU531
 1834 0028 CEF86832 		str	r3, [lr, #616]
1853:Drivers/STM32H7xx_HAL_Driver/Src/stm32h7xx_hal_pcd.c ****   ep->num = ep_addr & EP_ADDR_MSK;
 1835              		.loc 1 1853 3 is_stmt 1 view .LVU532
1853:Drivers/STM32H7xx_HAL_Driver/Src/stm32h7xx_hal_pcd.c ****   ep->num = ep_addr & EP_ADDR_MSK;
 1836              		.loc 1 1853 13 is_stmt 0 view .LVU533
 1837 002c 8EF85532 		strb	r3, [lr, #597]
1854:Drivers/STM32H7xx_HAL_Driver/Src/stm32h7xx_hal_pcd.c **** 
ARM GAS  C:\Users\Made\AppData\Local\Temp\cch5frMA.s 			page 81


 1838              		.loc 1 1854 3 is_stmt 1 view .LVU534
1854:Drivers/STM32H7xx_HAL_Driver/Src/stm32h7xx_hal_pcd.c **** 
 1839              		.loc 1 1854 11 is_stmt 0 view .LVU535
 1840 0030 8EF854C2 		strb	ip, [lr, #596]
1856:Drivers/STM32H7xx_HAL_Driver/Src/stm32h7xx_hal_pcd.c ****   {
 1841              		.loc 1 1856 3 is_stmt 1 view .LVU536
1856:Drivers/STM32H7xx_HAL_Driver/Src/stm32h7xx_hal_pcd.c ****   {
 1842              		.loc 1 1856 17 is_stmt 0 view .LVU537
 1843 0034 8279     		ldrb	r2, [r0, #6]	@ zero_extendqisi2
 1844              	.LVL159:
1856:Drivers/STM32H7xx_HAL_Driver/Src/stm32h7xx_hal_pcd.c ****   {
 1845              		.loc 1 1856 6 view .LVU538
 1846 0036 012A     		cmp	r2, #1
 1847 0038 04D0     		beq	.L130
 1848              	.L128:
1861:Drivers/STM32H7xx_HAL_Driver/Src/stm32h7xx_hal_pcd.c **** 
 1849              		.loc 1 1861 3 is_stmt 1 view .LVU539
1861:Drivers/STM32H7xx_HAL_Driver/Src/stm32h7xx_hal_pcd.c **** 
 1850              		.loc 1 1861 9 is_stmt 0 view .LVU540
 1851 003a 0068     		ldr	r0, [r0]
 1852              	.LVL160:
1861:Drivers/STM32H7xx_HAL_Driver/Src/stm32h7xx_hal_pcd.c **** 
 1853              		.loc 1 1861 9 view .LVU541
 1854 003c FFF7FEFF 		bl	USB_EPStartXfer
 1855              	.LVL161:
1863:Drivers/STM32H7xx_HAL_Driver/Src/stm32h7xx_hal_pcd.c **** }
 1856              		.loc 1 1863 3 is_stmt 1 view .LVU542
1864:Drivers/STM32H7xx_HAL_Driver/Src/stm32h7xx_hal_pcd.c **** 
 1857              		.loc 1 1864 1 is_stmt 0 view .LVU543
 1858 0040 0020     		movs	r0, #0
 1859 0042 10BD     		pop	{r4, pc}
 1860              	.LVL162:
 1861              	.L130:
1858:Drivers/STM32H7xx_HAL_Driver/Src/stm32h7xx_hal_pcd.c ****   }
 1862              		.loc 1 1858 5 is_stmt 1 view .LVU544
1858:Drivers/STM32H7xx_HAL_Driver/Src/stm32h7xx_hal_pcd.c ****   }
 1863              		.loc 1 1858 18 is_stmt 0 view .LVU545
 1864 0044 CEF87042 		str	r4, [lr, #624]
 1865 0048 F7E7     		b	.L128
 1866              		.cfi_endproc
 1867              	.LFE358:
 1869              		.section	.text.HAL_PCD_EP_GetRxCount,"ax",%progbits
 1870              		.align	1
 1871              		.global	HAL_PCD_EP_GetRxCount
 1872              		.syntax unified
 1873              		.thumb
 1874              		.thumb_func
 1876              	HAL_PCD_EP_GetRxCount:
 1877              	.LVL163:
 1878              	.LFB359:
1873:Drivers/STM32H7xx_HAL_Driver/Src/stm32h7xx_hal_pcd.c ****   return hpcd->OUT_ep[ep_addr & EP_ADDR_MSK].xfer_count;
 1879              		.loc 1 1873 1 is_stmt 1 view -0
 1880              		.cfi_startproc
 1881              		@ args = 0, pretend = 0, frame = 0
 1882              		@ frame_needed = 0, uses_anonymous_args = 0
 1883              		@ link register save eliminated.
1874:Drivers/STM32H7xx_HAL_Driver/Src/stm32h7xx_hal_pcd.c **** }
ARM GAS  C:\Users\Made\AppData\Local\Temp\cch5frMA.s 			page 82


 1884              		.loc 1 1874 3 view .LVU547
1874:Drivers/STM32H7xx_HAL_Driver/Src/stm32h7xx_hal_pcd.c **** }
 1885              		.loc 1 1874 31 is_stmt 0 view .LVU548
 1886 0000 01F00F01 		and	r1, r1, #15
 1887              	.LVL164:
1874:Drivers/STM32H7xx_HAL_Driver/Src/stm32h7xx_hal_pcd.c **** }
 1888              		.loc 1 1874 45 view .LVU549
 1889 0004 01EBC101 		add	r1, r1, r1, lsl #3
 1890 0008 00EB8100 		add	r0, r0, r1, lsl #2
 1891              	.LVL165:
1875:Drivers/STM32H7xx_HAL_Driver/Src/stm32h7xx_hal_pcd.c **** /**
 1892              		.loc 1 1875 1 view .LVU550
 1893 000c D0F86802 		ldr	r0, [r0, #616]
 1894 0010 7047     		bx	lr
 1895              		.cfi_endproc
 1896              	.LFE359:
 1898              		.section	.text.HAL_PCD_EP_Transmit,"ax",%progbits
 1899              		.align	1
 1900              		.global	HAL_PCD_EP_Transmit
 1901              		.syntax unified
 1902              		.thumb
 1903              		.thumb_func
 1905              	HAL_PCD_EP_Transmit:
 1906              	.LVL166:
 1907              	.LFB360:
1885:Drivers/STM32H7xx_HAL_Driver/Src/stm32h7xx_hal_pcd.c ****   PCD_EPTypeDef *ep;
 1908              		.loc 1 1885 1 is_stmt 1 view -0
 1909              		.cfi_startproc
 1910              		@ args = 0, pretend = 0, frame = 0
 1911              		@ frame_needed = 0, uses_anonymous_args = 0
1885:Drivers/STM32H7xx_HAL_Driver/Src/stm32h7xx_hal_pcd.c ****   PCD_EPTypeDef *ep;
 1912              		.loc 1 1885 1 is_stmt 0 view .LVU552
 1913 0000 10B5     		push	{r4, lr}
 1914              	.LCFI22:
 1915              		.cfi_def_cfa_offset 8
 1916              		.cfi_offset 4, -8
 1917              		.cfi_offset 14, -4
 1918 0002 1446     		mov	r4, r2
1886:Drivers/STM32H7xx_HAL_Driver/Src/stm32h7xx_hal_pcd.c **** 
 1919              		.loc 1 1886 3 is_stmt 1 view .LVU553
1888:Drivers/STM32H7xx_HAL_Driver/Src/stm32h7xx_hal_pcd.c **** 
 1920              		.loc 1 1888 3 view .LVU554
 1921 0004 01F00F0C 		and	ip, r1, #15
1888:Drivers/STM32H7xx_HAL_Driver/Src/stm32h7xx_hal_pcd.c **** 
 1922              		.loc 1 1888 6 is_stmt 0 view .LVU555
 1923 0008 0CEBCC01 		add	r1, ip, ip, lsl #3
 1924              	.LVL167:
1888:Drivers/STM32H7xx_HAL_Driver/Src/stm32h7xx_hal_pcd.c **** 
 1925              		.loc 1 1888 6 view .LVU556
 1926 000c 8900     		lsls	r1, r1, #2
 1927 000e 1031     		adds	r1, r1, #16
 1928 0010 0144     		add	r1, r1, r0
 1929 0012 0431     		adds	r1, r1, #4
 1930              	.LVL168:
1891:Drivers/STM32H7xx_HAL_Driver/Src/stm32h7xx_hal_pcd.c ****   ep->xfer_len = len;
 1931              		.loc 1 1891 3 is_stmt 1 view .LVU557
1891:Drivers/STM32H7xx_HAL_Driver/Src/stm32h7xx_hal_pcd.c ****   ep->xfer_len = len;
ARM GAS  C:\Users\Made\AppData\Local\Temp\cch5frMA.s 			page 83


 1932              		.loc 1 1891 17 is_stmt 0 view .LVU558
 1933 0014 0CEBCC0E 		add	lr, ip, ip, lsl #3
 1934 0018 00EB8E0E 		add	lr, r0, lr, lsl #2
 1935 001c CEF82020 		str	r2, [lr, #32]
1892:Drivers/STM32H7xx_HAL_Driver/Src/stm32h7xx_hal_pcd.c ****   ep->xfer_count = 0U;
 1936              		.loc 1 1892 3 is_stmt 1 view .LVU559
1892:Drivers/STM32H7xx_HAL_Driver/Src/stm32h7xx_hal_pcd.c ****   ep->xfer_count = 0U;
 1937              		.loc 1 1892 16 is_stmt 0 view .LVU560
 1938 0020 CEF82430 		str	r3, [lr, #36]
1893:Drivers/STM32H7xx_HAL_Driver/Src/stm32h7xx_hal_pcd.c ****   ep->is_in = 1U;
 1939              		.loc 1 1893 3 is_stmt 1 view .LVU561
1893:Drivers/STM32H7xx_HAL_Driver/Src/stm32h7xx_hal_pcd.c ****   ep->is_in = 1U;
 1940              		.loc 1 1893 18 is_stmt 0 view .LVU562
 1941 0024 0023     		movs	r3, #0
 1942              	.LVL169:
1893:Drivers/STM32H7xx_HAL_Driver/Src/stm32h7xx_hal_pcd.c ****   ep->is_in = 1U;
 1943              		.loc 1 1893 18 view .LVU563
 1944 0026 CEF82830 		str	r3, [lr, #40]
1894:Drivers/STM32H7xx_HAL_Driver/Src/stm32h7xx_hal_pcd.c ****   ep->num = ep_addr & EP_ADDR_MSK;
 1945              		.loc 1 1894 3 is_stmt 1 view .LVU564
1894:Drivers/STM32H7xx_HAL_Driver/Src/stm32h7xx_hal_pcd.c ****   ep->num = ep_addr & EP_ADDR_MSK;
 1946              		.loc 1 1894 13 is_stmt 0 view .LVU565
 1947 002a 0123     		movs	r3, #1
 1948 002c 8EF81530 		strb	r3, [lr, #21]
1895:Drivers/STM32H7xx_HAL_Driver/Src/stm32h7xx_hal_pcd.c **** 
 1949              		.loc 1 1895 3 is_stmt 1 view .LVU566
1895:Drivers/STM32H7xx_HAL_Driver/Src/stm32h7xx_hal_pcd.c **** 
 1950              		.loc 1 1895 11 is_stmt 0 view .LVU567
 1951 0030 8EF814C0 		strb	ip, [lr, #20]
1897:Drivers/STM32H7xx_HAL_Driver/Src/stm32h7xx_hal_pcd.c ****   {
 1952              		.loc 1 1897 3 is_stmt 1 view .LVU568
1897:Drivers/STM32H7xx_HAL_Driver/Src/stm32h7xx_hal_pcd.c ****   {
 1953              		.loc 1 1897 17 is_stmt 0 view .LVU569
 1954 0034 8279     		ldrb	r2, [r0, #6]	@ zero_extendqisi2
 1955              	.LVL170:
1897:Drivers/STM32H7xx_HAL_Driver/Src/stm32h7xx_hal_pcd.c ****   {
 1956              		.loc 1 1897 6 view .LVU570
 1957 0036 9A42     		cmp	r2, r3
 1958 0038 04D0     		beq	.L135
 1959              	.L133:
1902:Drivers/STM32H7xx_HAL_Driver/Src/stm32h7xx_hal_pcd.c **** 
 1960              		.loc 1 1902 3 is_stmt 1 view .LVU571
1902:Drivers/STM32H7xx_HAL_Driver/Src/stm32h7xx_hal_pcd.c **** 
 1961              		.loc 1 1902 9 is_stmt 0 view .LVU572
 1962 003a 0068     		ldr	r0, [r0]
 1963              	.LVL171:
1902:Drivers/STM32H7xx_HAL_Driver/Src/stm32h7xx_hal_pcd.c **** 
 1964              		.loc 1 1902 9 view .LVU573
 1965 003c FFF7FEFF 		bl	USB_EPStartXfer
 1966              	.LVL172:
1904:Drivers/STM32H7xx_HAL_Driver/Src/stm32h7xx_hal_pcd.c **** }
 1967              		.loc 1 1904 3 is_stmt 1 view .LVU574
1905:Drivers/STM32H7xx_HAL_Driver/Src/stm32h7xx_hal_pcd.c **** 
 1968              		.loc 1 1905 1 is_stmt 0 view .LVU575
 1969 0040 0020     		movs	r0, #0
 1970 0042 10BD     		pop	{r4, pc}
 1971              	.LVL173:
ARM GAS  C:\Users\Made\AppData\Local\Temp\cch5frMA.s 			page 84


 1972              	.L135:
1899:Drivers/STM32H7xx_HAL_Driver/Src/stm32h7xx_hal_pcd.c ****   }
 1973              		.loc 1 1899 5 is_stmt 1 view .LVU576
1899:Drivers/STM32H7xx_HAL_Driver/Src/stm32h7xx_hal_pcd.c ****   }
 1974              		.loc 1 1899 18 is_stmt 0 view .LVU577
 1975 0044 CEF83040 		str	r4, [lr, #48]
 1976 0048 F7E7     		b	.L133
 1977              		.cfi_endproc
 1978              	.LFE360:
 1980              		.section	.text.HAL_PCD_EP_SetStall,"ax",%progbits
 1981              		.align	1
 1982              		.global	HAL_PCD_EP_SetStall
 1983              		.syntax unified
 1984              		.thumb
 1985              		.thumb_func
 1987              	HAL_PCD_EP_SetStall:
 1988              	.LVL174:
 1989              	.LFB361:
1914:Drivers/STM32H7xx_HAL_Driver/Src/stm32h7xx_hal_pcd.c ****   PCD_EPTypeDef *ep;
 1990              		.loc 1 1914 1 is_stmt 1 view -0
 1991              		.cfi_startproc
 1992              		@ args = 0, pretend = 0, frame = 0
 1993              		@ frame_needed = 0, uses_anonymous_args = 0
1914:Drivers/STM32H7xx_HAL_Driver/Src/stm32h7xx_hal_pcd.c ****   PCD_EPTypeDef *ep;
 1994              		.loc 1 1914 1 is_stmt 0 view .LVU579
 1995 0000 38B5     		push	{r3, r4, r5, lr}
 1996              	.LCFI23:
 1997              		.cfi_def_cfa_offset 16
 1998              		.cfi_offset 3, -16
 1999              		.cfi_offset 4, -12
 2000              		.cfi_offset 5, -8
 2001              		.cfi_offset 14, -4
1915:Drivers/STM32H7xx_HAL_Driver/Src/stm32h7xx_hal_pcd.c **** 
 2002              		.loc 1 1915 3 is_stmt 1 view .LVU580
1917:Drivers/STM32H7xx_HAL_Driver/Src/stm32h7xx_hal_pcd.c ****   {
 2003              		.loc 1 1917 3 view .LVU581
 2004 0002 01F00F05 		and	r5, r1, #15
1917:Drivers/STM32H7xx_HAL_Driver/Src/stm32h7xx_hal_pcd.c ****   {
 2005              		.loc 1 1917 53 is_stmt 0 view .LVU582
 2006 0006 0279     		ldrb	r2, [r0, #4]	@ zero_extendqisi2
1917:Drivers/STM32H7xx_HAL_Driver/Src/stm32h7xx_hal_pcd.c ****   {
 2007              		.loc 1 1917 6 view .LVU583
 2008 0008 AA42     		cmp	r2, r5
 2009 000a 38D3     		bcc	.L141
 2010 000c 0446     		mov	r4, r0
 2011 000e 0B46     		mov	r3, r1
1922:Drivers/STM32H7xx_HAL_Driver/Src/stm32h7xx_hal_pcd.c ****   {
 2012              		.loc 1 1922 3 is_stmt 1 view .LVU584
1922:Drivers/STM32H7xx_HAL_Driver/Src/stm32h7xx_hal_pcd.c ****   {
 2013              		.loc 1 1922 6 is_stmt 0 view .LVU585
 2014 0010 11F0800F 		tst	r1, #128
 2015 0014 1FD1     		bne	.L144
1929:Drivers/STM32H7xx_HAL_Driver/Src/stm32h7xx_hal_pcd.c ****     ep->is_in = 0U;
 2016              		.loc 1 1929 5 is_stmt 1 view .LVU586
1929:Drivers/STM32H7xx_HAL_Driver/Src/stm32h7xx_hal_pcd.c ****     ep->is_in = 0U;
 2017              		.loc 1 1929 8 is_stmt 0 view .LVU587
 2018 0016 01EBC101 		add	r1, r1, r1, lsl #3
ARM GAS  C:\Users\Made\AppData\Local\Temp\cch5frMA.s 			page 85


 2019              	.LVL175:
1929:Drivers/STM32H7xx_HAL_Driver/Src/stm32h7xx_hal_pcd.c ****     ep->is_in = 0U;
 2020              		.loc 1 1929 8 view .LVU588
 2021 001a 8900     		lsls	r1, r1, #2
 2022 001c 01F51471 		add	r1, r1, #592
 2023 0020 0144     		add	r1, r1, r0
 2024 0022 0431     		adds	r1, r1, #4
 2025              	.LVL176:
1930:Drivers/STM32H7xx_HAL_Driver/Src/stm32h7xx_hal_pcd.c ****   }
 2026              		.loc 1 1930 5 is_stmt 1 view .LVU589
1930:Drivers/STM32H7xx_HAL_Driver/Src/stm32h7xx_hal_pcd.c ****   }
 2027              		.loc 1 1930 15 is_stmt 0 view .LVU590
 2028 0024 03EBC303 		add	r3, r3, r3, lsl #3
 2029              	.LVL177:
1930:Drivers/STM32H7xx_HAL_Driver/Src/stm32h7xx_hal_pcd.c ****   }
 2030              		.loc 1 1930 15 view .LVU591
 2031 0028 00EB8303 		add	r3, r0, r3, lsl #2
 2032 002c 0022     		movs	r2, #0
 2033 002e 83F85522 		strb	r2, [r3, #597]
 2034              	.L139:
1933:Drivers/STM32H7xx_HAL_Driver/Src/stm32h7xx_hal_pcd.c ****   ep->num = ep_addr & EP_ADDR_MSK;
 2035              		.loc 1 1933 3 is_stmt 1 view .LVU592
1933:Drivers/STM32H7xx_HAL_Driver/Src/stm32h7xx_hal_pcd.c ****   ep->num = ep_addr & EP_ADDR_MSK;
 2036              		.loc 1 1933 16 is_stmt 0 view .LVU593
 2037 0032 0123     		movs	r3, #1
 2038 0034 8B70     		strb	r3, [r1, #2]
1934:Drivers/STM32H7xx_HAL_Driver/Src/stm32h7xx_hal_pcd.c **** 
 2039              		.loc 1 1934 3 is_stmt 1 view .LVU594
1934:Drivers/STM32H7xx_HAL_Driver/Src/stm32h7xx_hal_pcd.c **** 
 2040              		.loc 1 1934 11 is_stmt 0 view .LVU595
 2041 0036 0D70     		strb	r5, [r1]
1936:Drivers/STM32H7xx_HAL_Driver/Src/stm32h7xx_hal_pcd.c **** 
 2042              		.loc 1 1936 3 is_stmt 1 view .LVU596
1936:Drivers/STM32H7xx_HAL_Driver/Src/stm32h7xx_hal_pcd.c **** 
 2043              		.loc 1 1936 3 view .LVU597
 2044 0038 94F89434 		ldrb	r3, [r4, #1172]	@ zero_extendqisi2
 2045 003c 012B     		cmp	r3, #1
 2046 003e 20D0     		beq	.L142
1936:Drivers/STM32H7xx_HAL_Driver/Src/stm32h7xx_hal_pcd.c **** 
 2047              		.loc 1 1936 3 discriminator 2 view .LVU598
 2048 0040 0123     		movs	r3, #1
 2049 0042 84F89434 		strb	r3, [r4, #1172]
1936:Drivers/STM32H7xx_HAL_Driver/Src/stm32h7xx_hal_pcd.c **** 
 2050              		.loc 1 1936 3 discriminator 2 view .LVU599
1938:Drivers/STM32H7xx_HAL_Driver/Src/stm32h7xx_hal_pcd.c **** 
 2051              		.loc 1 1938 3 view .LVU600
1938:Drivers/STM32H7xx_HAL_Driver/Src/stm32h7xx_hal_pcd.c **** 
 2052              		.loc 1 1938 9 is_stmt 0 view .LVU601
 2053 0046 2068     		ldr	r0, [r4]
 2054              	.LVL178:
1938:Drivers/STM32H7xx_HAL_Driver/Src/stm32h7xx_hal_pcd.c **** 
 2055              		.loc 1 1938 9 view .LVU602
 2056 0048 FFF7FEFF 		bl	USB_EPSetStall
 2057              	.LVL179:
1940:Drivers/STM32H7xx_HAL_Driver/Src/stm32h7xx_hal_pcd.c ****   {
 2058              		.loc 1 1940 3 is_stmt 1 view .LVU603
1940:Drivers/STM32H7xx_HAL_Driver/Src/stm32h7xx_hal_pcd.c ****   {
ARM GAS  C:\Users\Made\AppData\Local\Temp\cch5frMA.s 			page 86


 2059              		.loc 1 1940 6 is_stmt 0 view .LVU604
 2060 004c 85B1     		cbz	r5, .L145
 2061              	.L140:
1945:Drivers/STM32H7xx_HAL_Driver/Src/stm32h7xx_hal_pcd.c **** 
 2062              		.loc 1 1945 3 is_stmt 1 view .LVU605
1945:Drivers/STM32H7xx_HAL_Driver/Src/stm32h7xx_hal_pcd.c **** 
 2063              		.loc 1 1945 3 view .LVU606
 2064 004e 0020     		movs	r0, #0
 2065 0050 84F89404 		strb	r0, [r4, #1172]
1945:Drivers/STM32H7xx_HAL_Driver/Src/stm32h7xx_hal_pcd.c **** 
 2066              		.loc 1 1945 3 view .LVU607
1947:Drivers/STM32H7xx_HAL_Driver/Src/stm32h7xx_hal_pcd.c **** }
 2067              		.loc 1 1947 3 view .LVU608
 2068              	.LVL180:
 2069              	.L137:
1948:Drivers/STM32H7xx_HAL_Driver/Src/stm32h7xx_hal_pcd.c **** 
 2070              		.loc 1 1948 1 is_stmt 0 view .LVU609
 2071 0054 38BD     		pop	{r3, r4, r5, pc}
 2072              	.LVL181:
 2073              	.L144:
1924:Drivers/STM32H7xx_HAL_Driver/Src/stm32h7xx_hal_pcd.c ****     ep->is_in = 1U;
 2074              		.loc 1 1924 5 is_stmt 1 view .LVU610
1924:Drivers/STM32H7xx_HAL_Driver/Src/stm32h7xx_hal_pcd.c ****     ep->is_in = 1U;
 2075              		.loc 1 1924 8 is_stmt 0 view .LVU611
 2076 0056 05EBC501 		add	r1, r5, r5, lsl #3
 2077              	.LVL182:
1924:Drivers/STM32H7xx_HAL_Driver/Src/stm32h7xx_hal_pcd.c ****     ep->is_in = 1U;
 2078              		.loc 1 1924 8 view .LVU612
 2079 005a 8900     		lsls	r1, r1, #2
 2080 005c 1031     		adds	r1, r1, #16
 2081 005e 0144     		add	r1, r1, r0
 2082 0060 0431     		adds	r1, r1, #4
 2083              	.LVL183:
1925:Drivers/STM32H7xx_HAL_Driver/Src/stm32h7xx_hal_pcd.c ****   }
 2084              		.loc 1 1925 5 is_stmt 1 view .LVU613
1925:Drivers/STM32H7xx_HAL_Driver/Src/stm32h7xx_hal_pcd.c ****   }
 2085              		.loc 1 1925 15 is_stmt 0 view .LVU614
 2086 0062 05EBC503 		add	r3, r5, r5, lsl #3
 2087              	.LVL184:
1925:Drivers/STM32H7xx_HAL_Driver/Src/stm32h7xx_hal_pcd.c ****   }
 2088              		.loc 1 1925 15 view .LVU615
 2089 0066 00EB8303 		add	r3, r0, r3, lsl #2
 2090 006a 0122     		movs	r2, #1
 2091 006c 5A75     		strb	r2, [r3, #21]
 2092 006e E0E7     		b	.L139
 2093              	.LVL185:
 2094              	.L145:
1942:Drivers/STM32H7xx_HAL_Driver/Src/stm32h7xx_hal_pcd.c ****   }
 2095              		.loc 1 1942 5 is_stmt 1 view .LVU616
1942:Drivers/STM32H7xx_HAL_Driver/Src/stm32h7xx_hal_pcd.c ****   }
 2096              		.loc 1 1942 11 is_stmt 0 view .LVU617
 2097 0070 04F29C42 		addw	r2, r4, #1180
 2098 0074 A179     		ldrb	r1, [r4, #6]	@ zero_extendqisi2
 2099 0076 2068     		ldr	r0, [r4]
 2100 0078 FFF7FEFF 		bl	USB_EP0_OutStart
 2101              	.LVL186:
 2102 007c E7E7     		b	.L140
ARM GAS  C:\Users\Made\AppData\Local\Temp\cch5frMA.s 			page 87


 2103              	.LVL187:
 2104              	.L141:
1919:Drivers/STM32H7xx_HAL_Driver/Src/stm32h7xx_hal_pcd.c ****   }
 2105              		.loc 1 1919 12 view .LVU618
 2106 007e 0120     		movs	r0, #1
 2107              	.LVL188:
1919:Drivers/STM32H7xx_HAL_Driver/Src/stm32h7xx_hal_pcd.c ****   }
 2108              		.loc 1 1919 12 view .LVU619
 2109 0080 E8E7     		b	.L137
 2110              	.LVL189:
 2111              	.L142:
1936:Drivers/STM32H7xx_HAL_Driver/Src/stm32h7xx_hal_pcd.c **** 
 2112              		.loc 1 1936 3 discriminator 1 view .LVU620
 2113 0082 0220     		movs	r0, #2
 2114              	.LVL190:
1936:Drivers/STM32H7xx_HAL_Driver/Src/stm32h7xx_hal_pcd.c **** 
 2115              		.loc 1 1936 3 discriminator 1 view .LVU621
 2116 0084 E6E7     		b	.L137
 2117              		.cfi_endproc
 2118              	.LFE361:
 2120              		.section	.text.HAL_PCD_EP_ClrStall,"ax",%progbits
 2121              		.align	1
 2122              		.global	HAL_PCD_EP_ClrStall
 2123              		.syntax unified
 2124              		.thumb
 2125              		.thumb_func
 2127              	HAL_PCD_EP_ClrStall:
 2128              	.LVL191:
 2129              	.LFB362:
1957:Drivers/STM32H7xx_HAL_Driver/Src/stm32h7xx_hal_pcd.c ****   PCD_EPTypeDef *ep;
 2130              		.loc 1 1957 1 is_stmt 1 view -0
 2131              		.cfi_startproc
 2132              		@ args = 0, pretend = 0, frame = 0
 2133              		@ frame_needed = 0, uses_anonymous_args = 0
1958:Drivers/STM32H7xx_HAL_Driver/Src/stm32h7xx_hal_pcd.c **** 
 2134              		.loc 1 1958 3 view .LVU623
1960:Drivers/STM32H7xx_HAL_Driver/Src/stm32h7xx_hal_pcd.c ****   {
 2135              		.loc 1 1960 3 view .LVU624
 2136 0000 01F00F03 		and	r3, r1, #15
1960:Drivers/STM32H7xx_HAL_Driver/Src/stm32h7xx_hal_pcd.c ****   {
 2137              		.loc 1 1960 47 is_stmt 0 view .LVU625
 2138 0004 0279     		ldrb	r2, [r0, #4]	@ zero_extendqisi2
1960:Drivers/STM32H7xx_HAL_Driver/Src/stm32h7xx_hal_pcd.c ****   {
 2139              		.loc 1 1960 6 view .LVU626
 2140 0006 9A42     		cmp	r2, r3
 2141 0008 30D3     		bcc	.L150
1957:Drivers/STM32H7xx_HAL_Driver/Src/stm32h7xx_hal_pcd.c ****   PCD_EPTypeDef *ep;
 2142              		.loc 1 1957 1 view .LVU627
 2143 000a 10B5     		push	{r4, lr}
 2144              	.LCFI24:
 2145              		.cfi_def_cfa_offset 8
 2146              		.cfi_offset 4, -8
 2147              		.cfi_offset 14, -4
 2148 000c 0446     		mov	r4, r0
1965:Drivers/STM32H7xx_HAL_Driver/Src/stm32h7xx_hal_pcd.c ****   {
 2149              		.loc 1 1965 3 is_stmt 1 view .LVU628
1965:Drivers/STM32H7xx_HAL_Driver/Src/stm32h7xx_hal_pcd.c ****   {
ARM GAS  C:\Users\Made\AppData\Local\Temp\cch5frMA.s 			page 88


 2150              		.loc 1 1965 6 is_stmt 0 view .LVU629
 2151 000e 11F0800F 		tst	r1, #128
 2152 0012 1ED1     		bne	.L156
1972:Drivers/STM32H7xx_HAL_Driver/Src/stm32h7xx_hal_pcd.c ****     ep->is_in = 0U;
 2153              		.loc 1 1972 5 is_stmt 1 view .LVU630
1972:Drivers/STM32H7xx_HAL_Driver/Src/stm32h7xx_hal_pcd.c ****     ep->is_in = 0U;
 2154              		.loc 1 1972 8 is_stmt 0 view .LVU631
 2155 0014 03EBC301 		add	r1, r3, r3, lsl #3
 2156              	.LVL192:
1972:Drivers/STM32H7xx_HAL_Driver/Src/stm32h7xx_hal_pcd.c ****     ep->is_in = 0U;
 2157              		.loc 1 1972 8 view .LVU632
 2158 0018 8900     		lsls	r1, r1, #2
 2159 001a 01F51471 		add	r1, r1, #592
 2160 001e 0144     		add	r1, r1, r0
 2161 0020 0431     		adds	r1, r1, #4
 2162              	.LVL193:
1973:Drivers/STM32H7xx_HAL_Driver/Src/stm32h7xx_hal_pcd.c ****   }
 2163              		.loc 1 1973 5 is_stmt 1 view .LVU633
1973:Drivers/STM32H7xx_HAL_Driver/Src/stm32h7xx_hal_pcd.c ****   }
 2164              		.loc 1 1973 15 is_stmt 0 view .LVU634
 2165 0022 03EBC302 		add	r2, r3, r3, lsl #3
 2166 0026 00EB8202 		add	r2, r0, r2, lsl #2
 2167 002a 0020     		movs	r0, #0
 2168              	.LVL194:
1973:Drivers/STM32H7xx_HAL_Driver/Src/stm32h7xx_hal_pcd.c ****   }
 2169              		.loc 1 1973 15 view .LVU635
 2170 002c 82F85502 		strb	r0, [r2, #597]
 2171              	.L149:
1976:Drivers/STM32H7xx_HAL_Driver/Src/stm32h7xx_hal_pcd.c ****   ep->num = ep_addr & EP_ADDR_MSK;
 2172              		.loc 1 1976 3 is_stmt 1 view .LVU636
1976:Drivers/STM32H7xx_HAL_Driver/Src/stm32h7xx_hal_pcd.c ****   ep->num = ep_addr & EP_ADDR_MSK;
 2173              		.loc 1 1976 16 is_stmt 0 view .LVU637
 2174 0030 0022     		movs	r2, #0
 2175 0032 8A70     		strb	r2, [r1, #2]
1977:Drivers/STM32H7xx_HAL_Driver/Src/stm32h7xx_hal_pcd.c **** 
 2176              		.loc 1 1977 3 is_stmt 1 view .LVU638
1977:Drivers/STM32H7xx_HAL_Driver/Src/stm32h7xx_hal_pcd.c **** 
 2177              		.loc 1 1977 11 is_stmt 0 view .LVU639
 2178 0034 0B70     		strb	r3, [r1]
1979:Drivers/STM32H7xx_HAL_Driver/Src/stm32h7xx_hal_pcd.c ****   (void)USB_EPClearStall(hpcd->Instance, ep);
 2179              		.loc 1 1979 3 is_stmt 1 view .LVU640
1979:Drivers/STM32H7xx_HAL_Driver/Src/stm32h7xx_hal_pcd.c ****   (void)USB_EPClearStall(hpcd->Instance, ep);
 2180              		.loc 1 1979 3 view .LVU641
 2181 0036 94F89434 		ldrb	r3, [r4, #1172]	@ zero_extendqisi2
 2182 003a 012B     		cmp	r3, #1
 2183 003c 18D0     		beq	.L151
1979:Drivers/STM32H7xx_HAL_Driver/Src/stm32h7xx_hal_pcd.c ****   (void)USB_EPClearStall(hpcd->Instance, ep);
 2184              		.loc 1 1979 3 discriminator 2 view .LVU642
 2185 003e 0123     		movs	r3, #1
 2186 0040 84F89434 		strb	r3, [r4, #1172]
1979:Drivers/STM32H7xx_HAL_Driver/Src/stm32h7xx_hal_pcd.c ****   (void)USB_EPClearStall(hpcd->Instance, ep);
 2187              		.loc 1 1979 3 discriminator 2 view .LVU643
1980:Drivers/STM32H7xx_HAL_Driver/Src/stm32h7xx_hal_pcd.c ****   __HAL_UNLOCK(hpcd);
 2188              		.loc 1 1980 3 view .LVU644
1980:Drivers/STM32H7xx_HAL_Driver/Src/stm32h7xx_hal_pcd.c ****   __HAL_UNLOCK(hpcd);
 2189              		.loc 1 1980 9 is_stmt 0 view .LVU645
 2190 0044 2068     		ldr	r0, [r4]
ARM GAS  C:\Users\Made\AppData\Local\Temp\cch5frMA.s 			page 89


 2191 0046 FFF7FEFF 		bl	USB_EPClearStall
 2192              	.LVL195:
1981:Drivers/STM32H7xx_HAL_Driver/Src/stm32h7xx_hal_pcd.c **** 
 2193              		.loc 1 1981 3 is_stmt 1 view .LVU646
1981:Drivers/STM32H7xx_HAL_Driver/Src/stm32h7xx_hal_pcd.c **** 
 2194              		.loc 1 1981 3 view .LVU647
 2195 004a 0020     		movs	r0, #0
 2196 004c 84F89404 		strb	r0, [r4, #1172]
1981:Drivers/STM32H7xx_HAL_Driver/Src/stm32h7xx_hal_pcd.c **** 
 2197              		.loc 1 1981 3 view .LVU648
1983:Drivers/STM32H7xx_HAL_Driver/Src/stm32h7xx_hal_pcd.c **** }
 2198              		.loc 1 1983 3 view .LVU649
 2199              	.L147:
1984:Drivers/STM32H7xx_HAL_Driver/Src/stm32h7xx_hal_pcd.c **** 
 2200              		.loc 1 1984 1 is_stmt 0 view .LVU650
 2201 0050 10BD     		pop	{r4, pc}
 2202              	.LVL196:
 2203              	.L156:
1967:Drivers/STM32H7xx_HAL_Driver/Src/stm32h7xx_hal_pcd.c ****     ep->is_in = 1U;
 2204              		.loc 1 1967 5 is_stmt 1 view .LVU651
1967:Drivers/STM32H7xx_HAL_Driver/Src/stm32h7xx_hal_pcd.c ****     ep->is_in = 1U;
 2205              		.loc 1 1967 8 is_stmt 0 view .LVU652
 2206 0052 03EBC301 		add	r1, r3, r3, lsl #3
 2207              	.LVL197:
1967:Drivers/STM32H7xx_HAL_Driver/Src/stm32h7xx_hal_pcd.c ****     ep->is_in = 1U;
 2208              		.loc 1 1967 8 view .LVU653
 2209 0056 8900     		lsls	r1, r1, #2
 2210 0058 1031     		adds	r1, r1, #16
 2211 005a 0144     		add	r1, r1, r0
 2212 005c 0431     		adds	r1, r1, #4
 2213              	.LVL198:
1968:Drivers/STM32H7xx_HAL_Driver/Src/stm32h7xx_hal_pcd.c ****   }
 2214              		.loc 1 1968 5 is_stmt 1 view .LVU654
1968:Drivers/STM32H7xx_HAL_Driver/Src/stm32h7xx_hal_pcd.c ****   }
 2215              		.loc 1 1968 15 is_stmt 0 view .LVU655
 2216 005e 03EBC302 		add	r2, r3, r3, lsl #3
 2217 0062 00EB8202 		add	r2, r0, r2, lsl #2
 2218 0066 0120     		movs	r0, #1
 2219              	.LVL199:
1968:Drivers/STM32H7xx_HAL_Driver/Src/stm32h7xx_hal_pcd.c ****   }
 2220              		.loc 1 1968 15 view .LVU656
 2221 0068 5075     		strb	r0, [r2, #21]
 2222 006a E1E7     		b	.L149
 2223              	.LVL200:
 2224              	.L150:
 2225              	.LCFI25:
 2226              		.cfi_def_cfa_offset 0
 2227              		.cfi_restore 4
 2228              		.cfi_restore 14
1962:Drivers/STM32H7xx_HAL_Driver/Src/stm32h7xx_hal_pcd.c ****   }
 2229              		.loc 1 1962 12 view .LVU657
 2230 006c 0120     		movs	r0, #1
 2231              	.LVL201:
1984:Drivers/STM32H7xx_HAL_Driver/Src/stm32h7xx_hal_pcd.c **** 
 2232              		.loc 1 1984 1 view .LVU658
 2233 006e 7047     		bx	lr
 2234              	.LVL202:
ARM GAS  C:\Users\Made\AppData\Local\Temp\cch5frMA.s 			page 90


 2235              	.L151:
 2236              	.LCFI26:
 2237              		.cfi_def_cfa_offset 8
 2238              		.cfi_offset 4, -8
 2239              		.cfi_offset 14, -4
1979:Drivers/STM32H7xx_HAL_Driver/Src/stm32h7xx_hal_pcd.c ****   (void)USB_EPClearStall(hpcd->Instance, ep);
 2240              		.loc 1 1979 3 discriminator 1 view .LVU659
 2241 0070 0220     		movs	r0, #2
 2242 0072 EDE7     		b	.L147
 2243              		.cfi_endproc
 2244              	.LFE362:
 2246              		.section	.text.HAL_PCD_EP_Abort,"ax",%progbits
 2247              		.align	1
 2248              		.global	HAL_PCD_EP_Abort
 2249              		.syntax unified
 2250              		.thumb
 2251              		.thumb_func
 2253              	HAL_PCD_EP_Abort:
 2254              	.LVL203:
 2255              	.LFB363:
1993:Drivers/STM32H7xx_HAL_Driver/Src/stm32h7xx_hal_pcd.c ****   HAL_StatusTypeDef ret;
 2256              		.loc 1 1993 1 is_stmt 1 view -0
 2257              		.cfi_startproc
 2258              		@ args = 0, pretend = 0, frame = 0
 2259              		@ frame_needed = 0, uses_anonymous_args = 0
1993:Drivers/STM32H7xx_HAL_Driver/Src/stm32h7xx_hal_pcd.c ****   HAL_StatusTypeDef ret;
 2260              		.loc 1 1993 1 is_stmt 0 view .LVU661
 2261 0000 08B5     		push	{r3, lr}
 2262              	.LCFI27:
 2263              		.cfi_def_cfa_offset 8
 2264              		.cfi_offset 3, -8
 2265              		.cfi_offset 14, -4
1994:Drivers/STM32H7xx_HAL_Driver/Src/stm32h7xx_hal_pcd.c ****   PCD_EPTypeDef *ep;
 2266              		.loc 1 1994 3 is_stmt 1 view .LVU662
1995:Drivers/STM32H7xx_HAL_Driver/Src/stm32h7xx_hal_pcd.c **** 
 2267              		.loc 1 1995 3 view .LVU663
1997:Drivers/STM32H7xx_HAL_Driver/Src/stm32h7xx_hal_pcd.c ****   {
 2268              		.loc 1 1997 3 view .LVU664
1997:Drivers/STM32H7xx_HAL_Driver/Src/stm32h7xx_hal_pcd.c ****   {
 2269              		.loc 1 1997 6 is_stmt 0 view .LVU665
 2270 0002 11F0800F 		tst	r1, #128
 2271 0006 0CD1     		bne	.L161
2003:Drivers/STM32H7xx_HAL_Driver/Src/stm32h7xx_hal_pcd.c ****   }
 2272              		.loc 1 2003 5 is_stmt 1 view .LVU666
2003:Drivers/STM32H7xx_HAL_Driver/Src/stm32h7xx_hal_pcd.c ****   }
 2273              		.loc 1 2003 32 is_stmt 0 view .LVU667
 2274 0008 01F00F01 		and	r1, r1, #15
 2275              	.LVL204:
2003:Drivers/STM32H7xx_HAL_Driver/Src/stm32h7xx_hal_pcd.c ****   }
 2276              		.loc 1 2003 8 view .LVU668
 2277 000c 01EBC101 		add	r1, r1, r1, lsl #3
 2278 0010 8900     		lsls	r1, r1, #2
 2279 0012 01F51471 		add	r1, r1, #592
 2280 0016 0144     		add	r1, r1, r0
 2281 0018 0431     		adds	r1, r1, #4
 2282              	.LVL205:
 2283              	.L159:
ARM GAS  C:\Users\Made\AppData\Local\Temp\cch5frMA.s 			page 91


2007:Drivers/STM32H7xx_HAL_Driver/Src/stm32h7xx_hal_pcd.c **** 
 2284              		.loc 1 2007 3 is_stmt 1 view .LVU669
2007:Drivers/STM32H7xx_HAL_Driver/Src/stm32h7xx_hal_pcd.c **** 
 2285              		.loc 1 2007 9 is_stmt 0 view .LVU670
 2286 001a 0068     		ldr	r0, [r0]
 2287              	.LVL206:
2007:Drivers/STM32H7xx_HAL_Driver/Src/stm32h7xx_hal_pcd.c **** 
 2288              		.loc 1 2007 9 view .LVU671
 2289 001c FFF7FEFF 		bl	USB_EPStopXfer
 2290              	.LVL207:
2009:Drivers/STM32H7xx_HAL_Driver/Src/stm32h7xx_hal_pcd.c **** }
 2291              		.loc 1 2009 3 is_stmt 1 view .LVU672
2010:Drivers/STM32H7xx_HAL_Driver/Src/stm32h7xx_hal_pcd.c **** 
 2292              		.loc 1 2010 1 is_stmt 0 view .LVU673
 2293 0020 08BD     		pop	{r3, pc}
 2294              	.LVL208:
 2295              	.L161:
1999:Drivers/STM32H7xx_HAL_Driver/Src/stm32h7xx_hal_pcd.c ****   }
 2296              		.loc 1 1999 5 is_stmt 1 view .LVU674
1999:Drivers/STM32H7xx_HAL_Driver/Src/stm32h7xx_hal_pcd.c ****   }
 2297              		.loc 1 1999 31 is_stmt 0 view .LVU675
 2298 0022 01F00F01 		and	r1, r1, #15
 2299              	.LVL209:
1999:Drivers/STM32H7xx_HAL_Driver/Src/stm32h7xx_hal_pcd.c ****   }
 2300              		.loc 1 1999 8 view .LVU676
 2301 0026 01EBC101 		add	r1, r1, r1, lsl #3
 2302 002a 8900     		lsls	r1, r1, #2
 2303 002c 1031     		adds	r1, r1, #16
 2304 002e 0144     		add	r1, r1, r0
 2305 0030 0431     		adds	r1, r1, #4
 2306              	.LVL210:
1999:Drivers/STM32H7xx_HAL_Driver/Src/stm32h7xx_hal_pcd.c ****   }
 2307              		.loc 1 1999 8 view .LVU677
 2308 0032 F2E7     		b	.L159
 2309              		.cfi_endproc
 2310              	.LFE363:
 2312              		.section	.text.HAL_PCD_IRQHandler,"ax",%progbits
 2313              		.align	1
 2314              		.global	HAL_PCD_IRQHandler
 2315              		.syntax unified
 2316              		.thumb
 2317              		.thumb_func
 2319              	HAL_PCD_IRQHandler:
 2320              	.LVL211:
 2321              	.LFB341:
1050:Drivers/STM32H7xx_HAL_Driver/Src/stm32h7xx_hal_pcd.c ****   USB_OTG_GlobalTypeDef *USBx = hpcd->Instance;
 2322              		.loc 1 1050 1 is_stmt 1 view -0
 2323              		.cfi_startproc
 2324              		@ args = 0, pretend = 0, frame = 8
 2325              		@ frame_needed = 0, uses_anonymous_args = 0
1050:Drivers/STM32H7xx_HAL_Driver/Src/stm32h7xx_hal_pcd.c ****   USB_OTG_GlobalTypeDef *USBx = hpcd->Instance;
 2326              		.loc 1 1050 1 is_stmt 0 view .LVU679
 2327 0000 2DE9F04F 		push	{r4, r5, r6, r7, r8, r9, r10, fp, lr}
 2328              	.LCFI28:
 2329              		.cfi_def_cfa_offset 36
 2330              		.cfi_offset 4, -36
 2331              		.cfi_offset 5, -32
ARM GAS  C:\Users\Made\AppData\Local\Temp\cch5frMA.s 			page 92


 2332              		.cfi_offset 6, -28
 2333              		.cfi_offset 7, -24
 2334              		.cfi_offset 8, -20
 2335              		.cfi_offset 9, -16
 2336              		.cfi_offset 10, -12
 2337              		.cfi_offset 11, -8
 2338              		.cfi_offset 14, -4
 2339 0004 83B0     		sub	sp, sp, #12
 2340              	.LCFI29:
 2341              		.cfi_def_cfa_offset 48
 2342 0006 0446     		mov	r4, r0
1051:Drivers/STM32H7xx_HAL_Driver/Src/stm32h7xx_hal_pcd.c ****   uint32_t USBx_BASE = (uint32_t)USBx;
 2343              		.loc 1 1051 3 is_stmt 1 view .LVU680
1051:Drivers/STM32H7xx_HAL_Driver/Src/stm32h7xx_hal_pcd.c ****   uint32_t USBx_BASE = (uint32_t)USBx;
 2344              		.loc 1 1051 26 is_stmt 0 view .LVU681
 2345 0008 0568     		ldr	r5, [r0]
 2346              	.LVL212:
1052:Drivers/STM32H7xx_HAL_Driver/Src/stm32h7xx_hal_pcd.c ****   USB_OTG_EPTypeDef *ep;
 2347              		.loc 1 1052 3 is_stmt 1 view .LVU682
1053:Drivers/STM32H7xx_HAL_Driver/Src/stm32h7xx_hal_pcd.c ****   uint32_t i;
 2348              		.loc 1 1053 3 view .LVU683
1054:Drivers/STM32H7xx_HAL_Driver/Src/stm32h7xx_hal_pcd.c ****   uint32_t ep_intr;
 2349              		.loc 1 1054 3 view .LVU684
1055:Drivers/STM32H7xx_HAL_Driver/Src/stm32h7xx_hal_pcd.c ****   uint32_t epint;
 2350              		.loc 1 1055 3 view .LVU685
1056:Drivers/STM32H7xx_HAL_Driver/Src/stm32h7xx_hal_pcd.c ****   uint32_t epnum;
 2351              		.loc 1 1056 3 view .LVU686
1057:Drivers/STM32H7xx_HAL_Driver/Src/stm32h7xx_hal_pcd.c ****   uint32_t fifoemptymsk;
 2352              		.loc 1 1057 3 view .LVU687
1058:Drivers/STM32H7xx_HAL_Driver/Src/stm32h7xx_hal_pcd.c ****   uint32_t RegVal;
 2353              		.loc 1 1058 3 view .LVU688
1059:Drivers/STM32H7xx_HAL_Driver/Src/stm32h7xx_hal_pcd.c **** 
 2354              		.loc 1 1059 3 view .LVU689
1062:Drivers/STM32H7xx_HAL_Driver/Src/stm32h7xx_hal_pcd.c ****   {
 2355              		.loc 1 1062 3 view .LVU690
1062:Drivers/STM32H7xx_HAL_Driver/Src/stm32h7xx_hal_pcd.c ****   {
 2356              		.loc 1 1062 7 is_stmt 0 view .LVU691
 2357 000a 2846     		mov	r0, r5
 2358              	.LVL213:
1062:Drivers/STM32H7xx_HAL_Driver/Src/stm32h7xx_hal_pcd.c ****   {
 2359              		.loc 1 1062 7 view .LVU692
 2360 000c FFF7FEFF 		bl	USB_GetMode
 2361              	.LVL214:
1062:Drivers/STM32H7xx_HAL_Driver/Src/stm32h7xx_hal_pcd.c ****   {
 2362              		.loc 1 1062 6 discriminator 1 view .LVU693
 2363 0010 10B1     		cbz	r0, .L222
 2364              	.LVL215:
 2365              	.L162:
1501:Drivers/STM32H7xx_HAL_Driver/Src/stm32h7xx_hal_pcd.c **** #endif /* defined (USB_OTG_FS) || defined (USB_OTG_HS) */
 2366              		.loc 1 1501 1 view .LVU694
 2367 0012 03B0     		add	sp, sp, #12
 2368              	.LCFI30:
 2369              		.cfi_remember_state
 2370              		.cfi_def_cfa_offset 36
 2371              		@ sp needed
 2372 0014 BDE8F08F 		pop	{r4, r5, r6, r7, r8, r9, r10, fp, pc}
 2373              	.LVL216:
ARM GAS  C:\Users\Made\AppData\Local\Temp\cch5frMA.s 			page 93


 2374              	.L222:
 2375              	.LCFI31:
 2376              		.cfi_restore_state
1501:Drivers/STM32H7xx_HAL_Driver/Src/stm32h7xx_hal_pcd.c **** #endif /* defined (USB_OTG_FS) || defined (USB_OTG_HS) */
 2377              		.loc 1 1501 1 view .LVU695
 2378 0018 0646     		mov	r6, r0
1065:Drivers/STM32H7xx_HAL_Driver/Src/stm32h7xx_hal_pcd.c ****     {
 2379              		.loc 1 1065 5 is_stmt 1 view .LVU696
1065:Drivers/STM32H7xx_HAL_Driver/Src/stm32h7xx_hal_pcd.c ****     {
 2380              		.loc 1 1065 9 is_stmt 0 view .LVU697
 2381 001a 2068     		ldr	r0, [r4]
 2382 001c FFF7FEFF 		bl	USB_ReadInterrupts
 2383              	.LVL217:
1065:Drivers/STM32H7xx_HAL_Driver/Src/stm32h7xx_hal_pcd.c ****     {
 2384              		.loc 1 1065 8 discriminator 1 view .LVU698
 2385 0020 0028     		cmp	r0, #0
 2386 0022 F6D0     		beq	.L162
1071:Drivers/STM32H7xx_HAL_Driver/Src/stm32h7xx_hal_pcd.c **** 
 2387              		.loc 1 1071 5 is_stmt 1 view .LVU699
1071:Drivers/STM32H7xx_HAL_Driver/Src/stm32h7xx_hal_pcd.c **** 
 2388              		.loc 1 1071 26 is_stmt 0 view .LVU700
 2389 0024 05F50067 		add	r7, r5, #2048
1071:Drivers/STM32H7xx_HAL_Driver/Src/stm32h7xx_hal_pcd.c **** 
 2390              		.loc 1 1071 37 view .LVU701
 2391 0028 BB68     		ldr	r3, [r7, #8]
1071:Drivers/STM32H7xx_HAL_Driver/Src/stm32h7xx_hal_pcd.c **** 
 2392              		.loc 1 1071 70 view .LVU702
 2393 002a C3F30D23 		ubfx	r3, r3, #8, #14
1071:Drivers/STM32H7xx_HAL_Driver/Src/stm32h7xx_hal_pcd.c **** 
 2394              		.loc 1 1071 23 view .LVU703
 2395 002e C4F8D434 		str	r3, [r4, #1236]
1073:Drivers/STM32H7xx_HAL_Driver/Src/stm32h7xx_hal_pcd.c ****     {
 2396              		.loc 1 1073 5 is_stmt 1 view .LVU704
1073:Drivers/STM32H7xx_HAL_Driver/Src/stm32h7xx_hal_pcd.c ****     {
 2397              		.loc 1 1073 9 is_stmt 0 view .LVU705
 2398 0032 2068     		ldr	r0, [r4]
 2399 0034 FFF7FEFF 		bl	USB_ReadInterrupts
 2400              	.LVL218:
1073:Drivers/STM32H7xx_HAL_Driver/Src/stm32h7xx_hal_pcd.c ****     {
 2401              		.loc 1 1073 8 discriminator 1 view .LVU706
 2402 0038 10F0020F 		tst	r0, #2
 2403 003c 04D0     		beq	.L164
1076:Drivers/STM32H7xx_HAL_Driver/Src/stm32h7xx_hal_pcd.c ****     }
 2404              		.loc 1 1076 7 is_stmt 1 view .LVU707
 2405 003e 2268     		ldr	r2, [r4]
 2406 0040 5369     		ldr	r3, [r2, #20]
 2407 0042 03F00203 		and	r3, r3, #2
 2408 0046 5361     		str	r3, [r2, #20]
 2409              	.L164:
1080:Drivers/STM32H7xx_HAL_Driver/Src/stm32h7xx_hal_pcd.c ****     {
 2410              		.loc 1 1080 5 view .LVU708
1080:Drivers/STM32H7xx_HAL_Driver/Src/stm32h7xx_hal_pcd.c ****     {
 2411              		.loc 1 1080 9 is_stmt 0 view .LVU709
 2412 0048 2068     		ldr	r0, [r4]
 2413 004a FFF7FEFF 		bl	USB_ReadInterrupts
 2414              	.LVL219:
1080:Drivers/STM32H7xx_HAL_Driver/Src/stm32h7xx_hal_pcd.c ****     {
ARM GAS  C:\Users\Made\AppData\Local\Temp\cch5frMA.s 			page 94


 2415              		.loc 1 1080 8 discriminator 1 view .LVU710
 2416 004e 10F0100F 		tst	r0, #16
 2417 0052 16D0     		beq	.L165
1082:Drivers/STM32H7xx_HAL_Driver/Src/stm32h7xx_hal_pcd.c **** 
 2418              		.loc 1 1082 7 is_stmt 1 view .LVU711
 2419 0054 2268     		ldr	r2, [r4]
 2420 0056 9369     		ldr	r3, [r2, #24]
 2421 0058 23F01003 		bic	r3, r3, #16
 2422 005c 9361     		str	r3, [r2, #24]
1084:Drivers/STM32H7xx_HAL_Driver/Src/stm32h7xx_hal_pcd.c **** 
 2423              		.loc 1 1084 7 view .LVU712
1084:Drivers/STM32H7xx_HAL_Driver/Src/stm32h7xx_hal_pcd.c **** 
 2424              		.loc 1 1084 14 is_stmt 0 view .LVU713
 2425 005e D5F82080 		ldr	r8, [r5, #32]
 2426              	.LVL220:
1086:Drivers/STM32H7xx_HAL_Driver/Src/stm32h7xx_hal_pcd.c **** 
 2427              		.loc 1 1086 7 is_stmt 1 view .LVU714
1086:Drivers/STM32H7xx_HAL_Driver/Src/stm32h7xx_hal_pcd.c **** 
 2428              		.loc 1 1086 33 is_stmt 0 view .LVU715
 2429 0062 08F00F09 		and	r9, r8, #15
 2430              	.LVL221:
1088:Drivers/STM32H7xx_HAL_Driver/Src/stm32h7xx_hal_pcd.c ****       {
 2431              		.loc 1 1088 7 is_stmt 1 view .LVU716
1088:Drivers/STM32H7xx_HAL_Driver/Src/stm32h7xx_hal_pcd.c ****       {
 2432              		.loc 1 1088 53 is_stmt 0 view .LVU717
 2433 0066 08F4F013 		and	r3, r8, #1966080
1088:Drivers/STM32H7xx_HAL_Driver/Src/stm32h7xx_hal_pcd.c ****       {
 2434              		.loc 1 1088 10 view .LVU718
 2435 006a B3F5802F 		cmp	r3, #262144
 2436 006e 6AD0     		beq	.L223
1099:Drivers/STM32H7xx_HAL_Driver/Src/stm32h7xx_hal_pcd.c ****       {
 2437              		.loc 1 1099 12 is_stmt 1 view .LVU719
1099:Drivers/STM32H7xx_HAL_Driver/Src/stm32h7xx_hal_pcd.c ****       {
 2438              		.loc 1 1099 15 is_stmt 0 view .LVU720
 2439 0070 B3F5402F 		cmp	r3, #786432
 2440 0074 00F08D80 		beq	.L224
 2441              	.LVL222:
 2442              	.L167:
1107:Drivers/STM32H7xx_HAL_Driver/Src/stm32h7xx_hal_pcd.c **** 
 2443              		.loc 1 1107 7 is_stmt 1 view .LVU721
1109:Drivers/STM32H7xx_HAL_Driver/Src/stm32h7xx_hal_pcd.c ****     }
 2444              		.loc 1 1109 7 view .LVU722
 2445 0078 2268     		ldr	r2, [r4]
 2446 007a 9369     		ldr	r3, [r2, #24]
 2447 007c 43F01003 		orr	r3, r3, #16
 2448 0080 9361     		str	r3, [r2, #24]
 2449              	.LVL223:
 2450              	.L165:
1112:Drivers/STM32H7xx_HAL_Driver/Src/stm32h7xx_hal_pcd.c ****     {
 2451              		.loc 1 1112 5 view .LVU723
1112:Drivers/STM32H7xx_HAL_Driver/Src/stm32h7xx_hal_pcd.c ****     {
 2452              		.loc 1 1112 9 is_stmt 0 view .LVU724
 2453 0082 2068     		ldr	r0, [r4]
 2454 0084 FFF7FEFF 		bl	USB_ReadInterrupts
 2455              	.LVL224:
1112:Drivers/STM32H7xx_HAL_Driver/Src/stm32h7xx_hal_pcd.c ****     {
 2456              		.loc 1 1112 8 discriminator 1 view .LVU725
ARM GAS  C:\Users\Made\AppData\Local\Temp\cch5frMA.s 			page 95


 2457 0088 10F4002F 		tst	r0, #524288
 2458 008c 40F09380 		bne	.L225
 2459              	.L168:
1184:Drivers/STM32H7xx_HAL_Driver/Src/stm32h7xx_hal_pcd.c ****     {
 2460              		.loc 1 1184 5 is_stmt 1 view .LVU726
1184:Drivers/STM32H7xx_HAL_Driver/Src/stm32h7xx_hal_pcd.c ****     {
 2461              		.loc 1 1184 9 is_stmt 0 view .LVU727
 2462 0090 2068     		ldr	r0, [r4]
 2463 0092 FFF7FEFF 		bl	USB_ReadInterrupts
 2464              	.LVL225:
1184:Drivers/STM32H7xx_HAL_Driver/Src/stm32h7xx_hal_pcd.c ****     {
 2465              		.loc 1 1184 8 discriminator 1 view .LVU728
 2466 0096 10F4802F 		tst	r0, #262144
 2467 009a 40F0FC80 		bne	.L226
 2468              	.L179:
1264:Drivers/STM32H7xx_HAL_Driver/Src/stm32h7xx_hal_pcd.c ****     {
 2469              		.loc 1 1264 5 is_stmt 1 view .LVU729
1264:Drivers/STM32H7xx_HAL_Driver/Src/stm32h7xx_hal_pcd.c ****     {
 2470              		.loc 1 1264 9 is_stmt 0 view .LVU730
 2471 009e 2068     		ldr	r0, [r4]
 2472 00a0 FFF7FEFF 		bl	USB_ReadInterrupts
 2473              	.LVL226:
1264:Drivers/STM32H7xx_HAL_Driver/Src/stm32h7xx_hal_pcd.c ****     {
 2474              		.loc 1 1264 8 discriminator 1 view .LVU731
 2475 00a4 0028     		cmp	r0, #0
 2476 00a6 C0F27D81 		blt	.L227
 2477              	.L190:
1292:Drivers/STM32H7xx_HAL_Driver/Src/stm32h7xx_hal_pcd.c ****     {
 2478              		.loc 1 1292 5 is_stmt 1 view .LVU732
1292:Drivers/STM32H7xx_HAL_Driver/Src/stm32h7xx_hal_pcd.c ****     {
 2479              		.loc 1 1292 9 is_stmt 0 view .LVU733
 2480 00aa 2068     		ldr	r0, [r4]
 2481 00ac FFF7FEFF 		bl	USB_ReadInterrupts
 2482              	.LVL227:
1292:Drivers/STM32H7xx_HAL_Driver/Src/stm32h7xx_hal_pcd.c ****     {
 2483              		.loc 1 1292 8 discriminator 1 view .LVU734
 2484 00b0 10F4006F 		tst	r0, #2048
 2485 00b4 09D0     		beq	.L193
1294:Drivers/STM32H7xx_HAL_Driver/Src/stm32h7xx_hal_pcd.c ****       {
 2486              		.loc 1 1294 7 is_stmt 1 view .LVU735
1294:Drivers/STM32H7xx_HAL_Driver/Src/stm32h7xx_hal_pcd.c ****       {
 2487              		.loc 1 1294 23 is_stmt 0 view .LVU736
 2488 00b6 BB68     		ldr	r3, [r7, #8]
1294:Drivers/STM32H7xx_HAL_Driver/Src/stm32h7xx_hal_pcd.c ****       {
 2489              		.loc 1 1294 10 view .LVU737
 2490 00b8 13F0010F 		tst	r3, #1
 2491 00bc 40F08A81 		bne	.L228
 2492              	.L194:
1302:Drivers/STM32H7xx_HAL_Driver/Src/stm32h7xx_hal_pcd.c ****     }
 2493              		.loc 1 1302 7 is_stmt 1 view .LVU738
 2494 00c0 2268     		ldr	r2, [r4]
 2495 00c2 5369     		ldr	r3, [r2, #20]
 2496 00c4 03F40063 		and	r3, r3, #2048
 2497 00c8 5361     		str	r3, [r2, #20]
 2498              	.L193:
1306:Drivers/STM32H7xx_HAL_Driver/Src/stm32h7xx_hal_pcd.c ****     {
 2499              		.loc 1 1306 5 view .LVU739
ARM GAS  C:\Users\Made\AppData\Local\Temp\cch5frMA.s 			page 96


1306:Drivers/STM32H7xx_HAL_Driver/Src/stm32h7xx_hal_pcd.c ****     {
 2500              		.loc 1 1306 9 is_stmt 0 view .LVU740
 2501 00ca 2068     		ldr	r0, [r4]
 2502 00cc FFF7FEFF 		bl	USB_ReadInterrupts
 2503              	.LVL228:
1306:Drivers/STM32H7xx_HAL_Driver/Src/stm32h7xx_hal_pcd.c ****     {
 2504              		.loc 1 1306 8 discriminator 1 view .LVU741
 2505 00d0 10F0006F 		tst	r0, #134217728
 2506 00d4 15D0     		beq	.L195
1308:Drivers/STM32H7xx_HAL_Driver/Src/stm32h7xx_hal_pcd.c **** 
 2507              		.loc 1 1308 7 is_stmt 1 view .LVU742
 2508 00d6 2268     		ldr	r2, [r4]
 2509 00d8 5369     		ldr	r3, [r2, #20]
 2510 00da 03F00063 		and	r3, r3, #134217728
 2511 00de 5361     		str	r3, [r2, #20]
1310:Drivers/STM32H7xx_HAL_Driver/Src/stm32h7xx_hal_pcd.c ****       {
 2512              		.loc 1 1310 7 view .LVU743
1310:Drivers/STM32H7xx_HAL_Driver/Src/stm32h7xx_hal_pcd.c ****       {
 2513              		.loc 1 1310 15 is_stmt 0 view .LVU744
 2514 00e0 94F8CC34 		ldrb	r3, [r4, #1228]	@ zero_extendqisi2
1310:Drivers/STM32H7xx_HAL_Driver/Src/stm32h7xx_hal_pcd.c ****       {
 2515              		.loc 1 1310 10 view .LVU745
 2516 00e4 002B     		cmp	r3, #0
 2517 00e6 40F07981 		bne	.L196
1312:Drivers/STM32H7xx_HAL_Driver/Src/stm32h7xx_hal_pcd.c ****         hpcd->BESL = (hpcd->Instance->GLPMCFG & USB_OTG_GLPMCFG_BESL) >> 2U;
 2518              		.loc 1 1312 9 is_stmt 1 view .LVU746
1312:Drivers/STM32H7xx_HAL_Driver/Src/stm32h7xx_hal_pcd.c ****         hpcd->BESL = (hpcd->Instance->GLPMCFG & USB_OTG_GLPMCFG_BESL) >> 2U;
 2519              		.loc 1 1312 25 is_stmt 0 view .LVU747
 2520 00ea 0121     		movs	r1, #1
 2521 00ec 84F8CC14 		strb	r1, [r4, #1228]
1313:Drivers/STM32H7xx_HAL_Driver/Src/stm32h7xx_hal_pcd.c **** 
 2522              		.loc 1 1313 9 is_stmt 1 view .LVU748
1313:Drivers/STM32H7xx_HAL_Driver/Src/stm32h7xx_hal_pcd.c **** 
 2523              		.loc 1 1313 27 is_stmt 0 view .LVU749
 2524 00f0 2368     		ldr	r3, [r4]
1313:Drivers/STM32H7xx_HAL_Driver/Src/stm32h7xx_hal_pcd.c **** 
 2525              		.loc 1 1313 37 view .LVU750
 2526 00f2 5B6D     		ldr	r3, [r3, #84]
1313:Drivers/STM32H7xx_HAL_Driver/Src/stm32h7xx_hal_pcd.c **** 
 2527              		.loc 1 1313 71 view .LVU751
 2528 00f4 C3F38303 		ubfx	r3, r3, #2, #4
1313:Drivers/STM32H7xx_HAL_Driver/Src/stm32h7xx_hal_pcd.c **** 
 2529              		.loc 1 1313 20 view .LVU752
 2530 00f8 C4F8D034 		str	r3, [r4, #1232]
1318:Drivers/STM32H7xx_HAL_Driver/Src/stm32h7xx_hal_pcd.c **** #endif /* USE_HAL_PCD_REGISTER_CALLBACKS */
 2531              		.loc 1 1318 9 is_stmt 1 view .LVU753
 2532 00fc 2046     		mov	r0, r4
 2533 00fe FFF7FEFF 		bl	HAL_PCDEx_LPM_Callback
 2534              	.LVL229:
 2535              	.L195:
1332:Drivers/STM32H7xx_HAL_Driver/Src/stm32h7xx_hal_pcd.c ****     {
 2536              		.loc 1 1332 5 view .LVU754
1332:Drivers/STM32H7xx_HAL_Driver/Src/stm32h7xx_hal_pcd.c ****     {
 2537              		.loc 1 1332 9 is_stmt 0 view .LVU755
 2538 0102 2068     		ldr	r0, [r4]
 2539 0104 FFF7FEFF 		bl	USB_ReadInterrupts
 2540              	.LVL230:
ARM GAS  C:\Users\Made\AppData\Local\Temp\cch5frMA.s 			page 97


1332:Drivers/STM32H7xx_HAL_Driver/Src/stm32h7xx_hal_pcd.c ****     {
 2541              		.loc 1 1332 8 discriminator 1 view .LVU756
 2542 0108 10F4805F 		tst	r0, #4096
 2543 010c 40F06A81 		bne	.L229
 2544              	.L197:
1381:Drivers/STM32H7xx_HAL_Driver/Src/stm32h7xx_hal_pcd.c ****     {
 2545              		.loc 1 1381 5 is_stmt 1 view .LVU757
1381:Drivers/STM32H7xx_HAL_Driver/Src/stm32h7xx_hal_pcd.c ****     {
 2546              		.loc 1 1381 9 is_stmt 0 view .LVU758
 2547 0110 2068     		ldr	r0, [r4]
 2548 0112 FFF7FEFF 		bl	USB_ReadInterrupts
 2549              	.LVL231:
1381:Drivers/STM32H7xx_HAL_Driver/Src/stm32h7xx_hal_pcd.c ****     {
 2550              		.loc 1 1381 8 discriminator 1 view .LVU759
 2551 0116 10F4005F 		tst	r0, #8192
 2552 011a 40F0B681 		bne	.L230
 2553              	.L202:
1401:Drivers/STM32H7xx_HAL_Driver/Src/stm32h7xx_hal_pcd.c ****     {
 2554              		.loc 1 1401 5 is_stmt 1 view .LVU760
1401:Drivers/STM32H7xx_HAL_Driver/Src/stm32h7xx_hal_pcd.c ****     {
 2555              		.loc 1 1401 9 is_stmt 0 view .LVU761
 2556 011e 2068     		ldr	r0, [r4]
 2557 0120 FFF7FEFF 		bl	USB_ReadInterrupts
 2558              	.LVL232:
1401:Drivers/STM32H7xx_HAL_Driver/Src/stm32h7xx_hal_pcd.c ****     {
 2559              		.loc 1 1401 8 discriminator 1 view .LVU762
 2560 0124 10F0080F 		tst	r0, #8
 2561 0128 40F0C781 		bne	.L231
 2562              	.L203:
1413:Drivers/STM32H7xx_HAL_Driver/Src/stm32h7xx_hal_pcd.c ****     {
 2563              		.loc 1 1413 5 is_stmt 1 view .LVU763
1413:Drivers/STM32H7xx_HAL_Driver/Src/stm32h7xx_hal_pcd.c ****     {
 2564              		.loc 1 1413 9 is_stmt 0 view .LVU764
 2565 012c 2068     		ldr	r0, [r4]
 2566 012e FFF7FEFF 		bl	USB_ReadInterrupts
 2567              	.LVL233:
1413:Drivers/STM32H7xx_HAL_Driver/Src/stm32h7xx_hal_pcd.c ****     {
 2568              		.loc 1 1413 8 discriminator 1 view .LVU765
 2569 0132 10F0800F 		tst	r0, #128
 2570 0136 00F0DA81 		beq	.L204
1415:Drivers/STM32H7xx_HAL_Driver/Src/stm32h7xx_hal_pcd.c **** 
 2571              		.loc 1 1415 7 is_stmt 1 view .LVU766
1415:Drivers/STM32H7xx_HAL_Driver/Src/stm32h7xx_hal_pcd.c **** 
 2572              		.loc 1 1415 11 is_stmt 0 view .LVU767
 2573 013a AB69     		ldr	r3, [r5, #24]
1415:Drivers/STM32H7xx_HAL_Driver/Src/stm32h7xx_hal_pcd.c **** 
 2574              		.loc 1 1415 21 view .LVU768
 2575 013c 23F08003 		bic	r3, r3, #128
 2576 0140 AB61     		str	r3, [r5, #24]
1417:Drivers/STM32H7xx_HAL_Driver/Src/stm32h7xx_hal_pcd.c ****       {
 2577              		.loc 1 1417 7 is_stmt 1 view .LVU769
 2578              	.LVL234:
1417:Drivers/STM32H7xx_HAL_Driver/Src/stm32h7xx_hal_pcd.c ****       {
 2579              		.loc 1 1417 18 is_stmt 0 view .LVU770
 2580 0142 0126     		movs	r6, #1
1417:Drivers/STM32H7xx_HAL_Driver/Src/stm32h7xx_hal_pcd.c ****       {
 2581              		.loc 1 1417 7 view .LVU771
ARM GAS  C:\Users\Made\AppData\Local\Temp\cch5frMA.s 			page 98


 2582 0144 C3E1     		b	.L205
 2583              	.LVL235:
 2584              	.L223:
1090:Drivers/STM32H7xx_HAL_Driver/Src/stm32h7xx_hal_pcd.c ****         {
 2585              		.loc 1 1090 9 is_stmt 1 view .LVU772
1090:Drivers/STM32H7xx_HAL_Driver/Src/stm32h7xx_hal_pcd.c ****         {
 2586              		.loc 1 1090 12 is_stmt 0 view .LVU773
 2587 0146 47F6F073 		movw	r3, #32752
 2588 014a 18EA030F 		tst	r8, r3
 2589 014e 93D0     		beq	.L167
1092:Drivers/STM32H7xx_HAL_Driver/Src/stm32h7xx_hal_pcd.c ****                                (uint16_t)((RegVal & USB_OTG_GRXSTSP_BCNT) >> 4));
 2590              		.loc 1 1092 11 is_stmt 1 view .LVU774
1093:Drivers/STM32H7xx_HAL_Driver/Src/stm32h7xx_hal_pcd.c **** 
 2591              		.loc 1 1093 75 is_stmt 0 view .LVU775
 2592 0150 4FEA181A 		lsr	r10, r8, #4
1092:Drivers/STM32H7xx_HAL_Driver/Src/stm32h7xx_hal_pcd.c ****                                (uint16_t)((RegVal & USB_OTG_GRXSTSP_BCNT) >> 4));
 2593              		.loc 1 1092 17 view .LVU776
 2594 0154 4FEAC903 		lsl	r3, r9, #3
 2595 0158 0193     		str	r3, [sp, #4]
 2596 015a 09EBC90B 		add	fp, r9, r9, lsl #3
 2597 015e 04EB8B0B 		add	fp, r4, fp, lsl #2
 2598 0162 C8F30A12 		ubfx	r2, r8, #4, #11
 2599 0166 DBF86012 		ldr	r1, [fp, #608]
 2600 016a 2846     		mov	r0, r5
 2601 016c FFF7FEFF 		bl	USB_ReadPacket
 2602              	.LVL236:
1095:Drivers/STM32H7xx_HAL_Driver/Src/stm32h7xx_hal_pcd.c ****           ep->xfer_count += (RegVal & USB_OTG_GRXSTSP_BCNT) >> 4;
 2603              		.loc 1 1095 11 is_stmt 1 view .LVU777
1095:Drivers/STM32H7xx_HAL_Driver/Src/stm32h7xx_hal_pcd.c ****           ep->xfer_count += (RegVal & USB_OTG_GRXSTSP_BCNT) >> 4;
 2604              		.loc 1 1095 13 is_stmt 0 view .LVU778
 2605 0170 DBF86032 		ldr	r3, [fp, #608]
1095:Drivers/STM32H7xx_HAL_Driver/Src/stm32h7xx_hal_pcd.c ****           ep->xfer_count += (RegVal & USB_OTG_GRXSTSP_BCNT) >> 4;
 2606              		.loc 1 1095 60 view .LVU779
 2607 0174 CAF30A0A 		ubfx	r10, r10, #0, #11
1095:Drivers/STM32H7xx_HAL_Driver/Src/stm32h7xx_hal_pcd.c ****           ep->xfer_count += (RegVal & USB_OTG_GRXSTSP_BCNT) >> 4;
 2608              		.loc 1 1095 25 view .LVU780
 2609 0178 5344     		add	r3, r3, r10
 2610 017a CBF86032 		str	r3, [fp, #608]
1096:Drivers/STM32H7xx_HAL_Driver/Src/stm32h7xx_hal_pcd.c ****         }
 2611              		.loc 1 1096 11 is_stmt 1 view .LVU781
1096:Drivers/STM32H7xx_HAL_Driver/Src/stm32h7xx_hal_pcd.c ****         }
 2612              		.loc 1 1096 13 is_stmt 0 view .LVU782
 2613 017e DBF86832 		ldr	r3, [fp, #616]
1096:Drivers/STM32H7xx_HAL_Driver/Src/stm32h7xx_hal_pcd.c ****         }
 2614              		.loc 1 1096 26 view .LVU783
 2615 0182 019A     		ldr	r2, [sp, #4]
 2616 0184 4A44     		add	r2, r2, r9
 2617 0186 04EB8202 		add	r2, r4, r2, lsl #2
 2618 018a 5344     		add	r3, r3, r10
 2619 018c C2F86832 		str	r3, [r2, #616]
 2620 0190 72E7     		b	.L167
 2621              	.L224:
1101:Drivers/STM32H7xx_HAL_Driver/Src/stm32h7xx_hal_pcd.c ****         ep->xfer_count += (RegVal & USB_OTG_GRXSTSP_BCNT) >> 4;
 2622              		.loc 1 1101 9 is_stmt 1 view .LVU784
1101:Drivers/STM32H7xx_HAL_Driver/Src/stm32h7xx_hal_pcd.c ****         ep->xfer_count += (RegVal & USB_OTG_GRXSTSP_BCNT) >> 4;
 2623              		.loc 1 1101 15 is_stmt 0 view .LVU785
 2624 0192 0822     		movs	r2, #8
ARM GAS  C:\Users\Made\AppData\Local\Temp\cch5frMA.s 			page 99


 2625 0194 04F29C41 		addw	r1, r4, #1180
 2626 0198 2846     		mov	r0, r5
 2627 019a FFF7FEFF 		bl	USB_ReadPacket
 2628              	.LVL237:
1102:Drivers/STM32H7xx_HAL_Driver/Src/stm32h7xx_hal_pcd.c ****       }
 2629              		.loc 1 1102 9 is_stmt 1 view .LVU786
1102:Drivers/STM32H7xx_HAL_Driver/Src/stm32h7xx_hal_pcd.c ****       }
 2630              		.loc 1 1102 11 is_stmt 0 view .LVU787
 2631 019e 09EBC903 		add	r3, r9, r9, lsl #3
 2632 01a2 04EB8303 		add	r3, r4, r3, lsl #2
 2633 01a6 D3F86822 		ldr	r2, [r3, #616]
1102:Drivers/STM32H7xx_HAL_Driver/Src/stm32h7xx_hal_pcd.c ****       }
 2634              		.loc 1 1102 59 view .LVU788
 2635 01aa C8F30A18 		ubfx	r8, r8, #4, #11
 2636              	.LVL238:
1102:Drivers/STM32H7xx_HAL_Driver/Src/stm32h7xx_hal_pcd.c ****       }
 2637              		.loc 1 1102 24 view .LVU789
 2638 01ae 4244     		add	r2, r2, r8
 2639 01b0 C3F86822 		str	r2, [r3, #616]
 2640 01b4 60E7     		b	.L167
 2641              	.LVL239:
 2642              	.L225:
1114:Drivers/STM32H7xx_HAL_Driver/Src/stm32h7xx_hal_pcd.c **** 
 2643              		.loc 1 1114 7 is_stmt 1 view .LVU790
1117:Drivers/STM32H7xx_HAL_Driver/Src/stm32h7xx_hal_pcd.c **** 
 2644              		.loc 1 1117 7 view .LVU791
1117:Drivers/STM32H7xx_HAL_Driver/Src/stm32h7xx_hal_pcd.c **** 
 2645              		.loc 1 1117 17 is_stmt 0 view .LVU792
 2646 01b6 2068     		ldr	r0, [r4]
 2647 01b8 FFF7FEFF 		bl	USB_ReadDevAllOutEpInterrupt
 2648              	.LVL240:
 2649 01bc 8046     		mov	r8, r0
 2650              	.LVL241:
1119:Drivers/STM32H7xx_HAL_Driver/Src/stm32h7xx_hal_pcd.c ****       {
 2651              		.loc 1 1119 7 is_stmt 1 view .LVU793
1114:Drivers/STM32H7xx_HAL_Driver/Src/stm32h7xx_hal_pcd.c **** 
 2652              		.loc 1 1114 13 is_stmt 0 view .LVU794
 2653 01be B146     		mov	r9, r6
1119:Drivers/STM32H7xx_HAL_Driver/Src/stm32h7xx_hal_pcd.c ****       {
 2654              		.loc 1 1119 13 view .LVU795
 2655 01c0 35E0     		b	.L169
 2656              	.LVL242:
 2657              	.L233:
1127:Drivers/STM32H7xx_HAL_Driver/Src/stm32h7xx_hal_pcd.c ****             (void)PCD_EP_OutXfrComplete_int(hpcd, epnum);
 2658              		.loc 1 1127 13 is_stmt 1 view .LVU796
 2659 01c2 05EB4913 		add	r3, r5, r9, lsl #5
 2660 01c6 0122     		movs	r2, #1
 2661 01c8 C3F8082B 		str	r2, [r3, #2824]
1128:Drivers/STM32H7xx_HAL_Driver/Src/stm32h7xx_hal_pcd.c ****           }
 2662              		.loc 1 1128 13 view .LVU797
1128:Drivers/STM32H7xx_HAL_Driver/Src/stm32h7xx_hal_pcd.c ****           }
 2663              		.loc 1 1128 19 is_stmt 0 view .LVU798
 2664 01cc 4946     		mov	r1, r9
 2665 01ce 2046     		mov	r0, r4
 2666              	.LVL243:
1128:Drivers/STM32H7xx_HAL_Driver/Src/stm32h7xx_hal_pcd.c ****           }
 2667              		.loc 1 1128 19 view .LVU799
ARM GAS  C:\Users\Made\AppData\Local\Temp\cch5frMA.s 			page 100


 2668 01d0 FFF7FEFF 		bl	PCD_EP_OutXfrComplete_int
 2669              	.LVL244:
 2670 01d4 3CE0     		b	.L171
 2671              	.L234:
1133:Drivers/STM32H7xx_HAL_Driver/Src/stm32h7xx_hal_pcd.c ****             /* Class B setup phase done for previous decoded setup */
 2672              		.loc 1 1133 13 is_stmt 1 view .LVU800
 2673 01d6 05EB4913 		add	r3, r5, r9, lsl #5
 2674 01da 0822     		movs	r2, #8
 2675 01dc C3F8082B 		str	r2, [r3, #2824]
1135:Drivers/STM32H7xx_HAL_Driver/Src/stm32h7xx_hal_pcd.c ****           }
 2676              		.loc 1 1135 13 view .LVU801
1135:Drivers/STM32H7xx_HAL_Driver/Src/stm32h7xx_hal_pcd.c ****           }
 2677              		.loc 1 1135 19 is_stmt 0 view .LVU802
 2678 01e0 4946     		mov	r1, r9
 2679 01e2 2046     		mov	r0, r4
 2680 01e4 FFF7FEFF 		bl	PCD_EP_OutSetupPacket_int
 2681              	.LVL245:
 2682 01e8 35E0     		b	.L172
 2683              	.L175:
1151:Drivers/STM32H7xx_HAL_Driver/Src/stm32h7xx_hal_pcd.c **** 
 2684              		.loc 1 1151 13 is_stmt 1 view .LVU803
 2685              	.LVL246:
1153:Drivers/STM32H7xx_HAL_Driver/Src/stm32h7xx_hal_pcd.c ****             {
 2686              		.loc 1 1153 13 view .LVU804
1153:Drivers/STM32H7xx_HAL_Driver/Src/stm32h7xx_hal_pcd.c ****             {
 2687              		.loc 1 1153 19 is_stmt 0 view .LVU805
 2688 01ea 09EBC903 		add	r3, r9, r9, lsl #3
 2689 01ee 04EB8303 		add	r3, r4, r3, lsl #2
 2690 01f2 93F85732 		ldrb	r3, [r3, #599]	@ zero_extendqisi2
1153:Drivers/STM32H7xx_HAL_Driver/Src/stm32h7xx_hal_pcd.c ****             {
 2691              		.loc 1 1153 16 view .LVU806
 2692 01f6 012B     		cmp	r3, #1
 2693 01f8 41D0     		beq	.L232
 2694              	.L176:
1164:Drivers/STM32H7xx_HAL_Driver/Src/stm32h7xx_hal_pcd.c ****           }
 2695              		.loc 1 1164 13 is_stmt 1 view .LVU807
 2696 01fa 05EB4913 		add	r3, r5, r9, lsl #5
 2697 01fe 0222     		movs	r2, #2
 2698 0200 C3F8082B 		str	r2, [r3, #2824]
 2699              	.LVL247:
 2700              	.L174:
1168:Drivers/STM32H7xx_HAL_Driver/Src/stm32h7xx_hal_pcd.c ****           {
 2701              		.loc 1 1168 11 view .LVU808
1168:Drivers/STM32H7xx_HAL_Driver/Src/stm32h7xx_hal_pcd.c ****           {
 2702              		.loc 1 1168 14 is_stmt 0 view .LVU809
 2703 0204 1AF0200F 		tst	r10, #32
 2704 0208 04D0     		beq	.L177
1170:Drivers/STM32H7xx_HAL_Driver/Src/stm32h7xx_hal_pcd.c ****           }
 2705              		.loc 1 1170 13 is_stmt 1 view .LVU810
 2706 020a 05EB4913 		add	r3, r5, r9, lsl #5
 2707 020e 2022     		movs	r2, #32
 2708 0210 C3F8082B 		str	r2, [r3, #2824]
 2709              	.L177:
1174:Drivers/STM32H7xx_HAL_Driver/Src/stm32h7xx_hal_pcd.c ****           {
 2710              		.loc 1 1174 11 view .LVU811
1174:Drivers/STM32H7xx_HAL_Driver/Src/stm32h7xx_hal_pcd.c ****           {
 2711              		.loc 1 1174 14 is_stmt 0 view .LVU812
ARM GAS  C:\Users\Made\AppData\Local\Temp\cch5frMA.s 			page 101


 2712 0214 1AF4005F 		tst	r10, #8192
 2713 0218 05D0     		beq	.L170
1176:Drivers/STM32H7xx_HAL_Driver/Src/stm32h7xx_hal_pcd.c ****           }
 2714              		.loc 1 1176 13 is_stmt 1 view .LVU813
 2715 021a 05EB4913 		add	r3, r5, r9, lsl #5
 2716 021e 4FF40052 		mov	r2, #8192
 2717 0222 C3F8082B 		str	r2, [r3, #2824]
 2718              	.LVL248:
 2719              	.L170:
1179:Drivers/STM32H7xx_HAL_Driver/Src/stm32h7xx_hal_pcd.c ****         ep_intr >>= 1U;
 2720              		.loc 1 1179 9 view .LVU814
1179:Drivers/STM32H7xx_HAL_Driver/Src/stm32h7xx_hal_pcd.c ****         ep_intr >>= 1U;
 2721              		.loc 1 1179 14 is_stmt 0 view .LVU815
 2722 0226 09F10109 		add	r9, r9, #1
 2723              	.LVL249:
1180:Drivers/STM32H7xx_HAL_Driver/Src/stm32h7xx_hal_pcd.c ****       }
 2724              		.loc 1 1180 9 is_stmt 1 view .LVU816
1180:Drivers/STM32H7xx_HAL_Driver/Src/stm32h7xx_hal_pcd.c ****       }
 2725              		.loc 1 1180 17 is_stmt 0 view .LVU817
 2726 022a 4FEA5808 		lsr	r8, r8, #1
 2727              	.LVL250:
 2728              	.L169:
1119:Drivers/STM32H7xx_HAL_Driver/Src/stm32h7xx_hal_pcd.c ****       {
 2729              		.loc 1 1119 22 is_stmt 1 view .LVU818
 2730 022e B8F1000F 		cmp	r8, #0
 2731 0232 3FF42DAF 		beq	.L168
1121:Drivers/STM32H7xx_HAL_Driver/Src/stm32h7xx_hal_pcd.c ****         {
 2732              		.loc 1 1121 9 view .LVU819
1121:Drivers/STM32H7xx_HAL_Driver/Src/stm32h7xx_hal_pcd.c ****         {
 2733              		.loc 1 1121 12 is_stmt 0 view .LVU820
 2734 0236 18F0010F 		tst	r8, #1
 2735 023a F4D0     		beq	.L170
1123:Drivers/STM32H7xx_HAL_Driver/Src/stm32h7xx_hal_pcd.c **** 
 2736              		.loc 1 1123 11 is_stmt 1 view .LVU821
1123:Drivers/STM32H7xx_HAL_Driver/Src/stm32h7xx_hal_pcd.c **** 
 2737              		.loc 1 1123 19 is_stmt 0 view .LVU822
 2738 023c 5FFA89FB 		uxtb	fp, r9
 2739 0240 5946     		mov	r1, fp
 2740 0242 2068     		ldr	r0, [r4]
 2741 0244 FFF7FEFF 		bl	USB_ReadDevOutEPInterrupt
 2742              	.LVL251:
 2743 0248 8246     		mov	r10, r0
 2744              	.LVL252:
1125:Drivers/STM32H7xx_HAL_Driver/Src/stm32h7xx_hal_pcd.c ****           {
 2745              		.loc 1 1125 11 is_stmt 1 view .LVU823
1125:Drivers/STM32H7xx_HAL_Driver/Src/stm32h7xx_hal_pcd.c ****           {
 2746              		.loc 1 1125 14 is_stmt 0 view .LVU824
 2747 024a 10F0010F 		tst	r0, #1
 2748 024e B8D1     		bne	.L233
 2749              	.LVL253:
 2750              	.L171:
1131:Drivers/STM32H7xx_HAL_Driver/Src/stm32h7xx_hal_pcd.c ****           {
 2751              		.loc 1 1131 11 is_stmt 1 view .LVU825
1131:Drivers/STM32H7xx_HAL_Driver/Src/stm32h7xx_hal_pcd.c ****           {
 2752              		.loc 1 1131 14 is_stmt 0 view .LVU826
 2753 0250 1AF0080F 		tst	r10, #8
 2754 0254 BFD1     		bne	.L234
ARM GAS  C:\Users\Made\AppData\Local\Temp\cch5frMA.s 			page 102


 2755              	.L172:
1138:Drivers/STM32H7xx_HAL_Driver/Src/stm32h7xx_hal_pcd.c ****           {
 2756              		.loc 1 1138 11 is_stmt 1 view .LVU827
1138:Drivers/STM32H7xx_HAL_Driver/Src/stm32h7xx_hal_pcd.c ****           {
 2757              		.loc 1 1138 14 is_stmt 0 view .LVU828
 2758 0256 1AF0100F 		tst	r10, #16
 2759 025a 04D0     		beq	.L173
1140:Drivers/STM32H7xx_HAL_Driver/Src/stm32h7xx_hal_pcd.c ****           }
 2760              		.loc 1 1140 13 is_stmt 1 view .LVU829
 2761 025c 05EB4913 		add	r3, r5, r9, lsl #5
 2762 0260 1022     		movs	r2, #16
 2763 0262 C3F8082B 		str	r2, [r3, #2824]
 2764              	.L173:
1144:Drivers/STM32H7xx_HAL_Driver/Src/stm32h7xx_hal_pcd.c ****           {
 2765              		.loc 1 1144 11 view .LVU830
1144:Drivers/STM32H7xx_HAL_Driver/Src/stm32h7xx_hal_pcd.c ****           {
 2766              		.loc 1 1144 14 is_stmt 0 view .LVU831
 2767 0266 1AF0020F 		tst	r10, #2
 2768 026a CBD0     		beq	.L174
1146:Drivers/STM32H7xx_HAL_Driver/Src/stm32h7xx_hal_pcd.c ****             {
 2769              		.loc 1 1146 13 is_stmt 1 view .LVU832
1146:Drivers/STM32H7xx_HAL_Driver/Src/stm32h7xx_hal_pcd.c ****             {
 2770              		.loc 1 1146 22 is_stmt 0 view .LVU833
 2771 026c 6B69     		ldr	r3, [r5, #20]
1146:Drivers/STM32H7xx_HAL_Driver/Src/stm32h7xx_hal_pcd.c ****             {
 2772              		.loc 1 1146 16 view .LVU834
 2773 026e 13F0800F 		tst	r3, #128
 2774 0272 BAD0     		beq	.L175
1148:Drivers/STM32H7xx_HAL_Driver/Src/stm32h7xx_hal_pcd.c ****             }
 2775              		.loc 1 1148 15 is_stmt 1 view .LVU835
1148:Drivers/STM32H7xx_HAL_Driver/Src/stm32h7xx_hal_pcd.c ****             }
 2776              		.loc 1 1148 26 is_stmt 0 view .LVU836
 2777 0274 7B68     		ldr	r3, [r7, #4]
1148:Drivers/STM32H7xx_HAL_Driver/Src/stm32h7xx_hal_pcd.c ****             }
 2778              		.loc 1 1148 33 view .LVU837
 2779 0276 43F48063 		orr	r3, r3, #1024
 2780 027a 7B60     		str	r3, [r7, #4]
 2781 027c B5E7     		b	.L175
 2782              	.LVL254:
 2783              	.L232:
1155:Drivers/STM32H7xx_HAL_Driver/Src/stm32h7xx_hal_pcd.c **** 
 2784              		.loc 1 1155 15 is_stmt 1 view .LVU838
1155:Drivers/STM32H7xx_HAL_Driver/Src/stm32h7xx_hal_pcd.c **** 
 2785              		.loc 1 1155 37 is_stmt 0 view .LVU839
 2786 027e 09EBC903 		add	r3, r9, r9, lsl #3
 2787 0282 04EB8303 		add	r3, r4, r3, lsl #2
 2788 0286 0022     		movs	r2, #0
 2789 0288 83F85722 		strb	r2, [r3, #599]
1160:Drivers/STM32H7xx_HAL_Driver/Src/stm32h7xx_hal_pcd.c **** #endif /* USE_HAL_PCD_REGISTER_CALLBACKS */
 2790              		.loc 1 1160 15 is_stmt 1 view .LVU840
 2791 028c 5946     		mov	r1, fp
 2792 028e 2046     		mov	r0, r4
 2793 0290 FFF7FEFF 		bl	HAL_PCD_ISOOUTIncompleteCallback
 2794              	.LVL255:
 2795 0294 B1E7     		b	.L176
 2796              	.LVL256:
 2797              	.L226:
ARM GAS  C:\Users\Made\AppData\Local\Temp\cch5frMA.s 			page 103


1187:Drivers/STM32H7xx_HAL_Driver/Src/stm32h7xx_hal_pcd.c **** 
 2798              		.loc 1 1187 7 view .LVU841
1187:Drivers/STM32H7xx_HAL_Driver/Src/stm32h7xx_hal_pcd.c **** 
 2799              		.loc 1 1187 17 is_stmt 0 view .LVU842
 2800 0296 2068     		ldr	r0, [r4]
 2801 0298 FFF7FEFF 		bl	USB_ReadDevAllInEpInterrupt
 2802              	.LVL257:
 2803 029c 8046     		mov	r8, r0
 2804              	.LVL258:
1189:Drivers/STM32H7xx_HAL_Driver/Src/stm32h7xx_hal_pcd.c **** 
 2805              		.loc 1 1189 7 is_stmt 1 view .LVU843
1191:Drivers/STM32H7xx_HAL_Driver/Src/stm32h7xx_hal_pcd.c ****       {
 2806              		.loc 1 1191 7 view .LVU844
1189:Drivers/STM32H7xx_HAL_Driver/Src/stm32h7xx_hal_pcd.c **** 
 2807              		.loc 1 1189 13 is_stmt 0 view .LVU845
 2808 029e B146     		mov	r9, r6
1191:Drivers/STM32H7xx_HAL_Driver/Src/stm32h7xx_hal_pcd.c ****       {
 2809              		.loc 1 1191 13 view .LVU846
 2810 02a0 25E0     		b	.L180
 2811              	.LVL259:
 2812              	.L183:
1219:Drivers/STM32H7xx_HAL_Driver/Src/stm32h7xx_hal_pcd.c **** #endif /* USE_HAL_PCD_REGISTER_CALLBACKS */
 2813              		.loc 1 1219 13 is_stmt 1 view .LVU847
 2814 02a2 5946     		mov	r1, fp
 2815 02a4 2046     		mov	r0, r4
 2816 02a6 FFF7FEFF 		bl	HAL_PCD_DataInStageCallback
 2817              	.LVL260:
 2818              	.L182:
1222:Drivers/STM32H7xx_HAL_Driver/Src/stm32h7xx_hal_pcd.c ****           {
 2819              		.loc 1 1222 11 view .LVU848
1222:Drivers/STM32H7xx_HAL_Driver/Src/stm32h7xx_hal_pcd.c ****           {
 2820              		.loc 1 1222 14 is_stmt 0 view .LVU849
 2821 02aa 1AF0080F 		tst	r10, #8
 2822 02ae 04D0     		beq	.L184
1224:Drivers/STM32H7xx_HAL_Driver/Src/stm32h7xx_hal_pcd.c ****           }
 2823              		.loc 1 1224 13 is_stmt 1 view .LVU850
 2824 02b0 05EB4913 		add	r3, r5, r9, lsl #5
 2825 02b4 0822     		movs	r2, #8
 2826 02b6 C3F80829 		str	r2, [r3, #2312]
 2827              	.L184:
1226:Drivers/STM32H7xx_HAL_Driver/Src/stm32h7xx_hal_pcd.c ****           {
 2828              		.loc 1 1226 11 view .LVU851
1226:Drivers/STM32H7xx_HAL_Driver/Src/stm32h7xx_hal_pcd.c ****           {
 2829              		.loc 1 1226 14 is_stmt 0 view .LVU852
 2830 02ba 1AF0100F 		tst	r10, #16
 2831 02be 04D0     		beq	.L185
1228:Drivers/STM32H7xx_HAL_Driver/Src/stm32h7xx_hal_pcd.c ****           }
 2832              		.loc 1 1228 13 is_stmt 1 view .LVU853
 2833 02c0 05EB4913 		add	r3, r5, r9, lsl #5
 2834 02c4 1022     		movs	r2, #16
 2835 02c6 C3F80829 		str	r2, [r3, #2312]
 2836              	.L185:
1230:Drivers/STM32H7xx_HAL_Driver/Src/stm32h7xx_hal_pcd.c ****           {
 2837              		.loc 1 1230 11 view .LVU854
1230:Drivers/STM32H7xx_HAL_Driver/Src/stm32h7xx_hal_pcd.c ****           {
 2838              		.loc 1 1230 14 is_stmt 0 view .LVU855
 2839 02ca 1AF0400F 		tst	r10, #64
ARM GAS  C:\Users\Made\AppData\Local\Temp\cch5frMA.s 			page 104


 2840 02ce 04D0     		beq	.L186
1232:Drivers/STM32H7xx_HAL_Driver/Src/stm32h7xx_hal_pcd.c ****           }
 2841              		.loc 1 1232 13 is_stmt 1 view .LVU856
 2842 02d0 05EB4913 		add	r3, r5, r9, lsl #5
 2843 02d4 4022     		movs	r2, #64
 2844 02d6 C3F80829 		str	r2, [r3, #2312]
 2845              	.L186:
1234:Drivers/STM32H7xx_HAL_Driver/Src/stm32h7xx_hal_pcd.c ****           {
 2846              		.loc 1 1234 11 view .LVU857
1234:Drivers/STM32H7xx_HAL_Driver/Src/stm32h7xx_hal_pcd.c ****           {
 2847              		.loc 1 1234 14 is_stmt 0 view .LVU858
 2848 02da 1AF0020F 		tst	r10, #2
 2849 02de 40D1     		bne	.L235
 2850              	.L187:
1253:Drivers/STM32H7xx_HAL_Driver/Src/stm32h7xx_hal_pcd.c ****           {
 2851              		.loc 1 1253 11 is_stmt 1 view .LVU859
1253:Drivers/STM32H7xx_HAL_Driver/Src/stm32h7xx_hal_pcd.c ****           {
 2852              		.loc 1 1253 14 is_stmt 0 view .LVU860
 2853 02e0 1AF0800F 		tst	r10, #128
 2854 02e4 59D1     		bne	.L236
 2855              	.LVL261:
 2856              	.L181:
1258:Drivers/STM32H7xx_HAL_Driver/Src/stm32h7xx_hal_pcd.c ****         ep_intr >>= 1U;
 2857              		.loc 1 1258 9 is_stmt 1 view .LVU861
1258:Drivers/STM32H7xx_HAL_Driver/Src/stm32h7xx_hal_pcd.c ****         ep_intr >>= 1U;
 2858              		.loc 1 1258 14 is_stmt 0 view .LVU862
 2859 02e6 09F10109 		add	r9, r9, #1
 2860              	.LVL262:
1259:Drivers/STM32H7xx_HAL_Driver/Src/stm32h7xx_hal_pcd.c ****       }
 2861              		.loc 1 1259 9 is_stmt 1 view .LVU863
1259:Drivers/STM32H7xx_HAL_Driver/Src/stm32h7xx_hal_pcd.c ****       }
 2862              		.loc 1 1259 17 is_stmt 0 view .LVU864
 2863 02ea 4FEA5808 		lsr	r8, r8, #1
 2864              	.LVL263:
 2865              	.L180:
1191:Drivers/STM32H7xx_HAL_Driver/Src/stm32h7xx_hal_pcd.c ****       {
 2866              		.loc 1 1191 22 is_stmt 1 view .LVU865
 2867 02ee B8F1000F 		cmp	r8, #0
 2868 02f2 3FF4D4AE 		beq	.L179
1193:Drivers/STM32H7xx_HAL_Driver/Src/stm32h7xx_hal_pcd.c ****         {
 2869              		.loc 1 1193 9 view .LVU866
1193:Drivers/STM32H7xx_HAL_Driver/Src/stm32h7xx_hal_pcd.c ****         {
 2870              		.loc 1 1193 12 is_stmt 0 view .LVU867
 2871 02f6 18F0010F 		tst	r8, #1
 2872 02fa F4D0     		beq	.L181
1195:Drivers/STM32H7xx_HAL_Driver/Src/stm32h7xx_hal_pcd.c **** 
 2873              		.loc 1 1195 11 is_stmt 1 view .LVU868
1195:Drivers/STM32H7xx_HAL_Driver/Src/stm32h7xx_hal_pcd.c **** 
 2874              		.loc 1 1195 19 is_stmt 0 view .LVU869
 2875 02fc 5FFA89FB 		uxtb	fp, r9
 2876 0300 5946     		mov	r1, fp
 2877 0302 2068     		ldr	r0, [r4]
 2878 0304 FFF7FEFF 		bl	USB_ReadDevInEPInterrupt
 2879              	.LVL264:
 2880 0308 8246     		mov	r10, r0
 2881              	.LVL265:
1197:Drivers/STM32H7xx_HAL_Driver/Src/stm32h7xx_hal_pcd.c ****           {
ARM GAS  C:\Users\Made\AppData\Local\Temp\cch5frMA.s 			page 105


 2882              		.loc 1 1197 11 is_stmt 1 view .LVU870
1197:Drivers/STM32H7xx_HAL_Driver/Src/stm32h7xx_hal_pcd.c ****           {
 2883              		.loc 1 1197 14 is_stmt 0 view .LVU871
 2884 030a 10F0010F 		tst	r0, #1
 2885 030e CCD0     		beq	.L182
1199:Drivers/STM32H7xx_HAL_Driver/Src/stm32h7xx_hal_pcd.c ****             USBx_DEVICE->DIEPEMPMSK &= ~fifoemptymsk;
 2886              		.loc 1 1199 13 is_stmt 1 view .LVU872
1199:Drivers/STM32H7xx_HAL_Driver/Src/stm32h7xx_hal_pcd.c ****             USBx_DEVICE->DIEPEMPMSK &= ~fifoemptymsk;
 2887              		.loc 1 1199 55 is_stmt 0 view .LVU873
 2888 0310 09F00F02 		and	r2, r9, #15
1199:Drivers/STM32H7xx_HAL_Driver/Src/stm32h7xx_hal_pcd.c ****             USBx_DEVICE->DIEPEMPMSK &= ~fifoemptymsk;
 2889              		.loc 1 1199 26 view .LVU874
 2890 0314 0121     		movs	r1, #1
 2891 0316 01FA02F2 		lsl	r2, r1, r2
 2892              	.LVL266:
1200:Drivers/STM32H7xx_HAL_Driver/Src/stm32h7xx_hal_pcd.c **** 
 2893              		.loc 1 1200 13 is_stmt 1 view .LVU875
1200:Drivers/STM32H7xx_HAL_Driver/Src/stm32h7xx_hal_pcd.c **** 
 2894              		.loc 1 1200 24 is_stmt 0 view .LVU876
 2895 031a 7B6B     		ldr	r3, [r7, #52]
1200:Drivers/STM32H7xx_HAL_Driver/Src/stm32h7xx_hal_pcd.c **** 
 2896              		.loc 1 1200 37 view .LVU877
 2897 031c 23EA0203 		bic	r3, r3, r2
 2898 0320 7B63     		str	r3, [r7, #52]
1202:Drivers/STM32H7xx_HAL_Driver/Src/stm32h7xx_hal_pcd.c **** 
 2899              		.loc 1 1202 13 is_stmt 1 view .LVU878
 2900 0322 05EB4913 		add	r3, r5, r9, lsl #5
 2901 0326 C3F80819 		str	r1, [r3, #2312]
1204:Drivers/STM32H7xx_HAL_Driver/Src/stm32h7xx_hal_pcd.c ****             {
 2902              		.loc 1 1204 13 view .LVU879
1204:Drivers/STM32H7xx_HAL_Driver/Src/stm32h7xx_hal_pcd.c ****             {
 2903              		.loc 1 1204 27 is_stmt 0 view .LVU880
 2904 032a A379     		ldrb	r3, [r4, #6]	@ zero_extendqisi2
1204:Drivers/STM32H7xx_HAL_Driver/Src/stm32h7xx_hal_pcd.c ****             {
 2905              		.loc 1 1204 16 view .LVU881
 2906 032c 8B42     		cmp	r3, r1
 2907 032e B8D1     		bne	.L183
1206:Drivers/STM32H7xx_HAL_Driver/Src/stm32h7xx_hal_pcd.c **** 
 2908              		.loc 1 1206 15 is_stmt 1 view .LVU882
1206:Drivers/STM32H7xx_HAL_Driver/Src/stm32h7xx_hal_pcd.c **** 
 2909              		.loc 1 1206 33 is_stmt 0 view .LVU883
 2910 0330 09EBC903 		add	r3, r9, r9, lsl #3
 2911 0334 04EB8303 		add	r3, r4, r3, lsl #2
 2912 0338 1A6A     		ldr	r2, [r3, #32]
 2913              	.LVL267:
1206:Drivers/STM32H7xx_HAL_Driver/Src/stm32h7xx_hal_pcd.c **** 
 2914              		.loc 1 1206 65 view .LVU884
 2915 033a D969     		ldr	r1, [r3, #28]
 2916              	.LVL268:
1206:Drivers/STM32H7xx_HAL_Driver/Src/stm32h7xx_hal_pcd.c **** 
 2917              		.loc 1 1206 44 view .LVU885
 2918 033c 0A44     		add	r2, r2, r1
 2919 033e 1A62     		str	r2, [r3, #32]
 2920              	.LVL269:
1209:Drivers/STM32H7xx_HAL_Driver/Src/stm32h7xx_hal_pcd.c ****               {
 2921              		.loc 1 1209 15 is_stmt 1 view .LVU886
1209:Drivers/STM32H7xx_HAL_Driver/Src/stm32h7xx_hal_pcd.c ****               {
ARM GAS  C:\Users\Made\AppData\Local\Temp\cch5frMA.s 			page 106


 2922              		.loc 1 1209 18 is_stmt 0 view .LVU887
 2923 0340 B9F1000F 		cmp	r9, #0
 2924 0344 ADD1     		bne	.L183
1209:Drivers/STM32H7xx_HAL_Driver/Src/stm32h7xx_hal_pcd.c ****               {
 2925              		.loc 1 1209 55 discriminator 1 view .LVU888
 2926 0346 09EBC903 		add	r3, r9, r9, lsl #3
 2927 034a 04EB8303 		add	r3, r4, r3, lsl #2
 2928 034e 5B6A     		ldr	r3, [r3, #36]
1209:Drivers/STM32H7xx_HAL_Driver/Src/stm32h7xx_hal_pcd.c ****               {
 2929              		.loc 1 1209 33 discriminator 1 view .LVU889
 2930 0350 002B     		cmp	r3, #0
 2931 0352 A6D1     		bne	.L183
1212:Drivers/STM32H7xx_HAL_Driver/Src/stm32h7xx_hal_pcd.c ****               }
 2932              		.loc 1 1212 17 is_stmt 1 view .LVU890
1212:Drivers/STM32H7xx_HAL_Driver/Src/stm32h7xx_hal_pcd.c ****               }
 2933              		.loc 1 1212 23 is_stmt 0 view .LVU891
 2934 0354 04F29C42 		addw	r2, r4, #1180
 2935 0358 0121     		movs	r1, #1
 2936              	.LVL270:
1212:Drivers/STM32H7xx_HAL_Driver/Src/stm32h7xx_hal_pcd.c ****               }
 2937              		.loc 1 1212 23 view .LVU892
 2938 035a 2068     		ldr	r0, [r4]
 2939              	.LVL271:
1212:Drivers/STM32H7xx_HAL_Driver/Src/stm32h7xx_hal_pcd.c ****               }
 2940              		.loc 1 1212 23 view .LVU893
 2941 035c FFF7FEFF 		bl	USB_EP0_OutStart
 2942              	.LVL272:
1212:Drivers/STM32H7xx_HAL_Driver/Src/stm32h7xx_hal_pcd.c ****               }
 2943              		.loc 1 1212 23 view .LVU894
 2944 0360 9FE7     		b	.L183
 2945              	.LVL273:
 2946              	.L235:
1236:Drivers/STM32H7xx_HAL_Driver/Src/stm32h7xx_hal_pcd.c **** 
 2947              		.loc 1 1236 13 is_stmt 1 view .LVU895
1236:Drivers/STM32H7xx_HAL_Driver/Src/stm32h7xx_hal_pcd.c **** 
 2948              		.loc 1 1236 19 is_stmt 0 view .LVU896
 2949 0362 4946     		mov	r1, r9
 2950 0364 2846     		mov	r0, r5
 2951 0366 FFF7FEFF 		bl	USB_FlushTxFifo
 2952              	.LVL274:
1238:Drivers/STM32H7xx_HAL_Driver/Src/stm32h7xx_hal_pcd.c **** 
 2953              		.loc 1 1238 13 is_stmt 1 view .LVU897
1240:Drivers/STM32H7xx_HAL_Driver/Src/stm32h7xx_hal_pcd.c ****             {
 2954              		.loc 1 1240 13 view .LVU898
1240:Drivers/STM32H7xx_HAL_Driver/Src/stm32h7xx_hal_pcd.c ****             {
 2955              		.loc 1 1240 19 is_stmt 0 view .LVU899
 2956 036a 09EBC903 		add	r3, r9, r9, lsl #3
 2957 036e 04EB8303 		add	r3, r4, r3, lsl #2
 2958 0372 DB7D     		ldrb	r3, [r3, #23]	@ zero_extendqisi2
1240:Drivers/STM32H7xx_HAL_Driver/Src/stm32h7xx_hal_pcd.c ****             {
 2959              		.loc 1 1240 16 view .LVU900
 2960 0374 012B     		cmp	r3, #1
 2961 0376 05D0     		beq	.L237
 2962              	.L188:
1251:Drivers/STM32H7xx_HAL_Driver/Src/stm32h7xx_hal_pcd.c ****           }
 2963              		.loc 1 1251 13 is_stmt 1 view .LVU901
 2964 0378 05EB4913 		add	r3, r5, r9, lsl #5
ARM GAS  C:\Users\Made\AppData\Local\Temp\cch5frMA.s 			page 107


 2965 037c 0222     		movs	r2, #2
 2966 037e C3F80829 		str	r2, [r3, #2312]
 2967 0382 ADE7     		b	.L187
 2968              	.L237:
1242:Drivers/STM32H7xx_HAL_Driver/Src/stm32h7xx_hal_pcd.c **** 
 2969              		.loc 1 1242 15 view .LVU902
1242:Drivers/STM32H7xx_HAL_Driver/Src/stm32h7xx_hal_pcd.c **** 
 2970              		.loc 1 1242 37 is_stmt 0 view .LVU903
 2971 0384 09EBC903 		add	r3, r9, r9, lsl #3
 2972 0388 04EB8303 		add	r3, r4, r3, lsl #2
 2973 038c 0022     		movs	r2, #0
 2974 038e DA75     		strb	r2, [r3, #23]
1247:Drivers/STM32H7xx_HAL_Driver/Src/stm32h7xx_hal_pcd.c **** #endif /* USE_HAL_PCD_REGISTER_CALLBACKS */
 2975              		.loc 1 1247 15 is_stmt 1 view .LVU904
 2976 0390 5946     		mov	r1, fp
 2977 0392 2046     		mov	r0, r4
 2978 0394 FFF7FEFF 		bl	HAL_PCD_ISOINIncompleteCallback
 2979              	.LVL275:
 2980 0398 EEE7     		b	.L188
 2981              	.LVL276:
 2982              	.L236:
1255:Drivers/STM32H7xx_HAL_Driver/Src/stm32h7xx_hal_pcd.c ****           }
 2983              		.loc 1 1255 13 view .LVU905
1255:Drivers/STM32H7xx_HAL_Driver/Src/stm32h7xx_hal_pcd.c ****           }
 2984              		.loc 1 1255 19 is_stmt 0 view .LVU906
 2985 039a 4946     		mov	r1, r9
 2986 039c 2046     		mov	r0, r4
 2987 039e FFF7FEFF 		bl	PCD_WriteEmptyTxFifo
 2988              	.LVL277:
 2989 03a2 A0E7     		b	.L181
 2990              	.LVL278:
 2991              	.L227:
1267:Drivers/STM32H7xx_HAL_Driver/Src/stm32h7xx_hal_pcd.c **** 
 2992              		.loc 1 1267 7 is_stmt 1 view .LVU907
1267:Drivers/STM32H7xx_HAL_Driver/Src/stm32h7xx_hal_pcd.c **** 
 2993              		.loc 1 1267 18 is_stmt 0 view .LVU908
 2994 03a4 7B68     		ldr	r3, [r7, #4]
1267:Drivers/STM32H7xx_HAL_Driver/Src/stm32h7xx_hal_pcd.c **** 
 2995              		.loc 1 1267 25 view .LVU909
 2996 03a6 23F00103 		bic	r3, r3, #1
 2997 03aa 7B60     		str	r3, [r7, #4]
1269:Drivers/STM32H7xx_HAL_Driver/Src/stm32h7xx_hal_pcd.c ****       {
 2998              		.loc 1 1269 7 is_stmt 1 view .LVU910
1269:Drivers/STM32H7xx_HAL_Driver/Src/stm32h7xx_hal_pcd.c ****       {
 2999              		.loc 1 1269 15 is_stmt 0 view .LVU911
 3000 03ac 94F8CC34 		ldrb	r3, [r4, #1228]	@ zero_extendqisi2
1269:Drivers/STM32H7xx_HAL_Driver/Src/stm32h7xx_hal_pcd.c ****       {
 3001              		.loc 1 1269 10 view .LVU912
 3002 03b0 012B     		cmp	r3, #1
 3003 03b2 08D0     		beq	.L238
1284:Drivers/STM32H7xx_HAL_Driver/Src/stm32h7xx_hal_pcd.c **** #endif /* USE_HAL_PCD_REGISTER_CALLBACKS */
 3004              		.loc 1 1284 9 is_stmt 1 view .LVU913
 3005 03b4 2046     		mov	r0, r4
 3006 03b6 FFF7FEFF 		bl	HAL_PCD_ResumeCallback
 3007              	.LVL279:
 3008              	.L192:
1288:Drivers/STM32H7xx_HAL_Driver/Src/stm32h7xx_hal_pcd.c ****     }
ARM GAS  C:\Users\Made\AppData\Local\Temp\cch5frMA.s 			page 108


 3009              		.loc 1 1288 7 view .LVU914
 3010 03ba 2268     		ldr	r2, [r4]
 3011 03bc 5369     		ldr	r3, [r2, #20]
 3012 03be 03F00043 		and	r3, r3, #-2147483648
 3013 03c2 5361     		str	r3, [r2, #20]
 3014 03c4 71E6     		b	.L190
 3015              	.L238:
1271:Drivers/STM32H7xx_HAL_Driver/Src/stm32h7xx_hal_pcd.c **** 
 3016              		.loc 1 1271 9 view .LVU915
1271:Drivers/STM32H7xx_HAL_Driver/Src/stm32h7xx_hal_pcd.c **** 
 3017              		.loc 1 1271 25 is_stmt 0 view .LVU916
 3018 03c6 0021     		movs	r1, #0
 3019 03c8 84F8CC14 		strb	r1, [r4, #1228]
1276:Drivers/STM32H7xx_HAL_Driver/Src/stm32h7xx_hal_pcd.c **** #endif /* USE_HAL_PCD_REGISTER_CALLBACKS */
 3020              		.loc 1 1276 9 is_stmt 1 view .LVU917
 3021 03cc 2046     		mov	r0, r4
 3022 03ce FFF7FEFF 		bl	HAL_PCDEx_LPM_Callback
 3023              	.LVL280:
 3024 03d2 F2E7     		b	.L192
 3025              	.L228:
1299:Drivers/STM32H7xx_HAL_Driver/Src/stm32h7xx_hal_pcd.c **** #endif /* USE_HAL_PCD_REGISTER_CALLBACKS */
 3026              		.loc 1 1299 9 view .LVU918
 3027 03d4 2046     		mov	r0, r4
 3028 03d6 FFF7FEFF 		bl	HAL_PCD_SuspendCallback
 3029              	.LVL281:
 3030 03da 71E6     		b	.L194
 3031              	.L196:
1326:Drivers/STM32H7xx_HAL_Driver/Src/stm32h7xx_hal_pcd.c **** #endif /* USE_HAL_PCD_REGISTER_CALLBACKS */
 3032              		.loc 1 1326 9 view .LVU919
 3033 03dc 2046     		mov	r0, r4
 3034 03de FFF7FEFF 		bl	HAL_PCD_SuspendCallback
 3035              	.LVL282:
 3036 03e2 8EE6     		b	.L195
 3037              	.L229:
1334:Drivers/STM32H7xx_HAL_Driver/Src/stm32h7xx_hal_pcd.c ****       (void)USB_FlushTxFifo(hpcd->Instance, 0x10U);
 3038              		.loc 1 1334 7 view .LVU920
1334:Drivers/STM32H7xx_HAL_Driver/Src/stm32h7xx_hal_pcd.c ****       (void)USB_FlushTxFifo(hpcd->Instance, 0x10U);
 3039              		.loc 1 1334 18 is_stmt 0 view .LVU921
 3040 03e4 7B68     		ldr	r3, [r7, #4]
1334:Drivers/STM32H7xx_HAL_Driver/Src/stm32h7xx_hal_pcd.c ****       (void)USB_FlushTxFifo(hpcd->Instance, 0x10U);
 3041              		.loc 1 1334 25 view .LVU922
 3042 03e6 23F00103 		bic	r3, r3, #1
 3043 03ea 7B60     		str	r3, [r7, #4]
1335:Drivers/STM32H7xx_HAL_Driver/Src/stm32h7xx_hal_pcd.c **** 
 3044              		.loc 1 1335 7 is_stmt 1 view .LVU923
1335:Drivers/STM32H7xx_HAL_Driver/Src/stm32h7xx_hal_pcd.c **** 
 3045              		.loc 1 1335 13 is_stmt 0 view .LVU924
 3046 03ec 1021     		movs	r1, #16
 3047 03ee 2068     		ldr	r0, [r4]
 3048 03f0 FFF7FEFF 		bl	USB_FlushTxFifo
 3049              	.LVL283:
1337:Drivers/STM32H7xx_HAL_Driver/Src/stm32h7xx_hal_pcd.c ****       {
 3050              		.loc 1 1337 7 is_stmt 1 view .LVU925
1337:Drivers/STM32H7xx_HAL_Driver/Src/stm32h7xx_hal_pcd.c ****       {
 3051              		.loc 1 1337 7 is_stmt 0 view .LVU926
 3052 03f4 1AE0     		b	.L198
 3053              	.LVL284:
ARM GAS  C:\Users\Made\AppData\Local\Temp\cch5frMA.s 			page 109


 3054              	.L199:
1339:Drivers/STM32H7xx_HAL_Driver/Src/stm32h7xx_hal_pcd.c ****         USBx_INEP(i)->DIEPCTL &= ~USB_OTG_DIEPCTL_STALL;
 3055              		.loc 1 1339 9 is_stmt 1 view .LVU927
 3056 03f6 05EB4613 		add	r3, r5, r6, lsl #5
1339:Drivers/STM32H7xx_HAL_Driver/Src/stm32h7xx_hal_pcd.c ****         USBx_INEP(i)->DIEPCTL &= ~USB_OTG_DIEPCTL_STALL;
 3057              		.loc 1 1339 31 is_stmt 0 view .LVU928
 3058 03fa 4FF67F31 		movw	r1, #64383
 3059 03fe C3F80819 		str	r1, [r3, #2312]
1340:Drivers/STM32H7xx_HAL_Driver/Src/stm32h7xx_hal_pcd.c ****         USBx_OUTEP(i)->DOEPINT = 0xFB7FU;
 3060              		.loc 1 1340 9 is_stmt 1 view .LVU929
1340:Drivers/STM32H7xx_HAL_Driver/Src/stm32h7xx_hal_pcd.c ****         USBx_OUTEP(i)->DOEPINT = 0xFB7FU;
 3061              		.loc 1 1340 21 is_stmt 0 view .LVU930
 3062 0402 D3F80029 		ldr	r2, [r3, #2304]
1340:Drivers/STM32H7xx_HAL_Driver/Src/stm32h7xx_hal_pcd.c ****         USBx_OUTEP(i)->DOEPINT = 0xFB7FU;
 3063              		.loc 1 1340 31 view .LVU931
 3064 0406 22F40012 		bic	r2, r2, #2097152
 3065 040a C3F80029 		str	r2, [r3, #2304]
1341:Drivers/STM32H7xx_HAL_Driver/Src/stm32h7xx_hal_pcd.c ****         USBx_OUTEP(i)->DOEPCTL &= ~USB_OTG_DOEPCTL_STALL;
 3066              		.loc 1 1341 9 is_stmt 1 view .LVU932
1341:Drivers/STM32H7xx_HAL_Driver/Src/stm32h7xx_hal_pcd.c ****         USBx_OUTEP(i)->DOEPCTL &= ~USB_OTG_DOEPCTL_STALL;
 3067              		.loc 1 1341 32 is_stmt 0 view .LVU933
 3068 040e C3F8081B 		str	r1, [r3, #2824]
1342:Drivers/STM32H7xx_HAL_Driver/Src/stm32h7xx_hal_pcd.c ****         USBx_OUTEP(i)->DOEPCTL |= USB_OTG_DOEPCTL_SNAK;
 3069              		.loc 1 1342 9 is_stmt 1 view .LVU934
1342:Drivers/STM32H7xx_HAL_Driver/Src/stm32h7xx_hal_pcd.c ****         USBx_OUTEP(i)->DOEPCTL |= USB_OTG_DOEPCTL_SNAK;
 3070              		.loc 1 1342 22 is_stmt 0 view .LVU935
 3071 0412 D3F8002B 		ldr	r2, [r3, #2816]
1342:Drivers/STM32H7xx_HAL_Driver/Src/stm32h7xx_hal_pcd.c ****         USBx_OUTEP(i)->DOEPCTL |= USB_OTG_DOEPCTL_SNAK;
 3072              		.loc 1 1342 32 view .LVU936
 3073 0416 22F40012 		bic	r2, r2, #2097152
 3074 041a C3F8002B 		str	r2, [r3, #2816]
1343:Drivers/STM32H7xx_HAL_Driver/Src/stm32h7xx_hal_pcd.c ****       }
 3075              		.loc 1 1343 9 is_stmt 1 view .LVU937
1343:Drivers/STM32H7xx_HAL_Driver/Src/stm32h7xx_hal_pcd.c ****       }
 3076              		.loc 1 1343 22 is_stmt 0 view .LVU938
 3077 041e D3F8002B 		ldr	r2, [r3, #2816]
1343:Drivers/STM32H7xx_HAL_Driver/Src/stm32h7xx_hal_pcd.c ****       }
 3078              		.loc 1 1343 32 view .LVU939
 3079 0422 42F00062 		orr	r2, r2, #134217728
 3080 0426 C3F8002B 		str	r2, [r3, #2816]
1337:Drivers/STM32H7xx_HAL_Driver/Src/stm32h7xx_hal_pcd.c ****       {
 3081              		.loc 1 1337 51 is_stmt 1 discriminator 3 view .LVU940
 3082 042a 0136     		adds	r6, r6, #1
 3083              	.LVL285:
 3084              	.L198:
1337:Drivers/STM32H7xx_HAL_Driver/Src/stm32h7xx_hal_pcd.c ****       {
 3085              		.loc 1 1337 22 discriminator 1 view .LVU941
1337:Drivers/STM32H7xx_HAL_Driver/Src/stm32h7xx_hal_pcd.c ****       {
 3086              		.loc 1 1337 34 is_stmt 0 discriminator 1 view .LVU942
 3087 042c 2379     		ldrb	r3, [r4, #4]	@ zero_extendqisi2
1337:Drivers/STM32H7xx_HAL_Driver/Src/stm32h7xx_hal_pcd.c ****       {
 3088              		.loc 1 1337 22 discriminator 1 view .LVU943
 3089 042e B342     		cmp	r3, r6
 3090 0430 E1D8     		bhi	.L199
1345:Drivers/STM32H7xx_HAL_Driver/Src/stm32h7xx_hal_pcd.c **** 
 3091              		.loc 1 1345 7 is_stmt 1 view .LVU944
1345:Drivers/STM32H7xx_HAL_Driver/Src/stm32h7xx_hal_pcd.c **** 
ARM GAS  C:\Users\Made\AppData\Local\Temp\cch5frMA.s 			page 110


 3092              		.loc 1 1345 18 is_stmt 0 view .LVU945
 3093 0432 FB69     		ldr	r3, [r7, #28]
1345:Drivers/STM32H7xx_HAL_Driver/Src/stm32h7xx_hal_pcd.c **** 
 3094              		.loc 1 1345 29 view .LVU946
 3095 0434 43F00113 		orr	r3, r3, #65537
 3096 0438 FB61     		str	r3, [r7, #28]
1347:Drivers/STM32H7xx_HAL_Driver/Src/stm32h7xx_hal_pcd.c ****       {
 3097              		.loc 1 1347 7 is_stmt 1 view .LVU947
1347:Drivers/STM32H7xx_HAL_Driver/Src/stm32h7xx_hal_pcd.c ****       {
 3098              		.loc 1 1347 21 is_stmt 0 view .LVU948
 3099 043a E37B     		ldrb	r3, [r4, #15]	@ zero_extendqisi2
1347:Drivers/STM32H7xx_HAL_Driver/Src/stm32h7xx_hal_pcd.c ****       {
 3100              		.loc 1 1347 10 view .LVU949
 3101 043c DBB1     		cbz	r3, .L200
1349:Drivers/STM32H7xx_HAL_Driver/Src/stm32h7xx_hal_pcd.c ****                                    USB_OTG_DOEPMSK_XFRCM |
 3102              		.loc 1 1349 9 is_stmt 1 view .LVU950
1349:Drivers/STM32H7xx_HAL_Driver/Src/stm32h7xx_hal_pcd.c ****                                    USB_OTG_DOEPMSK_XFRCM |
 3103              		.loc 1 1349 20 is_stmt 0 view .LVU951
 3104 043e D7F88430 		ldr	r3, [r7, #132]
1349:Drivers/STM32H7xx_HAL_Driver/Src/stm32h7xx_hal_pcd.c ****                                    USB_OTG_DOEPMSK_XFRCM |
 3105              		.loc 1 1349 33 view .LVU952
 3106 0442 43F00B03 		orr	r3, r3, #11
 3107 0446 C7F88430 		str	r3, [r7, #132]
1353:Drivers/STM32H7xx_HAL_Driver/Src/stm32h7xx_hal_pcd.c ****                                   USB_OTG_DIEPMSK_XFRCM |
 3108              		.loc 1 1353 9 is_stmt 1 view .LVU953
1353:Drivers/STM32H7xx_HAL_Driver/Src/stm32h7xx_hal_pcd.c ****                                   USB_OTG_DIEPMSK_XFRCM |
 3109              		.loc 1 1353 20 is_stmt 0 view .LVU954
 3110 044a 7B6C     		ldr	r3, [r7, #68]
1353:Drivers/STM32H7xx_HAL_Driver/Src/stm32h7xx_hal_pcd.c ****                                   USB_OTG_DIEPMSK_XFRCM |
 3111              		.loc 1 1353 32 view .LVU955
 3112 044c 43F00B03 		orr	r3, r3, #11
 3113 0450 7B64     		str	r3, [r7, #68]
 3114              	.L201:
1371:Drivers/STM32H7xx_HAL_Driver/Src/stm32h7xx_hal_pcd.c **** 
 3115              		.loc 1 1371 7 is_stmt 1 view .LVU956
1371:Drivers/STM32H7xx_HAL_Driver/Src/stm32h7xx_hal_pcd.c **** 
 3116              		.loc 1 1371 18 is_stmt 0 view .LVU957
 3117 0452 D5F80038 		ldr	r3, [r5, #2048]
1371:Drivers/STM32H7xx_HAL_Driver/Src/stm32h7xx_hal_pcd.c **** 
 3118              		.loc 1 1371 25 view .LVU958
 3119 0456 23F4FE63 		bic	r3, r3, #2032
 3120 045a C5F80038 		str	r3, [r5, #2048]
1374:Drivers/STM32H7xx_HAL_Driver/Src/stm32h7xx_hal_pcd.c ****                              (uint8_t *)hpcd->Setup);
 3121              		.loc 1 1374 7 is_stmt 1 view .LVU959
1374:Drivers/STM32H7xx_HAL_Driver/Src/stm32h7xx_hal_pcd.c ****                              (uint8_t *)hpcd->Setup);
 3122              		.loc 1 1374 13 is_stmt 0 view .LVU960
 3123 045e 04F29C42 		addw	r2, r4, #1180
 3124 0462 A179     		ldrb	r1, [r4, #6]	@ zero_extendqisi2
 3125 0464 2068     		ldr	r0, [r4]
 3126 0466 FFF7FEFF 		bl	USB_EP0_OutStart
 3127              	.LVL286:
1377:Drivers/STM32H7xx_HAL_Driver/Src/stm32h7xx_hal_pcd.c ****     }
 3128              		.loc 1 1377 7 is_stmt 1 view .LVU961
 3129 046a 2268     		ldr	r2, [r4]
 3130 046c 5369     		ldr	r3, [r2, #20]
 3131 046e 03F48053 		and	r3, r3, #4096
 3132 0472 5361     		str	r3, [r2, #20]
ARM GAS  C:\Users\Made\AppData\Local\Temp\cch5frMA.s 			page 111


 3133 0474 4CE6     		b	.L197
 3134              	.L200:
1359:Drivers/STM32H7xx_HAL_Driver/Src/stm32h7xx_hal_pcd.c ****                                 USB_OTG_DOEPMSK_XFRCM |
 3135              		.loc 1 1359 9 view .LVU962
1359:Drivers/STM32H7xx_HAL_Driver/Src/stm32h7xx_hal_pcd.c ****                                 USB_OTG_DOEPMSK_XFRCM |
 3136              		.loc 1 1359 20 is_stmt 0 view .LVU963
 3137 0476 7A69     		ldr	r2, [r7, #20]
1359:Drivers/STM32H7xx_HAL_Driver/Src/stm32h7xx_hal_pcd.c ****                                 USB_OTG_DOEPMSK_XFRCM |
 3138              		.loc 1 1359 30 view .LVU964
 3139 0478 42F22B03 		movw	r3, #8235
 3140 047c 1343     		orrs	r3, r3, r2
 3141 047e 7B61     		str	r3, [r7, #20]
1365:Drivers/STM32H7xx_HAL_Driver/Src/stm32h7xx_hal_pcd.c ****                                 USB_OTG_DIEPMSK_XFRCM |
 3142              		.loc 1 1365 9 is_stmt 1 view .LVU965
1365:Drivers/STM32H7xx_HAL_Driver/Src/stm32h7xx_hal_pcd.c ****                                 USB_OTG_DIEPMSK_XFRCM |
 3143              		.loc 1 1365 20 is_stmt 0 view .LVU966
 3144 0480 3B69     		ldr	r3, [r7, #16]
1365:Drivers/STM32H7xx_HAL_Driver/Src/stm32h7xx_hal_pcd.c ****                                 USB_OTG_DIEPMSK_XFRCM |
 3145              		.loc 1 1365 30 view .LVU967
 3146 0482 43F00B03 		orr	r3, r3, #11
 3147 0486 3B61     		str	r3, [r7, #16]
 3148 0488 E3E7     		b	.L201
 3149              	.LVL287:
 3150              	.L230:
1383:Drivers/STM32H7xx_HAL_Driver/Src/stm32h7xx_hal_pcd.c ****       hpcd->Init.speed = USB_GetDevSpeed(hpcd->Instance);
 3151              		.loc 1 1383 7 is_stmt 1 view .LVU968
1383:Drivers/STM32H7xx_HAL_Driver/Src/stm32h7xx_hal_pcd.c ****       hpcd->Init.speed = USB_GetDevSpeed(hpcd->Instance);
 3152              		.loc 1 1383 13 is_stmt 0 view .LVU969
 3153 048a 2068     		ldr	r0, [r4]
 3154 048c FFF7FEFF 		bl	USB_ActivateSetup
 3155              	.LVL288:
1384:Drivers/STM32H7xx_HAL_Driver/Src/stm32h7xx_hal_pcd.c **** 
 3156              		.loc 1 1384 7 is_stmt 1 view .LVU970
1384:Drivers/STM32H7xx_HAL_Driver/Src/stm32h7xx_hal_pcd.c **** 
 3157              		.loc 1 1384 26 is_stmt 0 view .LVU971
 3158 0490 2068     		ldr	r0, [r4]
 3159 0492 FFF7FEFF 		bl	USB_GetDevSpeed
 3160              	.LVL289:
1384:Drivers/STM32H7xx_HAL_Driver/Src/stm32h7xx_hal_pcd.c **** 
 3161              		.loc 1 1384 24 discriminator 1 view .LVU972
 3162 0496 E071     		strb	r0, [r4, #7]
1387:Drivers/STM32H7xx_HAL_Driver/Src/stm32h7xx_hal_pcd.c ****                                   HAL_RCC_GetHCLKFreq(),
 3163              		.loc 1 1387 7 is_stmt 1 view .LVU973
1387:Drivers/STM32H7xx_HAL_Driver/Src/stm32h7xx_hal_pcd.c ****                                   HAL_RCC_GetHCLKFreq(),
 3164              		.loc 1 1387 39 is_stmt 0 view .LVU974
 3165 0498 2668     		ldr	r6, [r4]
1387:Drivers/STM32H7xx_HAL_Driver/Src/stm32h7xx_hal_pcd.c ****                                   HAL_RCC_GetHCLKFreq(),
 3166              		.loc 1 1387 13 view .LVU975
 3167 049a FFF7FEFF 		bl	HAL_RCC_GetHCLKFreq
 3168              	.LVL290:
 3169 049e 0146     		mov	r1, r0
 3170 04a0 E279     		ldrb	r2, [r4, #7]	@ zero_extendqisi2
 3171 04a2 3046     		mov	r0, r6
 3172 04a4 FFF7FEFF 		bl	USB_SetTurnaroundTime
 3173              	.LVL291:
1394:Drivers/STM32H7xx_HAL_Driver/Src/stm32h7xx_hal_pcd.c **** #endif /* USE_HAL_PCD_REGISTER_CALLBACKS */
 3174              		.loc 1 1394 7 is_stmt 1 view .LVU976
ARM GAS  C:\Users\Made\AppData\Local\Temp\cch5frMA.s 			page 112


 3175 04a8 2046     		mov	r0, r4
 3176 04aa FFF7FEFF 		bl	HAL_PCD_ResetCallback
 3177              	.LVL292:
1397:Drivers/STM32H7xx_HAL_Driver/Src/stm32h7xx_hal_pcd.c ****     }
 3178              		.loc 1 1397 7 view .LVU977
 3179 04ae 2268     		ldr	r2, [r4]
 3180 04b0 5369     		ldr	r3, [r2, #20]
 3181 04b2 03F40053 		and	r3, r3, #8192
 3182 04b6 5361     		str	r3, [r2, #20]
 3183 04b8 31E6     		b	.L202
 3184              	.L231:
1406:Drivers/STM32H7xx_HAL_Driver/Src/stm32h7xx_hal_pcd.c **** #endif /* USE_HAL_PCD_REGISTER_CALLBACKS */
 3185              		.loc 1 1406 7 view .LVU978
 3186 04ba 2046     		mov	r0, r4
 3187 04bc FFF7FEFF 		bl	HAL_PCD_SOFCallback
 3188              	.LVL293:
1409:Drivers/STM32H7xx_HAL_Driver/Src/stm32h7xx_hal_pcd.c ****     }
 3189              		.loc 1 1409 7 view .LVU979
 3190 04c0 2268     		ldr	r2, [r4]
 3191 04c2 5369     		ldr	r3, [r2, #20]
 3192 04c4 03F00803 		and	r3, r3, #8
 3193 04c8 5361     		str	r3, [r2, #20]
 3194 04ca 2FE6     		b	.L203
 3195              	.LVL294:
 3196              	.L206:
1417:Drivers/STM32H7xx_HAL_Driver/Src/stm32h7xx_hal_pcd.c ****       {
 3197              		.loc 1 1417 63 discriminator 2 view .LVU980
 3198 04cc 0136     		adds	r6, r6, #1
 3199              	.LVL295:
 3200              	.L205:
1417:Drivers/STM32H7xx_HAL_Driver/Src/stm32h7xx_hal_pcd.c ****       {
 3201              		.loc 1 1417 30 discriminator 1 view .LVU981
1417:Drivers/STM32H7xx_HAL_Driver/Src/stm32h7xx_hal_pcd.c ****       {
 3202              		.loc 1 1417 42 is_stmt 0 discriminator 1 view .LVU982
 3203 04ce 2379     		ldrb	r3, [r4, #4]	@ zero_extendqisi2
1417:Drivers/STM32H7xx_HAL_Driver/Src/stm32h7xx_hal_pcd.c ****       {
 3204              		.loc 1 1417 30 discriminator 1 view .LVU983
 3205 04d0 B342     		cmp	r3, r6
 3206 04d2 0CD9     		bls	.L204
1419:Drivers/STM32H7xx_HAL_Driver/Src/stm32h7xx_hal_pcd.c ****         {
 3207              		.loc 1 1419 9 is_stmt 1 view .LVU984
1419:Drivers/STM32H7xx_HAL_Driver/Src/stm32h7xx_hal_pcd.c ****         {
 3208              		.loc 1 1419 32 is_stmt 0 view .LVU985
 3209 04d4 06EBC603 		add	r3, r6, r6, lsl #3
 3210 04d8 04EB8303 		add	r3, r4, r3, lsl #2
 3211 04dc 93F85732 		ldrb	r3, [r3, #599]	@ zero_extendqisi2
1419:Drivers/STM32H7xx_HAL_Driver/Src/stm32h7xx_hal_pcd.c ****         {
 3212              		.loc 1 1419 12 view .LVU986
 3213 04e0 012B     		cmp	r3, #1
 3214 04e2 F3D1     		bne	.L206
1422:Drivers/STM32H7xx_HAL_Driver/Src/stm32h7xx_hal_pcd.c ****         }
 3215              		.loc 1 1422 11 is_stmt 1 view .LVU987
1422:Drivers/STM32H7xx_HAL_Driver/Src/stm32h7xx_hal_pcd.c ****         }
 3216              		.loc 1 1422 17 is_stmt 0 view .LVU988
 3217 04e4 F1B2     		uxtb	r1, r6
 3218 04e6 2046     		mov	r0, r4
 3219 04e8 FFF7FEFF 		bl	HAL_PCD_EP_Abort
ARM GAS  C:\Users\Made\AppData\Local\Temp\cch5frMA.s 			page 113


 3220              	.LVL296:
 3221 04ec EEE7     		b	.L206
 3222              	.LVL297:
 3223              	.L204:
1428:Drivers/STM32H7xx_HAL_Driver/Src/stm32h7xx_hal_pcd.c ****     {
 3224              		.loc 1 1428 5 is_stmt 1 view .LVU989
1428:Drivers/STM32H7xx_HAL_Driver/Src/stm32h7xx_hal_pcd.c ****     {
 3225              		.loc 1 1428 9 is_stmt 0 view .LVU990
 3226 04ee 2068     		ldr	r0, [r4]
 3227 04f0 FFF7FEFF 		bl	USB_ReadInterrupts
 3228              	.LVL298:
1428:Drivers/STM32H7xx_HAL_Driver/Src/stm32h7xx_hal_pcd.c ****     {
 3229              		.loc 1 1428 8 discriminator 1 view .LVU991
 3230 04f4 10F4801F 		tst	r0, #1048576
 3231 04f8 25D1     		bne	.L219
 3232              	.L209:
1448:Drivers/STM32H7xx_HAL_Driver/Src/stm32h7xx_hal_pcd.c ****     {
 3233              		.loc 1 1448 5 is_stmt 1 view .LVU992
1448:Drivers/STM32H7xx_HAL_Driver/Src/stm32h7xx_hal_pcd.c ****     {
 3234              		.loc 1 1448 9 is_stmt 0 view .LVU993
 3235 04fa 2068     		ldr	r0, [r4]
 3236 04fc FFF7FEFF 		bl	USB_ReadInterrupts
 3237              	.LVL299:
1448:Drivers/STM32H7xx_HAL_Driver/Src/stm32h7xx_hal_pcd.c ****     {
 3238              		.loc 1 1448 8 discriminator 1 view .LVU994
 3239 0500 10F4001F 		tst	r0, #2097152
 3240 0504 58D0     		beq	.L213
1450:Drivers/STM32H7xx_HAL_Driver/Src/stm32h7xx_hal_pcd.c ****       {
 3241              		.loc 1 1450 18 view .LVU995
 3242 0506 0123     		movs	r3, #1
 3243 0508 26E0     		b	.L212
 3244              	.LVL300:
 3245              	.L210:
1430:Drivers/STM32H7xx_HAL_Driver/Src/stm32h7xx_hal_pcd.c ****       {
 3246              		.loc 1 1430 63 is_stmt 1 discriminator 2 view .LVU996
 3247 050a 0136     		adds	r6, r6, #1
 3248              	.LVL301:
 3249              	.L208:
1430:Drivers/STM32H7xx_HAL_Driver/Src/stm32h7xx_hal_pcd.c ****       {
 3250              		.loc 1 1430 30 discriminator 1 view .LVU997
1430:Drivers/STM32H7xx_HAL_Driver/Src/stm32h7xx_hal_pcd.c ****       {
 3251              		.loc 1 1430 42 is_stmt 0 discriminator 1 view .LVU998
 3252 050c 2379     		ldrb	r3, [r4, #4]	@ zero_extendqisi2
1430:Drivers/STM32H7xx_HAL_Driver/Src/stm32h7xx_hal_pcd.c ****       {
 3253              		.loc 1 1430 30 discriminator 1 view .LVU999
 3254 050e B342     		cmp	r3, r6
 3255 0510 1BD9     		bls	.L239
1432:Drivers/STM32H7xx_HAL_Driver/Src/stm32h7xx_hal_pcd.c **** 
 3256              		.loc 1 1432 9 is_stmt 1 view .LVU1000
1432:Drivers/STM32H7xx_HAL_Driver/Src/stm32h7xx_hal_pcd.c **** 
 3257              		.loc 1 1432 18 is_stmt 0 view .LVU1001
 3258 0512 05EB4613 		add	r3, r5, r6, lsl #5
1432:Drivers/STM32H7xx_HAL_Driver/Src/stm32h7xx_hal_pcd.c **** 
 3259              		.loc 1 1432 16 view .LVU1002
 3260 0516 D3F80029 		ldr	r2, [r3, #2304]
 3261              	.LVL302:
1434:Drivers/STM32H7xx_HAL_Driver/Src/stm32h7xx_hal_pcd.c ****             ((RegVal & USB_OTG_DIEPCTL_EPENA) == USB_OTG_DIEPCTL_EPENA))
ARM GAS  C:\Users\Made\AppData\Local\Temp\cch5frMA.s 			page 114


 3262              		.loc 1 1434 9 is_stmt 1 view .LVU1003
1434:Drivers/STM32H7xx_HAL_Driver/Src/stm32h7xx_hal_pcd.c ****             ((RegVal & USB_OTG_DIEPCTL_EPENA) == USB_OTG_DIEPCTL_EPENA))
 3263              		.loc 1 1434 32 is_stmt 0 view .LVU1004
 3264 051a 06EBC603 		add	r3, r6, r6, lsl #3
 3265 051e 04EB8303 		add	r3, r4, r3, lsl #2
 3266 0522 1B7E     		ldrb	r3, [r3, #24]	@ zero_extendqisi2
1434:Drivers/STM32H7xx_HAL_Driver/Src/stm32h7xx_hal_pcd.c ****             ((RegVal & USB_OTG_DIEPCTL_EPENA) == USB_OTG_DIEPCTL_EPENA))
 3267              		.loc 1 1434 12 view .LVU1005
 3268 0524 012B     		cmp	r3, #1
 3269 0526 F0D1     		bne	.L210
1434:Drivers/STM32H7xx_HAL_Driver/Src/stm32h7xx_hal_pcd.c ****             ((RegVal & USB_OTG_DIEPCTL_EPENA) == USB_OTG_DIEPCTL_EPENA))
 3270              		.loc 1 1434 55 discriminator 1 view .LVU1006
 3271 0528 002A     		cmp	r2, #0
 3272 052a EEDA     		bge	.L210
1437:Drivers/STM32H7xx_HAL_Driver/Src/stm32h7xx_hal_pcd.c **** 
 3273              		.loc 1 1437 11 is_stmt 1 view .LVU1007
1437:Drivers/STM32H7xx_HAL_Driver/Src/stm32h7xx_hal_pcd.c **** 
 3274              		.loc 1 1437 48 is_stmt 0 view .LVU1008
 3275 052c 06EBC603 		add	r3, r6, r6, lsl #3
 3276 0530 04EB8303 		add	r3, r4, r3, lsl #2
 3277 0534 0122     		movs	r2, #1
 3278              	.LVL303:
1437:Drivers/STM32H7xx_HAL_Driver/Src/stm32h7xx_hal_pcd.c **** 
 3279              		.loc 1 1437 48 view .LVU1009
 3280 0536 DA75     		strb	r2, [r3, #23]
1440:Drivers/STM32H7xx_HAL_Driver/Src/stm32h7xx_hal_pcd.c ****         }
 3281              		.loc 1 1440 11 is_stmt 1 view .LVU1010
1440:Drivers/STM32H7xx_HAL_Driver/Src/stm32h7xx_hal_pcd.c ****         }
 3282              		.loc 1 1440 17 is_stmt 0 view .LVU1011
 3283 0538 66F07F01 		orn	r1, r6, #127
 3284 053c C9B2     		uxtb	r1, r1
 3285 053e 2046     		mov	r0, r4
 3286 0540 FFF7FEFF 		bl	HAL_PCD_EP_Abort
 3287              	.LVL304:
 3288 0544 E1E7     		b	.L210
 3289              	.LVL305:
 3290              	.L219:
1430:Drivers/STM32H7xx_HAL_Driver/Src/stm32h7xx_hal_pcd.c ****       {
 3291              		.loc 1 1430 18 view .LVU1012
 3292 0546 0126     		movs	r6, #1
 3293 0548 E0E7     		b	.L208
 3294              	.LVL306:
 3295              	.L239:
1444:Drivers/STM32H7xx_HAL_Driver/Src/stm32h7xx_hal_pcd.c ****     }
 3296              		.loc 1 1444 7 is_stmt 1 view .LVU1013
 3297 054a 2268     		ldr	r2, [r4]
 3298 054c 5369     		ldr	r3, [r2, #20]
 3299 054e 03F48013 		and	r3, r3, #1048576
 3300 0552 5361     		str	r3, [r2, #20]
 3301 0554 D1E7     		b	.L209
 3302              	.LVL307:
 3303              	.L214:
1450:Drivers/STM32H7xx_HAL_Driver/Src/stm32h7xx_hal_pcd.c ****       {
 3304              		.loc 1 1450 63 discriminator 2 view .LVU1014
 3305 0556 0133     		adds	r3, r3, #1
 3306              	.LVL308:
 3307              	.L212:
ARM GAS  C:\Users\Made\AppData\Local\Temp\cch5frMA.s 			page 115


1450:Drivers/STM32H7xx_HAL_Driver/Src/stm32h7xx_hal_pcd.c ****       {
 3308              		.loc 1 1450 30 discriminator 1 view .LVU1015
1450:Drivers/STM32H7xx_HAL_Driver/Src/stm32h7xx_hal_pcd.c ****       {
 3309              		.loc 1 1450 42 is_stmt 0 discriminator 1 view .LVU1016
 3310 0558 2279     		ldrb	r2, [r4, #4]	@ zero_extendqisi2
1450:Drivers/STM32H7xx_HAL_Driver/Src/stm32h7xx_hal_pcd.c ****       {
 3311              		.loc 1 1450 30 discriminator 1 view .LVU1017
 3312 055a 9A42     		cmp	r2, r3
 3313 055c 27D9     		bls	.L215
1452:Drivers/STM32H7xx_HAL_Driver/Src/stm32h7xx_hal_pcd.c **** 
 3314              		.loc 1 1452 9 is_stmt 1 view .LVU1018
1452:Drivers/STM32H7xx_HAL_Driver/Src/stm32h7xx_hal_pcd.c **** 
 3315              		.loc 1 1452 18 is_stmt 0 view .LVU1019
 3316 055e 05EB4312 		add	r2, r5, r3, lsl #5
1452:Drivers/STM32H7xx_HAL_Driver/Src/stm32h7xx_hal_pcd.c **** 
 3317              		.loc 1 1452 16 view .LVU1020
 3318 0562 D2F8001B 		ldr	r1, [r2, #2816]
 3319              	.LVL309:
1454:Drivers/STM32H7xx_HAL_Driver/Src/stm32h7xx_hal_pcd.c ****             ((RegVal & USB_OTG_DOEPCTL_EPENA) == USB_OTG_DOEPCTL_EPENA) &&
 3320              		.loc 1 1454 9 is_stmt 1 view .LVU1021
1454:Drivers/STM32H7xx_HAL_Driver/Src/stm32h7xx_hal_pcd.c ****             ((RegVal & USB_OTG_DOEPCTL_EPENA) == USB_OTG_DOEPCTL_EPENA) &&
 3321              		.loc 1 1454 33 is_stmt 0 view .LVU1022
 3322 0566 03EBC302 		add	r2, r3, r3, lsl #3
 3323 056a 04EB8202 		add	r2, r4, r2, lsl #2
 3324 056e 92F85822 		ldrb	r2, [r2, #600]	@ zero_extendqisi2
1454:Drivers/STM32H7xx_HAL_Driver/Src/stm32h7xx_hal_pcd.c ****             ((RegVal & USB_OTG_DOEPCTL_EPENA) == USB_OTG_DOEPCTL_EPENA) &&
 3325              		.loc 1 1454 12 view .LVU1023
 3326 0572 012A     		cmp	r2, #1
 3327 0574 EFD1     		bne	.L214
1454:Drivers/STM32H7xx_HAL_Driver/Src/stm32h7xx_hal_pcd.c ****             ((RegVal & USB_OTG_DOEPCTL_EPENA) == USB_OTG_DOEPCTL_EPENA) &&
 3328              		.loc 1 1454 56 discriminator 1 view .LVU1024
 3329 0576 0029     		cmp	r1, #0
 3330 0578 EDDA     		bge	.L214
1456:Drivers/STM32H7xx_HAL_Driver/Src/stm32h7xx_hal_pcd.c ****         {
 3331              		.loc 1 1456 55 view .LVU1025
 3332 057a D4F8D424 		ldr	r2, [r4, #1236]
1456:Drivers/STM32H7xx_HAL_Driver/Src/stm32h7xx_hal_pcd.c ****         {
 3333              		.loc 1 1456 47 view .LVU1026
 3334 057e 82EA1142 		eor	r2, r2, r1, lsr #16
1455:Drivers/STM32H7xx_HAL_Driver/Src/stm32h7xx_hal_pcd.c ****             (((RegVal & (0x1U << 16)) >> 16U) == (hpcd->FrameNumber & 0x1U)))
 3335              		.loc 1 1455 73 view .LVU1027
 3336 0582 12F0010F 		tst	r2, #1
 3337 0586 E6D1     		bne	.L214
1458:Drivers/STM32H7xx_HAL_Driver/Src/stm32h7xx_hal_pcd.c **** 
 3338              		.loc 1 1458 11 is_stmt 1 view .LVU1028
1458:Drivers/STM32H7xx_HAL_Driver/Src/stm32h7xx_hal_pcd.c **** 
 3339              		.loc 1 1458 49 is_stmt 0 view .LVU1029
 3340 0588 03EBC302 		add	r2, r3, r3, lsl #3
 3341 058c 04EB8202 		add	r2, r4, r2, lsl #2
 3342 0590 0121     		movs	r1, #1
 3343              	.LVL310:
1458:Drivers/STM32H7xx_HAL_Driver/Src/stm32h7xx_hal_pcd.c **** 
 3344              		.loc 1 1458 49 view .LVU1030
 3345 0592 82F85712 		strb	r1, [r2, #599]
1460:Drivers/STM32H7xx_HAL_Driver/Src/stm32h7xx_hal_pcd.c **** 
 3346              		.loc 1 1460 11 is_stmt 1 view .LVU1031
1460:Drivers/STM32H7xx_HAL_Driver/Src/stm32h7xx_hal_pcd.c **** 
ARM GAS  C:\Users\Made\AppData\Local\Temp\cch5frMA.s 			page 116


 3347              		.loc 1 1460 15 is_stmt 0 view .LVU1032
 3348 0596 AA69     		ldr	r2, [r5, #24]
1460:Drivers/STM32H7xx_HAL_Driver/Src/stm32h7xx_hal_pcd.c **** 
 3349              		.loc 1 1460 25 view .LVU1033
 3350 0598 42F08002 		orr	r2, r2, #128
 3351 059c AA61     		str	r2, [r5, #24]
1462:Drivers/STM32H7xx_HAL_Driver/Src/stm32h7xx_hal_pcd.c ****           {
 3352              		.loc 1 1462 11 is_stmt 1 view .LVU1034
1462:Drivers/STM32H7xx_HAL_Driver/Src/stm32h7xx_hal_pcd.c ****           {
 3353              		.loc 1 1462 20 is_stmt 0 view .LVU1035
 3354 059e 6A69     		ldr	r2, [r5, #20]
1462:Drivers/STM32H7xx_HAL_Driver/Src/stm32h7xx_hal_pcd.c ****           {
 3355              		.loc 1 1462 14 view .LVU1036
 3356 05a0 12F0800F 		tst	r2, #128
 3357 05a4 D7D1     		bne	.L214
1464:Drivers/STM32H7xx_HAL_Driver/Src/stm32h7xx_hal_pcd.c ****             break;
 3358              		.loc 1 1464 13 is_stmt 1 view .LVU1037
1464:Drivers/STM32H7xx_HAL_Driver/Src/stm32h7xx_hal_pcd.c ****             break;
 3359              		.loc 1 1464 24 is_stmt 0 view .LVU1038
 3360 05a6 7B68     		ldr	r3, [r7, #4]
 3361              	.LVL311:
1464:Drivers/STM32H7xx_HAL_Driver/Src/stm32h7xx_hal_pcd.c ****             break;
 3362              		.loc 1 1464 31 view .LVU1039
 3363 05a8 43F40073 		orr	r3, r3, #512
 3364 05ac 7B60     		str	r3, [r7, #4]
1465:Drivers/STM32H7xx_HAL_Driver/Src/stm32h7xx_hal_pcd.c ****           }
 3365              		.loc 1 1465 13 is_stmt 1 view .LVU1040
 3366              	.LVL312:
 3367              	.L215:
1470:Drivers/STM32H7xx_HAL_Driver/Src/stm32h7xx_hal_pcd.c ****     }
 3368              		.loc 1 1470 7 view .LVU1041
 3369 05ae 2268     		ldr	r2, [r4]
 3370 05b0 5369     		ldr	r3, [r2, #20]
 3371 05b2 03F40013 		and	r3, r3, #2097152
 3372 05b6 5361     		str	r3, [r2, #20]
 3373              	.LVL313:
 3374              	.L213:
1474:Drivers/STM32H7xx_HAL_Driver/Src/stm32h7xx_hal_pcd.c ****     {
 3375              		.loc 1 1474 5 view .LVU1042
1474:Drivers/STM32H7xx_HAL_Driver/Src/stm32h7xx_hal_pcd.c ****     {
 3376              		.loc 1 1474 9 is_stmt 0 view .LVU1043
 3377 05b8 2068     		ldr	r0, [r4]
 3378 05ba FFF7FEFF 		bl	USB_ReadInterrupts
 3379              	.LVL314:
1474:Drivers/STM32H7xx_HAL_Driver/Src/stm32h7xx_hal_pcd.c ****     {
 3380              		.loc 1 1474 8 discriminator 1 view .LVU1044
 3381 05be 10F0804F 		tst	r0, #1073741824
 3382 05c2 10D1     		bne	.L240
 3383              	.L217:
1486:Drivers/STM32H7xx_HAL_Driver/Src/stm32h7xx_hal_pcd.c ****     {
 3384              		.loc 1 1486 5 is_stmt 1 view .LVU1045
1486:Drivers/STM32H7xx_HAL_Driver/Src/stm32h7xx_hal_pcd.c ****     {
 3385              		.loc 1 1486 9 is_stmt 0 view .LVU1046
 3386 05c4 2068     		ldr	r0, [r4]
 3387 05c6 FFF7FEFF 		bl	USB_ReadInterrupts
 3388              	.LVL315:
1486:Drivers/STM32H7xx_HAL_Driver/Src/stm32h7xx_hal_pcd.c ****     {
ARM GAS  C:\Users\Made\AppData\Local\Temp\cch5frMA.s 			page 117


 3389              		.loc 1 1486 8 discriminator 1 view .LVU1047
 3390 05ca 10F0040F 		tst	r0, #4
 3391 05ce 3FF420AD 		beq	.L162
1488:Drivers/STM32H7xx_HAL_Driver/Src/stm32h7xx_hal_pcd.c **** 
 3392              		.loc 1 1488 7 is_stmt 1 view .LVU1048
1488:Drivers/STM32H7xx_HAL_Driver/Src/stm32h7xx_hal_pcd.c **** 
 3393              		.loc 1 1488 20 is_stmt 0 view .LVU1049
 3394 05d2 2368     		ldr	r3, [r4]
1488:Drivers/STM32H7xx_HAL_Driver/Src/stm32h7xx_hal_pcd.c **** 
 3395              		.loc 1 1488 14 view .LVU1050
 3396 05d4 5D68     		ldr	r5, [r3, #4]
 3397              	.LVL316:
1490:Drivers/STM32H7xx_HAL_Driver/Src/stm32h7xx_hal_pcd.c ****       {
 3398              		.loc 1 1490 7 is_stmt 1 view .LVU1051
1490:Drivers/STM32H7xx_HAL_Driver/Src/stm32h7xx_hal_pcd.c ****       {
 3399              		.loc 1 1490 10 is_stmt 0 view .LVU1052
 3400 05d6 15F0040F 		tst	r5, #4
 3401 05da 0DD1     		bne	.L241
 3402              	.L218:
1498:Drivers/STM32H7xx_HAL_Driver/Src/stm32h7xx_hal_pcd.c ****     }
 3403              		.loc 1 1498 7 is_stmt 1 view .LVU1053
1498:Drivers/STM32H7xx_HAL_Driver/Src/stm32h7xx_hal_pcd.c ****     }
 3404              		.loc 1 1498 11 is_stmt 0 view .LVU1054
 3405 05dc 2268     		ldr	r2, [r4]
1498:Drivers/STM32H7xx_HAL_Driver/Src/stm32h7xx_hal_pcd.c ****     }
 3406              		.loc 1 1498 21 view .LVU1055
 3407 05de 5368     		ldr	r3, [r2, #4]
1498:Drivers/STM32H7xx_HAL_Driver/Src/stm32h7xx_hal_pcd.c ****     }
 3408              		.loc 1 1498 31 view .LVU1056
 3409 05e0 2B43     		orrs	r3, r3, r5
 3410 05e2 5360     		str	r3, [r2, #4]
 3411 05e4 15E5     		b	.L162
 3412              	.LVL317:
 3413              	.L240:
1479:Drivers/STM32H7xx_HAL_Driver/Src/stm32h7xx_hal_pcd.c **** #endif /* USE_HAL_PCD_REGISTER_CALLBACKS */
 3414              		.loc 1 1479 7 is_stmt 1 view .LVU1057
 3415 05e6 2046     		mov	r0, r4
 3416 05e8 FFF7FEFF 		bl	HAL_PCD_ConnectCallback
 3417              	.LVL318:
1482:Drivers/STM32H7xx_HAL_Driver/Src/stm32h7xx_hal_pcd.c ****     }
 3418              		.loc 1 1482 7 view .LVU1058
 3419 05ec 2268     		ldr	r2, [r4]
 3420 05ee 5369     		ldr	r3, [r2, #20]
 3421 05f0 03F08043 		and	r3, r3, #1073741824
 3422 05f4 5361     		str	r3, [r2, #20]
 3423 05f6 E5E7     		b	.L217
 3424              	.LVL319:
 3425              	.L241:
1495:Drivers/STM32H7xx_HAL_Driver/Src/stm32h7xx_hal_pcd.c **** #endif /* USE_HAL_PCD_REGISTER_CALLBACKS */
 3426              		.loc 1 1495 9 view .LVU1059
 3427 05f8 2046     		mov	r0, r4
 3428 05fa FFF7FEFF 		bl	HAL_PCD_DisconnectCallback
 3429              	.LVL320:
 3430 05fe EDE7     		b	.L218
 3431              		.cfi_endproc
 3432              	.LFE341:
 3434              		.section	.text.HAL_PCD_EP_Flush,"ax",%progbits
ARM GAS  C:\Users\Made\AppData\Local\Temp\cch5frMA.s 			page 118


 3435              		.align	1
 3436              		.global	HAL_PCD_EP_Flush
 3437              		.syntax unified
 3438              		.thumb
 3439              		.thumb_func
 3441              	HAL_PCD_EP_Flush:
 3442              	.LVL321:
 3443              	.LFB364:
2019:Drivers/STM32H7xx_HAL_Driver/Src/stm32h7xx_hal_pcd.c ****   __HAL_LOCK(hpcd);
 3444              		.loc 1 2019 1 view -0
 3445              		.cfi_startproc
 3446              		@ args = 0, pretend = 0, frame = 0
 3447              		@ frame_needed = 0, uses_anonymous_args = 0
2020:Drivers/STM32H7xx_HAL_Driver/Src/stm32h7xx_hal_pcd.c **** 
 3448              		.loc 1 2020 3 view .LVU1061
2020:Drivers/STM32H7xx_HAL_Driver/Src/stm32h7xx_hal_pcd.c **** 
 3449              		.loc 1 2020 3 view .LVU1062
 3450 0000 90F89434 		ldrb	r3, [r0, #1172]	@ zero_extendqisi2
 3451 0004 012B     		cmp	r3, #1
 3452 0006 14D0     		beq	.L246
2019:Drivers/STM32H7xx_HAL_Driver/Src/stm32h7xx_hal_pcd.c ****   __HAL_LOCK(hpcd);
 3453              		.loc 1 2019 1 is_stmt 0 view .LVU1063
 3454 0008 10B5     		push	{r4, lr}
 3455              	.LCFI32:
 3456              		.cfi_def_cfa_offset 8
 3457              		.cfi_offset 4, -8
 3458              		.cfi_offset 14, -4
 3459 000a 0446     		mov	r4, r0
2020:Drivers/STM32H7xx_HAL_Driver/Src/stm32h7xx_hal_pcd.c **** 
 3460              		.loc 1 2020 3 is_stmt 1 discriminator 2 view .LVU1064
 3461 000c 0123     		movs	r3, #1
 3462 000e 80F89434 		strb	r3, [r0, #1172]
2020:Drivers/STM32H7xx_HAL_Driver/Src/stm32h7xx_hal_pcd.c **** 
 3463              		.loc 1 2020 3 discriminator 2 view .LVU1065
2022:Drivers/STM32H7xx_HAL_Driver/Src/stm32h7xx_hal_pcd.c ****   {
 3464              		.loc 1 2022 3 view .LVU1066
2022:Drivers/STM32H7xx_HAL_Driver/Src/stm32h7xx_hal_pcd.c ****   {
 3465              		.loc 1 2022 6 is_stmt 0 view .LVU1067
 3466 0012 11F0800F 		tst	r1, #128
 3467 0016 06D1     		bne	.L251
2028:Drivers/STM32H7xx_HAL_Driver/Src/stm32h7xx_hal_pcd.c ****   }
 3468              		.loc 1 2028 5 is_stmt 1 view .LVU1068
2028:Drivers/STM32H7xx_HAL_Driver/Src/stm32h7xx_hal_pcd.c ****   }
 3469              		.loc 1 2028 11 is_stmt 0 view .LVU1069
 3470 0018 0068     		ldr	r0, [r0]
 3471              	.LVL322:
2028:Drivers/STM32H7xx_HAL_Driver/Src/stm32h7xx_hal_pcd.c ****   }
 3472              		.loc 1 2028 11 view .LVU1070
 3473 001a FFF7FEFF 		bl	USB_FlushRxFifo
 3474              	.LVL323:
 3475              	.L245:
2031:Drivers/STM32H7xx_HAL_Driver/Src/stm32h7xx_hal_pcd.c **** 
 3476              		.loc 1 2031 3 is_stmt 1 view .LVU1071
2031:Drivers/STM32H7xx_HAL_Driver/Src/stm32h7xx_hal_pcd.c **** 
 3477              		.loc 1 2031 3 view .LVU1072
 3478 001e 0020     		movs	r0, #0
 3479 0020 84F89404 		strb	r0, [r4, #1172]
ARM GAS  C:\Users\Made\AppData\Local\Temp\cch5frMA.s 			page 119


2031:Drivers/STM32H7xx_HAL_Driver/Src/stm32h7xx_hal_pcd.c **** 
 3480              		.loc 1 2031 3 view .LVU1073
2033:Drivers/STM32H7xx_HAL_Driver/Src/stm32h7xx_hal_pcd.c **** }
 3481              		.loc 1 2033 3 view .LVU1074
2034:Drivers/STM32H7xx_HAL_Driver/Src/stm32h7xx_hal_pcd.c **** 
 3482              		.loc 1 2034 1 is_stmt 0 view .LVU1075
 3483 0024 10BD     		pop	{r4, pc}
 3484              	.LVL324:
 3485              	.L251:
2024:Drivers/STM32H7xx_HAL_Driver/Src/stm32h7xx_hal_pcd.c ****   }
 3486              		.loc 1 2024 5 is_stmt 1 view .LVU1076
2024:Drivers/STM32H7xx_HAL_Driver/Src/stm32h7xx_hal_pcd.c ****   }
 3487              		.loc 1 2024 11 is_stmt 0 view .LVU1077
 3488 0026 01F00F01 		and	r1, r1, #15
 3489              	.LVL325:
2024:Drivers/STM32H7xx_HAL_Driver/Src/stm32h7xx_hal_pcd.c ****   }
 3490              		.loc 1 2024 11 view .LVU1078
 3491 002a 0068     		ldr	r0, [r0]
 3492              	.LVL326:
2024:Drivers/STM32H7xx_HAL_Driver/Src/stm32h7xx_hal_pcd.c ****   }
 3493              		.loc 1 2024 11 view .LVU1079
 3494 002c FFF7FEFF 		bl	USB_FlushTxFifo
 3495              	.LVL327:
 3496 0030 F5E7     		b	.L245
 3497              	.LVL328:
 3498              	.L246:
 3499              	.LCFI33:
 3500              		.cfi_def_cfa_offset 0
 3501              		.cfi_restore 4
 3502              		.cfi_restore 14
2020:Drivers/STM32H7xx_HAL_Driver/Src/stm32h7xx_hal_pcd.c **** 
 3503              		.loc 1 2020 3 discriminator 1 view .LVU1080
 3504 0032 0220     		movs	r0, #2
 3505              	.LVL329:
2034:Drivers/STM32H7xx_HAL_Driver/Src/stm32h7xx_hal_pcd.c **** 
 3506              		.loc 1 2034 1 view .LVU1081
 3507 0034 7047     		bx	lr
 3508              		.cfi_endproc
 3509              	.LFE364:
 3511              		.section	.text.HAL_PCD_ActivateRemoteWakeup,"ax",%progbits
 3512              		.align	1
 3513              		.global	HAL_PCD_ActivateRemoteWakeup
 3514              		.syntax unified
 3515              		.thumb
 3516              		.thumb_func
 3518              	HAL_PCD_ActivateRemoteWakeup:
 3519              	.LVL330:
 3520              	.LFB365:
2042:Drivers/STM32H7xx_HAL_Driver/Src/stm32h7xx_hal_pcd.c ****   return (USB_ActivateRemoteWakeup(hpcd->Instance));
 3521              		.loc 1 2042 1 is_stmt 1 view -0
 3522              		.cfi_startproc
 3523              		@ args = 0, pretend = 0, frame = 0
 3524              		@ frame_needed = 0, uses_anonymous_args = 0
2042:Drivers/STM32H7xx_HAL_Driver/Src/stm32h7xx_hal_pcd.c ****   return (USB_ActivateRemoteWakeup(hpcd->Instance));
 3525              		.loc 1 2042 1 is_stmt 0 view .LVU1083
 3526 0000 08B5     		push	{r3, lr}
 3527              	.LCFI34:
ARM GAS  C:\Users\Made\AppData\Local\Temp\cch5frMA.s 			page 120


 3528              		.cfi_def_cfa_offset 8
 3529              		.cfi_offset 3, -8
 3530              		.cfi_offset 14, -4
2043:Drivers/STM32H7xx_HAL_Driver/Src/stm32h7xx_hal_pcd.c **** }
 3531              		.loc 1 2043 3 is_stmt 1 view .LVU1084
2043:Drivers/STM32H7xx_HAL_Driver/Src/stm32h7xx_hal_pcd.c **** }
 3532              		.loc 1 2043 11 is_stmt 0 view .LVU1085
 3533 0002 0068     		ldr	r0, [r0]
 3534              	.LVL331:
2043:Drivers/STM32H7xx_HAL_Driver/Src/stm32h7xx_hal_pcd.c **** }
 3535              		.loc 1 2043 11 view .LVU1086
 3536 0004 FFF7FEFF 		bl	USB_ActivateRemoteWakeup
 3537              	.LVL332:
2044:Drivers/STM32H7xx_HAL_Driver/Src/stm32h7xx_hal_pcd.c **** 
 3538              		.loc 1 2044 1 view .LVU1087
 3539 0008 08BD     		pop	{r3, pc}
 3540              		.cfi_endproc
 3541              	.LFE365:
 3543              		.section	.text.HAL_PCD_DeActivateRemoteWakeup,"ax",%progbits
 3544              		.align	1
 3545              		.global	HAL_PCD_DeActivateRemoteWakeup
 3546              		.syntax unified
 3547              		.thumb
 3548              		.thumb_func
 3550              	HAL_PCD_DeActivateRemoteWakeup:
 3551              	.LVL333:
 3552              	.LFB366:
2052:Drivers/STM32H7xx_HAL_Driver/Src/stm32h7xx_hal_pcd.c ****   return (USB_DeActivateRemoteWakeup(hpcd->Instance));
 3553              		.loc 1 2052 1 is_stmt 1 view -0
 3554              		.cfi_startproc
 3555              		@ args = 0, pretend = 0, frame = 0
 3556              		@ frame_needed = 0, uses_anonymous_args = 0
2052:Drivers/STM32H7xx_HAL_Driver/Src/stm32h7xx_hal_pcd.c ****   return (USB_DeActivateRemoteWakeup(hpcd->Instance));
 3557              		.loc 1 2052 1 is_stmt 0 view .LVU1089
 3558 0000 08B5     		push	{r3, lr}
 3559              	.LCFI35:
 3560              		.cfi_def_cfa_offset 8
 3561              		.cfi_offset 3, -8
 3562              		.cfi_offset 14, -4
2053:Drivers/STM32H7xx_HAL_Driver/Src/stm32h7xx_hal_pcd.c **** }
 3563              		.loc 1 2053 3 is_stmt 1 view .LVU1090
2053:Drivers/STM32H7xx_HAL_Driver/Src/stm32h7xx_hal_pcd.c **** }
 3564              		.loc 1 2053 11 is_stmt 0 view .LVU1091
 3565 0002 0068     		ldr	r0, [r0]
 3566              	.LVL334:
2053:Drivers/STM32H7xx_HAL_Driver/Src/stm32h7xx_hal_pcd.c **** }
 3567              		.loc 1 2053 11 view .LVU1092
 3568 0004 FFF7FEFF 		bl	USB_DeActivateRemoteWakeup
 3569              	.LVL335:
2054:Drivers/STM32H7xx_HAL_Driver/Src/stm32h7xx_hal_pcd.c **** 
 3570              		.loc 1 2054 1 view .LVU1093
 3571 0008 08BD     		pop	{r3, pc}
 3572              		.cfi_endproc
 3573              	.LFE366:
 3575              		.section	.text.HAL_PCD_GetState,"ax",%progbits
 3576              		.align	1
 3577              		.global	HAL_PCD_GetState
ARM GAS  C:\Users\Made\AppData\Local\Temp\cch5frMA.s 			page 121


 3578              		.syntax unified
 3579              		.thumb
 3580              		.thumb_func
 3582              	HAL_PCD_GetState:
 3583              	.LVL336:
 3584              	.LFB367:
2081:Drivers/STM32H7xx_HAL_Driver/Src/stm32h7xx_hal_pcd.c ****   return hpcd->State;
 3585              		.loc 1 2081 1 is_stmt 1 view -0
 3586              		.cfi_startproc
 3587              		@ args = 0, pretend = 0, frame = 0
 3588              		@ frame_needed = 0, uses_anonymous_args = 0
 3589              		@ link register save eliminated.
2082:Drivers/STM32H7xx_HAL_Driver/Src/stm32h7xx_hal_pcd.c **** }
 3590              		.loc 1 2082 3 view .LVU1095
2082:Drivers/STM32H7xx_HAL_Driver/Src/stm32h7xx_hal_pcd.c **** }
 3591              		.loc 1 2082 14 is_stmt 0 view .LVU1096
 3592 0000 90F89504 		ldrb	r0, [r0, #1173]	@ zero_extendqisi2
 3593              	.LVL337:
2083:Drivers/STM32H7xx_HAL_Driver/Src/stm32h7xx_hal_pcd.c **** 
 3594              		.loc 1 2083 1 view .LVU1097
 3595 0004 7047     		bx	lr
 3596              		.cfi_endproc
 3597              	.LFE367:
 3599              		.section	.text.HAL_PCD_SetTestMode,"ax",%progbits
 3600              		.align	1
 3601              		.global	HAL_PCD_SetTestMode
 3602              		.syntax unified
 3603              		.thumb
 3604              		.thumb_func
 3606              	HAL_PCD_SetTestMode:
 3607              	.LVL338:
 3608              	.LFB368:
2093:Drivers/STM32H7xx_HAL_Driver/Src/stm32h7xx_hal_pcd.c ****   const USB_OTG_GlobalTypeDef *USBx = hpcd->Instance;
 3609              		.loc 1 2093 1 is_stmt 1 view -0
 3610              		.cfi_startproc
 3611              		@ args = 0, pretend = 0, frame = 0
 3612              		@ frame_needed = 0, uses_anonymous_args = 0
 3613              		@ link register save eliminated.
2094:Drivers/STM32H7xx_HAL_Driver/Src/stm32h7xx_hal_pcd.c ****   uint32_t USBx_BASE = (uint32_t)USBx;
 3614              		.loc 1 2094 3 view .LVU1099
2094:Drivers/STM32H7xx_HAL_Driver/Src/stm32h7xx_hal_pcd.c ****   uint32_t USBx_BASE = (uint32_t)USBx;
 3615              		.loc 1 2094 32 is_stmt 0 view .LVU1100
 3616 0000 0368     		ldr	r3, [r0]
 3617              	.LVL339:
2095:Drivers/STM32H7xx_HAL_Driver/Src/stm32h7xx_hal_pcd.c **** 
 3618              		.loc 1 2095 3 is_stmt 1 view .LVU1101
2097:Drivers/STM32H7xx_HAL_Driver/Src/stm32h7xx_hal_pcd.c ****   {
 3619              		.loc 1 2097 3 view .LVU1102
 3620 0002 4A1E     		subs	r2, r1, #1
 3621 0004 042A     		cmp	r2, #4
 3622 0006 0BD8     		bhi	.L258
2104:Drivers/STM32H7xx_HAL_Driver/Src/stm32h7xx_hal_pcd.c ****       USBx_DEVICE->DCTL |= (uint32_t)testmode << 4;
 3623              		.loc 1 2104 7 view .LVU1103
2104:Drivers/STM32H7xx_HAL_Driver/Src/stm32h7xx_hal_pcd.c ****       USBx_DEVICE->DCTL |= (uint32_t)testmode << 4;
 3624              		.loc 1 2104 18 is_stmt 0 view .LVU1104
 3625 0008 D3F80428 		ldr	r2, [r3, #2052]
2104:Drivers/STM32H7xx_HAL_Driver/Src/stm32h7xx_hal_pcd.c ****       USBx_DEVICE->DCTL |= (uint32_t)testmode << 4;
ARM GAS  C:\Users\Made\AppData\Local\Temp\cch5frMA.s 			page 122


 3626              		.loc 1 2104 25 view .LVU1105
 3627 000c 22F07002 		bic	r2, r2, #112
 3628 0010 C3F80428 		str	r2, [r3, #2052]
2105:Drivers/STM32H7xx_HAL_Driver/Src/stm32h7xx_hal_pcd.c ****       break;
 3629              		.loc 1 2105 7 is_stmt 1 view .LVU1106
2105:Drivers/STM32H7xx_HAL_Driver/Src/stm32h7xx_hal_pcd.c ****       break;
 3630              		.loc 1 2105 18 is_stmt 0 view .LVU1107
 3631 0014 D3F80428 		ldr	r2, [r3, #2052]
2105:Drivers/STM32H7xx_HAL_Driver/Src/stm32h7xx_hal_pcd.c ****       break;
 3632              		.loc 1 2105 25 view .LVU1108
 3633 0018 42EA0112 		orr	r2, r2, r1, lsl #4
 3634 001c C3F80428 		str	r2, [r3, #2052]
2106:Drivers/STM32H7xx_HAL_Driver/Src/stm32h7xx_hal_pcd.c **** 
 3635              		.loc 1 2106 7 is_stmt 1 view .LVU1109
 3636              	.L258:
2112:Drivers/STM32H7xx_HAL_Driver/Src/stm32h7xx_hal_pcd.c **** }
 3637              		.loc 1 2112 3 view .LVU1110
2113:Drivers/STM32H7xx_HAL_Driver/Src/stm32h7xx_hal_pcd.c **** #endif /* defined (USB_OTG_FS) || defined (USB_OTG_HS) */
 3638              		.loc 1 2113 1 is_stmt 0 view .LVU1111
 3639 0020 0020     		movs	r0, #0
 3640              	.LVL340:
2113:Drivers/STM32H7xx_HAL_Driver/Src/stm32h7xx_hal_pcd.c **** #endif /* defined (USB_OTG_FS) || defined (USB_OTG_HS) */
 3641              		.loc 1 2113 1 view .LVU1112
 3642 0022 7047     		bx	lr
 3643              		.cfi_endproc
 3644              	.LFE368:
 3646              		.text
 3647              	.Letext0:
 3648              		.file 2 "C:/Program Files (x86)/Arm GNU Toolchain arm-none-eabi/13.3 rel1/arm-none-eabi/include/ma
 3649              		.file 3 "C:/Program Files (x86)/Arm GNU Toolchain arm-none-eabi/13.3 rel1/arm-none-eabi/include/sy
 3650              		.file 4 "Drivers/CMSIS/Device/ST/STM32H7xx/Include/stm32h743xx.h"
 3651              		.file 5 "Drivers/STM32H7xx_HAL_Driver/Inc/stm32h7xx_hal_def.h"
 3652              		.file 6 "Drivers/STM32H7xx_HAL_Driver/Inc/stm32h7xx_ll_usb.h"
 3653              		.file 7 "Drivers/STM32H7xx_HAL_Driver/Inc/stm32h7xx_hal_pcd.h"
 3654              		.file 8 "Drivers/STM32H7xx_HAL_Driver/Inc/stm32h7xx_hal_pcd_ex.h"
 3655              		.file 9 "Drivers/STM32H7xx_HAL_Driver/Inc/stm32h7xx_hal_rcc.h"
ARM GAS  C:\Users\Made\AppData\Local\Temp\cch5frMA.s 			page 123


DEFINED SYMBOLS
                            *ABS*:00000000 stm32h7xx_hal_pcd.c
C:\Users\Made\AppData\Local\Temp\cch5frMA.s:20     .text.PCD_WriteEmptyTxFifo:00000000 $t
C:\Users\Made\AppData\Local\Temp\cch5frMA.s:25     .text.PCD_WriteEmptyTxFifo:00000000 PCD_WriteEmptyTxFifo
C:\Users\Made\AppData\Local\Temp\cch5frMA.s:221    .text.HAL_PCD_MspInit:00000000 $t
C:\Users\Made\AppData\Local\Temp\cch5frMA.s:227    .text.HAL_PCD_MspInit:00000000 HAL_PCD_MspInit
C:\Users\Made\AppData\Local\Temp\cch5frMA.s:242    .text.HAL_PCD_Init:00000000 $t
C:\Users\Made\AppData\Local\Temp\cch5frMA.s:248    .text.HAL_PCD_Init:00000000 HAL_PCD_Init
C:\Users\Made\AppData\Local\Temp\cch5frMA.s:489    .text.HAL_PCD_MspDeInit:00000000 $t
C:\Users\Made\AppData\Local\Temp\cch5frMA.s:495    .text.HAL_PCD_MspDeInit:00000000 HAL_PCD_MspDeInit
C:\Users\Made\AppData\Local\Temp\cch5frMA.s:510    .text.HAL_PCD_DeInit:00000000 $t
C:\Users\Made\AppData\Local\Temp\cch5frMA.s:516    .text.HAL_PCD_DeInit:00000000 HAL_PCD_DeInit
C:\Users\Made\AppData\Local\Temp\cch5frMA.s:578    .text.HAL_PCD_Start:00000000 $t
C:\Users\Made\AppData\Local\Temp\cch5frMA.s:584    .text.HAL_PCD_Start:00000000 HAL_PCD_Start
C:\Users\Made\AppData\Local\Temp\cch5frMA.s:665    .text.HAL_PCD_Stop:00000000 $t
C:\Users\Made\AppData\Local\Temp\cch5frMA.s:671    .text.HAL_PCD_Stop:00000000 HAL_PCD_Stop
C:\Users\Made\AppData\Local\Temp\cch5frMA.s:759    .text.HAL_PCD_DataOutStageCallback:00000000 $t
C:\Users\Made\AppData\Local\Temp\cch5frMA.s:765    .text.HAL_PCD_DataOutStageCallback:00000000 HAL_PCD_DataOutStageCallback
C:\Users\Made\AppData\Local\Temp\cch5frMA.s:781    .text.PCD_EP_OutXfrComplete_int:00000000 $t
C:\Users\Made\AppData\Local\Temp\cch5frMA.s:786    .text.PCD_EP_OutXfrComplete_int:00000000 PCD_EP_OutXfrComplete_int
C:\Users\Made\AppData\Local\Temp\cch5frMA.s:1007   .text.PCD_EP_OutXfrComplete_int:000000fc $d
C:\Users\Made\AppData\Local\Temp\cch5frMA.s:1013   .text.HAL_PCD_DataInStageCallback:00000000 $t
C:\Users\Made\AppData\Local\Temp\cch5frMA.s:1019   .text.HAL_PCD_DataInStageCallback:00000000 HAL_PCD_DataInStageCallback
C:\Users\Made\AppData\Local\Temp\cch5frMA.s:1035   .text.HAL_PCD_SetupStageCallback:00000000 $t
C:\Users\Made\AppData\Local\Temp\cch5frMA.s:1041   .text.HAL_PCD_SetupStageCallback:00000000 HAL_PCD_SetupStageCallback
C:\Users\Made\AppData\Local\Temp\cch5frMA.s:1056   .text.PCD_EP_OutSetupPacket_int:00000000 $t
C:\Users\Made\AppData\Local\Temp\cch5frMA.s:1061   .text.PCD_EP_OutSetupPacket_int:00000000 PCD_EP_OutSetupPacket_int
C:\Users\Made\AppData\Local\Temp\cch5frMA.s:1141   .text.PCD_EP_OutSetupPacket_int:0000004c $d
C:\Users\Made\AppData\Local\Temp\cch5frMA.s:1146   .text.HAL_PCD_SOFCallback:00000000 $t
C:\Users\Made\AppData\Local\Temp\cch5frMA.s:1152   .text.HAL_PCD_SOFCallback:00000000 HAL_PCD_SOFCallback
C:\Users\Made\AppData\Local\Temp\cch5frMA.s:1167   .text.HAL_PCD_ResetCallback:00000000 $t
C:\Users\Made\AppData\Local\Temp\cch5frMA.s:1173   .text.HAL_PCD_ResetCallback:00000000 HAL_PCD_ResetCallback
C:\Users\Made\AppData\Local\Temp\cch5frMA.s:1188   .text.HAL_PCD_SuspendCallback:00000000 $t
C:\Users\Made\AppData\Local\Temp\cch5frMA.s:1194   .text.HAL_PCD_SuspendCallback:00000000 HAL_PCD_SuspendCallback
C:\Users\Made\AppData\Local\Temp\cch5frMA.s:1209   .text.HAL_PCD_ResumeCallback:00000000 $t
C:\Users\Made\AppData\Local\Temp\cch5frMA.s:1215   .text.HAL_PCD_ResumeCallback:00000000 HAL_PCD_ResumeCallback
C:\Users\Made\AppData\Local\Temp\cch5frMA.s:1230   .text.HAL_PCD_ISOOUTIncompleteCallback:00000000 $t
C:\Users\Made\AppData\Local\Temp\cch5frMA.s:1236   .text.HAL_PCD_ISOOUTIncompleteCallback:00000000 HAL_PCD_ISOOUTIncompleteCallback
C:\Users\Made\AppData\Local\Temp\cch5frMA.s:1252   .text.HAL_PCD_ISOINIncompleteCallback:00000000 $t
C:\Users\Made\AppData\Local\Temp\cch5frMA.s:1258   .text.HAL_PCD_ISOINIncompleteCallback:00000000 HAL_PCD_ISOINIncompleteCallback
C:\Users\Made\AppData\Local\Temp\cch5frMA.s:1274   .text.HAL_PCD_ConnectCallback:00000000 $t
C:\Users\Made\AppData\Local\Temp\cch5frMA.s:1280   .text.HAL_PCD_ConnectCallback:00000000 HAL_PCD_ConnectCallback
C:\Users\Made\AppData\Local\Temp\cch5frMA.s:1295   .text.HAL_PCD_DisconnectCallback:00000000 $t
C:\Users\Made\AppData\Local\Temp\cch5frMA.s:1301   .text.HAL_PCD_DisconnectCallback:00000000 HAL_PCD_DisconnectCallback
C:\Users\Made\AppData\Local\Temp\cch5frMA.s:1316   .text.HAL_PCD_DevConnect:00000000 $t
C:\Users\Made\AppData\Local\Temp\cch5frMA.s:1322   .text.HAL_PCD_DevConnect:00000000 HAL_PCD_DevConnect
C:\Users\Made\AppData\Local\Temp\cch5frMA.s:1399   .text.HAL_PCD_DevDisconnect:00000000 $t
C:\Users\Made\AppData\Local\Temp\cch5frMA.s:1405   .text.HAL_PCD_DevDisconnect:00000000 HAL_PCD_DevDisconnect
C:\Users\Made\AppData\Local\Temp\cch5frMA.s:1483   .text.HAL_PCD_SetAddress:00000000 $t
C:\Users\Made\AppData\Local\Temp\cch5frMA.s:1489   .text.HAL_PCD_SetAddress:00000000 HAL_PCD_SetAddress
C:\Users\Made\AppData\Local\Temp\cch5frMA.s:1545   .text.HAL_PCD_EP_Open:00000000 $t
C:\Users\Made\AppData\Local\Temp\cch5frMA.s:1551   .text.HAL_PCD_EP_Open:00000000 HAL_PCD_EP_Open
C:\Users\Made\AppData\Local\Temp\cch5frMA.s:1687   .text.HAL_PCD_EP_Close:00000000 $t
C:\Users\Made\AppData\Local\Temp\cch5frMA.s:1693   .text.HAL_PCD_EP_Close:00000000 HAL_PCD_EP_Close
C:\Users\Made\AppData\Local\Temp\cch5frMA.s:1789   .text.HAL_PCD_EP_Receive:00000000 $t
C:\Users\Made\AppData\Local\Temp\cch5frMA.s:1795   .text.HAL_PCD_EP_Receive:00000000 HAL_PCD_EP_Receive
C:\Users\Made\AppData\Local\Temp\cch5frMA.s:1870   .text.HAL_PCD_EP_GetRxCount:00000000 $t
ARM GAS  C:\Users\Made\AppData\Local\Temp\cch5frMA.s 			page 124


C:\Users\Made\AppData\Local\Temp\cch5frMA.s:1876   .text.HAL_PCD_EP_GetRxCount:00000000 HAL_PCD_EP_GetRxCount
C:\Users\Made\AppData\Local\Temp\cch5frMA.s:1899   .text.HAL_PCD_EP_Transmit:00000000 $t
C:\Users\Made\AppData\Local\Temp\cch5frMA.s:1905   .text.HAL_PCD_EP_Transmit:00000000 HAL_PCD_EP_Transmit
C:\Users\Made\AppData\Local\Temp\cch5frMA.s:1981   .text.HAL_PCD_EP_SetStall:00000000 $t
C:\Users\Made\AppData\Local\Temp\cch5frMA.s:1987   .text.HAL_PCD_EP_SetStall:00000000 HAL_PCD_EP_SetStall
C:\Users\Made\AppData\Local\Temp\cch5frMA.s:2121   .text.HAL_PCD_EP_ClrStall:00000000 $t
C:\Users\Made\AppData\Local\Temp\cch5frMA.s:2127   .text.HAL_PCD_EP_ClrStall:00000000 HAL_PCD_EP_ClrStall
C:\Users\Made\AppData\Local\Temp\cch5frMA.s:2247   .text.HAL_PCD_EP_Abort:00000000 $t
C:\Users\Made\AppData\Local\Temp\cch5frMA.s:2253   .text.HAL_PCD_EP_Abort:00000000 HAL_PCD_EP_Abort
C:\Users\Made\AppData\Local\Temp\cch5frMA.s:2313   .text.HAL_PCD_IRQHandler:00000000 $t
C:\Users\Made\AppData\Local\Temp\cch5frMA.s:2319   .text.HAL_PCD_IRQHandler:00000000 HAL_PCD_IRQHandler
C:\Users\Made\AppData\Local\Temp\cch5frMA.s:3435   .text.HAL_PCD_EP_Flush:00000000 $t
C:\Users\Made\AppData\Local\Temp\cch5frMA.s:3441   .text.HAL_PCD_EP_Flush:00000000 HAL_PCD_EP_Flush
C:\Users\Made\AppData\Local\Temp\cch5frMA.s:3512   .text.HAL_PCD_ActivateRemoteWakeup:00000000 $t
C:\Users\Made\AppData\Local\Temp\cch5frMA.s:3518   .text.HAL_PCD_ActivateRemoteWakeup:00000000 HAL_PCD_ActivateRemoteWakeup
C:\Users\Made\AppData\Local\Temp\cch5frMA.s:3544   .text.HAL_PCD_DeActivateRemoteWakeup:00000000 $t
C:\Users\Made\AppData\Local\Temp\cch5frMA.s:3550   .text.HAL_PCD_DeActivateRemoteWakeup:00000000 HAL_PCD_DeActivateRemoteWakeup
C:\Users\Made\AppData\Local\Temp\cch5frMA.s:3576   .text.HAL_PCD_GetState:00000000 $t
C:\Users\Made\AppData\Local\Temp\cch5frMA.s:3582   .text.HAL_PCD_GetState:00000000 HAL_PCD_GetState
C:\Users\Made\AppData\Local\Temp\cch5frMA.s:3600   .text.HAL_PCD_SetTestMode:00000000 $t
C:\Users\Made\AppData\Local\Temp\cch5frMA.s:3606   .text.HAL_PCD_SetTestMode:00000000 HAL_PCD_SetTestMode

UNDEFINED SYMBOLS
USB_WritePacket
USB_DisableGlobalInt
USB_CoreInit
USB_SetCurrentMode
USB_DevInit
USB_DevDisconnect
HAL_PCDEx_ActivateLPM
USB_StopDevice
USB_EnableGlobalInt
USB_DevConnect
USB_FlushTxFifo
USB_EP0_OutStart
USB_SetDevAddress
USB_ActivateEndpoint
USB_DeactivateEndpoint
USB_EPStartXfer
USB_EPSetStall
USB_EPClearStall
USB_EPStopXfer
USB_GetMode
USB_ReadInterrupts
HAL_PCDEx_LPM_Callback
USB_ReadPacket
USB_ReadDevAllOutEpInterrupt
USB_ReadDevOutEPInterrupt
USB_ReadDevAllInEpInterrupt
USB_ReadDevInEPInterrupt
USB_ActivateSetup
USB_GetDevSpeed
HAL_RCC_GetHCLKFreq
USB_SetTurnaroundTime
USB_FlushRxFifo
USB_ActivateRemoteWakeup
USB_DeActivateRemoteWakeup
ARM GAS  C:\Users\Made\AppData\Local\Temp\cch5frMA.s 			page 125


