ARM GAS  C:\Users\Made\AppData\Local\Temp\ccTdy2Vr.s 			page 1


   1              		.cpu cortex-m7
   2              		.arch armv7e-m
   3              		.fpu fpv5-d16
   4              		.eabi_attribute 28, 1
   5              		.eabi_attribute 20, 1
   6              		.eabi_attribute 21, 1
   7              		.eabi_attribute 23, 3
   8              		.eabi_attribute 24, 1
   9              		.eabi_attribute 25, 1
  10              		.eabi_attribute 26, 1
  11              		.eabi_attribute 30, 1
  12              		.eabi_attribute 34, 1
  13              		.eabi_attribute 18, 4
  14              		.file	"stm32h7xx_ll_sdmmc.c"
  15              		.text
  16              	.Ltext0:
  17              		.cfi_sections	.debug_frame
  18              		.file 1 "Drivers/STM32H7xx_HAL_Driver/Src/stm32h7xx_ll_sdmmc.c"
  19              		.section	.text.SDMMC_GetCmdError,"ax",%progbits
  20              		.align	1
  21              		.syntax unified
  22              		.thumb
  23              		.thumb_func
  25              	SDMMC_GetCmdError:
  26              	.LVL0:
  27              	.LFB389:
   1:Drivers/STM32H7xx_HAL_Driver/Src/stm32h7xx_ll_sdmmc.c **** /**
   2:Drivers/STM32H7xx_HAL_Driver/Src/stm32h7xx_ll_sdmmc.c ****   ******************************************************************************
   3:Drivers/STM32H7xx_HAL_Driver/Src/stm32h7xx_ll_sdmmc.c ****   * @file    stm32h7xx_ll_sdmmc.c
   4:Drivers/STM32H7xx_HAL_Driver/Src/stm32h7xx_ll_sdmmc.c ****   * @author  MCD Application Team
   5:Drivers/STM32H7xx_HAL_Driver/Src/stm32h7xx_ll_sdmmc.c ****   * @brief   SDMMC Low Layer HAL module driver.
   6:Drivers/STM32H7xx_HAL_Driver/Src/stm32h7xx_ll_sdmmc.c ****   *
   7:Drivers/STM32H7xx_HAL_Driver/Src/stm32h7xx_ll_sdmmc.c ****   *          This file provides firmware functions to manage the following
   8:Drivers/STM32H7xx_HAL_Driver/Src/stm32h7xx_ll_sdmmc.c ****   *          functionalities of the SDMMC peripheral:
   9:Drivers/STM32H7xx_HAL_Driver/Src/stm32h7xx_ll_sdmmc.c ****   *           + Initialization/de-initialization functions
  10:Drivers/STM32H7xx_HAL_Driver/Src/stm32h7xx_ll_sdmmc.c ****   *           + I/O operation functions
  11:Drivers/STM32H7xx_HAL_Driver/Src/stm32h7xx_ll_sdmmc.c ****   *           + Peripheral Control functions
  12:Drivers/STM32H7xx_HAL_Driver/Src/stm32h7xx_ll_sdmmc.c ****   *           + Peripheral State functions
  13:Drivers/STM32H7xx_HAL_Driver/Src/stm32h7xx_ll_sdmmc.c ****   *
  14:Drivers/STM32H7xx_HAL_Driver/Src/stm32h7xx_ll_sdmmc.c ****   ******************************************************************************
  15:Drivers/STM32H7xx_HAL_Driver/Src/stm32h7xx_ll_sdmmc.c ****   * @attention
  16:Drivers/STM32H7xx_HAL_Driver/Src/stm32h7xx_ll_sdmmc.c ****   *
  17:Drivers/STM32H7xx_HAL_Driver/Src/stm32h7xx_ll_sdmmc.c ****   * Copyright (c) 2017 STMicroelectronics.
  18:Drivers/STM32H7xx_HAL_Driver/Src/stm32h7xx_ll_sdmmc.c ****   * All rights reserved.
  19:Drivers/STM32H7xx_HAL_Driver/Src/stm32h7xx_ll_sdmmc.c ****   *
  20:Drivers/STM32H7xx_HAL_Driver/Src/stm32h7xx_ll_sdmmc.c ****   * This software is licensed under terms that can be found in the LICENSE file
  21:Drivers/STM32H7xx_HAL_Driver/Src/stm32h7xx_ll_sdmmc.c ****   * in the root directory of this software component.
  22:Drivers/STM32H7xx_HAL_Driver/Src/stm32h7xx_ll_sdmmc.c ****   * If no LICENSE file comes with this software, it is provided AS-IS.
  23:Drivers/STM32H7xx_HAL_Driver/Src/stm32h7xx_ll_sdmmc.c ****   *
  24:Drivers/STM32H7xx_HAL_Driver/Src/stm32h7xx_ll_sdmmc.c ****   ******************************************************************************
  25:Drivers/STM32H7xx_HAL_Driver/Src/stm32h7xx_ll_sdmmc.c ****   @verbatim
  26:Drivers/STM32H7xx_HAL_Driver/Src/stm32h7xx_ll_sdmmc.c ****   ==============================================================================
  27:Drivers/STM32H7xx_HAL_Driver/Src/stm32h7xx_ll_sdmmc.c ****                        ##### SDMMC peripheral features #####
  28:Drivers/STM32H7xx_HAL_Driver/Src/stm32h7xx_ll_sdmmc.c ****   ==============================================================================
  29:Drivers/STM32H7xx_HAL_Driver/Src/stm32h7xx_ll_sdmmc.c ****     [..] The SD/SDMMC MMC card host interface (SDMMC) provides an interface between the AHB
  30:Drivers/STM32H7xx_HAL_Driver/Src/stm32h7xx_ll_sdmmc.c ****          peripheral bus and MultiMedia cards (MMCs), SD memory cards, SDMMC cards and CE-ATA
  31:Drivers/STM32H7xx_HAL_Driver/Src/stm32h7xx_ll_sdmmc.c ****          devices.
ARM GAS  C:\Users\Made\AppData\Local\Temp\ccTdy2Vr.s 			page 2


  32:Drivers/STM32H7xx_HAL_Driver/Src/stm32h7xx_ll_sdmmc.c **** 
  33:Drivers/STM32H7xx_HAL_Driver/Src/stm32h7xx_ll_sdmmc.c ****     [..] The SDMMC features include the following:
  34:Drivers/STM32H7xx_HAL_Driver/Src/stm32h7xx_ll_sdmmc.c ****          (+) Full compliance with MultiMediaCard System Specification Version 4.51. Card support
  35:Drivers/STM32H7xx_HAL_Driver/Src/stm32h7xx_ll_sdmmc.c ****              for three different databus modes: 1-bit (default), 4-bit and 8-bit.
  36:Drivers/STM32H7xx_HAL_Driver/Src/stm32h7xx_ll_sdmmc.c ****          (+) Full compatibility with previous versions of MultiMediaCards (backward compatibility).
  37:Drivers/STM32H7xx_HAL_Driver/Src/stm32h7xx_ll_sdmmc.c ****          (+) Full compliance with SD memory card specifications version 4.1.
  38:Drivers/STM32H7xx_HAL_Driver/Src/stm32h7xx_ll_sdmmc.c ****              (SDR104 SDMMC_CK speed limited to maximum allowed IO speed, SPI mode and
  39:Drivers/STM32H7xx_HAL_Driver/Src/stm32h7xx_ll_sdmmc.c ****               UHS-II mode not supported).
  40:Drivers/STM32H7xx_HAL_Driver/Src/stm32h7xx_ll_sdmmc.c ****          (+) Full compliance with SDIO card specification version 4.0. Card support
  41:Drivers/STM32H7xx_HAL_Driver/Src/stm32h7xx_ll_sdmmc.c ****              for two different databus modes: 1-bit (default) and 4-bit.
  42:Drivers/STM32H7xx_HAL_Driver/Src/stm32h7xx_ll_sdmmc.c ****              (SDR104 SDMMC_CK speed limited to maximum allowed IO speed, SPI mode and
  43:Drivers/STM32H7xx_HAL_Driver/Src/stm32h7xx_ll_sdmmc.c ****               UHS-II mode not supported).
  44:Drivers/STM32H7xx_HAL_Driver/Src/stm32h7xx_ll_sdmmc.c ****          (+) Data transfer up to 208 Mbyte/s for the 8 bit mode. (depending maximum allowed IO spee
  45:Drivers/STM32H7xx_HAL_Driver/Src/stm32h7xx_ll_sdmmc.c ****          (+) Data and command output enable signals to control external bidirectional drivers
  46:Drivers/STM32H7xx_HAL_Driver/Src/stm32h7xx_ll_sdmmc.c **** 
  47:Drivers/STM32H7xx_HAL_Driver/Src/stm32h7xx_ll_sdmmc.c ****                            ##### How to use this driver #####
  48:Drivers/STM32H7xx_HAL_Driver/Src/stm32h7xx_ll_sdmmc.c ****   ==============================================================================
  49:Drivers/STM32H7xx_HAL_Driver/Src/stm32h7xx_ll_sdmmc.c ****     [..]
  50:Drivers/STM32H7xx_HAL_Driver/Src/stm32h7xx_ll_sdmmc.c ****       This driver is a considered as a driver of service for external devices drivers
  51:Drivers/STM32H7xx_HAL_Driver/Src/stm32h7xx_ll_sdmmc.c ****       that interfaces with the SDMMC peripheral.
  52:Drivers/STM32H7xx_HAL_Driver/Src/stm32h7xx_ll_sdmmc.c ****       According to the device used (SD card/ MMC card / SDMMC card ...), a set of APIs
  53:Drivers/STM32H7xx_HAL_Driver/Src/stm32h7xx_ll_sdmmc.c ****       is used in the device's driver to perform SDMMC operations and functionalities.
  54:Drivers/STM32H7xx_HAL_Driver/Src/stm32h7xx_ll_sdmmc.c **** 
  55:Drivers/STM32H7xx_HAL_Driver/Src/stm32h7xx_ll_sdmmc.c ****       This driver is almost transparent for the final user, it is only used to implement other
  56:Drivers/STM32H7xx_HAL_Driver/Src/stm32h7xx_ll_sdmmc.c ****       functionalities of the external device.
  57:Drivers/STM32H7xx_HAL_Driver/Src/stm32h7xx_ll_sdmmc.c **** 
  58:Drivers/STM32H7xx_HAL_Driver/Src/stm32h7xx_ll_sdmmc.c ****     [..]
  59:Drivers/STM32H7xx_HAL_Driver/Src/stm32h7xx_ll_sdmmc.c ****       (+) The SDMMC clock is coming from output of PLL1_Q or PLL2_R.
  60:Drivers/STM32H7xx_HAL_Driver/Src/stm32h7xx_ll_sdmmc.c ****        Before start working with SDMMC peripheral make sure that the PLL is well configured.
  61:Drivers/STM32H7xx_HAL_Driver/Src/stm32h7xx_ll_sdmmc.c ****           The SDMMC peripheral uses two clock signals:
  62:Drivers/STM32H7xx_HAL_Driver/Src/stm32h7xx_ll_sdmmc.c ****           (++) PLL1_Q bus clock (default after reset)
  63:Drivers/STM32H7xx_HAL_Driver/Src/stm32h7xx_ll_sdmmc.c ****           (++) PLL2_R bus clock
  64:Drivers/STM32H7xx_HAL_Driver/Src/stm32h7xx_ll_sdmmc.c **** 
  65:Drivers/STM32H7xx_HAL_Driver/Src/stm32h7xx_ll_sdmmc.c ****       (+) Enable/Disable peripheral clock using RCC peripheral macros related to SDMMC
  66:Drivers/STM32H7xx_HAL_Driver/Src/stm32h7xx_ll_sdmmc.c ****           peripheral.
  67:Drivers/STM32H7xx_HAL_Driver/Src/stm32h7xx_ll_sdmmc.c **** 
  68:Drivers/STM32H7xx_HAL_Driver/Src/stm32h7xx_ll_sdmmc.c ****       (+) Enable the Power ON State using the SDMMC_PowerState_ON(SDMMCx)
  69:Drivers/STM32H7xx_HAL_Driver/Src/stm32h7xx_ll_sdmmc.c ****           function and disable it using the function SDMMC_PowerState_OFF(SDMMCx).
  70:Drivers/STM32H7xx_HAL_Driver/Src/stm32h7xx_ll_sdmmc.c **** 
  71:Drivers/STM32H7xx_HAL_Driver/Src/stm32h7xx_ll_sdmmc.c ****       (+) Enable/Disable the peripheral interrupts using the macros __SDMMC_ENABLE_IT(hSDMMC, IT)
  72:Drivers/STM32H7xx_HAL_Driver/Src/stm32h7xx_ll_sdmmc.c ****           and __SDMMC_DISABLE_IT(hSDMMC, IT) if you need to use interrupt mode.
  73:Drivers/STM32H7xx_HAL_Driver/Src/stm32h7xx_ll_sdmmc.c **** 
  74:Drivers/STM32H7xx_HAL_Driver/Src/stm32h7xx_ll_sdmmc.c ****       (+) When using the DMA mode
  75:Drivers/STM32H7xx_HAL_Driver/Src/stm32h7xx_ll_sdmmc.c ****           (++) Configure the IDMA mode (Single buffer or double)
  76:Drivers/STM32H7xx_HAL_Driver/Src/stm32h7xx_ll_sdmmc.c ****           (++) Configure the buffer address
  77:Drivers/STM32H7xx_HAL_Driver/Src/stm32h7xx_ll_sdmmc.c ****           (++) Configure Data Path State Machine
  78:Drivers/STM32H7xx_HAL_Driver/Src/stm32h7xx_ll_sdmmc.c **** 
  79:Drivers/STM32H7xx_HAL_Driver/Src/stm32h7xx_ll_sdmmc.c ****       (+) To control the CPSM (Command Path State Machine) and send
  80:Drivers/STM32H7xx_HAL_Driver/Src/stm32h7xx_ll_sdmmc.c ****           commands to the card use the SDMMC_SendCommand(SDMMCx),
  81:Drivers/STM32H7xx_HAL_Driver/Src/stm32h7xx_ll_sdmmc.c ****           SDMMC_GetCommandResponse() and SDMMC_GetResponse() functions. First, user has
  82:Drivers/STM32H7xx_HAL_Driver/Src/stm32h7xx_ll_sdmmc.c ****           to fill the command structure (pointer to SDMMC_CmdInitTypeDef) according
  83:Drivers/STM32H7xx_HAL_Driver/Src/stm32h7xx_ll_sdmmc.c ****           to the selected command to be sent.
  84:Drivers/STM32H7xx_HAL_Driver/Src/stm32h7xx_ll_sdmmc.c ****           The parameters that should be filled are:
  85:Drivers/STM32H7xx_HAL_Driver/Src/stm32h7xx_ll_sdmmc.c ****            (++) Command Argument
  86:Drivers/STM32H7xx_HAL_Driver/Src/stm32h7xx_ll_sdmmc.c ****            (++) Command Index
  87:Drivers/STM32H7xx_HAL_Driver/Src/stm32h7xx_ll_sdmmc.c ****            (++) Command Response type
  88:Drivers/STM32H7xx_HAL_Driver/Src/stm32h7xx_ll_sdmmc.c ****            (++) Command Wait
ARM GAS  C:\Users\Made\AppData\Local\Temp\ccTdy2Vr.s 			page 3


  89:Drivers/STM32H7xx_HAL_Driver/Src/stm32h7xx_ll_sdmmc.c ****            (++) CPSM Status (Enable or Disable).
  90:Drivers/STM32H7xx_HAL_Driver/Src/stm32h7xx_ll_sdmmc.c **** 
  91:Drivers/STM32H7xx_HAL_Driver/Src/stm32h7xx_ll_sdmmc.c ****           -@@- To check if the command is well received, read the SDMMC_CMDRESP
  92:Drivers/STM32H7xx_HAL_Driver/Src/stm32h7xx_ll_sdmmc.c ****               register using the SDMMC_GetCommandResponse().
  93:Drivers/STM32H7xx_HAL_Driver/Src/stm32h7xx_ll_sdmmc.c ****               The SDMMC responses registers (SDMMC_RESP1 to SDMMC_RESP2), use the
  94:Drivers/STM32H7xx_HAL_Driver/Src/stm32h7xx_ll_sdmmc.c ****               SDMMC_GetResponse() function.
  95:Drivers/STM32H7xx_HAL_Driver/Src/stm32h7xx_ll_sdmmc.c **** 
  96:Drivers/STM32H7xx_HAL_Driver/Src/stm32h7xx_ll_sdmmc.c ****       (+) To control the DPSM (Data Path State Machine) and send/receive
  97:Drivers/STM32H7xx_HAL_Driver/Src/stm32h7xx_ll_sdmmc.c ****            data to/from the card use the SDMMC_DataConfig(), SDMMC_GetDataCounter(),
  98:Drivers/STM32H7xx_HAL_Driver/Src/stm32h7xx_ll_sdmmc.c ****           SDMMC_ReadFIFO(), SDMMC_WriteFIFO() and SDMMC_GetFIFOCount() functions.
  99:Drivers/STM32H7xx_HAL_Driver/Src/stm32h7xx_ll_sdmmc.c **** 
 100:Drivers/STM32H7xx_HAL_Driver/Src/stm32h7xx_ll_sdmmc.c ****     *** Read Operations ***
 101:Drivers/STM32H7xx_HAL_Driver/Src/stm32h7xx_ll_sdmmc.c ****     =======================
 102:Drivers/STM32H7xx_HAL_Driver/Src/stm32h7xx_ll_sdmmc.c ****     [..]
 103:Drivers/STM32H7xx_HAL_Driver/Src/stm32h7xx_ll_sdmmc.c ****       (#) First, user has to fill the data structure (pointer to
 104:Drivers/STM32H7xx_HAL_Driver/Src/stm32h7xx_ll_sdmmc.c ****           SDMMC_DataInitTypeDef) according to the selected data type to be received.
 105:Drivers/STM32H7xx_HAL_Driver/Src/stm32h7xx_ll_sdmmc.c ****           The parameters that should be filled are:
 106:Drivers/STM32H7xx_HAL_Driver/Src/stm32h7xx_ll_sdmmc.c ****            (++) Data TimeOut
 107:Drivers/STM32H7xx_HAL_Driver/Src/stm32h7xx_ll_sdmmc.c ****            (++) Data Length
 108:Drivers/STM32H7xx_HAL_Driver/Src/stm32h7xx_ll_sdmmc.c ****            (++) Data Block size
 109:Drivers/STM32H7xx_HAL_Driver/Src/stm32h7xx_ll_sdmmc.c ****            (++) Data Transfer direction: should be from card (To SDMMC)
 110:Drivers/STM32H7xx_HAL_Driver/Src/stm32h7xx_ll_sdmmc.c ****            (++) Data Transfer mode
 111:Drivers/STM32H7xx_HAL_Driver/Src/stm32h7xx_ll_sdmmc.c ****            (++) DPSM Status (Enable or Disable)
 112:Drivers/STM32H7xx_HAL_Driver/Src/stm32h7xx_ll_sdmmc.c **** 
 113:Drivers/STM32H7xx_HAL_Driver/Src/stm32h7xx_ll_sdmmc.c ****       (#) Configure the SDMMC resources to receive the data from the card
 114:Drivers/STM32H7xx_HAL_Driver/Src/stm32h7xx_ll_sdmmc.c ****           according to selected transfer mode (Refer to Step 8, 9 and 10).
 115:Drivers/STM32H7xx_HAL_Driver/Src/stm32h7xx_ll_sdmmc.c **** 
 116:Drivers/STM32H7xx_HAL_Driver/Src/stm32h7xx_ll_sdmmc.c ****       (#) Send the selected Read command (refer to step 11).
 117:Drivers/STM32H7xx_HAL_Driver/Src/stm32h7xx_ll_sdmmc.c **** 
 118:Drivers/STM32H7xx_HAL_Driver/Src/stm32h7xx_ll_sdmmc.c ****       (#) Use the SDMMC flags/interrupts to check the transfer status.
 119:Drivers/STM32H7xx_HAL_Driver/Src/stm32h7xx_ll_sdmmc.c **** 
 120:Drivers/STM32H7xx_HAL_Driver/Src/stm32h7xx_ll_sdmmc.c ****     *** Write Operations ***
 121:Drivers/STM32H7xx_HAL_Driver/Src/stm32h7xx_ll_sdmmc.c ****     ========================
 122:Drivers/STM32H7xx_HAL_Driver/Src/stm32h7xx_ll_sdmmc.c ****     [..]
 123:Drivers/STM32H7xx_HAL_Driver/Src/stm32h7xx_ll_sdmmc.c ****      (#) First, user has to fill the data structure (pointer to
 124:Drivers/STM32H7xx_HAL_Driver/Src/stm32h7xx_ll_sdmmc.c ****          SDMMC_DataInitTypeDef) according to the selected data type to be received.
 125:Drivers/STM32H7xx_HAL_Driver/Src/stm32h7xx_ll_sdmmc.c ****          The parameters that should be filled are:
 126:Drivers/STM32H7xx_HAL_Driver/Src/stm32h7xx_ll_sdmmc.c ****           (++) Data TimeOut
 127:Drivers/STM32H7xx_HAL_Driver/Src/stm32h7xx_ll_sdmmc.c ****           (++) Data Length
 128:Drivers/STM32H7xx_HAL_Driver/Src/stm32h7xx_ll_sdmmc.c ****           (++) Data Block size
 129:Drivers/STM32H7xx_HAL_Driver/Src/stm32h7xx_ll_sdmmc.c ****           (++) Data Transfer direction:  should be to card (To CARD)
 130:Drivers/STM32H7xx_HAL_Driver/Src/stm32h7xx_ll_sdmmc.c ****           (++) Data Transfer mode
 131:Drivers/STM32H7xx_HAL_Driver/Src/stm32h7xx_ll_sdmmc.c ****           (++) DPSM Status (Enable or Disable)
 132:Drivers/STM32H7xx_HAL_Driver/Src/stm32h7xx_ll_sdmmc.c **** 
 133:Drivers/STM32H7xx_HAL_Driver/Src/stm32h7xx_ll_sdmmc.c ****      (#) Configure the SDMMC resources to send the data to the card according to
 134:Drivers/STM32H7xx_HAL_Driver/Src/stm32h7xx_ll_sdmmc.c ****          selected transfer mode.
 135:Drivers/STM32H7xx_HAL_Driver/Src/stm32h7xx_ll_sdmmc.c **** 
 136:Drivers/STM32H7xx_HAL_Driver/Src/stm32h7xx_ll_sdmmc.c ****      (#) Send the selected Write command.
 137:Drivers/STM32H7xx_HAL_Driver/Src/stm32h7xx_ll_sdmmc.c **** 
 138:Drivers/STM32H7xx_HAL_Driver/Src/stm32h7xx_ll_sdmmc.c ****      (#) Use the SDMMC flags/interrupts to check the transfer status.
 139:Drivers/STM32H7xx_HAL_Driver/Src/stm32h7xx_ll_sdmmc.c **** 
 140:Drivers/STM32H7xx_HAL_Driver/Src/stm32h7xx_ll_sdmmc.c ****     *** Command management operations ***
 141:Drivers/STM32H7xx_HAL_Driver/Src/stm32h7xx_ll_sdmmc.c ****     =====================================
 142:Drivers/STM32H7xx_HAL_Driver/Src/stm32h7xx_ll_sdmmc.c ****     [..]
 143:Drivers/STM32H7xx_HAL_Driver/Src/stm32h7xx_ll_sdmmc.c ****      (#) The commands used for Read/Write/Erase operations are managed in
 144:Drivers/STM32H7xx_HAL_Driver/Src/stm32h7xx_ll_sdmmc.c ****          separate functions.
 145:Drivers/STM32H7xx_HAL_Driver/Src/stm32h7xx_ll_sdmmc.c ****          Each function allows to send the needed command with the related argument,
ARM GAS  C:\Users\Made\AppData\Local\Temp\ccTdy2Vr.s 			page 4


 146:Drivers/STM32H7xx_HAL_Driver/Src/stm32h7xx_ll_sdmmc.c ****          then check the response.
 147:Drivers/STM32H7xx_HAL_Driver/Src/stm32h7xx_ll_sdmmc.c ****          By the same approach, you could implement a command and check the response.
 148:Drivers/STM32H7xx_HAL_Driver/Src/stm32h7xx_ll_sdmmc.c **** 
 149:Drivers/STM32H7xx_HAL_Driver/Src/stm32h7xx_ll_sdmmc.c ****   @endverbatim
 150:Drivers/STM32H7xx_HAL_Driver/Src/stm32h7xx_ll_sdmmc.c ****   ******************************************************************************
 151:Drivers/STM32H7xx_HAL_Driver/Src/stm32h7xx_ll_sdmmc.c ****   */
 152:Drivers/STM32H7xx_HAL_Driver/Src/stm32h7xx_ll_sdmmc.c **** 
 153:Drivers/STM32H7xx_HAL_Driver/Src/stm32h7xx_ll_sdmmc.c **** /* Includes ------------------------------------------------------------------*/
 154:Drivers/STM32H7xx_HAL_Driver/Src/stm32h7xx_ll_sdmmc.c **** #include "stm32h7xx_hal.h"
 155:Drivers/STM32H7xx_HAL_Driver/Src/stm32h7xx_ll_sdmmc.c **** 
 156:Drivers/STM32H7xx_HAL_Driver/Src/stm32h7xx_ll_sdmmc.c **** /** @addtogroup STM32H7xx_HAL_Driver
 157:Drivers/STM32H7xx_HAL_Driver/Src/stm32h7xx_ll_sdmmc.c ****   * @{
 158:Drivers/STM32H7xx_HAL_Driver/Src/stm32h7xx_ll_sdmmc.c ****   */
 159:Drivers/STM32H7xx_HAL_Driver/Src/stm32h7xx_ll_sdmmc.c **** 
 160:Drivers/STM32H7xx_HAL_Driver/Src/stm32h7xx_ll_sdmmc.c **** /** @defgroup SDMMC_LL SDMMC Low Layer
 161:Drivers/STM32H7xx_HAL_Driver/Src/stm32h7xx_ll_sdmmc.c ****   * @brief Low layer module for SD
 162:Drivers/STM32H7xx_HAL_Driver/Src/stm32h7xx_ll_sdmmc.c ****   * @{
 163:Drivers/STM32H7xx_HAL_Driver/Src/stm32h7xx_ll_sdmmc.c ****   */
 164:Drivers/STM32H7xx_HAL_Driver/Src/stm32h7xx_ll_sdmmc.c **** 
 165:Drivers/STM32H7xx_HAL_Driver/Src/stm32h7xx_ll_sdmmc.c **** #if defined (SDMMC1) || defined (SDMMC2)
 166:Drivers/STM32H7xx_HAL_Driver/Src/stm32h7xx_ll_sdmmc.c **** #if defined (HAL_SD_MODULE_ENABLED) || defined (HAL_MMC_MODULE_ENABLED) || defined (HAL_SDIO_MODULE
 167:Drivers/STM32H7xx_HAL_Driver/Src/stm32h7xx_ll_sdmmc.c **** 
 168:Drivers/STM32H7xx_HAL_Driver/Src/stm32h7xx_ll_sdmmc.c **** /* Private typedef -----------------------------------------------------------*/
 169:Drivers/STM32H7xx_HAL_Driver/Src/stm32h7xx_ll_sdmmc.c **** /* Private define ------------------------------------------------------------*/
 170:Drivers/STM32H7xx_HAL_Driver/Src/stm32h7xx_ll_sdmmc.c **** /* Private macro -------------------------------------------------------------*/
 171:Drivers/STM32H7xx_HAL_Driver/Src/stm32h7xx_ll_sdmmc.c **** /* Private variables ---------------------------------------------------------*/
 172:Drivers/STM32H7xx_HAL_Driver/Src/stm32h7xx_ll_sdmmc.c **** /* Private function prototypes -----------------------------------------------*/
 173:Drivers/STM32H7xx_HAL_Driver/Src/stm32h7xx_ll_sdmmc.c **** static uint32_t SDMMC_GetCmdError(SDMMC_TypeDef *SDMMCx);
 174:Drivers/STM32H7xx_HAL_Driver/Src/stm32h7xx_ll_sdmmc.c **** 
 175:Drivers/STM32H7xx_HAL_Driver/Src/stm32h7xx_ll_sdmmc.c **** /* Exported functions --------------------------------------------------------*/
 176:Drivers/STM32H7xx_HAL_Driver/Src/stm32h7xx_ll_sdmmc.c **** 
 177:Drivers/STM32H7xx_HAL_Driver/Src/stm32h7xx_ll_sdmmc.c **** /** @defgroup SDMMC_LL_Exported_Functions SDMMC Low Layer Exported Functions
 178:Drivers/STM32H7xx_HAL_Driver/Src/stm32h7xx_ll_sdmmc.c ****   * @{
 179:Drivers/STM32H7xx_HAL_Driver/Src/stm32h7xx_ll_sdmmc.c ****   */
 180:Drivers/STM32H7xx_HAL_Driver/Src/stm32h7xx_ll_sdmmc.c **** 
 181:Drivers/STM32H7xx_HAL_Driver/Src/stm32h7xx_ll_sdmmc.c **** /** @defgroup HAL_SDMMC_LL_Group1 Initialization de-initialization functions
 182:Drivers/STM32H7xx_HAL_Driver/Src/stm32h7xx_ll_sdmmc.c ****   *  @brief    Initialization and Configuration functions
 183:Drivers/STM32H7xx_HAL_Driver/Src/stm32h7xx_ll_sdmmc.c ****   *
 184:Drivers/STM32H7xx_HAL_Driver/Src/stm32h7xx_ll_sdmmc.c **** @verbatim
 185:Drivers/STM32H7xx_HAL_Driver/Src/stm32h7xx_ll_sdmmc.c ****  ===============================================================================
 186:Drivers/STM32H7xx_HAL_Driver/Src/stm32h7xx_ll_sdmmc.c ****               ##### Initialization/de-initialization functions #####
 187:Drivers/STM32H7xx_HAL_Driver/Src/stm32h7xx_ll_sdmmc.c ****  ===============================================================================
 188:Drivers/STM32H7xx_HAL_Driver/Src/stm32h7xx_ll_sdmmc.c ****     [..]  This section provides functions allowing to:
 189:Drivers/STM32H7xx_HAL_Driver/Src/stm32h7xx_ll_sdmmc.c **** 
 190:Drivers/STM32H7xx_HAL_Driver/Src/stm32h7xx_ll_sdmmc.c **** @endverbatim
 191:Drivers/STM32H7xx_HAL_Driver/Src/stm32h7xx_ll_sdmmc.c ****   * @{
 192:Drivers/STM32H7xx_HAL_Driver/Src/stm32h7xx_ll_sdmmc.c ****   */
 193:Drivers/STM32H7xx_HAL_Driver/Src/stm32h7xx_ll_sdmmc.c **** 
 194:Drivers/STM32H7xx_HAL_Driver/Src/stm32h7xx_ll_sdmmc.c **** /**
 195:Drivers/STM32H7xx_HAL_Driver/Src/stm32h7xx_ll_sdmmc.c ****   * @brief  Initializes the SDMMC according to the specified
 196:Drivers/STM32H7xx_HAL_Driver/Src/stm32h7xx_ll_sdmmc.c ****   *         parameters in the SDMMC_InitTypeDef and create the associated handle.
 197:Drivers/STM32H7xx_HAL_Driver/Src/stm32h7xx_ll_sdmmc.c ****   * @param  SDMMCx: Pointer to SDMMC register base
 198:Drivers/STM32H7xx_HAL_Driver/Src/stm32h7xx_ll_sdmmc.c ****   * @param  Init: SDMMC initialization structure
 199:Drivers/STM32H7xx_HAL_Driver/Src/stm32h7xx_ll_sdmmc.c ****   * @retval HAL status
 200:Drivers/STM32H7xx_HAL_Driver/Src/stm32h7xx_ll_sdmmc.c ****   */
 201:Drivers/STM32H7xx_HAL_Driver/Src/stm32h7xx_ll_sdmmc.c **** HAL_StatusTypeDef SDMMC_Init(SDMMC_TypeDef *SDMMCx, SDMMC_InitTypeDef Init)
 202:Drivers/STM32H7xx_HAL_Driver/Src/stm32h7xx_ll_sdmmc.c **** {
ARM GAS  C:\Users\Made\AppData\Local\Temp\ccTdy2Vr.s 			page 5


 203:Drivers/STM32H7xx_HAL_Driver/Src/stm32h7xx_ll_sdmmc.c ****   uint32_t tmpreg = 0;
 204:Drivers/STM32H7xx_HAL_Driver/Src/stm32h7xx_ll_sdmmc.c **** 
 205:Drivers/STM32H7xx_HAL_Driver/Src/stm32h7xx_ll_sdmmc.c ****   /* Check the parameters */
 206:Drivers/STM32H7xx_HAL_Driver/Src/stm32h7xx_ll_sdmmc.c ****   assert_param(IS_SDMMC_ALL_INSTANCE(SDMMCx));
 207:Drivers/STM32H7xx_HAL_Driver/Src/stm32h7xx_ll_sdmmc.c ****   assert_param(IS_SDMMC_CLOCK_EDGE(Init.ClockEdge));
 208:Drivers/STM32H7xx_HAL_Driver/Src/stm32h7xx_ll_sdmmc.c ****   assert_param(IS_SDMMC_CLOCK_POWER_SAVE(Init.ClockPowerSave));
 209:Drivers/STM32H7xx_HAL_Driver/Src/stm32h7xx_ll_sdmmc.c ****   assert_param(IS_SDMMC_BUS_WIDE(Init.BusWide));
 210:Drivers/STM32H7xx_HAL_Driver/Src/stm32h7xx_ll_sdmmc.c ****   assert_param(IS_SDMMC_HARDWARE_FLOW_CONTROL(Init.HardwareFlowControl));
 211:Drivers/STM32H7xx_HAL_Driver/Src/stm32h7xx_ll_sdmmc.c ****   assert_param(IS_SDMMC_CLKDIV(Init.ClockDiv));
 212:Drivers/STM32H7xx_HAL_Driver/Src/stm32h7xx_ll_sdmmc.c **** 
 213:Drivers/STM32H7xx_HAL_Driver/Src/stm32h7xx_ll_sdmmc.c ****   /* Set SDMMC configuration parameters */
 214:Drivers/STM32H7xx_HAL_Driver/Src/stm32h7xx_ll_sdmmc.c ****   tmpreg |= (Init.ClockEdge           | \
 215:Drivers/STM32H7xx_HAL_Driver/Src/stm32h7xx_ll_sdmmc.c ****              Init.ClockPowerSave      | \
 216:Drivers/STM32H7xx_HAL_Driver/Src/stm32h7xx_ll_sdmmc.c ****              Init.BusWide             | \
 217:Drivers/STM32H7xx_HAL_Driver/Src/stm32h7xx_ll_sdmmc.c ****              Init.HardwareFlowControl | \
 218:Drivers/STM32H7xx_HAL_Driver/Src/stm32h7xx_ll_sdmmc.c ****              Init.ClockDiv
 219:Drivers/STM32H7xx_HAL_Driver/Src/stm32h7xx_ll_sdmmc.c ****             );
 220:Drivers/STM32H7xx_HAL_Driver/Src/stm32h7xx_ll_sdmmc.c **** 
 221:Drivers/STM32H7xx_HAL_Driver/Src/stm32h7xx_ll_sdmmc.c ****   /* Write to SDMMC CLKCR */
 222:Drivers/STM32H7xx_HAL_Driver/Src/stm32h7xx_ll_sdmmc.c ****   MODIFY_REG(SDMMCx->CLKCR, CLKCR_CLEAR_MASK, tmpreg);
 223:Drivers/STM32H7xx_HAL_Driver/Src/stm32h7xx_ll_sdmmc.c **** 
 224:Drivers/STM32H7xx_HAL_Driver/Src/stm32h7xx_ll_sdmmc.c ****   return HAL_OK;
 225:Drivers/STM32H7xx_HAL_Driver/Src/stm32h7xx_ll_sdmmc.c **** }
 226:Drivers/STM32H7xx_HAL_Driver/Src/stm32h7xx_ll_sdmmc.c **** 
 227:Drivers/STM32H7xx_HAL_Driver/Src/stm32h7xx_ll_sdmmc.c **** 
 228:Drivers/STM32H7xx_HAL_Driver/Src/stm32h7xx_ll_sdmmc.c **** /**
 229:Drivers/STM32H7xx_HAL_Driver/Src/stm32h7xx_ll_sdmmc.c ****   * @}
 230:Drivers/STM32H7xx_HAL_Driver/Src/stm32h7xx_ll_sdmmc.c ****   */
 231:Drivers/STM32H7xx_HAL_Driver/Src/stm32h7xx_ll_sdmmc.c **** 
 232:Drivers/STM32H7xx_HAL_Driver/Src/stm32h7xx_ll_sdmmc.c **** /** @defgroup HAL_SDMMC_LL_Group2 IO operation functions
 233:Drivers/STM32H7xx_HAL_Driver/Src/stm32h7xx_ll_sdmmc.c ****   *  @brief   Data transfers functions
 234:Drivers/STM32H7xx_HAL_Driver/Src/stm32h7xx_ll_sdmmc.c ****   *
 235:Drivers/STM32H7xx_HAL_Driver/Src/stm32h7xx_ll_sdmmc.c **** @verbatim
 236:Drivers/STM32H7xx_HAL_Driver/Src/stm32h7xx_ll_sdmmc.c ****  ===============================================================================
 237:Drivers/STM32H7xx_HAL_Driver/Src/stm32h7xx_ll_sdmmc.c ****                       ##### I/O operation functions #####
 238:Drivers/STM32H7xx_HAL_Driver/Src/stm32h7xx_ll_sdmmc.c ****  ===============================================================================
 239:Drivers/STM32H7xx_HAL_Driver/Src/stm32h7xx_ll_sdmmc.c ****     [..]
 240:Drivers/STM32H7xx_HAL_Driver/Src/stm32h7xx_ll_sdmmc.c ****     This subsection provides a set of functions allowing to manage the SDMMC data
 241:Drivers/STM32H7xx_HAL_Driver/Src/stm32h7xx_ll_sdmmc.c ****     transfers.
 242:Drivers/STM32H7xx_HAL_Driver/Src/stm32h7xx_ll_sdmmc.c **** 
 243:Drivers/STM32H7xx_HAL_Driver/Src/stm32h7xx_ll_sdmmc.c **** @endverbatim
 244:Drivers/STM32H7xx_HAL_Driver/Src/stm32h7xx_ll_sdmmc.c ****   * @{
 245:Drivers/STM32H7xx_HAL_Driver/Src/stm32h7xx_ll_sdmmc.c ****   */
 246:Drivers/STM32H7xx_HAL_Driver/Src/stm32h7xx_ll_sdmmc.c **** 
 247:Drivers/STM32H7xx_HAL_Driver/Src/stm32h7xx_ll_sdmmc.c **** /**
 248:Drivers/STM32H7xx_HAL_Driver/Src/stm32h7xx_ll_sdmmc.c ****   * @brief  Read data (word) from Rx FIFO in blocking mode (polling)
 249:Drivers/STM32H7xx_HAL_Driver/Src/stm32h7xx_ll_sdmmc.c ****   * @param  SDMMCx: Pointer to SDMMC register base
 250:Drivers/STM32H7xx_HAL_Driver/Src/stm32h7xx_ll_sdmmc.c ****   * @retval HAL status
 251:Drivers/STM32H7xx_HAL_Driver/Src/stm32h7xx_ll_sdmmc.c ****   */
 252:Drivers/STM32H7xx_HAL_Driver/Src/stm32h7xx_ll_sdmmc.c **** uint32_t SDMMC_ReadFIFO(const SDMMC_TypeDef *SDMMCx)
 253:Drivers/STM32H7xx_HAL_Driver/Src/stm32h7xx_ll_sdmmc.c **** {
 254:Drivers/STM32H7xx_HAL_Driver/Src/stm32h7xx_ll_sdmmc.c ****   /* Read data from Rx FIFO */
 255:Drivers/STM32H7xx_HAL_Driver/Src/stm32h7xx_ll_sdmmc.c ****   return (SDMMCx->FIFO);
 256:Drivers/STM32H7xx_HAL_Driver/Src/stm32h7xx_ll_sdmmc.c **** }
 257:Drivers/STM32H7xx_HAL_Driver/Src/stm32h7xx_ll_sdmmc.c **** 
 258:Drivers/STM32H7xx_HAL_Driver/Src/stm32h7xx_ll_sdmmc.c **** /**
 259:Drivers/STM32H7xx_HAL_Driver/Src/stm32h7xx_ll_sdmmc.c ****   * @brief  Write data (word) to Tx FIFO in blocking mode (polling)
ARM GAS  C:\Users\Made\AppData\Local\Temp\ccTdy2Vr.s 			page 6


 260:Drivers/STM32H7xx_HAL_Driver/Src/stm32h7xx_ll_sdmmc.c ****   * @param  SDMMCx: Pointer to SDMMC register base
 261:Drivers/STM32H7xx_HAL_Driver/Src/stm32h7xx_ll_sdmmc.c ****   * @param  pWriteData: pointer to data to write
 262:Drivers/STM32H7xx_HAL_Driver/Src/stm32h7xx_ll_sdmmc.c ****   * @retval HAL status
 263:Drivers/STM32H7xx_HAL_Driver/Src/stm32h7xx_ll_sdmmc.c ****   */
 264:Drivers/STM32H7xx_HAL_Driver/Src/stm32h7xx_ll_sdmmc.c **** HAL_StatusTypeDef SDMMC_WriteFIFO(SDMMC_TypeDef *SDMMCx, uint32_t *pWriteData)
 265:Drivers/STM32H7xx_HAL_Driver/Src/stm32h7xx_ll_sdmmc.c **** {
 266:Drivers/STM32H7xx_HAL_Driver/Src/stm32h7xx_ll_sdmmc.c ****   /* Write data to FIFO */
 267:Drivers/STM32H7xx_HAL_Driver/Src/stm32h7xx_ll_sdmmc.c ****   SDMMCx->FIFO = *pWriteData;
 268:Drivers/STM32H7xx_HAL_Driver/Src/stm32h7xx_ll_sdmmc.c **** 
 269:Drivers/STM32H7xx_HAL_Driver/Src/stm32h7xx_ll_sdmmc.c ****   return HAL_OK;
 270:Drivers/STM32H7xx_HAL_Driver/Src/stm32h7xx_ll_sdmmc.c **** }
 271:Drivers/STM32H7xx_HAL_Driver/Src/stm32h7xx_ll_sdmmc.c **** 
 272:Drivers/STM32H7xx_HAL_Driver/Src/stm32h7xx_ll_sdmmc.c **** /**
 273:Drivers/STM32H7xx_HAL_Driver/Src/stm32h7xx_ll_sdmmc.c ****   * @}
 274:Drivers/STM32H7xx_HAL_Driver/Src/stm32h7xx_ll_sdmmc.c ****   */
 275:Drivers/STM32H7xx_HAL_Driver/Src/stm32h7xx_ll_sdmmc.c **** 
 276:Drivers/STM32H7xx_HAL_Driver/Src/stm32h7xx_ll_sdmmc.c **** /** @defgroup HAL_SDMMC_LL_Group3 Peripheral Control functions
 277:Drivers/STM32H7xx_HAL_Driver/Src/stm32h7xx_ll_sdmmc.c ****   *  @brief   management functions
 278:Drivers/STM32H7xx_HAL_Driver/Src/stm32h7xx_ll_sdmmc.c ****   *
 279:Drivers/STM32H7xx_HAL_Driver/Src/stm32h7xx_ll_sdmmc.c **** @verbatim
 280:Drivers/STM32H7xx_HAL_Driver/Src/stm32h7xx_ll_sdmmc.c ****  ===============================================================================
 281:Drivers/STM32H7xx_HAL_Driver/Src/stm32h7xx_ll_sdmmc.c ****                       ##### Peripheral Control functions #####
 282:Drivers/STM32H7xx_HAL_Driver/Src/stm32h7xx_ll_sdmmc.c ****  ===============================================================================
 283:Drivers/STM32H7xx_HAL_Driver/Src/stm32h7xx_ll_sdmmc.c ****     [..]
 284:Drivers/STM32H7xx_HAL_Driver/Src/stm32h7xx_ll_sdmmc.c ****     This subsection provides a set of functions allowing to control the SDMMC data
 285:Drivers/STM32H7xx_HAL_Driver/Src/stm32h7xx_ll_sdmmc.c ****     transfers.
 286:Drivers/STM32H7xx_HAL_Driver/Src/stm32h7xx_ll_sdmmc.c **** 
 287:Drivers/STM32H7xx_HAL_Driver/Src/stm32h7xx_ll_sdmmc.c **** @endverbatim
 288:Drivers/STM32H7xx_HAL_Driver/Src/stm32h7xx_ll_sdmmc.c ****   * @{
 289:Drivers/STM32H7xx_HAL_Driver/Src/stm32h7xx_ll_sdmmc.c ****   */
 290:Drivers/STM32H7xx_HAL_Driver/Src/stm32h7xx_ll_sdmmc.c **** 
 291:Drivers/STM32H7xx_HAL_Driver/Src/stm32h7xx_ll_sdmmc.c **** /**
 292:Drivers/STM32H7xx_HAL_Driver/Src/stm32h7xx_ll_sdmmc.c ****   * @brief  Set SDMMC Power state to ON.
 293:Drivers/STM32H7xx_HAL_Driver/Src/stm32h7xx_ll_sdmmc.c ****   * @param  SDMMCx: Pointer to SDMMC register base
 294:Drivers/STM32H7xx_HAL_Driver/Src/stm32h7xx_ll_sdmmc.c ****   * @retval HAL status
 295:Drivers/STM32H7xx_HAL_Driver/Src/stm32h7xx_ll_sdmmc.c ****   */
 296:Drivers/STM32H7xx_HAL_Driver/Src/stm32h7xx_ll_sdmmc.c **** HAL_StatusTypeDef SDMMC_PowerState_ON(SDMMC_TypeDef *SDMMCx)
 297:Drivers/STM32H7xx_HAL_Driver/Src/stm32h7xx_ll_sdmmc.c **** {
 298:Drivers/STM32H7xx_HAL_Driver/Src/stm32h7xx_ll_sdmmc.c ****   /* Set power state to ON */
 299:Drivers/STM32H7xx_HAL_Driver/Src/stm32h7xx_ll_sdmmc.c ****   SDMMCx->POWER |= SDMMC_POWER_PWRCTRL;
 300:Drivers/STM32H7xx_HAL_Driver/Src/stm32h7xx_ll_sdmmc.c **** 
 301:Drivers/STM32H7xx_HAL_Driver/Src/stm32h7xx_ll_sdmmc.c ****   return HAL_OK;
 302:Drivers/STM32H7xx_HAL_Driver/Src/stm32h7xx_ll_sdmmc.c **** }
 303:Drivers/STM32H7xx_HAL_Driver/Src/stm32h7xx_ll_sdmmc.c **** 
 304:Drivers/STM32H7xx_HAL_Driver/Src/stm32h7xx_ll_sdmmc.c **** /**
 305:Drivers/STM32H7xx_HAL_Driver/Src/stm32h7xx_ll_sdmmc.c ****   * @brief  Set SDMMC Power state to Power-Cycle.
 306:Drivers/STM32H7xx_HAL_Driver/Src/stm32h7xx_ll_sdmmc.c ****   * @param  SDMMCx: Pointer to SDMMC register base
 307:Drivers/STM32H7xx_HAL_Driver/Src/stm32h7xx_ll_sdmmc.c ****   * @retval HAL status
 308:Drivers/STM32H7xx_HAL_Driver/Src/stm32h7xx_ll_sdmmc.c ****   */
 309:Drivers/STM32H7xx_HAL_Driver/Src/stm32h7xx_ll_sdmmc.c **** HAL_StatusTypeDef SDMMC_PowerState_Cycle(SDMMC_TypeDef *SDMMCx)
 310:Drivers/STM32H7xx_HAL_Driver/Src/stm32h7xx_ll_sdmmc.c **** {
 311:Drivers/STM32H7xx_HAL_Driver/Src/stm32h7xx_ll_sdmmc.c ****   /* Set power state to Power Cycle*/
 312:Drivers/STM32H7xx_HAL_Driver/Src/stm32h7xx_ll_sdmmc.c ****   SDMMCx->POWER |= SDMMC_POWER_PWRCTRL_1;
 313:Drivers/STM32H7xx_HAL_Driver/Src/stm32h7xx_ll_sdmmc.c **** 
 314:Drivers/STM32H7xx_HAL_Driver/Src/stm32h7xx_ll_sdmmc.c ****   return HAL_OK;
 315:Drivers/STM32H7xx_HAL_Driver/Src/stm32h7xx_ll_sdmmc.c **** }
 316:Drivers/STM32H7xx_HAL_Driver/Src/stm32h7xx_ll_sdmmc.c **** 
ARM GAS  C:\Users\Made\AppData\Local\Temp\ccTdy2Vr.s 			page 7


 317:Drivers/STM32H7xx_HAL_Driver/Src/stm32h7xx_ll_sdmmc.c **** /**
 318:Drivers/STM32H7xx_HAL_Driver/Src/stm32h7xx_ll_sdmmc.c ****   * @brief  Set SDMMC Power state to OFF.
 319:Drivers/STM32H7xx_HAL_Driver/Src/stm32h7xx_ll_sdmmc.c ****   * @param  SDMMCx: Pointer to SDMMC register base
 320:Drivers/STM32H7xx_HAL_Driver/Src/stm32h7xx_ll_sdmmc.c ****   * @retval HAL status
 321:Drivers/STM32H7xx_HAL_Driver/Src/stm32h7xx_ll_sdmmc.c ****   */
 322:Drivers/STM32H7xx_HAL_Driver/Src/stm32h7xx_ll_sdmmc.c **** HAL_StatusTypeDef SDMMC_PowerState_OFF(SDMMC_TypeDef *SDMMCx)
 323:Drivers/STM32H7xx_HAL_Driver/Src/stm32h7xx_ll_sdmmc.c **** {
 324:Drivers/STM32H7xx_HAL_Driver/Src/stm32h7xx_ll_sdmmc.c ****   /* Set power state to OFF */
 325:Drivers/STM32H7xx_HAL_Driver/Src/stm32h7xx_ll_sdmmc.c ****   SDMMCx->POWER &= ~(SDMMC_POWER_PWRCTRL);
 326:Drivers/STM32H7xx_HAL_Driver/Src/stm32h7xx_ll_sdmmc.c **** 
 327:Drivers/STM32H7xx_HAL_Driver/Src/stm32h7xx_ll_sdmmc.c ****   return HAL_OK;
 328:Drivers/STM32H7xx_HAL_Driver/Src/stm32h7xx_ll_sdmmc.c **** }
 329:Drivers/STM32H7xx_HAL_Driver/Src/stm32h7xx_ll_sdmmc.c **** 
 330:Drivers/STM32H7xx_HAL_Driver/Src/stm32h7xx_ll_sdmmc.c **** /**
 331:Drivers/STM32H7xx_HAL_Driver/Src/stm32h7xx_ll_sdmmc.c ****   * @brief  Get SDMMC Power state.
 332:Drivers/STM32H7xx_HAL_Driver/Src/stm32h7xx_ll_sdmmc.c ****   * @param  SDMMCx: Pointer to SDMMC register base
 333:Drivers/STM32H7xx_HAL_Driver/Src/stm32h7xx_ll_sdmmc.c ****   * @retval Power status of the controller. The returned value can be one of the
 334:Drivers/STM32H7xx_HAL_Driver/Src/stm32h7xx_ll_sdmmc.c ****   *         following values:
 335:Drivers/STM32H7xx_HAL_Driver/Src/stm32h7xx_ll_sdmmc.c ****   *            - 0x00: Power OFF
 336:Drivers/STM32H7xx_HAL_Driver/Src/stm32h7xx_ll_sdmmc.c ****   *            - 0x02: Power UP
 337:Drivers/STM32H7xx_HAL_Driver/Src/stm32h7xx_ll_sdmmc.c ****   *            - 0x03: Power ON
 338:Drivers/STM32H7xx_HAL_Driver/Src/stm32h7xx_ll_sdmmc.c ****   */
 339:Drivers/STM32H7xx_HAL_Driver/Src/stm32h7xx_ll_sdmmc.c **** uint32_t SDMMC_GetPowerState(const SDMMC_TypeDef *SDMMCx)
 340:Drivers/STM32H7xx_HAL_Driver/Src/stm32h7xx_ll_sdmmc.c **** {
 341:Drivers/STM32H7xx_HAL_Driver/Src/stm32h7xx_ll_sdmmc.c ****   return (SDMMCx->POWER & SDMMC_POWER_PWRCTRL);
 342:Drivers/STM32H7xx_HAL_Driver/Src/stm32h7xx_ll_sdmmc.c **** }
 343:Drivers/STM32H7xx_HAL_Driver/Src/stm32h7xx_ll_sdmmc.c **** 
 344:Drivers/STM32H7xx_HAL_Driver/Src/stm32h7xx_ll_sdmmc.c **** /**
 345:Drivers/STM32H7xx_HAL_Driver/Src/stm32h7xx_ll_sdmmc.c ****   * @brief  Configure the SDMMC command path according to the specified parameters in
 346:Drivers/STM32H7xx_HAL_Driver/Src/stm32h7xx_ll_sdmmc.c ****   *         SDMMC_CmdInitTypeDef structure and send the command
 347:Drivers/STM32H7xx_HAL_Driver/Src/stm32h7xx_ll_sdmmc.c ****   * @param  SDMMCx: Pointer to SDMMC register base
 348:Drivers/STM32H7xx_HAL_Driver/Src/stm32h7xx_ll_sdmmc.c ****   * @param  Command: pointer to a SDMMC_CmdInitTypeDef structure that contains
 349:Drivers/STM32H7xx_HAL_Driver/Src/stm32h7xx_ll_sdmmc.c ****   *         the configuration information for the SDMMC command
 350:Drivers/STM32H7xx_HAL_Driver/Src/stm32h7xx_ll_sdmmc.c ****   * @retval HAL status
 351:Drivers/STM32H7xx_HAL_Driver/Src/stm32h7xx_ll_sdmmc.c ****   */
 352:Drivers/STM32H7xx_HAL_Driver/Src/stm32h7xx_ll_sdmmc.c **** HAL_StatusTypeDef SDMMC_SendCommand(SDMMC_TypeDef *SDMMCx, const SDMMC_CmdInitTypeDef *Command)
 353:Drivers/STM32H7xx_HAL_Driver/Src/stm32h7xx_ll_sdmmc.c **** {
 354:Drivers/STM32H7xx_HAL_Driver/Src/stm32h7xx_ll_sdmmc.c ****   uint32_t tmpreg = 0;
 355:Drivers/STM32H7xx_HAL_Driver/Src/stm32h7xx_ll_sdmmc.c **** 
 356:Drivers/STM32H7xx_HAL_Driver/Src/stm32h7xx_ll_sdmmc.c ****   /* Check the parameters */
 357:Drivers/STM32H7xx_HAL_Driver/Src/stm32h7xx_ll_sdmmc.c ****   assert_param(IS_SDMMC_CMD_INDEX(Command->CmdIndex));
 358:Drivers/STM32H7xx_HAL_Driver/Src/stm32h7xx_ll_sdmmc.c ****   assert_param(IS_SDMMC_RESPONSE(Command->Response));
 359:Drivers/STM32H7xx_HAL_Driver/Src/stm32h7xx_ll_sdmmc.c ****   assert_param(IS_SDMMC_WAIT(Command->WaitForInterrupt));
 360:Drivers/STM32H7xx_HAL_Driver/Src/stm32h7xx_ll_sdmmc.c ****   assert_param(IS_SDMMC_CPSM(Command->CPSM));
 361:Drivers/STM32H7xx_HAL_Driver/Src/stm32h7xx_ll_sdmmc.c **** 
 362:Drivers/STM32H7xx_HAL_Driver/Src/stm32h7xx_ll_sdmmc.c ****   /* Set the SDMMC Argument value */
 363:Drivers/STM32H7xx_HAL_Driver/Src/stm32h7xx_ll_sdmmc.c ****   SDMMCx->ARG = Command->Argument;
 364:Drivers/STM32H7xx_HAL_Driver/Src/stm32h7xx_ll_sdmmc.c **** 
 365:Drivers/STM32H7xx_HAL_Driver/Src/stm32h7xx_ll_sdmmc.c ****   /* Set SDMMC command parameters */
 366:Drivers/STM32H7xx_HAL_Driver/Src/stm32h7xx_ll_sdmmc.c ****   tmpreg |= (uint32_t)(Command->CmdIndex         | \
 367:Drivers/STM32H7xx_HAL_Driver/Src/stm32h7xx_ll_sdmmc.c ****                        Command->Response         | \
 368:Drivers/STM32H7xx_HAL_Driver/Src/stm32h7xx_ll_sdmmc.c ****                        Command->WaitForInterrupt | \
 369:Drivers/STM32H7xx_HAL_Driver/Src/stm32h7xx_ll_sdmmc.c ****                        Command->CPSM);
 370:Drivers/STM32H7xx_HAL_Driver/Src/stm32h7xx_ll_sdmmc.c **** 
 371:Drivers/STM32H7xx_HAL_Driver/Src/stm32h7xx_ll_sdmmc.c ****   /* Write to SDMMC CMD register */
 372:Drivers/STM32H7xx_HAL_Driver/Src/stm32h7xx_ll_sdmmc.c ****   MODIFY_REG(SDMMCx->CMD, CMD_CLEAR_MASK, tmpreg);
 373:Drivers/STM32H7xx_HAL_Driver/Src/stm32h7xx_ll_sdmmc.c **** 
ARM GAS  C:\Users\Made\AppData\Local\Temp\ccTdy2Vr.s 			page 8


 374:Drivers/STM32H7xx_HAL_Driver/Src/stm32h7xx_ll_sdmmc.c ****   return HAL_OK;
 375:Drivers/STM32H7xx_HAL_Driver/Src/stm32h7xx_ll_sdmmc.c **** }
 376:Drivers/STM32H7xx_HAL_Driver/Src/stm32h7xx_ll_sdmmc.c **** 
 377:Drivers/STM32H7xx_HAL_Driver/Src/stm32h7xx_ll_sdmmc.c **** /**
 378:Drivers/STM32H7xx_HAL_Driver/Src/stm32h7xx_ll_sdmmc.c ****   * @brief  Return the command index of last command for which response received
 379:Drivers/STM32H7xx_HAL_Driver/Src/stm32h7xx_ll_sdmmc.c ****   * @param  SDMMCx: Pointer to SDMMC register base
 380:Drivers/STM32H7xx_HAL_Driver/Src/stm32h7xx_ll_sdmmc.c ****   * @retval Command index of the last command response received
 381:Drivers/STM32H7xx_HAL_Driver/Src/stm32h7xx_ll_sdmmc.c ****   */
 382:Drivers/STM32H7xx_HAL_Driver/Src/stm32h7xx_ll_sdmmc.c **** uint8_t SDMMC_GetCommandResponse(const SDMMC_TypeDef *SDMMCx)
 383:Drivers/STM32H7xx_HAL_Driver/Src/stm32h7xx_ll_sdmmc.c **** {
 384:Drivers/STM32H7xx_HAL_Driver/Src/stm32h7xx_ll_sdmmc.c ****   return (uint8_t)(SDMMCx->RESPCMD);
 385:Drivers/STM32H7xx_HAL_Driver/Src/stm32h7xx_ll_sdmmc.c **** }
 386:Drivers/STM32H7xx_HAL_Driver/Src/stm32h7xx_ll_sdmmc.c **** 
 387:Drivers/STM32H7xx_HAL_Driver/Src/stm32h7xx_ll_sdmmc.c **** 
 388:Drivers/STM32H7xx_HAL_Driver/Src/stm32h7xx_ll_sdmmc.c **** /**
 389:Drivers/STM32H7xx_HAL_Driver/Src/stm32h7xx_ll_sdmmc.c ****   * @brief  Return the response received from the card for the last command
 390:Drivers/STM32H7xx_HAL_Driver/Src/stm32h7xx_ll_sdmmc.c ****   * @param  SDMMCx: Pointer to SDMMC register base
 391:Drivers/STM32H7xx_HAL_Driver/Src/stm32h7xx_ll_sdmmc.c ****   * @param  Response: Specifies the SDMMC response register.
 392:Drivers/STM32H7xx_HAL_Driver/Src/stm32h7xx_ll_sdmmc.c ****   *          This parameter can be one of the following values:
 393:Drivers/STM32H7xx_HAL_Driver/Src/stm32h7xx_ll_sdmmc.c ****   *            @arg SDMMC_RESP1: Response Register 1
 394:Drivers/STM32H7xx_HAL_Driver/Src/stm32h7xx_ll_sdmmc.c ****   *            @arg SDMMC_RESP2: Response Register 2
 395:Drivers/STM32H7xx_HAL_Driver/Src/stm32h7xx_ll_sdmmc.c ****   *            @arg SDMMC_RESP3: Response Register 3
 396:Drivers/STM32H7xx_HAL_Driver/Src/stm32h7xx_ll_sdmmc.c ****   *            @arg SDMMC_RESP4: Response Register 4
 397:Drivers/STM32H7xx_HAL_Driver/Src/stm32h7xx_ll_sdmmc.c ****   * @retval The Corresponding response register value
 398:Drivers/STM32H7xx_HAL_Driver/Src/stm32h7xx_ll_sdmmc.c ****   */
 399:Drivers/STM32H7xx_HAL_Driver/Src/stm32h7xx_ll_sdmmc.c **** uint32_t SDMMC_GetResponse(const SDMMC_TypeDef *SDMMCx, uint32_t Response)
 400:Drivers/STM32H7xx_HAL_Driver/Src/stm32h7xx_ll_sdmmc.c **** {
 401:Drivers/STM32H7xx_HAL_Driver/Src/stm32h7xx_ll_sdmmc.c ****   uint32_t tmp;
 402:Drivers/STM32H7xx_HAL_Driver/Src/stm32h7xx_ll_sdmmc.c **** 
 403:Drivers/STM32H7xx_HAL_Driver/Src/stm32h7xx_ll_sdmmc.c ****   /* Check the parameters */
 404:Drivers/STM32H7xx_HAL_Driver/Src/stm32h7xx_ll_sdmmc.c ****   assert_param(IS_SDMMC_RESP(Response));
 405:Drivers/STM32H7xx_HAL_Driver/Src/stm32h7xx_ll_sdmmc.c **** 
 406:Drivers/STM32H7xx_HAL_Driver/Src/stm32h7xx_ll_sdmmc.c ****   /* Get the response */
 407:Drivers/STM32H7xx_HAL_Driver/Src/stm32h7xx_ll_sdmmc.c ****   tmp = (uint32_t)(&(SDMMCx->RESP1)) + Response;
 408:Drivers/STM32H7xx_HAL_Driver/Src/stm32h7xx_ll_sdmmc.c **** 
 409:Drivers/STM32H7xx_HAL_Driver/Src/stm32h7xx_ll_sdmmc.c ****   return (*(__IO uint32_t *) tmp);
 410:Drivers/STM32H7xx_HAL_Driver/Src/stm32h7xx_ll_sdmmc.c **** }
 411:Drivers/STM32H7xx_HAL_Driver/Src/stm32h7xx_ll_sdmmc.c **** 
 412:Drivers/STM32H7xx_HAL_Driver/Src/stm32h7xx_ll_sdmmc.c **** /**
 413:Drivers/STM32H7xx_HAL_Driver/Src/stm32h7xx_ll_sdmmc.c ****   * @brief  Configure the SDMMC data path according to the specified
 414:Drivers/STM32H7xx_HAL_Driver/Src/stm32h7xx_ll_sdmmc.c ****   *         parameters in the SDMMC_DataInitTypeDef.
 415:Drivers/STM32H7xx_HAL_Driver/Src/stm32h7xx_ll_sdmmc.c ****   * @param  SDMMCx: Pointer to SDMMC register base
 416:Drivers/STM32H7xx_HAL_Driver/Src/stm32h7xx_ll_sdmmc.c ****   * @param  Data : pointer to a SDMMC_DataInitTypeDef structure
 417:Drivers/STM32H7xx_HAL_Driver/Src/stm32h7xx_ll_sdmmc.c ****   *         that contains the configuration information for the SDMMC data.
 418:Drivers/STM32H7xx_HAL_Driver/Src/stm32h7xx_ll_sdmmc.c ****   * @retval HAL status
 419:Drivers/STM32H7xx_HAL_Driver/Src/stm32h7xx_ll_sdmmc.c ****   */
 420:Drivers/STM32H7xx_HAL_Driver/Src/stm32h7xx_ll_sdmmc.c **** HAL_StatusTypeDef SDMMC_ConfigData(SDMMC_TypeDef *SDMMCx, const SDMMC_DataInitTypeDef *Data)
 421:Drivers/STM32H7xx_HAL_Driver/Src/stm32h7xx_ll_sdmmc.c **** {
 422:Drivers/STM32H7xx_HAL_Driver/Src/stm32h7xx_ll_sdmmc.c ****   uint32_t tmpreg = 0;
 423:Drivers/STM32H7xx_HAL_Driver/Src/stm32h7xx_ll_sdmmc.c **** 
 424:Drivers/STM32H7xx_HAL_Driver/Src/stm32h7xx_ll_sdmmc.c ****   /* Check the parameters */
 425:Drivers/STM32H7xx_HAL_Driver/Src/stm32h7xx_ll_sdmmc.c ****   assert_param(IS_SDMMC_DATA_LENGTH(Data->DataLength));
 426:Drivers/STM32H7xx_HAL_Driver/Src/stm32h7xx_ll_sdmmc.c ****   assert_param(IS_SDMMC_BLOCK_SIZE(Data->DataBlockSize));
 427:Drivers/STM32H7xx_HAL_Driver/Src/stm32h7xx_ll_sdmmc.c ****   assert_param(IS_SDMMC_TRANSFER_DIR(Data->TransferDir));
 428:Drivers/STM32H7xx_HAL_Driver/Src/stm32h7xx_ll_sdmmc.c ****   assert_param(IS_SDMMC_TRANSFER_MODE(Data->TransferMode));
 429:Drivers/STM32H7xx_HAL_Driver/Src/stm32h7xx_ll_sdmmc.c ****   assert_param(IS_SDMMC_DPSM(Data->DPSM));
 430:Drivers/STM32H7xx_HAL_Driver/Src/stm32h7xx_ll_sdmmc.c **** 
ARM GAS  C:\Users\Made\AppData\Local\Temp\ccTdy2Vr.s 			page 9


 431:Drivers/STM32H7xx_HAL_Driver/Src/stm32h7xx_ll_sdmmc.c ****   /* Set the SDMMC Data TimeOut value */
 432:Drivers/STM32H7xx_HAL_Driver/Src/stm32h7xx_ll_sdmmc.c ****   SDMMCx->DTIMER = Data->DataTimeOut;
 433:Drivers/STM32H7xx_HAL_Driver/Src/stm32h7xx_ll_sdmmc.c **** 
 434:Drivers/STM32H7xx_HAL_Driver/Src/stm32h7xx_ll_sdmmc.c ****   /* Set the SDMMC DataLength value */
 435:Drivers/STM32H7xx_HAL_Driver/Src/stm32h7xx_ll_sdmmc.c ****   SDMMCx->DLEN = Data->DataLength;
 436:Drivers/STM32H7xx_HAL_Driver/Src/stm32h7xx_ll_sdmmc.c **** 
 437:Drivers/STM32H7xx_HAL_Driver/Src/stm32h7xx_ll_sdmmc.c ****   /* Set the SDMMC data configuration parameters */
 438:Drivers/STM32H7xx_HAL_Driver/Src/stm32h7xx_ll_sdmmc.c ****   tmpreg |= (uint32_t)(Data->DataBlockSize | \
 439:Drivers/STM32H7xx_HAL_Driver/Src/stm32h7xx_ll_sdmmc.c ****                        Data->TransferDir   | \
 440:Drivers/STM32H7xx_HAL_Driver/Src/stm32h7xx_ll_sdmmc.c ****                        Data->TransferMode  | \
 441:Drivers/STM32H7xx_HAL_Driver/Src/stm32h7xx_ll_sdmmc.c ****                        Data->DPSM);
 442:Drivers/STM32H7xx_HAL_Driver/Src/stm32h7xx_ll_sdmmc.c **** 
 443:Drivers/STM32H7xx_HAL_Driver/Src/stm32h7xx_ll_sdmmc.c ****   /* Write to SDMMC DCTRL */
 444:Drivers/STM32H7xx_HAL_Driver/Src/stm32h7xx_ll_sdmmc.c ****   MODIFY_REG(SDMMCx->DCTRL, DCTRL_CLEAR_MASK, tmpreg);
 445:Drivers/STM32H7xx_HAL_Driver/Src/stm32h7xx_ll_sdmmc.c **** 
 446:Drivers/STM32H7xx_HAL_Driver/Src/stm32h7xx_ll_sdmmc.c ****   return HAL_OK;
 447:Drivers/STM32H7xx_HAL_Driver/Src/stm32h7xx_ll_sdmmc.c **** 
 448:Drivers/STM32H7xx_HAL_Driver/Src/stm32h7xx_ll_sdmmc.c **** }
 449:Drivers/STM32H7xx_HAL_Driver/Src/stm32h7xx_ll_sdmmc.c **** 
 450:Drivers/STM32H7xx_HAL_Driver/Src/stm32h7xx_ll_sdmmc.c **** /**
 451:Drivers/STM32H7xx_HAL_Driver/Src/stm32h7xx_ll_sdmmc.c ****   * @brief  Returns number of remaining data bytes to be transferred.
 452:Drivers/STM32H7xx_HAL_Driver/Src/stm32h7xx_ll_sdmmc.c ****   * @param  SDMMCx: Pointer to SDMMC register base
 453:Drivers/STM32H7xx_HAL_Driver/Src/stm32h7xx_ll_sdmmc.c ****   * @retval Number of remaining data bytes to be transferred
 454:Drivers/STM32H7xx_HAL_Driver/Src/stm32h7xx_ll_sdmmc.c ****   */
 455:Drivers/STM32H7xx_HAL_Driver/Src/stm32h7xx_ll_sdmmc.c **** uint32_t SDMMC_GetDataCounter(const SDMMC_TypeDef *SDMMCx)
 456:Drivers/STM32H7xx_HAL_Driver/Src/stm32h7xx_ll_sdmmc.c **** {
 457:Drivers/STM32H7xx_HAL_Driver/Src/stm32h7xx_ll_sdmmc.c ****   return (SDMMCx->DCOUNT);
 458:Drivers/STM32H7xx_HAL_Driver/Src/stm32h7xx_ll_sdmmc.c **** }
 459:Drivers/STM32H7xx_HAL_Driver/Src/stm32h7xx_ll_sdmmc.c **** 
 460:Drivers/STM32H7xx_HAL_Driver/Src/stm32h7xx_ll_sdmmc.c **** /**
 461:Drivers/STM32H7xx_HAL_Driver/Src/stm32h7xx_ll_sdmmc.c ****   * @brief  Get the FIFO data
 462:Drivers/STM32H7xx_HAL_Driver/Src/stm32h7xx_ll_sdmmc.c ****   * @param  SDMMCx: Pointer to SDMMC register base
 463:Drivers/STM32H7xx_HAL_Driver/Src/stm32h7xx_ll_sdmmc.c ****   * @retval Data received
 464:Drivers/STM32H7xx_HAL_Driver/Src/stm32h7xx_ll_sdmmc.c ****   */
 465:Drivers/STM32H7xx_HAL_Driver/Src/stm32h7xx_ll_sdmmc.c **** uint32_t SDMMC_GetFIFOCount(const SDMMC_TypeDef *SDMMCx)
 466:Drivers/STM32H7xx_HAL_Driver/Src/stm32h7xx_ll_sdmmc.c **** {
 467:Drivers/STM32H7xx_HAL_Driver/Src/stm32h7xx_ll_sdmmc.c ****   return (SDMMCx->FIFO);
 468:Drivers/STM32H7xx_HAL_Driver/Src/stm32h7xx_ll_sdmmc.c **** }
 469:Drivers/STM32H7xx_HAL_Driver/Src/stm32h7xx_ll_sdmmc.c **** 
 470:Drivers/STM32H7xx_HAL_Driver/Src/stm32h7xx_ll_sdmmc.c **** /**
 471:Drivers/STM32H7xx_HAL_Driver/Src/stm32h7xx_ll_sdmmc.c ****   * @brief  Sets one of the two options of inserting read wait interval.
 472:Drivers/STM32H7xx_HAL_Driver/Src/stm32h7xx_ll_sdmmc.c ****   * @param  SDMMCx: Pointer to SDMMC register base
 473:Drivers/STM32H7xx_HAL_Driver/Src/stm32h7xx_ll_sdmmc.c ****   * @param  SDMMC_ReadWaitMode: SDMMC Read Wait operation mode.
 474:Drivers/STM32H7xx_HAL_Driver/Src/stm32h7xx_ll_sdmmc.c ****   *          This parameter can be:
 475:Drivers/STM32H7xx_HAL_Driver/Src/stm32h7xx_ll_sdmmc.c ****   *            @arg SDMMC_READ_WAIT_MODE_CLK: Read Wait control by stopping SDMMCCLK
 476:Drivers/STM32H7xx_HAL_Driver/Src/stm32h7xx_ll_sdmmc.c ****   *            @arg SDMMC_READ_WAIT_MODE_DATA2: Read Wait control using SDMMC_DATA2
 477:Drivers/STM32H7xx_HAL_Driver/Src/stm32h7xx_ll_sdmmc.c ****   * @retval None
 478:Drivers/STM32H7xx_HAL_Driver/Src/stm32h7xx_ll_sdmmc.c ****   */
 479:Drivers/STM32H7xx_HAL_Driver/Src/stm32h7xx_ll_sdmmc.c **** HAL_StatusTypeDef SDMMC_SetSDMMCReadWaitMode(SDMMC_TypeDef *SDMMCx, uint32_t SDMMC_ReadWaitMode)
 480:Drivers/STM32H7xx_HAL_Driver/Src/stm32h7xx_ll_sdmmc.c **** {
 481:Drivers/STM32H7xx_HAL_Driver/Src/stm32h7xx_ll_sdmmc.c ****   /* Check the parameters */
 482:Drivers/STM32H7xx_HAL_Driver/Src/stm32h7xx_ll_sdmmc.c ****   assert_param(IS_SDMMC_READWAIT_MODE(SDMMC_ReadWaitMode));
 483:Drivers/STM32H7xx_HAL_Driver/Src/stm32h7xx_ll_sdmmc.c **** 
 484:Drivers/STM32H7xx_HAL_Driver/Src/stm32h7xx_ll_sdmmc.c ****   /* Set SDMMC read wait mode */
 485:Drivers/STM32H7xx_HAL_Driver/Src/stm32h7xx_ll_sdmmc.c ****   MODIFY_REG(SDMMCx->DCTRL, SDMMC_DCTRL_RWMOD, SDMMC_ReadWaitMode);
 486:Drivers/STM32H7xx_HAL_Driver/Src/stm32h7xx_ll_sdmmc.c **** 
 487:Drivers/STM32H7xx_HAL_Driver/Src/stm32h7xx_ll_sdmmc.c ****   return HAL_OK;
ARM GAS  C:\Users\Made\AppData\Local\Temp\ccTdy2Vr.s 			page 10


 488:Drivers/STM32H7xx_HAL_Driver/Src/stm32h7xx_ll_sdmmc.c **** }
 489:Drivers/STM32H7xx_HAL_Driver/Src/stm32h7xx_ll_sdmmc.c **** 
 490:Drivers/STM32H7xx_HAL_Driver/Src/stm32h7xx_ll_sdmmc.c **** /**
 491:Drivers/STM32H7xx_HAL_Driver/Src/stm32h7xx_ll_sdmmc.c ****   * @}
 492:Drivers/STM32H7xx_HAL_Driver/Src/stm32h7xx_ll_sdmmc.c ****   */
 493:Drivers/STM32H7xx_HAL_Driver/Src/stm32h7xx_ll_sdmmc.c **** 
 494:Drivers/STM32H7xx_HAL_Driver/Src/stm32h7xx_ll_sdmmc.c **** 
 495:Drivers/STM32H7xx_HAL_Driver/Src/stm32h7xx_ll_sdmmc.c **** /** @defgroup HAL_SDMMC_LL_Group4 Command management functions
 496:Drivers/STM32H7xx_HAL_Driver/Src/stm32h7xx_ll_sdmmc.c ****   *  @brief   Data transfers functions
 497:Drivers/STM32H7xx_HAL_Driver/Src/stm32h7xx_ll_sdmmc.c ****   *
 498:Drivers/STM32H7xx_HAL_Driver/Src/stm32h7xx_ll_sdmmc.c **** @verbatim
 499:Drivers/STM32H7xx_HAL_Driver/Src/stm32h7xx_ll_sdmmc.c ****  ===============================================================================
 500:Drivers/STM32H7xx_HAL_Driver/Src/stm32h7xx_ll_sdmmc.c ****                    ##### Commands management functions #####
 501:Drivers/STM32H7xx_HAL_Driver/Src/stm32h7xx_ll_sdmmc.c ****  ===============================================================================
 502:Drivers/STM32H7xx_HAL_Driver/Src/stm32h7xx_ll_sdmmc.c ****     [..]
 503:Drivers/STM32H7xx_HAL_Driver/Src/stm32h7xx_ll_sdmmc.c ****     This subsection provides a set of functions allowing to manage the needed commands.
 504:Drivers/STM32H7xx_HAL_Driver/Src/stm32h7xx_ll_sdmmc.c **** 
 505:Drivers/STM32H7xx_HAL_Driver/Src/stm32h7xx_ll_sdmmc.c **** @endverbatim
 506:Drivers/STM32H7xx_HAL_Driver/Src/stm32h7xx_ll_sdmmc.c ****   * @{
 507:Drivers/STM32H7xx_HAL_Driver/Src/stm32h7xx_ll_sdmmc.c ****   */
 508:Drivers/STM32H7xx_HAL_Driver/Src/stm32h7xx_ll_sdmmc.c **** 
 509:Drivers/STM32H7xx_HAL_Driver/Src/stm32h7xx_ll_sdmmc.c **** /**
 510:Drivers/STM32H7xx_HAL_Driver/Src/stm32h7xx_ll_sdmmc.c ****   * @brief  Send the Data Block Length command and check the response
 511:Drivers/STM32H7xx_HAL_Driver/Src/stm32h7xx_ll_sdmmc.c ****   * @param  SDMMCx: Pointer to SDMMC register base
 512:Drivers/STM32H7xx_HAL_Driver/Src/stm32h7xx_ll_sdmmc.c ****   * @retval HAL status
 513:Drivers/STM32H7xx_HAL_Driver/Src/stm32h7xx_ll_sdmmc.c ****   */
 514:Drivers/STM32H7xx_HAL_Driver/Src/stm32h7xx_ll_sdmmc.c **** uint32_t SDMMC_CmdBlockLength(SDMMC_TypeDef *SDMMCx, uint32_t BlockSize)
 515:Drivers/STM32H7xx_HAL_Driver/Src/stm32h7xx_ll_sdmmc.c **** {
 516:Drivers/STM32H7xx_HAL_Driver/Src/stm32h7xx_ll_sdmmc.c ****   SDMMC_CmdInitTypeDef  sdmmc_cmdinit;
 517:Drivers/STM32H7xx_HAL_Driver/Src/stm32h7xx_ll_sdmmc.c ****   uint32_t errorstate;
 518:Drivers/STM32H7xx_HAL_Driver/Src/stm32h7xx_ll_sdmmc.c **** 
 519:Drivers/STM32H7xx_HAL_Driver/Src/stm32h7xx_ll_sdmmc.c ****   /* Set Block Size for Card */
 520:Drivers/STM32H7xx_HAL_Driver/Src/stm32h7xx_ll_sdmmc.c ****   sdmmc_cmdinit.Argument         = (uint32_t)BlockSize;
 521:Drivers/STM32H7xx_HAL_Driver/Src/stm32h7xx_ll_sdmmc.c ****   sdmmc_cmdinit.CmdIndex         = SDMMC_CMD_SET_BLOCKLEN;
 522:Drivers/STM32H7xx_HAL_Driver/Src/stm32h7xx_ll_sdmmc.c ****   sdmmc_cmdinit.Response         = SDMMC_RESPONSE_SHORT;
 523:Drivers/STM32H7xx_HAL_Driver/Src/stm32h7xx_ll_sdmmc.c ****   sdmmc_cmdinit.WaitForInterrupt = SDMMC_WAIT_NO;
 524:Drivers/STM32H7xx_HAL_Driver/Src/stm32h7xx_ll_sdmmc.c ****   sdmmc_cmdinit.CPSM             = SDMMC_CPSM_ENABLE;
 525:Drivers/STM32H7xx_HAL_Driver/Src/stm32h7xx_ll_sdmmc.c ****   (void)SDMMC_SendCommand(SDMMCx, &sdmmc_cmdinit);
 526:Drivers/STM32H7xx_HAL_Driver/Src/stm32h7xx_ll_sdmmc.c **** 
 527:Drivers/STM32H7xx_HAL_Driver/Src/stm32h7xx_ll_sdmmc.c ****   /* Check for error conditions */
 528:Drivers/STM32H7xx_HAL_Driver/Src/stm32h7xx_ll_sdmmc.c ****   errorstate = SDMMC_GetCmdResp1(SDMMCx, SDMMC_CMD_SET_BLOCKLEN, SDMMC_CMDTIMEOUT);
 529:Drivers/STM32H7xx_HAL_Driver/Src/stm32h7xx_ll_sdmmc.c **** 
 530:Drivers/STM32H7xx_HAL_Driver/Src/stm32h7xx_ll_sdmmc.c ****   return errorstate;
 531:Drivers/STM32H7xx_HAL_Driver/Src/stm32h7xx_ll_sdmmc.c **** }
 532:Drivers/STM32H7xx_HAL_Driver/Src/stm32h7xx_ll_sdmmc.c **** 
 533:Drivers/STM32H7xx_HAL_Driver/Src/stm32h7xx_ll_sdmmc.c **** /**
 534:Drivers/STM32H7xx_HAL_Driver/Src/stm32h7xx_ll_sdmmc.c ****   * @brief  Send the Data Block number command and check the response
 535:Drivers/STM32H7xx_HAL_Driver/Src/stm32h7xx_ll_sdmmc.c ****   * @param  SDMMCx: Pointer to SDMMC register base
 536:Drivers/STM32H7xx_HAL_Driver/Src/stm32h7xx_ll_sdmmc.c ****   * @retval HAL status
 537:Drivers/STM32H7xx_HAL_Driver/Src/stm32h7xx_ll_sdmmc.c ****   */
 538:Drivers/STM32H7xx_HAL_Driver/Src/stm32h7xx_ll_sdmmc.c **** uint32_t SDMMC_CmdBlockCount(SDMMC_TypeDef *SDMMCx, uint32_t BlockCount)
 539:Drivers/STM32H7xx_HAL_Driver/Src/stm32h7xx_ll_sdmmc.c **** {
 540:Drivers/STM32H7xx_HAL_Driver/Src/stm32h7xx_ll_sdmmc.c ****   SDMMC_CmdInitTypeDef  sdmmc_cmdinit;
 541:Drivers/STM32H7xx_HAL_Driver/Src/stm32h7xx_ll_sdmmc.c ****   uint32_t errorstate;
 542:Drivers/STM32H7xx_HAL_Driver/Src/stm32h7xx_ll_sdmmc.c **** 
 543:Drivers/STM32H7xx_HAL_Driver/Src/stm32h7xx_ll_sdmmc.c ****   /* Set Block Size for Card */
 544:Drivers/STM32H7xx_HAL_Driver/Src/stm32h7xx_ll_sdmmc.c ****   sdmmc_cmdinit.Argument         = (uint32_t)BlockCount;
ARM GAS  C:\Users\Made\AppData\Local\Temp\ccTdy2Vr.s 			page 11


 545:Drivers/STM32H7xx_HAL_Driver/Src/stm32h7xx_ll_sdmmc.c ****   sdmmc_cmdinit.CmdIndex         = SDMMC_CMD_SET_BLOCK_COUNT;
 546:Drivers/STM32H7xx_HAL_Driver/Src/stm32h7xx_ll_sdmmc.c ****   sdmmc_cmdinit.Response         = SDMMC_RESPONSE_SHORT;
 547:Drivers/STM32H7xx_HAL_Driver/Src/stm32h7xx_ll_sdmmc.c ****   sdmmc_cmdinit.WaitForInterrupt = SDMMC_WAIT_NO;
 548:Drivers/STM32H7xx_HAL_Driver/Src/stm32h7xx_ll_sdmmc.c ****   sdmmc_cmdinit.CPSM             = SDMMC_CPSM_ENABLE;
 549:Drivers/STM32H7xx_HAL_Driver/Src/stm32h7xx_ll_sdmmc.c ****   (void)SDMMC_SendCommand(SDMMCx, &sdmmc_cmdinit);
 550:Drivers/STM32H7xx_HAL_Driver/Src/stm32h7xx_ll_sdmmc.c **** 
 551:Drivers/STM32H7xx_HAL_Driver/Src/stm32h7xx_ll_sdmmc.c ****   /* Check for error conditions */
 552:Drivers/STM32H7xx_HAL_Driver/Src/stm32h7xx_ll_sdmmc.c ****   errorstate = SDMMC_GetCmdResp1(SDMMCx, SDMMC_CMD_SET_BLOCK_COUNT, SDMMC_CMDTIMEOUT);
 553:Drivers/STM32H7xx_HAL_Driver/Src/stm32h7xx_ll_sdmmc.c **** 
 554:Drivers/STM32H7xx_HAL_Driver/Src/stm32h7xx_ll_sdmmc.c ****   return errorstate;
 555:Drivers/STM32H7xx_HAL_Driver/Src/stm32h7xx_ll_sdmmc.c **** }
 556:Drivers/STM32H7xx_HAL_Driver/Src/stm32h7xx_ll_sdmmc.c **** 
 557:Drivers/STM32H7xx_HAL_Driver/Src/stm32h7xx_ll_sdmmc.c **** /**
 558:Drivers/STM32H7xx_HAL_Driver/Src/stm32h7xx_ll_sdmmc.c ****   * @brief  Send the Read Single Block command and check the response
 559:Drivers/STM32H7xx_HAL_Driver/Src/stm32h7xx_ll_sdmmc.c ****   * @param  SDMMCx: Pointer to SDMMC register base
 560:Drivers/STM32H7xx_HAL_Driver/Src/stm32h7xx_ll_sdmmc.c ****   * @retval HAL status
 561:Drivers/STM32H7xx_HAL_Driver/Src/stm32h7xx_ll_sdmmc.c ****   */
 562:Drivers/STM32H7xx_HAL_Driver/Src/stm32h7xx_ll_sdmmc.c **** uint32_t SDMMC_CmdReadSingleBlock(SDMMC_TypeDef *SDMMCx, uint32_t ReadAdd)
 563:Drivers/STM32H7xx_HAL_Driver/Src/stm32h7xx_ll_sdmmc.c **** {
 564:Drivers/STM32H7xx_HAL_Driver/Src/stm32h7xx_ll_sdmmc.c ****   SDMMC_CmdInitTypeDef  sdmmc_cmdinit;
 565:Drivers/STM32H7xx_HAL_Driver/Src/stm32h7xx_ll_sdmmc.c ****   uint32_t errorstate;
 566:Drivers/STM32H7xx_HAL_Driver/Src/stm32h7xx_ll_sdmmc.c **** 
 567:Drivers/STM32H7xx_HAL_Driver/Src/stm32h7xx_ll_sdmmc.c ****   /* Set Block Size for Card */
 568:Drivers/STM32H7xx_HAL_Driver/Src/stm32h7xx_ll_sdmmc.c ****   sdmmc_cmdinit.Argument         = (uint32_t)ReadAdd;
 569:Drivers/STM32H7xx_HAL_Driver/Src/stm32h7xx_ll_sdmmc.c ****   sdmmc_cmdinit.CmdIndex         = SDMMC_CMD_READ_SINGLE_BLOCK;
 570:Drivers/STM32H7xx_HAL_Driver/Src/stm32h7xx_ll_sdmmc.c ****   sdmmc_cmdinit.Response         = SDMMC_RESPONSE_SHORT;
 571:Drivers/STM32H7xx_HAL_Driver/Src/stm32h7xx_ll_sdmmc.c ****   sdmmc_cmdinit.WaitForInterrupt = SDMMC_WAIT_NO;
 572:Drivers/STM32H7xx_HAL_Driver/Src/stm32h7xx_ll_sdmmc.c ****   sdmmc_cmdinit.CPSM             = SDMMC_CPSM_ENABLE;
 573:Drivers/STM32H7xx_HAL_Driver/Src/stm32h7xx_ll_sdmmc.c ****   (void)SDMMC_SendCommand(SDMMCx, &sdmmc_cmdinit);
 574:Drivers/STM32H7xx_HAL_Driver/Src/stm32h7xx_ll_sdmmc.c **** 
 575:Drivers/STM32H7xx_HAL_Driver/Src/stm32h7xx_ll_sdmmc.c ****   /* Check for error conditions */
 576:Drivers/STM32H7xx_HAL_Driver/Src/stm32h7xx_ll_sdmmc.c ****   errorstate = SDMMC_GetCmdResp1(SDMMCx, SDMMC_CMD_READ_SINGLE_BLOCK, SDMMC_CMDTIMEOUT);
 577:Drivers/STM32H7xx_HAL_Driver/Src/stm32h7xx_ll_sdmmc.c **** 
 578:Drivers/STM32H7xx_HAL_Driver/Src/stm32h7xx_ll_sdmmc.c ****   return errorstate;
 579:Drivers/STM32H7xx_HAL_Driver/Src/stm32h7xx_ll_sdmmc.c **** }
 580:Drivers/STM32H7xx_HAL_Driver/Src/stm32h7xx_ll_sdmmc.c **** 
 581:Drivers/STM32H7xx_HAL_Driver/Src/stm32h7xx_ll_sdmmc.c **** /**
 582:Drivers/STM32H7xx_HAL_Driver/Src/stm32h7xx_ll_sdmmc.c ****   * @brief  Send the Read Multi Block command and check the response
 583:Drivers/STM32H7xx_HAL_Driver/Src/stm32h7xx_ll_sdmmc.c ****   * @param  SDMMCx: Pointer to SDMMC register base
 584:Drivers/STM32H7xx_HAL_Driver/Src/stm32h7xx_ll_sdmmc.c ****   * @retval HAL status
 585:Drivers/STM32H7xx_HAL_Driver/Src/stm32h7xx_ll_sdmmc.c ****   */
 586:Drivers/STM32H7xx_HAL_Driver/Src/stm32h7xx_ll_sdmmc.c **** uint32_t SDMMC_CmdReadMultiBlock(SDMMC_TypeDef *SDMMCx, uint32_t ReadAdd)
 587:Drivers/STM32H7xx_HAL_Driver/Src/stm32h7xx_ll_sdmmc.c **** {
 588:Drivers/STM32H7xx_HAL_Driver/Src/stm32h7xx_ll_sdmmc.c ****   SDMMC_CmdInitTypeDef  sdmmc_cmdinit;
 589:Drivers/STM32H7xx_HAL_Driver/Src/stm32h7xx_ll_sdmmc.c ****   uint32_t errorstate;
 590:Drivers/STM32H7xx_HAL_Driver/Src/stm32h7xx_ll_sdmmc.c **** 
 591:Drivers/STM32H7xx_HAL_Driver/Src/stm32h7xx_ll_sdmmc.c ****   /* Set Block Size for Card */
 592:Drivers/STM32H7xx_HAL_Driver/Src/stm32h7xx_ll_sdmmc.c ****   sdmmc_cmdinit.Argument         = (uint32_t)ReadAdd;
 593:Drivers/STM32H7xx_HAL_Driver/Src/stm32h7xx_ll_sdmmc.c ****   sdmmc_cmdinit.CmdIndex         = SDMMC_CMD_READ_MULT_BLOCK;
 594:Drivers/STM32H7xx_HAL_Driver/Src/stm32h7xx_ll_sdmmc.c ****   sdmmc_cmdinit.Response         = SDMMC_RESPONSE_SHORT;
 595:Drivers/STM32H7xx_HAL_Driver/Src/stm32h7xx_ll_sdmmc.c ****   sdmmc_cmdinit.WaitForInterrupt = SDMMC_WAIT_NO;
 596:Drivers/STM32H7xx_HAL_Driver/Src/stm32h7xx_ll_sdmmc.c ****   sdmmc_cmdinit.CPSM             = SDMMC_CPSM_ENABLE;
 597:Drivers/STM32H7xx_HAL_Driver/Src/stm32h7xx_ll_sdmmc.c ****   (void)SDMMC_SendCommand(SDMMCx, &sdmmc_cmdinit);
 598:Drivers/STM32H7xx_HAL_Driver/Src/stm32h7xx_ll_sdmmc.c **** 
 599:Drivers/STM32H7xx_HAL_Driver/Src/stm32h7xx_ll_sdmmc.c ****   /* Check for error conditions */
 600:Drivers/STM32H7xx_HAL_Driver/Src/stm32h7xx_ll_sdmmc.c ****   errorstate = SDMMC_GetCmdResp1(SDMMCx, SDMMC_CMD_READ_MULT_BLOCK, SDMMC_CMDTIMEOUT);
 601:Drivers/STM32H7xx_HAL_Driver/Src/stm32h7xx_ll_sdmmc.c **** 
ARM GAS  C:\Users\Made\AppData\Local\Temp\ccTdy2Vr.s 			page 12


 602:Drivers/STM32H7xx_HAL_Driver/Src/stm32h7xx_ll_sdmmc.c ****   return errorstate;
 603:Drivers/STM32H7xx_HAL_Driver/Src/stm32h7xx_ll_sdmmc.c **** }
 604:Drivers/STM32H7xx_HAL_Driver/Src/stm32h7xx_ll_sdmmc.c **** 
 605:Drivers/STM32H7xx_HAL_Driver/Src/stm32h7xx_ll_sdmmc.c **** /**
 606:Drivers/STM32H7xx_HAL_Driver/Src/stm32h7xx_ll_sdmmc.c ****   * @brief  Send the Write Single Block command and check the response
 607:Drivers/STM32H7xx_HAL_Driver/Src/stm32h7xx_ll_sdmmc.c ****   * @param  SDMMCx: Pointer to SDMMC register base
 608:Drivers/STM32H7xx_HAL_Driver/Src/stm32h7xx_ll_sdmmc.c ****   * @retval HAL status
 609:Drivers/STM32H7xx_HAL_Driver/Src/stm32h7xx_ll_sdmmc.c ****   */
 610:Drivers/STM32H7xx_HAL_Driver/Src/stm32h7xx_ll_sdmmc.c **** uint32_t SDMMC_CmdWriteSingleBlock(SDMMC_TypeDef *SDMMCx, uint32_t WriteAdd)
 611:Drivers/STM32H7xx_HAL_Driver/Src/stm32h7xx_ll_sdmmc.c **** {
 612:Drivers/STM32H7xx_HAL_Driver/Src/stm32h7xx_ll_sdmmc.c ****   SDMMC_CmdInitTypeDef  sdmmc_cmdinit;
 613:Drivers/STM32H7xx_HAL_Driver/Src/stm32h7xx_ll_sdmmc.c ****   uint32_t errorstate;
 614:Drivers/STM32H7xx_HAL_Driver/Src/stm32h7xx_ll_sdmmc.c **** 
 615:Drivers/STM32H7xx_HAL_Driver/Src/stm32h7xx_ll_sdmmc.c ****   /* Set Block Size for Card */
 616:Drivers/STM32H7xx_HAL_Driver/Src/stm32h7xx_ll_sdmmc.c ****   sdmmc_cmdinit.Argument         = (uint32_t)WriteAdd;
 617:Drivers/STM32H7xx_HAL_Driver/Src/stm32h7xx_ll_sdmmc.c ****   sdmmc_cmdinit.CmdIndex         = SDMMC_CMD_WRITE_SINGLE_BLOCK;
 618:Drivers/STM32H7xx_HAL_Driver/Src/stm32h7xx_ll_sdmmc.c ****   sdmmc_cmdinit.Response         = SDMMC_RESPONSE_SHORT;
 619:Drivers/STM32H7xx_HAL_Driver/Src/stm32h7xx_ll_sdmmc.c ****   sdmmc_cmdinit.WaitForInterrupt = SDMMC_WAIT_NO;
 620:Drivers/STM32H7xx_HAL_Driver/Src/stm32h7xx_ll_sdmmc.c ****   sdmmc_cmdinit.CPSM             = SDMMC_CPSM_ENABLE;
 621:Drivers/STM32H7xx_HAL_Driver/Src/stm32h7xx_ll_sdmmc.c ****   (void)SDMMC_SendCommand(SDMMCx, &sdmmc_cmdinit);
 622:Drivers/STM32H7xx_HAL_Driver/Src/stm32h7xx_ll_sdmmc.c **** 
 623:Drivers/STM32H7xx_HAL_Driver/Src/stm32h7xx_ll_sdmmc.c ****   /* Check for error conditions */
 624:Drivers/STM32H7xx_HAL_Driver/Src/stm32h7xx_ll_sdmmc.c ****   errorstate = SDMMC_GetCmdResp1(SDMMCx, SDMMC_CMD_WRITE_SINGLE_BLOCK, SDMMC_CMDTIMEOUT);
 625:Drivers/STM32H7xx_HAL_Driver/Src/stm32h7xx_ll_sdmmc.c **** 
 626:Drivers/STM32H7xx_HAL_Driver/Src/stm32h7xx_ll_sdmmc.c ****   return errorstate;
 627:Drivers/STM32H7xx_HAL_Driver/Src/stm32h7xx_ll_sdmmc.c **** }
 628:Drivers/STM32H7xx_HAL_Driver/Src/stm32h7xx_ll_sdmmc.c **** 
 629:Drivers/STM32H7xx_HAL_Driver/Src/stm32h7xx_ll_sdmmc.c **** /**
 630:Drivers/STM32H7xx_HAL_Driver/Src/stm32h7xx_ll_sdmmc.c ****   * @brief  Send the Write Multi Block command and check the response
 631:Drivers/STM32H7xx_HAL_Driver/Src/stm32h7xx_ll_sdmmc.c ****   * @param  SDMMCx: Pointer to SDMMC register base
 632:Drivers/STM32H7xx_HAL_Driver/Src/stm32h7xx_ll_sdmmc.c ****   * @retval HAL status
 633:Drivers/STM32H7xx_HAL_Driver/Src/stm32h7xx_ll_sdmmc.c ****   */
 634:Drivers/STM32H7xx_HAL_Driver/Src/stm32h7xx_ll_sdmmc.c **** uint32_t SDMMC_CmdWriteMultiBlock(SDMMC_TypeDef *SDMMCx, uint32_t WriteAdd)
 635:Drivers/STM32H7xx_HAL_Driver/Src/stm32h7xx_ll_sdmmc.c **** {
 636:Drivers/STM32H7xx_HAL_Driver/Src/stm32h7xx_ll_sdmmc.c ****   SDMMC_CmdInitTypeDef  sdmmc_cmdinit;
 637:Drivers/STM32H7xx_HAL_Driver/Src/stm32h7xx_ll_sdmmc.c ****   uint32_t errorstate;
 638:Drivers/STM32H7xx_HAL_Driver/Src/stm32h7xx_ll_sdmmc.c **** 
 639:Drivers/STM32H7xx_HAL_Driver/Src/stm32h7xx_ll_sdmmc.c ****   /* Set Block Size for Card */
 640:Drivers/STM32H7xx_HAL_Driver/Src/stm32h7xx_ll_sdmmc.c ****   sdmmc_cmdinit.Argument         = (uint32_t)WriteAdd;
 641:Drivers/STM32H7xx_HAL_Driver/Src/stm32h7xx_ll_sdmmc.c ****   sdmmc_cmdinit.CmdIndex         = SDMMC_CMD_WRITE_MULT_BLOCK;
 642:Drivers/STM32H7xx_HAL_Driver/Src/stm32h7xx_ll_sdmmc.c ****   sdmmc_cmdinit.Response         = SDMMC_RESPONSE_SHORT;
 643:Drivers/STM32H7xx_HAL_Driver/Src/stm32h7xx_ll_sdmmc.c ****   sdmmc_cmdinit.WaitForInterrupt = SDMMC_WAIT_NO;
 644:Drivers/STM32H7xx_HAL_Driver/Src/stm32h7xx_ll_sdmmc.c ****   sdmmc_cmdinit.CPSM             = SDMMC_CPSM_ENABLE;
 645:Drivers/STM32H7xx_HAL_Driver/Src/stm32h7xx_ll_sdmmc.c ****   (void)SDMMC_SendCommand(SDMMCx, &sdmmc_cmdinit);
 646:Drivers/STM32H7xx_HAL_Driver/Src/stm32h7xx_ll_sdmmc.c **** 
 647:Drivers/STM32H7xx_HAL_Driver/Src/stm32h7xx_ll_sdmmc.c ****   /* Check for error conditions */
 648:Drivers/STM32H7xx_HAL_Driver/Src/stm32h7xx_ll_sdmmc.c ****   errorstate = SDMMC_GetCmdResp1(SDMMCx, SDMMC_CMD_WRITE_MULT_BLOCK, SDMMC_CMDTIMEOUT);
 649:Drivers/STM32H7xx_HAL_Driver/Src/stm32h7xx_ll_sdmmc.c **** 
 650:Drivers/STM32H7xx_HAL_Driver/Src/stm32h7xx_ll_sdmmc.c ****   return errorstate;
 651:Drivers/STM32H7xx_HAL_Driver/Src/stm32h7xx_ll_sdmmc.c **** }
 652:Drivers/STM32H7xx_HAL_Driver/Src/stm32h7xx_ll_sdmmc.c **** 
 653:Drivers/STM32H7xx_HAL_Driver/Src/stm32h7xx_ll_sdmmc.c **** /**
 654:Drivers/STM32H7xx_HAL_Driver/Src/stm32h7xx_ll_sdmmc.c ****   * @brief  Send the Start Address Erase command for SD and check the response
 655:Drivers/STM32H7xx_HAL_Driver/Src/stm32h7xx_ll_sdmmc.c ****   * @param  SDMMCx: Pointer to SDMMC register base
 656:Drivers/STM32H7xx_HAL_Driver/Src/stm32h7xx_ll_sdmmc.c ****   * @retval HAL status
 657:Drivers/STM32H7xx_HAL_Driver/Src/stm32h7xx_ll_sdmmc.c ****   */
 658:Drivers/STM32H7xx_HAL_Driver/Src/stm32h7xx_ll_sdmmc.c **** uint32_t SDMMC_CmdSDEraseStartAdd(SDMMC_TypeDef *SDMMCx, uint32_t StartAdd)
ARM GAS  C:\Users\Made\AppData\Local\Temp\ccTdy2Vr.s 			page 13


 659:Drivers/STM32H7xx_HAL_Driver/Src/stm32h7xx_ll_sdmmc.c **** {
 660:Drivers/STM32H7xx_HAL_Driver/Src/stm32h7xx_ll_sdmmc.c ****   SDMMC_CmdInitTypeDef  sdmmc_cmdinit;
 661:Drivers/STM32H7xx_HAL_Driver/Src/stm32h7xx_ll_sdmmc.c ****   uint32_t errorstate;
 662:Drivers/STM32H7xx_HAL_Driver/Src/stm32h7xx_ll_sdmmc.c **** 
 663:Drivers/STM32H7xx_HAL_Driver/Src/stm32h7xx_ll_sdmmc.c ****   /* Set Block Size for Card */
 664:Drivers/STM32H7xx_HAL_Driver/Src/stm32h7xx_ll_sdmmc.c ****   sdmmc_cmdinit.Argument         = (uint32_t)StartAdd;
 665:Drivers/STM32H7xx_HAL_Driver/Src/stm32h7xx_ll_sdmmc.c ****   sdmmc_cmdinit.CmdIndex         = SDMMC_CMD_SD_ERASE_GRP_START;
 666:Drivers/STM32H7xx_HAL_Driver/Src/stm32h7xx_ll_sdmmc.c ****   sdmmc_cmdinit.Response         = SDMMC_RESPONSE_SHORT;
 667:Drivers/STM32H7xx_HAL_Driver/Src/stm32h7xx_ll_sdmmc.c ****   sdmmc_cmdinit.WaitForInterrupt = SDMMC_WAIT_NO;
 668:Drivers/STM32H7xx_HAL_Driver/Src/stm32h7xx_ll_sdmmc.c ****   sdmmc_cmdinit.CPSM             = SDMMC_CPSM_ENABLE;
 669:Drivers/STM32H7xx_HAL_Driver/Src/stm32h7xx_ll_sdmmc.c ****   (void)SDMMC_SendCommand(SDMMCx, &sdmmc_cmdinit);
 670:Drivers/STM32H7xx_HAL_Driver/Src/stm32h7xx_ll_sdmmc.c **** 
 671:Drivers/STM32H7xx_HAL_Driver/Src/stm32h7xx_ll_sdmmc.c ****   /* Check for error conditions */
 672:Drivers/STM32H7xx_HAL_Driver/Src/stm32h7xx_ll_sdmmc.c ****   errorstate = SDMMC_GetCmdResp1(SDMMCx, SDMMC_CMD_SD_ERASE_GRP_START, SDMMC_CMDTIMEOUT);
 673:Drivers/STM32H7xx_HAL_Driver/Src/stm32h7xx_ll_sdmmc.c **** 
 674:Drivers/STM32H7xx_HAL_Driver/Src/stm32h7xx_ll_sdmmc.c ****   return errorstate;
 675:Drivers/STM32H7xx_HAL_Driver/Src/stm32h7xx_ll_sdmmc.c **** }
 676:Drivers/STM32H7xx_HAL_Driver/Src/stm32h7xx_ll_sdmmc.c **** 
 677:Drivers/STM32H7xx_HAL_Driver/Src/stm32h7xx_ll_sdmmc.c **** /**
 678:Drivers/STM32H7xx_HAL_Driver/Src/stm32h7xx_ll_sdmmc.c ****   * @brief  Send the End Address Erase command for SD and check the response
 679:Drivers/STM32H7xx_HAL_Driver/Src/stm32h7xx_ll_sdmmc.c ****   * @param  SDMMCx: Pointer to SDMMC register base
 680:Drivers/STM32H7xx_HAL_Driver/Src/stm32h7xx_ll_sdmmc.c ****   * @retval HAL status
 681:Drivers/STM32H7xx_HAL_Driver/Src/stm32h7xx_ll_sdmmc.c ****   */
 682:Drivers/STM32H7xx_HAL_Driver/Src/stm32h7xx_ll_sdmmc.c **** uint32_t SDMMC_CmdSDEraseEndAdd(SDMMC_TypeDef *SDMMCx, uint32_t EndAdd)
 683:Drivers/STM32H7xx_HAL_Driver/Src/stm32h7xx_ll_sdmmc.c **** {
 684:Drivers/STM32H7xx_HAL_Driver/Src/stm32h7xx_ll_sdmmc.c ****   SDMMC_CmdInitTypeDef  sdmmc_cmdinit;
 685:Drivers/STM32H7xx_HAL_Driver/Src/stm32h7xx_ll_sdmmc.c ****   uint32_t errorstate;
 686:Drivers/STM32H7xx_HAL_Driver/Src/stm32h7xx_ll_sdmmc.c **** 
 687:Drivers/STM32H7xx_HAL_Driver/Src/stm32h7xx_ll_sdmmc.c ****   /* Set Block Size for Card */
 688:Drivers/STM32H7xx_HAL_Driver/Src/stm32h7xx_ll_sdmmc.c ****   sdmmc_cmdinit.Argument         = (uint32_t)EndAdd;
 689:Drivers/STM32H7xx_HAL_Driver/Src/stm32h7xx_ll_sdmmc.c ****   sdmmc_cmdinit.CmdIndex         = SDMMC_CMD_SD_ERASE_GRP_END;
 690:Drivers/STM32H7xx_HAL_Driver/Src/stm32h7xx_ll_sdmmc.c ****   sdmmc_cmdinit.Response         = SDMMC_RESPONSE_SHORT;
 691:Drivers/STM32H7xx_HAL_Driver/Src/stm32h7xx_ll_sdmmc.c ****   sdmmc_cmdinit.WaitForInterrupt = SDMMC_WAIT_NO;
 692:Drivers/STM32H7xx_HAL_Driver/Src/stm32h7xx_ll_sdmmc.c ****   sdmmc_cmdinit.CPSM             = SDMMC_CPSM_ENABLE;
 693:Drivers/STM32H7xx_HAL_Driver/Src/stm32h7xx_ll_sdmmc.c ****   (void)SDMMC_SendCommand(SDMMCx, &sdmmc_cmdinit);
 694:Drivers/STM32H7xx_HAL_Driver/Src/stm32h7xx_ll_sdmmc.c **** 
 695:Drivers/STM32H7xx_HAL_Driver/Src/stm32h7xx_ll_sdmmc.c ****   /* Check for error conditions */
 696:Drivers/STM32H7xx_HAL_Driver/Src/stm32h7xx_ll_sdmmc.c ****   errorstate = SDMMC_GetCmdResp1(SDMMCx, SDMMC_CMD_SD_ERASE_GRP_END, SDMMC_CMDTIMEOUT);
 697:Drivers/STM32H7xx_HAL_Driver/Src/stm32h7xx_ll_sdmmc.c **** 
 698:Drivers/STM32H7xx_HAL_Driver/Src/stm32h7xx_ll_sdmmc.c ****   return errorstate;
 699:Drivers/STM32H7xx_HAL_Driver/Src/stm32h7xx_ll_sdmmc.c **** }
 700:Drivers/STM32H7xx_HAL_Driver/Src/stm32h7xx_ll_sdmmc.c **** 
 701:Drivers/STM32H7xx_HAL_Driver/Src/stm32h7xx_ll_sdmmc.c **** /**
 702:Drivers/STM32H7xx_HAL_Driver/Src/stm32h7xx_ll_sdmmc.c ****   * @brief  Send the Start Address Erase command and check the response
 703:Drivers/STM32H7xx_HAL_Driver/Src/stm32h7xx_ll_sdmmc.c ****   * @param  SDMMCx: Pointer to SDMMC register base
 704:Drivers/STM32H7xx_HAL_Driver/Src/stm32h7xx_ll_sdmmc.c ****   * @retval HAL status
 705:Drivers/STM32H7xx_HAL_Driver/Src/stm32h7xx_ll_sdmmc.c ****   */
 706:Drivers/STM32H7xx_HAL_Driver/Src/stm32h7xx_ll_sdmmc.c **** uint32_t SDMMC_CmdEraseStartAdd(SDMMC_TypeDef *SDMMCx, uint32_t StartAdd)
 707:Drivers/STM32H7xx_HAL_Driver/Src/stm32h7xx_ll_sdmmc.c **** {
 708:Drivers/STM32H7xx_HAL_Driver/Src/stm32h7xx_ll_sdmmc.c ****   SDMMC_CmdInitTypeDef  sdmmc_cmdinit;
 709:Drivers/STM32H7xx_HAL_Driver/Src/stm32h7xx_ll_sdmmc.c ****   uint32_t errorstate;
 710:Drivers/STM32H7xx_HAL_Driver/Src/stm32h7xx_ll_sdmmc.c **** 
 711:Drivers/STM32H7xx_HAL_Driver/Src/stm32h7xx_ll_sdmmc.c ****   /* Set Block Size for Card */
 712:Drivers/STM32H7xx_HAL_Driver/Src/stm32h7xx_ll_sdmmc.c ****   sdmmc_cmdinit.Argument         = (uint32_t)StartAdd;
 713:Drivers/STM32H7xx_HAL_Driver/Src/stm32h7xx_ll_sdmmc.c ****   sdmmc_cmdinit.CmdIndex         = SDMMC_CMD_ERASE_GRP_START;
 714:Drivers/STM32H7xx_HAL_Driver/Src/stm32h7xx_ll_sdmmc.c ****   sdmmc_cmdinit.Response         = SDMMC_RESPONSE_SHORT;
 715:Drivers/STM32H7xx_HAL_Driver/Src/stm32h7xx_ll_sdmmc.c ****   sdmmc_cmdinit.WaitForInterrupt = SDMMC_WAIT_NO;
ARM GAS  C:\Users\Made\AppData\Local\Temp\ccTdy2Vr.s 			page 14


 716:Drivers/STM32H7xx_HAL_Driver/Src/stm32h7xx_ll_sdmmc.c ****   sdmmc_cmdinit.CPSM             = SDMMC_CPSM_ENABLE;
 717:Drivers/STM32H7xx_HAL_Driver/Src/stm32h7xx_ll_sdmmc.c ****   (void)SDMMC_SendCommand(SDMMCx, &sdmmc_cmdinit);
 718:Drivers/STM32H7xx_HAL_Driver/Src/stm32h7xx_ll_sdmmc.c **** 
 719:Drivers/STM32H7xx_HAL_Driver/Src/stm32h7xx_ll_sdmmc.c ****   /* Check for error conditions */
 720:Drivers/STM32H7xx_HAL_Driver/Src/stm32h7xx_ll_sdmmc.c ****   errorstate = SDMMC_GetCmdResp1(SDMMCx, SDMMC_CMD_ERASE_GRP_START, SDMMC_CMDTIMEOUT);
 721:Drivers/STM32H7xx_HAL_Driver/Src/stm32h7xx_ll_sdmmc.c **** 
 722:Drivers/STM32H7xx_HAL_Driver/Src/stm32h7xx_ll_sdmmc.c ****   return errorstate;
 723:Drivers/STM32H7xx_HAL_Driver/Src/stm32h7xx_ll_sdmmc.c **** }
 724:Drivers/STM32H7xx_HAL_Driver/Src/stm32h7xx_ll_sdmmc.c **** 
 725:Drivers/STM32H7xx_HAL_Driver/Src/stm32h7xx_ll_sdmmc.c **** /**
 726:Drivers/STM32H7xx_HAL_Driver/Src/stm32h7xx_ll_sdmmc.c ****   * @brief  Send the End Address Erase command and check the response
 727:Drivers/STM32H7xx_HAL_Driver/Src/stm32h7xx_ll_sdmmc.c ****   * @param  SDMMCx: Pointer to SDMMC register base
 728:Drivers/STM32H7xx_HAL_Driver/Src/stm32h7xx_ll_sdmmc.c ****   * @retval HAL status
 729:Drivers/STM32H7xx_HAL_Driver/Src/stm32h7xx_ll_sdmmc.c ****   */
 730:Drivers/STM32H7xx_HAL_Driver/Src/stm32h7xx_ll_sdmmc.c **** uint32_t SDMMC_CmdEraseEndAdd(SDMMC_TypeDef *SDMMCx, uint32_t EndAdd)
 731:Drivers/STM32H7xx_HAL_Driver/Src/stm32h7xx_ll_sdmmc.c **** {
 732:Drivers/STM32H7xx_HAL_Driver/Src/stm32h7xx_ll_sdmmc.c ****   SDMMC_CmdInitTypeDef  sdmmc_cmdinit;
 733:Drivers/STM32H7xx_HAL_Driver/Src/stm32h7xx_ll_sdmmc.c ****   uint32_t errorstate;
 734:Drivers/STM32H7xx_HAL_Driver/Src/stm32h7xx_ll_sdmmc.c **** 
 735:Drivers/STM32H7xx_HAL_Driver/Src/stm32h7xx_ll_sdmmc.c ****   /* Set Block Size for Card */
 736:Drivers/STM32H7xx_HAL_Driver/Src/stm32h7xx_ll_sdmmc.c ****   sdmmc_cmdinit.Argument         = (uint32_t)EndAdd;
 737:Drivers/STM32H7xx_HAL_Driver/Src/stm32h7xx_ll_sdmmc.c ****   sdmmc_cmdinit.CmdIndex         = SDMMC_CMD_ERASE_GRP_END;
 738:Drivers/STM32H7xx_HAL_Driver/Src/stm32h7xx_ll_sdmmc.c ****   sdmmc_cmdinit.Response         = SDMMC_RESPONSE_SHORT;
 739:Drivers/STM32H7xx_HAL_Driver/Src/stm32h7xx_ll_sdmmc.c ****   sdmmc_cmdinit.WaitForInterrupt = SDMMC_WAIT_NO;
 740:Drivers/STM32H7xx_HAL_Driver/Src/stm32h7xx_ll_sdmmc.c ****   sdmmc_cmdinit.CPSM             = SDMMC_CPSM_ENABLE;
 741:Drivers/STM32H7xx_HAL_Driver/Src/stm32h7xx_ll_sdmmc.c ****   (void)SDMMC_SendCommand(SDMMCx, &sdmmc_cmdinit);
 742:Drivers/STM32H7xx_HAL_Driver/Src/stm32h7xx_ll_sdmmc.c **** 
 743:Drivers/STM32H7xx_HAL_Driver/Src/stm32h7xx_ll_sdmmc.c ****   /* Check for error conditions */
 744:Drivers/STM32H7xx_HAL_Driver/Src/stm32h7xx_ll_sdmmc.c ****   errorstate = SDMMC_GetCmdResp1(SDMMCx, SDMMC_CMD_ERASE_GRP_END, SDMMC_CMDTIMEOUT);
 745:Drivers/STM32H7xx_HAL_Driver/Src/stm32h7xx_ll_sdmmc.c **** 
 746:Drivers/STM32H7xx_HAL_Driver/Src/stm32h7xx_ll_sdmmc.c ****   return errorstate;
 747:Drivers/STM32H7xx_HAL_Driver/Src/stm32h7xx_ll_sdmmc.c **** }
 748:Drivers/STM32H7xx_HAL_Driver/Src/stm32h7xx_ll_sdmmc.c **** 
 749:Drivers/STM32H7xx_HAL_Driver/Src/stm32h7xx_ll_sdmmc.c **** /**
 750:Drivers/STM32H7xx_HAL_Driver/Src/stm32h7xx_ll_sdmmc.c ****   * @brief  Send the Erase command and check the response
 751:Drivers/STM32H7xx_HAL_Driver/Src/stm32h7xx_ll_sdmmc.c ****   * @param  SDMMCx Pointer to SDMMC register base
 752:Drivers/STM32H7xx_HAL_Driver/Src/stm32h7xx_ll_sdmmc.c ****   * @param  EraseType Type of erase to be performed
 753:Drivers/STM32H7xx_HAL_Driver/Src/stm32h7xx_ll_sdmmc.c ****   * @retval HAL status
 754:Drivers/STM32H7xx_HAL_Driver/Src/stm32h7xx_ll_sdmmc.c ****   */
 755:Drivers/STM32H7xx_HAL_Driver/Src/stm32h7xx_ll_sdmmc.c **** uint32_t SDMMC_CmdErase(SDMMC_TypeDef *SDMMCx, uint32_t EraseType)
 756:Drivers/STM32H7xx_HAL_Driver/Src/stm32h7xx_ll_sdmmc.c **** {
 757:Drivers/STM32H7xx_HAL_Driver/Src/stm32h7xx_ll_sdmmc.c ****   SDMMC_CmdInitTypeDef  sdmmc_cmdinit;
 758:Drivers/STM32H7xx_HAL_Driver/Src/stm32h7xx_ll_sdmmc.c ****   uint32_t errorstate;
 759:Drivers/STM32H7xx_HAL_Driver/Src/stm32h7xx_ll_sdmmc.c **** 
 760:Drivers/STM32H7xx_HAL_Driver/Src/stm32h7xx_ll_sdmmc.c ****   /* Set Block Size for Card */
 761:Drivers/STM32H7xx_HAL_Driver/Src/stm32h7xx_ll_sdmmc.c ****   sdmmc_cmdinit.Argument         = EraseType;
 762:Drivers/STM32H7xx_HAL_Driver/Src/stm32h7xx_ll_sdmmc.c ****   sdmmc_cmdinit.CmdIndex         = SDMMC_CMD_ERASE;
 763:Drivers/STM32H7xx_HAL_Driver/Src/stm32h7xx_ll_sdmmc.c ****   sdmmc_cmdinit.Response         = SDMMC_RESPONSE_SHORT;
 764:Drivers/STM32H7xx_HAL_Driver/Src/stm32h7xx_ll_sdmmc.c ****   sdmmc_cmdinit.WaitForInterrupt = SDMMC_WAIT_NO;
 765:Drivers/STM32H7xx_HAL_Driver/Src/stm32h7xx_ll_sdmmc.c ****   sdmmc_cmdinit.CPSM             = SDMMC_CPSM_ENABLE;
 766:Drivers/STM32H7xx_HAL_Driver/Src/stm32h7xx_ll_sdmmc.c ****   (void)SDMMC_SendCommand(SDMMCx, &sdmmc_cmdinit);
 767:Drivers/STM32H7xx_HAL_Driver/Src/stm32h7xx_ll_sdmmc.c **** 
 768:Drivers/STM32H7xx_HAL_Driver/Src/stm32h7xx_ll_sdmmc.c ****   /* Check for error conditions */
 769:Drivers/STM32H7xx_HAL_Driver/Src/stm32h7xx_ll_sdmmc.c ****   errorstate = SDMMC_GetCmdResp1(SDMMCx, SDMMC_CMD_ERASE, SDMMC_MAXERASETIMEOUT);
 770:Drivers/STM32H7xx_HAL_Driver/Src/stm32h7xx_ll_sdmmc.c **** 
 771:Drivers/STM32H7xx_HAL_Driver/Src/stm32h7xx_ll_sdmmc.c ****   return errorstate;
 772:Drivers/STM32H7xx_HAL_Driver/Src/stm32h7xx_ll_sdmmc.c **** }
ARM GAS  C:\Users\Made\AppData\Local\Temp\ccTdy2Vr.s 			page 15


 773:Drivers/STM32H7xx_HAL_Driver/Src/stm32h7xx_ll_sdmmc.c **** 
 774:Drivers/STM32H7xx_HAL_Driver/Src/stm32h7xx_ll_sdmmc.c **** /**
 775:Drivers/STM32H7xx_HAL_Driver/Src/stm32h7xx_ll_sdmmc.c ****   * @brief  Send the Stop Transfer command and check the response.
 776:Drivers/STM32H7xx_HAL_Driver/Src/stm32h7xx_ll_sdmmc.c ****   * @param  SDMMCx: Pointer to SDMMC register base
 777:Drivers/STM32H7xx_HAL_Driver/Src/stm32h7xx_ll_sdmmc.c ****   * @retval HAL status
 778:Drivers/STM32H7xx_HAL_Driver/Src/stm32h7xx_ll_sdmmc.c ****   */
 779:Drivers/STM32H7xx_HAL_Driver/Src/stm32h7xx_ll_sdmmc.c **** uint32_t SDMMC_CmdStopTransfer(SDMMC_TypeDef *SDMMCx)
 780:Drivers/STM32H7xx_HAL_Driver/Src/stm32h7xx_ll_sdmmc.c **** {
 781:Drivers/STM32H7xx_HAL_Driver/Src/stm32h7xx_ll_sdmmc.c ****   SDMMC_CmdInitTypeDef  sdmmc_cmdinit;
 782:Drivers/STM32H7xx_HAL_Driver/Src/stm32h7xx_ll_sdmmc.c ****   uint32_t errorstate;
 783:Drivers/STM32H7xx_HAL_Driver/Src/stm32h7xx_ll_sdmmc.c **** 
 784:Drivers/STM32H7xx_HAL_Driver/Src/stm32h7xx_ll_sdmmc.c ****   /* Send CMD12 STOP_TRANSMISSION  */
 785:Drivers/STM32H7xx_HAL_Driver/Src/stm32h7xx_ll_sdmmc.c ****   sdmmc_cmdinit.Argument         = 0U;
 786:Drivers/STM32H7xx_HAL_Driver/Src/stm32h7xx_ll_sdmmc.c ****   sdmmc_cmdinit.CmdIndex         = SDMMC_CMD_STOP_TRANSMISSION;
 787:Drivers/STM32H7xx_HAL_Driver/Src/stm32h7xx_ll_sdmmc.c ****   sdmmc_cmdinit.Response         = SDMMC_RESPONSE_SHORT;
 788:Drivers/STM32H7xx_HAL_Driver/Src/stm32h7xx_ll_sdmmc.c ****   sdmmc_cmdinit.WaitForInterrupt = SDMMC_WAIT_NO;
 789:Drivers/STM32H7xx_HAL_Driver/Src/stm32h7xx_ll_sdmmc.c ****   sdmmc_cmdinit.CPSM             = SDMMC_CPSM_ENABLE;
 790:Drivers/STM32H7xx_HAL_Driver/Src/stm32h7xx_ll_sdmmc.c **** 
 791:Drivers/STM32H7xx_HAL_Driver/Src/stm32h7xx_ll_sdmmc.c ****   __SDMMC_CMDSTOP_ENABLE(SDMMCx);
 792:Drivers/STM32H7xx_HAL_Driver/Src/stm32h7xx_ll_sdmmc.c ****   __SDMMC_CMDTRANS_DISABLE(SDMMCx);
 793:Drivers/STM32H7xx_HAL_Driver/Src/stm32h7xx_ll_sdmmc.c **** 
 794:Drivers/STM32H7xx_HAL_Driver/Src/stm32h7xx_ll_sdmmc.c ****   (void)SDMMC_SendCommand(SDMMCx, &sdmmc_cmdinit);
 795:Drivers/STM32H7xx_HAL_Driver/Src/stm32h7xx_ll_sdmmc.c **** 
 796:Drivers/STM32H7xx_HAL_Driver/Src/stm32h7xx_ll_sdmmc.c ****   /* Check for error conditions */
 797:Drivers/STM32H7xx_HAL_Driver/Src/stm32h7xx_ll_sdmmc.c ****   errorstate = SDMMC_GetCmdResp1(SDMMCx, SDMMC_CMD_STOP_TRANSMISSION, SDMMC_STOPTRANSFERTIMEOUT);
 798:Drivers/STM32H7xx_HAL_Driver/Src/stm32h7xx_ll_sdmmc.c **** 
 799:Drivers/STM32H7xx_HAL_Driver/Src/stm32h7xx_ll_sdmmc.c ****   __SDMMC_CMDSTOP_DISABLE(SDMMCx);
 800:Drivers/STM32H7xx_HAL_Driver/Src/stm32h7xx_ll_sdmmc.c **** 
 801:Drivers/STM32H7xx_HAL_Driver/Src/stm32h7xx_ll_sdmmc.c ****   /* Ignore Address Out Of Range Error, Not relevant at end of memory */
 802:Drivers/STM32H7xx_HAL_Driver/Src/stm32h7xx_ll_sdmmc.c ****   if (errorstate == SDMMC_ERROR_ADDR_OUT_OF_RANGE)
 803:Drivers/STM32H7xx_HAL_Driver/Src/stm32h7xx_ll_sdmmc.c ****   {
 804:Drivers/STM32H7xx_HAL_Driver/Src/stm32h7xx_ll_sdmmc.c ****     errorstate = SDMMC_ERROR_NONE;
 805:Drivers/STM32H7xx_HAL_Driver/Src/stm32h7xx_ll_sdmmc.c ****   }
 806:Drivers/STM32H7xx_HAL_Driver/Src/stm32h7xx_ll_sdmmc.c **** 
 807:Drivers/STM32H7xx_HAL_Driver/Src/stm32h7xx_ll_sdmmc.c ****   return errorstate;
 808:Drivers/STM32H7xx_HAL_Driver/Src/stm32h7xx_ll_sdmmc.c **** }
 809:Drivers/STM32H7xx_HAL_Driver/Src/stm32h7xx_ll_sdmmc.c **** 
 810:Drivers/STM32H7xx_HAL_Driver/Src/stm32h7xx_ll_sdmmc.c **** /**
 811:Drivers/STM32H7xx_HAL_Driver/Src/stm32h7xx_ll_sdmmc.c ****   * @brief  Send the Select Deselect command and check the response.
 812:Drivers/STM32H7xx_HAL_Driver/Src/stm32h7xx_ll_sdmmc.c ****   * @param  SDMMCx: Pointer to SDMMC register base
 813:Drivers/STM32H7xx_HAL_Driver/Src/stm32h7xx_ll_sdmmc.c ****   * @param  addr: Address of the card to be selected
 814:Drivers/STM32H7xx_HAL_Driver/Src/stm32h7xx_ll_sdmmc.c ****   * @retval HAL status
 815:Drivers/STM32H7xx_HAL_Driver/Src/stm32h7xx_ll_sdmmc.c ****   */
 816:Drivers/STM32H7xx_HAL_Driver/Src/stm32h7xx_ll_sdmmc.c **** uint32_t SDMMC_CmdSelDesel(SDMMC_TypeDef *SDMMCx, uint32_t Addr)
 817:Drivers/STM32H7xx_HAL_Driver/Src/stm32h7xx_ll_sdmmc.c **** {
 818:Drivers/STM32H7xx_HAL_Driver/Src/stm32h7xx_ll_sdmmc.c ****   SDMMC_CmdInitTypeDef  sdmmc_cmdinit;
 819:Drivers/STM32H7xx_HAL_Driver/Src/stm32h7xx_ll_sdmmc.c ****   uint32_t errorstate;
 820:Drivers/STM32H7xx_HAL_Driver/Src/stm32h7xx_ll_sdmmc.c **** 
 821:Drivers/STM32H7xx_HAL_Driver/Src/stm32h7xx_ll_sdmmc.c ****   /* Send CMD7 SDMMC_SEL_DESEL_CARD */
 822:Drivers/STM32H7xx_HAL_Driver/Src/stm32h7xx_ll_sdmmc.c ****   sdmmc_cmdinit.Argument         = (uint32_t)Addr;
 823:Drivers/STM32H7xx_HAL_Driver/Src/stm32h7xx_ll_sdmmc.c ****   sdmmc_cmdinit.CmdIndex         = SDMMC_CMD_SEL_DESEL_CARD;
 824:Drivers/STM32H7xx_HAL_Driver/Src/stm32h7xx_ll_sdmmc.c ****   sdmmc_cmdinit.Response         = SDMMC_RESPONSE_SHORT;
 825:Drivers/STM32H7xx_HAL_Driver/Src/stm32h7xx_ll_sdmmc.c ****   sdmmc_cmdinit.WaitForInterrupt = SDMMC_WAIT_NO;
 826:Drivers/STM32H7xx_HAL_Driver/Src/stm32h7xx_ll_sdmmc.c ****   sdmmc_cmdinit.CPSM             = SDMMC_CPSM_ENABLE;
 827:Drivers/STM32H7xx_HAL_Driver/Src/stm32h7xx_ll_sdmmc.c ****   (void)SDMMC_SendCommand(SDMMCx, &sdmmc_cmdinit);
 828:Drivers/STM32H7xx_HAL_Driver/Src/stm32h7xx_ll_sdmmc.c **** 
 829:Drivers/STM32H7xx_HAL_Driver/Src/stm32h7xx_ll_sdmmc.c ****   /* Check for error conditions */
ARM GAS  C:\Users\Made\AppData\Local\Temp\ccTdy2Vr.s 			page 16


 830:Drivers/STM32H7xx_HAL_Driver/Src/stm32h7xx_ll_sdmmc.c ****   errorstate = SDMMC_GetCmdResp1(SDMMCx, SDMMC_CMD_SEL_DESEL_CARD, SDMMC_CMDTIMEOUT);
 831:Drivers/STM32H7xx_HAL_Driver/Src/stm32h7xx_ll_sdmmc.c **** 
 832:Drivers/STM32H7xx_HAL_Driver/Src/stm32h7xx_ll_sdmmc.c ****   return errorstate;
 833:Drivers/STM32H7xx_HAL_Driver/Src/stm32h7xx_ll_sdmmc.c **** }
 834:Drivers/STM32H7xx_HAL_Driver/Src/stm32h7xx_ll_sdmmc.c **** 
 835:Drivers/STM32H7xx_HAL_Driver/Src/stm32h7xx_ll_sdmmc.c **** /**
 836:Drivers/STM32H7xx_HAL_Driver/Src/stm32h7xx_ll_sdmmc.c ****   * @brief  Send the Go Idle State command and check the response.
 837:Drivers/STM32H7xx_HAL_Driver/Src/stm32h7xx_ll_sdmmc.c ****   * @param  SDMMCx: Pointer to SDMMC register base
 838:Drivers/STM32H7xx_HAL_Driver/Src/stm32h7xx_ll_sdmmc.c ****   * @retval HAL status
 839:Drivers/STM32H7xx_HAL_Driver/Src/stm32h7xx_ll_sdmmc.c ****   */
 840:Drivers/STM32H7xx_HAL_Driver/Src/stm32h7xx_ll_sdmmc.c **** uint32_t SDMMC_CmdGoIdleState(SDMMC_TypeDef *SDMMCx)
 841:Drivers/STM32H7xx_HAL_Driver/Src/stm32h7xx_ll_sdmmc.c **** {
 842:Drivers/STM32H7xx_HAL_Driver/Src/stm32h7xx_ll_sdmmc.c ****   SDMMC_CmdInitTypeDef  sdmmc_cmdinit;
 843:Drivers/STM32H7xx_HAL_Driver/Src/stm32h7xx_ll_sdmmc.c ****   uint32_t errorstate;
 844:Drivers/STM32H7xx_HAL_Driver/Src/stm32h7xx_ll_sdmmc.c **** 
 845:Drivers/STM32H7xx_HAL_Driver/Src/stm32h7xx_ll_sdmmc.c ****   sdmmc_cmdinit.Argument         = 0U;
 846:Drivers/STM32H7xx_HAL_Driver/Src/stm32h7xx_ll_sdmmc.c ****   sdmmc_cmdinit.CmdIndex         = SDMMC_CMD_GO_IDLE_STATE;
 847:Drivers/STM32H7xx_HAL_Driver/Src/stm32h7xx_ll_sdmmc.c ****   sdmmc_cmdinit.Response         = SDMMC_RESPONSE_NO;
 848:Drivers/STM32H7xx_HAL_Driver/Src/stm32h7xx_ll_sdmmc.c ****   sdmmc_cmdinit.WaitForInterrupt = SDMMC_WAIT_NO;
 849:Drivers/STM32H7xx_HAL_Driver/Src/stm32h7xx_ll_sdmmc.c ****   sdmmc_cmdinit.CPSM             = SDMMC_CPSM_ENABLE;
 850:Drivers/STM32H7xx_HAL_Driver/Src/stm32h7xx_ll_sdmmc.c ****   (void)SDMMC_SendCommand(SDMMCx, &sdmmc_cmdinit);
 851:Drivers/STM32H7xx_HAL_Driver/Src/stm32h7xx_ll_sdmmc.c **** 
 852:Drivers/STM32H7xx_HAL_Driver/Src/stm32h7xx_ll_sdmmc.c ****   /* Check for error conditions */
 853:Drivers/STM32H7xx_HAL_Driver/Src/stm32h7xx_ll_sdmmc.c ****   errorstate = SDMMC_GetCmdError(SDMMCx);
 854:Drivers/STM32H7xx_HAL_Driver/Src/stm32h7xx_ll_sdmmc.c **** 
 855:Drivers/STM32H7xx_HAL_Driver/Src/stm32h7xx_ll_sdmmc.c ****   return errorstate;
 856:Drivers/STM32H7xx_HAL_Driver/Src/stm32h7xx_ll_sdmmc.c **** }
 857:Drivers/STM32H7xx_HAL_Driver/Src/stm32h7xx_ll_sdmmc.c **** 
 858:Drivers/STM32H7xx_HAL_Driver/Src/stm32h7xx_ll_sdmmc.c **** /**
 859:Drivers/STM32H7xx_HAL_Driver/Src/stm32h7xx_ll_sdmmc.c ****   * @brief  Send the Operating Condition command and check the response.
 860:Drivers/STM32H7xx_HAL_Driver/Src/stm32h7xx_ll_sdmmc.c ****   * @param  SDMMCx: Pointer to SDMMC register base
 861:Drivers/STM32H7xx_HAL_Driver/Src/stm32h7xx_ll_sdmmc.c ****   * @retval HAL status
 862:Drivers/STM32H7xx_HAL_Driver/Src/stm32h7xx_ll_sdmmc.c ****   */
 863:Drivers/STM32H7xx_HAL_Driver/Src/stm32h7xx_ll_sdmmc.c **** uint32_t SDMMC_CmdOperCond(SDMMC_TypeDef *SDMMCx)
 864:Drivers/STM32H7xx_HAL_Driver/Src/stm32h7xx_ll_sdmmc.c **** {
 865:Drivers/STM32H7xx_HAL_Driver/Src/stm32h7xx_ll_sdmmc.c ****   SDMMC_CmdInitTypeDef  sdmmc_cmdinit;
 866:Drivers/STM32H7xx_HAL_Driver/Src/stm32h7xx_ll_sdmmc.c ****   uint32_t errorstate;
 867:Drivers/STM32H7xx_HAL_Driver/Src/stm32h7xx_ll_sdmmc.c **** 
 868:Drivers/STM32H7xx_HAL_Driver/Src/stm32h7xx_ll_sdmmc.c ****   /* Send CMD8 to verify SD card interface operating condition */
 869:Drivers/STM32H7xx_HAL_Driver/Src/stm32h7xx_ll_sdmmc.c ****   /* Argument: - [31:12]: Reserved (shall be set to '0')
 870:Drivers/STM32H7xx_HAL_Driver/Src/stm32h7xx_ll_sdmmc.c ****   - [11:8]: Supply Voltage (VHS) 0x1 (Range: 2.7-3.6 V)
 871:Drivers/STM32H7xx_HAL_Driver/Src/stm32h7xx_ll_sdmmc.c ****   - [7:0]: Check Pattern (recommended 0xAA) */
 872:Drivers/STM32H7xx_HAL_Driver/Src/stm32h7xx_ll_sdmmc.c ****   /* CMD Response: R7 */
 873:Drivers/STM32H7xx_HAL_Driver/Src/stm32h7xx_ll_sdmmc.c ****   sdmmc_cmdinit.Argument         = SDMMC_CHECK_PATTERN;
 874:Drivers/STM32H7xx_HAL_Driver/Src/stm32h7xx_ll_sdmmc.c ****   sdmmc_cmdinit.CmdIndex         = SDMMC_CMD_HS_SEND_EXT_CSD;
 875:Drivers/STM32H7xx_HAL_Driver/Src/stm32h7xx_ll_sdmmc.c ****   sdmmc_cmdinit.Response         = SDMMC_RESPONSE_SHORT;
 876:Drivers/STM32H7xx_HAL_Driver/Src/stm32h7xx_ll_sdmmc.c ****   sdmmc_cmdinit.WaitForInterrupt = SDMMC_WAIT_NO;
 877:Drivers/STM32H7xx_HAL_Driver/Src/stm32h7xx_ll_sdmmc.c ****   sdmmc_cmdinit.CPSM             = SDMMC_CPSM_ENABLE;
 878:Drivers/STM32H7xx_HAL_Driver/Src/stm32h7xx_ll_sdmmc.c ****   (void)SDMMC_SendCommand(SDMMCx, &sdmmc_cmdinit);
 879:Drivers/STM32H7xx_HAL_Driver/Src/stm32h7xx_ll_sdmmc.c **** 
 880:Drivers/STM32H7xx_HAL_Driver/Src/stm32h7xx_ll_sdmmc.c ****   /* Check for error conditions */
 881:Drivers/STM32H7xx_HAL_Driver/Src/stm32h7xx_ll_sdmmc.c ****   errorstate = SDMMC_GetCmdResp7(SDMMCx);
 882:Drivers/STM32H7xx_HAL_Driver/Src/stm32h7xx_ll_sdmmc.c **** 
 883:Drivers/STM32H7xx_HAL_Driver/Src/stm32h7xx_ll_sdmmc.c ****   return errorstate;
 884:Drivers/STM32H7xx_HAL_Driver/Src/stm32h7xx_ll_sdmmc.c **** }
 885:Drivers/STM32H7xx_HAL_Driver/Src/stm32h7xx_ll_sdmmc.c **** 
 886:Drivers/STM32H7xx_HAL_Driver/Src/stm32h7xx_ll_sdmmc.c **** /**
ARM GAS  C:\Users\Made\AppData\Local\Temp\ccTdy2Vr.s 			page 17


 887:Drivers/STM32H7xx_HAL_Driver/Src/stm32h7xx_ll_sdmmc.c ****   * @brief  Send the Application command to verify that that the next command
 888:Drivers/STM32H7xx_HAL_Driver/Src/stm32h7xx_ll_sdmmc.c ****   *         is an application specific com-mand rather than a standard command
 889:Drivers/STM32H7xx_HAL_Driver/Src/stm32h7xx_ll_sdmmc.c ****   *         and check the response.
 890:Drivers/STM32H7xx_HAL_Driver/Src/stm32h7xx_ll_sdmmc.c ****   * @param  SDMMCx: Pointer to SDMMC register base
 891:Drivers/STM32H7xx_HAL_Driver/Src/stm32h7xx_ll_sdmmc.c ****   * @param  Argument: Command Argument
 892:Drivers/STM32H7xx_HAL_Driver/Src/stm32h7xx_ll_sdmmc.c ****   * @retval HAL status
 893:Drivers/STM32H7xx_HAL_Driver/Src/stm32h7xx_ll_sdmmc.c ****   */
 894:Drivers/STM32H7xx_HAL_Driver/Src/stm32h7xx_ll_sdmmc.c **** uint32_t SDMMC_CmdAppCommand(SDMMC_TypeDef *SDMMCx, uint32_t Argument)
 895:Drivers/STM32H7xx_HAL_Driver/Src/stm32h7xx_ll_sdmmc.c **** {
 896:Drivers/STM32H7xx_HAL_Driver/Src/stm32h7xx_ll_sdmmc.c ****   SDMMC_CmdInitTypeDef  sdmmc_cmdinit;
 897:Drivers/STM32H7xx_HAL_Driver/Src/stm32h7xx_ll_sdmmc.c ****   uint32_t errorstate;
 898:Drivers/STM32H7xx_HAL_Driver/Src/stm32h7xx_ll_sdmmc.c **** 
 899:Drivers/STM32H7xx_HAL_Driver/Src/stm32h7xx_ll_sdmmc.c ****   sdmmc_cmdinit.Argument         = (uint32_t)Argument;
 900:Drivers/STM32H7xx_HAL_Driver/Src/stm32h7xx_ll_sdmmc.c ****   sdmmc_cmdinit.CmdIndex         = SDMMC_CMD_APP_CMD;
 901:Drivers/STM32H7xx_HAL_Driver/Src/stm32h7xx_ll_sdmmc.c ****   sdmmc_cmdinit.Response         = SDMMC_RESPONSE_SHORT;
 902:Drivers/STM32H7xx_HAL_Driver/Src/stm32h7xx_ll_sdmmc.c ****   sdmmc_cmdinit.WaitForInterrupt = SDMMC_WAIT_NO;
 903:Drivers/STM32H7xx_HAL_Driver/Src/stm32h7xx_ll_sdmmc.c ****   sdmmc_cmdinit.CPSM             = SDMMC_CPSM_ENABLE;
 904:Drivers/STM32H7xx_HAL_Driver/Src/stm32h7xx_ll_sdmmc.c ****   (void)SDMMC_SendCommand(SDMMCx, &sdmmc_cmdinit);
 905:Drivers/STM32H7xx_HAL_Driver/Src/stm32h7xx_ll_sdmmc.c **** 
 906:Drivers/STM32H7xx_HAL_Driver/Src/stm32h7xx_ll_sdmmc.c ****   /* Check for error conditions */
 907:Drivers/STM32H7xx_HAL_Driver/Src/stm32h7xx_ll_sdmmc.c ****   /* If there is a HAL_ERROR, it is a MMC card, else
 908:Drivers/STM32H7xx_HAL_Driver/Src/stm32h7xx_ll_sdmmc.c ****   it is a SD card: SD card 2.0 (voltage range mismatch)
 909:Drivers/STM32H7xx_HAL_Driver/Src/stm32h7xx_ll_sdmmc.c ****      or SD card 1.x */
 910:Drivers/STM32H7xx_HAL_Driver/Src/stm32h7xx_ll_sdmmc.c ****   errorstate = SDMMC_GetCmdResp1(SDMMCx, SDMMC_CMD_APP_CMD, SDMMC_CMDTIMEOUT);
 911:Drivers/STM32H7xx_HAL_Driver/Src/stm32h7xx_ll_sdmmc.c **** 
 912:Drivers/STM32H7xx_HAL_Driver/Src/stm32h7xx_ll_sdmmc.c ****   return errorstate;
 913:Drivers/STM32H7xx_HAL_Driver/Src/stm32h7xx_ll_sdmmc.c **** }
 914:Drivers/STM32H7xx_HAL_Driver/Src/stm32h7xx_ll_sdmmc.c **** 
 915:Drivers/STM32H7xx_HAL_Driver/Src/stm32h7xx_ll_sdmmc.c **** /**
 916:Drivers/STM32H7xx_HAL_Driver/Src/stm32h7xx_ll_sdmmc.c ****   * @brief  Send the command asking the accessed card to send its operating
 917:Drivers/STM32H7xx_HAL_Driver/Src/stm32h7xx_ll_sdmmc.c ****   *         condition register (OCR)
 918:Drivers/STM32H7xx_HAL_Driver/Src/stm32h7xx_ll_sdmmc.c ****   * @param  SDMMCx: Pointer to SDMMC register base
 919:Drivers/STM32H7xx_HAL_Driver/Src/stm32h7xx_ll_sdmmc.c ****   * @param  Argument: Command Argument
 920:Drivers/STM32H7xx_HAL_Driver/Src/stm32h7xx_ll_sdmmc.c ****   * @retval HAL status
 921:Drivers/STM32H7xx_HAL_Driver/Src/stm32h7xx_ll_sdmmc.c ****   */
 922:Drivers/STM32H7xx_HAL_Driver/Src/stm32h7xx_ll_sdmmc.c **** uint32_t SDMMC_CmdAppOperCommand(SDMMC_TypeDef *SDMMCx, uint32_t Argument)
 923:Drivers/STM32H7xx_HAL_Driver/Src/stm32h7xx_ll_sdmmc.c **** {
 924:Drivers/STM32H7xx_HAL_Driver/Src/stm32h7xx_ll_sdmmc.c ****   SDMMC_CmdInitTypeDef  sdmmc_cmdinit;
 925:Drivers/STM32H7xx_HAL_Driver/Src/stm32h7xx_ll_sdmmc.c ****   uint32_t errorstate;
 926:Drivers/STM32H7xx_HAL_Driver/Src/stm32h7xx_ll_sdmmc.c **** 
 927:Drivers/STM32H7xx_HAL_Driver/Src/stm32h7xx_ll_sdmmc.c ****   sdmmc_cmdinit.Argument         = Argument;
 928:Drivers/STM32H7xx_HAL_Driver/Src/stm32h7xx_ll_sdmmc.c ****   sdmmc_cmdinit.CmdIndex         = SDMMC_CMD_SD_APP_OP_COND;
 929:Drivers/STM32H7xx_HAL_Driver/Src/stm32h7xx_ll_sdmmc.c ****   sdmmc_cmdinit.Response         = SDMMC_RESPONSE_SHORT;
 930:Drivers/STM32H7xx_HAL_Driver/Src/stm32h7xx_ll_sdmmc.c ****   sdmmc_cmdinit.WaitForInterrupt = SDMMC_WAIT_NO;
 931:Drivers/STM32H7xx_HAL_Driver/Src/stm32h7xx_ll_sdmmc.c ****   sdmmc_cmdinit.CPSM             = SDMMC_CPSM_ENABLE;
 932:Drivers/STM32H7xx_HAL_Driver/Src/stm32h7xx_ll_sdmmc.c ****   (void)SDMMC_SendCommand(SDMMCx, &sdmmc_cmdinit);
 933:Drivers/STM32H7xx_HAL_Driver/Src/stm32h7xx_ll_sdmmc.c **** 
 934:Drivers/STM32H7xx_HAL_Driver/Src/stm32h7xx_ll_sdmmc.c ****   /* Check for error conditions */
 935:Drivers/STM32H7xx_HAL_Driver/Src/stm32h7xx_ll_sdmmc.c ****   errorstate = SDMMC_GetCmdResp3(SDMMCx);
 936:Drivers/STM32H7xx_HAL_Driver/Src/stm32h7xx_ll_sdmmc.c **** 
 937:Drivers/STM32H7xx_HAL_Driver/Src/stm32h7xx_ll_sdmmc.c ****   return errorstate;
 938:Drivers/STM32H7xx_HAL_Driver/Src/stm32h7xx_ll_sdmmc.c **** }
 939:Drivers/STM32H7xx_HAL_Driver/Src/stm32h7xx_ll_sdmmc.c **** 
 940:Drivers/STM32H7xx_HAL_Driver/Src/stm32h7xx_ll_sdmmc.c **** /**
 941:Drivers/STM32H7xx_HAL_Driver/Src/stm32h7xx_ll_sdmmc.c ****   * @brief  Send the Bus Width command and check the response.
 942:Drivers/STM32H7xx_HAL_Driver/Src/stm32h7xx_ll_sdmmc.c ****   * @param  SDMMCx: Pointer to SDMMC register base
 943:Drivers/STM32H7xx_HAL_Driver/Src/stm32h7xx_ll_sdmmc.c ****   * @param  BusWidth: BusWidth
ARM GAS  C:\Users\Made\AppData\Local\Temp\ccTdy2Vr.s 			page 18


 944:Drivers/STM32H7xx_HAL_Driver/Src/stm32h7xx_ll_sdmmc.c ****   * @retval HAL status
 945:Drivers/STM32H7xx_HAL_Driver/Src/stm32h7xx_ll_sdmmc.c ****   */
 946:Drivers/STM32H7xx_HAL_Driver/Src/stm32h7xx_ll_sdmmc.c **** uint32_t SDMMC_CmdBusWidth(SDMMC_TypeDef *SDMMCx, uint32_t BusWidth)
 947:Drivers/STM32H7xx_HAL_Driver/Src/stm32h7xx_ll_sdmmc.c **** {
 948:Drivers/STM32H7xx_HAL_Driver/Src/stm32h7xx_ll_sdmmc.c ****   SDMMC_CmdInitTypeDef  sdmmc_cmdinit;
 949:Drivers/STM32H7xx_HAL_Driver/Src/stm32h7xx_ll_sdmmc.c ****   uint32_t errorstate;
 950:Drivers/STM32H7xx_HAL_Driver/Src/stm32h7xx_ll_sdmmc.c **** 
 951:Drivers/STM32H7xx_HAL_Driver/Src/stm32h7xx_ll_sdmmc.c ****   sdmmc_cmdinit.Argument         = (uint32_t)BusWidth;
 952:Drivers/STM32H7xx_HAL_Driver/Src/stm32h7xx_ll_sdmmc.c ****   sdmmc_cmdinit.CmdIndex         = SDMMC_CMD_APP_SD_SET_BUSWIDTH;
 953:Drivers/STM32H7xx_HAL_Driver/Src/stm32h7xx_ll_sdmmc.c ****   sdmmc_cmdinit.Response         = SDMMC_RESPONSE_SHORT;
 954:Drivers/STM32H7xx_HAL_Driver/Src/stm32h7xx_ll_sdmmc.c ****   sdmmc_cmdinit.WaitForInterrupt = SDMMC_WAIT_NO;
 955:Drivers/STM32H7xx_HAL_Driver/Src/stm32h7xx_ll_sdmmc.c ****   sdmmc_cmdinit.CPSM             = SDMMC_CPSM_ENABLE;
 956:Drivers/STM32H7xx_HAL_Driver/Src/stm32h7xx_ll_sdmmc.c ****   (void)SDMMC_SendCommand(SDMMCx, &sdmmc_cmdinit);
 957:Drivers/STM32H7xx_HAL_Driver/Src/stm32h7xx_ll_sdmmc.c **** 
 958:Drivers/STM32H7xx_HAL_Driver/Src/stm32h7xx_ll_sdmmc.c ****   /* Check for error conditions */
 959:Drivers/STM32H7xx_HAL_Driver/Src/stm32h7xx_ll_sdmmc.c ****   errorstate = SDMMC_GetCmdResp1(SDMMCx, SDMMC_CMD_APP_SD_SET_BUSWIDTH, SDMMC_CMDTIMEOUT);
 960:Drivers/STM32H7xx_HAL_Driver/Src/stm32h7xx_ll_sdmmc.c **** 
 961:Drivers/STM32H7xx_HAL_Driver/Src/stm32h7xx_ll_sdmmc.c ****   return errorstate;
 962:Drivers/STM32H7xx_HAL_Driver/Src/stm32h7xx_ll_sdmmc.c **** }
 963:Drivers/STM32H7xx_HAL_Driver/Src/stm32h7xx_ll_sdmmc.c **** 
 964:Drivers/STM32H7xx_HAL_Driver/Src/stm32h7xx_ll_sdmmc.c **** /**
 965:Drivers/STM32H7xx_HAL_Driver/Src/stm32h7xx_ll_sdmmc.c ****   * @brief  Send the Send SCR command and check the response.
 966:Drivers/STM32H7xx_HAL_Driver/Src/stm32h7xx_ll_sdmmc.c ****   * @param  SDMMCx: Pointer to SDMMC register base
 967:Drivers/STM32H7xx_HAL_Driver/Src/stm32h7xx_ll_sdmmc.c ****   * @retval HAL status
 968:Drivers/STM32H7xx_HAL_Driver/Src/stm32h7xx_ll_sdmmc.c ****   */
 969:Drivers/STM32H7xx_HAL_Driver/Src/stm32h7xx_ll_sdmmc.c **** uint32_t SDMMC_CmdSendSCR(SDMMC_TypeDef *SDMMCx)
 970:Drivers/STM32H7xx_HAL_Driver/Src/stm32h7xx_ll_sdmmc.c **** {
 971:Drivers/STM32H7xx_HAL_Driver/Src/stm32h7xx_ll_sdmmc.c ****   SDMMC_CmdInitTypeDef  sdmmc_cmdinit;
 972:Drivers/STM32H7xx_HAL_Driver/Src/stm32h7xx_ll_sdmmc.c ****   uint32_t errorstate;
 973:Drivers/STM32H7xx_HAL_Driver/Src/stm32h7xx_ll_sdmmc.c **** 
 974:Drivers/STM32H7xx_HAL_Driver/Src/stm32h7xx_ll_sdmmc.c ****   /* Send CMD51 SD_APP_SEND_SCR */
 975:Drivers/STM32H7xx_HAL_Driver/Src/stm32h7xx_ll_sdmmc.c ****   sdmmc_cmdinit.Argument         = 0U;
 976:Drivers/STM32H7xx_HAL_Driver/Src/stm32h7xx_ll_sdmmc.c ****   sdmmc_cmdinit.CmdIndex         = SDMMC_CMD_SD_APP_SEND_SCR;
 977:Drivers/STM32H7xx_HAL_Driver/Src/stm32h7xx_ll_sdmmc.c ****   sdmmc_cmdinit.Response         = SDMMC_RESPONSE_SHORT;
 978:Drivers/STM32H7xx_HAL_Driver/Src/stm32h7xx_ll_sdmmc.c ****   sdmmc_cmdinit.WaitForInterrupt = SDMMC_WAIT_NO;
 979:Drivers/STM32H7xx_HAL_Driver/Src/stm32h7xx_ll_sdmmc.c ****   sdmmc_cmdinit.CPSM             = SDMMC_CPSM_ENABLE;
 980:Drivers/STM32H7xx_HAL_Driver/Src/stm32h7xx_ll_sdmmc.c ****   (void)SDMMC_SendCommand(SDMMCx, &sdmmc_cmdinit);
 981:Drivers/STM32H7xx_HAL_Driver/Src/stm32h7xx_ll_sdmmc.c **** 
 982:Drivers/STM32H7xx_HAL_Driver/Src/stm32h7xx_ll_sdmmc.c ****   /* Check for error conditions */
 983:Drivers/STM32H7xx_HAL_Driver/Src/stm32h7xx_ll_sdmmc.c ****   errorstate = SDMMC_GetCmdResp1(SDMMCx, SDMMC_CMD_SD_APP_SEND_SCR, SDMMC_CMDTIMEOUT);
 984:Drivers/STM32H7xx_HAL_Driver/Src/stm32h7xx_ll_sdmmc.c **** 
 985:Drivers/STM32H7xx_HAL_Driver/Src/stm32h7xx_ll_sdmmc.c ****   return errorstate;
 986:Drivers/STM32H7xx_HAL_Driver/Src/stm32h7xx_ll_sdmmc.c **** }
 987:Drivers/STM32H7xx_HAL_Driver/Src/stm32h7xx_ll_sdmmc.c **** 
 988:Drivers/STM32H7xx_HAL_Driver/Src/stm32h7xx_ll_sdmmc.c **** /**
 989:Drivers/STM32H7xx_HAL_Driver/Src/stm32h7xx_ll_sdmmc.c ****   * @brief  Send the Send CID command and check the response.
 990:Drivers/STM32H7xx_HAL_Driver/Src/stm32h7xx_ll_sdmmc.c ****   * @param  SDMMCx: Pointer to SDMMC register base
 991:Drivers/STM32H7xx_HAL_Driver/Src/stm32h7xx_ll_sdmmc.c ****   * @retval HAL status
 992:Drivers/STM32H7xx_HAL_Driver/Src/stm32h7xx_ll_sdmmc.c ****   */
 993:Drivers/STM32H7xx_HAL_Driver/Src/stm32h7xx_ll_sdmmc.c **** uint32_t SDMMC_CmdSendCID(SDMMC_TypeDef *SDMMCx)
 994:Drivers/STM32H7xx_HAL_Driver/Src/stm32h7xx_ll_sdmmc.c **** {
 995:Drivers/STM32H7xx_HAL_Driver/Src/stm32h7xx_ll_sdmmc.c ****   SDMMC_CmdInitTypeDef  sdmmc_cmdinit;
 996:Drivers/STM32H7xx_HAL_Driver/Src/stm32h7xx_ll_sdmmc.c ****   uint32_t errorstate;
 997:Drivers/STM32H7xx_HAL_Driver/Src/stm32h7xx_ll_sdmmc.c **** 
 998:Drivers/STM32H7xx_HAL_Driver/Src/stm32h7xx_ll_sdmmc.c ****   /* Send CMD2 ALL_SEND_CID */
 999:Drivers/STM32H7xx_HAL_Driver/Src/stm32h7xx_ll_sdmmc.c ****   sdmmc_cmdinit.Argument         = 0U;
1000:Drivers/STM32H7xx_HAL_Driver/Src/stm32h7xx_ll_sdmmc.c ****   sdmmc_cmdinit.CmdIndex         = SDMMC_CMD_ALL_SEND_CID;
ARM GAS  C:\Users\Made\AppData\Local\Temp\ccTdy2Vr.s 			page 19


1001:Drivers/STM32H7xx_HAL_Driver/Src/stm32h7xx_ll_sdmmc.c ****   sdmmc_cmdinit.Response         = SDMMC_RESPONSE_LONG;
1002:Drivers/STM32H7xx_HAL_Driver/Src/stm32h7xx_ll_sdmmc.c ****   sdmmc_cmdinit.WaitForInterrupt = SDMMC_WAIT_NO;
1003:Drivers/STM32H7xx_HAL_Driver/Src/stm32h7xx_ll_sdmmc.c ****   sdmmc_cmdinit.CPSM             = SDMMC_CPSM_ENABLE;
1004:Drivers/STM32H7xx_HAL_Driver/Src/stm32h7xx_ll_sdmmc.c ****   (void)SDMMC_SendCommand(SDMMCx, &sdmmc_cmdinit);
1005:Drivers/STM32H7xx_HAL_Driver/Src/stm32h7xx_ll_sdmmc.c **** 
1006:Drivers/STM32H7xx_HAL_Driver/Src/stm32h7xx_ll_sdmmc.c ****   /* Check for error conditions */
1007:Drivers/STM32H7xx_HAL_Driver/Src/stm32h7xx_ll_sdmmc.c ****   errorstate = SDMMC_GetCmdResp2(SDMMCx);
1008:Drivers/STM32H7xx_HAL_Driver/Src/stm32h7xx_ll_sdmmc.c **** 
1009:Drivers/STM32H7xx_HAL_Driver/Src/stm32h7xx_ll_sdmmc.c ****   return errorstate;
1010:Drivers/STM32H7xx_HAL_Driver/Src/stm32h7xx_ll_sdmmc.c **** }
1011:Drivers/STM32H7xx_HAL_Driver/Src/stm32h7xx_ll_sdmmc.c **** 
1012:Drivers/STM32H7xx_HAL_Driver/Src/stm32h7xx_ll_sdmmc.c **** /**
1013:Drivers/STM32H7xx_HAL_Driver/Src/stm32h7xx_ll_sdmmc.c ****   * @brief  Send the Send CSD command and check the response.
1014:Drivers/STM32H7xx_HAL_Driver/Src/stm32h7xx_ll_sdmmc.c ****   * @param  SDMMCx: Pointer to SDMMC register base
1015:Drivers/STM32H7xx_HAL_Driver/Src/stm32h7xx_ll_sdmmc.c ****   * @param  Argument: Command Argument
1016:Drivers/STM32H7xx_HAL_Driver/Src/stm32h7xx_ll_sdmmc.c ****   * @retval HAL status
1017:Drivers/STM32H7xx_HAL_Driver/Src/stm32h7xx_ll_sdmmc.c ****   */
1018:Drivers/STM32H7xx_HAL_Driver/Src/stm32h7xx_ll_sdmmc.c **** uint32_t SDMMC_CmdSendCSD(SDMMC_TypeDef *SDMMCx, uint32_t Argument)
1019:Drivers/STM32H7xx_HAL_Driver/Src/stm32h7xx_ll_sdmmc.c **** {
1020:Drivers/STM32H7xx_HAL_Driver/Src/stm32h7xx_ll_sdmmc.c ****   SDMMC_CmdInitTypeDef  sdmmc_cmdinit;
1021:Drivers/STM32H7xx_HAL_Driver/Src/stm32h7xx_ll_sdmmc.c ****   uint32_t errorstate;
1022:Drivers/STM32H7xx_HAL_Driver/Src/stm32h7xx_ll_sdmmc.c **** 
1023:Drivers/STM32H7xx_HAL_Driver/Src/stm32h7xx_ll_sdmmc.c ****   /* Send CMD9 SEND_CSD */
1024:Drivers/STM32H7xx_HAL_Driver/Src/stm32h7xx_ll_sdmmc.c ****   sdmmc_cmdinit.Argument         = Argument;
1025:Drivers/STM32H7xx_HAL_Driver/Src/stm32h7xx_ll_sdmmc.c ****   sdmmc_cmdinit.CmdIndex         = SDMMC_CMD_SEND_CSD;
1026:Drivers/STM32H7xx_HAL_Driver/Src/stm32h7xx_ll_sdmmc.c ****   sdmmc_cmdinit.Response         = SDMMC_RESPONSE_LONG;
1027:Drivers/STM32H7xx_HAL_Driver/Src/stm32h7xx_ll_sdmmc.c ****   sdmmc_cmdinit.WaitForInterrupt = SDMMC_WAIT_NO;
1028:Drivers/STM32H7xx_HAL_Driver/Src/stm32h7xx_ll_sdmmc.c ****   sdmmc_cmdinit.CPSM             = SDMMC_CPSM_ENABLE;
1029:Drivers/STM32H7xx_HAL_Driver/Src/stm32h7xx_ll_sdmmc.c ****   (void)SDMMC_SendCommand(SDMMCx, &sdmmc_cmdinit);
1030:Drivers/STM32H7xx_HAL_Driver/Src/stm32h7xx_ll_sdmmc.c **** 
1031:Drivers/STM32H7xx_HAL_Driver/Src/stm32h7xx_ll_sdmmc.c ****   /* Check for error conditions */
1032:Drivers/STM32H7xx_HAL_Driver/Src/stm32h7xx_ll_sdmmc.c ****   errorstate = SDMMC_GetCmdResp2(SDMMCx);
1033:Drivers/STM32H7xx_HAL_Driver/Src/stm32h7xx_ll_sdmmc.c **** 
1034:Drivers/STM32H7xx_HAL_Driver/Src/stm32h7xx_ll_sdmmc.c ****   return errorstate;
1035:Drivers/STM32H7xx_HAL_Driver/Src/stm32h7xx_ll_sdmmc.c **** }
1036:Drivers/STM32H7xx_HAL_Driver/Src/stm32h7xx_ll_sdmmc.c **** 
1037:Drivers/STM32H7xx_HAL_Driver/Src/stm32h7xx_ll_sdmmc.c **** /**
1038:Drivers/STM32H7xx_HAL_Driver/Src/stm32h7xx_ll_sdmmc.c ****   * @brief  Send the Send CSD command and check the response.
1039:Drivers/STM32H7xx_HAL_Driver/Src/stm32h7xx_ll_sdmmc.c ****   * @param  SDMMCx: Pointer to SDMMC register base
1040:Drivers/STM32H7xx_HAL_Driver/Src/stm32h7xx_ll_sdmmc.c ****   * @param  pRCA: Card RCA
1041:Drivers/STM32H7xx_HAL_Driver/Src/stm32h7xx_ll_sdmmc.c ****   * @retval HAL status
1042:Drivers/STM32H7xx_HAL_Driver/Src/stm32h7xx_ll_sdmmc.c ****   */
1043:Drivers/STM32H7xx_HAL_Driver/Src/stm32h7xx_ll_sdmmc.c **** uint32_t SDMMC_CmdSetRelAdd(SDMMC_TypeDef *SDMMCx, uint16_t *pRCA)
1044:Drivers/STM32H7xx_HAL_Driver/Src/stm32h7xx_ll_sdmmc.c **** {
1045:Drivers/STM32H7xx_HAL_Driver/Src/stm32h7xx_ll_sdmmc.c ****   SDMMC_CmdInitTypeDef  sdmmc_cmdinit;
1046:Drivers/STM32H7xx_HAL_Driver/Src/stm32h7xx_ll_sdmmc.c ****   uint32_t errorstate;
1047:Drivers/STM32H7xx_HAL_Driver/Src/stm32h7xx_ll_sdmmc.c **** 
1048:Drivers/STM32H7xx_HAL_Driver/Src/stm32h7xx_ll_sdmmc.c ****   /* Send CMD3 SD_CMD_SET_REL_ADDR */
1049:Drivers/STM32H7xx_HAL_Driver/Src/stm32h7xx_ll_sdmmc.c ****   sdmmc_cmdinit.Argument         = 0U;
1050:Drivers/STM32H7xx_HAL_Driver/Src/stm32h7xx_ll_sdmmc.c ****   sdmmc_cmdinit.CmdIndex         = SDMMC_CMD_SET_REL_ADDR;
1051:Drivers/STM32H7xx_HAL_Driver/Src/stm32h7xx_ll_sdmmc.c ****   sdmmc_cmdinit.Response         = SDMMC_RESPONSE_SHORT;
1052:Drivers/STM32H7xx_HAL_Driver/Src/stm32h7xx_ll_sdmmc.c ****   sdmmc_cmdinit.WaitForInterrupt = SDMMC_WAIT_NO;
1053:Drivers/STM32H7xx_HAL_Driver/Src/stm32h7xx_ll_sdmmc.c ****   sdmmc_cmdinit.CPSM             = SDMMC_CPSM_ENABLE;
1054:Drivers/STM32H7xx_HAL_Driver/Src/stm32h7xx_ll_sdmmc.c ****   (void)SDMMC_SendCommand(SDMMCx, &sdmmc_cmdinit);
1055:Drivers/STM32H7xx_HAL_Driver/Src/stm32h7xx_ll_sdmmc.c **** 
1056:Drivers/STM32H7xx_HAL_Driver/Src/stm32h7xx_ll_sdmmc.c ****   /* Check for error conditions */
1057:Drivers/STM32H7xx_HAL_Driver/Src/stm32h7xx_ll_sdmmc.c ****   errorstate = SDMMC_GetCmdResp6(SDMMCx, SDMMC_CMD_SET_REL_ADDR, pRCA);
ARM GAS  C:\Users\Made\AppData\Local\Temp\ccTdy2Vr.s 			page 20


1058:Drivers/STM32H7xx_HAL_Driver/Src/stm32h7xx_ll_sdmmc.c **** 
1059:Drivers/STM32H7xx_HAL_Driver/Src/stm32h7xx_ll_sdmmc.c ****   return errorstate;
1060:Drivers/STM32H7xx_HAL_Driver/Src/stm32h7xx_ll_sdmmc.c **** }
1061:Drivers/STM32H7xx_HAL_Driver/Src/stm32h7xx_ll_sdmmc.c **** 
1062:Drivers/STM32H7xx_HAL_Driver/Src/stm32h7xx_ll_sdmmc.c **** /**
1063:Drivers/STM32H7xx_HAL_Driver/Src/stm32h7xx_ll_sdmmc.c ****   * @brief  Send the Set Relative Address command to MMC card (not SD card).
1064:Drivers/STM32H7xx_HAL_Driver/Src/stm32h7xx_ll_sdmmc.c ****   * @param  SDMMCx Pointer to SDMMC register base
1065:Drivers/STM32H7xx_HAL_Driver/Src/stm32h7xx_ll_sdmmc.c ****   * @param  RCA Card RCA
1066:Drivers/STM32H7xx_HAL_Driver/Src/stm32h7xx_ll_sdmmc.c ****   * @retval HAL status
1067:Drivers/STM32H7xx_HAL_Driver/Src/stm32h7xx_ll_sdmmc.c ****   */
1068:Drivers/STM32H7xx_HAL_Driver/Src/stm32h7xx_ll_sdmmc.c **** uint32_t SDMMC_CmdSetRelAddMmc(SDMMC_TypeDef *SDMMCx, uint16_t RCA)
1069:Drivers/STM32H7xx_HAL_Driver/Src/stm32h7xx_ll_sdmmc.c **** {
1070:Drivers/STM32H7xx_HAL_Driver/Src/stm32h7xx_ll_sdmmc.c ****   SDMMC_CmdInitTypeDef  sdmmc_cmdinit;
1071:Drivers/STM32H7xx_HAL_Driver/Src/stm32h7xx_ll_sdmmc.c ****   uint32_t errorstate;
1072:Drivers/STM32H7xx_HAL_Driver/Src/stm32h7xx_ll_sdmmc.c **** 
1073:Drivers/STM32H7xx_HAL_Driver/Src/stm32h7xx_ll_sdmmc.c ****   /* Send CMD3 SD_CMD_SET_REL_ADDR */
1074:Drivers/STM32H7xx_HAL_Driver/Src/stm32h7xx_ll_sdmmc.c ****   sdmmc_cmdinit.Argument         = ((uint32_t)RCA << 16U);
1075:Drivers/STM32H7xx_HAL_Driver/Src/stm32h7xx_ll_sdmmc.c ****   sdmmc_cmdinit.CmdIndex         = SDMMC_CMD_SET_REL_ADDR;
1076:Drivers/STM32H7xx_HAL_Driver/Src/stm32h7xx_ll_sdmmc.c ****   sdmmc_cmdinit.Response         = SDMMC_RESPONSE_SHORT;
1077:Drivers/STM32H7xx_HAL_Driver/Src/stm32h7xx_ll_sdmmc.c ****   sdmmc_cmdinit.WaitForInterrupt = SDMMC_WAIT_NO;
1078:Drivers/STM32H7xx_HAL_Driver/Src/stm32h7xx_ll_sdmmc.c ****   sdmmc_cmdinit.CPSM             = SDMMC_CPSM_ENABLE;
1079:Drivers/STM32H7xx_HAL_Driver/Src/stm32h7xx_ll_sdmmc.c ****   (void)SDMMC_SendCommand(SDMMCx, &sdmmc_cmdinit);
1080:Drivers/STM32H7xx_HAL_Driver/Src/stm32h7xx_ll_sdmmc.c **** 
1081:Drivers/STM32H7xx_HAL_Driver/Src/stm32h7xx_ll_sdmmc.c ****   /* Check for error conditions */
1082:Drivers/STM32H7xx_HAL_Driver/Src/stm32h7xx_ll_sdmmc.c ****   errorstate = SDMMC_GetCmdResp1(SDMMCx, SDMMC_CMD_SET_REL_ADDR, SDMMC_CMDTIMEOUT);
1083:Drivers/STM32H7xx_HAL_Driver/Src/stm32h7xx_ll_sdmmc.c **** 
1084:Drivers/STM32H7xx_HAL_Driver/Src/stm32h7xx_ll_sdmmc.c ****   return errorstate;
1085:Drivers/STM32H7xx_HAL_Driver/Src/stm32h7xx_ll_sdmmc.c **** }
1086:Drivers/STM32H7xx_HAL_Driver/Src/stm32h7xx_ll_sdmmc.c **** 
1087:Drivers/STM32H7xx_HAL_Driver/Src/stm32h7xx_ll_sdmmc.c **** /**
1088:Drivers/STM32H7xx_HAL_Driver/Src/stm32h7xx_ll_sdmmc.c ****   * @brief  Send the Sleep command to MMC card (not SD card).
1089:Drivers/STM32H7xx_HAL_Driver/Src/stm32h7xx_ll_sdmmc.c ****   * @param  SDMMCx Pointer to SDMMC register base
1090:Drivers/STM32H7xx_HAL_Driver/Src/stm32h7xx_ll_sdmmc.c ****   * @param  Argument Argument of the command (RCA and Sleep/Awake)
1091:Drivers/STM32H7xx_HAL_Driver/Src/stm32h7xx_ll_sdmmc.c ****   * @retval HAL status
1092:Drivers/STM32H7xx_HAL_Driver/Src/stm32h7xx_ll_sdmmc.c ****   */
1093:Drivers/STM32H7xx_HAL_Driver/Src/stm32h7xx_ll_sdmmc.c **** uint32_t SDMMC_CmdSleepMmc(SDMMC_TypeDef *SDMMCx, uint32_t Argument)
1094:Drivers/STM32H7xx_HAL_Driver/Src/stm32h7xx_ll_sdmmc.c **** {
1095:Drivers/STM32H7xx_HAL_Driver/Src/stm32h7xx_ll_sdmmc.c ****   SDMMC_CmdInitTypeDef  sdmmc_cmdinit;
1096:Drivers/STM32H7xx_HAL_Driver/Src/stm32h7xx_ll_sdmmc.c ****   uint32_t errorstate;
1097:Drivers/STM32H7xx_HAL_Driver/Src/stm32h7xx_ll_sdmmc.c **** 
1098:Drivers/STM32H7xx_HAL_Driver/Src/stm32h7xx_ll_sdmmc.c ****   /* Send CMD5 SDMMC_CMD_MMC_SLEEP_AWAKE */
1099:Drivers/STM32H7xx_HAL_Driver/Src/stm32h7xx_ll_sdmmc.c ****   sdmmc_cmdinit.Argument         = Argument;
1100:Drivers/STM32H7xx_HAL_Driver/Src/stm32h7xx_ll_sdmmc.c ****   sdmmc_cmdinit.CmdIndex         = SDMMC_CMD_MMC_SLEEP_AWAKE;
1101:Drivers/STM32H7xx_HAL_Driver/Src/stm32h7xx_ll_sdmmc.c ****   sdmmc_cmdinit.Response         = SDMMC_RESPONSE_SHORT;
1102:Drivers/STM32H7xx_HAL_Driver/Src/stm32h7xx_ll_sdmmc.c ****   sdmmc_cmdinit.WaitForInterrupt = SDMMC_WAIT_NO;
1103:Drivers/STM32H7xx_HAL_Driver/Src/stm32h7xx_ll_sdmmc.c ****   sdmmc_cmdinit.CPSM             = SDMMC_CPSM_ENABLE;
1104:Drivers/STM32H7xx_HAL_Driver/Src/stm32h7xx_ll_sdmmc.c ****   (void)SDMMC_SendCommand(SDMMCx, &sdmmc_cmdinit);
1105:Drivers/STM32H7xx_HAL_Driver/Src/stm32h7xx_ll_sdmmc.c **** 
1106:Drivers/STM32H7xx_HAL_Driver/Src/stm32h7xx_ll_sdmmc.c ****   /* Check for error conditions */
1107:Drivers/STM32H7xx_HAL_Driver/Src/stm32h7xx_ll_sdmmc.c ****   errorstate = SDMMC_GetCmdResp1(SDMMCx, SDMMC_CMD_MMC_SLEEP_AWAKE, SDMMC_CMDTIMEOUT);
1108:Drivers/STM32H7xx_HAL_Driver/Src/stm32h7xx_ll_sdmmc.c **** 
1109:Drivers/STM32H7xx_HAL_Driver/Src/stm32h7xx_ll_sdmmc.c ****   return errorstate;
1110:Drivers/STM32H7xx_HAL_Driver/Src/stm32h7xx_ll_sdmmc.c **** }
1111:Drivers/STM32H7xx_HAL_Driver/Src/stm32h7xx_ll_sdmmc.c **** 
1112:Drivers/STM32H7xx_HAL_Driver/Src/stm32h7xx_ll_sdmmc.c **** /**
1113:Drivers/STM32H7xx_HAL_Driver/Src/stm32h7xx_ll_sdmmc.c ****   * @brief  Send the Status command and check the response.
1114:Drivers/STM32H7xx_HAL_Driver/Src/stm32h7xx_ll_sdmmc.c ****   * @param  SDMMCx: Pointer to SDMMC register base
ARM GAS  C:\Users\Made\AppData\Local\Temp\ccTdy2Vr.s 			page 21


1115:Drivers/STM32H7xx_HAL_Driver/Src/stm32h7xx_ll_sdmmc.c ****   * @param  Argument: Command Argument
1116:Drivers/STM32H7xx_HAL_Driver/Src/stm32h7xx_ll_sdmmc.c ****   * @retval HAL status
1117:Drivers/STM32H7xx_HAL_Driver/Src/stm32h7xx_ll_sdmmc.c ****   */
1118:Drivers/STM32H7xx_HAL_Driver/Src/stm32h7xx_ll_sdmmc.c **** uint32_t SDMMC_CmdSendStatus(SDMMC_TypeDef *SDMMCx, uint32_t Argument)
1119:Drivers/STM32H7xx_HAL_Driver/Src/stm32h7xx_ll_sdmmc.c **** {
1120:Drivers/STM32H7xx_HAL_Driver/Src/stm32h7xx_ll_sdmmc.c ****   SDMMC_CmdInitTypeDef  sdmmc_cmdinit;
1121:Drivers/STM32H7xx_HAL_Driver/Src/stm32h7xx_ll_sdmmc.c ****   uint32_t errorstate;
1122:Drivers/STM32H7xx_HAL_Driver/Src/stm32h7xx_ll_sdmmc.c **** 
1123:Drivers/STM32H7xx_HAL_Driver/Src/stm32h7xx_ll_sdmmc.c ****   sdmmc_cmdinit.Argument         = Argument;
1124:Drivers/STM32H7xx_HAL_Driver/Src/stm32h7xx_ll_sdmmc.c ****   sdmmc_cmdinit.CmdIndex         = SDMMC_CMD_SEND_STATUS;
1125:Drivers/STM32H7xx_HAL_Driver/Src/stm32h7xx_ll_sdmmc.c ****   sdmmc_cmdinit.Response         = SDMMC_RESPONSE_SHORT;
1126:Drivers/STM32H7xx_HAL_Driver/Src/stm32h7xx_ll_sdmmc.c ****   sdmmc_cmdinit.WaitForInterrupt = SDMMC_WAIT_NO;
1127:Drivers/STM32H7xx_HAL_Driver/Src/stm32h7xx_ll_sdmmc.c ****   sdmmc_cmdinit.CPSM             = SDMMC_CPSM_ENABLE;
1128:Drivers/STM32H7xx_HAL_Driver/Src/stm32h7xx_ll_sdmmc.c ****   (void)SDMMC_SendCommand(SDMMCx, &sdmmc_cmdinit);
1129:Drivers/STM32H7xx_HAL_Driver/Src/stm32h7xx_ll_sdmmc.c **** 
1130:Drivers/STM32H7xx_HAL_Driver/Src/stm32h7xx_ll_sdmmc.c ****   /* Check for error conditions */
1131:Drivers/STM32H7xx_HAL_Driver/Src/stm32h7xx_ll_sdmmc.c ****   errorstate = SDMMC_GetCmdResp1(SDMMCx, SDMMC_CMD_SEND_STATUS, SDMMC_CMDTIMEOUT);
1132:Drivers/STM32H7xx_HAL_Driver/Src/stm32h7xx_ll_sdmmc.c **** 
1133:Drivers/STM32H7xx_HAL_Driver/Src/stm32h7xx_ll_sdmmc.c ****   return errorstate;
1134:Drivers/STM32H7xx_HAL_Driver/Src/stm32h7xx_ll_sdmmc.c **** }
1135:Drivers/STM32H7xx_HAL_Driver/Src/stm32h7xx_ll_sdmmc.c **** 
1136:Drivers/STM32H7xx_HAL_Driver/Src/stm32h7xx_ll_sdmmc.c **** /**
1137:Drivers/STM32H7xx_HAL_Driver/Src/stm32h7xx_ll_sdmmc.c ****   * @brief  Send the Status register command and check the response.
1138:Drivers/STM32H7xx_HAL_Driver/Src/stm32h7xx_ll_sdmmc.c ****   * @param  SDMMCx: Pointer to SDMMC register base
1139:Drivers/STM32H7xx_HAL_Driver/Src/stm32h7xx_ll_sdmmc.c ****   * @retval HAL status
1140:Drivers/STM32H7xx_HAL_Driver/Src/stm32h7xx_ll_sdmmc.c ****   */
1141:Drivers/STM32H7xx_HAL_Driver/Src/stm32h7xx_ll_sdmmc.c **** uint32_t SDMMC_CmdStatusRegister(SDMMC_TypeDef *SDMMCx)
1142:Drivers/STM32H7xx_HAL_Driver/Src/stm32h7xx_ll_sdmmc.c **** {
1143:Drivers/STM32H7xx_HAL_Driver/Src/stm32h7xx_ll_sdmmc.c ****   SDMMC_CmdInitTypeDef  sdmmc_cmdinit;
1144:Drivers/STM32H7xx_HAL_Driver/Src/stm32h7xx_ll_sdmmc.c ****   uint32_t errorstate;
1145:Drivers/STM32H7xx_HAL_Driver/Src/stm32h7xx_ll_sdmmc.c **** 
1146:Drivers/STM32H7xx_HAL_Driver/Src/stm32h7xx_ll_sdmmc.c ****   sdmmc_cmdinit.Argument         = 0U;
1147:Drivers/STM32H7xx_HAL_Driver/Src/stm32h7xx_ll_sdmmc.c ****   sdmmc_cmdinit.CmdIndex         = SDMMC_CMD_SD_APP_STATUS;
1148:Drivers/STM32H7xx_HAL_Driver/Src/stm32h7xx_ll_sdmmc.c ****   sdmmc_cmdinit.Response         = SDMMC_RESPONSE_SHORT;
1149:Drivers/STM32H7xx_HAL_Driver/Src/stm32h7xx_ll_sdmmc.c ****   sdmmc_cmdinit.WaitForInterrupt = SDMMC_WAIT_NO;
1150:Drivers/STM32H7xx_HAL_Driver/Src/stm32h7xx_ll_sdmmc.c ****   sdmmc_cmdinit.CPSM             = SDMMC_CPSM_ENABLE;
1151:Drivers/STM32H7xx_HAL_Driver/Src/stm32h7xx_ll_sdmmc.c ****   (void)SDMMC_SendCommand(SDMMCx, &sdmmc_cmdinit);
1152:Drivers/STM32H7xx_HAL_Driver/Src/stm32h7xx_ll_sdmmc.c **** 
1153:Drivers/STM32H7xx_HAL_Driver/Src/stm32h7xx_ll_sdmmc.c ****   /* Check for error conditions */
1154:Drivers/STM32H7xx_HAL_Driver/Src/stm32h7xx_ll_sdmmc.c ****   errorstate = SDMMC_GetCmdResp1(SDMMCx, SDMMC_CMD_SD_APP_STATUS, SDMMC_CMDTIMEOUT);
1155:Drivers/STM32H7xx_HAL_Driver/Src/stm32h7xx_ll_sdmmc.c **** 
1156:Drivers/STM32H7xx_HAL_Driver/Src/stm32h7xx_ll_sdmmc.c ****   return errorstate;
1157:Drivers/STM32H7xx_HAL_Driver/Src/stm32h7xx_ll_sdmmc.c **** }
1158:Drivers/STM32H7xx_HAL_Driver/Src/stm32h7xx_ll_sdmmc.c **** 
1159:Drivers/STM32H7xx_HAL_Driver/Src/stm32h7xx_ll_sdmmc.c **** /**
1160:Drivers/STM32H7xx_HAL_Driver/Src/stm32h7xx_ll_sdmmc.c ****   * @brief  Sends host capacity support information and activates the card's
1161:Drivers/STM32H7xx_HAL_Driver/Src/stm32h7xx_ll_sdmmc.c ****   *         initialization process. Send SDMMC_CMD_SEND_OP_COND command
1162:Drivers/STM32H7xx_HAL_Driver/Src/stm32h7xx_ll_sdmmc.c ****   * @param  SDMMCx: Pointer to SDMMC register base
1163:Drivers/STM32H7xx_HAL_Driver/Src/stm32h7xx_ll_sdmmc.c ****   * @parame Argument: Argument used for the command
1164:Drivers/STM32H7xx_HAL_Driver/Src/stm32h7xx_ll_sdmmc.c ****   * @retval HAL status
1165:Drivers/STM32H7xx_HAL_Driver/Src/stm32h7xx_ll_sdmmc.c ****   */
1166:Drivers/STM32H7xx_HAL_Driver/Src/stm32h7xx_ll_sdmmc.c **** uint32_t SDMMC_CmdOpCondition(SDMMC_TypeDef *SDMMCx, uint32_t Argument)
1167:Drivers/STM32H7xx_HAL_Driver/Src/stm32h7xx_ll_sdmmc.c **** {
1168:Drivers/STM32H7xx_HAL_Driver/Src/stm32h7xx_ll_sdmmc.c ****   SDMMC_CmdInitTypeDef  sdmmc_cmdinit;
1169:Drivers/STM32H7xx_HAL_Driver/Src/stm32h7xx_ll_sdmmc.c ****   uint32_t errorstate;
1170:Drivers/STM32H7xx_HAL_Driver/Src/stm32h7xx_ll_sdmmc.c **** 
1171:Drivers/STM32H7xx_HAL_Driver/Src/stm32h7xx_ll_sdmmc.c ****   sdmmc_cmdinit.Argument         = Argument;
ARM GAS  C:\Users\Made\AppData\Local\Temp\ccTdy2Vr.s 			page 22


1172:Drivers/STM32H7xx_HAL_Driver/Src/stm32h7xx_ll_sdmmc.c ****   sdmmc_cmdinit.CmdIndex         = SDMMC_CMD_SEND_OP_COND;
1173:Drivers/STM32H7xx_HAL_Driver/Src/stm32h7xx_ll_sdmmc.c ****   sdmmc_cmdinit.Response         = SDMMC_RESPONSE_SHORT;
1174:Drivers/STM32H7xx_HAL_Driver/Src/stm32h7xx_ll_sdmmc.c ****   sdmmc_cmdinit.WaitForInterrupt = SDMMC_WAIT_NO;
1175:Drivers/STM32H7xx_HAL_Driver/Src/stm32h7xx_ll_sdmmc.c ****   sdmmc_cmdinit.CPSM             = SDMMC_CPSM_ENABLE;
1176:Drivers/STM32H7xx_HAL_Driver/Src/stm32h7xx_ll_sdmmc.c ****   (void)SDMMC_SendCommand(SDMMCx, &sdmmc_cmdinit);
1177:Drivers/STM32H7xx_HAL_Driver/Src/stm32h7xx_ll_sdmmc.c **** 
1178:Drivers/STM32H7xx_HAL_Driver/Src/stm32h7xx_ll_sdmmc.c ****   /* Check for error conditions */
1179:Drivers/STM32H7xx_HAL_Driver/Src/stm32h7xx_ll_sdmmc.c ****   errorstate = SDMMC_GetCmdResp3(SDMMCx);
1180:Drivers/STM32H7xx_HAL_Driver/Src/stm32h7xx_ll_sdmmc.c **** 
1181:Drivers/STM32H7xx_HAL_Driver/Src/stm32h7xx_ll_sdmmc.c ****   return errorstate;
1182:Drivers/STM32H7xx_HAL_Driver/Src/stm32h7xx_ll_sdmmc.c **** }
1183:Drivers/STM32H7xx_HAL_Driver/Src/stm32h7xx_ll_sdmmc.c **** 
1184:Drivers/STM32H7xx_HAL_Driver/Src/stm32h7xx_ll_sdmmc.c **** /**
1185:Drivers/STM32H7xx_HAL_Driver/Src/stm32h7xx_ll_sdmmc.c ****   * @brief  Checks switchable function and switch card function. SDMMC_CMD_HS_SWITCH command
1186:Drivers/STM32H7xx_HAL_Driver/Src/stm32h7xx_ll_sdmmc.c ****   * @param  SDMMCx: Pointer to SDMMC register base
1187:Drivers/STM32H7xx_HAL_Driver/Src/stm32h7xx_ll_sdmmc.c ****   * @parame Argument: Argument used for the command
1188:Drivers/STM32H7xx_HAL_Driver/Src/stm32h7xx_ll_sdmmc.c ****   * @retval HAL status
1189:Drivers/STM32H7xx_HAL_Driver/Src/stm32h7xx_ll_sdmmc.c ****   */
1190:Drivers/STM32H7xx_HAL_Driver/Src/stm32h7xx_ll_sdmmc.c **** uint32_t SDMMC_CmdSwitch(SDMMC_TypeDef *SDMMCx, uint32_t Argument)
1191:Drivers/STM32H7xx_HAL_Driver/Src/stm32h7xx_ll_sdmmc.c **** {
1192:Drivers/STM32H7xx_HAL_Driver/Src/stm32h7xx_ll_sdmmc.c ****   SDMMC_CmdInitTypeDef  sdmmc_cmdinit;
1193:Drivers/STM32H7xx_HAL_Driver/Src/stm32h7xx_ll_sdmmc.c ****   uint32_t errorstate;
1194:Drivers/STM32H7xx_HAL_Driver/Src/stm32h7xx_ll_sdmmc.c **** 
1195:Drivers/STM32H7xx_HAL_Driver/Src/stm32h7xx_ll_sdmmc.c ****   /* Send CMD6 to activate SDR50 Mode and Power Limit 1.44W */
1196:Drivers/STM32H7xx_HAL_Driver/Src/stm32h7xx_ll_sdmmc.c ****   /* CMD Response: R1 */
1197:Drivers/STM32H7xx_HAL_Driver/Src/stm32h7xx_ll_sdmmc.c ****   sdmmc_cmdinit.Argument         = Argument; /* SDMMC_SDR25_SWITCH_PATTERN*/
1198:Drivers/STM32H7xx_HAL_Driver/Src/stm32h7xx_ll_sdmmc.c ****   sdmmc_cmdinit.CmdIndex         = SDMMC_CMD_HS_SWITCH;
1199:Drivers/STM32H7xx_HAL_Driver/Src/stm32h7xx_ll_sdmmc.c ****   sdmmc_cmdinit.Response         = SDMMC_RESPONSE_SHORT;
1200:Drivers/STM32H7xx_HAL_Driver/Src/stm32h7xx_ll_sdmmc.c ****   sdmmc_cmdinit.WaitForInterrupt = SDMMC_WAIT_NO;
1201:Drivers/STM32H7xx_HAL_Driver/Src/stm32h7xx_ll_sdmmc.c ****   sdmmc_cmdinit.CPSM             = SDMMC_CPSM_ENABLE;
1202:Drivers/STM32H7xx_HAL_Driver/Src/stm32h7xx_ll_sdmmc.c ****   (void)SDMMC_SendCommand(SDMMCx, &sdmmc_cmdinit);
1203:Drivers/STM32H7xx_HAL_Driver/Src/stm32h7xx_ll_sdmmc.c **** 
1204:Drivers/STM32H7xx_HAL_Driver/Src/stm32h7xx_ll_sdmmc.c ****   /* Check for error conditions */
1205:Drivers/STM32H7xx_HAL_Driver/Src/stm32h7xx_ll_sdmmc.c ****   errorstate = SDMMC_GetCmdResp1(SDMMCx, SDMMC_CMD_HS_SWITCH, SDMMC_CMDTIMEOUT);
1206:Drivers/STM32H7xx_HAL_Driver/Src/stm32h7xx_ll_sdmmc.c **** 
1207:Drivers/STM32H7xx_HAL_Driver/Src/stm32h7xx_ll_sdmmc.c ****   return errorstate;
1208:Drivers/STM32H7xx_HAL_Driver/Src/stm32h7xx_ll_sdmmc.c **** }
1209:Drivers/STM32H7xx_HAL_Driver/Src/stm32h7xx_ll_sdmmc.c **** 
1210:Drivers/STM32H7xx_HAL_Driver/Src/stm32h7xx_ll_sdmmc.c **** /**
1211:Drivers/STM32H7xx_HAL_Driver/Src/stm32h7xx_ll_sdmmc.c ****   * @brief  Send the command asking the accessed card to send its operating
1212:Drivers/STM32H7xx_HAL_Driver/Src/stm32h7xx_ll_sdmmc.c ****   *         condition register (OCR)
1213:Drivers/STM32H7xx_HAL_Driver/Src/stm32h7xx_ll_sdmmc.c ****   * @param  None
1214:Drivers/STM32H7xx_HAL_Driver/Src/stm32h7xx_ll_sdmmc.c ****   * @retval HAL status
1215:Drivers/STM32H7xx_HAL_Driver/Src/stm32h7xx_ll_sdmmc.c ****   */
1216:Drivers/STM32H7xx_HAL_Driver/Src/stm32h7xx_ll_sdmmc.c **** uint32_t SDMMC_CmdVoltageSwitch(SDMMC_TypeDef *SDMMCx)
1217:Drivers/STM32H7xx_HAL_Driver/Src/stm32h7xx_ll_sdmmc.c **** {
1218:Drivers/STM32H7xx_HAL_Driver/Src/stm32h7xx_ll_sdmmc.c ****   SDMMC_CmdInitTypeDef  sdmmc_cmdinit;
1219:Drivers/STM32H7xx_HAL_Driver/Src/stm32h7xx_ll_sdmmc.c ****   uint32_t errorstate;
1220:Drivers/STM32H7xx_HAL_Driver/Src/stm32h7xx_ll_sdmmc.c **** 
1221:Drivers/STM32H7xx_HAL_Driver/Src/stm32h7xx_ll_sdmmc.c ****   sdmmc_cmdinit.Argument         = 0x00000000;
1222:Drivers/STM32H7xx_HAL_Driver/Src/stm32h7xx_ll_sdmmc.c ****   sdmmc_cmdinit.CmdIndex         = SDMMC_CMD_VOLTAGE_SWITCH;
1223:Drivers/STM32H7xx_HAL_Driver/Src/stm32h7xx_ll_sdmmc.c ****   sdmmc_cmdinit.Response         = SDMMC_RESPONSE_SHORT;
1224:Drivers/STM32H7xx_HAL_Driver/Src/stm32h7xx_ll_sdmmc.c ****   sdmmc_cmdinit.WaitForInterrupt = SDMMC_WAIT_NO;
1225:Drivers/STM32H7xx_HAL_Driver/Src/stm32h7xx_ll_sdmmc.c ****   sdmmc_cmdinit.CPSM             = SDMMC_CPSM_ENABLE;
1226:Drivers/STM32H7xx_HAL_Driver/Src/stm32h7xx_ll_sdmmc.c ****   (void)SDMMC_SendCommand(SDMMCx, &sdmmc_cmdinit);
1227:Drivers/STM32H7xx_HAL_Driver/Src/stm32h7xx_ll_sdmmc.c **** 
1228:Drivers/STM32H7xx_HAL_Driver/Src/stm32h7xx_ll_sdmmc.c ****   /* Check for error conditions */
ARM GAS  C:\Users\Made\AppData\Local\Temp\ccTdy2Vr.s 			page 23


1229:Drivers/STM32H7xx_HAL_Driver/Src/stm32h7xx_ll_sdmmc.c ****   errorstate = SDMMC_GetCmdResp1(SDMMCx, SDMMC_CMD_VOLTAGE_SWITCH, SDMMC_CMDTIMEOUT);
1230:Drivers/STM32H7xx_HAL_Driver/Src/stm32h7xx_ll_sdmmc.c **** 
1231:Drivers/STM32H7xx_HAL_Driver/Src/stm32h7xx_ll_sdmmc.c ****   return errorstate;
1232:Drivers/STM32H7xx_HAL_Driver/Src/stm32h7xx_ll_sdmmc.c **** }
1233:Drivers/STM32H7xx_HAL_Driver/Src/stm32h7xx_ll_sdmmc.c **** 
1234:Drivers/STM32H7xx_HAL_Driver/Src/stm32h7xx_ll_sdmmc.c **** /**
1235:Drivers/STM32H7xx_HAL_Driver/Src/stm32h7xx_ll_sdmmc.c ****   * @brief  Send the Send EXT_CSD command and check the response.
1236:Drivers/STM32H7xx_HAL_Driver/Src/stm32h7xx_ll_sdmmc.c ****   * @param  SDMMCx: Pointer to SDMMC register base
1237:Drivers/STM32H7xx_HAL_Driver/Src/stm32h7xx_ll_sdmmc.c ****   * @param  Argument: Command Argument
1238:Drivers/STM32H7xx_HAL_Driver/Src/stm32h7xx_ll_sdmmc.c ****   * @retval HAL status
1239:Drivers/STM32H7xx_HAL_Driver/Src/stm32h7xx_ll_sdmmc.c ****   */
1240:Drivers/STM32H7xx_HAL_Driver/Src/stm32h7xx_ll_sdmmc.c **** uint32_t SDMMC_CmdSendEXTCSD(SDMMC_TypeDef *SDMMCx, uint32_t Argument)
1241:Drivers/STM32H7xx_HAL_Driver/Src/stm32h7xx_ll_sdmmc.c **** {
1242:Drivers/STM32H7xx_HAL_Driver/Src/stm32h7xx_ll_sdmmc.c ****   SDMMC_CmdInitTypeDef  sdmmc_cmdinit;
1243:Drivers/STM32H7xx_HAL_Driver/Src/stm32h7xx_ll_sdmmc.c ****   uint32_t errorstate;
1244:Drivers/STM32H7xx_HAL_Driver/Src/stm32h7xx_ll_sdmmc.c **** 
1245:Drivers/STM32H7xx_HAL_Driver/Src/stm32h7xx_ll_sdmmc.c ****   /* Send CMD9 SEND_CSD */
1246:Drivers/STM32H7xx_HAL_Driver/Src/stm32h7xx_ll_sdmmc.c ****   sdmmc_cmdinit.Argument         = Argument;
1247:Drivers/STM32H7xx_HAL_Driver/Src/stm32h7xx_ll_sdmmc.c ****   sdmmc_cmdinit.CmdIndex         = SDMMC_CMD_HS_SEND_EXT_CSD;
1248:Drivers/STM32H7xx_HAL_Driver/Src/stm32h7xx_ll_sdmmc.c ****   sdmmc_cmdinit.Response         = SDMMC_RESPONSE_SHORT;
1249:Drivers/STM32H7xx_HAL_Driver/Src/stm32h7xx_ll_sdmmc.c ****   sdmmc_cmdinit.WaitForInterrupt = SDMMC_WAIT_NO;
1250:Drivers/STM32H7xx_HAL_Driver/Src/stm32h7xx_ll_sdmmc.c ****   sdmmc_cmdinit.CPSM             = SDMMC_CPSM_ENABLE;
1251:Drivers/STM32H7xx_HAL_Driver/Src/stm32h7xx_ll_sdmmc.c ****   (void)SDMMC_SendCommand(SDMMCx, &sdmmc_cmdinit);
1252:Drivers/STM32H7xx_HAL_Driver/Src/stm32h7xx_ll_sdmmc.c **** 
1253:Drivers/STM32H7xx_HAL_Driver/Src/stm32h7xx_ll_sdmmc.c ****   /* Check for error conditions */
1254:Drivers/STM32H7xx_HAL_Driver/Src/stm32h7xx_ll_sdmmc.c ****   errorstate = SDMMC_GetCmdResp1(SDMMCx, SDMMC_CMD_HS_SEND_EXT_CSD, SDMMC_CMDTIMEOUT);
1255:Drivers/STM32H7xx_HAL_Driver/Src/stm32h7xx_ll_sdmmc.c **** 
1256:Drivers/STM32H7xx_HAL_Driver/Src/stm32h7xx_ll_sdmmc.c ****   return errorstate;
1257:Drivers/STM32H7xx_HAL_Driver/Src/stm32h7xx_ll_sdmmc.c **** }
1258:Drivers/STM32H7xx_HAL_Driver/Src/stm32h7xx_ll_sdmmc.c **** 
1259:Drivers/STM32H7xx_HAL_Driver/Src/stm32h7xx_ll_sdmmc.c **** /**
1260:Drivers/STM32H7xx_HAL_Driver/Src/stm32h7xx_ll_sdmmc.c ****   * @brief  Execute a cmd52 to write single byte data and read single byte data if needed
1261:Drivers/STM32H7xx_HAL_Driver/Src/stm32h7xx_ll_sdmmc.c ****   * @param  SDMMCx: Pointer to SDMMC register base
1262:Drivers/STM32H7xx_HAL_Driver/Src/stm32h7xx_ll_sdmmc.c ****   * @param  Argument:  SDMMC command argument which is sent to a card as part of a command message
1263:Drivers/STM32H7xx_HAL_Driver/Src/stm32h7xx_ll_sdmmc.c ****   * @param  pData: pointer to read response if needed
1264:Drivers/STM32H7xx_HAL_Driver/Src/stm32h7xx_ll_sdmmc.c ****   * @retval SD Card error state
1265:Drivers/STM32H7xx_HAL_Driver/Src/stm32h7xx_ll_sdmmc.c ****   */
1266:Drivers/STM32H7xx_HAL_Driver/Src/stm32h7xx_ll_sdmmc.c **** uint32_t SDMMC_SDIO_CmdReadWriteDirect(SDMMC_TypeDef *SDMMCx, uint32_t Argument, uint8_t *pResponse
1267:Drivers/STM32H7xx_HAL_Driver/Src/stm32h7xx_ll_sdmmc.c **** {
1268:Drivers/STM32H7xx_HAL_Driver/Src/stm32h7xx_ll_sdmmc.c ****   SDMMC_CmdInitTypeDef  sdmmc_cmdinit;
1269:Drivers/STM32H7xx_HAL_Driver/Src/stm32h7xx_ll_sdmmc.c ****   uint32_t errorstate;
1270:Drivers/STM32H7xx_HAL_Driver/Src/stm32h7xx_ll_sdmmc.c **** 
1271:Drivers/STM32H7xx_HAL_Driver/Src/stm32h7xx_ll_sdmmc.c ****   sdmmc_cmdinit.Argument         = Argument;
1272:Drivers/STM32H7xx_HAL_Driver/Src/stm32h7xx_ll_sdmmc.c ****   sdmmc_cmdinit.CmdIndex         = SDMMC_CMD_SDMMC_RW_DIRECT;
1273:Drivers/STM32H7xx_HAL_Driver/Src/stm32h7xx_ll_sdmmc.c ****   sdmmc_cmdinit.Response         = SDMMC_RESPONSE_SHORT;
1274:Drivers/STM32H7xx_HAL_Driver/Src/stm32h7xx_ll_sdmmc.c ****   sdmmc_cmdinit.WaitForInterrupt = SDMMC_WAIT_NO;
1275:Drivers/STM32H7xx_HAL_Driver/Src/stm32h7xx_ll_sdmmc.c ****   sdmmc_cmdinit.CPSM             = SDMMC_CPSM_ENABLE;
1276:Drivers/STM32H7xx_HAL_Driver/Src/stm32h7xx_ll_sdmmc.c ****   (void)SDMMC_SendCommand(SDMMCx, &sdmmc_cmdinit);
1277:Drivers/STM32H7xx_HAL_Driver/Src/stm32h7xx_ll_sdmmc.c **** 
1278:Drivers/STM32H7xx_HAL_Driver/Src/stm32h7xx_ll_sdmmc.c ****   /* Check for error conditions */
1279:Drivers/STM32H7xx_HAL_Driver/Src/stm32h7xx_ll_sdmmc.c ****   errorstate = SDMMC_GetCmdResp5(SDMMCx, SDMMC_CMD_SDMMC_RW_DIRECT, pResponse);
1280:Drivers/STM32H7xx_HAL_Driver/Src/stm32h7xx_ll_sdmmc.c **** 
1281:Drivers/STM32H7xx_HAL_Driver/Src/stm32h7xx_ll_sdmmc.c ****   return errorstate;
1282:Drivers/STM32H7xx_HAL_Driver/Src/stm32h7xx_ll_sdmmc.c **** }
1283:Drivers/STM32H7xx_HAL_Driver/Src/stm32h7xx_ll_sdmmc.c **** 
1284:Drivers/STM32H7xx_HAL_Driver/Src/stm32h7xx_ll_sdmmc.c **** /**
1285:Drivers/STM32H7xx_HAL_Driver/Src/stm32h7xx_ll_sdmmc.c ****   * @brief  Execute a cmd53 to write or read multiple data with a single command
ARM GAS  C:\Users\Made\AppData\Local\Temp\ccTdy2Vr.s 			page 24


1286:Drivers/STM32H7xx_HAL_Driver/Src/stm32h7xx_ll_sdmmc.c ****   * @param  SDMMCx: Pointer to SDMMC register base
1287:Drivers/STM32H7xx_HAL_Driver/Src/stm32h7xx_ll_sdmmc.c ****   * @param  Argument: SDMMC command argument which is sent to a card as part of a command message
1288:Drivers/STM32H7xx_HAL_Driver/Src/stm32h7xx_ll_sdmmc.c ****   * @retval SD Card error state
1289:Drivers/STM32H7xx_HAL_Driver/Src/stm32h7xx_ll_sdmmc.c ****   */
1290:Drivers/STM32H7xx_HAL_Driver/Src/stm32h7xx_ll_sdmmc.c **** uint32_t SDMMC_SDIO_CmdReadWriteExtended(SDMMC_TypeDef *SDMMCx, uint32_t Argument)
1291:Drivers/STM32H7xx_HAL_Driver/Src/stm32h7xx_ll_sdmmc.c **** {
1292:Drivers/STM32H7xx_HAL_Driver/Src/stm32h7xx_ll_sdmmc.c ****   SDMMC_CmdInitTypeDef  sdmmc_cmdinit;
1293:Drivers/STM32H7xx_HAL_Driver/Src/stm32h7xx_ll_sdmmc.c ****   uint32_t errorstate;
1294:Drivers/STM32H7xx_HAL_Driver/Src/stm32h7xx_ll_sdmmc.c **** 
1295:Drivers/STM32H7xx_HAL_Driver/Src/stm32h7xx_ll_sdmmc.c ****   sdmmc_cmdinit.Argument         = Argument;
1296:Drivers/STM32H7xx_HAL_Driver/Src/stm32h7xx_ll_sdmmc.c ****   sdmmc_cmdinit.CmdIndex         = SDMMC_CMD_SDMMC_RW_EXTENDED;
1297:Drivers/STM32H7xx_HAL_Driver/Src/stm32h7xx_ll_sdmmc.c ****   sdmmc_cmdinit.Response         = SDMMC_RESPONSE_SHORT;
1298:Drivers/STM32H7xx_HAL_Driver/Src/stm32h7xx_ll_sdmmc.c ****   sdmmc_cmdinit.WaitForInterrupt = SDMMC_WAIT_NO;
1299:Drivers/STM32H7xx_HAL_Driver/Src/stm32h7xx_ll_sdmmc.c ****   sdmmc_cmdinit.CPSM             = SDMMC_CPSM_ENABLE;
1300:Drivers/STM32H7xx_HAL_Driver/Src/stm32h7xx_ll_sdmmc.c ****   (void)SDMMC_SendCommand(SDMMCx, &sdmmc_cmdinit);
1301:Drivers/STM32H7xx_HAL_Driver/Src/stm32h7xx_ll_sdmmc.c **** 
1302:Drivers/STM32H7xx_HAL_Driver/Src/stm32h7xx_ll_sdmmc.c ****   /* Check for error conditions */
1303:Drivers/STM32H7xx_HAL_Driver/Src/stm32h7xx_ll_sdmmc.c ****   errorstate = SDMMC_GetCmdResp5(SDMMCx, SDMMC_CMD_SDMMC_RW_EXTENDED, NULL);
1304:Drivers/STM32H7xx_HAL_Driver/Src/stm32h7xx_ll_sdmmc.c **** 
1305:Drivers/STM32H7xx_HAL_Driver/Src/stm32h7xx_ll_sdmmc.c ****   return errorstate;
1306:Drivers/STM32H7xx_HAL_Driver/Src/stm32h7xx_ll_sdmmc.c **** }
1307:Drivers/STM32H7xx_HAL_Driver/Src/stm32h7xx_ll_sdmmc.c **** 
1308:Drivers/STM32H7xx_HAL_Driver/Src/stm32h7xx_ll_sdmmc.c **** /**
1309:Drivers/STM32H7xx_HAL_Driver/Src/stm32h7xx_ll_sdmmc.c ****   * @brief  Execute a cmd5 to write or read multiple data with a single command
1310:Drivers/STM32H7xx_HAL_Driver/Src/stm32h7xx_ll_sdmmc.c ****   * @param  SDMMCx: Pointer to SDMMC register base
1311:Drivers/STM32H7xx_HAL_Driver/Src/stm32h7xx_ll_sdmmc.c ****   * @param  Argument: SDMMC command argument which is sent to a card as part of a command message
1312:Drivers/STM32H7xx_HAL_Driver/Src/stm32h7xx_ll_sdmmc.c ****   * @retval SD Card error state
1313:Drivers/STM32H7xx_HAL_Driver/Src/stm32h7xx_ll_sdmmc.c ****   */
1314:Drivers/STM32H7xx_HAL_Driver/Src/stm32h7xx_ll_sdmmc.c **** uint32_t SDMMC_CmdSendOperationcondition(SDMMC_TypeDef *SDMMCx, uint32_t Argument, uint32_t *pResp)
1315:Drivers/STM32H7xx_HAL_Driver/Src/stm32h7xx_ll_sdmmc.c **** {
1316:Drivers/STM32H7xx_HAL_Driver/Src/stm32h7xx_ll_sdmmc.c ****   SDMMC_CmdInitTypeDef sdmmc_cmdinit;
1317:Drivers/STM32H7xx_HAL_Driver/Src/stm32h7xx_ll_sdmmc.c ****   uint32_t             errorstate;
1318:Drivers/STM32H7xx_HAL_Driver/Src/stm32h7xx_ll_sdmmc.c **** 
1319:Drivers/STM32H7xx_HAL_Driver/Src/stm32h7xx_ll_sdmmc.c ****   sdmmc_cmdinit.Argument         = Argument;
1320:Drivers/STM32H7xx_HAL_Driver/Src/stm32h7xx_ll_sdmmc.c ****   sdmmc_cmdinit.CmdIndex         = SDMMC_CMD_SDMMC_SEN_OP_COND;
1321:Drivers/STM32H7xx_HAL_Driver/Src/stm32h7xx_ll_sdmmc.c ****   sdmmc_cmdinit.Response         = SDMMC_RESPONSE_SHORT;
1322:Drivers/STM32H7xx_HAL_Driver/Src/stm32h7xx_ll_sdmmc.c ****   sdmmc_cmdinit.WaitForInterrupt = SDMMC_WAIT_NO;
1323:Drivers/STM32H7xx_HAL_Driver/Src/stm32h7xx_ll_sdmmc.c ****   sdmmc_cmdinit.CPSM             = SDMMC_CPSM_ENABLE;
1324:Drivers/STM32H7xx_HAL_Driver/Src/stm32h7xx_ll_sdmmc.c ****   (void)SDMMC_SendCommand(SDMMCx, &sdmmc_cmdinit);
1325:Drivers/STM32H7xx_HAL_Driver/Src/stm32h7xx_ll_sdmmc.c **** 
1326:Drivers/STM32H7xx_HAL_Driver/Src/stm32h7xx_ll_sdmmc.c ****   /* Check for error conditions */
1327:Drivers/STM32H7xx_HAL_Driver/Src/stm32h7xx_ll_sdmmc.c ****   errorstate = SDMMC_GetCmdResp4(SDMMCx, pResp);
1328:Drivers/STM32H7xx_HAL_Driver/Src/stm32h7xx_ll_sdmmc.c **** 
1329:Drivers/STM32H7xx_HAL_Driver/Src/stm32h7xx_ll_sdmmc.c ****   return errorstate;
1330:Drivers/STM32H7xx_HAL_Driver/Src/stm32h7xx_ll_sdmmc.c **** }
1331:Drivers/STM32H7xx_HAL_Driver/Src/stm32h7xx_ll_sdmmc.c **** /**
1332:Drivers/STM32H7xx_HAL_Driver/Src/stm32h7xx_ll_sdmmc.c ****   * @}
1333:Drivers/STM32H7xx_HAL_Driver/Src/stm32h7xx_ll_sdmmc.c ****   */
1334:Drivers/STM32H7xx_HAL_Driver/Src/stm32h7xx_ll_sdmmc.c **** 
1335:Drivers/STM32H7xx_HAL_Driver/Src/stm32h7xx_ll_sdmmc.c **** 
1336:Drivers/STM32H7xx_HAL_Driver/Src/stm32h7xx_ll_sdmmc.c **** /** @defgroup HAL_SDMMC_LL_Group5 Responses management functions
1337:Drivers/STM32H7xx_HAL_Driver/Src/stm32h7xx_ll_sdmmc.c ****   *  @brief   Responses functions
1338:Drivers/STM32H7xx_HAL_Driver/Src/stm32h7xx_ll_sdmmc.c ****   *
1339:Drivers/STM32H7xx_HAL_Driver/Src/stm32h7xx_ll_sdmmc.c **** @verbatim
1340:Drivers/STM32H7xx_HAL_Driver/Src/stm32h7xx_ll_sdmmc.c ****  ===============================================================================
1341:Drivers/STM32H7xx_HAL_Driver/Src/stm32h7xx_ll_sdmmc.c ****                    ##### Responses management functions #####
1342:Drivers/STM32H7xx_HAL_Driver/Src/stm32h7xx_ll_sdmmc.c ****  ===============================================================================
ARM GAS  C:\Users\Made\AppData\Local\Temp\ccTdy2Vr.s 			page 25


1343:Drivers/STM32H7xx_HAL_Driver/Src/stm32h7xx_ll_sdmmc.c ****     [..]
1344:Drivers/STM32H7xx_HAL_Driver/Src/stm32h7xx_ll_sdmmc.c ****     This subsection provides a set of functions allowing to manage the needed responses.
1345:Drivers/STM32H7xx_HAL_Driver/Src/stm32h7xx_ll_sdmmc.c **** 
1346:Drivers/STM32H7xx_HAL_Driver/Src/stm32h7xx_ll_sdmmc.c **** @endverbatim
1347:Drivers/STM32H7xx_HAL_Driver/Src/stm32h7xx_ll_sdmmc.c ****   * @{
1348:Drivers/STM32H7xx_HAL_Driver/Src/stm32h7xx_ll_sdmmc.c ****   */
1349:Drivers/STM32H7xx_HAL_Driver/Src/stm32h7xx_ll_sdmmc.c **** /**
1350:Drivers/STM32H7xx_HAL_Driver/Src/stm32h7xx_ll_sdmmc.c ****   * @brief  Checks for error conditions for R1 response.
1351:Drivers/STM32H7xx_HAL_Driver/Src/stm32h7xx_ll_sdmmc.c ****   * @param  hsd: SD handle
1352:Drivers/STM32H7xx_HAL_Driver/Src/stm32h7xx_ll_sdmmc.c ****   * @param  SD_CMD: The sent command index
1353:Drivers/STM32H7xx_HAL_Driver/Src/stm32h7xx_ll_sdmmc.c ****   * @retval SD Card error state
1354:Drivers/STM32H7xx_HAL_Driver/Src/stm32h7xx_ll_sdmmc.c ****   */
1355:Drivers/STM32H7xx_HAL_Driver/Src/stm32h7xx_ll_sdmmc.c **** uint32_t SDMMC_GetCmdResp1(SDMMC_TypeDef *SDMMCx, uint8_t SD_CMD, uint32_t Timeout)
1356:Drivers/STM32H7xx_HAL_Driver/Src/stm32h7xx_ll_sdmmc.c **** {
1357:Drivers/STM32H7xx_HAL_Driver/Src/stm32h7xx_ll_sdmmc.c ****   uint32_t response_r1;
1358:Drivers/STM32H7xx_HAL_Driver/Src/stm32h7xx_ll_sdmmc.c ****   uint32_t sta_reg;
1359:Drivers/STM32H7xx_HAL_Driver/Src/stm32h7xx_ll_sdmmc.c **** 
1360:Drivers/STM32H7xx_HAL_Driver/Src/stm32h7xx_ll_sdmmc.c ****   /* 8 is the number of required instructions cycles for the below loop statement.
1361:Drivers/STM32H7xx_HAL_Driver/Src/stm32h7xx_ll_sdmmc.c ****   The Timeout is expressed in ms */
1362:Drivers/STM32H7xx_HAL_Driver/Src/stm32h7xx_ll_sdmmc.c ****   uint32_t count = Timeout * (SystemCoreClock / 8U / 1000U);
1363:Drivers/STM32H7xx_HAL_Driver/Src/stm32h7xx_ll_sdmmc.c **** 
1364:Drivers/STM32H7xx_HAL_Driver/Src/stm32h7xx_ll_sdmmc.c ****   do
1365:Drivers/STM32H7xx_HAL_Driver/Src/stm32h7xx_ll_sdmmc.c ****   {
1366:Drivers/STM32H7xx_HAL_Driver/Src/stm32h7xx_ll_sdmmc.c ****     if (count-- == 0U)
1367:Drivers/STM32H7xx_HAL_Driver/Src/stm32h7xx_ll_sdmmc.c ****     {
1368:Drivers/STM32H7xx_HAL_Driver/Src/stm32h7xx_ll_sdmmc.c ****       return SDMMC_ERROR_TIMEOUT;
1369:Drivers/STM32H7xx_HAL_Driver/Src/stm32h7xx_ll_sdmmc.c ****     }
1370:Drivers/STM32H7xx_HAL_Driver/Src/stm32h7xx_ll_sdmmc.c ****     sta_reg = SDMMCx->STA;
1371:Drivers/STM32H7xx_HAL_Driver/Src/stm32h7xx_ll_sdmmc.c ****   } while (((sta_reg & (SDMMC_FLAG_CCRCFAIL | SDMMC_FLAG_CMDREND | SDMMC_FLAG_CTIMEOUT |
1372:Drivers/STM32H7xx_HAL_Driver/Src/stm32h7xx_ll_sdmmc.c ****                         SDMMC_FLAG_BUSYD0END)) == 0U) || ((sta_reg & SDMMC_FLAG_CMDACT) != 0U));
1373:Drivers/STM32H7xx_HAL_Driver/Src/stm32h7xx_ll_sdmmc.c **** 
1374:Drivers/STM32H7xx_HAL_Driver/Src/stm32h7xx_ll_sdmmc.c ****   if (__SDMMC_GET_FLAG(SDMMCx, SDMMC_FLAG_CTIMEOUT))
1375:Drivers/STM32H7xx_HAL_Driver/Src/stm32h7xx_ll_sdmmc.c ****   {
1376:Drivers/STM32H7xx_HAL_Driver/Src/stm32h7xx_ll_sdmmc.c ****     __SDMMC_CLEAR_FLAG(SDMMCx, SDMMC_FLAG_CTIMEOUT);
1377:Drivers/STM32H7xx_HAL_Driver/Src/stm32h7xx_ll_sdmmc.c **** 
1378:Drivers/STM32H7xx_HAL_Driver/Src/stm32h7xx_ll_sdmmc.c ****     return SDMMC_ERROR_CMD_RSP_TIMEOUT;
1379:Drivers/STM32H7xx_HAL_Driver/Src/stm32h7xx_ll_sdmmc.c ****   }
1380:Drivers/STM32H7xx_HAL_Driver/Src/stm32h7xx_ll_sdmmc.c ****   else if (__SDMMC_GET_FLAG(SDMMCx, SDMMC_FLAG_CCRCFAIL))
1381:Drivers/STM32H7xx_HAL_Driver/Src/stm32h7xx_ll_sdmmc.c ****   {
1382:Drivers/STM32H7xx_HAL_Driver/Src/stm32h7xx_ll_sdmmc.c ****     __SDMMC_CLEAR_FLAG(SDMMCx, SDMMC_FLAG_CCRCFAIL);
1383:Drivers/STM32H7xx_HAL_Driver/Src/stm32h7xx_ll_sdmmc.c **** 
1384:Drivers/STM32H7xx_HAL_Driver/Src/stm32h7xx_ll_sdmmc.c ****     return SDMMC_ERROR_CMD_CRC_FAIL;
1385:Drivers/STM32H7xx_HAL_Driver/Src/stm32h7xx_ll_sdmmc.c ****   }
1386:Drivers/STM32H7xx_HAL_Driver/Src/stm32h7xx_ll_sdmmc.c ****   else
1387:Drivers/STM32H7xx_HAL_Driver/Src/stm32h7xx_ll_sdmmc.c ****   {
1388:Drivers/STM32H7xx_HAL_Driver/Src/stm32h7xx_ll_sdmmc.c ****     /* Nothing to do */
1389:Drivers/STM32H7xx_HAL_Driver/Src/stm32h7xx_ll_sdmmc.c ****   }
1390:Drivers/STM32H7xx_HAL_Driver/Src/stm32h7xx_ll_sdmmc.c **** 
1391:Drivers/STM32H7xx_HAL_Driver/Src/stm32h7xx_ll_sdmmc.c ****   /* Clear all the static flags */
1392:Drivers/STM32H7xx_HAL_Driver/Src/stm32h7xx_ll_sdmmc.c ****   __SDMMC_CLEAR_FLAG(SDMMCx, SDMMC_STATIC_CMD_FLAGS);
1393:Drivers/STM32H7xx_HAL_Driver/Src/stm32h7xx_ll_sdmmc.c **** 
1394:Drivers/STM32H7xx_HAL_Driver/Src/stm32h7xx_ll_sdmmc.c ****   /* Check response received is of desired command */
1395:Drivers/STM32H7xx_HAL_Driver/Src/stm32h7xx_ll_sdmmc.c ****   if (SDMMC_GetCommandResponse(SDMMCx) != SD_CMD)
1396:Drivers/STM32H7xx_HAL_Driver/Src/stm32h7xx_ll_sdmmc.c ****   {
1397:Drivers/STM32H7xx_HAL_Driver/Src/stm32h7xx_ll_sdmmc.c ****     return SDMMC_ERROR_CMD_CRC_FAIL;
1398:Drivers/STM32H7xx_HAL_Driver/Src/stm32h7xx_ll_sdmmc.c ****   }
1399:Drivers/STM32H7xx_HAL_Driver/Src/stm32h7xx_ll_sdmmc.c **** 
ARM GAS  C:\Users\Made\AppData\Local\Temp\ccTdy2Vr.s 			page 26


1400:Drivers/STM32H7xx_HAL_Driver/Src/stm32h7xx_ll_sdmmc.c ****   /* We have received response, retrieve it for analysis  */
1401:Drivers/STM32H7xx_HAL_Driver/Src/stm32h7xx_ll_sdmmc.c ****   response_r1 = SDMMC_GetResponse(SDMMCx, SDMMC_RESP1);
1402:Drivers/STM32H7xx_HAL_Driver/Src/stm32h7xx_ll_sdmmc.c **** 
1403:Drivers/STM32H7xx_HAL_Driver/Src/stm32h7xx_ll_sdmmc.c ****   if ((response_r1 & SDMMC_OCR_ERRORBITS) == SDMMC_ALLZERO)
1404:Drivers/STM32H7xx_HAL_Driver/Src/stm32h7xx_ll_sdmmc.c ****   {
1405:Drivers/STM32H7xx_HAL_Driver/Src/stm32h7xx_ll_sdmmc.c ****     return SDMMC_ERROR_NONE;
1406:Drivers/STM32H7xx_HAL_Driver/Src/stm32h7xx_ll_sdmmc.c ****   }
1407:Drivers/STM32H7xx_HAL_Driver/Src/stm32h7xx_ll_sdmmc.c ****   else if ((response_r1 & SDMMC_OCR_ADDR_OUT_OF_RANGE) == SDMMC_OCR_ADDR_OUT_OF_RANGE)
1408:Drivers/STM32H7xx_HAL_Driver/Src/stm32h7xx_ll_sdmmc.c ****   {
1409:Drivers/STM32H7xx_HAL_Driver/Src/stm32h7xx_ll_sdmmc.c ****     return SDMMC_ERROR_ADDR_OUT_OF_RANGE;
1410:Drivers/STM32H7xx_HAL_Driver/Src/stm32h7xx_ll_sdmmc.c ****   }
1411:Drivers/STM32H7xx_HAL_Driver/Src/stm32h7xx_ll_sdmmc.c ****   else if ((response_r1 & SDMMC_OCR_ADDR_MISALIGNED) == SDMMC_OCR_ADDR_MISALIGNED)
1412:Drivers/STM32H7xx_HAL_Driver/Src/stm32h7xx_ll_sdmmc.c ****   {
1413:Drivers/STM32H7xx_HAL_Driver/Src/stm32h7xx_ll_sdmmc.c ****     return SDMMC_ERROR_ADDR_MISALIGNED;
1414:Drivers/STM32H7xx_HAL_Driver/Src/stm32h7xx_ll_sdmmc.c ****   }
1415:Drivers/STM32H7xx_HAL_Driver/Src/stm32h7xx_ll_sdmmc.c ****   else if ((response_r1 & SDMMC_OCR_BLOCK_LEN_ERR) == SDMMC_OCR_BLOCK_LEN_ERR)
1416:Drivers/STM32H7xx_HAL_Driver/Src/stm32h7xx_ll_sdmmc.c ****   {
1417:Drivers/STM32H7xx_HAL_Driver/Src/stm32h7xx_ll_sdmmc.c ****     return SDMMC_ERROR_BLOCK_LEN_ERR;
1418:Drivers/STM32H7xx_HAL_Driver/Src/stm32h7xx_ll_sdmmc.c ****   }
1419:Drivers/STM32H7xx_HAL_Driver/Src/stm32h7xx_ll_sdmmc.c ****   else if ((response_r1 & SDMMC_OCR_ERASE_SEQ_ERR) == SDMMC_OCR_ERASE_SEQ_ERR)
1420:Drivers/STM32H7xx_HAL_Driver/Src/stm32h7xx_ll_sdmmc.c ****   {
1421:Drivers/STM32H7xx_HAL_Driver/Src/stm32h7xx_ll_sdmmc.c ****     return SDMMC_ERROR_ERASE_SEQ_ERR;
1422:Drivers/STM32H7xx_HAL_Driver/Src/stm32h7xx_ll_sdmmc.c ****   }
1423:Drivers/STM32H7xx_HAL_Driver/Src/stm32h7xx_ll_sdmmc.c ****   else if ((response_r1 & SDMMC_OCR_BAD_ERASE_PARAM) == SDMMC_OCR_BAD_ERASE_PARAM)
1424:Drivers/STM32H7xx_HAL_Driver/Src/stm32h7xx_ll_sdmmc.c ****   {
1425:Drivers/STM32H7xx_HAL_Driver/Src/stm32h7xx_ll_sdmmc.c ****     return SDMMC_ERROR_BAD_ERASE_PARAM;
1426:Drivers/STM32H7xx_HAL_Driver/Src/stm32h7xx_ll_sdmmc.c ****   }
1427:Drivers/STM32H7xx_HAL_Driver/Src/stm32h7xx_ll_sdmmc.c ****   else if ((response_r1 & SDMMC_OCR_WRITE_PROT_VIOLATION) == SDMMC_OCR_WRITE_PROT_VIOLATION)
1428:Drivers/STM32H7xx_HAL_Driver/Src/stm32h7xx_ll_sdmmc.c ****   {
1429:Drivers/STM32H7xx_HAL_Driver/Src/stm32h7xx_ll_sdmmc.c ****     return SDMMC_ERROR_WRITE_PROT_VIOLATION;
1430:Drivers/STM32H7xx_HAL_Driver/Src/stm32h7xx_ll_sdmmc.c ****   }
1431:Drivers/STM32H7xx_HAL_Driver/Src/stm32h7xx_ll_sdmmc.c ****   else if ((response_r1 & SDMMC_OCR_LOCK_UNLOCK_FAILED) == SDMMC_OCR_LOCK_UNLOCK_FAILED)
1432:Drivers/STM32H7xx_HAL_Driver/Src/stm32h7xx_ll_sdmmc.c ****   {
1433:Drivers/STM32H7xx_HAL_Driver/Src/stm32h7xx_ll_sdmmc.c ****     return SDMMC_ERROR_LOCK_UNLOCK_FAILED;
1434:Drivers/STM32H7xx_HAL_Driver/Src/stm32h7xx_ll_sdmmc.c ****   }
1435:Drivers/STM32H7xx_HAL_Driver/Src/stm32h7xx_ll_sdmmc.c ****   else if ((response_r1 & SDMMC_OCR_COM_CRC_FAILED) == SDMMC_OCR_COM_CRC_FAILED)
1436:Drivers/STM32H7xx_HAL_Driver/Src/stm32h7xx_ll_sdmmc.c ****   {
1437:Drivers/STM32H7xx_HAL_Driver/Src/stm32h7xx_ll_sdmmc.c ****     return SDMMC_ERROR_COM_CRC_FAILED;
1438:Drivers/STM32H7xx_HAL_Driver/Src/stm32h7xx_ll_sdmmc.c ****   }
1439:Drivers/STM32H7xx_HAL_Driver/Src/stm32h7xx_ll_sdmmc.c ****   else if ((response_r1 & SDMMC_OCR_ILLEGAL_CMD) == SDMMC_OCR_ILLEGAL_CMD)
1440:Drivers/STM32H7xx_HAL_Driver/Src/stm32h7xx_ll_sdmmc.c ****   {
1441:Drivers/STM32H7xx_HAL_Driver/Src/stm32h7xx_ll_sdmmc.c ****     return SDMMC_ERROR_ILLEGAL_CMD;
1442:Drivers/STM32H7xx_HAL_Driver/Src/stm32h7xx_ll_sdmmc.c ****   }
1443:Drivers/STM32H7xx_HAL_Driver/Src/stm32h7xx_ll_sdmmc.c ****   else if ((response_r1 & SDMMC_OCR_CARD_ECC_FAILED) == SDMMC_OCR_CARD_ECC_FAILED)
1444:Drivers/STM32H7xx_HAL_Driver/Src/stm32h7xx_ll_sdmmc.c ****   {
1445:Drivers/STM32H7xx_HAL_Driver/Src/stm32h7xx_ll_sdmmc.c ****     return SDMMC_ERROR_CARD_ECC_FAILED;
1446:Drivers/STM32H7xx_HAL_Driver/Src/stm32h7xx_ll_sdmmc.c ****   }
1447:Drivers/STM32H7xx_HAL_Driver/Src/stm32h7xx_ll_sdmmc.c ****   else if ((response_r1 & SDMMC_OCR_CC_ERROR) == SDMMC_OCR_CC_ERROR)
1448:Drivers/STM32H7xx_HAL_Driver/Src/stm32h7xx_ll_sdmmc.c ****   {
1449:Drivers/STM32H7xx_HAL_Driver/Src/stm32h7xx_ll_sdmmc.c ****     return SDMMC_ERROR_CC_ERR;
1450:Drivers/STM32H7xx_HAL_Driver/Src/stm32h7xx_ll_sdmmc.c ****   }
1451:Drivers/STM32H7xx_HAL_Driver/Src/stm32h7xx_ll_sdmmc.c ****   else if ((response_r1 & SDMMC_OCR_STREAM_READ_UNDERRUN) == SDMMC_OCR_STREAM_READ_UNDERRUN)
1452:Drivers/STM32H7xx_HAL_Driver/Src/stm32h7xx_ll_sdmmc.c ****   {
1453:Drivers/STM32H7xx_HAL_Driver/Src/stm32h7xx_ll_sdmmc.c ****     return SDMMC_ERROR_STREAM_READ_UNDERRUN;
1454:Drivers/STM32H7xx_HAL_Driver/Src/stm32h7xx_ll_sdmmc.c ****   }
1455:Drivers/STM32H7xx_HAL_Driver/Src/stm32h7xx_ll_sdmmc.c ****   else if ((response_r1 & SDMMC_OCR_STREAM_WRITE_OVERRUN) == SDMMC_OCR_STREAM_WRITE_OVERRUN)
1456:Drivers/STM32H7xx_HAL_Driver/Src/stm32h7xx_ll_sdmmc.c ****   {
ARM GAS  C:\Users\Made\AppData\Local\Temp\ccTdy2Vr.s 			page 27


1457:Drivers/STM32H7xx_HAL_Driver/Src/stm32h7xx_ll_sdmmc.c ****     return SDMMC_ERROR_STREAM_WRITE_OVERRUN;
1458:Drivers/STM32H7xx_HAL_Driver/Src/stm32h7xx_ll_sdmmc.c ****   }
1459:Drivers/STM32H7xx_HAL_Driver/Src/stm32h7xx_ll_sdmmc.c ****   else if ((response_r1 & SDMMC_OCR_CID_CSD_OVERWRITE) == SDMMC_OCR_CID_CSD_OVERWRITE)
1460:Drivers/STM32H7xx_HAL_Driver/Src/stm32h7xx_ll_sdmmc.c ****   {
1461:Drivers/STM32H7xx_HAL_Driver/Src/stm32h7xx_ll_sdmmc.c ****     return SDMMC_ERROR_CID_CSD_OVERWRITE;
1462:Drivers/STM32H7xx_HAL_Driver/Src/stm32h7xx_ll_sdmmc.c ****   }
1463:Drivers/STM32H7xx_HAL_Driver/Src/stm32h7xx_ll_sdmmc.c ****   else if ((response_r1 & SDMMC_OCR_WP_ERASE_SKIP) == SDMMC_OCR_WP_ERASE_SKIP)
1464:Drivers/STM32H7xx_HAL_Driver/Src/stm32h7xx_ll_sdmmc.c ****   {
1465:Drivers/STM32H7xx_HAL_Driver/Src/stm32h7xx_ll_sdmmc.c ****     return SDMMC_ERROR_WP_ERASE_SKIP;
1466:Drivers/STM32H7xx_HAL_Driver/Src/stm32h7xx_ll_sdmmc.c ****   }
1467:Drivers/STM32H7xx_HAL_Driver/Src/stm32h7xx_ll_sdmmc.c ****   else if ((response_r1 & SDMMC_OCR_CARD_ECC_DISABLED) == SDMMC_OCR_CARD_ECC_DISABLED)
1468:Drivers/STM32H7xx_HAL_Driver/Src/stm32h7xx_ll_sdmmc.c ****   {
1469:Drivers/STM32H7xx_HAL_Driver/Src/stm32h7xx_ll_sdmmc.c ****     return SDMMC_ERROR_CARD_ECC_DISABLED;
1470:Drivers/STM32H7xx_HAL_Driver/Src/stm32h7xx_ll_sdmmc.c ****   }
1471:Drivers/STM32H7xx_HAL_Driver/Src/stm32h7xx_ll_sdmmc.c ****   else if ((response_r1 & SDMMC_OCR_ERASE_RESET) == SDMMC_OCR_ERASE_RESET)
1472:Drivers/STM32H7xx_HAL_Driver/Src/stm32h7xx_ll_sdmmc.c ****   {
1473:Drivers/STM32H7xx_HAL_Driver/Src/stm32h7xx_ll_sdmmc.c ****     return SDMMC_ERROR_ERASE_RESET;
1474:Drivers/STM32H7xx_HAL_Driver/Src/stm32h7xx_ll_sdmmc.c ****   }
1475:Drivers/STM32H7xx_HAL_Driver/Src/stm32h7xx_ll_sdmmc.c ****   else if ((response_r1 & SDMMC_OCR_AKE_SEQ_ERROR) == SDMMC_OCR_AKE_SEQ_ERROR)
1476:Drivers/STM32H7xx_HAL_Driver/Src/stm32h7xx_ll_sdmmc.c ****   {
1477:Drivers/STM32H7xx_HAL_Driver/Src/stm32h7xx_ll_sdmmc.c ****     return SDMMC_ERROR_AKE_SEQ_ERR;
1478:Drivers/STM32H7xx_HAL_Driver/Src/stm32h7xx_ll_sdmmc.c ****   }
1479:Drivers/STM32H7xx_HAL_Driver/Src/stm32h7xx_ll_sdmmc.c ****   else
1480:Drivers/STM32H7xx_HAL_Driver/Src/stm32h7xx_ll_sdmmc.c ****   {
1481:Drivers/STM32H7xx_HAL_Driver/Src/stm32h7xx_ll_sdmmc.c ****     return SDMMC_ERROR_GENERAL_UNKNOWN_ERR;
1482:Drivers/STM32H7xx_HAL_Driver/Src/stm32h7xx_ll_sdmmc.c ****   }
1483:Drivers/STM32H7xx_HAL_Driver/Src/stm32h7xx_ll_sdmmc.c **** }
1484:Drivers/STM32H7xx_HAL_Driver/Src/stm32h7xx_ll_sdmmc.c **** 
1485:Drivers/STM32H7xx_HAL_Driver/Src/stm32h7xx_ll_sdmmc.c **** /**
1486:Drivers/STM32H7xx_HAL_Driver/Src/stm32h7xx_ll_sdmmc.c ****   * @brief  Checks for error conditions for R2 (CID or CSD) response.
1487:Drivers/STM32H7xx_HAL_Driver/Src/stm32h7xx_ll_sdmmc.c ****   * @param  hsd: SD handle
1488:Drivers/STM32H7xx_HAL_Driver/Src/stm32h7xx_ll_sdmmc.c ****   * @retval SD Card error state
1489:Drivers/STM32H7xx_HAL_Driver/Src/stm32h7xx_ll_sdmmc.c ****   */
1490:Drivers/STM32H7xx_HAL_Driver/Src/stm32h7xx_ll_sdmmc.c **** uint32_t SDMMC_GetCmdResp2(SDMMC_TypeDef *SDMMCx)
1491:Drivers/STM32H7xx_HAL_Driver/Src/stm32h7xx_ll_sdmmc.c **** {
1492:Drivers/STM32H7xx_HAL_Driver/Src/stm32h7xx_ll_sdmmc.c ****   uint32_t sta_reg;
1493:Drivers/STM32H7xx_HAL_Driver/Src/stm32h7xx_ll_sdmmc.c ****   /* 8 is the number of required instructions cycles for the below loop statement.
1494:Drivers/STM32H7xx_HAL_Driver/Src/stm32h7xx_ll_sdmmc.c ****   The SDMMC_CMDTIMEOUT is expressed in ms */
1495:Drivers/STM32H7xx_HAL_Driver/Src/stm32h7xx_ll_sdmmc.c ****   uint32_t count = SDMMC_CMDTIMEOUT * (SystemCoreClock / 8U / 1000U);
1496:Drivers/STM32H7xx_HAL_Driver/Src/stm32h7xx_ll_sdmmc.c **** 
1497:Drivers/STM32H7xx_HAL_Driver/Src/stm32h7xx_ll_sdmmc.c ****   do
1498:Drivers/STM32H7xx_HAL_Driver/Src/stm32h7xx_ll_sdmmc.c ****   {
1499:Drivers/STM32H7xx_HAL_Driver/Src/stm32h7xx_ll_sdmmc.c ****     if (count-- == 0U)
1500:Drivers/STM32H7xx_HAL_Driver/Src/stm32h7xx_ll_sdmmc.c ****     {
1501:Drivers/STM32H7xx_HAL_Driver/Src/stm32h7xx_ll_sdmmc.c ****       return SDMMC_ERROR_TIMEOUT;
1502:Drivers/STM32H7xx_HAL_Driver/Src/stm32h7xx_ll_sdmmc.c ****     }
1503:Drivers/STM32H7xx_HAL_Driver/Src/stm32h7xx_ll_sdmmc.c ****     sta_reg = SDMMCx->STA;
1504:Drivers/STM32H7xx_HAL_Driver/Src/stm32h7xx_ll_sdmmc.c ****   } while (((sta_reg & (SDMMC_FLAG_CCRCFAIL | SDMMC_FLAG_CMDREND | SDMMC_FLAG_CTIMEOUT)) == 0U) ||
1505:Drivers/STM32H7xx_HAL_Driver/Src/stm32h7xx_ll_sdmmc.c ****            ((sta_reg & SDMMC_FLAG_CMDACT) != 0U));
1506:Drivers/STM32H7xx_HAL_Driver/Src/stm32h7xx_ll_sdmmc.c **** 
1507:Drivers/STM32H7xx_HAL_Driver/Src/stm32h7xx_ll_sdmmc.c ****   if (__SDMMC_GET_FLAG(SDMMCx, SDMMC_FLAG_CTIMEOUT))
1508:Drivers/STM32H7xx_HAL_Driver/Src/stm32h7xx_ll_sdmmc.c ****   {
1509:Drivers/STM32H7xx_HAL_Driver/Src/stm32h7xx_ll_sdmmc.c ****     __SDMMC_CLEAR_FLAG(SDMMCx, SDMMC_FLAG_CTIMEOUT);
1510:Drivers/STM32H7xx_HAL_Driver/Src/stm32h7xx_ll_sdmmc.c **** 
1511:Drivers/STM32H7xx_HAL_Driver/Src/stm32h7xx_ll_sdmmc.c ****     return SDMMC_ERROR_CMD_RSP_TIMEOUT;
1512:Drivers/STM32H7xx_HAL_Driver/Src/stm32h7xx_ll_sdmmc.c ****   }
1513:Drivers/STM32H7xx_HAL_Driver/Src/stm32h7xx_ll_sdmmc.c ****   else if (__SDMMC_GET_FLAG(SDMMCx, SDMMC_FLAG_CCRCFAIL))
ARM GAS  C:\Users\Made\AppData\Local\Temp\ccTdy2Vr.s 			page 28


1514:Drivers/STM32H7xx_HAL_Driver/Src/stm32h7xx_ll_sdmmc.c ****   {
1515:Drivers/STM32H7xx_HAL_Driver/Src/stm32h7xx_ll_sdmmc.c ****     __SDMMC_CLEAR_FLAG(SDMMCx, SDMMC_FLAG_CCRCFAIL);
1516:Drivers/STM32H7xx_HAL_Driver/Src/stm32h7xx_ll_sdmmc.c **** 
1517:Drivers/STM32H7xx_HAL_Driver/Src/stm32h7xx_ll_sdmmc.c ****     return SDMMC_ERROR_CMD_CRC_FAIL;
1518:Drivers/STM32H7xx_HAL_Driver/Src/stm32h7xx_ll_sdmmc.c ****   }
1519:Drivers/STM32H7xx_HAL_Driver/Src/stm32h7xx_ll_sdmmc.c ****   else
1520:Drivers/STM32H7xx_HAL_Driver/Src/stm32h7xx_ll_sdmmc.c ****   {
1521:Drivers/STM32H7xx_HAL_Driver/Src/stm32h7xx_ll_sdmmc.c ****     /* No error flag set */
1522:Drivers/STM32H7xx_HAL_Driver/Src/stm32h7xx_ll_sdmmc.c ****     /* Clear all the static flags */
1523:Drivers/STM32H7xx_HAL_Driver/Src/stm32h7xx_ll_sdmmc.c ****     __SDMMC_CLEAR_FLAG(SDMMCx, SDMMC_STATIC_CMD_FLAGS);
1524:Drivers/STM32H7xx_HAL_Driver/Src/stm32h7xx_ll_sdmmc.c ****   }
1525:Drivers/STM32H7xx_HAL_Driver/Src/stm32h7xx_ll_sdmmc.c **** 
1526:Drivers/STM32H7xx_HAL_Driver/Src/stm32h7xx_ll_sdmmc.c ****   return SDMMC_ERROR_NONE;
1527:Drivers/STM32H7xx_HAL_Driver/Src/stm32h7xx_ll_sdmmc.c **** }
1528:Drivers/STM32H7xx_HAL_Driver/Src/stm32h7xx_ll_sdmmc.c **** 
1529:Drivers/STM32H7xx_HAL_Driver/Src/stm32h7xx_ll_sdmmc.c **** /**
1530:Drivers/STM32H7xx_HAL_Driver/Src/stm32h7xx_ll_sdmmc.c ****   * @brief  Checks for error conditions for R3 (OCR) response.
1531:Drivers/STM32H7xx_HAL_Driver/Src/stm32h7xx_ll_sdmmc.c ****   * @param  hsd: SD handle
1532:Drivers/STM32H7xx_HAL_Driver/Src/stm32h7xx_ll_sdmmc.c ****   * @retval SD Card error state
1533:Drivers/STM32H7xx_HAL_Driver/Src/stm32h7xx_ll_sdmmc.c ****   */
1534:Drivers/STM32H7xx_HAL_Driver/Src/stm32h7xx_ll_sdmmc.c **** uint32_t SDMMC_GetCmdResp3(SDMMC_TypeDef *SDMMCx)
1535:Drivers/STM32H7xx_HAL_Driver/Src/stm32h7xx_ll_sdmmc.c **** {
1536:Drivers/STM32H7xx_HAL_Driver/Src/stm32h7xx_ll_sdmmc.c ****   uint32_t sta_reg;
1537:Drivers/STM32H7xx_HAL_Driver/Src/stm32h7xx_ll_sdmmc.c ****   /* 8 is the number of required instructions cycles for the below loop statement.
1538:Drivers/STM32H7xx_HAL_Driver/Src/stm32h7xx_ll_sdmmc.c ****   The SDMMC_CMDTIMEOUT is expressed in ms */
1539:Drivers/STM32H7xx_HAL_Driver/Src/stm32h7xx_ll_sdmmc.c ****   uint32_t count = SDMMC_CMDTIMEOUT * (SystemCoreClock / 8U / 1000U);
1540:Drivers/STM32H7xx_HAL_Driver/Src/stm32h7xx_ll_sdmmc.c **** 
1541:Drivers/STM32H7xx_HAL_Driver/Src/stm32h7xx_ll_sdmmc.c ****   do
1542:Drivers/STM32H7xx_HAL_Driver/Src/stm32h7xx_ll_sdmmc.c ****   {
1543:Drivers/STM32H7xx_HAL_Driver/Src/stm32h7xx_ll_sdmmc.c ****     if (count-- == 0U)
1544:Drivers/STM32H7xx_HAL_Driver/Src/stm32h7xx_ll_sdmmc.c ****     {
1545:Drivers/STM32H7xx_HAL_Driver/Src/stm32h7xx_ll_sdmmc.c ****       return SDMMC_ERROR_TIMEOUT;
1546:Drivers/STM32H7xx_HAL_Driver/Src/stm32h7xx_ll_sdmmc.c ****     }
1547:Drivers/STM32H7xx_HAL_Driver/Src/stm32h7xx_ll_sdmmc.c ****     sta_reg = SDMMCx->STA;
1548:Drivers/STM32H7xx_HAL_Driver/Src/stm32h7xx_ll_sdmmc.c ****   } while (((sta_reg & (SDMMC_FLAG_CCRCFAIL | SDMMC_FLAG_CMDREND | SDMMC_FLAG_CTIMEOUT)) == 0U) ||
1549:Drivers/STM32H7xx_HAL_Driver/Src/stm32h7xx_ll_sdmmc.c ****            ((sta_reg & SDMMC_FLAG_CMDACT) != 0U));
1550:Drivers/STM32H7xx_HAL_Driver/Src/stm32h7xx_ll_sdmmc.c **** 
1551:Drivers/STM32H7xx_HAL_Driver/Src/stm32h7xx_ll_sdmmc.c ****   if (__SDMMC_GET_FLAG(SDMMCx, SDMMC_FLAG_CTIMEOUT))
1552:Drivers/STM32H7xx_HAL_Driver/Src/stm32h7xx_ll_sdmmc.c ****   {
1553:Drivers/STM32H7xx_HAL_Driver/Src/stm32h7xx_ll_sdmmc.c ****     __SDMMC_CLEAR_FLAG(SDMMCx, SDMMC_FLAG_CTIMEOUT);
1554:Drivers/STM32H7xx_HAL_Driver/Src/stm32h7xx_ll_sdmmc.c **** 
1555:Drivers/STM32H7xx_HAL_Driver/Src/stm32h7xx_ll_sdmmc.c ****     return SDMMC_ERROR_CMD_RSP_TIMEOUT;
1556:Drivers/STM32H7xx_HAL_Driver/Src/stm32h7xx_ll_sdmmc.c ****   }
1557:Drivers/STM32H7xx_HAL_Driver/Src/stm32h7xx_ll_sdmmc.c ****   else
1558:Drivers/STM32H7xx_HAL_Driver/Src/stm32h7xx_ll_sdmmc.c ****   {
1559:Drivers/STM32H7xx_HAL_Driver/Src/stm32h7xx_ll_sdmmc.c ****     /* Clear all the static flags */
1560:Drivers/STM32H7xx_HAL_Driver/Src/stm32h7xx_ll_sdmmc.c ****     __SDMMC_CLEAR_FLAG(SDMMCx, SDMMC_STATIC_CMD_FLAGS);
1561:Drivers/STM32H7xx_HAL_Driver/Src/stm32h7xx_ll_sdmmc.c ****   }
1562:Drivers/STM32H7xx_HAL_Driver/Src/stm32h7xx_ll_sdmmc.c **** 
1563:Drivers/STM32H7xx_HAL_Driver/Src/stm32h7xx_ll_sdmmc.c ****   return SDMMC_ERROR_NONE;
1564:Drivers/STM32H7xx_HAL_Driver/Src/stm32h7xx_ll_sdmmc.c **** }
1565:Drivers/STM32H7xx_HAL_Driver/Src/stm32h7xx_ll_sdmmc.c **** 
1566:Drivers/STM32H7xx_HAL_Driver/Src/stm32h7xx_ll_sdmmc.c **** /**
1567:Drivers/STM32H7xx_HAL_Driver/Src/stm32h7xx_ll_sdmmc.c ****   * @brief  Checks for error conditions for R4 response.
1568:Drivers/STM32H7xx_HAL_Driver/Src/stm32h7xx_ll_sdmmc.c ****   * @param  SDMMCx: Pointer to SDMMC register base
1569:Drivers/STM32H7xx_HAL_Driver/Src/stm32h7xx_ll_sdmmc.c ****   * @param  pResp: pointer to response
1570:Drivers/STM32H7xx_HAL_Driver/Src/stm32h7xx_ll_sdmmc.c ****   * @retval error state
ARM GAS  C:\Users\Made\AppData\Local\Temp\ccTdy2Vr.s 			page 29


1571:Drivers/STM32H7xx_HAL_Driver/Src/stm32h7xx_ll_sdmmc.c ****   */
1572:Drivers/STM32H7xx_HAL_Driver/Src/stm32h7xx_ll_sdmmc.c **** uint32_t SDMMC_GetCmdResp4(SDMMC_TypeDef *SDMMCx, uint32_t *pResp)
1573:Drivers/STM32H7xx_HAL_Driver/Src/stm32h7xx_ll_sdmmc.c **** {
1574:Drivers/STM32H7xx_HAL_Driver/Src/stm32h7xx_ll_sdmmc.c ****   uint32_t sta_reg;
1575:Drivers/STM32H7xx_HAL_Driver/Src/stm32h7xx_ll_sdmmc.c **** 
1576:Drivers/STM32H7xx_HAL_Driver/Src/stm32h7xx_ll_sdmmc.c ****   /* 8 is the number of required instructions cycles for the below loop statement.
1577:Drivers/STM32H7xx_HAL_Driver/Src/stm32h7xx_ll_sdmmc.c ****   The SDMMC_CMDTIMEOUT is expressed in ms */
1578:Drivers/STM32H7xx_HAL_Driver/Src/stm32h7xx_ll_sdmmc.c ****   uint32_t count = SDMMC_CMDTIMEOUT * (SystemCoreClock / 8U / 1000U);
1579:Drivers/STM32H7xx_HAL_Driver/Src/stm32h7xx_ll_sdmmc.c **** 
1580:Drivers/STM32H7xx_HAL_Driver/Src/stm32h7xx_ll_sdmmc.c ****   do
1581:Drivers/STM32H7xx_HAL_Driver/Src/stm32h7xx_ll_sdmmc.c ****   {
1582:Drivers/STM32H7xx_HAL_Driver/Src/stm32h7xx_ll_sdmmc.c ****     if (count-- == 0U)
1583:Drivers/STM32H7xx_HAL_Driver/Src/stm32h7xx_ll_sdmmc.c ****     {
1584:Drivers/STM32H7xx_HAL_Driver/Src/stm32h7xx_ll_sdmmc.c ****       return SDMMC_ERROR_TIMEOUT;
1585:Drivers/STM32H7xx_HAL_Driver/Src/stm32h7xx_ll_sdmmc.c ****     }
1586:Drivers/STM32H7xx_HAL_Driver/Src/stm32h7xx_ll_sdmmc.c ****     sta_reg = SDMMCx->STA;
1587:Drivers/STM32H7xx_HAL_Driver/Src/stm32h7xx_ll_sdmmc.c ****   } while (((sta_reg & (SDMMC_FLAG_CCRCFAIL | SDMMC_FLAG_CMDREND | SDMMC_FLAG_CTIMEOUT)) == 0U) ||
1588:Drivers/STM32H7xx_HAL_Driver/Src/stm32h7xx_ll_sdmmc.c ****            ((sta_reg & SDMMC_FLAG_CMDACT) != 0U));
1589:Drivers/STM32H7xx_HAL_Driver/Src/stm32h7xx_ll_sdmmc.c **** 
1590:Drivers/STM32H7xx_HAL_Driver/Src/stm32h7xx_ll_sdmmc.c ****   if (__SDMMC_GET_FLAG(SDMMCx, SDMMC_FLAG_CTIMEOUT))
1591:Drivers/STM32H7xx_HAL_Driver/Src/stm32h7xx_ll_sdmmc.c ****   {
1592:Drivers/STM32H7xx_HAL_Driver/Src/stm32h7xx_ll_sdmmc.c ****     __SDMMC_CLEAR_FLAG(SDMMCx, SDMMC_FLAG_CTIMEOUT);
1593:Drivers/STM32H7xx_HAL_Driver/Src/stm32h7xx_ll_sdmmc.c **** 
1594:Drivers/STM32H7xx_HAL_Driver/Src/stm32h7xx_ll_sdmmc.c ****     return SDMMC_ERROR_CMD_RSP_TIMEOUT;
1595:Drivers/STM32H7xx_HAL_Driver/Src/stm32h7xx_ll_sdmmc.c ****   }
1596:Drivers/STM32H7xx_HAL_Driver/Src/stm32h7xx_ll_sdmmc.c ****   else
1597:Drivers/STM32H7xx_HAL_Driver/Src/stm32h7xx_ll_sdmmc.c ****   {
1598:Drivers/STM32H7xx_HAL_Driver/Src/stm32h7xx_ll_sdmmc.c ****     /* Clear all the static flags */
1599:Drivers/STM32H7xx_HAL_Driver/Src/stm32h7xx_ll_sdmmc.c ****     __SDMMC_CLEAR_FLAG(SDMMCx, SDMMC_STATIC_CMD_FLAGS);
1600:Drivers/STM32H7xx_HAL_Driver/Src/stm32h7xx_ll_sdmmc.c ****   }
1601:Drivers/STM32H7xx_HAL_Driver/Src/stm32h7xx_ll_sdmmc.c **** 
1602:Drivers/STM32H7xx_HAL_Driver/Src/stm32h7xx_ll_sdmmc.c ****   /* Clear all the static flags */
1603:Drivers/STM32H7xx_HAL_Driver/Src/stm32h7xx_ll_sdmmc.c ****   __SDMMC_CLEAR_FLAG(SDMMCx, SDMMC_STATIC_CMD_FLAGS);
1604:Drivers/STM32H7xx_HAL_Driver/Src/stm32h7xx_ll_sdmmc.c **** 
1605:Drivers/STM32H7xx_HAL_Driver/Src/stm32h7xx_ll_sdmmc.c ****   /* We have received response, retrieve it.  */
1606:Drivers/STM32H7xx_HAL_Driver/Src/stm32h7xx_ll_sdmmc.c ****   *pResp = SDMMC_GetResponse(SDMMCx, SDMMC_RESP1);
1607:Drivers/STM32H7xx_HAL_Driver/Src/stm32h7xx_ll_sdmmc.c **** 
1608:Drivers/STM32H7xx_HAL_Driver/Src/stm32h7xx_ll_sdmmc.c ****   return SDMMC_ERROR_NONE;
1609:Drivers/STM32H7xx_HAL_Driver/Src/stm32h7xx_ll_sdmmc.c **** }
1610:Drivers/STM32H7xx_HAL_Driver/Src/stm32h7xx_ll_sdmmc.c **** 
1611:Drivers/STM32H7xx_HAL_Driver/Src/stm32h7xx_ll_sdmmc.c **** /**
1612:Drivers/STM32H7xx_HAL_Driver/Src/stm32h7xx_ll_sdmmc.c ****   * @brief  Checks for error conditions for R5 (cmd52/cmd53) response.
1613:Drivers/STM32H7xx_HAL_Driver/Src/stm32h7xx_ll_sdmmc.c ****   * @param  SDMMCx: Pointer to SDMMC register base
1614:Drivers/STM32H7xx_HAL_Driver/Src/stm32h7xx_ll_sdmmc.c ****   * @param  SDIO_CMD: The sent command index
1615:Drivers/STM32H7xx_HAL_Driver/Src/stm32h7xx_ll_sdmmc.c ****   * @param  pData: pointer to the read/write buffer needed for cmd52
1616:Drivers/STM32H7xx_HAL_Driver/Src/stm32h7xx_ll_sdmmc.c ****   * @retval SDIO Card error state
1617:Drivers/STM32H7xx_HAL_Driver/Src/stm32h7xx_ll_sdmmc.c ****   */
1618:Drivers/STM32H7xx_HAL_Driver/Src/stm32h7xx_ll_sdmmc.c **** uint32_t SDMMC_GetCmdResp5(SDMMC_TypeDef *SDMMCx, uint8_t SDIO_CMD, uint8_t *pData)
1619:Drivers/STM32H7xx_HAL_Driver/Src/stm32h7xx_ll_sdmmc.c **** {
1620:Drivers/STM32H7xx_HAL_Driver/Src/stm32h7xx_ll_sdmmc.c ****   uint32_t response_r5;
1621:Drivers/STM32H7xx_HAL_Driver/Src/stm32h7xx_ll_sdmmc.c ****   uint32_t sta_reg;
1622:Drivers/STM32H7xx_HAL_Driver/Src/stm32h7xx_ll_sdmmc.c **** 
1623:Drivers/STM32H7xx_HAL_Driver/Src/stm32h7xx_ll_sdmmc.c ****   /* 8 is the number of required instructions cycles for the below loop statement.
1624:Drivers/STM32H7xx_HAL_Driver/Src/stm32h7xx_ll_sdmmc.c ****   The SDMMC_CMDTIMEOUT is expressed in ms */
1625:Drivers/STM32H7xx_HAL_Driver/Src/stm32h7xx_ll_sdmmc.c ****   uint32_t count = SDMMC_CMDTIMEOUT * (SystemCoreClock / 8U / 1000U);
1626:Drivers/STM32H7xx_HAL_Driver/Src/stm32h7xx_ll_sdmmc.c **** 
1627:Drivers/STM32H7xx_HAL_Driver/Src/stm32h7xx_ll_sdmmc.c ****   do
ARM GAS  C:\Users\Made\AppData\Local\Temp\ccTdy2Vr.s 			page 30


1628:Drivers/STM32H7xx_HAL_Driver/Src/stm32h7xx_ll_sdmmc.c ****   {
1629:Drivers/STM32H7xx_HAL_Driver/Src/stm32h7xx_ll_sdmmc.c ****     if (count-- == 0U)
1630:Drivers/STM32H7xx_HAL_Driver/Src/stm32h7xx_ll_sdmmc.c ****     {
1631:Drivers/STM32H7xx_HAL_Driver/Src/stm32h7xx_ll_sdmmc.c ****       return SDMMC_ERROR_TIMEOUT;
1632:Drivers/STM32H7xx_HAL_Driver/Src/stm32h7xx_ll_sdmmc.c ****     }
1633:Drivers/STM32H7xx_HAL_Driver/Src/stm32h7xx_ll_sdmmc.c ****     sta_reg = SDMMCx->STA;
1634:Drivers/STM32H7xx_HAL_Driver/Src/stm32h7xx_ll_sdmmc.c ****   } while (((sta_reg & (SDMMC_FLAG_CCRCFAIL | SDMMC_FLAG_CMDREND | SDMMC_FLAG_CTIMEOUT)) == 0U) ||
1635:Drivers/STM32H7xx_HAL_Driver/Src/stm32h7xx_ll_sdmmc.c ****            ((sta_reg & SDMMC_FLAG_CMDACT) != 0U));
1636:Drivers/STM32H7xx_HAL_Driver/Src/stm32h7xx_ll_sdmmc.c **** 
1637:Drivers/STM32H7xx_HAL_Driver/Src/stm32h7xx_ll_sdmmc.c ****   if (__SDMMC_GET_FLAG(SDMMCx, SDMMC_FLAG_CTIMEOUT))
1638:Drivers/STM32H7xx_HAL_Driver/Src/stm32h7xx_ll_sdmmc.c ****   {
1639:Drivers/STM32H7xx_HAL_Driver/Src/stm32h7xx_ll_sdmmc.c ****     __SDMMC_CLEAR_FLAG(SDMMCx, SDMMC_FLAG_CTIMEOUT);
1640:Drivers/STM32H7xx_HAL_Driver/Src/stm32h7xx_ll_sdmmc.c **** 
1641:Drivers/STM32H7xx_HAL_Driver/Src/stm32h7xx_ll_sdmmc.c ****     return SDMMC_ERROR_CMD_RSP_TIMEOUT;
1642:Drivers/STM32H7xx_HAL_Driver/Src/stm32h7xx_ll_sdmmc.c ****   }
1643:Drivers/STM32H7xx_HAL_Driver/Src/stm32h7xx_ll_sdmmc.c ****   else if (__SDMMC_GET_FLAG(SDMMCx, SDMMC_FLAG_CCRCFAIL))
1644:Drivers/STM32H7xx_HAL_Driver/Src/stm32h7xx_ll_sdmmc.c ****   {
1645:Drivers/STM32H7xx_HAL_Driver/Src/stm32h7xx_ll_sdmmc.c ****     __SDMMC_CLEAR_FLAG(SDMMCx, SDMMC_FLAG_CCRCFAIL);
1646:Drivers/STM32H7xx_HAL_Driver/Src/stm32h7xx_ll_sdmmc.c **** 
1647:Drivers/STM32H7xx_HAL_Driver/Src/stm32h7xx_ll_sdmmc.c ****     return SDMMC_ERROR_CMD_CRC_FAIL;
1648:Drivers/STM32H7xx_HAL_Driver/Src/stm32h7xx_ll_sdmmc.c ****   }
1649:Drivers/STM32H7xx_HAL_Driver/Src/stm32h7xx_ll_sdmmc.c ****   else
1650:Drivers/STM32H7xx_HAL_Driver/Src/stm32h7xx_ll_sdmmc.c ****   {
1651:Drivers/STM32H7xx_HAL_Driver/Src/stm32h7xx_ll_sdmmc.c ****     /* Nothing to do */
1652:Drivers/STM32H7xx_HAL_Driver/Src/stm32h7xx_ll_sdmmc.c ****   }
1653:Drivers/STM32H7xx_HAL_Driver/Src/stm32h7xx_ll_sdmmc.c **** 
1654:Drivers/STM32H7xx_HAL_Driver/Src/stm32h7xx_ll_sdmmc.c ****   /* Check response received is of desired command */
1655:Drivers/STM32H7xx_HAL_Driver/Src/stm32h7xx_ll_sdmmc.c ****   if (SDMMC_GetCommandResponse(SDMMCx) != SDIO_CMD)
1656:Drivers/STM32H7xx_HAL_Driver/Src/stm32h7xx_ll_sdmmc.c ****   {
1657:Drivers/STM32H7xx_HAL_Driver/Src/stm32h7xx_ll_sdmmc.c ****     return SDMMC_ERROR_CMD_CRC_FAIL;
1658:Drivers/STM32H7xx_HAL_Driver/Src/stm32h7xx_ll_sdmmc.c ****   }
1659:Drivers/STM32H7xx_HAL_Driver/Src/stm32h7xx_ll_sdmmc.c **** 
1660:Drivers/STM32H7xx_HAL_Driver/Src/stm32h7xx_ll_sdmmc.c ****   /* Clear all the static flags */
1661:Drivers/STM32H7xx_HAL_Driver/Src/stm32h7xx_ll_sdmmc.c ****   __SDMMC_CLEAR_FLAG(SDMMCx, SDMMC_STATIC_CMD_FLAGS);
1662:Drivers/STM32H7xx_HAL_Driver/Src/stm32h7xx_ll_sdmmc.c **** 
1663:Drivers/STM32H7xx_HAL_Driver/Src/stm32h7xx_ll_sdmmc.c ****   /* We have received response, retrieve it.  */
1664:Drivers/STM32H7xx_HAL_Driver/Src/stm32h7xx_ll_sdmmc.c ****   response_r5 = SDMMC_GetResponse(SDMMCx, SDMMC_RESP1);
1665:Drivers/STM32H7xx_HAL_Driver/Src/stm32h7xx_ll_sdmmc.c **** 
1666:Drivers/STM32H7xx_HAL_Driver/Src/stm32h7xx_ll_sdmmc.c ****   if ((response_r5 & SDMMC_SDIO_R5_ERRORBITS) == SDMMC_ALLZERO)
1667:Drivers/STM32H7xx_HAL_Driver/Src/stm32h7xx_ll_sdmmc.c ****   {
1668:Drivers/STM32H7xx_HAL_Driver/Src/stm32h7xx_ll_sdmmc.c ****     /* we only want 8 bit read or write data and the 8 bit response flags are masked in the data po
1669:Drivers/STM32H7xx_HAL_Driver/Src/stm32h7xx_ll_sdmmc.c ****     if (pData != NULL)
1670:Drivers/STM32H7xx_HAL_Driver/Src/stm32h7xx_ll_sdmmc.c ****     {
1671:Drivers/STM32H7xx_HAL_Driver/Src/stm32h7xx_ll_sdmmc.c ****       *pData = (uint8_t)(response_r5 & 0xFFU);
1672:Drivers/STM32H7xx_HAL_Driver/Src/stm32h7xx_ll_sdmmc.c ****     }
1673:Drivers/STM32H7xx_HAL_Driver/Src/stm32h7xx_ll_sdmmc.c **** 
1674:Drivers/STM32H7xx_HAL_Driver/Src/stm32h7xx_ll_sdmmc.c ****     return SDMMC_ERROR_NONE;
1675:Drivers/STM32H7xx_HAL_Driver/Src/stm32h7xx_ll_sdmmc.c ****   }
1676:Drivers/STM32H7xx_HAL_Driver/Src/stm32h7xx_ll_sdmmc.c ****   else if ((response_r5 & SDMMC_SDIO_R5_OUT_OF_RANGE) == SDMMC_SDIO_R5_OUT_OF_RANGE)
1677:Drivers/STM32H7xx_HAL_Driver/Src/stm32h7xx_ll_sdmmc.c ****   {
1678:Drivers/STM32H7xx_HAL_Driver/Src/stm32h7xx_ll_sdmmc.c ****     return SDMMC_ERROR_ADDR_OUT_OF_RANGE;
1679:Drivers/STM32H7xx_HAL_Driver/Src/stm32h7xx_ll_sdmmc.c ****   }
1680:Drivers/STM32H7xx_HAL_Driver/Src/stm32h7xx_ll_sdmmc.c ****   else if ((response_r5 & SDMMC_SDIO_R5_INVALID_FUNCTION_NUMBER) == SDMMC_SDIO_R5_INVALID_FUNCTION_
1681:Drivers/STM32H7xx_HAL_Driver/Src/stm32h7xx_ll_sdmmc.c ****   {
1682:Drivers/STM32H7xx_HAL_Driver/Src/stm32h7xx_ll_sdmmc.c ****     return SDMMC_ERROR_INVALID_PARAMETER;
1683:Drivers/STM32H7xx_HAL_Driver/Src/stm32h7xx_ll_sdmmc.c ****   }
1684:Drivers/STM32H7xx_HAL_Driver/Src/stm32h7xx_ll_sdmmc.c ****   else if ((response_r5 & SDMMC_SDIO_R5_ILLEGAL_CMD) == SDMMC_SDIO_R5_ILLEGAL_CMD)
ARM GAS  C:\Users\Made\AppData\Local\Temp\ccTdy2Vr.s 			page 31


1685:Drivers/STM32H7xx_HAL_Driver/Src/stm32h7xx_ll_sdmmc.c ****   {
1686:Drivers/STM32H7xx_HAL_Driver/Src/stm32h7xx_ll_sdmmc.c ****     return SDMMC_ERROR_ILLEGAL_CMD;
1687:Drivers/STM32H7xx_HAL_Driver/Src/stm32h7xx_ll_sdmmc.c ****   }
1688:Drivers/STM32H7xx_HAL_Driver/Src/stm32h7xx_ll_sdmmc.c ****   else if ((response_r5 & SDMMC_SDIO_R5_COM_CRC_FAILED) == SDMMC_SDIO_R5_COM_CRC_FAILED)
1689:Drivers/STM32H7xx_HAL_Driver/Src/stm32h7xx_ll_sdmmc.c ****   {
1690:Drivers/STM32H7xx_HAL_Driver/Src/stm32h7xx_ll_sdmmc.c ****     return SDMMC_ERROR_COM_CRC_FAILED;
1691:Drivers/STM32H7xx_HAL_Driver/Src/stm32h7xx_ll_sdmmc.c ****   }
1692:Drivers/STM32H7xx_HAL_Driver/Src/stm32h7xx_ll_sdmmc.c ****   else
1693:Drivers/STM32H7xx_HAL_Driver/Src/stm32h7xx_ll_sdmmc.c ****   {
1694:Drivers/STM32H7xx_HAL_Driver/Src/stm32h7xx_ll_sdmmc.c ****     return SDMMC_ERROR_GENERAL_UNKNOWN_ERR;
1695:Drivers/STM32H7xx_HAL_Driver/Src/stm32h7xx_ll_sdmmc.c ****   }
1696:Drivers/STM32H7xx_HAL_Driver/Src/stm32h7xx_ll_sdmmc.c **** }
1697:Drivers/STM32H7xx_HAL_Driver/Src/stm32h7xx_ll_sdmmc.c **** 
1698:Drivers/STM32H7xx_HAL_Driver/Src/stm32h7xx_ll_sdmmc.c **** /**
1699:Drivers/STM32H7xx_HAL_Driver/Src/stm32h7xx_ll_sdmmc.c ****   * @brief  Checks for error conditions for R6 (RCA) response.
1700:Drivers/STM32H7xx_HAL_Driver/Src/stm32h7xx_ll_sdmmc.c ****   * @param  hsd: SD handle
1701:Drivers/STM32H7xx_HAL_Driver/Src/stm32h7xx_ll_sdmmc.c ****   * @param  SD_CMD: The sent command index
1702:Drivers/STM32H7xx_HAL_Driver/Src/stm32h7xx_ll_sdmmc.c ****   * @param  pRCA: Pointer to the variable that will contain the SD card relative
1703:Drivers/STM32H7xx_HAL_Driver/Src/stm32h7xx_ll_sdmmc.c ****   *         address RCA
1704:Drivers/STM32H7xx_HAL_Driver/Src/stm32h7xx_ll_sdmmc.c ****   * @retval SD Card error state
1705:Drivers/STM32H7xx_HAL_Driver/Src/stm32h7xx_ll_sdmmc.c ****   */
1706:Drivers/STM32H7xx_HAL_Driver/Src/stm32h7xx_ll_sdmmc.c **** uint32_t SDMMC_GetCmdResp6(SDMMC_TypeDef *SDMMCx, uint8_t SD_CMD, uint16_t *pRCA)
1707:Drivers/STM32H7xx_HAL_Driver/Src/stm32h7xx_ll_sdmmc.c **** {
1708:Drivers/STM32H7xx_HAL_Driver/Src/stm32h7xx_ll_sdmmc.c ****   uint32_t response_r1;
1709:Drivers/STM32H7xx_HAL_Driver/Src/stm32h7xx_ll_sdmmc.c ****   uint32_t sta_reg;
1710:Drivers/STM32H7xx_HAL_Driver/Src/stm32h7xx_ll_sdmmc.c **** 
1711:Drivers/STM32H7xx_HAL_Driver/Src/stm32h7xx_ll_sdmmc.c ****   /* 8 is the number of required instructions cycles for the below loop statement.
1712:Drivers/STM32H7xx_HAL_Driver/Src/stm32h7xx_ll_sdmmc.c ****   The SDMMC_CMDTIMEOUT is expressed in ms */
1713:Drivers/STM32H7xx_HAL_Driver/Src/stm32h7xx_ll_sdmmc.c ****   uint32_t count = SDMMC_CMDTIMEOUT * (SystemCoreClock / 8U / 1000U);
1714:Drivers/STM32H7xx_HAL_Driver/Src/stm32h7xx_ll_sdmmc.c **** 
1715:Drivers/STM32H7xx_HAL_Driver/Src/stm32h7xx_ll_sdmmc.c ****   do
1716:Drivers/STM32H7xx_HAL_Driver/Src/stm32h7xx_ll_sdmmc.c ****   {
1717:Drivers/STM32H7xx_HAL_Driver/Src/stm32h7xx_ll_sdmmc.c ****     if (count-- == 0U)
1718:Drivers/STM32H7xx_HAL_Driver/Src/stm32h7xx_ll_sdmmc.c ****     {
1719:Drivers/STM32H7xx_HAL_Driver/Src/stm32h7xx_ll_sdmmc.c ****       return SDMMC_ERROR_TIMEOUT;
1720:Drivers/STM32H7xx_HAL_Driver/Src/stm32h7xx_ll_sdmmc.c ****     }
1721:Drivers/STM32H7xx_HAL_Driver/Src/stm32h7xx_ll_sdmmc.c ****     sta_reg = SDMMCx->STA;
1722:Drivers/STM32H7xx_HAL_Driver/Src/stm32h7xx_ll_sdmmc.c ****   } while (((sta_reg & (SDMMC_FLAG_CCRCFAIL | SDMMC_FLAG_CMDREND | SDMMC_FLAG_CTIMEOUT)) == 0U) ||
1723:Drivers/STM32H7xx_HAL_Driver/Src/stm32h7xx_ll_sdmmc.c ****            ((sta_reg & SDMMC_FLAG_CMDACT) != 0U));
1724:Drivers/STM32H7xx_HAL_Driver/Src/stm32h7xx_ll_sdmmc.c **** 
1725:Drivers/STM32H7xx_HAL_Driver/Src/stm32h7xx_ll_sdmmc.c ****   if (__SDMMC_GET_FLAG(SDMMCx, SDMMC_FLAG_CTIMEOUT))
1726:Drivers/STM32H7xx_HAL_Driver/Src/stm32h7xx_ll_sdmmc.c ****   {
1727:Drivers/STM32H7xx_HAL_Driver/Src/stm32h7xx_ll_sdmmc.c ****     __SDMMC_CLEAR_FLAG(SDMMCx, SDMMC_FLAG_CTIMEOUT);
1728:Drivers/STM32H7xx_HAL_Driver/Src/stm32h7xx_ll_sdmmc.c **** 
1729:Drivers/STM32H7xx_HAL_Driver/Src/stm32h7xx_ll_sdmmc.c ****     return SDMMC_ERROR_CMD_RSP_TIMEOUT;
1730:Drivers/STM32H7xx_HAL_Driver/Src/stm32h7xx_ll_sdmmc.c ****   }
1731:Drivers/STM32H7xx_HAL_Driver/Src/stm32h7xx_ll_sdmmc.c ****   else if (__SDMMC_GET_FLAG(SDMMCx, SDMMC_FLAG_CCRCFAIL))
1732:Drivers/STM32H7xx_HAL_Driver/Src/stm32h7xx_ll_sdmmc.c ****   {
1733:Drivers/STM32H7xx_HAL_Driver/Src/stm32h7xx_ll_sdmmc.c ****     __SDMMC_CLEAR_FLAG(SDMMCx, SDMMC_FLAG_CCRCFAIL);
1734:Drivers/STM32H7xx_HAL_Driver/Src/stm32h7xx_ll_sdmmc.c **** 
1735:Drivers/STM32H7xx_HAL_Driver/Src/stm32h7xx_ll_sdmmc.c ****     return SDMMC_ERROR_CMD_CRC_FAIL;
1736:Drivers/STM32H7xx_HAL_Driver/Src/stm32h7xx_ll_sdmmc.c ****   }
1737:Drivers/STM32H7xx_HAL_Driver/Src/stm32h7xx_ll_sdmmc.c ****   else
1738:Drivers/STM32H7xx_HAL_Driver/Src/stm32h7xx_ll_sdmmc.c ****   {
1739:Drivers/STM32H7xx_HAL_Driver/Src/stm32h7xx_ll_sdmmc.c ****     /* Nothing to do */
1740:Drivers/STM32H7xx_HAL_Driver/Src/stm32h7xx_ll_sdmmc.c ****   }
1741:Drivers/STM32H7xx_HAL_Driver/Src/stm32h7xx_ll_sdmmc.c **** 
ARM GAS  C:\Users\Made\AppData\Local\Temp\ccTdy2Vr.s 			page 32


1742:Drivers/STM32H7xx_HAL_Driver/Src/stm32h7xx_ll_sdmmc.c ****   /* Check response received is of desired command */
1743:Drivers/STM32H7xx_HAL_Driver/Src/stm32h7xx_ll_sdmmc.c ****   if (SDMMC_GetCommandResponse(SDMMCx) != SD_CMD)
1744:Drivers/STM32H7xx_HAL_Driver/Src/stm32h7xx_ll_sdmmc.c ****   {
1745:Drivers/STM32H7xx_HAL_Driver/Src/stm32h7xx_ll_sdmmc.c ****     return SDMMC_ERROR_CMD_CRC_FAIL;
1746:Drivers/STM32H7xx_HAL_Driver/Src/stm32h7xx_ll_sdmmc.c ****   }
1747:Drivers/STM32H7xx_HAL_Driver/Src/stm32h7xx_ll_sdmmc.c **** 
1748:Drivers/STM32H7xx_HAL_Driver/Src/stm32h7xx_ll_sdmmc.c ****   /* Clear all the static flags */
1749:Drivers/STM32H7xx_HAL_Driver/Src/stm32h7xx_ll_sdmmc.c ****   __SDMMC_CLEAR_FLAG(SDMMCx, SDMMC_STATIC_CMD_FLAGS);
1750:Drivers/STM32H7xx_HAL_Driver/Src/stm32h7xx_ll_sdmmc.c **** 
1751:Drivers/STM32H7xx_HAL_Driver/Src/stm32h7xx_ll_sdmmc.c ****   /* We have received response, retrieve it.  */
1752:Drivers/STM32H7xx_HAL_Driver/Src/stm32h7xx_ll_sdmmc.c ****   response_r1 = SDMMC_GetResponse(SDMMCx, SDMMC_RESP1);
1753:Drivers/STM32H7xx_HAL_Driver/Src/stm32h7xx_ll_sdmmc.c **** 
1754:Drivers/STM32H7xx_HAL_Driver/Src/stm32h7xx_ll_sdmmc.c ****   if ((response_r1 & (SDMMC_R6_GENERAL_UNKNOWN_ERROR | SDMMC_R6_ILLEGAL_CMD |
1755:Drivers/STM32H7xx_HAL_Driver/Src/stm32h7xx_ll_sdmmc.c ****                       SDMMC_R6_COM_CRC_FAILED)) == SDMMC_ALLZERO)
1756:Drivers/STM32H7xx_HAL_Driver/Src/stm32h7xx_ll_sdmmc.c ****   {
1757:Drivers/STM32H7xx_HAL_Driver/Src/stm32h7xx_ll_sdmmc.c ****     *pRCA = (uint16_t)(response_r1 >> 16);
1758:Drivers/STM32H7xx_HAL_Driver/Src/stm32h7xx_ll_sdmmc.c **** 
1759:Drivers/STM32H7xx_HAL_Driver/Src/stm32h7xx_ll_sdmmc.c ****     return SDMMC_ERROR_NONE;
1760:Drivers/STM32H7xx_HAL_Driver/Src/stm32h7xx_ll_sdmmc.c ****   }
1761:Drivers/STM32H7xx_HAL_Driver/Src/stm32h7xx_ll_sdmmc.c ****   else if ((response_r1 & SDMMC_R6_ILLEGAL_CMD) == SDMMC_R6_ILLEGAL_CMD)
1762:Drivers/STM32H7xx_HAL_Driver/Src/stm32h7xx_ll_sdmmc.c ****   {
1763:Drivers/STM32H7xx_HAL_Driver/Src/stm32h7xx_ll_sdmmc.c ****     return SDMMC_ERROR_ILLEGAL_CMD;
1764:Drivers/STM32H7xx_HAL_Driver/Src/stm32h7xx_ll_sdmmc.c ****   }
1765:Drivers/STM32H7xx_HAL_Driver/Src/stm32h7xx_ll_sdmmc.c ****   else if ((response_r1 & SDMMC_R6_COM_CRC_FAILED) == SDMMC_R6_COM_CRC_FAILED)
1766:Drivers/STM32H7xx_HAL_Driver/Src/stm32h7xx_ll_sdmmc.c ****   {
1767:Drivers/STM32H7xx_HAL_Driver/Src/stm32h7xx_ll_sdmmc.c ****     return SDMMC_ERROR_COM_CRC_FAILED;
1768:Drivers/STM32H7xx_HAL_Driver/Src/stm32h7xx_ll_sdmmc.c ****   }
1769:Drivers/STM32H7xx_HAL_Driver/Src/stm32h7xx_ll_sdmmc.c ****   else
1770:Drivers/STM32H7xx_HAL_Driver/Src/stm32h7xx_ll_sdmmc.c ****   {
1771:Drivers/STM32H7xx_HAL_Driver/Src/stm32h7xx_ll_sdmmc.c ****     return SDMMC_ERROR_GENERAL_UNKNOWN_ERR;
1772:Drivers/STM32H7xx_HAL_Driver/Src/stm32h7xx_ll_sdmmc.c ****   }
1773:Drivers/STM32H7xx_HAL_Driver/Src/stm32h7xx_ll_sdmmc.c **** }
1774:Drivers/STM32H7xx_HAL_Driver/Src/stm32h7xx_ll_sdmmc.c **** 
1775:Drivers/STM32H7xx_HAL_Driver/Src/stm32h7xx_ll_sdmmc.c **** /**
1776:Drivers/STM32H7xx_HAL_Driver/Src/stm32h7xx_ll_sdmmc.c ****   * @brief  Checks for error conditions for R7 response.
1777:Drivers/STM32H7xx_HAL_Driver/Src/stm32h7xx_ll_sdmmc.c ****   * @param  hsd: SD handle
1778:Drivers/STM32H7xx_HAL_Driver/Src/stm32h7xx_ll_sdmmc.c ****   * @retval SD Card error state
1779:Drivers/STM32H7xx_HAL_Driver/Src/stm32h7xx_ll_sdmmc.c ****   */
1780:Drivers/STM32H7xx_HAL_Driver/Src/stm32h7xx_ll_sdmmc.c **** uint32_t SDMMC_GetCmdResp7(SDMMC_TypeDef *SDMMCx)
1781:Drivers/STM32H7xx_HAL_Driver/Src/stm32h7xx_ll_sdmmc.c **** {
1782:Drivers/STM32H7xx_HAL_Driver/Src/stm32h7xx_ll_sdmmc.c ****   uint32_t sta_reg;
1783:Drivers/STM32H7xx_HAL_Driver/Src/stm32h7xx_ll_sdmmc.c ****   /* 8 is the number of required instructions cycles for the below loop statement.
1784:Drivers/STM32H7xx_HAL_Driver/Src/stm32h7xx_ll_sdmmc.c ****   The SDMMC_CMDTIMEOUT is expressed in ms */
1785:Drivers/STM32H7xx_HAL_Driver/Src/stm32h7xx_ll_sdmmc.c ****   uint32_t count = SDMMC_CMDTIMEOUT * (SystemCoreClock / 8U / 1000U);
1786:Drivers/STM32H7xx_HAL_Driver/Src/stm32h7xx_ll_sdmmc.c **** 
1787:Drivers/STM32H7xx_HAL_Driver/Src/stm32h7xx_ll_sdmmc.c ****   do
1788:Drivers/STM32H7xx_HAL_Driver/Src/stm32h7xx_ll_sdmmc.c ****   {
1789:Drivers/STM32H7xx_HAL_Driver/Src/stm32h7xx_ll_sdmmc.c ****     if (count-- == 0U)
1790:Drivers/STM32H7xx_HAL_Driver/Src/stm32h7xx_ll_sdmmc.c ****     {
1791:Drivers/STM32H7xx_HAL_Driver/Src/stm32h7xx_ll_sdmmc.c ****       return SDMMC_ERROR_TIMEOUT;
1792:Drivers/STM32H7xx_HAL_Driver/Src/stm32h7xx_ll_sdmmc.c ****     }
1793:Drivers/STM32H7xx_HAL_Driver/Src/stm32h7xx_ll_sdmmc.c ****     sta_reg = SDMMCx->STA;
1794:Drivers/STM32H7xx_HAL_Driver/Src/stm32h7xx_ll_sdmmc.c ****   } while (((sta_reg & (SDMMC_FLAG_CCRCFAIL | SDMMC_FLAG_CMDREND | SDMMC_FLAG_CTIMEOUT)) == 0U) ||
1795:Drivers/STM32H7xx_HAL_Driver/Src/stm32h7xx_ll_sdmmc.c ****            ((sta_reg & SDMMC_FLAG_CMDACT) != 0U));
1796:Drivers/STM32H7xx_HAL_Driver/Src/stm32h7xx_ll_sdmmc.c **** 
1797:Drivers/STM32H7xx_HAL_Driver/Src/stm32h7xx_ll_sdmmc.c ****   if (__SDMMC_GET_FLAG(SDMMCx, SDMMC_FLAG_CTIMEOUT))
1798:Drivers/STM32H7xx_HAL_Driver/Src/stm32h7xx_ll_sdmmc.c ****   {
ARM GAS  C:\Users\Made\AppData\Local\Temp\ccTdy2Vr.s 			page 33


1799:Drivers/STM32H7xx_HAL_Driver/Src/stm32h7xx_ll_sdmmc.c ****     /* Card is not SD V2.0 compliant */
1800:Drivers/STM32H7xx_HAL_Driver/Src/stm32h7xx_ll_sdmmc.c ****     __SDMMC_CLEAR_FLAG(SDMMCx, SDMMC_FLAG_CTIMEOUT);
1801:Drivers/STM32H7xx_HAL_Driver/Src/stm32h7xx_ll_sdmmc.c **** 
1802:Drivers/STM32H7xx_HAL_Driver/Src/stm32h7xx_ll_sdmmc.c ****     return SDMMC_ERROR_CMD_RSP_TIMEOUT;
1803:Drivers/STM32H7xx_HAL_Driver/Src/stm32h7xx_ll_sdmmc.c ****   }
1804:Drivers/STM32H7xx_HAL_Driver/Src/stm32h7xx_ll_sdmmc.c **** 
1805:Drivers/STM32H7xx_HAL_Driver/Src/stm32h7xx_ll_sdmmc.c ****   else if (__SDMMC_GET_FLAG(SDMMCx, SDMMC_FLAG_CCRCFAIL))
1806:Drivers/STM32H7xx_HAL_Driver/Src/stm32h7xx_ll_sdmmc.c ****   {
1807:Drivers/STM32H7xx_HAL_Driver/Src/stm32h7xx_ll_sdmmc.c ****     /* Card is not SD V2.0 compliant */
1808:Drivers/STM32H7xx_HAL_Driver/Src/stm32h7xx_ll_sdmmc.c ****     __SDMMC_CLEAR_FLAG(SDMMCx, SDMMC_FLAG_CCRCFAIL);
1809:Drivers/STM32H7xx_HAL_Driver/Src/stm32h7xx_ll_sdmmc.c **** 
1810:Drivers/STM32H7xx_HAL_Driver/Src/stm32h7xx_ll_sdmmc.c ****     return SDMMC_ERROR_CMD_CRC_FAIL;
1811:Drivers/STM32H7xx_HAL_Driver/Src/stm32h7xx_ll_sdmmc.c ****   }
1812:Drivers/STM32H7xx_HAL_Driver/Src/stm32h7xx_ll_sdmmc.c ****   else
1813:Drivers/STM32H7xx_HAL_Driver/Src/stm32h7xx_ll_sdmmc.c ****   {
1814:Drivers/STM32H7xx_HAL_Driver/Src/stm32h7xx_ll_sdmmc.c ****     /* Nothing to do */
1815:Drivers/STM32H7xx_HAL_Driver/Src/stm32h7xx_ll_sdmmc.c ****   }
1816:Drivers/STM32H7xx_HAL_Driver/Src/stm32h7xx_ll_sdmmc.c **** 
1817:Drivers/STM32H7xx_HAL_Driver/Src/stm32h7xx_ll_sdmmc.c ****   if (__SDMMC_GET_FLAG(SDMMCx, SDMMC_FLAG_CMDREND))
1818:Drivers/STM32H7xx_HAL_Driver/Src/stm32h7xx_ll_sdmmc.c ****   {
1819:Drivers/STM32H7xx_HAL_Driver/Src/stm32h7xx_ll_sdmmc.c ****     /* Card is SD V2.0 compliant */
1820:Drivers/STM32H7xx_HAL_Driver/Src/stm32h7xx_ll_sdmmc.c ****     __SDMMC_CLEAR_FLAG(SDMMCx, SDMMC_FLAG_CMDREND);
1821:Drivers/STM32H7xx_HAL_Driver/Src/stm32h7xx_ll_sdmmc.c ****   }
1822:Drivers/STM32H7xx_HAL_Driver/Src/stm32h7xx_ll_sdmmc.c **** 
1823:Drivers/STM32H7xx_HAL_Driver/Src/stm32h7xx_ll_sdmmc.c ****   return SDMMC_ERROR_NONE;
1824:Drivers/STM32H7xx_HAL_Driver/Src/stm32h7xx_ll_sdmmc.c **** 
1825:Drivers/STM32H7xx_HAL_Driver/Src/stm32h7xx_ll_sdmmc.c **** }
1826:Drivers/STM32H7xx_HAL_Driver/Src/stm32h7xx_ll_sdmmc.c **** 
1827:Drivers/STM32H7xx_HAL_Driver/Src/stm32h7xx_ll_sdmmc.c **** /**
1828:Drivers/STM32H7xx_HAL_Driver/Src/stm32h7xx_ll_sdmmc.c ****   * @}
1829:Drivers/STM32H7xx_HAL_Driver/Src/stm32h7xx_ll_sdmmc.c ****   */
1830:Drivers/STM32H7xx_HAL_Driver/Src/stm32h7xx_ll_sdmmc.c **** 
1831:Drivers/STM32H7xx_HAL_Driver/Src/stm32h7xx_ll_sdmmc.c **** /* Private function ----------------------------------------------------------*/
1832:Drivers/STM32H7xx_HAL_Driver/Src/stm32h7xx_ll_sdmmc.c **** /** @addtogroup SD_Private_Functions
1833:Drivers/STM32H7xx_HAL_Driver/Src/stm32h7xx_ll_sdmmc.c ****   * @{
1834:Drivers/STM32H7xx_HAL_Driver/Src/stm32h7xx_ll_sdmmc.c ****   */
1835:Drivers/STM32H7xx_HAL_Driver/Src/stm32h7xx_ll_sdmmc.c **** 
1836:Drivers/STM32H7xx_HAL_Driver/Src/stm32h7xx_ll_sdmmc.c **** /**
1837:Drivers/STM32H7xx_HAL_Driver/Src/stm32h7xx_ll_sdmmc.c ****   * @brief  Checks for error conditions for CMD0.
1838:Drivers/STM32H7xx_HAL_Driver/Src/stm32h7xx_ll_sdmmc.c ****   * @param  hsd: SD handle
1839:Drivers/STM32H7xx_HAL_Driver/Src/stm32h7xx_ll_sdmmc.c ****   * @retval SD Card error state
1840:Drivers/STM32H7xx_HAL_Driver/Src/stm32h7xx_ll_sdmmc.c ****   */
1841:Drivers/STM32H7xx_HAL_Driver/Src/stm32h7xx_ll_sdmmc.c **** static uint32_t SDMMC_GetCmdError(SDMMC_TypeDef *SDMMCx)
1842:Drivers/STM32H7xx_HAL_Driver/Src/stm32h7xx_ll_sdmmc.c **** {
  28              		.loc 1 1842 1 view -0
  29              		.cfi_startproc
  30              		@ args = 0, pretend = 0, frame = 0
  31              		@ frame_needed = 0, uses_anonymous_args = 0
  32              		@ link register save eliminated.
1843:Drivers/STM32H7xx_HAL_Driver/Src/stm32h7xx_ll_sdmmc.c ****   /* 8 is the number of required instructions cycles for the below loop statement.
1844:Drivers/STM32H7xx_HAL_Driver/Src/stm32h7xx_ll_sdmmc.c ****   The SDMMC_CMDTIMEOUT is expressed in ms */
1845:Drivers/STM32H7xx_HAL_Driver/Src/stm32h7xx_ll_sdmmc.c ****   uint32_t count = SDMMC_CMDTIMEOUT * (SystemCoreClock / 8U / 1000U);
  33              		.loc 1 1845 3 view .LVU1
  34              		.loc 1 1845 61 is_stmt 0 view .LVU2
  35 0000 0B4B     		ldr	r3, .L5
  36 0002 1B68     		ldr	r3, [r3]
  37 0004 0B4A     		ldr	r2, .L5+4
ARM GAS  C:\Users\Made\AppData\Local\Temp\ccTdy2Vr.s 			page 34


  38 0006 A2FB0323 		umull	r2, r3, r2, r3
  39 000a 5B0A     		lsrs	r3, r3, #9
  40              		.loc 1 1845 12 view .LVU3
  41 000c 41F28832 		movw	r2, #5000
  42 0010 02FB03F3 		mul	r3, r2, r3
  43              	.LVL1:
  44              	.L3:
1846:Drivers/STM32H7xx_HAL_Driver/Src/stm32h7xx_ll_sdmmc.c **** 
1847:Drivers/STM32H7xx_HAL_Driver/Src/stm32h7xx_ll_sdmmc.c ****   do
  45              		.loc 1 1847 3 is_stmt 1 view .LVU4
1848:Drivers/STM32H7xx_HAL_Driver/Src/stm32h7xx_ll_sdmmc.c ****   {
1849:Drivers/STM32H7xx_HAL_Driver/Src/stm32h7xx_ll_sdmmc.c ****     if (count-- == 0U)
  46              		.loc 1 1849 5 view .LVU5
  47 0014 1A46     		mov	r2, r3
  48              		.loc 1 1849 14 is_stmt 0 view .LVU6
  49 0016 013B     		subs	r3, r3, #1
  50              	.LVL2:
  51              		.loc 1 1849 8 view .LVU7
  52 0018 3AB1     		cbz	r2, .L4
1850:Drivers/STM32H7xx_HAL_Driver/Src/stm32h7xx_ll_sdmmc.c ****     {
1851:Drivers/STM32H7xx_HAL_Driver/Src/stm32h7xx_ll_sdmmc.c ****       return SDMMC_ERROR_TIMEOUT;
1852:Drivers/STM32H7xx_HAL_Driver/Src/stm32h7xx_ll_sdmmc.c ****     }
1853:Drivers/STM32H7xx_HAL_Driver/Src/stm32h7xx_ll_sdmmc.c **** 
1854:Drivers/STM32H7xx_HAL_Driver/Src/stm32h7xx_ll_sdmmc.c ****   } while (!__SDMMC_GET_FLAG(SDMMCx, SDMMC_FLAG_CMDSENT));
  53              		.loc 1 1854 12 is_stmt 1 view .LVU8
  54              		.loc 1 1854 13 is_stmt 0 view .LVU9
  55 001a 426B     		ldr	r2, [r0, #52]
  56              		.loc 1 1854 12 view .LVU10
  57 001c 12F0800F 		tst	r2, #128
  58 0020 F8D0     		beq	.L3
1855:Drivers/STM32H7xx_HAL_Driver/Src/stm32h7xx_ll_sdmmc.c **** 
1856:Drivers/STM32H7xx_HAL_Driver/Src/stm32h7xx_ll_sdmmc.c ****   /* Clear all the static flags */
1857:Drivers/STM32H7xx_HAL_Driver/Src/stm32h7xx_ll_sdmmc.c ****   __SDMMC_CLEAR_FLAG(SDMMCx, SDMMC_STATIC_CMD_FLAGS);
  59              		.loc 1 1857 3 is_stmt 1 view .LVU11
  60 0022 054B     		ldr	r3, .L5+8
  61              	.LVL3:
  62              		.loc 1 1857 3 is_stmt 0 view .LVU12
  63 0024 8363     		str	r3, [r0, #56]
1858:Drivers/STM32H7xx_HAL_Driver/Src/stm32h7xx_ll_sdmmc.c **** 
1859:Drivers/STM32H7xx_HAL_Driver/Src/stm32h7xx_ll_sdmmc.c ****   return SDMMC_ERROR_NONE;
  64              		.loc 1 1859 3 is_stmt 1 view .LVU13
  65              		.loc 1 1859 10 is_stmt 0 view .LVU14
  66 0026 0020     		movs	r0, #0
  67              	.LVL4:
  68              		.loc 1 1859 10 view .LVU15
  69 0028 7047     		bx	lr
  70              	.LVL5:
  71              	.L4:
1851:Drivers/STM32H7xx_HAL_Driver/Src/stm32h7xx_ll_sdmmc.c ****     }
  72              		.loc 1 1851 14 view .LVU16
  73 002a 4FF00040 		mov	r0, #-2147483648
  74              	.LVL6:
1860:Drivers/STM32H7xx_HAL_Driver/Src/stm32h7xx_ll_sdmmc.c **** }
  75              		.loc 1 1860 1 view .LVU17
  76 002e 7047     		bx	lr
  77              	.L6:
  78              		.align	2
ARM GAS  C:\Users\Made\AppData\Local\Temp\ccTdy2Vr.s 			page 35


  79              	.L5:
  80 0030 00000000 		.word	SystemCoreClock
  81 0034 D34D6210 		.word	274877907
  82 0038 C5002000 		.word	2097349
  83              		.cfi_endproc
  84              	.LFE389:
  86              		.section	.text.SDMMC_Init,"ax",%progbits
  87              		.align	1
  88              		.global	SDMMC_Init
  89              		.syntax unified
  90              		.thumb
  91              		.thumb_func
  93              	SDMMC_Init:
  94              	.LVL7:
  95              	.LFB335:
 202:Drivers/STM32H7xx_HAL_Driver/Src/stm32h7xx_ll_sdmmc.c ****   uint32_t tmpreg = 0;
  96              		.loc 1 202 1 is_stmt 1 view -0
  97              		.cfi_startproc
  98              		@ args = 24, pretend = 16, frame = 0
  99              		@ frame_needed = 0, uses_anonymous_args = 0
 100              		@ link register save eliminated.
 202:Drivers/STM32H7xx_HAL_Driver/Src/stm32h7xx_ll_sdmmc.c ****   uint32_t tmpreg = 0;
 101              		.loc 1 202 1 is_stmt 0 view .LVU19
 102 0000 84B0     		sub	sp, sp, #16
 103              	.LCFI0:
 104              		.cfi_def_cfa_offset 16
 105 0002 0DF1040C 		add	ip, sp, #4
 106 0006 8CE80E00 		stm	ip, {r1, r2, r3}
 203:Drivers/STM32H7xx_HAL_Driver/Src/stm32h7xx_ll_sdmmc.c **** 
 107              		.loc 1 203 3 is_stmt 1 view .LVU20
 108              	.LVL8:
 206:Drivers/STM32H7xx_HAL_Driver/Src/stm32h7xx_ll_sdmmc.c ****   assert_param(IS_SDMMC_CLOCK_EDGE(Init.ClockEdge));
 109              		.loc 1 206 3 view .LVU21
 207:Drivers/STM32H7xx_HAL_Driver/Src/stm32h7xx_ll_sdmmc.c ****   assert_param(IS_SDMMC_CLOCK_POWER_SAVE(Init.ClockPowerSave));
 110              		.loc 1 207 3 view .LVU22
 208:Drivers/STM32H7xx_HAL_Driver/Src/stm32h7xx_ll_sdmmc.c ****   assert_param(IS_SDMMC_BUS_WIDE(Init.BusWide));
 111              		.loc 1 208 3 view .LVU23
 209:Drivers/STM32H7xx_HAL_Driver/Src/stm32h7xx_ll_sdmmc.c ****   assert_param(IS_SDMMC_HARDWARE_FLOW_CONTROL(Init.HardwareFlowControl));
 112              		.loc 1 209 3 view .LVU24
 210:Drivers/STM32H7xx_HAL_Driver/Src/stm32h7xx_ll_sdmmc.c ****   assert_param(IS_SDMMC_CLKDIV(Init.ClockDiv));
 113              		.loc 1 210 3 view .LVU25
 211:Drivers/STM32H7xx_HAL_Driver/Src/stm32h7xx_ll_sdmmc.c **** 
 114              		.loc 1 211 3 view .LVU26
 214:Drivers/STM32H7xx_HAL_Driver/Src/stm32h7xx_ll_sdmmc.c ****              Init.ClockPowerSave      | \
 115              		.loc 1 214 3 view .LVU27
 214:Drivers/STM32H7xx_HAL_Driver/Src/stm32h7xx_ll_sdmmc.c ****              Init.ClockPowerSave      | \
 116              		.loc 1 214 39 is_stmt 0 view .LVU28
 117 000a 0B46     		mov	r3, r1
 118 000c 1343     		orrs	r3, r3, r2
 216:Drivers/STM32H7xx_HAL_Driver/Src/stm32h7xx_ll_sdmmc.c ****              Init.HardwareFlowControl | \
 119              		.loc 1 216 18 view .LVU29
 120 000e 039A     		ldr	r2, [sp, #12]
 215:Drivers/STM32H7xx_HAL_Driver/Src/stm32h7xx_ll_sdmmc.c ****              Init.BusWide             | \
 121              		.loc 1 215 39 view .LVU30
 122 0010 1343     		orrs	r3, r3, r2
 217:Drivers/STM32H7xx_HAL_Driver/Src/stm32h7xx_ll_sdmmc.c ****              Init.ClockDiv
 123              		.loc 1 217 18 view .LVU31
ARM GAS  C:\Users\Made\AppData\Local\Temp\ccTdy2Vr.s 			page 36


 124 0012 049A     		ldr	r2, [sp, #16]
 216:Drivers/STM32H7xx_HAL_Driver/Src/stm32h7xx_ll_sdmmc.c ****              Init.HardwareFlowControl | \
 125              		.loc 1 216 39 view .LVU32
 126 0014 1343     		orrs	r3, r3, r2
 218:Drivers/STM32H7xx_HAL_Driver/Src/stm32h7xx_ll_sdmmc.c ****             );
 127              		.loc 1 218 18 view .LVU33
 128 0016 059A     		ldr	r2, [sp, #20]
 217:Drivers/STM32H7xx_HAL_Driver/Src/stm32h7xx_ll_sdmmc.c ****              Init.ClockDiv
 129              		.loc 1 217 39 view .LVU34
 130 0018 1343     		orrs	r3, r3, r2
 131              	.LVL9:
 222:Drivers/STM32H7xx_HAL_Driver/Src/stm32h7xx_ll_sdmmc.c **** 
 132              		.loc 1 222 3 is_stmt 1 view .LVU35
 133 001a 4168     		ldr	r1, [r0, #4]
 134 001c 034A     		ldr	r2, .L9
 135 001e 0A40     		ands	r2, r2, r1
 136 0020 1343     		orrs	r3, r3, r2
 137              	.LVL10:
 222:Drivers/STM32H7xx_HAL_Driver/Src/stm32h7xx_ll_sdmmc.c **** 
 138              		.loc 1 222 3 is_stmt 0 view .LVU36
 139 0022 4360     		str	r3, [r0, #4]
 224:Drivers/STM32H7xx_HAL_Driver/Src/stm32h7xx_ll_sdmmc.c **** }
 140              		.loc 1 224 3 is_stmt 1 view .LVU37
 225:Drivers/STM32H7xx_HAL_Driver/Src/stm32h7xx_ll_sdmmc.c **** 
 141              		.loc 1 225 1 is_stmt 0 view .LVU38
 142 0024 0020     		movs	r0, #0
 143              	.LVL11:
 225:Drivers/STM32H7xx_HAL_Driver/Src/stm32h7xx_ll_sdmmc.c **** 
 144              		.loc 1 225 1 view .LVU39
 145 0026 04B0     		add	sp, sp, #16
 146              	.LCFI1:
 147              		.cfi_def_cfa_offset 0
 148 0028 7047     		bx	lr
 149              	.L10:
 150 002a 00BF     		.align	2
 151              	.L9:
 152 002c 002CC0FF 		.word	-4183040
 153              		.cfi_endproc
 154              	.LFE335:
 156              		.section	.text.SDMMC_ReadFIFO,"ax",%progbits
 157              		.align	1
 158              		.global	SDMMC_ReadFIFO
 159              		.syntax unified
 160              		.thumb
 161              		.thumb_func
 163              	SDMMC_ReadFIFO:
 164              	.LVL12:
 165              	.LFB336:
 253:Drivers/STM32H7xx_HAL_Driver/Src/stm32h7xx_ll_sdmmc.c ****   /* Read data from Rx FIFO */
 166              		.loc 1 253 1 is_stmt 1 view -0
 167              		.cfi_startproc
 168              		@ args = 0, pretend = 0, frame = 0
 169              		@ frame_needed = 0, uses_anonymous_args = 0
 170              		@ link register save eliminated.
 255:Drivers/STM32H7xx_HAL_Driver/Src/stm32h7xx_ll_sdmmc.c **** }
 171              		.loc 1 255 3 view .LVU41
 255:Drivers/STM32H7xx_HAL_Driver/Src/stm32h7xx_ll_sdmmc.c **** }
ARM GAS  C:\Users\Made\AppData\Local\Temp\ccTdy2Vr.s 			page 37


 172              		.loc 1 255 17 is_stmt 0 view .LVU42
 173 0000 D0F88000 		ldr	r0, [r0, #128]
 174              	.LVL13:
 256:Drivers/STM32H7xx_HAL_Driver/Src/stm32h7xx_ll_sdmmc.c **** 
 175              		.loc 1 256 1 view .LVU43
 176 0004 7047     		bx	lr
 177              		.cfi_endproc
 178              	.LFE336:
 180              		.section	.text.SDMMC_WriteFIFO,"ax",%progbits
 181              		.align	1
 182              		.global	SDMMC_WriteFIFO
 183              		.syntax unified
 184              		.thumb
 185              		.thumb_func
 187              	SDMMC_WriteFIFO:
 188              	.LVL14:
 189              	.LFB337:
 265:Drivers/STM32H7xx_HAL_Driver/Src/stm32h7xx_ll_sdmmc.c ****   /* Write data to FIFO */
 190              		.loc 1 265 1 is_stmt 1 view -0
 191              		.cfi_startproc
 192              		@ args = 0, pretend = 0, frame = 0
 193              		@ frame_needed = 0, uses_anonymous_args = 0
 194              		@ link register save eliminated.
 267:Drivers/STM32H7xx_HAL_Driver/Src/stm32h7xx_ll_sdmmc.c **** 
 195              		.loc 1 267 3 view .LVU45
 267:Drivers/STM32H7xx_HAL_Driver/Src/stm32h7xx_ll_sdmmc.c **** 
 196              		.loc 1 267 18 is_stmt 0 view .LVU46
 197 0000 0B68     		ldr	r3, [r1]
 267:Drivers/STM32H7xx_HAL_Driver/Src/stm32h7xx_ll_sdmmc.c **** 
 198              		.loc 1 267 16 view .LVU47
 199 0002 C0F88030 		str	r3, [r0, #128]
 269:Drivers/STM32H7xx_HAL_Driver/Src/stm32h7xx_ll_sdmmc.c **** }
 200              		.loc 1 269 3 is_stmt 1 view .LVU48
 270:Drivers/STM32H7xx_HAL_Driver/Src/stm32h7xx_ll_sdmmc.c **** 
 201              		.loc 1 270 1 is_stmt 0 view .LVU49
 202 0006 0020     		movs	r0, #0
 203              	.LVL15:
 270:Drivers/STM32H7xx_HAL_Driver/Src/stm32h7xx_ll_sdmmc.c **** 
 204              		.loc 1 270 1 view .LVU50
 205 0008 7047     		bx	lr
 206              		.cfi_endproc
 207              	.LFE337:
 209              		.section	.text.SDMMC_PowerState_ON,"ax",%progbits
 210              		.align	1
 211              		.global	SDMMC_PowerState_ON
 212              		.syntax unified
 213              		.thumb
 214              		.thumb_func
 216              	SDMMC_PowerState_ON:
 217              	.LVL16:
 218              	.LFB338:
 297:Drivers/STM32H7xx_HAL_Driver/Src/stm32h7xx_ll_sdmmc.c ****   /* Set power state to ON */
 219              		.loc 1 297 1 is_stmt 1 view -0
 220              		.cfi_startproc
 221              		@ args = 0, pretend = 0, frame = 0
 222              		@ frame_needed = 0, uses_anonymous_args = 0
 223              		@ link register save eliminated.
ARM GAS  C:\Users\Made\AppData\Local\Temp\ccTdy2Vr.s 			page 38


 299:Drivers/STM32H7xx_HAL_Driver/Src/stm32h7xx_ll_sdmmc.c **** 
 224              		.loc 1 299 3 view .LVU52
 299:Drivers/STM32H7xx_HAL_Driver/Src/stm32h7xx_ll_sdmmc.c **** 
 225              		.loc 1 299 9 is_stmt 0 view .LVU53
 226 0000 0368     		ldr	r3, [r0]
 299:Drivers/STM32H7xx_HAL_Driver/Src/stm32h7xx_ll_sdmmc.c **** 
 227              		.loc 1 299 17 view .LVU54
 228 0002 43F00303 		orr	r3, r3, #3
 229 0006 0360     		str	r3, [r0]
 301:Drivers/STM32H7xx_HAL_Driver/Src/stm32h7xx_ll_sdmmc.c **** }
 230              		.loc 1 301 3 is_stmt 1 view .LVU55
 302:Drivers/STM32H7xx_HAL_Driver/Src/stm32h7xx_ll_sdmmc.c **** 
 231              		.loc 1 302 1 is_stmt 0 view .LVU56
 232 0008 0020     		movs	r0, #0
 233              	.LVL17:
 302:Drivers/STM32H7xx_HAL_Driver/Src/stm32h7xx_ll_sdmmc.c **** 
 234              		.loc 1 302 1 view .LVU57
 235 000a 7047     		bx	lr
 236              		.cfi_endproc
 237              	.LFE338:
 239              		.section	.text.SDMMC_PowerState_Cycle,"ax",%progbits
 240              		.align	1
 241              		.global	SDMMC_PowerState_Cycle
 242              		.syntax unified
 243              		.thumb
 244              		.thumb_func
 246              	SDMMC_PowerState_Cycle:
 247              	.LVL18:
 248              	.LFB339:
 310:Drivers/STM32H7xx_HAL_Driver/Src/stm32h7xx_ll_sdmmc.c ****   /* Set power state to Power Cycle*/
 249              		.loc 1 310 1 is_stmt 1 view -0
 250              		.cfi_startproc
 251              		@ args = 0, pretend = 0, frame = 0
 252              		@ frame_needed = 0, uses_anonymous_args = 0
 253              		@ link register save eliminated.
 312:Drivers/STM32H7xx_HAL_Driver/Src/stm32h7xx_ll_sdmmc.c **** 
 254              		.loc 1 312 3 view .LVU59
 312:Drivers/STM32H7xx_HAL_Driver/Src/stm32h7xx_ll_sdmmc.c **** 
 255              		.loc 1 312 9 is_stmt 0 view .LVU60
 256 0000 0368     		ldr	r3, [r0]
 312:Drivers/STM32H7xx_HAL_Driver/Src/stm32h7xx_ll_sdmmc.c **** 
 257              		.loc 1 312 17 view .LVU61
 258 0002 43F00203 		orr	r3, r3, #2
 259 0006 0360     		str	r3, [r0]
 314:Drivers/STM32H7xx_HAL_Driver/Src/stm32h7xx_ll_sdmmc.c **** }
 260              		.loc 1 314 3 is_stmt 1 view .LVU62
 315:Drivers/STM32H7xx_HAL_Driver/Src/stm32h7xx_ll_sdmmc.c **** 
 261              		.loc 1 315 1 is_stmt 0 view .LVU63
 262 0008 0020     		movs	r0, #0
 263              	.LVL19:
 315:Drivers/STM32H7xx_HAL_Driver/Src/stm32h7xx_ll_sdmmc.c **** 
 264              		.loc 1 315 1 view .LVU64
 265 000a 7047     		bx	lr
 266              		.cfi_endproc
 267              	.LFE339:
 269              		.section	.text.SDMMC_PowerState_OFF,"ax",%progbits
 270              		.align	1
ARM GAS  C:\Users\Made\AppData\Local\Temp\ccTdy2Vr.s 			page 39


 271              		.global	SDMMC_PowerState_OFF
 272              		.syntax unified
 273              		.thumb
 274              		.thumb_func
 276              	SDMMC_PowerState_OFF:
 277              	.LVL20:
 278              	.LFB340:
 323:Drivers/STM32H7xx_HAL_Driver/Src/stm32h7xx_ll_sdmmc.c ****   /* Set power state to OFF */
 279              		.loc 1 323 1 is_stmt 1 view -0
 280              		.cfi_startproc
 281              		@ args = 0, pretend = 0, frame = 0
 282              		@ frame_needed = 0, uses_anonymous_args = 0
 283              		@ link register save eliminated.
 325:Drivers/STM32H7xx_HAL_Driver/Src/stm32h7xx_ll_sdmmc.c **** 
 284              		.loc 1 325 3 view .LVU66
 325:Drivers/STM32H7xx_HAL_Driver/Src/stm32h7xx_ll_sdmmc.c **** 
 285              		.loc 1 325 9 is_stmt 0 view .LVU67
 286 0000 0368     		ldr	r3, [r0]
 325:Drivers/STM32H7xx_HAL_Driver/Src/stm32h7xx_ll_sdmmc.c **** 
 287              		.loc 1 325 17 view .LVU68
 288 0002 23F00303 		bic	r3, r3, #3
 289 0006 0360     		str	r3, [r0]
 327:Drivers/STM32H7xx_HAL_Driver/Src/stm32h7xx_ll_sdmmc.c **** }
 290              		.loc 1 327 3 is_stmt 1 view .LVU69
 328:Drivers/STM32H7xx_HAL_Driver/Src/stm32h7xx_ll_sdmmc.c **** 
 291              		.loc 1 328 1 is_stmt 0 view .LVU70
 292 0008 0020     		movs	r0, #0
 293              	.LVL21:
 328:Drivers/STM32H7xx_HAL_Driver/Src/stm32h7xx_ll_sdmmc.c **** 
 294              		.loc 1 328 1 view .LVU71
 295 000a 7047     		bx	lr
 296              		.cfi_endproc
 297              	.LFE340:
 299              		.section	.text.SDMMC_GetPowerState,"ax",%progbits
 300              		.align	1
 301              		.global	SDMMC_GetPowerState
 302              		.syntax unified
 303              		.thumb
 304              		.thumb_func
 306              	SDMMC_GetPowerState:
 307              	.LVL22:
 308              	.LFB341:
 340:Drivers/STM32H7xx_HAL_Driver/Src/stm32h7xx_ll_sdmmc.c ****   return (SDMMCx->POWER & SDMMC_POWER_PWRCTRL);
 309              		.loc 1 340 1 is_stmt 1 view -0
 310              		.cfi_startproc
 311              		@ args = 0, pretend = 0, frame = 0
 312              		@ frame_needed = 0, uses_anonymous_args = 0
 313              		@ link register save eliminated.
 341:Drivers/STM32H7xx_HAL_Driver/Src/stm32h7xx_ll_sdmmc.c **** }
 314              		.loc 1 341 3 view .LVU73
 341:Drivers/STM32H7xx_HAL_Driver/Src/stm32h7xx_ll_sdmmc.c **** }
 315              		.loc 1 341 17 is_stmt 0 view .LVU74
 316 0000 0068     		ldr	r0, [r0]
 317              	.LVL23:
 342:Drivers/STM32H7xx_HAL_Driver/Src/stm32h7xx_ll_sdmmc.c **** 
 318              		.loc 1 342 1 view .LVU75
 319 0002 00F00300 		and	r0, r0, #3
ARM GAS  C:\Users\Made\AppData\Local\Temp\ccTdy2Vr.s 			page 40


 320 0006 7047     		bx	lr
 321              		.cfi_endproc
 322              	.LFE341:
 324              		.section	.text.SDMMC_SendCommand,"ax",%progbits
 325              		.align	1
 326              		.global	SDMMC_SendCommand
 327              		.syntax unified
 328              		.thumb
 329              		.thumb_func
 331              	SDMMC_SendCommand:
 332              	.LVL24:
 333              	.LFB342:
 353:Drivers/STM32H7xx_HAL_Driver/Src/stm32h7xx_ll_sdmmc.c ****   uint32_t tmpreg = 0;
 334              		.loc 1 353 1 is_stmt 1 view -0
 335              		.cfi_startproc
 336              		@ args = 0, pretend = 0, frame = 0
 337              		@ frame_needed = 0, uses_anonymous_args = 0
 338              		@ link register save eliminated.
 354:Drivers/STM32H7xx_HAL_Driver/Src/stm32h7xx_ll_sdmmc.c **** 
 339              		.loc 1 354 3 view .LVU77
 357:Drivers/STM32H7xx_HAL_Driver/Src/stm32h7xx_ll_sdmmc.c ****   assert_param(IS_SDMMC_RESPONSE(Command->Response));
 340              		.loc 1 357 3 view .LVU78
 358:Drivers/STM32H7xx_HAL_Driver/Src/stm32h7xx_ll_sdmmc.c ****   assert_param(IS_SDMMC_WAIT(Command->WaitForInterrupt));
 341              		.loc 1 358 3 view .LVU79
 359:Drivers/STM32H7xx_HAL_Driver/Src/stm32h7xx_ll_sdmmc.c ****   assert_param(IS_SDMMC_CPSM(Command->CPSM));
 342              		.loc 1 359 3 view .LVU80
 360:Drivers/STM32H7xx_HAL_Driver/Src/stm32h7xx_ll_sdmmc.c **** 
 343              		.loc 1 360 3 view .LVU81
 363:Drivers/STM32H7xx_HAL_Driver/Src/stm32h7xx_ll_sdmmc.c **** 
 344              		.loc 1 363 3 view .LVU82
 363:Drivers/STM32H7xx_HAL_Driver/Src/stm32h7xx_ll_sdmmc.c **** 
 345              		.loc 1 363 24 is_stmt 0 view .LVU83
 346 0000 0B68     		ldr	r3, [r1]
 363:Drivers/STM32H7xx_HAL_Driver/Src/stm32h7xx_ll_sdmmc.c **** 
 347              		.loc 1 363 15 view .LVU84
 348 0002 8360     		str	r3, [r0, #8]
 366:Drivers/STM32H7xx_HAL_Driver/Src/stm32h7xx_ll_sdmmc.c ****                        Command->Response         | \
 349              		.loc 1 366 3 is_stmt 1 view .LVU85
 366:Drivers/STM32H7xx_HAL_Driver/Src/stm32h7xx_ll_sdmmc.c ****                        Command->Response         | \
 350              		.loc 1 366 31 is_stmt 0 view .LVU86
 351 0004 4B68     		ldr	r3, [r1, #4]
 367:Drivers/STM32H7xx_HAL_Driver/Src/stm32h7xx_ll_sdmmc.c ****                        Command->WaitForInterrupt | \
 352              		.loc 1 367 31 view .LVU87
 353 0006 8A68     		ldr	r2, [r1, #8]
 366:Drivers/STM32H7xx_HAL_Driver/Src/stm32h7xx_ll_sdmmc.c ****                        Command->Response         | \
 354              		.loc 1 366 50 view .LVU88
 355 0008 1343     		orrs	r3, r3, r2
 368:Drivers/STM32H7xx_HAL_Driver/Src/stm32h7xx_ll_sdmmc.c ****                        Command->CPSM);
 356              		.loc 1 368 31 view .LVU89
 357 000a CA68     		ldr	r2, [r1, #12]
 367:Drivers/STM32H7xx_HAL_Driver/Src/stm32h7xx_ll_sdmmc.c ****                        Command->WaitForInterrupt | \
 358              		.loc 1 367 50 view .LVU90
 359 000c 1343     		orrs	r3, r3, r2
 369:Drivers/STM32H7xx_HAL_Driver/Src/stm32h7xx_ll_sdmmc.c **** 
 360              		.loc 1 369 31 view .LVU91
 361 000e 0A69     		ldr	r2, [r1, #16]
 368:Drivers/STM32H7xx_HAL_Driver/Src/stm32h7xx_ll_sdmmc.c ****                        Command->CPSM);
ARM GAS  C:\Users\Made\AppData\Local\Temp\ccTdy2Vr.s 			page 41


 362              		.loc 1 368 50 view .LVU92
 363 0010 1343     		orrs	r3, r3, r2
 364              	.LVL25:
 372:Drivers/STM32H7xx_HAL_Driver/Src/stm32h7xx_ll_sdmmc.c **** 
 365              		.loc 1 372 3 is_stmt 1 view .LVU93
 366 0012 C168     		ldr	r1, [r0, #12]
 367              	.LVL26:
 372:Drivers/STM32H7xx_HAL_Driver/Src/stm32h7xx_ll_sdmmc.c **** 
 368              		.loc 1 372 3 is_stmt 0 view .LVU94
 369 0014 024A     		ldr	r2, .L18
 370 0016 0A40     		ands	r2, r2, r1
 371 0018 1343     		orrs	r3, r3, r2
 372              	.LVL27:
 372:Drivers/STM32H7xx_HAL_Driver/Src/stm32h7xx_ll_sdmmc.c **** 
 373              		.loc 1 372 3 view .LVU95
 374 001a C360     		str	r3, [r0, #12]
 375              	.LVL28:
 374:Drivers/STM32H7xx_HAL_Driver/Src/stm32h7xx_ll_sdmmc.c **** }
 376              		.loc 1 374 3 is_stmt 1 view .LVU96
 375:Drivers/STM32H7xx_HAL_Driver/Src/stm32h7xx_ll_sdmmc.c **** 
 377              		.loc 1 375 1 is_stmt 0 view .LVU97
 378 001c 0020     		movs	r0, #0
 379              	.LVL29:
 375:Drivers/STM32H7xx_HAL_Driver/Src/stm32h7xx_ll_sdmmc.c **** 
 380              		.loc 1 375 1 view .LVU98
 381 001e 7047     		bx	lr
 382              	.L19:
 383              		.align	2
 384              	.L18:
 385 0020 C0E0FEFF 		.word	-73536
 386              		.cfi_endproc
 387              	.LFE342:
 389              		.section	.text.SDMMC_GetCommandResponse,"ax",%progbits
 390              		.align	1
 391              		.global	SDMMC_GetCommandResponse
 392              		.syntax unified
 393              		.thumb
 394              		.thumb_func
 396              	SDMMC_GetCommandResponse:
 397              	.LVL30:
 398              	.LFB343:
 383:Drivers/STM32H7xx_HAL_Driver/Src/stm32h7xx_ll_sdmmc.c ****   return (uint8_t)(SDMMCx->RESPCMD);
 399              		.loc 1 383 1 is_stmt 1 view -0
 400              		.cfi_startproc
 401              		@ args = 0, pretend = 0, frame = 0
 402              		@ frame_needed = 0, uses_anonymous_args = 0
 403              		@ link register save eliminated.
 384:Drivers/STM32H7xx_HAL_Driver/Src/stm32h7xx_ll_sdmmc.c **** }
 404              		.loc 1 384 3 view .LVU100
 384:Drivers/STM32H7xx_HAL_Driver/Src/stm32h7xx_ll_sdmmc.c **** }
 405              		.loc 1 384 26 is_stmt 0 view .LVU101
 406 0000 0069     		ldr	r0, [r0, #16]
 407              	.LVL31:
 385:Drivers/STM32H7xx_HAL_Driver/Src/stm32h7xx_ll_sdmmc.c **** 
 408              		.loc 1 385 1 view .LVU102
 409 0002 C0B2     		uxtb	r0, r0
 410 0004 7047     		bx	lr
ARM GAS  C:\Users\Made\AppData\Local\Temp\ccTdy2Vr.s 			page 42


 411              		.cfi_endproc
 412              	.LFE343:
 414              		.section	.text.SDMMC_GetResponse,"ax",%progbits
 415              		.align	1
 416              		.global	SDMMC_GetResponse
 417              		.syntax unified
 418              		.thumb
 419              		.thumb_func
 421              	SDMMC_GetResponse:
 422              	.LVL32:
 423              	.LFB344:
 400:Drivers/STM32H7xx_HAL_Driver/Src/stm32h7xx_ll_sdmmc.c ****   uint32_t tmp;
 424              		.loc 1 400 1 is_stmt 1 view -0
 425              		.cfi_startproc
 426              		@ args = 0, pretend = 0, frame = 0
 427              		@ frame_needed = 0, uses_anonymous_args = 0
 428              		@ link register save eliminated.
 401:Drivers/STM32H7xx_HAL_Driver/Src/stm32h7xx_ll_sdmmc.c **** 
 429              		.loc 1 401 3 view .LVU104
 404:Drivers/STM32H7xx_HAL_Driver/Src/stm32h7xx_ll_sdmmc.c **** 
 430              		.loc 1 404 3 view .LVU105
 407:Drivers/STM32H7xx_HAL_Driver/Src/stm32h7xx_ll_sdmmc.c **** 
 431              		.loc 1 407 3 view .LVU106
 407:Drivers/STM32H7xx_HAL_Driver/Src/stm32h7xx_ll_sdmmc.c **** 
 432              		.loc 1 407 20 is_stmt 0 view .LVU107
 433 0000 1430     		adds	r0, r0, #20
 434              	.LVL33:
 409:Drivers/STM32H7xx_HAL_Driver/Src/stm32h7xx_ll_sdmmc.c **** }
 435              		.loc 1 409 3 is_stmt 1 view .LVU108
 409:Drivers/STM32H7xx_HAL_Driver/Src/stm32h7xx_ll_sdmmc.c **** }
 436              		.loc 1 409 11 is_stmt 0 view .LVU109
 437 0002 4058     		ldr	r0, [r0, r1]
 438              	.LVL34:
 410:Drivers/STM32H7xx_HAL_Driver/Src/stm32h7xx_ll_sdmmc.c **** 
 439              		.loc 1 410 1 view .LVU110
 440 0004 7047     		bx	lr
 441              		.cfi_endproc
 442              	.LFE344:
 444              		.section	.text.SDMMC_ConfigData,"ax",%progbits
 445              		.align	1
 446              		.global	SDMMC_ConfigData
 447              		.syntax unified
 448              		.thumb
 449              		.thumb_func
 451              	SDMMC_ConfigData:
 452              	.LVL35:
 453              	.LFB345:
 421:Drivers/STM32H7xx_HAL_Driver/Src/stm32h7xx_ll_sdmmc.c ****   uint32_t tmpreg = 0;
 454              		.loc 1 421 1 is_stmt 1 view -0
 455              		.cfi_startproc
 456              		@ args = 0, pretend = 0, frame = 0
 457              		@ frame_needed = 0, uses_anonymous_args = 0
 458              		@ link register save eliminated.
 422:Drivers/STM32H7xx_HAL_Driver/Src/stm32h7xx_ll_sdmmc.c **** 
 459              		.loc 1 422 3 view .LVU112
 425:Drivers/STM32H7xx_HAL_Driver/Src/stm32h7xx_ll_sdmmc.c ****   assert_param(IS_SDMMC_BLOCK_SIZE(Data->DataBlockSize));
 460              		.loc 1 425 3 view .LVU113
ARM GAS  C:\Users\Made\AppData\Local\Temp\ccTdy2Vr.s 			page 43


 426:Drivers/STM32H7xx_HAL_Driver/Src/stm32h7xx_ll_sdmmc.c ****   assert_param(IS_SDMMC_TRANSFER_DIR(Data->TransferDir));
 461              		.loc 1 426 3 view .LVU114
 427:Drivers/STM32H7xx_HAL_Driver/Src/stm32h7xx_ll_sdmmc.c ****   assert_param(IS_SDMMC_TRANSFER_MODE(Data->TransferMode));
 462              		.loc 1 427 3 view .LVU115
 428:Drivers/STM32H7xx_HAL_Driver/Src/stm32h7xx_ll_sdmmc.c ****   assert_param(IS_SDMMC_DPSM(Data->DPSM));
 463              		.loc 1 428 3 view .LVU116
 429:Drivers/STM32H7xx_HAL_Driver/Src/stm32h7xx_ll_sdmmc.c **** 
 464              		.loc 1 429 3 view .LVU117
 432:Drivers/STM32H7xx_HAL_Driver/Src/stm32h7xx_ll_sdmmc.c **** 
 465              		.loc 1 432 3 view .LVU118
 432:Drivers/STM32H7xx_HAL_Driver/Src/stm32h7xx_ll_sdmmc.c **** 
 466              		.loc 1 432 24 is_stmt 0 view .LVU119
 467 0000 0B68     		ldr	r3, [r1]
 432:Drivers/STM32H7xx_HAL_Driver/Src/stm32h7xx_ll_sdmmc.c **** 
 468              		.loc 1 432 18 view .LVU120
 469 0002 4362     		str	r3, [r0, #36]
 435:Drivers/STM32H7xx_HAL_Driver/Src/stm32h7xx_ll_sdmmc.c **** 
 470              		.loc 1 435 3 is_stmt 1 view .LVU121
 435:Drivers/STM32H7xx_HAL_Driver/Src/stm32h7xx_ll_sdmmc.c **** 
 471              		.loc 1 435 22 is_stmt 0 view .LVU122
 472 0004 4B68     		ldr	r3, [r1, #4]
 435:Drivers/STM32H7xx_HAL_Driver/Src/stm32h7xx_ll_sdmmc.c **** 
 473              		.loc 1 435 16 view .LVU123
 474 0006 8362     		str	r3, [r0, #40]
 438:Drivers/STM32H7xx_HAL_Driver/Src/stm32h7xx_ll_sdmmc.c ****                        Data->TransferDir   | \
 475              		.loc 1 438 3 is_stmt 1 view .LVU124
 438:Drivers/STM32H7xx_HAL_Driver/Src/stm32h7xx_ll_sdmmc.c ****                        Data->TransferDir   | \
 476              		.loc 1 438 28 is_stmt 0 view .LVU125
 477 0008 8B68     		ldr	r3, [r1, #8]
 439:Drivers/STM32H7xx_HAL_Driver/Src/stm32h7xx_ll_sdmmc.c ****                        Data->TransferMode  | \
 478              		.loc 1 439 28 view .LVU126
 479 000a CA68     		ldr	r2, [r1, #12]
 438:Drivers/STM32H7xx_HAL_Driver/Src/stm32h7xx_ll_sdmmc.c ****                        Data->TransferDir   | \
 480              		.loc 1 438 44 view .LVU127
 481 000c 1343     		orrs	r3, r3, r2
 440:Drivers/STM32H7xx_HAL_Driver/Src/stm32h7xx_ll_sdmmc.c ****                        Data->DPSM);
 482              		.loc 1 440 28 view .LVU128
 483 000e 0A69     		ldr	r2, [r1, #16]
 439:Drivers/STM32H7xx_HAL_Driver/Src/stm32h7xx_ll_sdmmc.c ****                        Data->TransferMode  | \
 484              		.loc 1 439 44 view .LVU129
 485 0010 1343     		orrs	r3, r3, r2
 441:Drivers/STM32H7xx_HAL_Driver/Src/stm32h7xx_ll_sdmmc.c **** 
 486              		.loc 1 441 28 view .LVU130
 487 0012 4A69     		ldr	r2, [r1, #20]
 440:Drivers/STM32H7xx_HAL_Driver/Src/stm32h7xx_ll_sdmmc.c ****                        Data->DPSM);
 488              		.loc 1 440 44 view .LVU131
 489 0014 1343     		orrs	r3, r3, r2
 490              	.LVL36:
 444:Drivers/STM32H7xx_HAL_Driver/Src/stm32h7xx_ll_sdmmc.c **** 
 491              		.loc 1 444 3 is_stmt 1 view .LVU132
 492 0016 C26A     		ldr	r2, [r0, #44]
 493 0018 22F0FF02 		bic	r2, r2, #255
 494 001c 1343     		orrs	r3, r3, r2
 495              	.LVL37:
 444:Drivers/STM32H7xx_HAL_Driver/Src/stm32h7xx_ll_sdmmc.c **** 
 496              		.loc 1 444 3 is_stmt 0 view .LVU133
 497 001e C362     		str	r3, [r0, #44]
ARM GAS  C:\Users\Made\AppData\Local\Temp\ccTdy2Vr.s 			page 44


 498              	.LVL38:
 446:Drivers/STM32H7xx_HAL_Driver/Src/stm32h7xx_ll_sdmmc.c **** 
 499              		.loc 1 446 3 is_stmt 1 view .LVU134
 448:Drivers/STM32H7xx_HAL_Driver/Src/stm32h7xx_ll_sdmmc.c **** 
 500              		.loc 1 448 1 is_stmt 0 view .LVU135
 501 0020 0020     		movs	r0, #0
 502              	.LVL39:
 448:Drivers/STM32H7xx_HAL_Driver/Src/stm32h7xx_ll_sdmmc.c **** 
 503              		.loc 1 448 1 view .LVU136
 504 0022 7047     		bx	lr
 505              		.cfi_endproc
 506              	.LFE345:
 508              		.section	.text.SDMMC_GetDataCounter,"ax",%progbits
 509              		.align	1
 510              		.global	SDMMC_GetDataCounter
 511              		.syntax unified
 512              		.thumb
 513              		.thumb_func
 515              	SDMMC_GetDataCounter:
 516              	.LVL40:
 517              	.LFB346:
 456:Drivers/STM32H7xx_HAL_Driver/Src/stm32h7xx_ll_sdmmc.c ****   return (SDMMCx->DCOUNT);
 518              		.loc 1 456 1 is_stmt 1 view -0
 519              		.cfi_startproc
 520              		@ args = 0, pretend = 0, frame = 0
 521              		@ frame_needed = 0, uses_anonymous_args = 0
 522              		@ link register save eliminated.
 457:Drivers/STM32H7xx_HAL_Driver/Src/stm32h7xx_ll_sdmmc.c **** }
 523              		.loc 1 457 3 view .LVU138
 457:Drivers/STM32H7xx_HAL_Driver/Src/stm32h7xx_ll_sdmmc.c **** }
 524              		.loc 1 457 17 is_stmt 0 view .LVU139
 525 0000 006B     		ldr	r0, [r0, #48]
 526              	.LVL41:
 458:Drivers/STM32H7xx_HAL_Driver/Src/stm32h7xx_ll_sdmmc.c **** 
 527              		.loc 1 458 1 view .LVU140
 528 0002 7047     		bx	lr
 529              		.cfi_endproc
 530              	.LFE346:
 532              		.section	.text.SDMMC_GetFIFOCount,"ax",%progbits
 533              		.align	1
 534              		.global	SDMMC_GetFIFOCount
 535              		.syntax unified
 536              		.thumb
 537              		.thumb_func
 539              	SDMMC_GetFIFOCount:
 540              	.LVL42:
 541              	.LFB347:
 466:Drivers/STM32H7xx_HAL_Driver/Src/stm32h7xx_ll_sdmmc.c ****   return (SDMMCx->FIFO);
 542              		.loc 1 466 1 is_stmt 1 view -0
 543              		.cfi_startproc
 544              		@ args = 0, pretend = 0, frame = 0
 545              		@ frame_needed = 0, uses_anonymous_args = 0
 546              		@ link register save eliminated.
 467:Drivers/STM32H7xx_HAL_Driver/Src/stm32h7xx_ll_sdmmc.c **** }
 547              		.loc 1 467 3 view .LVU142
 467:Drivers/STM32H7xx_HAL_Driver/Src/stm32h7xx_ll_sdmmc.c **** }
 548              		.loc 1 467 17 is_stmt 0 view .LVU143
ARM GAS  C:\Users\Made\AppData\Local\Temp\ccTdy2Vr.s 			page 45


 549 0000 D0F88000 		ldr	r0, [r0, #128]
 550              	.LVL43:
 468:Drivers/STM32H7xx_HAL_Driver/Src/stm32h7xx_ll_sdmmc.c **** 
 551              		.loc 1 468 1 view .LVU144
 552 0004 7047     		bx	lr
 553              		.cfi_endproc
 554              	.LFE347:
 556              		.section	.text.SDMMC_SetSDMMCReadWaitMode,"ax",%progbits
 557              		.align	1
 558              		.global	SDMMC_SetSDMMCReadWaitMode
 559              		.syntax unified
 560              		.thumb
 561              		.thumb_func
 563              	SDMMC_SetSDMMCReadWaitMode:
 564              	.LVL44:
 565              	.LFB348:
 480:Drivers/STM32H7xx_HAL_Driver/Src/stm32h7xx_ll_sdmmc.c ****   /* Check the parameters */
 566              		.loc 1 480 1 is_stmt 1 view -0
 567              		.cfi_startproc
 568              		@ args = 0, pretend = 0, frame = 0
 569              		@ frame_needed = 0, uses_anonymous_args = 0
 570              		@ link register save eliminated.
 482:Drivers/STM32H7xx_HAL_Driver/Src/stm32h7xx_ll_sdmmc.c **** 
 571              		.loc 1 482 3 view .LVU146
 485:Drivers/STM32H7xx_HAL_Driver/Src/stm32h7xx_ll_sdmmc.c **** 
 572              		.loc 1 485 3 view .LVU147
 573 0000 C36A     		ldr	r3, [r0, #44]
 574 0002 23F48063 		bic	r3, r3, #1024
 575 0006 0B43     		orrs	r3, r3, r1
 576 0008 C362     		str	r3, [r0, #44]
 487:Drivers/STM32H7xx_HAL_Driver/Src/stm32h7xx_ll_sdmmc.c **** }
 577              		.loc 1 487 3 view .LVU148
 488:Drivers/STM32H7xx_HAL_Driver/Src/stm32h7xx_ll_sdmmc.c **** 
 578              		.loc 1 488 1 is_stmt 0 view .LVU149
 579 000a 0020     		movs	r0, #0
 580              	.LVL45:
 488:Drivers/STM32H7xx_HAL_Driver/Src/stm32h7xx_ll_sdmmc.c **** 
 581              		.loc 1 488 1 view .LVU150
 582 000c 7047     		bx	lr
 583              		.cfi_endproc
 584              	.LFE348:
 586              		.section	.text.SDMMC_CmdGoIdleState,"ax",%progbits
 587              		.align	1
 588              		.global	SDMMC_CmdGoIdleState
 589              		.syntax unified
 590              		.thumb
 591              		.thumb_func
 593              	SDMMC_CmdGoIdleState:
 594              	.LVL46:
 595              	.LFB362:
 841:Drivers/STM32H7xx_HAL_Driver/Src/stm32h7xx_ll_sdmmc.c ****   SDMMC_CmdInitTypeDef  sdmmc_cmdinit;
 596              		.loc 1 841 1 is_stmt 1 view -0
 597              		.cfi_startproc
 598              		@ args = 0, pretend = 0, frame = 24
 599              		@ frame_needed = 0, uses_anonymous_args = 0
 841:Drivers/STM32H7xx_HAL_Driver/Src/stm32h7xx_ll_sdmmc.c ****   SDMMC_CmdInitTypeDef  sdmmc_cmdinit;
 600              		.loc 1 841 1 is_stmt 0 view .LVU152
ARM GAS  C:\Users\Made\AppData\Local\Temp\ccTdy2Vr.s 			page 46


 601 0000 10B5     		push	{r4, lr}
 602              	.LCFI2:
 603              		.cfi_def_cfa_offset 8
 604              		.cfi_offset 4, -8
 605              		.cfi_offset 14, -4
 606 0002 86B0     		sub	sp, sp, #24
 607              	.LCFI3:
 608              		.cfi_def_cfa_offset 32
 609 0004 0446     		mov	r4, r0
 842:Drivers/STM32H7xx_HAL_Driver/Src/stm32h7xx_ll_sdmmc.c ****   uint32_t errorstate;
 610              		.loc 1 842 3 is_stmt 1 view .LVU153
 843:Drivers/STM32H7xx_HAL_Driver/Src/stm32h7xx_ll_sdmmc.c **** 
 611              		.loc 1 843 3 view .LVU154
 845:Drivers/STM32H7xx_HAL_Driver/Src/stm32h7xx_ll_sdmmc.c ****   sdmmc_cmdinit.CmdIndex         = SDMMC_CMD_GO_IDLE_STATE;
 612              		.loc 1 845 3 view .LVU155
 845:Drivers/STM32H7xx_HAL_Driver/Src/stm32h7xx_ll_sdmmc.c ****   sdmmc_cmdinit.CmdIndex         = SDMMC_CMD_GO_IDLE_STATE;
 613              		.loc 1 845 34 is_stmt 0 view .LVU156
 614 0006 0023     		movs	r3, #0
 615 0008 0193     		str	r3, [sp, #4]
 846:Drivers/STM32H7xx_HAL_Driver/Src/stm32h7xx_ll_sdmmc.c ****   sdmmc_cmdinit.Response         = SDMMC_RESPONSE_NO;
 616              		.loc 1 846 3 is_stmt 1 view .LVU157
 846:Drivers/STM32H7xx_HAL_Driver/Src/stm32h7xx_ll_sdmmc.c ****   sdmmc_cmdinit.Response         = SDMMC_RESPONSE_NO;
 617              		.loc 1 846 34 is_stmt 0 view .LVU158
 618 000a 0293     		str	r3, [sp, #8]
 847:Drivers/STM32H7xx_HAL_Driver/Src/stm32h7xx_ll_sdmmc.c ****   sdmmc_cmdinit.WaitForInterrupt = SDMMC_WAIT_NO;
 619              		.loc 1 847 3 is_stmt 1 view .LVU159
 847:Drivers/STM32H7xx_HAL_Driver/Src/stm32h7xx_ll_sdmmc.c ****   sdmmc_cmdinit.WaitForInterrupt = SDMMC_WAIT_NO;
 620              		.loc 1 847 34 is_stmt 0 view .LVU160
 621 000c 0393     		str	r3, [sp, #12]
 848:Drivers/STM32H7xx_HAL_Driver/Src/stm32h7xx_ll_sdmmc.c ****   sdmmc_cmdinit.CPSM             = SDMMC_CPSM_ENABLE;
 622              		.loc 1 848 3 is_stmt 1 view .LVU161
 848:Drivers/STM32H7xx_HAL_Driver/Src/stm32h7xx_ll_sdmmc.c ****   sdmmc_cmdinit.CPSM             = SDMMC_CPSM_ENABLE;
 623              		.loc 1 848 34 is_stmt 0 view .LVU162
 624 000e 0493     		str	r3, [sp, #16]
 849:Drivers/STM32H7xx_HAL_Driver/Src/stm32h7xx_ll_sdmmc.c ****   (void)SDMMC_SendCommand(SDMMCx, &sdmmc_cmdinit);
 625              		.loc 1 849 3 is_stmt 1 view .LVU163
 849:Drivers/STM32H7xx_HAL_Driver/Src/stm32h7xx_ll_sdmmc.c ****   (void)SDMMC_SendCommand(SDMMCx, &sdmmc_cmdinit);
 626              		.loc 1 849 34 is_stmt 0 view .LVU164
 627 0010 4FF48053 		mov	r3, #4096
 628 0014 0593     		str	r3, [sp, #20]
 850:Drivers/STM32H7xx_HAL_Driver/Src/stm32h7xx_ll_sdmmc.c **** 
 629              		.loc 1 850 3 is_stmt 1 view .LVU165
 850:Drivers/STM32H7xx_HAL_Driver/Src/stm32h7xx_ll_sdmmc.c **** 
 630              		.loc 1 850 9 is_stmt 0 view .LVU166
 631 0016 01A9     		add	r1, sp, #4
 632 0018 FFF7FEFF 		bl	SDMMC_SendCommand
 633              	.LVL47:
 853:Drivers/STM32H7xx_HAL_Driver/Src/stm32h7xx_ll_sdmmc.c **** 
 634              		.loc 1 853 3 is_stmt 1 view .LVU167
 853:Drivers/STM32H7xx_HAL_Driver/Src/stm32h7xx_ll_sdmmc.c **** 
 635              		.loc 1 853 16 is_stmt 0 view .LVU168
 636 001c 2046     		mov	r0, r4
 637 001e FFF7FEFF 		bl	SDMMC_GetCmdError
 638              	.LVL48:
 855:Drivers/STM32H7xx_HAL_Driver/Src/stm32h7xx_ll_sdmmc.c **** }
 639              		.loc 1 855 3 is_stmt 1 view .LVU169
 856:Drivers/STM32H7xx_HAL_Driver/Src/stm32h7xx_ll_sdmmc.c **** 
ARM GAS  C:\Users\Made\AppData\Local\Temp\ccTdy2Vr.s 			page 47


 640              		.loc 1 856 1 is_stmt 0 view .LVU170
 641 0022 06B0     		add	sp, sp, #24
 642              	.LCFI4:
 643              		.cfi_def_cfa_offset 8
 644              		@ sp needed
 645 0024 10BD     		pop	{r4, pc}
 856:Drivers/STM32H7xx_HAL_Driver/Src/stm32h7xx_ll_sdmmc.c **** 
 646              		.loc 1 856 1 view .LVU171
 647              		.cfi_endproc
 648              	.LFE362:
 650              		.section	.text.SDMMC_GetCmdResp1,"ax",%progbits
 651              		.align	1
 652              		.global	SDMMC_GetCmdResp1
 653              		.syntax unified
 654              		.thumb
 655              		.thumb_func
 657              	SDMMC_GetCmdResp1:
 658              	.LVL49:
 659              	.LFB382:
1356:Drivers/STM32H7xx_HAL_Driver/Src/stm32h7xx_ll_sdmmc.c ****   uint32_t response_r1;
 660              		.loc 1 1356 1 is_stmt 1 view -0
 661              		.cfi_startproc
 662              		@ args = 0, pretend = 0, frame = 0
 663              		@ frame_needed = 0, uses_anonymous_args = 0
1356:Drivers/STM32H7xx_HAL_Driver/Src/stm32h7xx_ll_sdmmc.c ****   uint32_t response_r1;
 664              		.loc 1 1356 1 is_stmt 0 view .LVU173
 665 0000 70B5     		push	{r4, r5, r6, lr}
 666              	.LCFI5:
 667              		.cfi_def_cfa_offset 16
 668              		.cfi_offset 4, -16
 669              		.cfi_offset 5, -12
 670              		.cfi_offset 6, -8
 671              		.cfi_offset 14, -4
 672 0002 0546     		mov	r5, r0
 673 0004 0E46     		mov	r6, r1
1357:Drivers/STM32H7xx_HAL_Driver/Src/stm32h7xx_ll_sdmmc.c ****   uint32_t sta_reg;
 674              		.loc 1 1357 3 is_stmt 1 view .LVU174
1358:Drivers/STM32H7xx_HAL_Driver/Src/stm32h7xx_ll_sdmmc.c **** 
 675              		.loc 1 1358 3 view .LVU175
1362:Drivers/STM32H7xx_HAL_Driver/Src/stm32h7xx_ll_sdmmc.c **** 
 676              		.loc 1 1362 3 view .LVU176
1362:Drivers/STM32H7xx_HAL_Driver/Src/stm32h7xx_ll_sdmmc.c **** 
 677              		.loc 1 1362 52 is_stmt 0 view .LVU177
 678 0006 514B     		ldr	r3, .L56
 679 0008 1B68     		ldr	r3, [r3]
 680 000a 5149     		ldr	r1, .L56+4
 681              	.LVL50:
1362:Drivers/STM32H7xx_HAL_Driver/Src/stm32h7xx_ll_sdmmc.c **** 
 682              		.loc 1 1362 52 view .LVU178
 683 000c A1FB0313 		umull	r1, r3, r1, r3
 684 0010 5B0A     		lsrs	r3, r3, #9
1362:Drivers/STM32H7xx_HAL_Driver/Src/stm32h7xx_ll_sdmmc.c **** 
 685              		.loc 1 1362 12 view .LVU179
 686 0012 03FB02F2 		mul	r2, r3, r2
 687              	.LVL51:
 688              	.L30:
1364:Drivers/STM32H7xx_HAL_Driver/Src/stm32h7xx_ll_sdmmc.c ****   {
ARM GAS  C:\Users\Made\AppData\Local\Temp\ccTdy2Vr.s 			page 48


 689              		.loc 1 1364 3 is_stmt 1 view .LVU180
1366:Drivers/STM32H7xx_HAL_Driver/Src/stm32h7xx_ll_sdmmc.c ****     {
 690              		.loc 1 1366 5 view .LVU181
 691 0016 1346     		mov	r3, r2
1366:Drivers/STM32H7xx_HAL_Driver/Src/stm32h7xx_ll_sdmmc.c ****     {
 692              		.loc 1 1366 14 is_stmt 0 view .LVU182
 693 0018 013A     		subs	r2, r2, #1
 694              	.LVL52:
1366:Drivers/STM32H7xx_HAL_Driver/Src/stm32h7xx_ll_sdmmc.c ****     {
 695              		.loc 1 1366 8 view .LVU183
 696 001a 002B     		cmp	r3, #0
 697 001c 5ED0     		beq	.L33
1370:Drivers/STM32H7xx_HAL_Driver/Src/stm32h7xx_ll_sdmmc.c ****   } while (((sta_reg & (SDMMC_FLAG_CCRCFAIL | SDMMC_FLAG_CMDREND | SDMMC_FLAG_CTIMEOUT |
 698              		.loc 1 1370 5 is_stmt 1 view .LVU184
1370:Drivers/STM32H7xx_HAL_Driver/Src/stm32h7xx_ll_sdmmc.c ****   } while (((sta_reg & (SDMMC_FLAG_CCRCFAIL | SDMMC_FLAG_CMDREND | SDMMC_FLAG_CTIMEOUT |
 699              		.loc 1 1370 13 is_stmt 0 view .LVU185
 700 001e 6C6B     		ldr	r4, [r5, #52]
 701              	.LVL53:
1372:Drivers/STM32H7xx_HAL_Driver/Src/stm32h7xx_ll_sdmmc.c **** 
 702              		.loc 1 1372 55 is_stmt 1 view .LVU186
1371:Drivers/STM32H7xx_HAL_Driver/Src/stm32h7xx_ll_sdmmc.c ****                         SDMMC_FLAG_BUSYD0END)) == 0U) || ((sta_reg & SDMMC_FLAG_CMDACT) != 0U));
 703              		.loc 1 1371 22 is_stmt 0 view .LVU187
 704 0020 4C4B     		ldr	r3, .L56+8
 705 0022 2340     		ands	r3, r3, r4
1372:Drivers/STM32H7xx_HAL_Driver/Src/stm32h7xx_ll_sdmmc.c **** 
 706              		.loc 1 1372 55 view .LVU188
 707 0024 002B     		cmp	r3, #0
 708 0026 F6D0     		beq	.L30
1372:Drivers/STM32H7xx_HAL_Driver/Src/stm32h7xx_ll_sdmmc.c **** 
 709              		.loc 1 1372 55 discriminator 1 view .LVU189
 710 0028 14F4005F 		tst	r4, #8192
 711 002c F3D1     		bne	.L30
1374:Drivers/STM32H7xx_HAL_Driver/Src/stm32h7xx_ll_sdmmc.c ****   {
 712              		.loc 1 1374 3 is_stmt 1 view .LVU190
1374:Drivers/STM32H7xx_HAL_Driver/Src/stm32h7xx_ll_sdmmc.c ****   {
 713              		.loc 1 1374 7 is_stmt 0 view .LVU191
 714 002e 6B6B     		ldr	r3, [r5, #52]
1374:Drivers/STM32H7xx_HAL_Driver/Src/stm32h7xx_ll_sdmmc.c ****   {
 715              		.loc 1 1374 6 view .LVU192
 716 0030 13F0040F 		tst	r3, #4
 717 0034 06D1     		bne	.L54
1380:Drivers/STM32H7xx_HAL_Driver/Src/stm32h7xx_ll_sdmmc.c ****   {
 718              		.loc 1 1380 8 is_stmt 1 view .LVU193
1380:Drivers/STM32H7xx_HAL_Driver/Src/stm32h7xx_ll_sdmmc.c ****   {
 719              		.loc 1 1380 12 is_stmt 0 view .LVU194
 720 0036 6B6B     		ldr	r3, [r5, #52]
1380:Drivers/STM32H7xx_HAL_Driver/Src/stm32h7xx_ll_sdmmc.c ****   {
 721              		.loc 1 1380 11 view .LVU195
 722 0038 13F0010F 		tst	r3, #1
 723 003c 05D0     		beq	.L32
1382:Drivers/STM32H7xx_HAL_Driver/Src/stm32h7xx_ll_sdmmc.c **** 
 724              		.loc 1 1382 5 is_stmt 1 view .LVU196
 725 003e 0120     		movs	r0, #1
 726              	.LVL54:
1382:Drivers/STM32H7xx_HAL_Driver/Src/stm32h7xx_ll_sdmmc.c **** 
 727              		.loc 1 1382 5 is_stmt 0 view .LVU197
 728 0040 A863     		str	r0, [r5, #56]
ARM GAS  C:\Users\Made\AppData\Local\Temp\ccTdy2Vr.s 			page 49


1384:Drivers/STM32H7xx_HAL_Driver/Src/stm32h7xx_ll_sdmmc.c ****   }
 729              		.loc 1 1384 5 is_stmt 1 view .LVU198
1384:Drivers/STM32H7xx_HAL_Driver/Src/stm32h7xx_ll_sdmmc.c ****   }
 730              		.loc 1 1384 12 is_stmt 0 view .LVU199
 731 0042 4DE0     		b	.L28
 732              	.LVL55:
 733              	.L54:
1376:Drivers/STM32H7xx_HAL_Driver/Src/stm32h7xx_ll_sdmmc.c **** 
 734              		.loc 1 1376 5 is_stmt 1 view .LVU200
 735 0044 0420     		movs	r0, #4
 736              	.LVL56:
1376:Drivers/STM32H7xx_HAL_Driver/Src/stm32h7xx_ll_sdmmc.c **** 
 737              		.loc 1 1376 5 is_stmt 0 view .LVU201
 738 0046 A863     		str	r0, [r5, #56]
1378:Drivers/STM32H7xx_HAL_Driver/Src/stm32h7xx_ll_sdmmc.c ****   }
 739              		.loc 1 1378 5 is_stmt 1 view .LVU202
1378:Drivers/STM32H7xx_HAL_Driver/Src/stm32h7xx_ll_sdmmc.c ****   }
 740              		.loc 1 1378 12 is_stmt 0 view .LVU203
 741 0048 4AE0     		b	.L28
 742              	.LVL57:
 743              	.L32:
1389:Drivers/STM32H7xx_HAL_Driver/Src/stm32h7xx_ll_sdmmc.c **** 
 744              		.loc 1 1389 3 is_stmt 1 view .LVU204
1392:Drivers/STM32H7xx_HAL_Driver/Src/stm32h7xx_ll_sdmmc.c **** 
 745              		.loc 1 1392 3 view .LVU205
 746 004a 434B     		ldr	r3, .L56+12
 747 004c AB63     		str	r3, [r5, #56]
1395:Drivers/STM32H7xx_HAL_Driver/Src/stm32h7xx_ll_sdmmc.c ****   {
 748              		.loc 1 1395 3 view .LVU206
1395:Drivers/STM32H7xx_HAL_Driver/Src/stm32h7xx_ll_sdmmc.c ****   {
 749              		.loc 1 1395 7 is_stmt 0 view .LVU207
 750 004e 2846     		mov	r0, r5
 751              	.LVL58:
1395:Drivers/STM32H7xx_HAL_Driver/Src/stm32h7xx_ll_sdmmc.c ****   {
 752              		.loc 1 1395 7 view .LVU208
 753 0050 FFF7FEFF 		bl	SDMMC_GetCommandResponse
 754              	.LVL59:
1395:Drivers/STM32H7xx_HAL_Driver/Src/stm32h7xx_ll_sdmmc.c ****   {
 755              		.loc 1 1395 6 discriminator 1 view .LVU209
 756 0054 B042     		cmp	r0, r6
 757 0056 01D0     		beq	.L55
1397:Drivers/STM32H7xx_HAL_Driver/Src/stm32h7xx_ll_sdmmc.c ****   }
 758              		.loc 1 1397 12 view .LVU210
 759 0058 0120     		movs	r0, #1
 760 005a 41E0     		b	.L28
 761              	.L55:
1401:Drivers/STM32H7xx_HAL_Driver/Src/stm32h7xx_ll_sdmmc.c **** 
 762              		.loc 1 1401 3 is_stmt 1 view .LVU211
1401:Drivers/STM32H7xx_HAL_Driver/Src/stm32h7xx_ll_sdmmc.c **** 
 763              		.loc 1 1401 17 is_stmt 0 view .LVU212
 764 005c 0021     		movs	r1, #0
 765 005e 2846     		mov	r0, r5
 766 0060 FFF7FEFF 		bl	SDMMC_GetResponse
 767              	.LVL60:
 768 0064 0346     		mov	r3, r0
 769              	.LVL61:
1403:Drivers/STM32H7xx_HAL_Driver/Src/stm32h7xx_ll_sdmmc.c ****   {
ARM GAS  C:\Users\Made\AppData\Local\Temp\ccTdy2Vr.s 			page 50


 770              		.loc 1 1403 3 is_stmt 1 view .LVU213
1403:Drivers/STM32H7xx_HAL_Driver/Src/stm32h7xx_ll_sdmmc.c ****   {
 771              		.loc 1 1403 20 is_stmt 0 view .LVU214
 772 0066 3D48     		ldr	r0, .L56+16
 773              	.LVL62:
1403:Drivers/STM32H7xx_HAL_Driver/Src/stm32h7xx_ll_sdmmc.c ****   {
 774              		.loc 1 1403 20 view .LVU215
 775 0068 1840     		ands	r0, r0, r3
1403:Drivers/STM32H7xx_HAL_Driver/Src/stm32h7xx_ll_sdmmc.c ****   {
 776              		.loc 1 1403 6 view .LVU216
 777 006a C8B3     		cbz	r0, .L28
1407:Drivers/STM32H7xx_HAL_Driver/Src/stm32h7xx_ll_sdmmc.c ****   {
 778              		.loc 1 1407 8 is_stmt 1 view .LVU217
1407:Drivers/STM32H7xx_HAL_Driver/Src/stm32h7xx_ll_sdmmc.c ****   {
 779              		.loc 1 1407 11 is_stmt 0 view .LVU218
 780 006c 002B     		cmp	r3, #0
 781 006e 38DB     		blt	.L35
1411:Drivers/STM32H7xx_HAL_Driver/Src/stm32h7xx_ll_sdmmc.c ****   {
 782              		.loc 1 1411 8 is_stmt 1 view .LVU219
1411:Drivers/STM32H7xx_HAL_Driver/Src/stm32h7xx_ll_sdmmc.c ****   {
 783              		.loc 1 1411 11 is_stmt 0 view .LVU220
 784 0070 13F0804F 		tst	r3, #1073741824
 785 0074 38D1     		bne	.L36
1415:Drivers/STM32H7xx_HAL_Driver/Src/stm32h7xx_ll_sdmmc.c ****   {
 786              		.loc 1 1415 8 is_stmt 1 view .LVU221
1415:Drivers/STM32H7xx_HAL_Driver/Src/stm32h7xx_ll_sdmmc.c ****   {
 787              		.loc 1 1415 11 is_stmt 0 view .LVU222
 788 0076 13F0005F 		tst	r3, #536870912
 789 007a 37D1     		bne	.L37
1419:Drivers/STM32H7xx_HAL_Driver/Src/stm32h7xx_ll_sdmmc.c ****   {
 790              		.loc 1 1419 8 is_stmt 1 view .LVU223
1419:Drivers/STM32H7xx_HAL_Driver/Src/stm32h7xx_ll_sdmmc.c ****   {
 791              		.loc 1 1419 11 is_stmt 0 view .LVU224
 792 007c 13F0805F 		tst	r3, #268435456
 793 0080 36D1     		bne	.L38
1423:Drivers/STM32H7xx_HAL_Driver/Src/stm32h7xx_ll_sdmmc.c ****   {
 794              		.loc 1 1423 8 is_stmt 1 view .LVU225
1423:Drivers/STM32H7xx_HAL_Driver/Src/stm32h7xx_ll_sdmmc.c ****   {
 795              		.loc 1 1423 11 is_stmt 0 view .LVU226
 796 0082 13F0006F 		tst	r3, #134217728
 797 0086 36D1     		bne	.L39
1427:Drivers/STM32H7xx_HAL_Driver/Src/stm32h7xx_ll_sdmmc.c ****   {
 798              		.loc 1 1427 8 is_stmt 1 view .LVU227
1427:Drivers/STM32H7xx_HAL_Driver/Src/stm32h7xx_ll_sdmmc.c ****   {
 799              		.loc 1 1427 11 is_stmt 0 view .LVU228
 800 0088 13F0806F 		tst	r3, #67108864
 801 008c 36D1     		bne	.L40
1431:Drivers/STM32H7xx_HAL_Driver/Src/stm32h7xx_ll_sdmmc.c ****   {
 802              		.loc 1 1431 8 is_stmt 1 view .LVU229
1431:Drivers/STM32H7xx_HAL_Driver/Src/stm32h7xx_ll_sdmmc.c ****   {
 803              		.loc 1 1431 11 is_stmt 0 view .LVU230
 804 008e 13F0807F 		tst	r3, #16777216
 805 0092 36D1     		bne	.L41
1435:Drivers/STM32H7xx_HAL_Driver/Src/stm32h7xx_ll_sdmmc.c ****   {
 806              		.loc 1 1435 8 is_stmt 1 view .LVU231
1435:Drivers/STM32H7xx_HAL_Driver/Src/stm32h7xx_ll_sdmmc.c ****   {
 807              		.loc 1 1435 11 is_stmt 0 view .LVU232
ARM GAS  C:\Users\Made\AppData\Local\Temp\ccTdy2Vr.s 			page 51


 808 0094 13F4000F 		tst	r3, #8388608
 809 0098 36D1     		bne	.L42
1439:Drivers/STM32H7xx_HAL_Driver/Src/stm32h7xx_ll_sdmmc.c ****   {
 810              		.loc 1 1439 8 is_stmt 1 view .LVU233
1439:Drivers/STM32H7xx_HAL_Driver/Src/stm32h7xx_ll_sdmmc.c ****   {
 811              		.loc 1 1439 11 is_stmt 0 view .LVU234
 812 009a 13F4800F 		tst	r3, #4194304
 813 009e 36D1     		bne	.L43
1443:Drivers/STM32H7xx_HAL_Driver/Src/stm32h7xx_ll_sdmmc.c ****   {
 814              		.loc 1 1443 8 is_stmt 1 view .LVU235
1443:Drivers/STM32H7xx_HAL_Driver/Src/stm32h7xx_ll_sdmmc.c ****   {
 815              		.loc 1 1443 11 is_stmt 0 view .LVU236
 816 00a0 13F4001F 		tst	r3, #2097152
 817 00a4 36D1     		bne	.L44
1447:Drivers/STM32H7xx_HAL_Driver/Src/stm32h7xx_ll_sdmmc.c ****   {
 818              		.loc 1 1447 8 is_stmt 1 view .LVU237
1447:Drivers/STM32H7xx_HAL_Driver/Src/stm32h7xx_ll_sdmmc.c ****   {
 819              		.loc 1 1447 11 is_stmt 0 view .LVU238
 820 00a6 13F4801F 		tst	r3, #1048576
 821 00aa 36D1     		bne	.L45
1451:Drivers/STM32H7xx_HAL_Driver/Src/stm32h7xx_ll_sdmmc.c ****   {
 822              		.loc 1 1451 8 is_stmt 1 view .LVU239
1451:Drivers/STM32H7xx_HAL_Driver/Src/stm32h7xx_ll_sdmmc.c ****   {
 823              		.loc 1 1451 11 is_stmt 0 view .LVU240
 824 00ac 13F4802F 		tst	r3, #262144
 825 00b0 36D1     		bne	.L46
1455:Drivers/STM32H7xx_HAL_Driver/Src/stm32h7xx_ll_sdmmc.c ****   {
 826              		.loc 1 1455 8 is_stmt 1 view .LVU241
1455:Drivers/STM32H7xx_HAL_Driver/Src/stm32h7xx_ll_sdmmc.c ****   {
 827              		.loc 1 1455 11 is_stmt 0 view .LVU242
 828 00b2 13F4003F 		tst	r3, #131072
 829 00b6 36D1     		bne	.L47
1459:Drivers/STM32H7xx_HAL_Driver/Src/stm32h7xx_ll_sdmmc.c ****   {
 830              		.loc 1 1459 8 is_stmt 1 view .LVU243
1459:Drivers/STM32H7xx_HAL_Driver/Src/stm32h7xx_ll_sdmmc.c ****   {
 831              		.loc 1 1459 11 is_stmt 0 view .LVU244
 832 00b8 13F4803F 		tst	r3, #65536
 833 00bc 36D1     		bne	.L48
1463:Drivers/STM32H7xx_HAL_Driver/Src/stm32h7xx_ll_sdmmc.c ****   {
 834              		.loc 1 1463 8 is_stmt 1 view .LVU245
1463:Drivers/STM32H7xx_HAL_Driver/Src/stm32h7xx_ll_sdmmc.c ****   {
 835              		.loc 1 1463 11 is_stmt 0 view .LVU246
 836 00be 13F4004F 		tst	r3, #32768
 837 00c2 36D1     		bne	.L49
1467:Drivers/STM32H7xx_HAL_Driver/Src/stm32h7xx_ll_sdmmc.c ****   {
 838              		.loc 1 1467 8 is_stmt 1 view .LVU247
1467:Drivers/STM32H7xx_HAL_Driver/Src/stm32h7xx_ll_sdmmc.c ****   {
 839              		.loc 1 1467 11 is_stmt 0 view .LVU248
 840 00c4 13F4804F 		tst	r3, #16384
 841 00c8 36D1     		bne	.L50
1471:Drivers/STM32H7xx_HAL_Driver/Src/stm32h7xx_ll_sdmmc.c ****   {
 842              		.loc 1 1471 8 is_stmt 1 view .LVU249
1471:Drivers/STM32H7xx_HAL_Driver/Src/stm32h7xx_ll_sdmmc.c ****   {
 843              		.loc 1 1471 11 is_stmt 0 view .LVU250
 844 00ca 13F4005F 		tst	r3, #8192
 845 00ce 36D1     		bne	.L51
1475:Drivers/STM32H7xx_HAL_Driver/Src/stm32h7xx_ll_sdmmc.c ****   {
ARM GAS  C:\Users\Made\AppData\Local\Temp\ccTdy2Vr.s 			page 52


 846              		.loc 1 1475 8 is_stmt 1 view .LVU251
1475:Drivers/STM32H7xx_HAL_Driver/Src/stm32h7xx_ll_sdmmc.c ****   {
 847              		.loc 1 1475 11 is_stmt 0 view .LVU252
 848 00d0 13F0080F 		tst	r3, #8
 849 00d4 36D0     		beq	.L52
1477:Drivers/STM32H7xx_HAL_Driver/Src/stm32h7xx_ll_sdmmc.c ****   }
 850              		.loc 1 1477 12 view .LVU253
 851 00d6 4FF40000 		mov	r0, #8388608
 852 00da 01E0     		b	.L28
 853              	.LVL63:
 854              	.L33:
1368:Drivers/STM32H7xx_HAL_Driver/Src/stm32h7xx_ll_sdmmc.c ****     }
 855              		.loc 1 1368 14 view .LVU254
 856 00dc 4FF00040 		mov	r0, #-2147483648
 857              	.LVL64:
 858              	.L28:
1483:Drivers/STM32H7xx_HAL_Driver/Src/stm32h7xx_ll_sdmmc.c **** 
 859              		.loc 1 1483 1 view .LVU255
 860 00e0 70BD     		pop	{r4, r5, r6, pc}
 861              	.LVL65:
 862              	.L35:
1409:Drivers/STM32H7xx_HAL_Driver/Src/stm32h7xx_ll_sdmmc.c ****   }
 863              		.loc 1 1409 12 view .LVU256
 864 00e2 4FF00070 		mov	r0, #33554432
 865 00e6 FBE7     		b	.L28
 866              	.L36:
1413:Drivers/STM32H7xx_HAL_Driver/Src/stm32h7xx_ll_sdmmc.c ****   }
 867              		.loc 1 1413 12 view .LVU257
 868 00e8 4020     		movs	r0, #64
 869 00ea F9E7     		b	.L28
 870              	.L37:
1417:Drivers/STM32H7xx_HAL_Driver/Src/stm32h7xx_ll_sdmmc.c ****   }
 871              		.loc 1 1417 12 view .LVU258
 872 00ec 8020     		movs	r0, #128
 873 00ee F7E7     		b	.L28
 874              	.L38:
1421:Drivers/STM32H7xx_HAL_Driver/Src/stm32h7xx_ll_sdmmc.c ****   }
 875              		.loc 1 1421 12 view .LVU259
 876 00f0 4FF48070 		mov	r0, #256
 877 00f4 F4E7     		b	.L28
 878              	.L39:
1425:Drivers/STM32H7xx_HAL_Driver/Src/stm32h7xx_ll_sdmmc.c ****   }
 879              		.loc 1 1425 12 view .LVU260
 880 00f6 4FF40070 		mov	r0, #512
 881 00fa F1E7     		b	.L28
 882              	.L40:
1429:Drivers/STM32H7xx_HAL_Driver/Src/stm32h7xx_ll_sdmmc.c ****   }
 883              		.loc 1 1429 12 view .LVU261
 884 00fc 4FF48060 		mov	r0, #1024
 885 0100 EEE7     		b	.L28
 886              	.L41:
1433:Drivers/STM32H7xx_HAL_Driver/Src/stm32h7xx_ll_sdmmc.c ****   }
 887              		.loc 1 1433 12 view .LVU262
 888 0102 4FF40060 		mov	r0, #2048
 889 0106 EBE7     		b	.L28
 890              	.L42:
1437:Drivers/STM32H7xx_HAL_Driver/Src/stm32h7xx_ll_sdmmc.c ****   }
ARM GAS  C:\Users\Made\AppData\Local\Temp\ccTdy2Vr.s 			page 53


 891              		.loc 1 1437 12 view .LVU263
 892 0108 4FF48050 		mov	r0, #4096
 893 010c E8E7     		b	.L28
 894              	.L43:
1441:Drivers/STM32H7xx_HAL_Driver/Src/stm32h7xx_ll_sdmmc.c ****   }
 895              		.loc 1 1441 12 view .LVU264
 896 010e 4FF40050 		mov	r0, #8192
 897 0112 E5E7     		b	.L28
 898              	.L44:
1445:Drivers/STM32H7xx_HAL_Driver/Src/stm32h7xx_ll_sdmmc.c ****   }
 899              		.loc 1 1445 12 view .LVU265
 900 0114 4FF48040 		mov	r0, #16384
 901 0118 E2E7     		b	.L28
 902              	.L45:
1449:Drivers/STM32H7xx_HAL_Driver/Src/stm32h7xx_ll_sdmmc.c ****   }
 903              		.loc 1 1449 12 view .LVU266
 904 011a 4FF40040 		mov	r0, #32768
 905 011e DFE7     		b	.L28
 906              	.L46:
1453:Drivers/STM32H7xx_HAL_Driver/Src/stm32h7xx_ll_sdmmc.c ****   }
 907              		.loc 1 1453 12 view .LVU267
 908 0120 4FF40030 		mov	r0, #131072
 909 0124 DCE7     		b	.L28
 910              	.L47:
1457:Drivers/STM32H7xx_HAL_Driver/Src/stm32h7xx_ll_sdmmc.c ****   }
 911              		.loc 1 1457 12 view .LVU268
 912 0126 4FF48020 		mov	r0, #262144
 913 012a D9E7     		b	.L28
 914              	.L48:
1461:Drivers/STM32H7xx_HAL_Driver/Src/stm32h7xx_ll_sdmmc.c ****   }
 915              		.loc 1 1461 12 view .LVU269
 916 012c 4FF40020 		mov	r0, #524288
 917 0130 D6E7     		b	.L28
 918              	.L49:
1465:Drivers/STM32H7xx_HAL_Driver/Src/stm32h7xx_ll_sdmmc.c ****   }
 919              		.loc 1 1465 12 view .LVU270
 920 0132 4FF48010 		mov	r0, #1048576
 921 0136 D3E7     		b	.L28
 922              	.L50:
1469:Drivers/STM32H7xx_HAL_Driver/Src/stm32h7xx_ll_sdmmc.c ****   }
 923              		.loc 1 1469 12 view .LVU271
 924 0138 4FF40010 		mov	r0, #2097152
 925 013c D0E7     		b	.L28
 926              	.L51:
1473:Drivers/STM32H7xx_HAL_Driver/Src/stm32h7xx_ll_sdmmc.c ****   }
 927              		.loc 1 1473 12 view .LVU272
 928 013e 4FF48000 		mov	r0, #4194304
 929 0142 CDE7     		b	.L28
 930              	.L52:
1481:Drivers/STM32H7xx_HAL_Driver/Src/stm32h7xx_ll_sdmmc.c ****   }
 931              		.loc 1 1481 12 view .LVU273
 932 0144 4FF48030 		mov	r0, #65536
 933 0148 CAE7     		b	.L28
 934              	.L57:
 935 014a 00BF     		.align	2
 936              	.L56:
 937 014c 00000000 		.word	SystemCoreClock
ARM GAS  C:\Users\Made\AppData\Local\Temp\ccTdy2Vr.s 			page 54


 938 0150 D34D6210 		.word	274877907
 939 0154 45002000 		.word	2097221
 940 0158 C5002000 		.word	2097349
 941 015c 08E0FFFD 		.word	-33562616
 942              		.cfi_endproc
 943              	.LFE382:
 945              		.section	.text.SDMMC_CmdBlockLength,"ax",%progbits
 946              		.align	1
 947              		.global	SDMMC_CmdBlockLength
 948              		.syntax unified
 949              		.thumb
 950              		.thumb_func
 952              	SDMMC_CmdBlockLength:
 953              	.LVL66:
 954              	.LFB349:
 515:Drivers/STM32H7xx_HAL_Driver/Src/stm32h7xx_ll_sdmmc.c ****   SDMMC_CmdInitTypeDef  sdmmc_cmdinit;
 955              		.loc 1 515 1 is_stmt 1 view -0
 956              		.cfi_startproc
 957              		@ args = 0, pretend = 0, frame = 24
 958              		@ frame_needed = 0, uses_anonymous_args = 0
 515:Drivers/STM32H7xx_HAL_Driver/Src/stm32h7xx_ll_sdmmc.c ****   SDMMC_CmdInitTypeDef  sdmmc_cmdinit;
 959              		.loc 1 515 1 is_stmt 0 view .LVU275
 960 0000 30B5     		push	{r4, r5, lr}
 961              	.LCFI6:
 962              		.cfi_def_cfa_offset 12
 963              		.cfi_offset 4, -12
 964              		.cfi_offset 5, -8
 965              		.cfi_offset 14, -4
 966 0002 87B0     		sub	sp, sp, #28
 967              	.LCFI7:
 968              		.cfi_def_cfa_offset 40
 969 0004 0446     		mov	r4, r0
 516:Drivers/STM32H7xx_HAL_Driver/Src/stm32h7xx_ll_sdmmc.c ****   uint32_t errorstate;
 970              		.loc 1 516 3 is_stmt 1 view .LVU276
 517:Drivers/STM32H7xx_HAL_Driver/Src/stm32h7xx_ll_sdmmc.c **** 
 971              		.loc 1 517 3 view .LVU277
 520:Drivers/STM32H7xx_HAL_Driver/Src/stm32h7xx_ll_sdmmc.c ****   sdmmc_cmdinit.CmdIndex         = SDMMC_CMD_SET_BLOCKLEN;
 972              		.loc 1 520 3 view .LVU278
 520:Drivers/STM32H7xx_HAL_Driver/Src/stm32h7xx_ll_sdmmc.c ****   sdmmc_cmdinit.CmdIndex         = SDMMC_CMD_SET_BLOCKLEN;
 973              		.loc 1 520 34 is_stmt 0 view .LVU279
 974 0006 0191     		str	r1, [sp, #4]
 521:Drivers/STM32H7xx_HAL_Driver/Src/stm32h7xx_ll_sdmmc.c ****   sdmmc_cmdinit.Response         = SDMMC_RESPONSE_SHORT;
 975              		.loc 1 521 3 is_stmt 1 view .LVU280
 521:Drivers/STM32H7xx_HAL_Driver/Src/stm32h7xx_ll_sdmmc.c ****   sdmmc_cmdinit.Response         = SDMMC_RESPONSE_SHORT;
 976              		.loc 1 521 34 is_stmt 0 view .LVU281
 977 0008 1025     		movs	r5, #16
 978 000a 0295     		str	r5, [sp, #8]
 522:Drivers/STM32H7xx_HAL_Driver/Src/stm32h7xx_ll_sdmmc.c ****   sdmmc_cmdinit.WaitForInterrupt = SDMMC_WAIT_NO;
 979              		.loc 1 522 3 is_stmt 1 view .LVU282
 522:Drivers/STM32H7xx_HAL_Driver/Src/stm32h7xx_ll_sdmmc.c ****   sdmmc_cmdinit.WaitForInterrupt = SDMMC_WAIT_NO;
 980              		.loc 1 522 34 is_stmt 0 view .LVU283
 981 000c 4FF48073 		mov	r3, #256
 982 0010 0393     		str	r3, [sp, #12]
 523:Drivers/STM32H7xx_HAL_Driver/Src/stm32h7xx_ll_sdmmc.c ****   sdmmc_cmdinit.CPSM             = SDMMC_CPSM_ENABLE;
 983              		.loc 1 523 3 is_stmt 1 view .LVU284
 523:Drivers/STM32H7xx_HAL_Driver/Src/stm32h7xx_ll_sdmmc.c ****   sdmmc_cmdinit.CPSM             = SDMMC_CPSM_ENABLE;
 984              		.loc 1 523 34 is_stmt 0 view .LVU285
ARM GAS  C:\Users\Made\AppData\Local\Temp\ccTdy2Vr.s 			page 55


 985 0012 0023     		movs	r3, #0
 986 0014 0493     		str	r3, [sp, #16]
 524:Drivers/STM32H7xx_HAL_Driver/Src/stm32h7xx_ll_sdmmc.c ****   (void)SDMMC_SendCommand(SDMMCx, &sdmmc_cmdinit);
 987              		.loc 1 524 3 is_stmt 1 view .LVU286
 524:Drivers/STM32H7xx_HAL_Driver/Src/stm32h7xx_ll_sdmmc.c ****   (void)SDMMC_SendCommand(SDMMCx, &sdmmc_cmdinit);
 988              		.loc 1 524 34 is_stmt 0 view .LVU287
 989 0016 4FF48053 		mov	r3, #4096
 990 001a 0593     		str	r3, [sp, #20]
 525:Drivers/STM32H7xx_HAL_Driver/Src/stm32h7xx_ll_sdmmc.c **** 
 991              		.loc 1 525 3 is_stmt 1 view .LVU288
 525:Drivers/STM32H7xx_HAL_Driver/Src/stm32h7xx_ll_sdmmc.c **** 
 992              		.loc 1 525 9 is_stmt 0 view .LVU289
 993 001c 01A9     		add	r1, sp, #4
 994              	.LVL67:
 525:Drivers/STM32H7xx_HAL_Driver/Src/stm32h7xx_ll_sdmmc.c **** 
 995              		.loc 1 525 9 view .LVU290
 996 001e FFF7FEFF 		bl	SDMMC_SendCommand
 997              	.LVL68:
 528:Drivers/STM32H7xx_HAL_Driver/Src/stm32h7xx_ll_sdmmc.c **** 
 998              		.loc 1 528 3 is_stmt 1 view .LVU291
 528:Drivers/STM32H7xx_HAL_Driver/Src/stm32h7xx_ll_sdmmc.c **** 
 999              		.loc 1 528 16 is_stmt 0 view .LVU292
 1000 0022 41F28832 		movw	r2, #5000
 1001 0026 2946     		mov	r1, r5
 1002 0028 2046     		mov	r0, r4
 1003 002a FFF7FEFF 		bl	SDMMC_GetCmdResp1
 1004              	.LVL69:
 530:Drivers/STM32H7xx_HAL_Driver/Src/stm32h7xx_ll_sdmmc.c **** }
 1005              		.loc 1 530 3 is_stmt 1 view .LVU293
 531:Drivers/STM32H7xx_HAL_Driver/Src/stm32h7xx_ll_sdmmc.c **** 
 1006              		.loc 1 531 1 is_stmt 0 view .LVU294
 1007 002e 07B0     		add	sp, sp, #28
 1008              	.LCFI8:
 1009              		.cfi_def_cfa_offset 12
 1010              		@ sp needed
 1011 0030 30BD     		pop	{r4, r5, pc}
 531:Drivers/STM32H7xx_HAL_Driver/Src/stm32h7xx_ll_sdmmc.c **** 
 1012              		.loc 1 531 1 view .LVU295
 1013              		.cfi_endproc
 1014              	.LFE349:
 1016              		.section	.text.SDMMC_CmdBlockCount,"ax",%progbits
 1017              		.align	1
 1018              		.global	SDMMC_CmdBlockCount
 1019              		.syntax unified
 1020              		.thumb
 1021              		.thumb_func
 1023              	SDMMC_CmdBlockCount:
 1024              	.LVL70:
 1025              	.LFB350:
 539:Drivers/STM32H7xx_HAL_Driver/Src/stm32h7xx_ll_sdmmc.c ****   SDMMC_CmdInitTypeDef  sdmmc_cmdinit;
 1026              		.loc 1 539 1 is_stmt 1 view -0
 1027              		.cfi_startproc
 1028              		@ args = 0, pretend = 0, frame = 24
 1029              		@ frame_needed = 0, uses_anonymous_args = 0
 539:Drivers/STM32H7xx_HAL_Driver/Src/stm32h7xx_ll_sdmmc.c ****   SDMMC_CmdInitTypeDef  sdmmc_cmdinit;
 1030              		.loc 1 539 1 is_stmt 0 view .LVU297
 1031 0000 30B5     		push	{r4, r5, lr}
ARM GAS  C:\Users\Made\AppData\Local\Temp\ccTdy2Vr.s 			page 56


 1032              	.LCFI9:
 1033              		.cfi_def_cfa_offset 12
 1034              		.cfi_offset 4, -12
 1035              		.cfi_offset 5, -8
 1036              		.cfi_offset 14, -4
 1037 0002 87B0     		sub	sp, sp, #28
 1038              	.LCFI10:
 1039              		.cfi_def_cfa_offset 40
 1040 0004 0446     		mov	r4, r0
 540:Drivers/STM32H7xx_HAL_Driver/Src/stm32h7xx_ll_sdmmc.c ****   uint32_t errorstate;
 1041              		.loc 1 540 3 is_stmt 1 view .LVU298
 541:Drivers/STM32H7xx_HAL_Driver/Src/stm32h7xx_ll_sdmmc.c **** 
 1042              		.loc 1 541 3 view .LVU299
 544:Drivers/STM32H7xx_HAL_Driver/Src/stm32h7xx_ll_sdmmc.c ****   sdmmc_cmdinit.CmdIndex         = SDMMC_CMD_SET_BLOCK_COUNT;
 1043              		.loc 1 544 3 view .LVU300
 544:Drivers/STM32H7xx_HAL_Driver/Src/stm32h7xx_ll_sdmmc.c ****   sdmmc_cmdinit.CmdIndex         = SDMMC_CMD_SET_BLOCK_COUNT;
 1044              		.loc 1 544 34 is_stmt 0 view .LVU301
 1045 0006 0191     		str	r1, [sp, #4]
 545:Drivers/STM32H7xx_HAL_Driver/Src/stm32h7xx_ll_sdmmc.c ****   sdmmc_cmdinit.Response         = SDMMC_RESPONSE_SHORT;
 1046              		.loc 1 545 3 is_stmt 1 view .LVU302
 545:Drivers/STM32H7xx_HAL_Driver/Src/stm32h7xx_ll_sdmmc.c ****   sdmmc_cmdinit.Response         = SDMMC_RESPONSE_SHORT;
 1047              		.loc 1 545 34 is_stmt 0 view .LVU303
 1048 0008 1725     		movs	r5, #23
 1049 000a 0295     		str	r5, [sp, #8]
 546:Drivers/STM32H7xx_HAL_Driver/Src/stm32h7xx_ll_sdmmc.c ****   sdmmc_cmdinit.WaitForInterrupt = SDMMC_WAIT_NO;
 1050              		.loc 1 546 3 is_stmt 1 view .LVU304
 546:Drivers/STM32H7xx_HAL_Driver/Src/stm32h7xx_ll_sdmmc.c ****   sdmmc_cmdinit.WaitForInterrupt = SDMMC_WAIT_NO;
 1051              		.loc 1 546 34 is_stmt 0 view .LVU305
 1052 000c 4FF48073 		mov	r3, #256
 1053 0010 0393     		str	r3, [sp, #12]
 547:Drivers/STM32H7xx_HAL_Driver/Src/stm32h7xx_ll_sdmmc.c ****   sdmmc_cmdinit.CPSM             = SDMMC_CPSM_ENABLE;
 1054              		.loc 1 547 3 is_stmt 1 view .LVU306
 547:Drivers/STM32H7xx_HAL_Driver/Src/stm32h7xx_ll_sdmmc.c ****   sdmmc_cmdinit.CPSM             = SDMMC_CPSM_ENABLE;
 1055              		.loc 1 547 34 is_stmt 0 view .LVU307
 1056 0012 0023     		movs	r3, #0
 1057 0014 0493     		str	r3, [sp, #16]
 548:Drivers/STM32H7xx_HAL_Driver/Src/stm32h7xx_ll_sdmmc.c ****   (void)SDMMC_SendCommand(SDMMCx, &sdmmc_cmdinit);
 1058              		.loc 1 548 3 is_stmt 1 view .LVU308
 548:Drivers/STM32H7xx_HAL_Driver/Src/stm32h7xx_ll_sdmmc.c ****   (void)SDMMC_SendCommand(SDMMCx, &sdmmc_cmdinit);
 1059              		.loc 1 548 34 is_stmt 0 view .LVU309
 1060 0016 4FF48053 		mov	r3, #4096
 1061 001a 0593     		str	r3, [sp, #20]
 549:Drivers/STM32H7xx_HAL_Driver/Src/stm32h7xx_ll_sdmmc.c **** 
 1062              		.loc 1 549 3 is_stmt 1 view .LVU310
 549:Drivers/STM32H7xx_HAL_Driver/Src/stm32h7xx_ll_sdmmc.c **** 
 1063              		.loc 1 549 9 is_stmt 0 view .LVU311
 1064 001c 01A9     		add	r1, sp, #4
 1065              	.LVL71:
 549:Drivers/STM32H7xx_HAL_Driver/Src/stm32h7xx_ll_sdmmc.c **** 
 1066              		.loc 1 549 9 view .LVU312
 1067 001e FFF7FEFF 		bl	SDMMC_SendCommand
 1068              	.LVL72:
 552:Drivers/STM32H7xx_HAL_Driver/Src/stm32h7xx_ll_sdmmc.c **** 
 1069              		.loc 1 552 3 is_stmt 1 view .LVU313
 552:Drivers/STM32H7xx_HAL_Driver/Src/stm32h7xx_ll_sdmmc.c **** 
 1070              		.loc 1 552 16 is_stmt 0 view .LVU314
 1071 0022 41F28832 		movw	r2, #5000
ARM GAS  C:\Users\Made\AppData\Local\Temp\ccTdy2Vr.s 			page 57


 1072 0026 2946     		mov	r1, r5
 1073 0028 2046     		mov	r0, r4
 1074 002a FFF7FEFF 		bl	SDMMC_GetCmdResp1
 1075              	.LVL73:
 554:Drivers/STM32H7xx_HAL_Driver/Src/stm32h7xx_ll_sdmmc.c **** }
 1076              		.loc 1 554 3 is_stmt 1 view .LVU315
 555:Drivers/STM32H7xx_HAL_Driver/Src/stm32h7xx_ll_sdmmc.c **** 
 1077              		.loc 1 555 1 is_stmt 0 view .LVU316
 1078 002e 07B0     		add	sp, sp, #28
 1079              	.LCFI11:
 1080              		.cfi_def_cfa_offset 12
 1081              		@ sp needed
 1082 0030 30BD     		pop	{r4, r5, pc}
 555:Drivers/STM32H7xx_HAL_Driver/Src/stm32h7xx_ll_sdmmc.c **** 
 1083              		.loc 1 555 1 view .LVU317
 1084              		.cfi_endproc
 1085              	.LFE350:
 1087              		.section	.text.SDMMC_CmdReadSingleBlock,"ax",%progbits
 1088              		.align	1
 1089              		.global	SDMMC_CmdReadSingleBlock
 1090              		.syntax unified
 1091              		.thumb
 1092              		.thumb_func
 1094              	SDMMC_CmdReadSingleBlock:
 1095              	.LVL74:
 1096              	.LFB351:
 563:Drivers/STM32H7xx_HAL_Driver/Src/stm32h7xx_ll_sdmmc.c ****   SDMMC_CmdInitTypeDef  sdmmc_cmdinit;
 1097              		.loc 1 563 1 is_stmt 1 view -0
 1098              		.cfi_startproc
 1099              		@ args = 0, pretend = 0, frame = 24
 1100              		@ frame_needed = 0, uses_anonymous_args = 0
 563:Drivers/STM32H7xx_HAL_Driver/Src/stm32h7xx_ll_sdmmc.c ****   SDMMC_CmdInitTypeDef  sdmmc_cmdinit;
 1101              		.loc 1 563 1 is_stmt 0 view .LVU319
 1102 0000 30B5     		push	{r4, r5, lr}
 1103              	.LCFI12:
 1104              		.cfi_def_cfa_offset 12
 1105              		.cfi_offset 4, -12
 1106              		.cfi_offset 5, -8
 1107              		.cfi_offset 14, -4
 1108 0002 87B0     		sub	sp, sp, #28
 1109              	.LCFI13:
 1110              		.cfi_def_cfa_offset 40
 1111 0004 0446     		mov	r4, r0
 564:Drivers/STM32H7xx_HAL_Driver/Src/stm32h7xx_ll_sdmmc.c ****   uint32_t errorstate;
 1112              		.loc 1 564 3 is_stmt 1 view .LVU320
 565:Drivers/STM32H7xx_HAL_Driver/Src/stm32h7xx_ll_sdmmc.c **** 
 1113              		.loc 1 565 3 view .LVU321
 568:Drivers/STM32H7xx_HAL_Driver/Src/stm32h7xx_ll_sdmmc.c ****   sdmmc_cmdinit.CmdIndex         = SDMMC_CMD_READ_SINGLE_BLOCK;
 1114              		.loc 1 568 3 view .LVU322
 568:Drivers/STM32H7xx_HAL_Driver/Src/stm32h7xx_ll_sdmmc.c ****   sdmmc_cmdinit.CmdIndex         = SDMMC_CMD_READ_SINGLE_BLOCK;
 1115              		.loc 1 568 34 is_stmt 0 view .LVU323
 1116 0006 0191     		str	r1, [sp, #4]
 569:Drivers/STM32H7xx_HAL_Driver/Src/stm32h7xx_ll_sdmmc.c ****   sdmmc_cmdinit.Response         = SDMMC_RESPONSE_SHORT;
 1117              		.loc 1 569 3 is_stmt 1 view .LVU324
 569:Drivers/STM32H7xx_HAL_Driver/Src/stm32h7xx_ll_sdmmc.c ****   sdmmc_cmdinit.Response         = SDMMC_RESPONSE_SHORT;
 1118              		.loc 1 569 34 is_stmt 0 view .LVU325
 1119 0008 1125     		movs	r5, #17
ARM GAS  C:\Users\Made\AppData\Local\Temp\ccTdy2Vr.s 			page 58


 1120 000a 0295     		str	r5, [sp, #8]
 570:Drivers/STM32H7xx_HAL_Driver/Src/stm32h7xx_ll_sdmmc.c ****   sdmmc_cmdinit.WaitForInterrupt = SDMMC_WAIT_NO;
 1121              		.loc 1 570 3 is_stmt 1 view .LVU326
 570:Drivers/STM32H7xx_HAL_Driver/Src/stm32h7xx_ll_sdmmc.c ****   sdmmc_cmdinit.WaitForInterrupt = SDMMC_WAIT_NO;
 1122              		.loc 1 570 34 is_stmt 0 view .LVU327
 1123 000c 4FF48073 		mov	r3, #256
 1124 0010 0393     		str	r3, [sp, #12]
 571:Drivers/STM32H7xx_HAL_Driver/Src/stm32h7xx_ll_sdmmc.c ****   sdmmc_cmdinit.CPSM             = SDMMC_CPSM_ENABLE;
 1125              		.loc 1 571 3 is_stmt 1 view .LVU328
 571:Drivers/STM32H7xx_HAL_Driver/Src/stm32h7xx_ll_sdmmc.c ****   sdmmc_cmdinit.CPSM             = SDMMC_CPSM_ENABLE;
 1126              		.loc 1 571 34 is_stmt 0 view .LVU329
 1127 0012 0023     		movs	r3, #0
 1128 0014 0493     		str	r3, [sp, #16]
 572:Drivers/STM32H7xx_HAL_Driver/Src/stm32h7xx_ll_sdmmc.c ****   (void)SDMMC_SendCommand(SDMMCx, &sdmmc_cmdinit);
 1129              		.loc 1 572 3 is_stmt 1 view .LVU330
 572:Drivers/STM32H7xx_HAL_Driver/Src/stm32h7xx_ll_sdmmc.c ****   (void)SDMMC_SendCommand(SDMMCx, &sdmmc_cmdinit);
 1130              		.loc 1 572 34 is_stmt 0 view .LVU331
 1131 0016 4FF48053 		mov	r3, #4096
 1132 001a 0593     		str	r3, [sp, #20]
 573:Drivers/STM32H7xx_HAL_Driver/Src/stm32h7xx_ll_sdmmc.c **** 
 1133              		.loc 1 573 3 is_stmt 1 view .LVU332
 573:Drivers/STM32H7xx_HAL_Driver/Src/stm32h7xx_ll_sdmmc.c **** 
 1134              		.loc 1 573 9 is_stmt 0 view .LVU333
 1135 001c 01A9     		add	r1, sp, #4
 1136              	.LVL75:
 573:Drivers/STM32H7xx_HAL_Driver/Src/stm32h7xx_ll_sdmmc.c **** 
 1137              		.loc 1 573 9 view .LVU334
 1138 001e FFF7FEFF 		bl	SDMMC_SendCommand
 1139              	.LVL76:
 576:Drivers/STM32H7xx_HAL_Driver/Src/stm32h7xx_ll_sdmmc.c **** 
 1140              		.loc 1 576 3 is_stmt 1 view .LVU335
 576:Drivers/STM32H7xx_HAL_Driver/Src/stm32h7xx_ll_sdmmc.c **** 
 1141              		.loc 1 576 16 is_stmt 0 view .LVU336
 1142 0022 41F28832 		movw	r2, #5000
 1143 0026 2946     		mov	r1, r5
 1144 0028 2046     		mov	r0, r4
 1145 002a FFF7FEFF 		bl	SDMMC_GetCmdResp1
 1146              	.LVL77:
 578:Drivers/STM32H7xx_HAL_Driver/Src/stm32h7xx_ll_sdmmc.c **** }
 1147              		.loc 1 578 3 is_stmt 1 view .LVU337
 579:Drivers/STM32H7xx_HAL_Driver/Src/stm32h7xx_ll_sdmmc.c **** 
 1148              		.loc 1 579 1 is_stmt 0 view .LVU338
 1149 002e 07B0     		add	sp, sp, #28
 1150              	.LCFI14:
 1151              		.cfi_def_cfa_offset 12
 1152              		@ sp needed
 1153 0030 30BD     		pop	{r4, r5, pc}
 579:Drivers/STM32H7xx_HAL_Driver/Src/stm32h7xx_ll_sdmmc.c **** 
 1154              		.loc 1 579 1 view .LVU339
 1155              		.cfi_endproc
 1156              	.LFE351:
 1158              		.section	.text.SDMMC_CmdReadMultiBlock,"ax",%progbits
 1159              		.align	1
 1160              		.global	SDMMC_CmdReadMultiBlock
 1161              		.syntax unified
 1162              		.thumb
 1163              		.thumb_func
ARM GAS  C:\Users\Made\AppData\Local\Temp\ccTdy2Vr.s 			page 59


 1165              	SDMMC_CmdReadMultiBlock:
 1166              	.LVL78:
 1167              	.LFB352:
 587:Drivers/STM32H7xx_HAL_Driver/Src/stm32h7xx_ll_sdmmc.c ****   SDMMC_CmdInitTypeDef  sdmmc_cmdinit;
 1168              		.loc 1 587 1 is_stmt 1 view -0
 1169              		.cfi_startproc
 1170              		@ args = 0, pretend = 0, frame = 24
 1171              		@ frame_needed = 0, uses_anonymous_args = 0
 587:Drivers/STM32H7xx_HAL_Driver/Src/stm32h7xx_ll_sdmmc.c ****   SDMMC_CmdInitTypeDef  sdmmc_cmdinit;
 1172              		.loc 1 587 1 is_stmt 0 view .LVU341
 1173 0000 30B5     		push	{r4, r5, lr}
 1174              	.LCFI15:
 1175              		.cfi_def_cfa_offset 12
 1176              		.cfi_offset 4, -12
 1177              		.cfi_offset 5, -8
 1178              		.cfi_offset 14, -4
 1179 0002 87B0     		sub	sp, sp, #28
 1180              	.LCFI16:
 1181              		.cfi_def_cfa_offset 40
 1182 0004 0446     		mov	r4, r0
 588:Drivers/STM32H7xx_HAL_Driver/Src/stm32h7xx_ll_sdmmc.c ****   uint32_t errorstate;
 1183              		.loc 1 588 3 is_stmt 1 view .LVU342
 589:Drivers/STM32H7xx_HAL_Driver/Src/stm32h7xx_ll_sdmmc.c **** 
 1184              		.loc 1 589 3 view .LVU343
 592:Drivers/STM32H7xx_HAL_Driver/Src/stm32h7xx_ll_sdmmc.c ****   sdmmc_cmdinit.CmdIndex         = SDMMC_CMD_READ_MULT_BLOCK;
 1185              		.loc 1 592 3 view .LVU344
 592:Drivers/STM32H7xx_HAL_Driver/Src/stm32h7xx_ll_sdmmc.c ****   sdmmc_cmdinit.CmdIndex         = SDMMC_CMD_READ_MULT_BLOCK;
 1186              		.loc 1 592 34 is_stmt 0 view .LVU345
 1187 0006 0191     		str	r1, [sp, #4]
 593:Drivers/STM32H7xx_HAL_Driver/Src/stm32h7xx_ll_sdmmc.c ****   sdmmc_cmdinit.Response         = SDMMC_RESPONSE_SHORT;
 1188              		.loc 1 593 3 is_stmt 1 view .LVU346
 593:Drivers/STM32H7xx_HAL_Driver/Src/stm32h7xx_ll_sdmmc.c ****   sdmmc_cmdinit.Response         = SDMMC_RESPONSE_SHORT;
 1189              		.loc 1 593 34 is_stmt 0 view .LVU347
 1190 0008 1225     		movs	r5, #18
 1191 000a 0295     		str	r5, [sp, #8]
 594:Drivers/STM32H7xx_HAL_Driver/Src/stm32h7xx_ll_sdmmc.c ****   sdmmc_cmdinit.WaitForInterrupt = SDMMC_WAIT_NO;
 1192              		.loc 1 594 3 is_stmt 1 view .LVU348
 594:Drivers/STM32H7xx_HAL_Driver/Src/stm32h7xx_ll_sdmmc.c ****   sdmmc_cmdinit.WaitForInterrupt = SDMMC_WAIT_NO;
 1193              		.loc 1 594 34 is_stmt 0 view .LVU349
 1194 000c 4FF48073 		mov	r3, #256
 1195 0010 0393     		str	r3, [sp, #12]
 595:Drivers/STM32H7xx_HAL_Driver/Src/stm32h7xx_ll_sdmmc.c ****   sdmmc_cmdinit.CPSM             = SDMMC_CPSM_ENABLE;
 1196              		.loc 1 595 3 is_stmt 1 view .LVU350
 595:Drivers/STM32H7xx_HAL_Driver/Src/stm32h7xx_ll_sdmmc.c ****   sdmmc_cmdinit.CPSM             = SDMMC_CPSM_ENABLE;
 1197              		.loc 1 595 34 is_stmt 0 view .LVU351
 1198 0012 0023     		movs	r3, #0
 1199 0014 0493     		str	r3, [sp, #16]
 596:Drivers/STM32H7xx_HAL_Driver/Src/stm32h7xx_ll_sdmmc.c ****   (void)SDMMC_SendCommand(SDMMCx, &sdmmc_cmdinit);
 1200              		.loc 1 596 3 is_stmt 1 view .LVU352
 596:Drivers/STM32H7xx_HAL_Driver/Src/stm32h7xx_ll_sdmmc.c ****   (void)SDMMC_SendCommand(SDMMCx, &sdmmc_cmdinit);
 1201              		.loc 1 596 34 is_stmt 0 view .LVU353
 1202 0016 4FF48053 		mov	r3, #4096
 1203 001a 0593     		str	r3, [sp, #20]
 597:Drivers/STM32H7xx_HAL_Driver/Src/stm32h7xx_ll_sdmmc.c **** 
 1204              		.loc 1 597 3 is_stmt 1 view .LVU354
 597:Drivers/STM32H7xx_HAL_Driver/Src/stm32h7xx_ll_sdmmc.c **** 
 1205              		.loc 1 597 9 is_stmt 0 view .LVU355
ARM GAS  C:\Users\Made\AppData\Local\Temp\ccTdy2Vr.s 			page 60


 1206 001c 01A9     		add	r1, sp, #4
 1207              	.LVL79:
 597:Drivers/STM32H7xx_HAL_Driver/Src/stm32h7xx_ll_sdmmc.c **** 
 1208              		.loc 1 597 9 view .LVU356
 1209 001e FFF7FEFF 		bl	SDMMC_SendCommand
 1210              	.LVL80:
 600:Drivers/STM32H7xx_HAL_Driver/Src/stm32h7xx_ll_sdmmc.c **** 
 1211              		.loc 1 600 3 is_stmt 1 view .LVU357
 600:Drivers/STM32H7xx_HAL_Driver/Src/stm32h7xx_ll_sdmmc.c **** 
 1212              		.loc 1 600 16 is_stmt 0 view .LVU358
 1213 0022 41F28832 		movw	r2, #5000
 1214 0026 2946     		mov	r1, r5
 1215 0028 2046     		mov	r0, r4
 1216 002a FFF7FEFF 		bl	SDMMC_GetCmdResp1
 1217              	.LVL81:
 602:Drivers/STM32H7xx_HAL_Driver/Src/stm32h7xx_ll_sdmmc.c **** }
 1218              		.loc 1 602 3 is_stmt 1 view .LVU359
 603:Drivers/STM32H7xx_HAL_Driver/Src/stm32h7xx_ll_sdmmc.c **** 
 1219              		.loc 1 603 1 is_stmt 0 view .LVU360
 1220 002e 07B0     		add	sp, sp, #28
 1221              	.LCFI17:
 1222              		.cfi_def_cfa_offset 12
 1223              		@ sp needed
 1224 0030 30BD     		pop	{r4, r5, pc}
 603:Drivers/STM32H7xx_HAL_Driver/Src/stm32h7xx_ll_sdmmc.c **** 
 1225              		.loc 1 603 1 view .LVU361
 1226              		.cfi_endproc
 1227              	.LFE352:
 1229              		.section	.text.SDMMC_CmdWriteSingleBlock,"ax",%progbits
 1230              		.align	1
 1231              		.global	SDMMC_CmdWriteSingleBlock
 1232              		.syntax unified
 1233              		.thumb
 1234              		.thumb_func
 1236              	SDMMC_CmdWriteSingleBlock:
 1237              	.LVL82:
 1238              	.LFB353:
 611:Drivers/STM32H7xx_HAL_Driver/Src/stm32h7xx_ll_sdmmc.c ****   SDMMC_CmdInitTypeDef  sdmmc_cmdinit;
 1239              		.loc 1 611 1 is_stmt 1 view -0
 1240              		.cfi_startproc
 1241              		@ args = 0, pretend = 0, frame = 24
 1242              		@ frame_needed = 0, uses_anonymous_args = 0
 611:Drivers/STM32H7xx_HAL_Driver/Src/stm32h7xx_ll_sdmmc.c ****   SDMMC_CmdInitTypeDef  sdmmc_cmdinit;
 1243              		.loc 1 611 1 is_stmt 0 view .LVU363
 1244 0000 30B5     		push	{r4, r5, lr}
 1245              	.LCFI18:
 1246              		.cfi_def_cfa_offset 12
 1247              		.cfi_offset 4, -12
 1248              		.cfi_offset 5, -8
 1249              		.cfi_offset 14, -4
 1250 0002 87B0     		sub	sp, sp, #28
 1251              	.LCFI19:
 1252              		.cfi_def_cfa_offset 40
 1253 0004 0446     		mov	r4, r0
 612:Drivers/STM32H7xx_HAL_Driver/Src/stm32h7xx_ll_sdmmc.c ****   uint32_t errorstate;
 1254              		.loc 1 612 3 is_stmt 1 view .LVU364
 613:Drivers/STM32H7xx_HAL_Driver/Src/stm32h7xx_ll_sdmmc.c **** 
ARM GAS  C:\Users\Made\AppData\Local\Temp\ccTdy2Vr.s 			page 61


 1255              		.loc 1 613 3 view .LVU365
 616:Drivers/STM32H7xx_HAL_Driver/Src/stm32h7xx_ll_sdmmc.c ****   sdmmc_cmdinit.CmdIndex         = SDMMC_CMD_WRITE_SINGLE_BLOCK;
 1256              		.loc 1 616 3 view .LVU366
 616:Drivers/STM32H7xx_HAL_Driver/Src/stm32h7xx_ll_sdmmc.c ****   sdmmc_cmdinit.CmdIndex         = SDMMC_CMD_WRITE_SINGLE_BLOCK;
 1257              		.loc 1 616 34 is_stmt 0 view .LVU367
 1258 0006 0191     		str	r1, [sp, #4]
 617:Drivers/STM32H7xx_HAL_Driver/Src/stm32h7xx_ll_sdmmc.c ****   sdmmc_cmdinit.Response         = SDMMC_RESPONSE_SHORT;
 1259              		.loc 1 617 3 is_stmt 1 view .LVU368
 617:Drivers/STM32H7xx_HAL_Driver/Src/stm32h7xx_ll_sdmmc.c ****   sdmmc_cmdinit.Response         = SDMMC_RESPONSE_SHORT;
 1260              		.loc 1 617 34 is_stmt 0 view .LVU369
 1261 0008 1825     		movs	r5, #24
 1262 000a 0295     		str	r5, [sp, #8]
 618:Drivers/STM32H7xx_HAL_Driver/Src/stm32h7xx_ll_sdmmc.c ****   sdmmc_cmdinit.WaitForInterrupt = SDMMC_WAIT_NO;
 1263              		.loc 1 618 3 is_stmt 1 view .LVU370
 618:Drivers/STM32H7xx_HAL_Driver/Src/stm32h7xx_ll_sdmmc.c ****   sdmmc_cmdinit.WaitForInterrupt = SDMMC_WAIT_NO;
 1264              		.loc 1 618 34 is_stmt 0 view .LVU371
 1265 000c 4FF48073 		mov	r3, #256
 1266 0010 0393     		str	r3, [sp, #12]
 619:Drivers/STM32H7xx_HAL_Driver/Src/stm32h7xx_ll_sdmmc.c ****   sdmmc_cmdinit.CPSM             = SDMMC_CPSM_ENABLE;
 1267              		.loc 1 619 3 is_stmt 1 view .LVU372
 619:Drivers/STM32H7xx_HAL_Driver/Src/stm32h7xx_ll_sdmmc.c ****   sdmmc_cmdinit.CPSM             = SDMMC_CPSM_ENABLE;
 1268              		.loc 1 619 34 is_stmt 0 view .LVU373
 1269 0012 0023     		movs	r3, #0
 1270 0014 0493     		str	r3, [sp, #16]
 620:Drivers/STM32H7xx_HAL_Driver/Src/stm32h7xx_ll_sdmmc.c ****   (void)SDMMC_SendCommand(SDMMCx, &sdmmc_cmdinit);
 1271              		.loc 1 620 3 is_stmt 1 view .LVU374
 620:Drivers/STM32H7xx_HAL_Driver/Src/stm32h7xx_ll_sdmmc.c ****   (void)SDMMC_SendCommand(SDMMCx, &sdmmc_cmdinit);
 1272              		.loc 1 620 34 is_stmt 0 view .LVU375
 1273 0016 4FF48053 		mov	r3, #4096
 1274 001a 0593     		str	r3, [sp, #20]
 621:Drivers/STM32H7xx_HAL_Driver/Src/stm32h7xx_ll_sdmmc.c **** 
 1275              		.loc 1 621 3 is_stmt 1 view .LVU376
 621:Drivers/STM32H7xx_HAL_Driver/Src/stm32h7xx_ll_sdmmc.c **** 
 1276              		.loc 1 621 9 is_stmt 0 view .LVU377
 1277 001c 01A9     		add	r1, sp, #4
 1278              	.LVL83:
 621:Drivers/STM32H7xx_HAL_Driver/Src/stm32h7xx_ll_sdmmc.c **** 
 1279              		.loc 1 621 9 view .LVU378
 1280 001e FFF7FEFF 		bl	SDMMC_SendCommand
 1281              	.LVL84:
 624:Drivers/STM32H7xx_HAL_Driver/Src/stm32h7xx_ll_sdmmc.c **** 
 1282              		.loc 1 624 3 is_stmt 1 view .LVU379
 624:Drivers/STM32H7xx_HAL_Driver/Src/stm32h7xx_ll_sdmmc.c **** 
 1283              		.loc 1 624 16 is_stmt 0 view .LVU380
 1284 0022 41F28832 		movw	r2, #5000
 1285 0026 2946     		mov	r1, r5
 1286 0028 2046     		mov	r0, r4
 1287 002a FFF7FEFF 		bl	SDMMC_GetCmdResp1
 1288              	.LVL85:
 626:Drivers/STM32H7xx_HAL_Driver/Src/stm32h7xx_ll_sdmmc.c **** }
 1289              		.loc 1 626 3 is_stmt 1 view .LVU381
 627:Drivers/STM32H7xx_HAL_Driver/Src/stm32h7xx_ll_sdmmc.c **** 
 1290              		.loc 1 627 1 is_stmt 0 view .LVU382
 1291 002e 07B0     		add	sp, sp, #28
 1292              	.LCFI20:
 1293              		.cfi_def_cfa_offset 12
 1294              		@ sp needed
ARM GAS  C:\Users\Made\AppData\Local\Temp\ccTdy2Vr.s 			page 62


 1295 0030 30BD     		pop	{r4, r5, pc}
 627:Drivers/STM32H7xx_HAL_Driver/Src/stm32h7xx_ll_sdmmc.c **** 
 1296              		.loc 1 627 1 view .LVU383
 1297              		.cfi_endproc
 1298              	.LFE353:
 1300              		.section	.text.SDMMC_CmdWriteMultiBlock,"ax",%progbits
 1301              		.align	1
 1302              		.global	SDMMC_CmdWriteMultiBlock
 1303              		.syntax unified
 1304              		.thumb
 1305              		.thumb_func
 1307              	SDMMC_CmdWriteMultiBlock:
 1308              	.LVL86:
 1309              	.LFB354:
 635:Drivers/STM32H7xx_HAL_Driver/Src/stm32h7xx_ll_sdmmc.c ****   SDMMC_CmdInitTypeDef  sdmmc_cmdinit;
 1310              		.loc 1 635 1 is_stmt 1 view -0
 1311              		.cfi_startproc
 1312              		@ args = 0, pretend = 0, frame = 24
 1313              		@ frame_needed = 0, uses_anonymous_args = 0
 635:Drivers/STM32H7xx_HAL_Driver/Src/stm32h7xx_ll_sdmmc.c ****   SDMMC_CmdInitTypeDef  sdmmc_cmdinit;
 1314              		.loc 1 635 1 is_stmt 0 view .LVU385
 1315 0000 30B5     		push	{r4, r5, lr}
 1316              	.LCFI21:
 1317              		.cfi_def_cfa_offset 12
 1318              		.cfi_offset 4, -12
 1319              		.cfi_offset 5, -8
 1320              		.cfi_offset 14, -4
 1321 0002 87B0     		sub	sp, sp, #28
 1322              	.LCFI22:
 1323              		.cfi_def_cfa_offset 40
 1324 0004 0446     		mov	r4, r0
 636:Drivers/STM32H7xx_HAL_Driver/Src/stm32h7xx_ll_sdmmc.c ****   uint32_t errorstate;
 1325              		.loc 1 636 3 is_stmt 1 view .LVU386
 637:Drivers/STM32H7xx_HAL_Driver/Src/stm32h7xx_ll_sdmmc.c **** 
 1326              		.loc 1 637 3 view .LVU387
 640:Drivers/STM32H7xx_HAL_Driver/Src/stm32h7xx_ll_sdmmc.c ****   sdmmc_cmdinit.CmdIndex         = SDMMC_CMD_WRITE_MULT_BLOCK;
 1327              		.loc 1 640 3 view .LVU388
 640:Drivers/STM32H7xx_HAL_Driver/Src/stm32h7xx_ll_sdmmc.c ****   sdmmc_cmdinit.CmdIndex         = SDMMC_CMD_WRITE_MULT_BLOCK;
 1328              		.loc 1 640 34 is_stmt 0 view .LVU389
 1329 0006 0191     		str	r1, [sp, #4]
 641:Drivers/STM32H7xx_HAL_Driver/Src/stm32h7xx_ll_sdmmc.c ****   sdmmc_cmdinit.Response         = SDMMC_RESPONSE_SHORT;
 1330              		.loc 1 641 3 is_stmt 1 view .LVU390
 641:Drivers/STM32H7xx_HAL_Driver/Src/stm32h7xx_ll_sdmmc.c ****   sdmmc_cmdinit.Response         = SDMMC_RESPONSE_SHORT;
 1331              		.loc 1 641 34 is_stmt 0 view .LVU391
 1332 0008 1925     		movs	r5, #25
 1333 000a 0295     		str	r5, [sp, #8]
 642:Drivers/STM32H7xx_HAL_Driver/Src/stm32h7xx_ll_sdmmc.c ****   sdmmc_cmdinit.WaitForInterrupt = SDMMC_WAIT_NO;
 1334              		.loc 1 642 3 is_stmt 1 view .LVU392
 642:Drivers/STM32H7xx_HAL_Driver/Src/stm32h7xx_ll_sdmmc.c ****   sdmmc_cmdinit.WaitForInterrupt = SDMMC_WAIT_NO;
 1335              		.loc 1 642 34 is_stmt 0 view .LVU393
 1336 000c 4FF48073 		mov	r3, #256
 1337 0010 0393     		str	r3, [sp, #12]
 643:Drivers/STM32H7xx_HAL_Driver/Src/stm32h7xx_ll_sdmmc.c ****   sdmmc_cmdinit.CPSM             = SDMMC_CPSM_ENABLE;
 1338              		.loc 1 643 3 is_stmt 1 view .LVU394
 643:Drivers/STM32H7xx_HAL_Driver/Src/stm32h7xx_ll_sdmmc.c ****   sdmmc_cmdinit.CPSM             = SDMMC_CPSM_ENABLE;
 1339              		.loc 1 643 34 is_stmt 0 view .LVU395
 1340 0012 0023     		movs	r3, #0
ARM GAS  C:\Users\Made\AppData\Local\Temp\ccTdy2Vr.s 			page 63


 1341 0014 0493     		str	r3, [sp, #16]
 644:Drivers/STM32H7xx_HAL_Driver/Src/stm32h7xx_ll_sdmmc.c ****   (void)SDMMC_SendCommand(SDMMCx, &sdmmc_cmdinit);
 1342              		.loc 1 644 3 is_stmt 1 view .LVU396
 644:Drivers/STM32H7xx_HAL_Driver/Src/stm32h7xx_ll_sdmmc.c ****   (void)SDMMC_SendCommand(SDMMCx, &sdmmc_cmdinit);
 1343              		.loc 1 644 34 is_stmt 0 view .LVU397
 1344 0016 4FF48053 		mov	r3, #4096
 1345 001a 0593     		str	r3, [sp, #20]
 645:Drivers/STM32H7xx_HAL_Driver/Src/stm32h7xx_ll_sdmmc.c **** 
 1346              		.loc 1 645 3 is_stmt 1 view .LVU398
 645:Drivers/STM32H7xx_HAL_Driver/Src/stm32h7xx_ll_sdmmc.c **** 
 1347              		.loc 1 645 9 is_stmt 0 view .LVU399
 1348 001c 01A9     		add	r1, sp, #4
 1349              	.LVL87:
 645:Drivers/STM32H7xx_HAL_Driver/Src/stm32h7xx_ll_sdmmc.c **** 
 1350              		.loc 1 645 9 view .LVU400
 1351 001e FFF7FEFF 		bl	SDMMC_SendCommand
 1352              	.LVL88:
 648:Drivers/STM32H7xx_HAL_Driver/Src/stm32h7xx_ll_sdmmc.c **** 
 1353              		.loc 1 648 3 is_stmt 1 view .LVU401
 648:Drivers/STM32H7xx_HAL_Driver/Src/stm32h7xx_ll_sdmmc.c **** 
 1354              		.loc 1 648 16 is_stmt 0 view .LVU402
 1355 0022 41F28832 		movw	r2, #5000
 1356 0026 2946     		mov	r1, r5
 1357 0028 2046     		mov	r0, r4
 1358 002a FFF7FEFF 		bl	SDMMC_GetCmdResp1
 1359              	.LVL89:
 650:Drivers/STM32H7xx_HAL_Driver/Src/stm32h7xx_ll_sdmmc.c **** }
 1360              		.loc 1 650 3 is_stmt 1 view .LVU403
 651:Drivers/STM32H7xx_HAL_Driver/Src/stm32h7xx_ll_sdmmc.c **** 
 1361              		.loc 1 651 1 is_stmt 0 view .LVU404
 1362 002e 07B0     		add	sp, sp, #28
 1363              	.LCFI23:
 1364              		.cfi_def_cfa_offset 12
 1365              		@ sp needed
 1366 0030 30BD     		pop	{r4, r5, pc}
 651:Drivers/STM32H7xx_HAL_Driver/Src/stm32h7xx_ll_sdmmc.c **** 
 1367              		.loc 1 651 1 view .LVU405
 1368              		.cfi_endproc
 1369              	.LFE354:
 1371              		.section	.text.SDMMC_CmdSDEraseStartAdd,"ax",%progbits
 1372              		.align	1
 1373              		.global	SDMMC_CmdSDEraseStartAdd
 1374              		.syntax unified
 1375              		.thumb
 1376              		.thumb_func
 1378              	SDMMC_CmdSDEraseStartAdd:
 1379              	.LVL90:
 1380              	.LFB355:
 659:Drivers/STM32H7xx_HAL_Driver/Src/stm32h7xx_ll_sdmmc.c ****   SDMMC_CmdInitTypeDef  sdmmc_cmdinit;
 1381              		.loc 1 659 1 is_stmt 1 view -0
 1382              		.cfi_startproc
 1383              		@ args = 0, pretend = 0, frame = 24
 1384              		@ frame_needed = 0, uses_anonymous_args = 0
 659:Drivers/STM32H7xx_HAL_Driver/Src/stm32h7xx_ll_sdmmc.c ****   SDMMC_CmdInitTypeDef  sdmmc_cmdinit;
 1385              		.loc 1 659 1 is_stmt 0 view .LVU407
 1386 0000 30B5     		push	{r4, r5, lr}
 1387              	.LCFI24:
ARM GAS  C:\Users\Made\AppData\Local\Temp\ccTdy2Vr.s 			page 64


 1388              		.cfi_def_cfa_offset 12
 1389              		.cfi_offset 4, -12
 1390              		.cfi_offset 5, -8
 1391              		.cfi_offset 14, -4
 1392 0002 87B0     		sub	sp, sp, #28
 1393              	.LCFI25:
 1394              		.cfi_def_cfa_offset 40
 1395 0004 0446     		mov	r4, r0
 660:Drivers/STM32H7xx_HAL_Driver/Src/stm32h7xx_ll_sdmmc.c ****   uint32_t errorstate;
 1396              		.loc 1 660 3 is_stmt 1 view .LVU408
 661:Drivers/STM32H7xx_HAL_Driver/Src/stm32h7xx_ll_sdmmc.c **** 
 1397              		.loc 1 661 3 view .LVU409
 664:Drivers/STM32H7xx_HAL_Driver/Src/stm32h7xx_ll_sdmmc.c ****   sdmmc_cmdinit.CmdIndex         = SDMMC_CMD_SD_ERASE_GRP_START;
 1398              		.loc 1 664 3 view .LVU410
 664:Drivers/STM32H7xx_HAL_Driver/Src/stm32h7xx_ll_sdmmc.c ****   sdmmc_cmdinit.CmdIndex         = SDMMC_CMD_SD_ERASE_GRP_START;
 1399              		.loc 1 664 34 is_stmt 0 view .LVU411
 1400 0006 0191     		str	r1, [sp, #4]
 665:Drivers/STM32H7xx_HAL_Driver/Src/stm32h7xx_ll_sdmmc.c ****   sdmmc_cmdinit.Response         = SDMMC_RESPONSE_SHORT;
 1401              		.loc 1 665 3 is_stmt 1 view .LVU412
 665:Drivers/STM32H7xx_HAL_Driver/Src/stm32h7xx_ll_sdmmc.c ****   sdmmc_cmdinit.Response         = SDMMC_RESPONSE_SHORT;
 1402              		.loc 1 665 34 is_stmt 0 view .LVU413
 1403 0008 2025     		movs	r5, #32
 1404 000a 0295     		str	r5, [sp, #8]
 666:Drivers/STM32H7xx_HAL_Driver/Src/stm32h7xx_ll_sdmmc.c ****   sdmmc_cmdinit.WaitForInterrupt = SDMMC_WAIT_NO;
 1405              		.loc 1 666 3 is_stmt 1 view .LVU414
 666:Drivers/STM32H7xx_HAL_Driver/Src/stm32h7xx_ll_sdmmc.c ****   sdmmc_cmdinit.WaitForInterrupt = SDMMC_WAIT_NO;
 1406              		.loc 1 666 34 is_stmt 0 view .LVU415
 1407 000c 4FF48073 		mov	r3, #256
 1408 0010 0393     		str	r3, [sp, #12]
 667:Drivers/STM32H7xx_HAL_Driver/Src/stm32h7xx_ll_sdmmc.c ****   sdmmc_cmdinit.CPSM             = SDMMC_CPSM_ENABLE;
 1409              		.loc 1 667 3 is_stmt 1 view .LVU416
 667:Drivers/STM32H7xx_HAL_Driver/Src/stm32h7xx_ll_sdmmc.c ****   sdmmc_cmdinit.CPSM             = SDMMC_CPSM_ENABLE;
 1410              		.loc 1 667 34 is_stmt 0 view .LVU417
 1411 0012 0023     		movs	r3, #0
 1412 0014 0493     		str	r3, [sp, #16]
 668:Drivers/STM32H7xx_HAL_Driver/Src/stm32h7xx_ll_sdmmc.c ****   (void)SDMMC_SendCommand(SDMMCx, &sdmmc_cmdinit);
 1413              		.loc 1 668 3 is_stmt 1 view .LVU418
 668:Drivers/STM32H7xx_HAL_Driver/Src/stm32h7xx_ll_sdmmc.c ****   (void)SDMMC_SendCommand(SDMMCx, &sdmmc_cmdinit);
 1414              		.loc 1 668 34 is_stmt 0 view .LVU419
 1415 0016 4FF48053 		mov	r3, #4096
 1416 001a 0593     		str	r3, [sp, #20]
 669:Drivers/STM32H7xx_HAL_Driver/Src/stm32h7xx_ll_sdmmc.c **** 
 1417              		.loc 1 669 3 is_stmt 1 view .LVU420
 669:Drivers/STM32H7xx_HAL_Driver/Src/stm32h7xx_ll_sdmmc.c **** 
 1418              		.loc 1 669 9 is_stmt 0 view .LVU421
 1419 001c 01A9     		add	r1, sp, #4
 1420              	.LVL91:
 669:Drivers/STM32H7xx_HAL_Driver/Src/stm32h7xx_ll_sdmmc.c **** 
 1421              		.loc 1 669 9 view .LVU422
 1422 001e FFF7FEFF 		bl	SDMMC_SendCommand
 1423              	.LVL92:
 672:Drivers/STM32H7xx_HAL_Driver/Src/stm32h7xx_ll_sdmmc.c **** 
 1424              		.loc 1 672 3 is_stmt 1 view .LVU423
 672:Drivers/STM32H7xx_HAL_Driver/Src/stm32h7xx_ll_sdmmc.c **** 
 1425              		.loc 1 672 16 is_stmt 0 view .LVU424
 1426 0022 41F28832 		movw	r2, #5000
 1427 0026 2946     		mov	r1, r5
ARM GAS  C:\Users\Made\AppData\Local\Temp\ccTdy2Vr.s 			page 65


 1428 0028 2046     		mov	r0, r4
 1429 002a FFF7FEFF 		bl	SDMMC_GetCmdResp1
 1430              	.LVL93:
 674:Drivers/STM32H7xx_HAL_Driver/Src/stm32h7xx_ll_sdmmc.c **** }
 1431              		.loc 1 674 3 is_stmt 1 view .LVU425
 675:Drivers/STM32H7xx_HAL_Driver/Src/stm32h7xx_ll_sdmmc.c **** 
 1432              		.loc 1 675 1 is_stmt 0 view .LVU426
 1433 002e 07B0     		add	sp, sp, #28
 1434              	.LCFI26:
 1435              		.cfi_def_cfa_offset 12
 1436              		@ sp needed
 1437 0030 30BD     		pop	{r4, r5, pc}
 675:Drivers/STM32H7xx_HAL_Driver/Src/stm32h7xx_ll_sdmmc.c **** 
 1438              		.loc 1 675 1 view .LVU427
 1439              		.cfi_endproc
 1440              	.LFE355:
 1442              		.section	.text.SDMMC_CmdSDEraseEndAdd,"ax",%progbits
 1443              		.align	1
 1444              		.global	SDMMC_CmdSDEraseEndAdd
 1445              		.syntax unified
 1446              		.thumb
 1447              		.thumb_func
 1449              	SDMMC_CmdSDEraseEndAdd:
 1450              	.LVL94:
 1451              	.LFB356:
 683:Drivers/STM32H7xx_HAL_Driver/Src/stm32h7xx_ll_sdmmc.c ****   SDMMC_CmdInitTypeDef  sdmmc_cmdinit;
 1452              		.loc 1 683 1 is_stmt 1 view -0
 1453              		.cfi_startproc
 1454              		@ args = 0, pretend = 0, frame = 24
 1455              		@ frame_needed = 0, uses_anonymous_args = 0
 683:Drivers/STM32H7xx_HAL_Driver/Src/stm32h7xx_ll_sdmmc.c ****   SDMMC_CmdInitTypeDef  sdmmc_cmdinit;
 1456              		.loc 1 683 1 is_stmt 0 view .LVU429
 1457 0000 30B5     		push	{r4, r5, lr}
 1458              	.LCFI27:
 1459              		.cfi_def_cfa_offset 12
 1460              		.cfi_offset 4, -12
 1461              		.cfi_offset 5, -8
 1462              		.cfi_offset 14, -4
 1463 0002 87B0     		sub	sp, sp, #28
 1464              	.LCFI28:
 1465              		.cfi_def_cfa_offset 40
 1466 0004 0446     		mov	r4, r0
 684:Drivers/STM32H7xx_HAL_Driver/Src/stm32h7xx_ll_sdmmc.c ****   uint32_t errorstate;
 1467              		.loc 1 684 3 is_stmt 1 view .LVU430
 685:Drivers/STM32H7xx_HAL_Driver/Src/stm32h7xx_ll_sdmmc.c **** 
 1468              		.loc 1 685 3 view .LVU431
 688:Drivers/STM32H7xx_HAL_Driver/Src/stm32h7xx_ll_sdmmc.c ****   sdmmc_cmdinit.CmdIndex         = SDMMC_CMD_SD_ERASE_GRP_END;
 1469              		.loc 1 688 3 view .LVU432
 688:Drivers/STM32H7xx_HAL_Driver/Src/stm32h7xx_ll_sdmmc.c ****   sdmmc_cmdinit.CmdIndex         = SDMMC_CMD_SD_ERASE_GRP_END;
 1470              		.loc 1 688 34 is_stmt 0 view .LVU433
 1471 0006 0191     		str	r1, [sp, #4]
 689:Drivers/STM32H7xx_HAL_Driver/Src/stm32h7xx_ll_sdmmc.c ****   sdmmc_cmdinit.Response         = SDMMC_RESPONSE_SHORT;
 1472              		.loc 1 689 3 is_stmt 1 view .LVU434
 689:Drivers/STM32H7xx_HAL_Driver/Src/stm32h7xx_ll_sdmmc.c ****   sdmmc_cmdinit.Response         = SDMMC_RESPONSE_SHORT;
 1473              		.loc 1 689 34 is_stmt 0 view .LVU435
 1474 0008 2125     		movs	r5, #33
 1475 000a 0295     		str	r5, [sp, #8]
ARM GAS  C:\Users\Made\AppData\Local\Temp\ccTdy2Vr.s 			page 66


 690:Drivers/STM32H7xx_HAL_Driver/Src/stm32h7xx_ll_sdmmc.c ****   sdmmc_cmdinit.WaitForInterrupt = SDMMC_WAIT_NO;
 1476              		.loc 1 690 3 is_stmt 1 view .LVU436
 690:Drivers/STM32H7xx_HAL_Driver/Src/stm32h7xx_ll_sdmmc.c ****   sdmmc_cmdinit.WaitForInterrupt = SDMMC_WAIT_NO;
 1477              		.loc 1 690 34 is_stmt 0 view .LVU437
 1478 000c 4FF48073 		mov	r3, #256
 1479 0010 0393     		str	r3, [sp, #12]
 691:Drivers/STM32H7xx_HAL_Driver/Src/stm32h7xx_ll_sdmmc.c ****   sdmmc_cmdinit.CPSM             = SDMMC_CPSM_ENABLE;
 1480              		.loc 1 691 3 is_stmt 1 view .LVU438
 691:Drivers/STM32H7xx_HAL_Driver/Src/stm32h7xx_ll_sdmmc.c ****   sdmmc_cmdinit.CPSM             = SDMMC_CPSM_ENABLE;
 1481              		.loc 1 691 34 is_stmt 0 view .LVU439
 1482 0012 0023     		movs	r3, #0
 1483 0014 0493     		str	r3, [sp, #16]
 692:Drivers/STM32H7xx_HAL_Driver/Src/stm32h7xx_ll_sdmmc.c ****   (void)SDMMC_SendCommand(SDMMCx, &sdmmc_cmdinit);
 1484              		.loc 1 692 3 is_stmt 1 view .LVU440
 692:Drivers/STM32H7xx_HAL_Driver/Src/stm32h7xx_ll_sdmmc.c ****   (void)SDMMC_SendCommand(SDMMCx, &sdmmc_cmdinit);
 1485              		.loc 1 692 34 is_stmt 0 view .LVU441
 1486 0016 4FF48053 		mov	r3, #4096
 1487 001a 0593     		str	r3, [sp, #20]
 693:Drivers/STM32H7xx_HAL_Driver/Src/stm32h7xx_ll_sdmmc.c **** 
 1488              		.loc 1 693 3 is_stmt 1 view .LVU442
 693:Drivers/STM32H7xx_HAL_Driver/Src/stm32h7xx_ll_sdmmc.c **** 
 1489              		.loc 1 693 9 is_stmt 0 view .LVU443
 1490 001c 01A9     		add	r1, sp, #4
 1491              	.LVL95:
 693:Drivers/STM32H7xx_HAL_Driver/Src/stm32h7xx_ll_sdmmc.c **** 
 1492              		.loc 1 693 9 view .LVU444
 1493 001e FFF7FEFF 		bl	SDMMC_SendCommand
 1494              	.LVL96:
 696:Drivers/STM32H7xx_HAL_Driver/Src/stm32h7xx_ll_sdmmc.c **** 
 1495              		.loc 1 696 3 is_stmt 1 view .LVU445
 696:Drivers/STM32H7xx_HAL_Driver/Src/stm32h7xx_ll_sdmmc.c **** 
 1496              		.loc 1 696 16 is_stmt 0 view .LVU446
 1497 0022 41F28832 		movw	r2, #5000
 1498 0026 2946     		mov	r1, r5
 1499 0028 2046     		mov	r0, r4
 1500 002a FFF7FEFF 		bl	SDMMC_GetCmdResp1
 1501              	.LVL97:
 698:Drivers/STM32H7xx_HAL_Driver/Src/stm32h7xx_ll_sdmmc.c **** }
 1502              		.loc 1 698 3 is_stmt 1 view .LVU447
 699:Drivers/STM32H7xx_HAL_Driver/Src/stm32h7xx_ll_sdmmc.c **** 
 1503              		.loc 1 699 1 is_stmt 0 view .LVU448
 1504 002e 07B0     		add	sp, sp, #28
 1505              	.LCFI29:
 1506              		.cfi_def_cfa_offset 12
 1507              		@ sp needed
 1508 0030 30BD     		pop	{r4, r5, pc}
 699:Drivers/STM32H7xx_HAL_Driver/Src/stm32h7xx_ll_sdmmc.c **** 
 1509              		.loc 1 699 1 view .LVU449
 1510              		.cfi_endproc
 1511              	.LFE356:
 1513              		.section	.text.SDMMC_CmdEraseStartAdd,"ax",%progbits
 1514              		.align	1
 1515              		.global	SDMMC_CmdEraseStartAdd
 1516              		.syntax unified
 1517              		.thumb
 1518              		.thumb_func
 1520              	SDMMC_CmdEraseStartAdd:
ARM GAS  C:\Users\Made\AppData\Local\Temp\ccTdy2Vr.s 			page 67


 1521              	.LVL98:
 1522              	.LFB357:
 707:Drivers/STM32H7xx_HAL_Driver/Src/stm32h7xx_ll_sdmmc.c ****   SDMMC_CmdInitTypeDef  sdmmc_cmdinit;
 1523              		.loc 1 707 1 is_stmt 1 view -0
 1524              		.cfi_startproc
 1525              		@ args = 0, pretend = 0, frame = 24
 1526              		@ frame_needed = 0, uses_anonymous_args = 0
 707:Drivers/STM32H7xx_HAL_Driver/Src/stm32h7xx_ll_sdmmc.c ****   SDMMC_CmdInitTypeDef  sdmmc_cmdinit;
 1527              		.loc 1 707 1 is_stmt 0 view .LVU451
 1528 0000 30B5     		push	{r4, r5, lr}
 1529              	.LCFI30:
 1530              		.cfi_def_cfa_offset 12
 1531              		.cfi_offset 4, -12
 1532              		.cfi_offset 5, -8
 1533              		.cfi_offset 14, -4
 1534 0002 87B0     		sub	sp, sp, #28
 1535              	.LCFI31:
 1536              		.cfi_def_cfa_offset 40
 1537 0004 0446     		mov	r4, r0
 708:Drivers/STM32H7xx_HAL_Driver/Src/stm32h7xx_ll_sdmmc.c ****   uint32_t errorstate;
 1538              		.loc 1 708 3 is_stmt 1 view .LVU452
 709:Drivers/STM32H7xx_HAL_Driver/Src/stm32h7xx_ll_sdmmc.c **** 
 1539              		.loc 1 709 3 view .LVU453
 712:Drivers/STM32H7xx_HAL_Driver/Src/stm32h7xx_ll_sdmmc.c ****   sdmmc_cmdinit.CmdIndex         = SDMMC_CMD_ERASE_GRP_START;
 1540              		.loc 1 712 3 view .LVU454
 712:Drivers/STM32H7xx_HAL_Driver/Src/stm32h7xx_ll_sdmmc.c ****   sdmmc_cmdinit.CmdIndex         = SDMMC_CMD_ERASE_GRP_START;
 1541              		.loc 1 712 34 is_stmt 0 view .LVU455
 1542 0006 0191     		str	r1, [sp, #4]
 713:Drivers/STM32H7xx_HAL_Driver/Src/stm32h7xx_ll_sdmmc.c ****   sdmmc_cmdinit.Response         = SDMMC_RESPONSE_SHORT;
 1543              		.loc 1 713 3 is_stmt 1 view .LVU456
 713:Drivers/STM32H7xx_HAL_Driver/Src/stm32h7xx_ll_sdmmc.c ****   sdmmc_cmdinit.Response         = SDMMC_RESPONSE_SHORT;
 1544              		.loc 1 713 34 is_stmt 0 view .LVU457
 1545 0008 2325     		movs	r5, #35
 1546 000a 0295     		str	r5, [sp, #8]
 714:Drivers/STM32H7xx_HAL_Driver/Src/stm32h7xx_ll_sdmmc.c ****   sdmmc_cmdinit.WaitForInterrupt = SDMMC_WAIT_NO;
 1547              		.loc 1 714 3 is_stmt 1 view .LVU458
 714:Drivers/STM32H7xx_HAL_Driver/Src/stm32h7xx_ll_sdmmc.c ****   sdmmc_cmdinit.WaitForInterrupt = SDMMC_WAIT_NO;
 1548              		.loc 1 714 34 is_stmt 0 view .LVU459
 1549 000c 4FF48073 		mov	r3, #256
 1550 0010 0393     		str	r3, [sp, #12]
 715:Drivers/STM32H7xx_HAL_Driver/Src/stm32h7xx_ll_sdmmc.c ****   sdmmc_cmdinit.CPSM             = SDMMC_CPSM_ENABLE;
 1551              		.loc 1 715 3 is_stmt 1 view .LVU460
 715:Drivers/STM32H7xx_HAL_Driver/Src/stm32h7xx_ll_sdmmc.c ****   sdmmc_cmdinit.CPSM             = SDMMC_CPSM_ENABLE;
 1552              		.loc 1 715 34 is_stmt 0 view .LVU461
 1553 0012 0023     		movs	r3, #0
 1554 0014 0493     		str	r3, [sp, #16]
 716:Drivers/STM32H7xx_HAL_Driver/Src/stm32h7xx_ll_sdmmc.c ****   (void)SDMMC_SendCommand(SDMMCx, &sdmmc_cmdinit);
 1555              		.loc 1 716 3 is_stmt 1 view .LVU462
 716:Drivers/STM32H7xx_HAL_Driver/Src/stm32h7xx_ll_sdmmc.c ****   (void)SDMMC_SendCommand(SDMMCx, &sdmmc_cmdinit);
 1556              		.loc 1 716 34 is_stmt 0 view .LVU463
 1557 0016 4FF48053 		mov	r3, #4096
 1558 001a 0593     		str	r3, [sp, #20]
 717:Drivers/STM32H7xx_HAL_Driver/Src/stm32h7xx_ll_sdmmc.c **** 
 1559              		.loc 1 717 3 is_stmt 1 view .LVU464
 717:Drivers/STM32H7xx_HAL_Driver/Src/stm32h7xx_ll_sdmmc.c **** 
 1560              		.loc 1 717 9 is_stmt 0 view .LVU465
 1561 001c 01A9     		add	r1, sp, #4
ARM GAS  C:\Users\Made\AppData\Local\Temp\ccTdy2Vr.s 			page 68


 1562              	.LVL99:
 717:Drivers/STM32H7xx_HAL_Driver/Src/stm32h7xx_ll_sdmmc.c **** 
 1563              		.loc 1 717 9 view .LVU466
 1564 001e FFF7FEFF 		bl	SDMMC_SendCommand
 1565              	.LVL100:
 720:Drivers/STM32H7xx_HAL_Driver/Src/stm32h7xx_ll_sdmmc.c **** 
 1566              		.loc 1 720 3 is_stmt 1 view .LVU467
 720:Drivers/STM32H7xx_HAL_Driver/Src/stm32h7xx_ll_sdmmc.c **** 
 1567              		.loc 1 720 16 is_stmt 0 view .LVU468
 1568 0022 41F28832 		movw	r2, #5000
 1569 0026 2946     		mov	r1, r5
 1570 0028 2046     		mov	r0, r4
 1571 002a FFF7FEFF 		bl	SDMMC_GetCmdResp1
 1572              	.LVL101:
 722:Drivers/STM32H7xx_HAL_Driver/Src/stm32h7xx_ll_sdmmc.c **** }
 1573              		.loc 1 722 3 is_stmt 1 view .LVU469
 723:Drivers/STM32H7xx_HAL_Driver/Src/stm32h7xx_ll_sdmmc.c **** 
 1574              		.loc 1 723 1 is_stmt 0 view .LVU470
 1575 002e 07B0     		add	sp, sp, #28
 1576              	.LCFI32:
 1577              		.cfi_def_cfa_offset 12
 1578              		@ sp needed
 1579 0030 30BD     		pop	{r4, r5, pc}
 723:Drivers/STM32H7xx_HAL_Driver/Src/stm32h7xx_ll_sdmmc.c **** 
 1580              		.loc 1 723 1 view .LVU471
 1581              		.cfi_endproc
 1582              	.LFE357:
 1584              		.section	.text.SDMMC_CmdEraseEndAdd,"ax",%progbits
 1585              		.align	1
 1586              		.global	SDMMC_CmdEraseEndAdd
 1587              		.syntax unified
 1588              		.thumb
 1589              		.thumb_func
 1591              	SDMMC_CmdEraseEndAdd:
 1592              	.LVL102:
 1593              	.LFB358:
 731:Drivers/STM32H7xx_HAL_Driver/Src/stm32h7xx_ll_sdmmc.c ****   SDMMC_CmdInitTypeDef  sdmmc_cmdinit;
 1594              		.loc 1 731 1 is_stmt 1 view -0
 1595              		.cfi_startproc
 1596              		@ args = 0, pretend = 0, frame = 24
 1597              		@ frame_needed = 0, uses_anonymous_args = 0
 731:Drivers/STM32H7xx_HAL_Driver/Src/stm32h7xx_ll_sdmmc.c ****   SDMMC_CmdInitTypeDef  sdmmc_cmdinit;
 1598              		.loc 1 731 1 is_stmt 0 view .LVU473
 1599 0000 30B5     		push	{r4, r5, lr}
 1600              	.LCFI33:
 1601              		.cfi_def_cfa_offset 12
 1602              		.cfi_offset 4, -12
 1603              		.cfi_offset 5, -8
 1604              		.cfi_offset 14, -4
 1605 0002 87B0     		sub	sp, sp, #28
 1606              	.LCFI34:
 1607              		.cfi_def_cfa_offset 40
 1608 0004 0446     		mov	r4, r0
 732:Drivers/STM32H7xx_HAL_Driver/Src/stm32h7xx_ll_sdmmc.c ****   uint32_t errorstate;
 1609              		.loc 1 732 3 is_stmt 1 view .LVU474
 733:Drivers/STM32H7xx_HAL_Driver/Src/stm32h7xx_ll_sdmmc.c **** 
 1610              		.loc 1 733 3 view .LVU475
ARM GAS  C:\Users\Made\AppData\Local\Temp\ccTdy2Vr.s 			page 69


 736:Drivers/STM32H7xx_HAL_Driver/Src/stm32h7xx_ll_sdmmc.c ****   sdmmc_cmdinit.CmdIndex         = SDMMC_CMD_ERASE_GRP_END;
 1611              		.loc 1 736 3 view .LVU476
 736:Drivers/STM32H7xx_HAL_Driver/Src/stm32h7xx_ll_sdmmc.c ****   sdmmc_cmdinit.CmdIndex         = SDMMC_CMD_ERASE_GRP_END;
 1612              		.loc 1 736 34 is_stmt 0 view .LVU477
 1613 0006 0191     		str	r1, [sp, #4]
 737:Drivers/STM32H7xx_HAL_Driver/Src/stm32h7xx_ll_sdmmc.c ****   sdmmc_cmdinit.Response         = SDMMC_RESPONSE_SHORT;
 1614              		.loc 1 737 3 is_stmt 1 view .LVU478
 737:Drivers/STM32H7xx_HAL_Driver/Src/stm32h7xx_ll_sdmmc.c ****   sdmmc_cmdinit.Response         = SDMMC_RESPONSE_SHORT;
 1615              		.loc 1 737 34 is_stmt 0 view .LVU479
 1616 0008 2425     		movs	r5, #36
 1617 000a 0295     		str	r5, [sp, #8]
 738:Drivers/STM32H7xx_HAL_Driver/Src/stm32h7xx_ll_sdmmc.c ****   sdmmc_cmdinit.WaitForInterrupt = SDMMC_WAIT_NO;
 1618              		.loc 1 738 3 is_stmt 1 view .LVU480
 738:Drivers/STM32H7xx_HAL_Driver/Src/stm32h7xx_ll_sdmmc.c ****   sdmmc_cmdinit.WaitForInterrupt = SDMMC_WAIT_NO;
 1619              		.loc 1 738 34 is_stmt 0 view .LVU481
 1620 000c 4FF48073 		mov	r3, #256
 1621 0010 0393     		str	r3, [sp, #12]
 739:Drivers/STM32H7xx_HAL_Driver/Src/stm32h7xx_ll_sdmmc.c ****   sdmmc_cmdinit.CPSM             = SDMMC_CPSM_ENABLE;
 1622              		.loc 1 739 3 is_stmt 1 view .LVU482
 739:Drivers/STM32H7xx_HAL_Driver/Src/stm32h7xx_ll_sdmmc.c ****   sdmmc_cmdinit.CPSM             = SDMMC_CPSM_ENABLE;
 1623              		.loc 1 739 34 is_stmt 0 view .LVU483
 1624 0012 0023     		movs	r3, #0
 1625 0014 0493     		str	r3, [sp, #16]
 740:Drivers/STM32H7xx_HAL_Driver/Src/stm32h7xx_ll_sdmmc.c ****   (void)SDMMC_SendCommand(SDMMCx, &sdmmc_cmdinit);
 1626              		.loc 1 740 3 is_stmt 1 view .LVU484
 740:Drivers/STM32H7xx_HAL_Driver/Src/stm32h7xx_ll_sdmmc.c ****   (void)SDMMC_SendCommand(SDMMCx, &sdmmc_cmdinit);
 1627              		.loc 1 740 34 is_stmt 0 view .LVU485
 1628 0016 4FF48053 		mov	r3, #4096
 1629 001a 0593     		str	r3, [sp, #20]
 741:Drivers/STM32H7xx_HAL_Driver/Src/stm32h7xx_ll_sdmmc.c **** 
 1630              		.loc 1 741 3 is_stmt 1 view .LVU486
 741:Drivers/STM32H7xx_HAL_Driver/Src/stm32h7xx_ll_sdmmc.c **** 
 1631              		.loc 1 741 9 is_stmt 0 view .LVU487
 1632 001c 01A9     		add	r1, sp, #4
 1633              	.LVL103:
 741:Drivers/STM32H7xx_HAL_Driver/Src/stm32h7xx_ll_sdmmc.c **** 
 1634              		.loc 1 741 9 view .LVU488
 1635 001e FFF7FEFF 		bl	SDMMC_SendCommand
 1636              	.LVL104:
 744:Drivers/STM32H7xx_HAL_Driver/Src/stm32h7xx_ll_sdmmc.c **** 
 1637              		.loc 1 744 3 is_stmt 1 view .LVU489
 744:Drivers/STM32H7xx_HAL_Driver/Src/stm32h7xx_ll_sdmmc.c **** 
 1638              		.loc 1 744 16 is_stmt 0 view .LVU490
 1639 0022 41F28832 		movw	r2, #5000
 1640 0026 2946     		mov	r1, r5
 1641 0028 2046     		mov	r0, r4
 1642 002a FFF7FEFF 		bl	SDMMC_GetCmdResp1
 1643              	.LVL105:
 746:Drivers/STM32H7xx_HAL_Driver/Src/stm32h7xx_ll_sdmmc.c **** }
 1644              		.loc 1 746 3 is_stmt 1 view .LVU491
 747:Drivers/STM32H7xx_HAL_Driver/Src/stm32h7xx_ll_sdmmc.c **** 
 1645              		.loc 1 747 1 is_stmt 0 view .LVU492
 1646 002e 07B0     		add	sp, sp, #28
 1647              	.LCFI35:
 1648              		.cfi_def_cfa_offset 12
 1649              		@ sp needed
 1650 0030 30BD     		pop	{r4, r5, pc}
ARM GAS  C:\Users\Made\AppData\Local\Temp\ccTdy2Vr.s 			page 70


 747:Drivers/STM32H7xx_HAL_Driver/Src/stm32h7xx_ll_sdmmc.c **** 
 1651              		.loc 1 747 1 view .LVU493
 1652              		.cfi_endproc
 1653              	.LFE358:
 1655              		.section	.text.SDMMC_CmdErase,"ax",%progbits
 1656              		.align	1
 1657              		.global	SDMMC_CmdErase
 1658              		.syntax unified
 1659              		.thumb
 1660              		.thumb_func
 1662              	SDMMC_CmdErase:
 1663              	.LVL106:
 1664              	.LFB359:
 756:Drivers/STM32H7xx_HAL_Driver/Src/stm32h7xx_ll_sdmmc.c ****   SDMMC_CmdInitTypeDef  sdmmc_cmdinit;
 1665              		.loc 1 756 1 is_stmt 1 view -0
 1666              		.cfi_startproc
 1667              		@ args = 0, pretend = 0, frame = 24
 1668              		@ frame_needed = 0, uses_anonymous_args = 0
 756:Drivers/STM32H7xx_HAL_Driver/Src/stm32h7xx_ll_sdmmc.c ****   SDMMC_CmdInitTypeDef  sdmmc_cmdinit;
 1669              		.loc 1 756 1 is_stmt 0 view .LVU495
 1670 0000 30B5     		push	{r4, r5, lr}
 1671              	.LCFI36:
 1672              		.cfi_def_cfa_offset 12
 1673              		.cfi_offset 4, -12
 1674              		.cfi_offset 5, -8
 1675              		.cfi_offset 14, -4
 1676 0002 87B0     		sub	sp, sp, #28
 1677              	.LCFI37:
 1678              		.cfi_def_cfa_offset 40
 1679 0004 0446     		mov	r4, r0
 757:Drivers/STM32H7xx_HAL_Driver/Src/stm32h7xx_ll_sdmmc.c ****   uint32_t errorstate;
 1680              		.loc 1 757 3 is_stmt 1 view .LVU496
 758:Drivers/STM32H7xx_HAL_Driver/Src/stm32h7xx_ll_sdmmc.c **** 
 1681              		.loc 1 758 3 view .LVU497
 761:Drivers/STM32H7xx_HAL_Driver/Src/stm32h7xx_ll_sdmmc.c ****   sdmmc_cmdinit.CmdIndex         = SDMMC_CMD_ERASE;
 1682              		.loc 1 761 3 view .LVU498
 761:Drivers/STM32H7xx_HAL_Driver/Src/stm32h7xx_ll_sdmmc.c ****   sdmmc_cmdinit.CmdIndex         = SDMMC_CMD_ERASE;
 1683              		.loc 1 761 34 is_stmt 0 view .LVU499
 1684 0006 0191     		str	r1, [sp, #4]
 762:Drivers/STM32H7xx_HAL_Driver/Src/stm32h7xx_ll_sdmmc.c ****   sdmmc_cmdinit.Response         = SDMMC_RESPONSE_SHORT;
 1685              		.loc 1 762 3 is_stmt 1 view .LVU500
 762:Drivers/STM32H7xx_HAL_Driver/Src/stm32h7xx_ll_sdmmc.c ****   sdmmc_cmdinit.Response         = SDMMC_RESPONSE_SHORT;
 1686              		.loc 1 762 34 is_stmt 0 view .LVU501
 1687 0008 2625     		movs	r5, #38
 1688 000a 0295     		str	r5, [sp, #8]
 763:Drivers/STM32H7xx_HAL_Driver/Src/stm32h7xx_ll_sdmmc.c ****   sdmmc_cmdinit.WaitForInterrupt = SDMMC_WAIT_NO;
 1689              		.loc 1 763 3 is_stmt 1 view .LVU502
 763:Drivers/STM32H7xx_HAL_Driver/Src/stm32h7xx_ll_sdmmc.c ****   sdmmc_cmdinit.WaitForInterrupt = SDMMC_WAIT_NO;
 1690              		.loc 1 763 34 is_stmt 0 view .LVU503
 1691 000c 4FF48073 		mov	r3, #256
 1692 0010 0393     		str	r3, [sp, #12]
 764:Drivers/STM32H7xx_HAL_Driver/Src/stm32h7xx_ll_sdmmc.c ****   sdmmc_cmdinit.CPSM             = SDMMC_CPSM_ENABLE;
 1693              		.loc 1 764 3 is_stmt 1 view .LVU504
 764:Drivers/STM32H7xx_HAL_Driver/Src/stm32h7xx_ll_sdmmc.c ****   sdmmc_cmdinit.CPSM             = SDMMC_CPSM_ENABLE;
 1694              		.loc 1 764 34 is_stmt 0 view .LVU505
 1695 0012 0023     		movs	r3, #0
 1696 0014 0493     		str	r3, [sp, #16]
ARM GAS  C:\Users\Made\AppData\Local\Temp\ccTdy2Vr.s 			page 71


 765:Drivers/STM32H7xx_HAL_Driver/Src/stm32h7xx_ll_sdmmc.c ****   (void)SDMMC_SendCommand(SDMMCx, &sdmmc_cmdinit);
 1697              		.loc 1 765 3 is_stmt 1 view .LVU506
 765:Drivers/STM32H7xx_HAL_Driver/Src/stm32h7xx_ll_sdmmc.c ****   (void)SDMMC_SendCommand(SDMMCx, &sdmmc_cmdinit);
 1698              		.loc 1 765 34 is_stmt 0 view .LVU507
 1699 0016 4FF48053 		mov	r3, #4096
 1700 001a 0593     		str	r3, [sp, #20]
 766:Drivers/STM32H7xx_HAL_Driver/Src/stm32h7xx_ll_sdmmc.c **** 
 1701              		.loc 1 766 3 is_stmt 1 view .LVU508
 766:Drivers/STM32H7xx_HAL_Driver/Src/stm32h7xx_ll_sdmmc.c **** 
 1702              		.loc 1 766 9 is_stmt 0 view .LVU509
 1703 001c 01A9     		add	r1, sp, #4
 1704              	.LVL107:
 766:Drivers/STM32H7xx_HAL_Driver/Src/stm32h7xx_ll_sdmmc.c **** 
 1705              		.loc 1 766 9 view .LVU510
 1706 001e FFF7FEFF 		bl	SDMMC_SendCommand
 1707              	.LVL108:
 769:Drivers/STM32H7xx_HAL_Driver/Src/stm32h7xx_ll_sdmmc.c **** 
 1708              		.loc 1 769 3 is_stmt 1 view .LVU511
 769:Drivers/STM32H7xx_HAL_Driver/Src/stm32h7xx_ll_sdmmc.c **** 
 1709              		.loc 1 769 16 is_stmt 0 view .LVU512
 1710 0022 4FF21862 		movw	r2, #63000
 1711 0026 2946     		mov	r1, r5
 1712 0028 2046     		mov	r0, r4
 1713 002a FFF7FEFF 		bl	SDMMC_GetCmdResp1
 1714              	.LVL109:
 771:Drivers/STM32H7xx_HAL_Driver/Src/stm32h7xx_ll_sdmmc.c **** }
 1715              		.loc 1 771 3 is_stmt 1 view .LVU513
 772:Drivers/STM32H7xx_HAL_Driver/Src/stm32h7xx_ll_sdmmc.c **** 
 1716              		.loc 1 772 1 is_stmt 0 view .LVU514
 1717 002e 07B0     		add	sp, sp, #28
 1718              	.LCFI38:
 1719              		.cfi_def_cfa_offset 12
 1720              		@ sp needed
 1721 0030 30BD     		pop	{r4, r5, pc}
 772:Drivers/STM32H7xx_HAL_Driver/Src/stm32h7xx_ll_sdmmc.c **** 
 1722              		.loc 1 772 1 view .LVU515
 1723              		.cfi_endproc
 1724              	.LFE359:
 1726              		.section	.text.SDMMC_CmdStopTransfer,"ax",%progbits
 1727              		.align	1
 1728              		.global	SDMMC_CmdStopTransfer
 1729              		.syntax unified
 1730              		.thumb
 1731              		.thumb_func
 1733              	SDMMC_CmdStopTransfer:
 1734              	.LVL110:
 1735              	.LFB360:
 780:Drivers/STM32H7xx_HAL_Driver/Src/stm32h7xx_ll_sdmmc.c ****   SDMMC_CmdInitTypeDef  sdmmc_cmdinit;
 1736              		.loc 1 780 1 is_stmt 1 view -0
 1737              		.cfi_startproc
 1738              		@ args = 0, pretend = 0, frame = 24
 1739              		@ frame_needed = 0, uses_anonymous_args = 0
 780:Drivers/STM32H7xx_HAL_Driver/Src/stm32h7xx_ll_sdmmc.c ****   SDMMC_CmdInitTypeDef  sdmmc_cmdinit;
 1740              		.loc 1 780 1 is_stmt 0 view .LVU517
 1741 0000 30B5     		push	{r4, r5, lr}
 1742              	.LCFI39:
 1743              		.cfi_def_cfa_offset 12
ARM GAS  C:\Users\Made\AppData\Local\Temp\ccTdy2Vr.s 			page 72


 1744              		.cfi_offset 4, -12
 1745              		.cfi_offset 5, -8
 1746              		.cfi_offset 14, -4
 1747 0002 87B0     		sub	sp, sp, #28
 1748              	.LCFI40:
 1749              		.cfi_def_cfa_offset 40
 1750 0004 0446     		mov	r4, r0
 781:Drivers/STM32H7xx_HAL_Driver/Src/stm32h7xx_ll_sdmmc.c ****   uint32_t errorstate;
 1751              		.loc 1 781 3 is_stmt 1 view .LVU518
 782:Drivers/STM32H7xx_HAL_Driver/Src/stm32h7xx_ll_sdmmc.c **** 
 1752              		.loc 1 782 3 view .LVU519
 785:Drivers/STM32H7xx_HAL_Driver/Src/stm32h7xx_ll_sdmmc.c ****   sdmmc_cmdinit.CmdIndex         = SDMMC_CMD_STOP_TRANSMISSION;
 1753              		.loc 1 785 3 view .LVU520
 785:Drivers/STM32H7xx_HAL_Driver/Src/stm32h7xx_ll_sdmmc.c ****   sdmmc_cmdinit.CmdIndex         = SDMMC_CMD_STOP_TRANSMISSION;
 1754              		.loc 1 785 34 is_stmt 0 view .LVU521
 1755 0006 0023     		movs	r3, #0
 1756 0008 0193     		str	r3, [sp, #4]
 786:Drivers/STM32H7xx_HAL_Driver/Src/stm32h7xx_ll_sdmmc.c ****   sdmmc_cmdinit.Response         = SDMMC_RESPONSE_SHORT;
 1757              		.loc 1 786 3 is_stmt 1 view .LVU522
 786:Drivers/STM32H7xx_HAL_Driver/Src/stm32h7xx_ll_sdmmc.c ****   sdmmc_cmdinit.Response         = SDMMC_RESPONSE_SHORT;
 1758              		.loc 1 786 34 is_stmt 0 view .LVU523
 1759 000a 0C25     		movs	r5, #12
 1760 000c 0295     		str	r5, [sp, #8]
 787:Drivers/STM32H7xx_HAL_Driver/Src/stm32h7xx_ll_sdmmc.c ****   sdmmc_cmdinit.WaitForInterrupt = SDMMC_WAIT_NO;
 1761              		.loc 1 787 3 is_stmt 1 view .LVU524
 787:Drivers/STM32H7xx_HAL_Driver/Src/stm32h7xx_ll_sdmmc.c ****   sdmmc_cmdinit.WaitForInterrupt = SDMMC_WAIT_NO;
 1762              		.loc 1 787 34 is_stmt 0 view .LVU525
 1763 000e 4FF48072 		mov	r2, #256
 1764 0012 0392     		str	r2, [sp, #12]
 788:Drivers/STM32H7xx_HAL_Driver/Src/stm32h7xx_ll_sdmmc.c ****   sdmmc_cmdinit.CPSM             = SDMMC_CPSM_ENABLE;
 1765              		.loc 1 788 3 is_stmt 1 view .LVU526
 788:Drivers/STM32H7xx_HAL_Driver/Src/stm32h7xx_ll_sdmmc.c ****   sdmmc_cmdinit.CPSM             = SDMMC_CPSM_ENABLE;
 1766              		.loc 1 788 34 is_stmt 0 view .LVU527
 1767 0014 0493     		str	r3, [sp, #16]
 789:Drivers/STM32H7xx_HAL_Driver/Src/stm32h7xx_ll_sdmmc.c **** 
 1768              		.loc 1 789 3 is_stmt 1 view .LVU528
 789:Drivers/STM32H7xx_HAL_Driver/Src/stm32h7xx_ll_sdmmc.c **** 
 1769              		.loc 1 789 34 is_stmt 0 view .LVU529
 1770 0016 4FF48053 		mov	r3, #4096
 1771 001a 0593     		str	r3, [sp, #20]
 791:Drivers/STM32H7xx_HAL_Driver/Src/stm32h7xx_ll_sdmmc.c ****   __SDMMC_CMDTRANS_DISABLE(SDMMCx);
 1772              		.loc 1 791 3 is_stmt 1 view .LVU530
 1773 001c C368     		ldr	r3, [r0, #12]
 1774 001e 43F08003 		orr	r3, r3, #128
 1775 0022 C360     		str	r3, [r0, #12]
 792:Drivers/STM32H7xx_HAL_Driver/Src/stm32h7xx_ll_sdmmc.c **** 
 1776              		.loc 1 792 3 view .LVU531
 1777 0024 C368     		ldr	r3, [r0, #12]
 1778 0026 23F04003 		bic	r3, r3, #64
 1779 002a C360     		str	r3, [r0, #12]
 794:Drivers/STM32H7xx_HAL_Driver/Src/stm32h7xx_ll_sdmmc.c **** 
 1780              		.loc 1 794 3 view .LVU532
 794:Drivers/STM32H7xx_HAL_Driver/Src/stm32h7xx_ll_sdmmc.c **** 
 1781              		.loc 1 794 9 is_stmt 0 view .LVU533
 1782 002c 01A9     		add	r1, sp, #4
 1783 002e FFF7FEFF 		bl	SDMMC_SendCommand
 1784              	.LVL111:
ARM GAS  C:\Users\Made\AppData\Local\Temp\ccTdy2Vr.s 			page 73


 797:Drivers/STM32H7xx_HAL_Driver/Src/stm32h7xx_ll_sdmmc.c **** 
 1785              		.loc 1 797 3 is_stmt 1 view .LVU534
 797:Drivers/STM32H7xx_HAL_Driver/Src/stm32h7xx_ll_sdmmc.c **** 
 1786              		.loc 1 797 16 is_stmt 0 view .LVU535
 1787 0032 084A     		ldr	r2, .L85
 1788 0034 2946     		mov	r1, r5
 1789 0036 2046     		mov	r0, r4
 1790 0038 FFF7FEFF 		bl	SDMMC_GetCmdResp1
 1791              	.LVL112:
 799:Drivers/STM32H7xx_HAL_Driver/Src/stm32h7xx_ll_sdmmc.c **** 
 1792              		.loc 1 799 3 is_stmt 1 view .LVU536
 1793 003c E368     		ldr	r3, [r4, #12]
 1794 003e 23F08003 		bic	r3, r3, #128
 1795 0042 E360     		str	r3, [r4, #12]
 802:Drivers/STM32H7xx_HAL_Driver/Src/stm32h7xx_ll_sdmmc.c ****   {
 1796              		.loc 1 802 3 view .LVU537
 802:Drivers/STM32H7xx_HAL_Driver/Src/stm32h7xx_ll_sdmmc.c ****   {
 1797              		.loc 1 802 6 is_stmt 0 view .LVU538
 1798 0044 B0F1007F 		cmp	r0, #33554432
 1799 0048 01D0     		beq	.L84
 1800              	.LVL113:
 1801              	.L80:
 808:Drivers/STM32H7xx_HAL_Driver/Src/stm32h7xx_ll_sdmmc.c **** 
 1802              		.loc 1 808 1 view .LVU539
 1803 004a 07B0     		add	sp, sp, #28
 1804              	.LCFI41:
 1805              		.cfi_remember_state
 1806              		.cfi_def_cfa_offset 12
 1807              		@ sp needed
 1808 004c 30BD     		pop	{r4, r5, pc}
 1809              	.LVL114:
 1810              	.L84:
 1811              	.LCFI42:
 1812              		.cfi_restore_state
 804:Drivers/STM32H7xx_HAL_Driver/Src/stm32h7xx_ll_sdmmc.c ****   }
 1813              		.loc 1 804 16 view .LVU540
 1814 004e 0020     		movs	r0, #0
 1815              	.LVL115:
 807:Drivers/STM32H7xx_HAL_Driver/Src/stm32h7xx_ll_sdmmc.c **** }
 1816              		.loc 1 807 3 is_stmt 1 view .LVU541
 807:Drivers/STM32H7xx_HAL_Driver/Src/stm32h7xx_ll_sdmmc.c **** }
 1817              		.loc 1 807 10 is_stmt 0 view .LVU542
 1818 0050 FBE7     		b	.L80
 1819              	.L86:
 1820 0052 00BF     		.align	2
 1821              	.L85:
 1822 0054 00E1F505 		.word	100000000
 1823              		.cfi_endproc
 1824              	.LFE360:
 1826              		.section	.text.SDMMC_CmdSelDesel,"ax",%progbits
 1827              		.align	1
 1828              		.global	SDMMC_CmdSelDesel
 1829              		.syntax unified
 1830              		.thumb
 1831              		.thumb_func
 1833              	SDMMC_CmdSelDesel:
 1834              	.LVL116:
ARM GAS  C:\Users\Made\AppData\Local\Temp\ccTdy2Vr.s 			page 74


 1835              	.LFB361:
 817:Drivers/STM32H7xx_HAL_Driver/Src/stm32h7xx_ll_sdmmc.c ****   SDMMC_CmdInitTypeDef  sdmmc_cmdinit;
 1836              		.loc 1 817 1 is_stmt 1 view -0
 1837              		.cfi_startproc
 1838              		@ args = 0, pretend = 0, frame = 24
 1839              		@ frame_needed = 0, uses_anonymous_args = 0
 817:Drivers/STM32H7xx_HAL_Driver/Src/stm32h7xx_ll_sdmmc.c ****   SDMMC_CmdInitTypeDef  sdmmc_cmdinit;
 1840              		.loc 1 817 1 is_stmt 0 view .LVU544
 1841 0000 30B5     		push	{r4, r5, lr}
 1842              	.LCFI43:
 1843              		.cfi_def_cfa_offset 12
 1844              		.cfi_offset 4, -12
 1845              		.cfi_offset 5, -8
 1846              		.cfi_offset 14, -4
 1847 0002 87B0     		sub	sp, sp, #28
 1848              	.LCFI44:
 1849              		.cfi_def_cfa_offset 40
 1850 0004 0446     		mov	r4, r0
 818:Drivers/STM32H7xx_HAL_Driver/Src/stm32h7xx_ll_sdmmc.c ****   uint32_t errorstate;
 1851              		.loc 1 818 3 is_stmt 1 view .LVU545
 819:Drivers/STM32H7xx_HAL_Driver/Src/stm32h7xx_ll_sdmmc.c **** 
 1852              		.loc 1 819 3 view .LVU546
 822:Drivers/STM32H7xx_HAL_Driver/Src/stm32h7xx_ll_sdmmc.c ****   sdmmc_cmdinit.CmdIndex         = SDMMC_CMD_SEL_DESEL_CARD;
 1853              		.loc 1 822 3 view .LVU547
 822:Drivers/STM32H7xx_HAL_Driver/Src/stm32h7xx_ll_sdmmc.c ****   sdmmc_cmdinit.CmdIndex         = SDMMC_CMD_SEL_DESEL_CARD;
 1854              		.loc 1 822 34 is_stmt 0 view .LVU548
 1855 0006 0191     		str	r1, [sp, #4]
 823:Drivers/STM32H7xx_HAL_Driver/Src/stm32h7xx_ll_sdmmc.c ****   sdmmc_cmdinit.Response         = SDMMC_RESPONSE_SHORT;
 1856              		.loc 1 823 3 is_stmt 1 view .LVU549
 823:Drivers/STM32H7xx_HAL_Driver/Src/stm32h7xx_ll_sdmmc.c ****   sdmmc_cmdinit.Response         = SDMMC_RESPONSE_SHORT;
 1857              		.loc 1 823 34 is_stmt 0 view .LVU550
 1858 0008 0725     		movs	r5, #7
 1859 000a 0295     		str	r5, [sp, #8]
 824:Drivers/STM32H7xx_HAL_Driver/Src/stm32h7xx_ll_sdmmc.c ****   sdmmc_cmdinit.WaitForInterrupt = SDMMC_WAIT_NO;
 1860              		.loc 1 824 3 is_stmt 1 view .LVU551
 824:Drivers/STM32H7xx_HAL_Driver/Src/stm32h7xx_ll_sdmmc.c ****   sdmmc_cmdinit.WaitForInterrupt = SDMMC_WAIT_NO;
 1861              		.loc 1 824 34 is_stmt 0 view .LVU552
 1862 000c 4FF48073 		mov	r3, #256
 1863 0010 0393     		str	r3, [sp, #12]
 825:Drivers/STM32H7xx_HAL_Driver/Src/stm32h7xx_ll_sdmmc.c ****   sdmmc_cmdinit.CPSM             = SDMMC_CPSM_ENABLE;
 1864              		.loc 1 825 3 is_stmt 1 view .LVU553
 825:Drivers/STM32H7xx_HAL_Driver/Src/stm32h7xx_ll_sdmmc.c ****   sdmmc_cmdinit.CPSM             = SDMMC_CPSM_ENABLE;
 1865              		.loc 1 825 34 is_stmt 0 view .LVU554
 1866 0012 0023     		movs	r3, #0
 1867 0014 0493     		str	r3, [sp, #16]
 826:Drivers/STM32H7xx_HAL_Driver/Src/stm32h7xx_ll_sdmmc.c ****   (void)SDMMC_SendCommand(SDMMCx, &sdmmc_cmdinit);
 1868              		.loc 1 826 3 is_stmt 1 view .LVU555
 826:Drivers/STM32H7xx_HAL_Driver/Src/stm32h7xx_ll_sdmmc.c ****   (void)SDMMC_SendCommand(SDMMCx, &sdmmc_cmdinit);
 1869              		.loc 1 826 34 is_stmt 0 view .LVU556
 1870 0016 4FF48053 		mov	r3, #4096
 1871 001a 0593     		str	r3, [sp, #20]
 827:Drivers/STM32H7xx_HAL_Driver/Src/stm32h7xx_ll_sdmmc.c **** 
 1872              		.loc 1 827 3 is_stmt 1 view .LVU557
 827:Drivers/STM32H7xx_HAL_Driver/Src/stm32h7xx_ll_sdmmc.c **** 
 1873              		.loc 1 827 9 is_stmt 0 view .LVU558
 1874 001c 01A9     		add	r1, sp, #4
 1875              	.LVL117:
ARM GAS  C:\Users\Made\AppData\Local\Temp\ccTdy2Vr.s 			page 75


 827:Drivers/STM32H7xx_HAL_Driver/Src/stm32h7xx_ll_sdmmc.c **** 
 1876              		.loc 1 827 9 view .LVU559
 1877 001e FFF7FEFF 		bl	SDMMC_SendCommand
 1878              	.LVL118:
 830:Drivers/STM32H7xx_HAL_Driver/Src/stm32h7xx_ll_sdmmc.c **** 
 1879              		.loc 1 830 3 is_stmt 1 view .LVU560
 830:Drivers/STM32H7xx_HAL_Driver/Src/stm32h7xx_ll_sdmmc.c **** 
 1880              		.loc 1 830 16 is_stmt 0 view .LVU561
 1881 0022 41F28832 		movw	r2, #5000
 1882 0026 2946     		mov	r1, r5
 1883 0028 2046     		mov	r0, r4
 1884 002a FFF7FEFF 		bl	SDMMC_GetCmdResp1
 1885              	.LVL119:
 832:Drivers/STM32H7xx_HAL_Driver/Src/stm32h7xx_ll_sdmmc.c **** }
 1886              		.loc 1 832 3 is_stmt 1 view .LVU562
 833:Drivers/STM32H7xx_HAL_Driver/Src/stm32h7xx_ll_sdmmc.c **** 
 1887              		.loc 1 833 1 is_stmt 0 view .LVU563
 1888 002e 07B0     		add	sp, sp, #28
 1889              	.LCFI45:
 1890              		.cfi_def_cfa_offset 12
 1891              		@ sp needed
 1892 0030 30BD     		pop	{r4, r5, pc}
 833:Drivers/STM32H7xx_HAL_Driver/Src/stm32h7xx_ll_sdmmc.c **** 
 1893              		.loc 1 833 1 view .LVU564
 1894              		.cfi_endproc
 1895              	.LFE361:
 1897              		.section	.text.SDMMC_CmdAppCommand,"ax",%progbits
 1898              		.align	1
 1899              		.global	SDMMC_CmdAppCommand
 1900              		.syntax unified
 1901              		.thumb
 1902              		.thumb_func
 1904              	SDMMC_CmdAppCommand:
 1905              	.LVL120:
 1906              	.LFB364:
 895:Drivers/STM32H7xx_HAL_Driver/Src/stm32h7xx_ll_sdmmc.c ****   SDMMC_CmdInitTypeDef  sdmmc_cmdinit;
 1907              		.loc 1 895 1 is_stmt 1 view -0
 1908              		.cfi_startproc
 1909              		@ args = 0, pretend = 0, frame = 24
 1910              		@ frame_needed = 0, uses_anonymous_args = 0
 895:Drivers/STM32H7xx_HAL_Driver/Src/stm32h7xx_ll_sdmmc.c ****   SDMMC_CmdInitTypeDef  sdmmc_cmdinit;
 1911              		.loc 1 895 1 is_stmt 0 view .LVU566
 1912 0000 30B5     		push	{r4, r5, lr}
 1913              	.LCFI46:
 1914              		.cfi_def_cfa_offset 12
 1915              		.cfi_offset 4, -12
 1916              		.cfi_offset 5, -8
 1917              		.cfi_offset 14, -4
 1918 0002 87B0     		sub	sp, sp, #28
 1919              	.LCFI47:
 1920              		.cfi_def_cfa_offset 40
 1921 0004 0446     		mov	r4, r0
 896:Drivers/STM32H7xx_HAL_Driver/Src/stm32h7xx_ll_sdmmc.c ****   uint32_t errorstate;
 1922              		.loc 1 896 3 is_stmt 1 view .LVU567
 897:Drivers/STM32H7xx_HAL_Driver/Src/stm32h7xx_ll_sdmmc.c **** 
 1923              		.loc 1 897 3 view .LVU568
 899:Drivers/STM32H7xx_HAL_Driver/Src/stm32h7xx_ll_sdmmc.c ****   sdmmc_cmdinit.CmdIndex         = SDMMC_CMD_APP_CMD;
ARM GAS  C:\Users\Made\AppData\Local\Temp\ccTdy2Vr.s 			page 76


 1924              		.loc 1 899 3 view .LVU569
 899:Drivers/STM32H7xx_HAL_Driver/Src/stm32h7xx_ll_sdmmc.c ****   sdmmc_cmdinit.CmdIndex         = SDMMC_CMD_APP_CMD;
 1925              		.loc 1 899 34 is_stmt 0 view .LVU570
 1926 0006 0191     		str	r1, [sp, #4]
 900:Drivers/STM32H7xx_HAL_Driver/Src/stm32h7xx_ll_sdmmc.c ****   sdmmc_cmdinit.Response         = SDMMC_RESPONSE_SHORT;
 1927              		.loc 1 900 3 is_stmt 1 view .LVU571
 900:Drivers/STM32H7xx_HAL_Driver/Src/stm32h7xx_ll_sdmmc.c ****   sdmmc_cmdinit.Response         = SDMMC_RESPONSE_SHORT;
 1928              		.loc 1 900 34 is_stmt 0 view .LVU572
 1929 0008 3725     		movs	r5, #55
 1930 000a 0295     		str	r5, [sp, #8]
 901:Drivers/STM32H7xx_HAL_Driver/Src/stm32h7xx_ll_sdmmc.c ****   sdmmc_cmdinit.WaitForInterrupt = SDMMC_WAIT_NO;
 1931              		.loc 1 901 3 is_stmt 1 view .LVU573
 901:Drivers/STM32H7xx_HAL_Driver/Src/stm32h7xx_ll_sdmmc.c ****   sdmmc_cmdinit.WaitForInterrupt = SDMMC_WAIT_NO;
 1932              		.loc 1 901 34 is_stmt 0 view .LVU574
 1933 000c 4FF48073 		mov	r3, #256
 1934 0010 0393     		str	r3, [sp, #12]
 902:Drivers/STM32H7xx_HAL_Driver/Src/stm32h7xx_ll_sdmmc.c ****   sdmmc_cmdinit.CPSM             = SDMMC_CPSM_ENABLE;
 1935              		.loc 1 902 3 is_stmt 1 view .LVU575
 902:Drivers/STM32H7xx_HAL_Driver/Src/stm32h7xx_ll_sdmmc.c ****   sdmmc_cmdinit.CPSM             = SDMMC_CPSM_ENABLE;
 1936              		.loc 1 902 34 is_stmt 0 view .LVU576
 1937 0012 0023     		movs	r3, #0
 1938 0014 0493     		str	r3, [sp, #16]
 903:Drivers/STM32H7xx_HAL_Driver/Src/stm32h7xx_ll_sdmmc.c ****   (void)SDMMC_SendCommand(SDMMCx, &sdmmc_cmdinit);
 1939              		.loc 1 903 3 is_stmt 1 view .LVU577
 903:Drivers/STM32H7xx_HAL_Driver/Src/stm32h7xx_ll_sdmmc.c ****   (void)SDMMC_SendCommand(SDMMCx, &sdmmc_cmdinit);
 1940              		.loc 1 903 34 is_stmt 0 view .LVU578
 1941 0016 4FF48053 		mov	r3, #4096
 1942 001a 0593     		str	r3, [sp, #20]
 904:Drivers/STM32H7xx_HAL_Driver/Src/stm32h7xx_ll_sdmmc.c **** 
 1943              		.loc 1 904 3 is_stmt 1 view .LVU579
 904:Drivers/STM32H7xx_HAL_Driver/Src/stm32h7xx_ll_sdmmc.c **** 
 1944              		.loc 1 904 9 is_stmt 0 view .LVU580
 1945 001c 01A9     		add	r1, sp, #4
 1946              	.LVL121:
 904:Drivers/STM32H7xx_HAL_Driver/Src/stm32h7xx_ll_sdmmc.c **** 
 1947              		.loc 1 904 9 view .LVU581
 1948 001e FFF7FEFF 		bl	SDMMC_SendCommand
 1949              	.LVL122:
 910:Drivers/STM32H7xx_HAL_Driver/Src/stm32h7xx_ll_sdmmc.c **** 
 1950              		.loc 1 910 3 is_stmt 1 view .LVU582
 910:Drivers/STM32H7xx_HAL_Driver/Src/stm32h7xx_ll_sdmmc.c **** 
 1951              		.loc 1 910 16 is_stmt 0 view .LVU583
 1952 0022 41F28832 		movw	r2, #5000
 1953 0026 2946     		mov	r1, r5
 1954 0028 2046     		mov	r0, r4
 1955 002a FFF7FEFF 		bl	SDMMC_GetCmdResp1
 1956              	.LVL123:
 912:Drivers/STM32H7xx_HAL_Driver/Src/stm32h7xx_ll_sdmmc.c **** }
 1957              		.loc 1 912 3 is_stmt 1 view .LVU584
 913:Drivers/STM32H7xx_HAL_Driver/Src/stm32h7xx_ll_sdmmc.c **** 
 1958              		.loc 1 913 1 is_stmt 0 view .LVU585
 1959 002e 07B0     		add	sp, sp, #28
 1960              	.LCFI48:
 1961              		.cfi_def_cfa_offset 12
 1962              		@ sp needed
 1963 0030 30BD     		pop	{r4, r5, pc}
 913:Drivers/STM32H7xx_HAL_Driver/Src/stm32h7xx_ll_sdmmc.c **** 
ARM GAS  C:\Users\Made\AppData\Local\Temp\ccTdy2Vr.s 			page 77


 1964              		.loc 1 913 1 view .LVU586
 1965              		.cfi_endproc
 1966              	.LFE364:
 1968              		.section	.text.SDMMC_CmdBusWidth,"ax",%progbits
 1969              		.align	1
 1970              		.global	SDMMC_CmdBusWidth
 1971              		.syntax unified
 1972              		.thumb
 1973              		.thumb_func
 1975              	SDMMC_CmdBusWidth:
 1976              	.LVL124:
 1977              	.LFB366:
 947:Drivers/STM32H7xx_HAL_Driver/Src/stm32h7xx_ll_sdmmc.c ****   SDMMC_CmdInitTypeDef  sdmmc_cmdinit;
 1978              		.loc 1 947 1 is_stmt 1 view -0
 1979              		.cfi_startproc
 1980              		@ args = 0, pretend = 0, frame = 24
 1981              		@ frame_needed = 0, uses_anonymous_args = 0
 947:Drivers/STM32H7xx_HAL_Driver/Src/stm32h7xx_ll_sdmmc.c ****   SDMMC_CmdInitTypeDef  sdmmc_cmdinit;
 1982              		.loc 1 947 1 is_stmt 0 view .LVU588
 1983 0000 30B5     		push	{r4, r5, lr}
 1984              	.LCFI49:
 1985              		.cfi_def_cfa_offset 12
 1986              		.cfi_offset 4, -12
 1987              		.cfi_offset 5, -8
 1988              		.cfi_offset 14, -4
 1989 0002 87B0     		sub	sp, sp, #28
 1990              	.LCFI50:
 1991              		.cfi_def_cfa_offset 40
 1992 0004 0446     		mov	r4, r0
 948:Drivers/STM32H7xx_HAL_Driver/Src/stm32h7xx_ll_sdmmc.c ****   uint32_t errorstate;
 1993              		.loc 1 948 3 is_stmt 1 view .LVU589
 949:Drivers/STM32H7xx_HAL_Driver/Src/stm32h7xx_ll_sdmmc.c **** 
 1994              		.loc 1 949 3 view .LVU590
 951:Drivers/STM32H7xx_HAL_Driver/Src/stm32h7xx_ll_sdmmc.c ****   sdmmc_cmdinit.CmdIndex         = SDMMC_CMD_APP_SD_SET_BUSWIDTH;
 1995              		.loc 1 951 3 view .LVU591
 951:Drivers/STM32H7xx_HAL_Driver/Src/stm32h7xx_ll_sdmmc.c ****   sdmmc_cmdinit.CmdIndex         = SDMMC_CMD_APP_SD_SET_BUSWIDTH;
 1996              		.loc 1 951 34 is_stmt 0 view .LVU592
 1997 0006 0191     		str	r1, [sp, #4]
 952:Drivers/STM32H7xx_HAL_Driver/Src/stm32h7xx_ll_sdmmc.c ****   sdmmc_cmdinit.Response         = SDMMC_RESPONSE_SHORT;
 1998              		.loc 1 952 3 is_stmt 1 view .LVU593
 952:Drivers/STM32H7xx_HAL_Driver/Src/stm32h7xx_ll_sdmmc.c ****   sdmmc_cmdinit.Response         = SDMMC_RESPONSE_SHORT;
 1999              		.loc 1 952 34 is_stmt 0 view .LVU594
 2000 0008 0625     		movs	r5, #6
 2001 000a 0295     		str	r5, [sp, #8]
 953:Drivers/STM32H7xx_HAL_Driver/Src/stm32h7xx_ll_sdmmc.c ****   sdmmc_cmdinit.WaitForInterrupt = SDMMC_WAIT_NO;
 2002              		.loc 1 953 3 is_stmt 1 view .LVU595
 953:Drivers/STM32H7xx_HAL_Driver/Src/stm32h7xx_ll_sdmmc.c ****   sdmmc_cmdinit.WaitForInterrupt = SDMMC_WAIT_NO;
 2003              		.loc 1 953 34 is_stmt 0 view .LVU596
 2004 000c 4FF48073 		mov	r3, #256
 2005 0010 0393     		str	r3, [sp, #12]
 954:Drivers/STM32H7xx_HAL_Driver/Src/stm32h7xx_ll_sdmmc.c ****   sdmmc_cmdinit.CPSM             = SDMMC_CPSM_ENABLE;
 2006              		.loc 1 954 3 is_stmt 1 view .LVU597
 954:Drivers/STM32H7xx_HAL_Driver/Src/stm32h7xx_ll_sdmmc.c ****   sdmmc_cmdinit.CPSM             = SDMMC_CPSM_ENABLE;
 2007              		.loc 1 954 34 is_stmt 0 view .LVU598
 2008 0012 0023     		movs	r3, #0
 2009 0014 0493     		str	r3, [sp, #16]
 955:Drivers/STM32H7xx_HAL_Driver/Src/stm32h7xx_ll_sdmmc.c ****   (void)SDMMC_SendCommand(SDMMCx, &sdmmc_cmdinit);
ARM GAS  C:\Users\Made\AppData\Local\Temp\ccTdy2Vr.s 			page 78


 2010              		.loc 1 955 3 is_stmt 1 view .LVU599
 955:Drivers/STM32H7xx_HAL_Driver/Src/stm32h7xx_ll_sdmmc.c ****   (void)SDMMC_SendCommand(SDMMCx, &sdmmc_cmdinit);
 2011              		.loc 1 955 34 is_stmt 0 view .LVU600
 2012 0016 4FF48053 		mov	r3, #4096
 2013 001a 0593     		str	r3, [sp, #20]
 956:Drivers/STM32H7xx_HAL_Driver/Src/stm32h7xx_ll_sdmmc.c **** 
 2014              		.loc 1 956 3 is_stmt 1 view .LVU601
 956:Drivers/STM32H7xx_HAL_Driver/Src/stm32h7xx_ll_sdmmc.c **** 
 2015              		.loc 1 956 9 is_stmt 0 view .LVU602
 2016 001c 01A9     		add	r1, sp, #4
 2017              	.LVL125:
 956:Drivers/STM32H7xx_HAL_Driver/Src/stm32h7xx_ll_sdmmc.c **** 
 2018              		.loc 1 956 9 view .LVU603
 2019 001e FFF7FEFF 		bl	SDMMC_SendCommand
 2020              	.LVL126:
 959:Drivers/STM32H7xx_HAL_Driver/Src/stm32h7xx_ll_sdmmc.c **** 
 2021              		.loc 1 959 3 is_stmt 1 view .LVU604
 959:Drivers/STM32H7xx_HAL_Driver/Src/stm32h7xx_ll_sdmmc.c **** 
 2022              		.loc 1 959 16 is_stmt 0 view .LVU605
 2023 0022 41F28832 		movw	r2, #5000
 2024 0026 2946     		mov	r1, r5
 2025 0028 2046     		mov	r0, r4
 2026 002a FFF7FEFF 		bl	SDMMC_GetCmdResp1
 2027              	.LVL127:
 961:Drivers/STM32H7xx_HAL_Driver/Src/stm32h7xx_ll_sdmmc.c **** }
 2028              		.loc 1 961 3 is_stmt 1 view .LVU606
 962:Drivers/STM32H7xx_HAL_Driver/Src/stm32h7xx_ll_sdmmc.c **** 
 2029              		.loc 1 962 1 is_stmt 0 view .LVU607
 2030 002e 07B0     		add	sp, sp, #28
 2031              	.LCFI51:
 2032              		.cfi_def_cfa_offset 12
 2033              		@ sp needed
 2034 0030 30BD     		pop	{r4, r5, pc}
 962:Drivers/STM32H7xx_HAL_Driver/Src/stm32h7xx_ll_sdmmc.c **** 
 2035              		.loc 1 962 1 view .LVU608
 2036              		.cfi_endproc
 2037              	.LFE366:
 2039              		.section	.text.SDMMC_CmdSendSCR,"ax",%progbits
 2040              		.align	1
 2041              		.global	SDMMC_CmdSendSCR
 2042              		.syntax unified
 2043              		.thumb
 2044              		.thumb_func
 2046              	SDMMC_CmdSendSCR:
 2047              	.LVL128:
 2048              	.LFB367:
 970:Drivers/STM32H7xx_HAL_Driver/Src/stm32h7xx_ll_sdmmc.c ****   SDMMC_CmdInitTypeDef  sdmmc_cmdinit;
 2049              		.loc 1 970 1 is_stmt 1 view -0
 2050              		.cfi_startproc
 2051              		@ args = 0, pretend = 0, frame = 24
 2052              		@ frame_needed = 0, uses_anonymous_args = 0
 970:Drivers/STM32H7xx_HAL_Driver/Src/stm32h7xx_ll_sdmmc.c ****   SDMMC_CmdInitTypeDef  sdmmc_cmdinit;
 2053              		.loc 1 970 1 is_stmt 0 view .LVU610
 2054 0000 30B5     		push	{r4, r5, lr}
 2055              	.LCFI52:
 2056              		.cfi_def_cfa_offset 12
 2057              		.cfi_offset 4, -12
ARM GAS  C:\Users\Made\AppData\Local\Temp\ccTdy2Vr.s 			page 79


 2058              		.cfi_offset 5, -8
 2059              		.cfi_offset 14, -4
 2060 0002 87B0     		sub	sp, sp, #28
 2061              	.LCFI53:
 2062              		.cfi_def_cfa_offset 40
 2063 0004 0446     		mov	r4, r0
 971:Drivers/STM32H7xx_HAL_Driver/Src/stm32h7xx_ll_sdmmc.c ****   uint32_t errorstate;
 2064              		.loc 1 971 3 is_stmt 1 view .LVU611
 972:Drivers/STM32H7xx_HAL_Driver/Src/stm32h7xx_ll_sdmmc.c **** 
 2065              		.loc 1 972 3 view .LVU612
 975:Drivers/STM32H7xx_HAL_Driver/Src/stm32h7xx_ll_sdmmc.c ****   sdmmc_cmdinit.CmdIndex         = SDMMC_CMD_SD_APP_SEND_SCR;
 2066              		.loc 1 975 3 view .LVU613
 975:Drivers/STM32H7xx_HAL_Driver/Src/stm32h7xx_ll_sdmmc.c ****   sdmmc_cmdinit.CmdIndex         = SDMMC_CMD_SD_APP_SEND_SCR;
 2067              		.loc 1 975 34 is_stmt 0 view .LVU614
 2068 0006 0023     		movs	r3, #0
 2069 0008 0193     		str	r3, [sp, #4]
 976:Drivers/STM32H7xx_HAL_Driver/Src/stm32h7xx_ll_sdmmc.c ****   sdmmc_cmdinit.Response         = SDMMC_RESPONSE_SHORT;
 2070              		.loc 1 976 3 is_stmt 1 view .LVU615
 976:Drivers/STM32H7xx_HAL_Driver/Src/stm32h7xx_ll_sdmmc.c ****   sdmmc_cmdinit.Response         = SDMMC_RESPONSE_SHORT;
 2071              		.loc 1 976 34 is_stmt 0 view .LVU616
 2072 000a 3325     		movs	r5, #51
 2073 000c 0295     		str	r5, [sp, #8]
 977:Drivers/STM32H7xx_HAL_Driver/Src/stm32h7xx_ll_sdmmc.c ****   sdmmc_cmdinit.WaitForInterrupt = SDMMC_WAIT_NO;
 2074              		.loc 1 977 3 is_stmt 1 view .LVU617
 977:Drivers/STM32H7xx_HAL_Driver/Src/stm32h7xx_ll_sdmmc.c ****   sdmmc_cmdinit.WaitForInterrupt = SDMMC_WAIT_NO;
 2075              		.loc 1 977 34 is_stmt 0 view .LVU618
 2076 000e 4FF48072 		mov	r2, #256
 2077 0012 0392     		str	r2, [sp, #12]
 978:Drivers/STM32H7xx_HAL_Driver/Src/stm32h7xx_ll_sdmmc.c ****   sdmmc_cmdinit.CPSM             = SDMMC_CPSM_ENABLE;
 2078              		.loc 1 978 3 is_stmt 1 view .LVU619
 978:Drivers/STM32H7xx_HAL_Driver/Src/stm32h7xx_ll_sdmmc.c ****   sdmmc_cmdinit.CPSM             = SDMMC_CPSM_ENABLE;
 2079              		.loc 1 978 34 is_stmt 0 view .LVU620
 2080 0014 0493     		str	r3, [sp, #16]
 979:Drivers/STM32H7xx_HAL_Driver/Src/stm32h7xx_ll_sdmmc.c ****   (void)SDMMC_SendCommand(SDMMCx, &sdmmc_cmdinit);
 2081              		.loc 1 979 3 is_stmt 1 view .LVU621
 979:Drivers/STM32H7xx_HAL_Driver/Src/stm32h7xx_ll_sdmmc.c ****   (void)SDMMC_SendCommand(SDMMCx, &sdmmc_cmdinit);
 2082              		.loc 1 979 34 is_stmt 0 view .LVU622
 2083 0016 4FF48053 		mov	r3, #4096
 2084 001a 0593     		str	r3, [sp, #20]
 980:Drivers/STM32H7xx_HAL_Driver/Src/stm32h7xx_ll_sdmmc.c **** 
 2085              		.loc 1 980 3 is_stmt 1 view .LVU623
 980:Drivers/STM32H7xx_HAL_Driver/Src/stm32h7xx_ll_sdmmc.c **** 
 2086              		.loc 1 980 9 is_stmt 0 view .LVU624
 2087 001c 01A9     		add	r1, sp, #4
 2088 001e FFF7FEFF 		bl	SDMMC_SendCommand
 2089              	.LVL129:
 983:Drivers/STM32H7xx_HAL_Driver/Src/stm32h7xx_ll_sdmmc.c **** 
 2090              		.loc 1 983 3 is_stmt 1 view .LVU625
 983:Drivers/STM32H7xx_HAL_Driver/Src/stm32h7xx_ll_sdmmc.c **** 
 2091              		.loc 1 983 16 is_stmt 0 view .LVU626
 2092 0022 41F28832 		movw	r2, #5000
 2093 0026 2946     		mov	r1, r5
 2094 0028 2046     		mov	r0, r4
 2095 002a FFF7FEFF 		bl	SDMMC_GetCmdResp1
 2096              	.LVL130:
 985:Drivers/STM32H7xx_HAL_Driver/Src/stm32h7xx_ll_sdmmc.c **** }
 2097              		.loc 1 985 3 is_stmt 1 view .LVU627
ARM GAS  C:\Users\Made\AppData\Local\Temp\ccTdy2Vr.s 			page 80


 986:Drivers/STM32H7xx_HAL_Driver/Src/stm32h7xx_ll_sdmmc.c **** 
 2098              		.loc 1 986 1 is_stmt 0 view .LVU628
 2099 002e 07B0     		add	sp, sp, #28
 2100              	.LCFI54:
 2101              		.cfi_def_cfa_offset 12
 2102              		@ sp needed
 2103 0030 30BD     		pop	{r4, r5, pc}
 986:Drivers/STM32H7xx_HAL_Driver/Src/stm32h7xx_ll_sdmmc.c **** 
 2104              		.loc 1 986 1 view .LVU629
 2105              		.cfi_endproc
 2106              	.LFE367:
 2108              		.section	.text.SDMMC_CmdSetRelAddMmc,"ax",%progbits
 2109              		.align	1
 2110              		.global	SDMMC_CmdSetRelAddMmc
 2111              		.syntax unified
 2112              		.thumb
 2113              		.thumb_func
 2115              	SDMMC_CmdSetRelAddMmc:
 2116              	.LVL131:
 2117              	.LFB371:
1069:Drivers/STM32H7xx_HAL_Driver/Src/stm32h7xx_ll_sdmmc.c ****   SDMMC_CmdInitTypeDef  sdmmc_cmdinit;
 2118              		.loc 1 1069 1 is_stmt 1 view -0
 2119              		.cfi_startproc
 2120              		@ args = 0, pretend = 0, frame = 24
 2121              		@ frame_needed = 0, uses_anonymous_args = 0
1069:Drivers/STM32H7xx_HAL_Driver/Src/stm32h7xx_ll_sdmmc.c ****   SDMMC_CmdInitTypeDef  sdmmc_cmdinit;
 2122              		.loc 1 1069 1 is_stmt 0 view .LVU631
 2123 0000 30B5     		push	{r4, r5, lr}
 2124              	.LCFI55:
 2125              		.cfi_def_cfa_offset 12
 2126              		.cfi_offset 4, -12
 2127              		.cfi_offset 5, -8
 2128              		.cfi_offset 14, -4
 2129 0002 87B0     		sub	sp, sp, #28
 2130              	.LCFI56:
 2131              		.cfi_def_cfa_offset 40
 2132 0004 0446     		mov	r4, r0
1070:Drivers/STM32H7xx_HAL_Driver/Src/stm32h7xx_ll_sdmmc.c ****   uint32_t errorstate;
 2133              		.loc 1 1070 3 is_stmt 1 view .LVU632
1071:Drivers/STM32H7xx_HAL_Driver/Src/stm32h7xx_ll_sdmmc.c **** 
 2134              		.loc 1 1071 3 view .LVU633
1074:Drivers/STM32H7xx_HAL_Driver/Src/stm32h7xx_ll_sdmmc.c ****   sdmmc_cmdinit.CmdIndex         = SDMMC_CMD_SET_REL_ADDR;
 2135              		.loc 1 1074 3 view .LVU634
1074:Drivers/STM32H7xx_HAL_Driver/Src/stm32h7xx_ll_sdmmc.c ****   sdmmc_cmdinit.CmdIndex         = SDMMC_CMD_SET_REL_ADDR;
 2136              		.loc 1 1074 51 is_stmt 0 view .LVU635
 2137 0006 0904     		lsls	r1, r1, #16
 2138              	.LVL132:
1074:Drivers/STM32H7xx_HAL_Driver/Src/stm32h7xx_ll_sdmmc.c ****   sdmmc_cmdinit.CmdIndex         = SDMMC_CMD_SET_REL_ADDR;
 2139              		.loc 1 1074 34 view .LVU636
 2140 0008 0191     		str	r1, [sp, #4]
1075:Drivers/STM32H7xx_HAL_Driver/Src/stm32h7xx_ll_sdmmc.c ****   sdmmc_cmdinit.Response         = SDMMC_RESPONSE_SHORT;
 2141              		.loc 1 1075 3 is_stmt 1 view .LVU637
1075:Drivers/STM32H7xx_HAL_Driver/Src/stm32h7xx_ll_sdmmc.c ****   sdmmc_cmdinit.Response         = SDMMC_RESPONSE_SHORT;
 2142              		.loc 1 1075 34 is_stmt 0 view .LVU638
 2143 000a 0325     		movs	r5, #3
 2144 000c 0295     		str	r5, [sp, #8]
1076:Drivers/STM32H7xx_HAL_Driver/Src/stm32h7xx_ll_sdmmc.c ****   sdmmc_cmdinit.WaitForInterrupt = SDMMC_WAIT_NO;
ARM GAS  C:\Users\Made\AppData\Local\Temp\ccTdy2Vr.s 			page 81


 2145              		.loc 1 1076 3 is_stmt 1 view .LVU639
1076:Drivers/STM32H7xx_HAL_Driver/Src/stm32h7xx_ll_sdmmc.c ****   sdmmc_cmdinit.WaitForInterrupt = SDMMC_WAIT_NO;
 2146              		.loc 1 1076 34 is_stmt 0 view .LVU640
 2147 000e 4FF48073 		mov	r3, #256
 2148 0012 0393     		str	r3, [sp, #12]
1077:Drivers/STM32H7xx_HAL_Driver/Src/stm32h7xx_ll_sdmmc.c ****   sdmmc_cmdinit.CPSM             = SDMMC_CPSM_ENABLE;
 2149              		.loc 1 1077 3 is_stmt 1 view .LVU641
1077:Drivers/STM32H7xx_HAL_Driver/Src/stm32h7xx_ll_sdmmc.c ****   sdmmc_cmdinit.CPSM             = SDMMC_CPSM_ENABLE;
 2150              		.loc 1 1077 34 is_stmt 0 view .LVU642
 2151 0014 0023     		movs	r3, #0
 2152 0016 0493     		str	r3, [sp, #16]
1078:Drivers/STM32H7xx_HAL_Driver/Src/stm32h7xx_ll_sdmmc.c ****   (void)SDMMC_SendCommand(SDMMCx, &sdmmc_cmdinit);
 2153              		.loc 1 1078 3 is_stmt 1 view .LVU643
1078:Drivers/STM32H7xx_HAL_Driver/Src/stm32h7xx_ll_sdmmc.c ****   (void)SDMMC_SendCommand(SDMMCx, &sdmmc_cmdinit);
 2154              		.loc 1 1078 34 is_stmt 0 view .LVU644
 2155 0018 4FF48053 		mov	r3, #4096
 2156 001c 0593     		str	r3, [sp, #20]
1079:Drivers/STM32H7xx_HAL_Driver/Src/stm32h7xx_ll_sdmmc.c **** 
 2157              		.loc 1 1079 3 is_stmt 1 view .LVU645
1079:Drivers/STM32H7xx_HAL_Driver/Src/stm32h7xx_ll_sdmmc.c **** 
 2158              		.loc 1 1079 9 is_stmt 0 view .LVU646
 2159 001e 01A9     		add	r1, sp, #4
 2160 0020 FFF7FEFF 		bl	SDMMC_SendCommand
 2161              	.LVL133:
1082:Drivers/STM32H7xx_HAL_Driver/Src/stm32h7xx_ll_sdmmc.c **** 
 2162              		.loc 1 1082 3 is_stmt 1 view .LVU647
1082:Drivers/STM32H7xx_HAL_Driver/Src/stm32h7xx_ll_sdmmc.c **** 
 2163              		.loc 1 1082 16 is_stmt 0 view .LVU648
 2164 0024 41F28832 		movw	r2, #5000
 2165 0028 2946     		mov	r1, r5
 2166 002a 2046     		mov	r0, r4
 2167 002c FFF7FEFF 		bl	SDMMC_GetCmdResp1
 2168              	.LVL134:
1084:Drivers/STM32H7xx_HAL_Driver/Src/stm32h7xx_ll_sdmmc.c **** }
 2169              		.loc 1 1084 3 is_stmt 1 view .LVU649
1085:Drivers/STM32H7xx_HAL_Driver/Src/stm32h7xx_ll_sdmmc.c **** 
 2170              		.loc 1 1085 1 is_stmt 0 view .LVU650
 2171 0030 07B0     		add	sp, sp, #28
 2172              	.LCFI57:
 2173              		.cfi_def_cfa_offset 12
 2174              		@ sp needed
 2175 0032 30BD     		pop	{r4, r5, pc}
1085:Drivers/STM32H7xx_HAL_Driver/Src/stm32h7xx_ll_sdmmc.c **** 
 2176              		.loc 1 1085 1 view .LVU651
 2177              		.cfi_endproc
 2178              	.LFE371:
 2180              		.section	.text.SDMMC_CmdSleepMmc,"ax",%progbits
 2181              		.align	1
 2182              		.global	SDMMC_CmdSleepMmc
 2183              		.syntax unified
 2184              		.thumb
 2185              		.thumb_func
 2187              	SDMMC_CmdSleepMmc:
 2188              	.LVL135:
 2189              	.LFB372:
1094:Drivers/STM32H7xx_HAL_Driver/Src/stm32h7xx_ll_sdmmc.c ****   SDMMC_CmdInitTypeDef  sdmmc_cmdinit;
 2190              		.loc 1 1094 1 is_stmt 1 view -0
ARM GAS  C:\Users\Made\AppData\Local\Temp\ccTdy2Vr.s 			page 82


 2191              		.cfi_startproc
 2192              		@ args = 0, pretend = 0, frame = 24
 2193              		@ frame_needed = 0, uses_anonymous_args = 0
1094:Drivers/STM32H7xx_HAL_Driver/Src/stm32h7xx_ll_sdmmc.c ****   SDMMC_CmdInitTypeDef  sdmmc_cmdinit;
 2194              		.loc 1 1094 1 is_stmt 0 view .LVU653
 2195 0000 30B5     		push	{r4, r5, lr}
 2196              	.LCFI58:
 2197              		.cfi_def_cfa_offset 12
 2198              		.cfi_offset 4, -12
 2199              		.cfi_offset 5, -8
 2200              		.cfi_offset 14, -4
 2201 0002 87B0     		sub	sp, sp, #28
 2202              	.LCFI59:
 2203              		.cfi_def_cfa_offset 40
 2204 0004 0446     		mov	r4, r0
1095:Drivers/STM32H7xx_HAL_Driver/Src/stm32h7xx_ll_sdmmc.c ****   uint32_t errorstate;
 2205              		.loc 1 1095 3 is_stmt 1 view .LVU654
1096:Drivers/STM32H7xx_HAL_Driver/Src/stm32h7xx_ll_sdmmc.c **** 
 2206              		.loc 1 1096 3 view .LVU655
1099:Drivers/STM32H7xx_HAL_Driver/Src/stm32h7xx_ll_sdmmc.c ****   sdmmc_cmdinit.CmdIndex         = SDMMC_CMD_MMC_SLEEP_AWAKE;
 2207              		.loc 1 1099 3 view .LVU656
1099:Drivers/STM32H7xx_HAL_Driver/Src/stm32h7xx_ll_sdmmc.c ****   sdmmc_cmdinit.CmdIndex         = SDMMC_CMD_MMC_SLEEP_AWAKE;
 2208              		.loc 1 1099 34 is_stmt 0 view .LVU657
 2209 0006 0191     		str	r1, [sp, #4]
1100:Drivers/STM32H7xx_HAL_Driver/Src/stm32h7xx_ll_sdmmc.c ****   sdmmc_cmdinit.Response         = SDMMC_RESPONSE_SHORT;
 2210              		.loc 1 1100 3 is_stmt 1 view .LVU658
1100:Drivers/STM32H7xx_HAL_Driver/Src/stm32h7xx_ll_sdmmc.c ****   sdmmc_cmdinit.Response         = SDMMC_RESPONSE_SHORT;
 2211              		.loc 1 1100 34 is_stmt 0 view .LVU659
 2212 0008 0525     		movs	r5, #5
 2213 000a 0295     		str	r5, [sp, #8]
1101:Drivers/STM32H7xx_HAL_Driver/Src/stm32h7xx_ll_sdmmc.c ****   sdmmc_cmdinit.WaitForInterrupt = SDMMC_WAIT_NO;
 2214              		.loc 1 1101 3 is_stmt 1 view .LVU660
1101:Drivers/STM32H7xx_HAL_Driver/Src/stm32h7xx_ll_sdmmc.c ****   sdmmc_cmdinit.WaitForInterrupt = SDMMC_WAIT_NO;
 2215              		.loc 1 1101 34 is_stmt 0 view .LVU661
 2216 000c 4FF48073 		mov	r3, #256
 2217 0010 0393     		str	r3, [sp, #12]
1102:Drivers/STM32H7xx_HAL_Driver/Src/stm32h7xx_ll_sdmmc.c ****   sdmmc_cmdinit.CPSM             = SDMMC_CPSM_ENABLE;
 2218              		.loc 1 1102 3 is_stmt 1 view .LVU662
1102:Drivers/STM32H7xx_HAL_Driver/Src/stm32h7xx_ll_sdmmc.c ****   sdmmc_cmdinit.CPSM             = SDMMC_CPSM_ENABLE;
 2219              		.loc 1 1102 34 is_stmt 0 view .LVU663
 2220 0012 0023     		movs	r3, #0
 2221 0014 0493     		str	r3, [sp, #16]
1103:Drivers/STM32H7xx_HAL_Driver/Src/stm32h7xx_ll_sdmmc.c ****   (void)SDMMC_SendCommand(SDMMCx, &sdmmc_cmdinit);
 2222              		.loc 1 1103 3 is_stmt 1 view .LVU664
1103:Drivers/STM32H7xx_HAL_Driver/Src/stm32h7xx_ll_sdmmc.c ****   (void)SDMMC_SendCommand(SDMMCx, &sdmmc_cmdinit);
 2223              		.loc 1 1103 34 is_stmt 0 view .LVU665
 2224 0016 4FF48053 		mov	r3, #4096
 2225 001a 0593     		str	r3, [sp, #20]
1104:Drivers/STM32H7xx_HAL_Driver/Src/stm32h7xx_ll_sdmmc.c **** 
 2226              		.loc 1 1104 3 is_stmt 1 view .LVU666
1104:Drivers/STM32H7xx_HAL_Driver/Src/stm32h7xx_ll_sdmmc.c **** 
 2227              		.loc 1 1104 9 is_stmt 0 view .LVU667
 2228 001c 01A9     		add	r1, sp, #4
 2229              	.LVL136:
1104:Drivers/STM32H7xx_HAL_Driver/Src/stm32h7xx_ll_sdmmc.c **** 
 2230              		.loc 1 1104 9 view .LVU668
 2231 001e FFF7FEFF 		bl	SDMMC_SendCommand
ARM GAS  C:\Users\Made\AppData\Local\Temp\ccTdy2Vr.s 			page 83


 2232              	.LVL137:
1107:Drivers/STM32H7xx_HAL_Driver/Src/stm32h7xx_ll_sdmmc.c **** 
 2233              		.loc 1 1107 3 is_stmt 1 view .LVU669
1107:Drivers/STM32H7xx_HAL_Driver/Src/stm32h7xx_ll_sdmmc.c **** 
 2234              		.loc 1 1107 16 is_stmt 0 view .LVU670
 2235 0022 41F28832 		movw	r2, #5000
 2236 0026 2946     		mov	r1, r5
 2237 0028 2046     		mov	r0, r4
 2238 002a FFF7FEFF 		bl	SDMMC_GetCmdResp1
 2239              	.LVL138:
1109:Drivers/STM32H7xx_HAL_Driver/Src/stm32h7xx_ll_sdmmc.c **** }
 2240              		.loc 1 1109 3 is_stmt 1 view .LVU671
1110:Drivers/STM32H7xx_HAL_Driver/Src/stm32h7xx_ll_sdmmc.c **** 
 2241              		.loc 1 1110 1 is_stmt 0 view .LVU672
 2242 002e 07B0     		add	sp, sp, #28
 2243              	.LCFI60:
 2244              		.cfi_def_cfa_offset 12
 2245              		@ sp needed
 2246 0030 30BD     		pop	{r4, r5, pc}
1110:Drivers/STM32H7xx_HAL_Driver/Src/stm32h7xx_ll_sdmmc.c **** 
 2247              		.loc 1 1110 1 view .LVU673
 2248              		.cfi_endproc
 2249              	.LFE372:
 2251              		.section	.text.SDMMC_CmdSendStatus,"ax",%progbits
 2252              		.align	1
 2253              		.global	SDMMC_CmdSendStatus
 2254              		.syntax unified
 2255              		.thumb
 2256              		.thumb_func
 2258              	SDMMC_CmdSendStatus:
 2259              	.LVL139:
 2260              	.LFB373:
1119:Drivers/STM32H7xx_HAL_Driver/Src/stm32h7xx_ll_sdmmc.c ****   SDMMC_CmdInitTypeDef  sdmmc_cmdinit;
 2261              		.loc 1 1119 1 is_stmt 1 view -0
 2262              		.cfi_startproc
 2263              		@ args = 0, pretend = 0, frame = 24
 2264              		@ frame_needed = 0, uses_anonymous_args = 0
1119:Drivers/STM32H7xx_HAL_Driver/Src/stm32h7xx_ll_sdmmc.c ****   SDMMC_CmdInitTypeDef  sdmmc_cmdinit;
 2265              		.loc 1 1119 1 is_stmt 0 view .LVU675
 2266 0000 30B5     		push	{r4, r5, lr}
 2267              	.LCFI61:
 2268              		.cfi_def_cfa_offset 12
 2269              		.cfi_offset 4, -12
 2270              		.cfi_offset 5, -8
 2271              		.cfi_offset 14, -4
 2272 0002 87B0     		sub	sp, sp, #28
 2273              	.LCFI62:
 2274              		.cfi_def_cfa_offset 40
 2275 0004 0446     		mov	r4, r0
1120:Drivers/STM32H7xx_HAL_Driver/Src/stm32h7xx_ll_sdmmc.c ****   uint32_t errorstate;
 2276              		.loc 1 1120 3 is_stmt 1 view .LVU676
1121:Drivers/STM32H7xx_HAL_Driver/Src/stm32h7xx_ll_sdmmc.c **** 
 2277              		.loc 1 1121 3 view .LVU677
1123:Drivers/STM32H7xx_HAL_Driver/Src/stm32h7xx_ll_sdmmc.c ****   sdmmc_cmdinit.CmdIndex         = SDMMC_CMD_SEND_STATUS;
 2278              		.loc 1 1123 3 view .LVU678
1123:Drivers/STM32H7xx_HAL_Driver/Src/stm32h7xx_ll_sdmmc.c ****   sdmmc_cmdinit.CmdIndex         = SDMMC_CMD_SEND_STATUS;
 2279              		.loc 1 1123 34 is_stmt 0 view .LVU679
ARM GAS  C:\Users\Made\AppData\Local\Temp\ccTdy2Vr.s 			page 84


 2280 0006 0191     		str	r1, [sp, #4]
1124:Drivers/STM32H7xx_HAL_Driver/Src/stm32h7xx_ll_sdmmc.c ****   sdmmc_cmdinit.Response         = SDMMC_RESPONSE_SHORT;
 2281              		.loc 1 1124 3 is_stmt 1 view .LVU680
1124:Drivers/STM32H7xx_HAL_Driver/Src/stm32h7xx_ll_sdmmc.c ****   sdmmc_cmdinit.Response         = SDMMC_RESPONSE_SHORT;
 2282              		.loc 1 1124 34 is_stmt 0 view .LVU681
 2283 0008 0D25     		movs	r5, #13
 2284 000a 0295     		str	r5, [sp, #8]
1125:Drivers/STM32H7xx_HAL_Driver/Src/stm32h7xx_ll_sdmmc.c ****   sdmmc_cmdinit.WaitForInterrupt = SDMMC_WAIT_NO;
 2285              		.loc 1 1125 3 is_stmt 1 view .LVU682
1125:Drivers/STM32H7xx_HAL_Driver/Src/stm32h7xx_ll_sdmmc.c ****   sdmmc_cmdinit.WaitForInterrupt = SDMMC_WAIT_NO;
 2286              		.loc 1 1125 34 is_stmt 0 view .LVU683
 2287 000c 4FF48073 		mov	r3, #256
 2288 0010 0393     		str	r3, [sp, #12]
1126:Drivers/STM32H7xx_HAL_Driver/Src/stm32h7xx_ll_sdmmc.c ****   sdmmc_cmdinit.CPSM             = SDMMC_CPSM_ENABLE;
 2289              		.loc 1 1126 3 is_stmt 1 view .LVU684
1126:Drivers/STM32H7xx_HAL_Driver/Src/stm32h7xx_ll_sdmmc.c ****   sdmmc_cmdinit.CPSM             = SDMMC_CPSM_ENABLE;
 2290              		.loc 1 1126 34 is_stmt 0 view .LVU685
 2291 0012 0023     		movs	r3, #0
 2292 0014 0493     		str	r3, [sp, #16]
1127:Drivers/STM32H7xx_HAL_Driver/Src/stm32h7xx_ll_sdmmc.c ****   (void)SDMMC_SendCommand(SDMMCx, &sdmmc_cmdinit);
 2293              		.loc 1 1127 3 is_stmt 1 view .LVU686
1127:Drivers/STM32H7xx_HAL_Driver/Src/stm32h7xx_ll_sdmmc.c ****   (void)SDMMC_SendCommand(SDMMCx, &sdmmc_cmdinit);
 2294              		.loc 1 1127 34 is_stmt 0 view .LVU687
 2295 0016 4FF48053 		mov	r3, #4096
 2296 001a 0593     		str	r3, [sp, #20]
1128:Drivers/STM32H7xx_HAL_Driver/Src/stm32h7xx_ll_sdmmc.c **** 
 2297              		.loc 1 1128 3 is_stmt 1 view .LVU688
1128:Drivers/STM32H7xx_HAL_Driver/Src/stm32h7xx_ll_sdmmc.c **** 
 2298              		.loc 1 1128 9 is_stmt 0 view .LVU689
 2299 001c 01A9     		add	r1, sp, #4
 2300              	.LVL140:
1128:Drivers/STM32H7xx_HAL_Driver/Src/stm32h7xx_ll_sdmmc.c **** 
 2301              		.loc 1 1128 9 view .LVU690
 2302 001e FFF7FEFF 		bl	SDMMC_SendCommand
 2303              	.LVL141:
1131:Drivers/STM32H7xx_HAL_Driver/Src/stm32h7xx_ll_sdmmc.c **** 
 2304              		.loc 1 1131 3 is_stmt 1 view .LVU691
1131:Drivers/STM32H7xx_HAL_Driver/Src/stm32h7xx_ll_sdmmc.c **** 
 2305              		.loc 1 1131 16 is_stmt 0 view .LVU692
 2306 0022 41F28832 		movw	r2, #5000
 2307 0026 2946     		mov	r1, r5
 2308 0028 2046     		mov	r0, r4
 2309 002a FFF7FEFF 		bl	SDMMC_GetCmdResp1
 2310              	.LVL142:
1133:Drivers/STM32H7xx_HAL_Driver/Src/stm32h7xx_ll_sdmmc.c **** }
 2311              		.loc 1 1133 3 is_stmt 1 view .LVU693
1134:Drivers/STM32H7xx_HAL_Driver/Src/stm32h7xx_ll_sdmmc.c **** 
 2312              		.loc 1 1134 1 is_stmt 0 view .LVU694
 2313 002e 07B0     		add	sp, sp, #28
 2314              	.LCFI63:
 2315              		.cfi_def_cfa_offset 12
 2316              		@ sp needed
 2317 0030 30BD     		pop	{r4, r5, pc}
1134:Drivers/STM32H7xx_HAL_Driver/Src/stm32h7xx_ll_sdmmc.c **** 
 2318              		.loc 1 1134 1 view .LVU695
 2319              		.cfi_endproc
 2320              	.LFE373:
ARM GAS  C:\Users\Made\AppData\Local\Temp\ccTdy2Vr.s 			page 85


 2322              		.section	.text.SDMMC_CmdStatusRegister,"ax",%progbits
 2323              		.align	1
 2324              		.global	SDMMC_CmdStatusRegister
 2325              		.syntax unified
 2326              		.thumb
 2327              		.thumb_func
 2329              	SDMMC_CmdStatusRegister:
 2330              	.LVL143:
 2331              	.LFB374:
1142:Drivers/STM32H7xx_HAL_Driver/Src/stm32h7xx_ll_sdmmc.c ****   SDMMC_CmdInitTypeDef  sdmmc_cmdinit;
 2332              		.loc 1 1142 1 is_stmt 1 view -0
 2333              		.cfi_startproc
 2334              		@ args = 0, pretend = 0, frame = 24
 2335              		@ frame_needed = 0, uses_anonymous_args = 0
1142:Drivers/STM32H7xx_HAL_Driver/Src/stm32h7xx_ll_sdmmc.c ****   SDMMC_CmdInitTypeDef  sdmmc_cmdinit;
 2336              		.loc 1 1142 1 is_stmt 0 view .LVU697
 2337 0000 30B5     		push	{r4, r5, lr}
 2338              	.LCFI64:
 2339              		.cfi_def_cfa_offset 12
 2340              		.cfi_offset 4, -12
 2341              		.cfi_offset 5, -8
 2342              		.cfi_offset 14, -4
 2343 0002 87B0     		sub	sp, sp, #28
 2344              	.LCFI65:
 2345              		.cfi_def_cfa_offset 40
 2346 0004 0446     		mov	r4, r0
1143:Drivers/STM32H7xx_HAL_Driver/Src/stm32h7xx_ll_sdmmc.c ****   uint32_t errorstate;
 2347              		.loc 1 1143 3 is_stmt 1 view .LVU698
1144:Drivers/STM32H7xx_HAL_Driver/Src/stm32h7xx_ll_sdmmc.c **** 
 2348              		.loc 1 1144 3 view .LVU699
1146:Drivers/STM32H7xx_HAL_Driver/Src/stm32h7xx_ll_sdmmc.c ****   sdmmc_cmdinit.CmdIndex         = SDMMC_CMD_SD_APP_STATUS;
 2349              		.loc 1 1146 3 view .LVU700
1146:Drivers/STM32H7xx_HAL_Driver/Src/stm32h7xx_ll_sdmmc.c ****   sdmmc_cmdinit.CmdIndex         = SDMMC_CMD_SD_APP_STATUS;
 2350              		.loc 1 1146 34 is_stmt 0 view .LVU701
 2351 0006 0023     		movs	r3, #0
 2352 0008 0193     		str	r3, [sp, #4]
1147:Drivers/STM32H7xx_HAL_Driver/Src/stm32h7xx_ll_sdmmc.c ****   sdmmc_cmdinit.Response         = SDMMC_RESPONSE_SHORT;
 2353              		.loc 1 1147 3 is_stmt 1 view .LVU702
1147:Drivers/STM32H7xx_HAL_Driver/Src/stm32h7xx_ll_sdmmc.c ****   sdmmc_cmdinit.Response         = SDMMC_RESPONSE_SHORT;
 2354              		.loc 1 1147 34 is_stmt 0 view .LVU703
 2355 000a 0D25     		movs	r5, #13
 2356 000c 0295     		str	r5, [sp, #8]
1148:Drivers/STM32H7xx_HAL_Driver/Src/stm32h7xx_ll_sdmmc.c ****   sdmmc_cmdinit.WaitForInterrupt = SDMMC_WAIT_NO;
 2357              		.loc 1 1148 3 is_stmt 1 view .LVU704
1148:Drivers/STM32H7xx_HAL_Driver/Src/stm32h7xx_ll_sdmmc.c ****   sdmmc_cmdinit.WaitForInterrupt = SDMMC_WAIT_NO;
 2358              		.loc 1 1148 34 is_stmt 0 view .LVU705
 2359 000e 4FF48072 		mov	r2, #256
 2360 0012 0392     		str	r2, [sp, #12]
1149:Drivers/STM32H7xx_HAL_Driver/Src/stm32h7xx_ll_sdmmc.c ****   sdmmc_cmdinit.CPSM             = SDMMC_CPSM_ENABLE;
 2361              		.loc 1 1149 3 is_stmt 1 view .LVU706
1149:Drivers/STM32H7xx_HAL_Driver/Src/stm32h7xx_ll_sdmmc.c ****   sdmmc_cmdinit.CPSM             = SDMMC_CPSM_ENABLE;
 2362              		.loc 1 1149 34 is_stmt 0 view .LVU707
 2363 0014 0493     		str	r3, [sp, #16]
1150:Drivers/STM32H7xx_HAL_Driver/Src/stm32h7xx_ll_sdmmc.c ****   (void)SDMMC_SendCommand(SDMMCx, &sdmmc_cmdinit);
 2364              		.loc 1 1150 3 is_stmt 1 view .LVU708
1150:Drivers/STM32H7xx_HAL_Driver/Src/stm32h7xx_ll_sdmmc.c ****   (void)SDMMC_SendCommand(SDMMCx, &sdmmc_cmdinit);
 2365              		.loc 1 1150 34 is_stmt 0 view .LVU709
ARM GAS  C:\Users\Made\AppData\Local\Temp\ccTdy2Vr.s 			page 86


 2366 0016 4FF48053 		mov	r3, #4096
 2367 001a 0593     		str	r3, [sp, #20]
1151:Drivers/STM32H7xx_HAL_Driver/Src/stm32h7xx_ll_sdmmc.c **** 
 2368              		.loc 1 1151 3 is_stmt 1 view .LVU710
1151:Drivers/STM32H7xx_HAL_Driver/Src/stm32h7xx_ll_sdmmc.c **** 
 2369              		.loc 1 1151 9 is_stmt 0 view .LVU711
 2370 001c 01A9     		add	r1, sp, #4
 2371 001e FFF7FEFF 		bl	SDMMC_SendCommand
 2372              	.LVL144:
1154:Drivers/STM32H7xx_HAL_Driver/Src/stm32h7xx_ll_sdmmc.c **** 
 2373              		.loc 1 1154 3 is_stmt 1 view .LVU712
1154:Drivers/STM32H7xx_HAL_Driver/Src/stm32h7xx_ll_sdmmc.c **** 
 2374              		.loc 1 1154 16 is_stmt 0 view .LVU713
 2375 0022 41F28832 		movw	r2, #5000
 2376 0026 2946     		mov	r1, r5
 2377 0028 2046     		mov	r0, r4
 2378 002a FFF7FEFF 		bl	SDMMC_GetCmdResp1
 2379              	.LVL145:
1156:Drivers/STM32H7xx_HAL_Driver/Src/stm32h7xx_ll_sdmmc.c **** }
 2380              		.loc 1 1156 3 is_stmt 1 view .LVU714
1157:Drivers/STM32H7xx_HAL_Driver/Src/stm32h7xx_ll_sdmmc.c **** 
 2381              		.loc 1 1157 1 is_stmt 0 view .LVU715
 2382 002e 07B0     		add	sp, sp, #28
 2383              	.LCFI66:
 2384              		.cfi_def_cfa_offset 12
 2385              		@ sp needed
 2386 0030 30BD     		pop	{r4, r5, pc}
1157:Drivers/STM32H7xx_HAL_Driver/Src/stm32h7xx_ll_sdmmc.c **** 
 2387              		.loc 1 1157 1 view .LVU716
 2388              		.cfi_endproc
 2389              	.LFE374:
 2391              		.section	.text.SDMMC_CmdSwitch,"ax",%progbits
 2392              		.align	1
 2393              		.global	SDMMC_CmdSwitch
 2394              		.syntax unified
 2395              		.thumb
 2396              		.thumb_func
 2398              	SDMMC_CmdSwitch:
 2399              	.LVL146:
 2400              	.LFB376:
1191:Drivers/STM32H7xx_HAL_Driver/Src/stm32h7xx_ll_sdmmc.c ****   SDMMC_CmdInitTypeDef  sdmmc_cmdinit;
 2401              		.loc 1 1191 1 is_stmt 1 view -0
 2402              		.cfi_startproc
 2403              		@ args = 0, pretend = 0, frame = 24
 2404              		@ frame_needed = 0, uses_anonymous_args = 0
1191:Drivers/STM32H7xx_HAL_Driver/Src/stm32h7xx_ll_sdmmc.c ****   SDMMC_CmdInitTypeDef  sdmmc_cmdinit;
 2405              		.loc 1 1191 1 is_stmt 0 view .LVU718
 2406 0000 30B5     		push	{r4, r5, lr}
 2407              	.LCFI67:
 2408              		.cfi_def_cfa_offset 12
 2409              		.cfi_offset 4, -12
 2410              		.cfi_offset 5, -8
 2411              		.cfi_offset 14, -4
 2412 0002 87B0     		sub	sp, sp, #28
 2413              	.LCFI68:
 2414              		.cfi_def_cfa_offset 40
 2415 0004 0446     		mov	r4, r0
ARM GAS  C:\Users\Made\AppData\Local\Temp\ccTdy2Vr.s 			page 87


1192:Drivers/STM32H7xx_HAL_Driver/Src/stm32h7xx_ll_sdmmc.c ****   uint32_t errorstate;
 2416              		.loc 1 1192 3 is_stmt 1 view .LVU719
1193:Drivers/STM32H7xx_HAL_Driver/Src/stm32h7xx_ll_sdmmc.c **** 
 2417              		.loc 1 1193 3 view .LVU720
1197:Drivers/STM32H7xx_HAL_Driver/Src/stm32h7xx_ll_sdmmc.c ****   sdmmc_cmdinit.CmdIndex         = SDMMC_CMD_HS_SWITCH;
 2418              		.loc 1 1197 3 view .LVU721
1197:Drivers/STM32H7xx_HAL_Driver/Src/stm32h7xx_ll_sdmmc.c ****   sdmmc_cmdinit.CmdIndex         = SDMMC_CMD_HS_SWITCH;
 2419              		.loc 1 1197 34 is_stmt 0 view .LVU722
 2420 0006 0191     		str	r1, [sp, #4]
1198:Drivers/STM32H7xx_HAL_Driver/Src/stm32h7xx_ll_sdmmc.c ****   sdmmc_cmdinit.Response         = SDMMC_RESPONSE_SHORT;
 2421              		.loc 1 1198 3 is_stmt 1 view .LVU723
1198:Drivers/STM32H7xx_HAL_Driver/Src/stm32h7xx_ll_sdmmc.c ****   sdmmc_cmdinit.Response         = SDMMC_RESPONSE_SHORT;
 2422              		.loc 1 1198 34 is_stmt 0 view .LVU724
 2423 0008 0625     		movs	r5, #6
 2424 000a 0295     		str	r5, [sp, #8]
1199:Drivers/STM32H7xx_HAL_Driver/Src/stm32h7xx_ll_sdmmc.c ****   sdmmc_cmdinit.WaitForInterrupt = SDMMC_WAIT_NO;
 2425              		.loc 1 1199 3 is_stmt 1 view .LVU725
1199:Drivers/STM32H7xx_HAL_Driver/Src/stm32h7xx_ll_sdmmc.c ****   sdmmc_cmdinit.WaitForInterrupt = SDMMC_WAIT_NO;
 2426              		.loc 1 1199 34 is_stmt 0 view .LVU726
 2427 000c 4FF48073 		mov	r3, #256
 2428 0010 0393     		str	r3, [sp, #12]
1200:Drivers/STM32H7xx_HAL_Driver/Src/stm32h7xx_ll_sdmmc.c ****   sdmmc_cmdinit.CPSM             = SDMMC_CPSM_ENABLE;
 2429              		.loc 1 1200 3 is_stmt 1 view .LVU727
1200:Drivers/STM32H7xx_HAL_Driver/Src/stm32h7xx_ll_sdmmc.c ****   sdmmc_cmdinit.CPSM             = SDMMC_CPSM_ENABLE;
 2430              		.loc 1 1200 34 is_stmt 0 view .LVU728
 2431 0012 0023     		movs	r3, #0
 2432 0014 0493     		str	r3, [sp, #16]
1201:Drivers/STM32H7xx_HAL_Driver/Src/stm32h7xx_ll_sdmmc.c ****   (void)SDMMC_SendCommand(SDMMCx, &sdmmc_cmdinit);
 2433              		.loc 1 1201 3 is_stmt 1 view .LVU729
1201:Drivers/STM32H7xx_HAL_Driver/Src/stm32h7xx_ll_sdmmc.c ****   (void)SDMMC_SendCommand(SDMMCx, &sdmmc_cmdinit);
 2434              		.loc 1 1201 34 is_stmt 0 view .LVU730
 2435 0016 4FF48053 		mov	r3, #4096
 2436 001a 0593     		str	r3, [sp, #20]
1202:Drivers/STM32H7xx_HAL_Driver/Src/stm32h7xx_ll_sdmmc.c **** 
 2437              		.loc 1 1202 3 is_stmt 1 view .LVU731
1202:Drivers/STM32H7xx_HAL_Driver/Src/stm32h7xx_ll_sdmmc.c **** 
 2438              		.loc 1 1202 9 is_stmt 0 view .LVU732
 2439 001c 01A9     		add	r1, sp, #4
 2440              	.LVL147:
1202:Drivers/STM32H7xx_HAL_Driver/Src/stm32h7xx_ll_sdmmc.c **** 
 2441              		.loc 1 1202 9 view .LVU733
 2442 001e FFF7FEFF 		bl	SDMMC_SendCommand
 2443              	.LVL148:
1205:Drivers/STM32H7xx_HAL_Driver/Src/stm32h7xx_ll_sdmmc.c **** 
 2444              		.loc 1 1205 3 is_stmt 1 view .LVU734
1205:Drivers/STM32H7xx_HAL_Driver/Src/stm32h7xx_ll_sdmmc.c **** 
 2445              		.loc 1 1205 16 is_stmt 0 view .LVU735
 2446 0022 41F28832 		movw	r2, #5000
 2447 0026 2946     		mov	r1, r5
 2448 0028 2046     		mov	r0, r4
 2449 002a FFF7FEFF 		bl	SDMMC_GetCmdResp1
 2450              	.LVL149:
1207:Drivers/STM32H7xx_HAL_Driver/Src/stm32h7xx_ll_sdmmc.c **** }
 2451              		.loc 1 1207 3 is_stmt 1 view .LVU736
1208:Drivers/STM32H7xx_HAL_Driver/Src/stm32h7xx_ll_sdmmc.c **** 
 2452              		.loc 1 1208 1 is_stmt 0 view .LVU737
 2453 002e 07B0     		add	sp, sp, #28
ARM GAS  C:\Users\Made\AppData\Local\Temp\ccTdy2Vr.s 			page 88


 2454              	.LCFI69:
 2455              		.cfi_def_cfa_offset 12
 2456              		@ sp needed
 2457 0030 30BD     		pop	{r4, r5, pc}
1208:Drivers/STM32H7xx_HAL_Driver/Src/stm32h7xx_ll_sdmmc.c **** 
 2458              		.loc 1 1208 1 view .LVU738
 2459              		.cfi_endproc
 2460              	.LFE376:
 2462              		.section	.text.SDMMC_CmdVoltageSwitch,"ax",%progbits
 2463              		.align	1
 2464              		.global	SDMMC_CmdVoltageSwitch
 2465              		.syntax unified
 2466              		.thumb
 2467              		.thumb_func
 2469              	SDMMC_CmdVoltageSwitch:
 2470              	.LVL150:
 2471              	.LFB377:
1217:Drivers/STM32H7xx_HAL_Driver/Src/stm32h7xx_ll_sdmmc.c ****   SDMMC_CmdInitTypeDef  sdmmc_cmdinit;
 2472              		.loc 1 1217 1 is_stmt 1 view -0
 2473              		.cfi_startproc
 2474              		@ args = 0, pretend = 0, frame = 24
 2475              		@ frame_needed = 0, uses_anonymous_args = 0
1217:Drivers/STM32H7xx_HAL_Driver/Src/stm32h7xx_ll_sdmmc.c ****   SDMMC_CmdInitTypeDef  sdmmc_cmdinit;
 2476              		.loc 1 1217 1 is_stmt 0 view .LVU740
 2477 0000 30B5     		push	{r4, r5, lr}
 2478              	.LCFI70:
 2479              		.cfi_def_cfa_offset 12
 2480              		.cfi_offset 4, -12
 2481              		.cfi_offset 5, -8
 2482              		.cfi_offset 14, -4
 2483 0002 87B0     		sub	sp, sp, #28
 2484              	.LCFI71:
 2485              		.cfi_def_cfa_offset 40
 2486 0004 0446     		mov	r4, r0
1218:Drivers/STM32H7xx_HAL_Driver/Src/stm32h7xx_ll_sdmmc.c ****   uint32_t errorstate;
 2487              		.loc 1 1218 3 is_stmt 1 view .LVU741
1219:Drivers/STM32H7xx_HAL_Driver/Src/stm32h7xx_ll_sdmmc.c **** 
 2488              		.loc 1 1219 3 view .LVU742
1221:Drivers/STM32H7xx_HAL_Driver/Src/stm32h7xx_ll_sdmmc.c ****   sdmmc_cmdinit.CmdIndex         = SDMMC_CMD_VOLTAGE_SWITCH;
 2489              		.loc 1 1221 3 view .LVU743
1221:Drivers/STM32H7xx_HAL_Driver/Src/stm32h7xx_ll_sdmmc.c ****   sdmmc_cmdinit.CmdIndex         = SDMMC_CMD_VOLTAGE_SWITCH;
 2490              		.loc 1 1221 34 is_stmt 0 view .LVU744
 2491 0006 0023     		movs	r3, #0
 2492 0008 0193     		str	r3, [sp, #4]
1222:Drivers/STM32H7xx_HAL_Driver/Src/stm32h7xx_ll_sdmmc.c ****   sdmmc_cmdinit.Response         = SDMMC_RESPONSE_SHORT;
 2493              		.loc 1 1222 3 is_stmt 1 view .LVU745
1222:Drivers/STM32H7xx_HAL_Driver/Src/stm32h7xx_ll_sdmmc.c ****   sdmmc_cmdinit.Response         = SDMMC_RESPONSE_SHORT;
 2494              		.loc 1 1222 34 is_stmt 0 view .LVU746
 2495 000a 0B25     		movs	r5, #11
 2496 000c 0295     		str	r5, [sp, #8]
1223:Drivers/STM32H7xx_HAL_Driver/Src/stm32h7xx_ll_sdmmc.c ****   sdmmc_cmdinit.WaitForInterrupt = SDMMC_WAIT_NO;
 2497              		.loc 1 1223 3 is_stmt 1 view .LVU747
1223:Drivers/STM32H7xx_HAL_Driver/Src/stm32h7xx_ll_sdmmc.c ****   sdmmc_cmdinit.WaitForInterrupt = SDMMC_WAIT_NO;
 2498              		.loc 1 1223 34 is_stmt 0 view .LVU748
 2499 000e 4FF48072 		mov	r2, #256
 2500 0012 0392     		str	r2, [sp, #12]
1224:Drivers/STM32H7xx_HAL_Driver/Src/stm32h7xx_ll_sdmmc.c ****   sdmmc_cmdinit.CPSM             = SDMMC_CPSM_ENABLE;
ARM GAS  C:\Users\Made\AppData\Local\Temp\ccTdy2Vr.s 			page 89


 2501              		.loc 1 1224 3 is_stmt 1 view .LVU749
1224:Drivers/STM32H7xx_HAL_Driver/Src/stm32h7xx_ll_sdmmc.c ****   sdmmc_cmdinit.CPSM             = SDMMC_CPSM_ENABLE;
 2502              		.loc 1 1224 34 is_stmt 0 view .LVU750
 2503 0014 0493     		str	r3, [sp, #16]
1225:Drivers/STM32H7xx_HAL_Driver/Src/stm32h7xx_ll_sdmmc.c ****   (void)SDMMC_SendCommand(SDMMCx, &sdmmc_cmdinit);
 2504              		.loc 1 1225 3 is_stmt 1 view .LVU751
1225:Drivers/STM32H7xx_HAL_Driver/Src/stm32h7xx_ll_sdmmc.c ****   (void)SDMMC_SendCommand(SDMMCx, &sdmmc_cmdinit);
 2505              		.loc 1 1225 34 is_stmt 0 view .LVU752
 2506 0016 4FF48053 		mov	r3, #4096
 2507 001a 0593     		str	r3, [sp, #20]
1226:Drivers/STM32H7xx_HAL_Driver/Src/stm32h7xx_ll_sdmmc.c **** 
 2508              		.loc 1 1226 3 is_stmt 1 view .LVU753
1226:Drivers/STM32H7xx_HAL_Driver/Src/stm32h7xx_ll_sdmmc.c **** 
 2509              		.loc 1 1226 9 is_stmt 0 view .LVU754
 2510 001c 01A9     		add	r1, sp, #4
 2511 001e FFF7FEFF 		bl	SDMMC_SendCommand
 2512              	.LVL151:
1229:Drivers/STM32H7xx_HAL_Driver/Src/stm32h7xx_ll_sdmmc.c **** 
 2513              		.loc 1 1229 3 is_stmt 1 view .LVU755
1229:Drivers/STM32H7xx_HAL_Driver/Src/stm32h7xx_ll_sdmmc.c **** 
 2514              		.loc 1 1229 16 is_stmt 0 view .LVU756
 2515 0022 41F28832 		movw	r2, #5000
 2516 0026 2946     		mov	r1, r5
 2517 0028 2046     		mov	r0, r4
 2518 002a FFF7FEFF 		bl	SDMMC_GetCmdResp1
 2519              	.LVL152:
1231:Drivers/STM32H7xx_HAL_Driver/Src/stm32h7xx_ll_sdmmc.c **** }
 2520              		.loc 1 1231 3 is_stmt 1 view .LVU757
1232:Drivers/STM32H7xx_HAL_Driver/Src/stm32h7xx_ll_sdmmc.c **** 
 2521              		.loc 1 1232 1 is_stmt 0 view .LVU758
 2522 002e 07B0     		add	sp, sp, #28
 2523              	.LCFI72:
 2524              		.cfi_def_cfa_offset 12
 2525              		@ sp needed
 2526 0030 30BD     		pop	{r4, r5, pc}
1232:Drivers/STM32H7xx_HAL_Driver/Src/stm32h7xx_ll_sdmmc.c **** 
 2527              		.loc 1 1232 1 view .LVU759
 2528              		.cfi_endproc
 2529              	.LFE377:
 2531              		.section	.text.SDMMC_CmdSendEXTCSD,"ax",%progbits
 2532              		.align	1
 2533              		.global	SDMMC_CmdSendEXTCSD
 2534              		.syntax unified
 2535              		.thumb
 2536              		.thumb_func
 2538              	SDMMC_CmdSendEXTCSD:
 2539              	.LVL153:
 2540              	.LFB378:
1241:Drivers/STM32H7xx_HAL_Driver/Src/stm32h7xx_ll_sdmmc.c ****   SDMMC_CmdInitTypeDef  sdmmc_cmdinit;
 2541              		.loc 1 1241 1 is_stmt 1 view -0
 2542              		.cfi_startproc
 2543              		@ args = 0, pretend = 0, frame = 24
 2544              		@ frame_needed = 0, uses_anonymous_args = 0
1241:Drivers/STM32H7xx_HAL_Driver/Src/stm32h7xx_ll_sdmmc.c ****   SDMMC_CmdInitTypeDef  sdmmc_cmdinit;
 2545              		.loc 1 1241 1 is_stmt 0 view .LVU761
 2546 0000 30B5     		push	{r4, r5, lr}
 2547              	.LCFI73:
ARM GAS  C:\Users\Made\AppData\Local\Temp\ccTdy2Vr.s 			page 90


 2548              		.cfi_def_cfa_offset 12
 2549              		.cfi_offset 4, -12
 2550              		.cfi_offset 5, -8
 2551              		.cfi_offset 14, -4
 2552 0002 87B0     		sub	sp, sp, #28
 2553              	.LCFI74:
 2554              		.cfi_def_cfa_offset 40
 2555 0004 0446     		mov	r4, r0
1242:Drivers/STM32H7xx_HAL_Driver/Src/stm32h7xx_ll_sdmmc.c ****   uint32_t errorstate;
 2556              		.loc 1 1242 3 is_stmt 1 view .LVU762
1243:Drivers/STM32H7xx_HAL_Driver/Src/stm32h7xx_ll_sdmmc.c **** 
 2557              		.loc 1 1243 3 view .LVU763
1246:Drivers/STM32H7xx_HAL_Driver/Src/stm32h7xx_ll_sdmmc.c ****   sdmmc_cmdinit.CmdIndex         = SDMMC_CMD_HS_SEND_EXT_CSD;
 2558              		.loc 1 1246 3 view .LVU764
1246:Drivers/STM32H7xx_HAL_Driver/Src/stm32h7xx_ll_sdmmc.c ****   sdmmc_cmdinit.CmdIndex         = SDMMC_CMD_HS_SEND_EXT_CSD;
 2559              		.loc 1 1246 34 is_stmt 0 view .LVU765
 2560 0006 0191     		str	r1, [sp, #4]
1247:Drivers/STM32H7xx_HAL_Driver/Src/stm32h7xx_ll_sdmmc.c ****   sdmmc_cmdinit.Response         = SDMMC_RESPONSE_SHORT;
 2561              		.loc 1 1247 3 is_stmt 1 view .LVU766
1247:Drivers/STM32H7xx_HAL_Driver/Src/stm32h7xx_ll_sdmmc.c ****   sdmmc_cmdinit.Response         = SDMMC_RESPONSE_SHORT;
 2562              		.loc 1 1247 34 is_stmt 0 view .LVU767
 2563 0008 0825     		movs	r5, #8
 2564 000a 0295     		str	r5, [sp, #8]
1248:Drivers/STM32H7xx_HAL_Driver/Src/stm32h7xx_ll_sdmmc.c ****   sdmmc_cmdinit.WaitForInterrupt = SDMMC_WAIT_NO;
 2565              		.loc 1 1248 3 is_stmt 1 view .LVU768
1248:Drivers/STM32H7xx_HAL_Driver/Src/stm32h7xx_ll_sdmmc.c ****   sdmmc_cmdinit.WaitForInterrupt = SDMMC_WAIT_NO;
 2566              		.loc 1 1248 34 is_stmt 0 view .LVU769
 2567 000c 4FF48073 		mov	r3, #256
 2568 0010 0393     		str	r3, [sp, #12]
1249:Drivers/STM32H7xx_HAL_Driver/Src/stm32h7xx_ll_sdmmc.c ****   sdmmc_cmdinit.CPSM             = SDMMC_CPSM_ENABLE;
 2569              		.loc 1 1249 3 is_stmt 1 view .LVU770
1249:Drivers/STM32H7xx_HAL_Driver/Src/stm32h7xx_ll_sdmmc.c ****   sdmmc_cmdinit.CPSM             = SDMMC_CPSM_ENABLE;
 2570              		.loc 1 1249 34 is_stmt 0 view .LVU771
 2571 0012 0023     		movs	r3, #0
 2572 0014 0493     		str	r3, [sp, #16]
1250:Drivers/STM32H7xx_HAL_Driver/Src/stm32h7xx_ll_sdmmc.c ****   (void)SDMMC_SendCommand(SDMMCx, &sdmmc_cmdinit);
 2573              		.loc 1 1250 3 is_stmt 1 view .LVU772
1250:Drivers/STM32H7xx_HAL_Driver/Src/stm32h7xx_ll_sdmmc.c ****   (void)SDMMC_SendCommand(SDMMCx, &sdmmc_cmdinit);
 2574              		.loc 1 1250 34 is_stmt 0 view .LVU773
 2575 0016 4FF48053 		mov	r3, #4096
 2576 001a 0593     		str	r3, [sp, #20]
1251:Drivers/STM32H7xx_HAL_Driver/Src/stm32h7xx_ll_sdmmc.c **** 
 2577              		.loc 1 1251 3 is_stmt 1 view .LVU774
1251:Drivers/STM32H7xx_HAL_Driver/Src/stm32h7xx_ll_sdmmc.c **** 
 2578              		.loc 1 1251 9 is_stmt 0 view .LVU775
 2579 001c 01A9     		add	r1, sp, #4
 2580              	.LVL154:
1251:Drivers/STM32H7xx_HAL_Driver/Src/stm32h7xx_ll_sdmmc.c **** 
 2581              		.loc 1 1251 9 view .LVU776
 2582 001e FFF7FEFF 		bl	SDMMC_SendCommand
 2583              	.LVL155:
1254:Drivers/STM32H7xx_HAL_Driver/Src/stm32h7xx_ll_sdmmc.c **** 
 2584              		.loc 1 1254 3 is_stmt 1 view .LVU777
1254:Drivers/STM32H7xx_HAL_Driver/Src/stm32h7xx_ll_sdmmc.c **** 
 2585              		.loc 1 1254 16 is_stmt 0 view .LVU778
 2586 0022 41F28832 		movw	r2, #5000
 2587 0026 2946     		mov	r1, r5
ARM GAS  C:\Users\Made\AppData\Local\Temp\ccTdy2Vr.s 			page 91


 2588 0028 2046     		mov	r0, r4
 2589 002a FFF7FEFF 		bl	SDMMC_GetCmdResp1
 2590              	.LVL156:
1256:Drivers/STM32H7xx_HAL_Driver/Src/stm32h7xx_ll_sdmmc.c **** }
 2591              		.loc 1 1256 3 is_stmt 1 view .LVU779
1257:Drivers/STM32H7xx_HAL_Driver/Src/stm32h7xx_ll_sdmmc.c **** 
 2592              		.loc 1 1257 1 is_stmt 0 view .LVU780
 2593 002e 07B0     		add	sp, sp, #28
 2594              	.LCFI75:
 2595              		.cfi_def_cfa_offset 12
 2596              		@ sp needed
 2597 0030 30BD     		pop	{r4, r5, pc}
1257:Drivers/STM32H7xx_HAL_Driver/Src/stm32h7xx_ll_sdmmc.c **** 
 2598              		.loc 1 1257 1 view .LVU781
 2599              		.cfi_endproc
 2600              	.LFE378:
 2602              		.section	.text.SDMMC_GetCmdResp2,"ax",%progbits
 2603              		.align	1
 2604              		.global	SDMMC_GetCmdResp2
 2605              		.syntax unified
 2606              		.thumb
 2607              		.thumb_func
 2609              	SDMMC_GetCmdResp2:
 2610              	.LVL157:
 2611              	.LFB383:
1491:Drivers/STM32H7xx_HAL_Driver/Src/stm32h7xx_ll_sdmmc.c ****   uint32_t sta_reg;
 2612              		.loc 1 1491 1 is_stmt 1 view -0
 2613              		.cfi_startproc
 2614              		@ args = 0, pretend = 0, frame = 0
 2615              		@ frame_needed = 0, uses_anonymous_args = 0
 2616              		@ link register save eliminated.
1491:Drivers/STM32H7xx_HAL_Driver/Src/stm32h7xx_ll_sdmmc.c ****   uint32_t sta_reg;
 2617              		.loc 1 1491 1 is_stmt 0 view .LVU783
 2618 0000 0146     		mov	r1, r0
1492:Drivers/STM32H7xx_HAL_Driver/Src/stm32h7xx_ll_sdmmc.c ****   /* 8 is the number of required instructions cycles for the below loop statement.
 2619              		.loc 1 1492 3 is_stmt 1 view .LVU784
1495:Drivers/STM32H7xx_HAL_Driver/Src/stm32h7xx_ll_sdmmc.c **** 
 2620              		.loc 1 1495 3 view .LVU785
1495:Drivers/STM32H7xx_HAL_Driver/Src/stm32h7xx_ll_sdmmc.c **** 
 2621              		.loc 1 1495 61 is_stmt 0 view .LVU786
 2622 0002 144B     		ldr	r3, .L117
 2623 0004 1B68     		ldr	r3, [r3]
 2624 0006 144A     		ldr	r2, .L117+4
 2625 0008 A2FB0323 		umull	r2, r3, r2, r3
 2626 000c 5B0A     		lsrs	r3, r3, #9
1495:Drivers/STM32H7xx_HAL_Driver/Src/stm32h7xx_ll_sdmmc.c **** 
 2627              		.loc 1 1495 12 view .LVU787
 2628 000e 41F28832 		movw	r2, #5000
 2629 0012 02FB03F3 		mul	r3, r2, r3
 2630              	.LVL158:
 2631              	.L111:
1497:Drivers/STM32H7xx_HAL_Driver/Src/stm32h7xx_ll_sdmmc.c ****   {
 2632              		.loc 1 1497 3 is_stmt 1 view .LVU788
1499:Drivers/STM32H7xx_HAL_Driver/Src/stm32h7xx_ll_sdmmc.c ****     {
 2633              		.loc 1 1499 5 view .LVU789
 2634 0016 1A46     		mov	r2, r3
1499:Drivers/STM32H7xx_HAL_Driver/Src/stm32h7xx_ll_sdmmc.c ****     {
ARM GAS  C:\Users\Made\AppData\Local\Temp\ccTdy2Vr.s 			page 92


 2635              		.loc 1 1499 14 is_stmt 0 view .LVU790
 2636 0018 013B     		subs	r3, r3, #1
 2637              	.LVL159:
1499:Drivers/STM32H7xx_HAL_Driver/Src/stm32h7xx_ll_sdmmc.c ****     {
 2638              		.loc 1 1499 8 view .LVU791
 2639 001a BAB1     		cbz	r2, .L114
1503:Drivers/STM32H7xx_HAL_Driver/Src/stm32h7xx_ll_sdmmc.c ****   } while (((sta_reg & (SDMMC_FLAG_CCRCFAIL | SDMMC_FLAG_CMDREND | SDMMC_FLAG_CTIMEOUT)) == 0U) ||
 2640              		.loc 1 1503 5 is_stmt 1 view .LVU792
1503:Drivers/STM32H7xx_HAL_Driver/Src/stm32h7xx_ll_sdmmc.c ****   } while (((sta_reg & (SDMMC_FLAG_CCRCFAIL | SDMMC_FLAG_CMDREND | SDMMC_FLAG_CTIMEOUT)) == 0U) ||
 2641              		.loc 1 1503 13 is_stmt 0 view .LVU793
 2642 001c 4A6B     		ldr	r2, [r1, #52]
 2643              	.LVL160:
1504:Drivers/STM32H7xx_HAL_Driver/Src/stm32h7xx_ll_sdmmc.c ****            ((sta_reg & SDMMC_FLAG_CMDACT) != 0U));
 2644              		.loc 1 1504 97 is_stmt 1 view .LVU794
 2645 001e 12F0450F 		tst	r2, #69
 2646 0022 F8D0     		beq	.L111
1504:Drivers/STM32H7xx_HAL_Driver/Src/stm32h7xx_ll_sdmmc.c ****            ((sta_reg & SDMMC_FLAG_CMDACT) != 0U));
 2647              		.loc 1 1504 97 is_stmt 0 discriminator 1 view .LVU795
 2648 0024 12F4005F 		tst	r2, #8192
 2649 0028 F5D1     		bne	.L111
1507:Drivers/STM32H7xx_HAL_Driver/Src/stm32h7xx_ll_sdmmc.c ****   {
 2650              		.loc 1 1507 3 is_stmt 1 view .LVU796
1507:Drivers/STM32H7xx_HAL_Driver/Src/stm32h7xx_ll_sdmmc.c ****   {
 2651              		.loc 1 1507 7 is_stmt 0 view .LVU797
 2652 002a 4B6B     		ldr	r3, [r1, #52]
 2653              	.LVL161:
1507:Drivers/STM32H7xx_HAL_Driver/Src/stm32h7xx_ll_sdmmc.c ****   {
 2654              		.loc 1 1507 6 view .LVU798
 2655 002c 13F0040F 		tst	r3, #4
 2656 0030 06D1     		bne	.L115
1513:Drivers/STM32H7xx_HAL_Driver/Src/stm32h7xx_ll_sdmmc.c ****   {
 2657              		.loc 1 1513 8 is_stmt 1 view .LVU799
1513:Drivers/STM32H7xx_HAL_Driver/Src/stm32h7xx_ll_sdmmc.c ****   {
 2658              		.loc 1 1513 12 is_stmt 0 view .LVU800
 2659 0032 486B     		ldr	r0, [r1, #52]
 2660              	.LVL162:
1513:Drivers/STM32H7xx_HAL_Driver/Src/stm32h7xx_ll_sdmmc.c ****   {
 2661              		.loc 1 1513 11 view .LVU801
 2662 0034 10F00100 		ands	r0, r0, #1
 2663 0038 05D1     		bne	.L116
1523:Drivers/STM32H7xx_HAL_Driver/Src/stm32h7xx_ll_sdmmc.c ****   }
 2664              		.loc 1 1523 5 is_stmt 1 view .LVU802
 2665 003a 084B     		ldr	r3, .L117+8
 2666 003c 8B63     		str	r3, [r1, #56]
1526:Drivers/STM32H7xx_HAL_Driver/Src/stm32h7xx_ll_sdmmc.c **** }
 2667              		.loc 1 1526 3 view .LVU803
1526:Drivers/STM32H7xx_HAL_Driver/Src/stm32h7xx_ll_sdmmc.c **** }
 2668              		.loc 1 1526 10 is_stmt 0 view .LVU804
 2669 003e 7047     		bx	lr
 2670              	.LVL163:
 2671              	.L115:
1509:Drivers/STM32H7xx_HAL_Driver/Src/stm32h7xx_ll_sdmmc.c **** 
 2672              		.loc 1 1509 5 is_stmt 1 view .LVU805
 2673 0040 0420     		movs	r0, #4
 2674              	.LVL164:
1509:Drivers/STM32H7xx_HAL_Driver/Src/stm32h7xx_ll_sdmmc.c **** 
 2675              		.loc 1 1509 5 is_stmt 0 view .LVU806
ARM GAS  C:\Users\Made\AppData\Local\Temp\ccTdy2Vr.s 			page 93


 2676 0042 8863     		str	r0, [r1, #56]
1511:Drivers/STM32H7xx_HAL_Driver/Src/stm32h7xx_ll_sdmmc.c ****   }
 2677              		.loc 1 1511 5 is_stmt 1 view .LVU807
1511:Drivers/STM32H7xx_HAL_Driver/Src/stm32h7xx_ll_sdmmc.c ****   }
 2678              		.loc 1 1511 12 is_stmt 0 view .LVU808
 2679 0044 7047     		bx	lr
 2680              	.L116:
1515:Drivers/STM32H7xx_HAL_Driver/Src/stm32h7xx_ll_sdmmc.c **** 
 2681              		.loc 1 1515 5 is_stmt 1 view .LVU809
 2682 0046 0120     		movs	r0, #1
 2683 0048 8863     		str	r0, [r1, #56]
1517:Drivers/STM32H7xx_HAL_Driver/Src/stm32h7xx_ll_sdmmc.c ****   }
 2684              		.loc 1 1517 5 view .LVU810
1517:Drivers/STM32H7xx_HAL_Driver/Src/stm32h7xx_ll_sdmmc.c ****   }
 2685              		.loc 1 1517 12 is_stmt 0 view .LVU811
 2686 004a 7047     		bx	lr
 2687              	.LVL165:
 2688              	.L114:
1501:Drivers/STM32H7xx_HAL_Driver/Src/stm32h7xx_ll_sdmmc.c ****     }
 2689              		.loc 1 1501 14 view .LVU812
 2690 004c 4FF00040 		mov	r0, #-2147483648
 2691              	.LVL166:
1527:Drivers/STM32H7xx_HAL_Driver/Src/stm32h7xx_ll_sdmmc.c **** 
 2692              		.loc 1 1527 1 view .LVU813
 2693 0050 7047     		bx	lr
 2694              	.L118:
 2695 0052 00BF     		.align	2
 2696              	.L117:
 2697 0054 00000000 		.word	SystemCoreClock
 2698 0058 D34D6210 		.word	274877907
 2699 005c C5002000 		.word	2097349
 2700              		.cfi_endproc
 2701              	.LFE383:
 2703              		.section	.text.SDMMC_CmdSendCID,"ax",%progbits
 2704              		.align	1
 2705              		.global	SDMMC_CmdSendCID
 2706              		.syntax unified
 2707              		.thumb
 2708              		.thumb_func
 2710              	SDMMC_CmdSendCID:
 2711              	.LVL167:
 2712              	.LFB368:
 994:Drivers/STM32H7xx_HAL_Driver/Src/stm32h7xx_ll_sdmmc.c ****   SDMMC_CmdInitTypeDef  sdmmc_cmdinit;
 2713              		.loc 1 994 1 is_stmt 1 view -0
 2714              		.cfi_startproc
 2715              		@ args = 0, pretend = 0, frame = 24
 2716              		@ frame_needed = 0, uses_anonymous_args = 0
 994:Drivers/STM32H7xx_HAL_Driver/Src/stm32h7xx_ll_sdmmc.c ****   SDMMC_CmdInitTypeDef  sdmmc_cmdinit;
 2717              		.loc 1 994 1 is_stmt 0 view .LVU815
 2718 0000 10B5     		push	{r4, lr}
 2719              	.LCFI76:
 2720              		.cfi_def_cfa_offset 8
 2721              		.cfi_offset 4, -8
 2722              		.cfi_offset 14, -4
 2723 0002 86B0     		sub	sp, sp, #24
 2724              	.LCFI77:
 2725              		.cfi_def_cfa_offset 32
ARM GAS  C:\Users\Made\AppData\Local\Temp\ccTdy2Vr.s 			page 94


 2726 0004 0446     		mov	r4, r0
 995:Drivers/STM32H7xx_HAL_Driver/Src/stm32h7xx_ll_sdmmc.c ****   uint32_t errorstate;
 2727              		.loc 1 995 3 is_stmt 1 view .LVU816
 996:Drivers/STM32H7xx_HAL_Driver/Src/stm32h7xx_ll_sdmmc.c **** 
 2728              		.loc 1 996 3 view .LVU817
 999:Drivers/STM32H7xx_HAL_Driver/Src/stm32h7xx_ll_sdmmc.c ****   sdmmc_cmdinit.CmdIndex         = SDMMC_CMD_ALL_SEND_CID;
 2729              		.loc 1 999 3 view .LVU818
 999:Drivers/STM32H7xx_HAL_Driver/Src/stm32h7xx_ll_sdmmc.c ****   sdmmc_cmdinit.CmdIndex         = SDMMC_CMD_ALL_SEND_CID;
 2730              		.loc 1 999 34 is_stmt 0 view .LVU819
 2731 0006 0023     		movs	r3, #0
 2732 0008 0193     		str	r3, [sp, #4]
1000:Drivers/STM32H7xx_HAL_Driver/Src/stm32h7xx_ll_sdmmc.c ****   sdmmc_cmdinit.Response         = SDMMC_RESPONSE_LONG;
 2733              		.loc 1 1000 3 is_stmt 1 view .LVU820
1000:Drivers/STM32H7xx_HAL_Driver/Src/stm32h7xx_ll_sdmmc.c ****   sdmmc_cmdinit.Response         = SDMMC_RESPONSE_LONG;
 2734              		.loc 1 1000 34 is_stmt 0 view .LVU821
 2735 000a 0222     		movs	r2, #2
 2736 000c 0292     		str	r2, [sp, #8]
1001:Drivers/STM32H7xx_HAL_Driver/Src/stm32h7xx_ll_sdmmc.c ****   sdmmc_cmdinit.WaitForInterrupt = SDMMC_WAIT_NO;
 2737              		.loc 1 1001 3 is_stmt 1 view .LVU822
1001:Drivers/STM32H7xx_HAL_Driver/Src/stm32h7xx_ll_sdmmc.c ****   sdmmc_cmdinit.WaitForInterrupt = SDMMC_WAIT_NO;
 2738              		.loc 1 1001 34 is_stmt 0 view .LVU823
 2739 000e 4FF44072 		mov	r2, #768
 2740 0012 0392     		str	r2, [sp, #12]
1002:Drivers/STM32H7xx_HAL_Driver/Src/stm32h7xx_ll_sdmmc.c ****   sdmmc_cmdinit.CPSM             = SDMMC_CPSM_ENABLE;
 2741              		.loc 1 1002 3 is_stmt 1 view .LVU824
1002:Drivers/STM32H7xx_HAL_Driver/Src/stm32h7xx_ll_sdmmc.c ****   sdmmc_cmdinit.CPSM             = SDMMC_CPSM_ENABLE;
 2742              		.loc 1 1002 34 is_stmt 0 view .LVU825
 2743 0014 0493     		str	r3, [sp, #16]
1003:Drivers/STM32H7xx_HAL_Driver/Src/stm32h7xx_ll_sdmmc.c ****   (void)SDMMC_SendCommand(SDMMCx, &sdmmc_cmdinit);
 2744              		.loc 1 1003 3 is_stmt 1 view .LVU826
1003:Drivers/STM32H7xx_HAL_Driver/Src/stm32h7xx_ll_sdmmc.c ****   (void)SDMMC_SendCommand(SDMMCx, &sdmmc_cmdinit);
 2745              		.loc 1 1003 34 is_stmt 0 view .LVU827
 2746 0016 4FF48053 		mov	r3, #4096
 2747 001a 0593     		str	r3, [sp, #20]
1004:Drivers/STM32H7xx_HAL_Driver/Src/stm32h7xx_ll_sdmmc.c **** 
 2748              		.loc 1 1004 3 is_stmt 1 view .LVU828
1004:Drivers/STM32H7xx_HAL_Driver/Src/stm32h7xx_ll_sdmmc.c **** 
 2749              		.loc 1 1004 9 is_stmt 0 view .LVU829
 2750 001c 01A9     		add	r1, sp, #4
 2751 001e FFF7FEFF 		bl	SDMMC_SendCommand
 2752              	.LVL168:
1007:Drivers/STM32H7xx_HAL_Driver/Src/stm32h7xx_ll_sdmmc.c **** 
 2753              		.loc 1 1007 3 is_stmt 1 view .LVU830
1007:Drivers/STM32H7xx_HAL_Driver/Src/stm32h7xx_ll_sdmmc.c **** 
 2754              		.loc 1 1007 16 is_stmt 0 view .LVU831
 2755 0022 2046     		mov	r0, r4
 2756 0024 FFF7FEFF 		bl	SDMMC_GetCmdResp2
 2757              	.LVL169:
1009:Drivers/STM32H7xx_HAL_Driver/Src/stm32h7xx_ll_sdmmc.c **** }
 2758              		.loc 1 1009 3 is_stmt 1 view .LVU832
1010:Drivers/STM32H7xx_HAL_Driver/Src/stm32h7xx_ll_sdmmc.c **** 
 2759              		.loc 1 1010 1 is_stmt 0 view .LVU833
 2760 0028 06B0     		add	sp, sp, #24
 2761              	.LCFI78:
 2762              		.cfi_def_cfa_offset 8
 2763              		@ sp needed
 2764 002a 10BD     		pop	{r4, pc}
ARM GAS  C:\Users\Made\AppData\Local\Temp\ccTdy2Vr.s 			page 95


1010:Drivers/STM32H7xx_HAL_Driver/Src/stm32h7xx_ll_sdmmc.c **** 
 2765              		.loc 1 1010 1 view .LVU834
 2766              		.cfi_endproc
 2767              	.LFE368:
 2769              		.section	.text.SDMMC_CmdSendCSD,"ax",%progbits
 2770              		.align	1
 2771              		.global	SDMMC_CmdSendCSD
 2772              		.syntax unified
 2773              		.thumb
 2774              		.thumb_func
 2776              	SDMMC_CmdSendCSD:
 2777              	.LVL170:
 2778              	.LFB369:
1019:Drivers/STM32H7xx_HAL_Driver/Src/stm32h7xx_ll_sdmmc.c ****   SDMMC_CmdInitTypeDef  sdmmc_cmdinit;
 2779              		.loc 1 1019 1 is_stmt 1 view -0
 2780              		.cfi_startproc
 2781              		@ args = 0, pretend = 0, frame = 24
 2782              		@ frame_needed = 0, uses_anonymous_args = 0
1019:Drivers/STM32H7xx_HAL_Driver/Src/stm32h7xx_ll_sdmmc.c ****   SDMMC_CmdInitTypeDef  sdmmc_cmdinit;
 2783              		.loc 1 1019 1 is_stmt 0 view .LVU836
 2784 0000 10B5     		push	{r4, lr}
 2785              	.LCFI79:
 2786              		.cfi_def_cfa_offset 8
 2787              		.cfi_offset 4, -8
 2788              		.cfi_offset 14, -4
 2789 0002 86B0     		sub	sp, sp, #24
 2790              	.LCFI80:
 2791              		.cfi_def_cfa_offset 32
 2792 0004 0446     		mov	r4, r0
1020:Drivers/STM32H7xx_HAL_Driver/Src/stm32h7xx_ll_sdmmc.c ****   uint32_t errorstate;
 2793              		.loc 1 1020 3 is_stmt 1 view .LVU837
1021:Drivers/STM32H7xx_HAL_Driver/Src/stm32h7xx_ll_sdmmc.c **** 
 2794              		.loc 1 1021 3 view .LVU838
1024:Drivers/STM32H7xx_HAL_Driver/Src/stm32h7xx_ll_sdmmc.c ****   sdmmc_cmdinit.CmdIndex         = SDMMC_CMD_SEND_CSD;
 2795              		.loc 1 1024 3 view .LVU839
1024:Drivers/STM32H7xx_HAL_Driver/Src/stm32h7xx_ll_sdmmc.c ****   sdmmc_cmdinit.CmdIndex         = SDMMC_CMD_SEND_CSD;
 2796              		.loc 1 1024 34 is_stmt 0 view .LVU840
 2797 0006 0191     		str	r1, [sp, #4]
1025:Drivers/STM32H7xx_HAL_Driver/Src/stm32h7xx_ll_sdmmc.c ****   sdmmc_cmdinit.Response         = SDMMC_RESPONSE_LONG;
 2798              		.loc 1 1025 3 is_stmt 1 view .LVU841
1025:Drivers/STM32H7xx_HAL_Driver/Src/stm32h7xx_ll_sdmmc.c ****   sdmmc_cmdinit.Response         = SDMMC_RESPONSE_LONG;
 2799              		.loc 1 1025 34 is_stmt 0 view .LVU842
 2800 0008 0923     		movs	r3, #9
 2801 000a 0293     		str	r3, [sp, #8]
1026:Drivers/STM32H7xx_HAL_Driver/Src/stm32h7xx_ll_sdmmc.c ****   sdmmc_cmdinit.WaitForInterrupt = SDMMC_WAIT_NO;
 2802              		.loc 1 1026 3 is_stmt 1 view .LVU843
1026:Drivers/STM32H7xx_HAL_Driver/Src/stm32h7xx_ll_sdmmc.c ****   sdmmc_cmdinit.WaitForInterrupt = SDMMC_WAIT_NO;
 2803              		.loc 1 1026 34 is_stmt 0 view .LVU844
 2804 000c 4FF44073 		mov	r3, #768
 2805 0010 0393     		str	r3, [sp, #12]
1027:Drivers/STM32H7xx_HAL_Driver/Src/stm32h7xx_ll_sdmmc.c ****   sdmmc_cmdinit.CPSM             = SDMMC_CPSM_ENABLE;
 2806              		.loc 1 1027 3 is_stmt 1 view .LVU845
1027:Drivers/STM32H7xx_HAL_Driver/Src/stm32h7xx_ll_sdmmc.c ****   sdmmc_cmdinit.CPSM             = SDMMC_CPSM_ENABLE;
 2807              		.loc 1 1027 34 is_stmt 0 view .LVU846
 2808 0012 0023     		movs	r3, #0
 2809 0014 0493     		str	r3, [sp, #16]
1028:Drivers/STM32H7xx_HAL_Driver/Src/stm32h7xx_ll_sdmmc.c ****   (void)SDMMC_SendCommand(SDMMCx, &sdmmc_cmdinit);
ARM GAS  C:\Users\Made\AppData\Local\Temp\ccTdy2Vr.s 			page 96


 2810              		.loc 1 1028 3 is_stmt 1 view .LVU847
1028:Drivers/STM32H7xx_HAL_Driver/Src/stm32h7xx_ll_sdmmc.c ****   (void)SDMMC_SendCommand(SDMMCx, &sdmmc_cmdinit);
 2811              		.loc 1 1028 34 is_stmt 0 view .LVU848
 2812 0016 4FF48053 		mov	r3, #4096
 2813 001a 0593     		str	r3, [sp, #20]
1029:Drivers/STM32H7xx_HAL_Driver/Src/stm32h7xx_ll_sdmmc.c **** 
 2814              		.loc 1 1029 3 is_stmt 1 view .LVU849
1029:Drivers/STM32H7xx_HAL_Driver/Src/stm32h7xx_ll_sdmmc.c **** 
 2815              		.loc 1 1029 9 is_stmt 0 view .LVU850
 2816 001c 01A9     		add	r1, sp, #4
 2817              	.LVL171:
1029:Drivers/STM32H7xx_HAL_Driver/Src/stm32h7xx_ll_sdmmc.c **** 
 2818              		.loc 1 1029 9 view .LVU851
 2819 001e FFF7FEFF 		bl	SDMMC_SendCommand
 2820              	.LVL172:
1032:Drivers/STM32H7xx_HAL_Driver/Src/stm32h7xx_ll_sdmmc.c **** 
 2821              		.loc 1 1032 3 is_stmt 1 view .LVU852
1032:Drivers/STM32H7xx_HAL_Driver/Src/stm32h7xx_ll_sdmmc.c **** 
 2822              		.loc 1 1032 16 is_stmt 0 view .LVU853
 2823 0022 2046     		mov	r0, r4
 2824 0024 FFF7FEFF 		bl	SDMMC_GetCmdResp2
 2825              	.LVL173:
1034:Drivers/STM32H7xx_HAL_Driver/Src/stm32h7xx_ll_sdmmc.c **** }
 2826              		.loc 1 1034 3 is_stmt 1 view .LVU854
1035:Drivers/STM32H7xx_HAL_Driver/Src/stm32h7xx_ll_sdmmc.c **** 
 2827              		.loc 1 1035 1 is_stmt 0 view .LVU855
 2828 0028 06B0     		add	sp, sp, #24
 2829              	.LCFI81:
 2830              		.cfi_def_cfa_offset 8
 2831              		@ sp needed
 2832 002a 10BD     		pop	{r4, pc}
1035:Drivers/STM32H7xx_HAL_Driver/Src/stm32h7xx_ll_sdmmc.c **** 
 2833              		.loc 1 1035 1 view .LVU856
 2834              		.cfi_endproc
 2835              	.LFE369:
 2837              		.section	.text.SDMMC_GetCmdResp3,"ax",%progbits
 2838              		.align	1
 2839              		.global	SDMMC_GetCmdResp3
 2840              		.syntax unified
 2841              		.thumb
 2842              		.thumb_func
 2844              	SDMMC_GetCmdResp3:
 2845              	.LVL174:
 2846              	.LFB384:
1535:Drivers/STM32H7xx_HAL_Driver/Src/stm32h7xx_ll_sdmmc.c ****   uint32_t sta_reg;
 2847              		.loc 1 1535 1 is_stmt 1 view -0
 2848              		.cfi_startproc
 2849              		@ args = 0, pretend = 0, frame = 0
 2850              		@ frame_needed = 0, uses_anonymous_args = 0
 2851              		@ link register save eliminated.
1535:Drivers/STM32H7xx_HAL_Driver/Src/stm32h7xx_ll_sdmmc.c ****   uint32_t sta_reg;
 2852              		.loc 1 1535 1 is_stmt 0 view .LVU858
 2853 0000 0146     		mov	r1, r0
1536:Drivers/STM32H7xx_HAL_Driver/Src/stm32h7xx_ll_sdmmc.c ****   /* 8 is the number of required instructions cycles for the below loop statement.
 2854              		.loc 1 1536 3 is_stmt 1 view .LVU859
1539:Drivers/STM32H7xx_HAL_Driver/Src/stm32h7xx_ll_sdmmc.c **** 
 2855              		.loc 1 1539 3 view .LVU860
ARM GAS  C:\Users\Made\AppData\Local\Temp\ccTdy2Vr.s 			page 97


1539:Drivers/STM32H7xx_HAL_Driver/Src/stm32h7xx_ll_sdmmc.c **** 
 2856              		.loc 1 1539 61 is_stmt 0 view .LVU861
 2857 0002 104B     		ldr	r3, .L129
 2858 0004 1B68     		ldr	r3, [r3]
 2859 0006 104A     		ldr	r2, .L129+4
 2860 0008 A2FB0323 		umull	r2, r3, r2, r3
 2861 000c 5B0A     		lsrs	r3, r3, #9
1539:Drivers/STM32H7xx_HAL_Driver/Src/stm32h7xx_ll_sdmmc.c **** 
 2862              		.loc 1 1539 12 view .LVU862
 2863 000e 41F28832 		movw	r2, #5000
 2864 0012 02FB03F3 		mul	r3, r2, r3
 2865              	.LVL175:
 2866              	.L125:
1541:Drivers/STM32H7xx_HAL_Driver/Src/stm32h7xx_ll_sdmmc.c ****   {
 2867              		.loc 1 1541 3 is_stmt 1 view .LVU863
1543:Drivers/STM32H7xx_HAL_Driver/Src/stm32h7xx_ll_sdmmc.c ****     {
 2868              		.loc 1 1543 5 view .LVU864
 2869 0016 1A46     		mov	r2, r3
1543:Drivers/STM32H7xx_HAL_Driver/Src/stm32h7xx_ll_sdmmc.c ****     {
 2870              		.loc 1 1543 14 is_stmt 0 view .LVU865
 2871 0018 013B     		subs	r3, r3, #1
 2872              	.LVL176:
1543:Drivers/STM32H7xx_HAL_Driver/Src/stm32h7xx_ll_sdmmc.c ****     {
 2873              		.loc 1 1543 8 view .LVU866
 2874 001a 82B1     		cbz	r2, .L127
1547:Drivers/STM32H7xx_HAL_Driver/Src/stm32h7xx_ll_sdmmc.c ****   } while (((sta_reg & (SDMMC_FLAG_CCRCFAIL | SDMMC_FLAG_CMDREND | SDMMC_FLAG_CTIMEOUT)) == 0U) ||
 2875              		.loc 1 1547 5 is_stmt 1 view .LVU867
1547:Drivers/STM32H7xx_HAL_Driver/Src/stm32h7xx_ll_sdmmc.c ****   } while (((sta_reg & (SDMMC_FLAG_CCRCFAIL | SDMMC_FLAG_CMDREND | SDMMC_FLAG_CTIMEOUT)) == 0U) ||
 2876              		.loc 1 1547 13 is_stmt 0 view .LVU868
 2877 001c 4A6B     		ldr	r2, [r1, #52]
 2878              	.LVL177:
1548:Drivers/STM32H7xx_HAL_Driver/Src/stm32h7xx_ll_sdmmc.c ****            ((sta_reg & SDMMC_FLAG_CMDACT) != 0U));
 2879              		.loc 1 1548 97 is_stmt 1 view .LVU869
 2880 001e 12F0450F 		tst	r2, #69
 2881 0022 F8D0     		beq	.L125
1548:Drivers/STM32H7xx_HAL_Driver/Src/stm32h7xx_ll_sdmmc.c ****            ((sta_reg & SDMMC_FLAG_CMDACT) != 0U));
 2882              		.loc 1 1548 97 is_stmt 0 discriminator 1 view .LVU870
 2883 0024 12F4005F 		tst	r2, #8192
 2884 0028 F5D1     		bne	.L125
1551:Drivers/STM32H7xx_HAL_Driver/Src/stm32h7xx_ll_sdmmc.c ****   {
 2885              		.loc 1 1551 3 is_stmt 1 view .LVU871
1551:Drivers/STM32H7xx_HAL_Driver/Src/stm32h7xx_ll_sdmmc.c ****   {
 2886              		.loc 1 1551 7 is_stmt 0 view .LVU872
 2887 002a 486B     		ldr	r0, [r1, #52]
 2888              	.LVL178:
1551:Drivers/STM32H7xx_HAL_Driver/Src/stm32h7xx_ll_sdmmc.c ****   {
 2889              		.loc 1 1551 6 view .LVU873
 2890 002c 10F00400 		ands	r0, r0, #4
 2891 0030 02D1     		bne	.L128
1560:Drivers/STM32H7xx_HAL_Driver/Src/stm32h7xx_ll_sdmmc.c ****   }
 2892              		.loc 1 1560 5 is_stmt 1 view .LVU874
 2893 0032 064B     		ldr	r3, .L129+8
 2894              	.LVL179:
1560:Drivers/STM32H7xx_HAL_Driver/Src/stm32h7xx_ll_sdmmc.c ****   }
 2895              		.loc 1 1560 5 is_stmt 0 view .LVU875
 2896 0034 8B63     		str	r3, [r1, #56]
1563:Drivers/STM32H7xx_HAL_Driver/Src/stm32h7xx_ll_sdmmc.c **** }
ARM GAS  C:\Users\Made\AppData\Local\Temp\ccTdy2Vr.s 			page 98


 2897              		.loc 1 1563 3 is_stmt 1 view .LVU876
1563:Drivers/STM32H7xx_HAL_Driver/Src/stm32h7xx_ll_sdmmc.c **** }
 2898              		.loc 1 1563 10 is_stmt 0 view .LVU877
 2899 0036 7047     		bx	lr
 2900              	.LVL180:
 2901              	.L128:
1553:Drivers/STM32H7xx_HAL_Driver/Src/stm32h7xx_ll_sdmmc.c **** 
 2902              		.loc 1 1553 5 is_stmt 1 view .LVU878
 2903 0038 0420     		movs	r0, #4
 2904 003a 8863     		str	r0, [r1, #56]
1555:Drivers/STM32H7xx_HAL_Driver/Src/stm32h7xx_ll_sdmmc.c ****   }
 2905              		.loc 1 1555 5 view .LVU879
1555:Drivers/STM32H7xx_HAL_Driver/Src/stm32h7xx_ll_sdmmc.c ****   }
 2906              		.loc 1 1555 12 is_stmt 0 view .LVU880
 2907 003c 7047     		bx	lr
 2908              	.LVL181:
 2909              	.L127:
1545:Drivers/STM32H7xx_HAL_Driver/Src/stm32h7xx_ll_sdmmc.c ****     }
 2910              		.loc 1 1545 14 view .LVU881
 2911 003e 4FF00040 		mov	r0, #-2147483648
 2912              	.LVL182:
1564:Drivers/STM32H7xx_HAL_Driver/Src/stm32h7xx_ll_sdmmc.c **** 
 2913              		.loc 1 1564 1 view .LVU882
 2914 0042 7047     		bx	lr
 2915              	.L130:
 2916              		.align	2
 2917              	.L129:
 2918 0044 00000000 		.word	SystemCoreClock
 2919 0048 D34D6210 		.word	274877907
 2920 004c C5002000 		.word	2097349
 2921              		.cfi_endproc
 2922              	.LFE384:
 2924              		.section	.text.SDMMC_CmdAppOperCommand,"ax",%progbits
 2925              		.align	1
 2926              		.global	SDMMC_CmdAppOperCommand
 2927              		.syntax unified
 2928              		.thumb
 2929              		.thumb_func
 2931              	SDMMC_CmdAppOperCommand:
 2932              	.LVL183:
 2933              	.LFB365:
 923:Drivers/STM32H7xx_HAL_Driver/Src/stm32h7xx_ll_sdmmc.c ****   SDMMC_CmdInitTypeDef  sdmmc_cmdinit;
 2934              		.loc 1 923 1 is_stmt 1 view -0
 2935              		.cfi_startproc
 2936              		@ args = 0, pretend = 0, frame = 24
 2937              		@ frame_needed = 0, uses_anonymous_args = 0
 923:Drivers/STM32H7xx_HAL_Driver/Src/stm32h7xx_ll_sdmmc.c ****   SDMMC_CmdInitTypeDef  sdmmc_cmdinit;
 2938              		.loc 1 923 1 is_stmt 0 view .LVU884
 2939 0000 10B5     		push	{r4, lr}
 2940              	.LCFI82:
 2941              		.cfi_def_cfa_offset 8
 2942              		.cfi_offset 4, -8
 2943              		.cfi_offset 14, -4
 2944 0002 86B0     		sub	sp, sp, #24
 2945              	.LCFI83:
 2946              		.cfi_def_cfa_offset 32
 2947 0004 0446     		mov	r4, r0
ARM GAS  C:\Users\Made\AppData\Local\Temp\ccTdy2Vr.s 			page 99


 924:Drivers/STM32H7xx_HAL_Driver/Src/stm32h7xx_ll_sdmmc.c ****   uint32_t errorstate;
 2948              		.loc 1 924 3 is_stmt 1 view .LVU885
 925:Drivers/STM32H7xx_HAL_Driver/Src/stm32h7xx_ll_sdmmc.c **** 
 2949              		.loc 1 925 3 view .LVU886
 927:Drivers/STM32H7xx_HAL_Driver/Src/stm32h7xx_ll_sdmmc.c ****   sdmmc_cmdinit.CmdIndex         = SDMMC_CMD_SD_APP_OP_COND;
 2950              		.loc 1 927 3 view .LVU887
 927:Drivers/STM32H7xx_HAL_Driver/Src/stm32h7xx_ll_sdmmc.c ****   sdmmc_cmdinit.CmdIndex         = SDMMC_CMD_SD_APP_OP_COND;
 2951              		.loc 1 927 34 is_stmt 0 view .LVU888
 2952 0006 0191     		str	r1, [sp, #4]
 928:Drivers/STM32H7xx_HAL_Driver/Src/stm32h7xx_ll_sdmmc.c ****   sdmmc_cmdinit.Response         = SDMMC_RESPONSE_SHORT;
 2953              		.loc 1 928 3 is_stmt 1 view .LVU889
 928:Drivers/STM32H7xx_HAL_Driver/Src/stm32h7xx_ll_sdmmc.c ****   sdmmc_cmdinit.Response         = SDMMC_RESPONSE_SHORT;
 2954              		.loc 1 928 34 is_stmt 0 view .LVU890
 2955 0008 2923     		movs	r3, #41
 2956 000a 0293     		str	r3, [sp, #8]
 929:Drivers/STM32H7xx_HAL_Driver/Src/stm32h7xx_ll_sdmmc.c ****   sdmmc_cmdinit.WaitForInterrupt = SDMMC_WAIT_NO;
 2957              		.loc 1 929 3 is_stmt 1 view .LVU891
 929:Drivers/STM32H7xx_HAL_Driver/Src/stm32h7xx_ll_sdmmc.c ****   sdmmc_cmdinit.WaitForInterrupt = SDMMC_WAIT_NO;
 2958              		.loc 1 929 34 is_stmt 0 view .LVU892
 2959 000c 4FF48073 		mov	r3, #256
 2960 0010 0393     		str	r3, [sp, #12]
 930:Drivers/STM32H7xx_HAL_Driver/Src/stm32h7xx_ll_sdmmc.c ****   sdmmc_cmdinit.CPSM             = SDMMC_CPSM_ENABLE;
 2961              		.loc 1 930 3 is_stmt 1 view .LVU893
 930:Drivers/STM32H7xx_HAL_Driver/Src/stm32h7xx_ll_sdmmc.c ****   sdmmc_cmdinit.CPSM             = SDMMC_CPSM_ENABLE;
 2962              		.loc 1 930 34 is_stmt 0 view .LVU894
 2963 0012 0023     		movs	r3, #0
 2964 0014 0493     		str	r3, [sp, #16]
 931:Drivers/STM32H7xx_HAL_Driver/Src/stm32h7xx_ll_sdmmc.c ****   (void)SDMMC_SendCommand(SDMMCx, &sdmmc_cmdinit);
 2965              		.loc 1 931 3 is_stmt 1 view .LVU895
 931:Drivers/STM32H7xx_HAL_Driver/Src/stm32h7xx_ll_sdmmc.c ****   (void)SDMMC_SendCommand(SDMMCx, &sdmmc_cmdinit);
 2966              		.loc 1 931 34 is_stmt 0 view .LVU896
 2967 0016 4FF48053 		mov	r3, #4096
 2968 001a 0593     		str	r3, [sp, #20]
 932:Drivers/STM32H7xx_HAL_Driver/Src/stm32h7xx_ll_sdmmc.c **** 
 2969              		.loc 1 932 3 is_stmt 1 view .LVU897
 932:Drivers/STM32H7xx_HAL_Driver/Src/stm32h7xx_ll_sdmmc.c **** 
 2970              		.loc 1 932 9 is_stmt 0 view .LVU898
 2971 001c 01A9     		add	r1, sp, #4
 2972              	.LVL184:
 932:Drivers/STM32H7xx_HAL_Driver/Src/stm32h7xx_ll_sdmmc.c **** 
 2973              		.loc 1 932 9 view .LVU899
 2974 001e FFF7FEFF 		bl	SDMMC_SendCommand
 2975              	.LVL185:
 935:Drivers/STM32H7xx_HAL_Driver/Src/stm32h7xx_ll_sdmmc.c **** 
 2976              		.loc 1 935 3 is_stmt 1 view .LVU900
 935:Drivers/STM32H7xx_HAL_Driver/Src/stm32h7xx_ll_sdmmc.c **** 
 2977              		.loc 1 935 16 is_stmt 0 view .LVU901
 2978 0022 2046     		mov	r0, r4
 2979 0024 FFF7FEFF 		bl	SDMMC_GetCmdResp3
 2980              	.LVL186:
 937:Drivers/STM32H7xx_HAL_Driver/Src/stm32h7xx_ll_sdmmc.c **** }
 2981              		.loc 1 937 3 is_stmt 1 view .LVU902
 938:Drivers/STM32H7xx_HAL_Driver/Src/stm32h7xx_ll_sdmmc.c **** 
 2982              		.loc 1 938 1 is_stmt 0 view .LVU903
 2983 0028 06B0     		add	sp, sp, #24
 2984              	.LCFI84:
 2985              		.cfi_def_cfa_offset 8
ARM GAS  C:\Users\Made\AppData\Local\Temp\ccTdy2Vr.s 			page 100


 2986              		@ sp needed
 2987 002a 10BD     		pop	{r4, pc}
 938:Drivers/STM32H7xx_HAL_Driver/Src/stm32h7xx_ll_sdmmc.c **** 
 2988              		.loc 1 938 1 view .LVU904
 2989              		.cfi_endproc
 2990              	.LFE365:
 2992              		.section	.text.SDMMC_CmdOpCondition,"ax",%progbits
 2993              		.align	1
 2994              		.global	SDMMC_CmdOpCondition
 2995              		.syntax unified
 2996              		.thumb
 2997              		.thumb_func
 2999              	SDMMC_CmdOpCondition:
 3000              	.LVL187:
 3001              	.LFB375:
1167:Drivers/STM32H7xx_HAL_Driver/Src/stm32h7xx_ll_sdmmc.c ****   SDMMC_CmdInitTypeDef  sdmmc_cmdinit;
 3002              		.loc 1 1167 1 is_stmt 1 view -0
 3003              		.cfi_startproc
 3004              		@ args = 0, pretend = 0, frame = 24
 3005              		@ frame_needed = 0, uses_anonymous_args = 0
1167:Drivers/STM32H7xx_HAL_Driver/Src/stm32h7xx_ll_sdmmc.c ****   SDMMC_CmdInitTypeDef  sdmmc_cmdinit;
 3006              		.loc 1 1167 1 is_stmt 0 view .LVU906
 3007 0000 10B5     		push	{r4, lr}
 3008              	.LCFI85:
 3009              		.cfi_def_cfa_offset 8
 3010              		.cfi_offset 4, -8
 3011              		.cfi_offset 14, -4
 3012 0002 86B0     		sub	sp, sp, #24
 3013              	.LCFI86:
 3014              		.cfi_def_cfa_offset 32
 3015 0004 0446     		mov	r4, r0
1168:Drivers/STM32H7xx_HAL_Driver/Src/stm32h7xx_ll_sdmmc.c ****   uint32_t errorstate;
 3016              		.loc 1 1168 3 is_stmt 1 view .LVU907
1169:Drivers/STM32H7xx_HAL_Driver/Src/stm32h7xx_ll_sdmmc.c **** 
 3017              		.loc 1 1169 3 view .LVU908
1171:Drivers/STM32H7xx_HAL_Driver/Src/stm32h7xx_ll_sdmmc.c ****   sdmmc_cmdinit.CmdIndex         = SDMMC_CMD_SEND_OP_COND;
 3018              		.loc 1 1171 3 view .LVU909
1171:Drivers/STM32H7xx_HAL_Driver/Src/stm32h7xx_ll_sdmmc.c ****   sdmmc_cmdinit.CmdIndex         = SDMMC_CMD_SEND_OP_COND;
 3019              		.loc 1 1171 34 is_stmt 0 view .LVU910
 3020 0006 0191     		str	r1, [sp, #4]
1172:Drivers/STM32H7xx_HAL_Driver/Src/stm32h7xx_ll_sdmmc.c ****   sdmmc_cmdinit.Response         = SDMMC_RESPONSE_SHORT;
 3021              		.loc 1 1172 3 is_stmt 1 view .LVU911
1172:Drivers/STM32H7xx_HAL_Driver/Src/stm32h7xx_ll_sdmmc.c ****   sdmmc_cmdinit.Response         = SDMMC_RESPONSE_SHORT;
 3022              		.loc 1 1172 34 is_stmt 0 view .LVU912
 3023 0008 0123     		movs	r3, #1
 3024 000a 0293     		str	r3, [sp, #8]
1173:Drivers/STM32H7xx_HAL_Driver/Src/stm32h7xx_ll_sdmmc.c ****   sdmmc_cmdinit.WaitForInterrupt = SDMMC_WAIT_NO;
 3025              		.loc 1 1173 3 is_stmt 1 view .LVU913
1173:Drivers/STM32H7xx_HAL_Driver/Src/stm32h7xx_ll_sdmmc.c ****   sdmmc_cmdinit.WaitForInterrupt = SDMMC_WAIT_NO;
 3026              		.loc 1 1173 34 is_stmt 0 view .LVU914
 3027 000c 4FF48073 		mov	r3, #256
 3028 0010 0393     		str	r3, [sp, #12]
1174:Drivers/STM32H7xx_HAL_Driver/Src/stm32h7xx_ll_sdmmc.c ****   sdmmc_cmdinit.CPSM             = SDMMC_CPSM_ENABLE;
 3029              		.loc 1 1174 3 is_stmt 1 view .LVU915
1174:Drivers/STM32H7xx_HAL_Driver/Src/stm32h7xx_ll_sdmmc.c ****   sdmmc_cmdinit.CPSM             = SDMMC_CPSM_ENABLE;
 3030              		.loc 1 1174 34 is_stmt 0 view .LVU916
 3031 0012 0023     		movs	r3, #0
ARM GAS  C:\Users\Made\AppData\Local\Temp\ccTdy2Vr.s 			page 101


 3032 0014 0493     		str	r3, [sp, #16]
1175:Drivers/STM32H7xx_HAL_Driver/Src/stm32h7xx_ll_sdmmc.c ****   (void)SDMMC_SendCommand(SDMMCx, &sdmmc_cmdinit);
 3033              		.loc 1 1175 3 is_stmt 1 view .LVU917
1175:Drivers/STM32H7xx_HAL_Driver/Src/stm32h7xx_ll_sdmmc.c ****   (void)SDMMC_SendCommand(SDMMCx, &sdmmc_cmdinit);
 3034              		.loc 1 1175 34 is_stmt 0 view .LVU918
 3035 0016 4FF48053 		mov	r3, #4096
 3036 001a 0593     		str	r3, [sp, #20]
1176:Drivers/STM32H7xx_HAL_Driver/Src/stm32h7xx_ll_sdmmc.c **** 
 3037              		.loc 1 1176 3 is_stmt 1 view .LVU919
1176:Drivers/STM32H7xx_HAL_Driver/Src/stm32h7xx_ll_sdmmc.c **** 
 3038              		.loc 1 1176 9 is_stmt 0 view .LVU920
 3039 001c 01A9     		add	r1, sp, #4
 3040              	.LVL188:
1176:Drivers/STM32H7xx_HAL_Driver/Src/stm32h7xx_ll_sdmmc.c **** 
 3041              		.loc 1 1176 9 view .LVU921
 3042 001e FFF7FEFF 		bl	SDMMC_SendCommand
 3043              	.LVL189:
1179:Drivers/STM32H7xx_HAL_Driver/Src/stm32h7xx_ll_sdmmc.c **** 
 3044              		.loc 1 1179 3 is_stmt 1 view .LVU922
1179:Drivers/STM32H7xx_HAL_Driver/Src/stm32h7xx_ll_sdmmc.c **** 
 3045              		.loc 1 1179 16 is_stmt 0 view .LVU923
 3046 0022 2046     		mov	r0, r4
 3047 0024 FFF7FEFF 		bl	SDMMC_GetCmdResp3
 3048              	.LVL190:
1181:Drivers/STM32H7xx_HAL_Driver/Src/stm32h7xx_ll_sdmmc.c **** }
 3049              		.loc 1 1181 3 is_stmt 1 view .LVU924
1182:Drivers/STM32H7xx_HAL_Driver/Src/stm32h7xx_ll_sdmmc.c **** 
 3050              		.loc 1 1182 1 is_stmt 0 view .LVU925
 3051 0028 06B0     		add	sp, sp, #24
 3052              	.LCFI87:
 3053              		.cfi_def_cfa_offset 8
 3054              		@ sp needed
 3055 002a 10BD     		pop	{r4, pc}
1182:Drivers/STM32H7xx_HAL_Driver/Src/stm32h7xx_ll_sdmmc.c **** 
 3056              		.loc 1 1182 1 view .LVU926
 3057              		.cfi_endproc
 3058              	.LFE375:
 3060              		.section	.text.SDMMC_GetCmdResp4,"ax",%progbits
 3061              		.align	1
 3062              		.global	SDMMC_GetCmdResp4
 3063              		.syntax unified
 3064              		.thumb
 3065              		.thumb_func
 3067              	SDMMC_GetCmdResp4:
 3068              	.LVL191:
 3069              	.LFB385:
1573:Drivers/STM32H7xx_HAL_Driver/Src/stm32h7xx_ll_sdmmc.c ****   uint32_t sta_reg;
 3070              		.loc 1 1573 1 is_stmt 1 view -0
 3071              		.cfi_startproc
 3072              		@ args = 0, pretend = 0, frame = 0
 3073              		@ frame_needed = 0, uses_anonymous_args = 0
1573:Drivers/STM32H7xx_HAL_Driver/Src/stm32h7xx_ll_sdmmc.c ****   uint32_t sta_reg;
 3074              		.loc 1 1573 1 is_stmt 0 view .LVU928
 3075 0000 38B5     		push	{r3, r4, r5, lr}
 3076              	.LCFI88:
 3077              		.cfi_def_cfa_offset 16
 3078              		.cfi_offset 3, -16
ARM GAS  C:\Users\Made\AppData\Local\Temp\ccTdy2Vr.s 			page 102


 3079              		.cfi_offset 4, -12
 3080              		.cfi_offset 5, -8
 3081              		.cfi_offset 14, -4
 3082 0002 0C46     		mov	r4, r1
1574:Drivers/STM32H7xx_HAL_Driver/Src/stm32h7xx_ll_sdmmc.c **** 
 3083              		.loc 1 1574 3 is_stmt 1 view .LVU929
1578:Drivers/STM32H7xx_HAL_Driver/Src/stm32h7xx_ll_sdmmc.c **** 
 3084              		.loc 1 1578 3 view .LVU930
1578:Drivers/STM32H7xx_HAL_Driver/Src/stm32h7xx_ll_sdmmc.c **** 
 3085              		.loc 1 1578 61 is_stmt 0 view .LVU931
 3086 0004 134B     		ldr	r3, .L142
 3087 0006 1B68     		ldr	r3, [r3]
 3088 0008 134A     		ldr	r2, .L142+4
 3089 000a A2FB0323 		umull	r2, r3, r2, r3
 3090 000e 5B0A     		lsrs	r3, r3, #9
1578:Drivers/STM32H7xx_HAL_Driver/Src/stm32h7xx_ll_sdmmc.c **** 
 3091              		.loc 1 1578 12 view .LVU932
 3092 0010 41F28832 		movw	r2, #5000
 3093 0014 02FB03F3 		mul	r3, r2, r3
 3094              	.LVL192:
 3095              	.L137:
1580:Drivers/STM32H7xx_HAL_Driver/Src/stm32h7xx_ll_sdmmc.c ****   {
 3096              		.loc 1 1580 3 is_stmt 1 view .LVU933
1582:Drivers/STM32H7xx_HAL_Driver/Src/stm32h7xx_ll_sdmmc.c ****     {
 3097              		.loc 1 1582 5 view .LVU934
 3098 0018 1A46     		mov	r2, r3
1582:Drivers/STM32H7xx_HAL_Driver/Src/stm32h7xx_ll_sdmmc.c ****     {
 3099              		.loc 1 1582 14 is_stmt 0 view .LVU935
 3100 001a 013B     		subs	r3, r3, #1
 3101              	.LVL193:
1582:Drivers/STM32H7xx_HAL_Driver/Src/stm32h7xx_ll_sdmmc.c ****     {
 3102              		.loc 1 1582 8 view .LVU936
 3103 001c AAB1     		cbz	r2, .L139
1586:Drivers/STM32H7xx_HAL_Driver/Src/stm32h7xx_ll_sdmmc.c ****   } while (((sta_reg & (SDMMC_FLAG_CCRCFAIL | SDMMC_FLAG_CMDREND | SDMMC_FLAG_CTIMEOUT)) == 0U) ||
 3104              		.loc 1 1586 5 is_stmt 1 view .LVU937
1586:Drivers/STM32H7xx_HAL_Driver/Src/stm32h7xx_ll_sdmmc.c ****   } while (((sta_reg & (SDMMC_FLAG_CCRCFAIL | SDMMC_FLAG_CMDREND | SDMMC_FLAG_CTIMEOUT)) == 0U) ||
 3105              		.loc 1 1586 13 is_stmt 0 view .LVU938
 3106 001e 426B     		ldr	r2, [r0, #52]
 3107              	.LVL194:
1587:Drivers/STM32H7xx_HAL_Driver/Src/stm32h7xx_ll_sdmmc.c ****            ((sta_reg & SDMMC_FLAG_CMDACT) != 0U));
 3108              		.loc 1 1587 97 is_stmt 1 view .LVU939
 3109 0020 12F0450F 		tst	r2, #69
 3110 0024 F8D0     		beq	.L137
1587:Drivers/STM32H7xx_HAL_Driver/Src/stm32h7xx_ll_sdmmc.c ****            ((sta_reg & SDMMC_FLAG_CMDACT) != 0U));
 3111              		.loc 1 1587 97 is_stmt 0 discriminator 1 view .LVU940
 3112 0026 12F4005F 		tst	r2, #8192
 3113 002a F5D1     		bne	.L137
1590:Drivers/STM32H7xx_HAL_Driver/Src/stm32h7xx_ll_sdmmc.c ****   {
 3114              		.loc 1 1590 3 is_stmt 1 view .LVU941
1590:Drivers/STM32H7xx_HAL_Driver/Src/stm32h7xx_ll_sdmmc.c ****   {
 3115              		.loc 1 1590 7 is_stmt 0 view .LVU942
 3116 002c 456B     		ldr	r5, [r0, #52]
1590:Drivers/STM32H7xx_HAL_Driver/Src/stm32h7xx_ll_sdmmc.c ****   {
 3117              		.loc 1 1590 6 view .LVU943
 3118 002e 15F00405 		ands	r5, r5, #4
 3119 0032 07D1     		bne	.L141
1599:Drivers/STM32H7xx_HAL_Driver/Src/stm32h7xx_ll_sdmmc.c ****   }
ARM GAS  C:\Users\Made\AppData\Local\Temp\ccTdy2Vr.s 			page 103


 3120              		.loc 1 1599 5 is_stmt 1 view .LVU944
 3121 0034 094B     		ldr	r3, .L142+8
 3122              	.LVL195:
1599:Drivers/STM32H7xx_HAL_Driver/Src/stm32h7xx_ll_sdmmc.c ****   }
 3123              		.loc 1 1599 5 is_stmt 0 view .LVU945
 3124 0036 8363     		str	r3, [r0, #56]
1603:Drivers/STM32H7xx_HAL_Driver/Src/stm32h7xx_ll_sdmmc.c **** 
 3125              		.loc 1 1603 3 is_stmt 1 view .LVU946
 3126 0038 8363     		str	r3, [r0, #56]
1606:Drivers/STM32H7xx_HAL_Driver/Src/stm32h7xx_ll_sdmmc.c **** 
 3127              		.loc 1 1606 3 view .LVU947
1606:Drivers/STM32H7xx_HAL_Driver/Src/stm32h7xx_ll_sdmmc.c **** 
 3128              		.loc 1 1606 12 is_stmt 0 view .LVU948
 3129 003a 0021     		movs	r1, #0
 3130              	.LVL196:
1606:Drivers/STM32H7xx_HAL_Driver/Src/stm32h7xx_ll_sdmmc.c **** 
 3131              		.loc 1 1606 12 view .LVU949
 3132 003c FFF7FEFF 		bl	SDMMC_GetResponse
 3133              	.LVL197:
1606:Drivers/STM32H7xx_HAL_Driver/Src/stm32h7xx_ll_sdmmc.c **** 
 3134              		.loc 1 1606 10 discriminator 1 view .LVU950
 3135 0040 2060     		str	r0, [r4]
1608:Drivers/STM32H7xx_HAL_Driver/Src/stm32h7xx_ll_sdmmc.c **** }
 3136              		.loc 1 1608 3 is_stmt 1 view .LVU951
1608:Drivers/STM32H7xx_HAL_Driver/Src/stm32h7xx_ll_sdmmc.c **** }
 3137              		.loc 1 1608 10 is_stmt 0 view .LVU952
 3138 0042 04E0     		b	.L135
 3139              	.LVL198:
 3140              	.L141:
1592:Drivers/STM32H7xx_HAL_Driver/Src/stm32h7xx_ll_sdmmc.c **** 
 3141              		.loc 1 1592 5 is_stmt 1 view .LVU953
 3142 0044 0425     		movs	r5, #4
 3143 0046 8563     		str	r5, [r0, #56]
1594:Drivers/STM32H7xx_HAL_Driver/Src/stm32h7xx_ll_sdmmc.c ****   }
 3144              		.loc 1 1594 5 view .LVU954
1594:Drivers/STM32H7xx_HAL_Driver/Src/stm32h7xx_ll_sdmmc.c ****   }
 3145              		.loc 1 1594 12 is_stmt 0 view .LVU955
 3146 0048 01E0     		b	.L135
 3147              	.LVL199:
 3148              	.L139:
1584:Drivers/STM32H7xx_HAL_Driver/Src/stm32h7xx_ll_sdmmc.c ****     }
 3149              		.loc 1 1584 14 view .LVU956
 3150 004a 4FF00045 		mov	r5, #-2147483648
 3151              	.LVL200:
 3152              	.L135:
1609:Drivers/STM32H7xx_HAL_Driver/Src/stm32h7xx_ll_sdmmc.c **** 
 3153              		.loc 1 1609 1 view .LVU957
 3154 004e 2846     		mov	r0, r5
 3155 0050 38BD     		pop	{r3, r4, r5, pc}
 3156              	.LVL201:
 3157              	.L143:
1609:Drivers/STM32H7xx_HAL_Driver/Src/stm32h7xx_ll_sdmmc.c **** 
 3158              		.loc 1 1609 1 view .LVU958
 3159 0052 00BF     		.align	2
 3160              	.L142:
 3161 0054 00000000 		.word	SystemCoreClock
 3162 0058 D34D6210 		.word	274877907
ARM GAS  C:\Users\Made\AppData\Local\Temp\ccTdy2Vr.s 			page 104


 3163 005c C5002000 		.word	2097349
 3164              		.cfi_endproc
 3165              	.LFE385:
 3167              		.section	.text.SDMMC_CmdSendOperationcondition,"ax",%progbits
 3168              		.align	1
 3169              		.global	SDMMC_CmdSendOperationcondition
 3170              		.syntax unified
 3171              		.thumb
 3172              		.thumb_func
 3174              	SDMMC_CmdSendOperationcondition:
 3175              	.LVL202:
 3176              	.LFB381:
1315:Drivers/STM32H7xx_HAL_Driver/Src/stm32h7xx_ll_sdmmc.c ****   SDMMC_CmdInitTypeDef sdmmc_cmdinit;
 3177              		.loc 1 1315 1 is_stmt 1 view -0
 3178              		.cfi_startproc
 3179              		@ args = 0, pretend = 0, frame = 24
 3180              		@ frame_needed = 0, uses_anonymous_args = 0
1315:Drivers/STM32H7xx_HAL_Driver/Src/stm32h7xx_ll_sdmmc.c ****   SDMMC_CmdInitTypeDef sdmmc_cmdinit;
 3181              		.loc 1 1315 1 is_stmt 0 view .LVU960
 3182 0000 30B5     		push	{r4, r5, lr}
 3183              	.LCFI89:
 3184              		.cfi_def_cfa_offset 12
 3185              		.cfi_offset 4, -12
 3186              		.cfi_offset 5, -8
 3187              		.cfi_offset 14, -4
 3188 0002 87B0     		sub	sp, sp, #28
 3189              	.LCFI90:
 3190              		.cfi_def_cfa_offset 40
 3191 0004 0446     		mov	r4, r0
 3192 0006 1546     		mov	r5, r2
1316:Drivers/STM32H7xx_HAL_Driver/Src/stm32h7xx_ll_sdmmc.c ****   uint32_t             errorstate;
 3193              		.loc 1 1316 3 is_stmt 1 view .LVU961
1317:Drivers/STM32H7xx_HAL_Driver/Src/stm32h7xx_ll_sdmmc.c **** 
 3194              		.loc 1 1317 3 view .LVU962
1319:Drivers/STM32H7xx_HAL_Driver/Src/stm32h7xx_ll_sdmmc.c ****   sdmmc_cmdinit.CmdIndex         = SDMMC_CMD_SDMMC_SEN_OP_COND;
 3195              		.loc 1 1319 3 view .LVU963
1319:Drivers/STM32H7xx_HAL_Driver/Src/stm32h7xx_ll_sdmmc.c ****   sdmmc_cmdinit.CmdIndex         = SDMMC_CMD_SDMMC_SEN_OP_COND;
 3196              		.loc 1 1319 34 is_stmt 0 view .LVU964
 3197 0008 0191     		str	r1, [sp, #4]
1320:Drivers/STM32H7xx_HAL_Driver/Src/stm32h7xx_ll_sdmmc.c ****   sdmmc_cmdinit.Response         = SDMMC_RESPONSE_SHORT;
 3198              		.loc 1 1320 3 is_stmt 1 view .LVU965
1320:Drivers/STM32H7xx_HAL_Driver/Src/stm32h7xx_ll_sdmmc.c ****   sdmmc_cmdinit.Response         = SDMMC_RESPONSE_SHORT;
 3199              		.loc 1 1320 34 is_stmt 0 view .LVU966
 3200 000a 0523     		movs	r3, #5
 3201 000c 0293     		str	r3, [sp, #8]
1321:Drivers/STM32H7xx_HAL_Driver/Src/stm32h7xx_ll_sdmmc.c ****   sdmmc_cmdinit.WaitForInterrupt = SDMMC_WAIT_NO;
 3202              		.loc 1 1321 3 is_stmt 1 view .LVU967
1321:Drivers/STM32H7xx_HAL_Driver/Src/stm32h7xx_ll_sdmmc.c ****   sdmmc_cmdinit.WaitForInterrupt = SDMMC_WAIT_NO;
 3203              		.loc 1 1321 34 is_stmt 0 view .LVU968
 3204 000e 4FF48073 		mov	r3, #256
 3205 0012 0393     		str	r3, [sp, #12]
1322:Drivers/STM32H7xx_HAL_Driver/Src/stm32h7xx_ll_sdmmc.c ****   sdmmc_cmdinit.CPSM             = SDMMC_CPSM_ENABLE;
 3206              		.loc 1 1322 3 is_stmt 1 view .LVU969
1322:Drivers/STM32H7xx_HAL_Driver/Src/stm32h7xx_ll_sdmmc.c ****   sdmmc_cmdinit.CPSM             = SDMMC_CPSM_ENABLE;
 3207              		.loc 1 1322 34 is_stmt 0 view .LVU970
 3208 0014 0023     		movs	r3, #0
 3209 0016 0493     		str	r3, [sp, #16]
ARM GAS  C:\Users\Made\AppData\Local\Temp\ccTdy2Vr.s 			page 105


1323:Drivers/STM32H7xx_HAL_Driver/Src/stm32h7xx_ll_sdmmc.c ****   (void)SDMMC_SendCommand(SDMMCx, &sdmmc_cmdinit);
 3210              		.loc 1 1323 3 is_stmt 1 view .LVU971
1323:Drivers/STM32H7xx_HAL_Driver/Src/stm32h7xx_ll_sdmmc.c ****   (void)SDMMC_SendCommand(SDMMCx, &sdmmc_cmdinit);
 3211              		.loc 1 1323 34 is_stmt 0 view .LVU972
 3212 0018 4FF48053 		mov	r3, #4096
 3213 001c 0593     		str	r3, [sp, #20]
1324:Drivers/STM32H7xx_HAL_Driver/Src/stm32h7xx_ll_sdmmc.c **** 
 3214              		.loc 1 1324 3 is_stmt 1 view .LVU973
1324:Drivers/STM32H7xx_HAL_Driver/Src/stm32h7xx_ll_sdmmc.c **** 
 3215              		.loc 1 1324 9 is_stmt 0 view .LVU974
 3216 001e 01A9     		add	r1, sp, #4
 3217              	.LVL203:
1324:Drivers/STM32H7xx_HAL_Driver/Src/stm32h7xx_ll_sdmmc.c **** 
 3218              		.loc 1 1324 9 view .LVU975
 3219 0020 FFF7FEFF 		bl	SDMMC_SendCommand
 3220              	.LVL204:
1327:Drivers/STM32H7xx_HAL_Driver/Src/stm32h7xx_ll_sdmmc.c **** 
 3221              		.loc 1 1327 3 is_stmt 1 view .LVU976
1327:Drivers/STM32H7xx_HAL_Driver/Src/stm32h7xx_ll_sdmmc.c **** 
 3222              		.loc 1 1327 16 is_stmt 0 view .LVU977
 3223 0024 2946     		mov	r1, r5
 3224 0026 2046     		mov	r0, r4
 3225 0028 FFF7FEFF 		bl	SDMMC_GetCmdResp4
 3226              	.LVL205:
1329:Drivers/STM32H7xx_HAL_Driver/Src/stm32h7xx_ll_sdmmc.c **** }
 3227              		.loc 1 1329 3 is_stmt 1 view .LVU978
1330:Drivers/STM32H7xx_HAL_Driver/Src/stm32h7xx_ll_sdmmc.c **** /**
 3228              		.loc 1 1330 1 is_stmt 0 view .LVU979
 3229 002c 07B0     		add	sp, sp, #28
 3230              	.LCFI91:
 3231              		.cfi_def_cfa_offset 12
 3232              		@ sp needed
 3233 002e 30BD     		pop	{r4, r5, pc}
1330:Drivers/STM32H7xx_HAL_Driver/Src/stm32h7xx_ll_sdmmc.c **** /**
 3234              		.loc 1 1330 1 view .LVU980
 3235              		.cfi_endproc
 3236              	.LFE381:
 3238              		.section	.text.SDMMC_GetCmdResp5,"ax",%progbits
 3239              		.align	1
 3240              		.global	SDMMC_GetCmdResp5
 3241              		.syntax unified
 3242              		.thumb
 3243              		.thumb_func
 3245              	SDMMC_GetCmdResp5:
 3246              	.LVL206:
 3247              	.LFB386:
1619:Drivers/STM32H7xx_HAL_Driver/Src/stm32h7xx_ll_sdmmc.c ****   uint32_t response_r5;
 3248              		.loc 1 1619 1 is_stmt 1 view -0
 3249              		.cfi_startproc
 3250              		@ args = 0, pretend = 0, frame = 0
 3251              		@ frame_needed = 0, uses_anonymous_args = 0
1619:Drivers/STM32H7xx_HAL_Driver/Src/stm32h7xx_ll_sdmmc.c ****   uint32_t response_r5;
 3252              		.loc 1 1619 1 is_stmt 0 view .LVU982
 3253 0000 F8B5     		push	{r3, r4, r5, r6, r7, lr}
 3254              	.LCFI92:
 3255              		.cfi_def_cfa_offset 24
 3256              		.cfi_offset 3, -24
ARM GAS  C:\Users\Made\AppData\Local\Temp\ccTdy2Vr.s 			page 106


 3257              		.cfi_offset 4, -20
 3258              		.cfi_offset 5, -16
 3259              		.cfi_offset 6, -12
 3260              		.cfi_offset 7, -8
 3261              		.cfi_offset 14, -4
 3262 0002 0546     		mov	r5, r0
 3263 0004 0E46     		mov	r6, r1
 3264 0006 1746     		mov	r7, r2
1620:Drivers/STM32H7xx_HAL_Driver/Src/stm32h7xx_ll_sdmmc.c ****   uint32_t sta_reg;
 3265              		.loc 1 1620 3 is_stmt 1 view .LVU983
1621:Drivers/STM32H7xx_HAL_Driver/Src/stm32h7xx_ll_sdmmc.c **** 
 3266              		.loc 1 1621 3 view .LVU984
1625:Drivers/STM32H7xx_HAL_Driver/Src/stm32h7xx_ll_sdmmc.c **** 
 3267              		.loc 1 1625 3 view .LVU985
1625:Drivers/STM32H7xx_HAL_Driver/Src/stm32h7xx_ll_sdmmc.c **** 
 3268              		.loc 1 1625 61 is_stmt 0 view .LVU986
 3269 0008 294B     		ldr	r3, .L163
 3270 000a 1B68     		ldr	r3, [r3]
 3271 000c 294A     		ldr	r2, .L163+4
 3272              	.LVL207:
1625:Drivers/STM32H7xx_HAL_Driver/Src/stm32h7xx_ll_sdmmc.c **** 
 3273              		.loc 1 1625 61 view .LVU987
 3274 000e A2FB0323 		umull	r2, r3, r2, r3
 3275 0012 5B0A     		lsrs	r3, r3, #9
1625:Drivers/STM32H7xx_HAL_Driver/Src/stm32h7xx_ll_sdmmc.c **** 
 3276              		.loc 1 1625 12 view .LVU988
 3277 0014 41F28832 		movw	r2, #5000
 3278 0018 02FB03F3 		mul	r3, r2, r3
 3279              	.LVL208:
 3280              	.L148:
1627:Drivers/STM32H7xx_HAL_Driver/Src/stm32h7xx_ll_sdmmc.c ****   {
 3281              		.loc 1 1627 3 is_stmt 1 view .LVU989
1629:Drivers/STM32H7xx_HAL_Driver/Src/stm32h7xx_ll_sdmmc.c ****     {
 3282              		.loc 1 1629 5 view .LVU990
 3283 001c 1A46     		mov	r2, r3
1629:Drivers/STM32H7xx_HAL_Driver/Src/stm32h7xx_ll_sdmmc.c ****     {
 3284              		.loc 1 1629 14 is_stmt 0 view .LVU991
 3285 001e 013B     		subs	r3, r3, #1
 3286              	.LVL209:
1629:Drivers/STM32H7xx_HAL_Driver/Src/stm32h7xx_ll_sdmmc.c ****     {
 3287              		.loc 1 1629 8 view .LVU992
 3288 0020 BAB3     		cbz	r2, .L153
1633:Drivers/STM32H7xx_HAL_Driver/Src/stm32h7xx_ll_sdmmc.c ****   } while (((sta_reg & (SDMMC_FLAG_CCRCFAIL | SDMMC_FLAG_CMDREND | SDMMC_FLAG_CTIMEOUT)) == 0U) ||
 3289              		.loc 1 1633 5 is_stmt 1 view .LVU993
1633:Drivers/STM32H7xx_HAL_Driver/Src/stm32h7xx_ll_sdmmc.c ****   } while (((sta_reg & (SDMMC_FLAG_CCRCFAIL | SDMMC_FLAG_CMDREND | SDMMC_FLAG_CTIMEOUT)) == 0U) ||
 3290              		.loc 1 1633 13 is_stmt 0 view .LVU994
 3291 0022 6C6B     		ldr	r4, [r5, #52]
 3292              	.LVL210:
1634:Drivers/STM32H7xx_HAL_Driver/Src/stm32h7xx_ll_sdmmc.c ****            ((sta_reg & SDMMC_FLAG_CMDACT) != 0U));
 3293              		.loc 1 1634 97 is_stmt 1 view .LVU995
 3294 0024 14F0450F 		tst	r4, #69
 3295 0028 F8D0     		beq	.L148
1634:Drivers/STM32H7xx_HAL_Driver/Src/stm32h7xx_ll_sdmmc.c ****            ((sta_reg & SDMMC_FLAG_CMDACT) != 0U));
 3296              		.loc 1 1634 97 is_stmt 0 discriminator 1 view .LVU996
 3297 002a 14F4005F 		tst	r4, #8192
 3298 002e F5D1     		bne	.L148
1637:Drivers/STM32H7xx_HAL_Driver/Src/stm32h7xx_ll_sdmmc.c ****   {
ARM GAS  C:\Users\Made\AppData\Local\Temp\ccTdy2Vr.s 			page 107


 3299              		.loc 1 1637 3 is_stmt 1 view .LVU997
1637:Drivers/STM32H7xx_HAL_Driver/Src/stm32h7xx_ll_sdmmc.c ****   {
 3300              		.loc 1 1637 7 is_stmt 0 view .LVU998
 3301 0030 6B6B     		ldr	r3, [r5, #52]
 3302              	.LVL211:
1637:Drivers/STM32H7xx_HAL_Driver/Src/stm32h7xx_ll_sdmmc.c ****   {
 3303              		.loc 1 1637 6 view .LVU999
 3304 0032 13F0040F 		tst	r3, #4
 3305 0036 06D1     		bne	.L160
1643:Drivers/STM32H7xx_HAL_Driver/Src/stm32h7xx_ll_sdmmc.c ****   {
 3306              		.loc 1 1643 8 is_stmt 1 view .LVU1000
1643:Drivers/STM32H7xx_HAL_Driver/Src/stm32h7xx_ll_sdmmc.c ****   {
 3307              		.loc 1 1643 12 is_stmt 0 view .LVU1001
 3308 0038 6B6B     		ldr	r3, [r5, #52]
1643:Drivers/STM32H7xx_HAL_Driver/Src/stm32h7xx_ll_sdmmc.c ****   {
 3309              		.loc 1 1643 11 view .LVU1002
 3310 003a 13F0010F 		tst	r3, #1
 3311 003e 05D0     		beq	.L150
1645:Drivers/STM32H7xx_HAL_Driver/Src/stm32h7xx_ll_sdmmc.c **** 
 3312              		.loc 1 1645 5 is_stmt 1 view .LVU1003
 3313 0040 0120     		movs	r0, #1
 3314              	.LVL212:
1645:Drivers/STM32H7xx_HAL_Driver/Src/stm32h7xx_ll_sdmmc.c **** 
 3315              		.loc 1 1645 5 is_stmt 0 view .LVU1004
 3316 0042 A863     		str	r0, [r5, #56]
1647:Drivers/STM32H7xx_HAL_Driver/Src/stm32h7xx_ll_sdmmc.c ****   }
 3317              		.loc 1 1647 5 is_stmt 1 view .LVU1005
1647:Drivers/STM32H7xx_HAL_Driver/Src/stm32h7xx_ll_sdmmc.c ****   }
 3318              		.loc 1 1647 12 is_stmt 0 view .LVU1006
 3319 0044 27E0     		b	.L146
 3320              	.LVL213:
 3321              	.L160:
1639:Drivers/STM32H7xx_HAL_Driver/Src/stm32h7xx_ll_sdmmc.c **** 
 3322              		.loc 1 1639 5 is_stmt 1 view .LVU1007
 3323 0046 0420     		movs	r0, #4
 3324              	.LVL214:
1639:Drivers/STM32H7xx_HAL_Driver/Src/stm32h7xx_ll_sdmmc.c **** 
 3325              		.loc 1 1639 5 is_stmt 0 view .LVU1008
 3326 0048 A863     		str	r0, [r5, #56]
1641:Drivers/STM32H7xx_HAL_Driver/Src/stm32h7xx_ll_sdmmc.c ****   }
 3327              		.loc 1 1641 5 is_stmt 1 view .LVU1009
1641:Drivers/STM32H7xx_HAL_Driver/Src/stm32h7xx_ll_sdmmc.c ****   }
 3328              		.loc 1 1641 12 is_stmt 0 view .LVU1010
 3329 004a 24E0     		b	.L146
 3330              	.LVL215:
 3331              	.L150:
1652:Drivers/STM32H7xx_HAL_Driver/Src/stm32h7xx_ll_sdmmc.c **** 
 3332              		.loc 1 1652 3 is_stmt 1 view .LVU1011
1655:Drivers/STM32H7xx_HAL_Driver/Src/stm32h7xx_ll_sdmmc.c ****   {
 3333              		.loc 1 1655 3 view .LVU1012
1655:Drivers/STM32H7xx_HAL_Driver/Src/stm32h7xx_ll_sdmmc.c ****   {
 3334              		.loc 1 1655 7 is_stmt 0 view .LVU1013
 3335 004c 2846     		mov	r0, r5
 3336              	.LVL216:
1655:Drivers/STM32H7xx_HAL_Driver/Src/stm32h7xx_ll_sdmmc.c ****   {
 3337              		.loc 1 1655 7 view .LVU1014
 3338 004e FFF7FEFF 		bl	SDMMC_GetCommandResponse
ARM GAS  C:\Users\Made\AppData\Local\Temp\ccTdy2Vr.s 			page 108


 3339              	.LVL217:
1655:Drivers/STM32H7xx_HAL_Driver/Src/stm32h7xx_ll_sdmmc.c ****   {
 3340              		.loc 1 1655 6 discriminator 1 view .LVU1015
 3341 0052 B042     		cmp	r0, r6
 3342 0054 01D0     		beq	.L161
1657:Drivers/STM32H7xx_HAL_Driver/Src/stm32h7xx_ll_sdmmc.c ****   }
 3343              		.loc 1 1657 12 view .LVU1016
 3344 0056 0120     		movs	r0, #1
 3345 0058 1DE0     		b	.L146
 3346              	.L161:
1661:Drivers/STM32H7xx_HAL_Driver/Src/stm32h7xx_ll_sdmmc.c **** 
 3347              		.loc 1 1661 3 is_stmt 1 view .LVU1017
 3348 005a 174B     		ldr	r3, .L163+8
 3349 005c AB63     		str	r3, [r5, #56]
1664:Drivers/STM32H7xx_HAL_Driver/Src/stm32h7xx_ll_sdmmc.c **** 
 3350              		.loc 1 1664 3 view .LVU1018
1664:Drivers/STM32H7xx_HAL_Driver/Src/stm32h7xx_ll_sdmmc.c **** 
 3351              		.loc 1 1664 17 is_stmt 0 view .LVU1019
 3352 005e 0021     		movs	r1, #0
 3353 0060 2846     		mov	r0, r5
 3354 0062 FFF7FEFF 		bl	SDMMC_GetResponse
 3355              	.LVL218:
 3356 0066 0346     		mov	r3, r0
 3357              	.LVL219:
1666:Drivers/STM32H7xx_HAL_Driver/Src/stm32h7xx_ll_sdmmc.c ****   {
 3358              		.loc 1 1666 3 is_stmt 1 view .LVU1020
1666:Drivers/STM32H7xx_HAL_Driver/Src/stm32h7xx_ll_sdmmc.c ****   {
 3359              		.loc 1 1666 6 is_stmt 0 view .LVU1021
 3360 0068 10F44B40 		ands	r0, r0, #51968
 3361              	.LVL220:
1666:Drivers/STM32H7xx_HAL_Driver/Src/stm32h7xx_ll_sdmmc.c ****   {
 3362              		.loc 1 1666 6 view .LVU1022
 3363 006c 0ED0     		beq	.L162
1676:Drivers/STM32H7xx_HAL_Driver/Src/stm32h7xx_ll_sdmmc.c ****   {
 3364              		.loc 1 1676 8 is_stmt 1 view .LVU1023
1676:Drivers/STM32H7xx_HAL_Driver/Src/stm32h7xx_ll_sdmmc.c ****   {
 3365              		.loc 1 1676 11 is_stmt 0 view .LVU1024
 3366 006e 13F4807F 		tst	r3, #256
 3367 0072 11D1     		bne	.L155
1680:Drivers/STM32H7xx_HAL_Driver/Src/stm32h7xx_ll_sdmmc.c ****   {
 3368              		.loc 1 1680 8 is_stmt 1 view .LVU1025
1680:Drivers/STM32H7xx_HAL_Driver/Src/stm32h7xx_ll_sdmmc.c ****   {
 3369              		.loc 1 1680 11 is_stmt 0 view .LVU1026
 3370 0074 13F4007F 		tst	r3, #512
 3371 0078 11D1     		bne	.L156
1684:Drivers/STM32H7xx_HAL_Driver/Src/stm32h7xx_ll_sdmmc.c ****   {
 3372              		.loc 1 1684 8 is_stmt 1 view .LVU1027
1684:Drivers/STM32H7xx_HAL_Driver/Src/stm32h7xx_ll_sdmmc.c ****   {
 3373              		.loc 1 1684 11 is_stmt 0 view .LVU1028
 3374 007a 13F4804F 		tst	r3, #16384
 3375 007e 11D1     		bne	.L157
1688:Drivers/STM32H7xx_HAL_Driver/Src/stm32h7xx_ll_sdmmc.c ****   {
 3376              		.loc 1 1688 8 is_stmt 1 view .LVU1029
1688:Drivers/STM32H7xx_HAL_Driver/Src/stm32h7xx_ll_sdmmc.c ****   {
 3377              		.loc 1 1688 11 is_stmt 0 view .LVU1030
 3378 0080 13F4004F 		tst	r3, #32768
 3379 0084 11D0     		beq	.L158
ARM GAS  C:\Users\Made\AppData\Local\Temp\ccTdy2Vr.s 			page 109


1690:Drivers/STM32H7xx_HAL_Driver/Src/stm32h7xx_ll_sdmmc.c ****   }
 3380              		.loc 1 1690 12 view .LVU1031
 3381 0086 4FF48050 		mov	r0, #4096
 3382 008a 04E0     		b	.L146
 3383              	.L162:
1669:Drivers/STM32H7xx_HAL_Driver/Src/stm32h7xx_ll_sdmmc.c ****     {
 3384              		.loc 1 1669 5 is_stmt 1 view .LVU1032
1669:Drivers/STM32H7xx_HAL_Driver/Src/stm32h7xx_ll_sdmmc.c ****     {
 3385              		.loc 1 1669 8 is_stmt 0 view .LVU1033
 3386 008c 1FB1     		cbz	r7, .L146
1671:Drivers/STM32H7xx_HAL_Driver/Src/stm32h7xx_ll_sdmmc.c ****     }
 3387              		.loc 1 1671 7 is_stmt 1 view .LVU1034
1671:Drivers/STM32H7xx_HAL_Driver/Src/stm32h7xx_ll_sdmmc.c ****     }
 3388              		.loc 1 1671 14 is_stmt 0 view .LVU1035
 3389 008e 3B70     		strb	r3, [r7]
1674:Drivers/STM32H7xx_HAL_Driver/Src/stm32h7xx_ll_sdmmc.c ****   }
 3390              		.loc 1 1674 5 is_stmt 1 view .LVU1036
1674:Drivers/STM32H7xx_HAL_Driver/Src/stm32h7xx_ll_sdmmc.c ****   }
 3391              		.loc 1 1674 12 is_stmt 0 view .LVU1037
 3392 0090 01E0     		b	.L146
 3393              	.LVL221:
 3394              	.L153:
1631:Drivers/STM32H7xx_HAL_Driver/Src/stm32h7xx_ll_sdmmc.c ****     }
 3395              		.loc 1 1631 14 view .LVU1038
 3396 0092 4FF00040 		mov	r0, #-2147483648
 3397              	.LVL222:
 3398              	.L146:
1696:Drivers/STM32H7xx_HAL_Driver/Src/stm32h7xx_ll_sdmmc.c **** 
 3399              		.loc 1 1696 1 view .LVU1039
 3400 0096 F8BD     		pop	{r3, r4, r5, r6, r7, pc}
 3401              	.LVL223:
 3402              	.L155:
1678:Drivers/STM32H7xx_HAL_Driver/Src/stm32h7xx_ll_sdmmc.c ****   }
 3403              		.loc 1 1678 12 view .LVU1040
 3404 0098 4FF00070 		mov	r0, #33554432
 3405 009c FBE7     		b	.L146
 3406              	.L156:
1682:Drivers/STM32H7xx_HAL_Driver/Src/stm32h7xx_ll_sdmmc.c ****   }
 3407              		.loc 1 1682 12 view .LVU1041
 3408 009e 4FF00060 		mov	r0, #134217728
 3409 00a2 F8E7     		b	.L146
 3410              	.L157:
1686:Drivers/STM32H7xx_HAL_Driver/Src/stm32h7xx_ll_sdmmc.c ****   }
 3411              		.loc 1 1686 12 view .LVU1042
 3412 00a4 4FF40050 		mov	r0, #8192
 3413 00a8 F5E7     		b	.L146
 3414              	.L158:
1694:Drivers/STM32H7xx_HAL_Driver/Src/stm32h7xx_ll_sdmmc.c ****   }
 3415              		.loc 1 1694 12 view .LVU1043
 3416 00aa 4FF48030 		mov	r0, #65536
 3417 00ae F2E7     		b	.L146
 3418              	.L164:
 3419              		.align	2
 3420              	.L163:
 3421 00b0 00000000 		.word	SystemCoreClock
 3422 00b4 D34D6210 		.word	274877907
 3423 00b8 C5002000 		.word	2097349
ARM GAS  C:\Users\Made\AppData\Local\Temp\ccTdy2Vr.s 			page 110


 3424              		.cfi_endproc
 3425              	.LFE386:
 3427              		.section	.text.SDMMC_SDIO_CmdReadWriteDirect,"ax",%progbits
 3428              		.align	1
 3429              		.global	SDMMC_SDIO_CmdReadWriteDirect
 3430              		.syntax unified
 3431              		.thumb
 3432              		.thumb_func
 3434              	SDMMC_SDIO_CmdReadWriteDirect:
 3435              	.LVL224:
 3436              	.LFB379:
1267:Drivers/STM32H7xx_HAL_Driver/Src/stm32h7xx_ll_sdmmc.c ****   SDMMC_CmdInitTypeDef  sdmmc_cmdinit;
 3437              		.loc 1 1267 1 is_stmt 1 view -0
 3438              		.cfi_startproc
 3439              		@ args = 0, pretend = 0, frame = 24
 3440              		@ frame_needed = 0, uses_anonymous_args = 0
1267:Drivers/STM32H7xx_HAL_Driver/Src/stm32h7xx_ll_sdmmc.c ****   SDMMC_CmdInitTypeDef  sdmmc_cmdinit;
 3441              		.loc 1 1267 1 is_stmt 0 view .LVU1045
 3442 0000 70B5     		push	{r4, r5, r6, lr}
 3443              	.LCFI93:
 3444              		.cfi_def_cfa_offset 16
 3445              		.cfi_offset 4, -16
 3446              		.cfi_offset 5, -12
 3447              		.cfi_offset 6, -8
 3448              		.cfi_offset 14, -4
 3449 0002 86B0     		sub	sp, sp, #24
 3450              	.LCFI94:
 3451              		.cfi_def_cfa_offset 40
 3452 0004 0446     		mov	r4, r0
 3453 0006 1546     		mov	r5, r2
1268:Drivers/STM32H7xx_HAL_Driver/Src/stm32h7xx_ll_sdmmc.c ****   uint32_t errorstate;
 3454              		.loc 1 1268 3 is_stmt 1 view .LVU1046
1269:Drivers/STM32H7xx_HAL_Driver/Src/stm32h7xx_ll_sdmmc.c **** 
 3455              		.loc 1 1269 3 view .LVU1047
1271:Drivers/STM32H7xx_HAL_Driver/Src/stm32h7xx_ll_sdmmc.c ****   sdmmc_cmdinit.CmdIndex         = SDMMC_CMD_SDMMC_RW_DIRECT;
 3456              		.loc 1 1271 3 view .LVU1048
1271:Drivers/STM32H7xx_HAL_Driver/Src/stm32h7xx_ll_sdmmc.c ****   sdmmc_cmdinit.CmdIndex         = SDMMC_CMD_SDMMC_RW_DIRECT;
 3457              		.loc 1 1271 34 is_stmt 0 view .LVU1049
 3458 0008 0191     		str	r1, [sp, #4]
1272:Drivers/STM32H7xx_HAL_Driver/Src/stm32h7xx_ll_sdmmc.c ****   sdmmc_cmdinit.Response         = SDMMC_RESPONSE_SHORT;
 3459              		.loc 1 1272 3 is_stmt 1 view .LVU1050
1272:Drivers/STM32H7xx_HAL_Driver/Src/stm32h7xx_ll_sdmmc.c ****   sdmmc_cmdinit.Response         = SDMMC_RESPONSE_SHORT;
 3460              		.loc 1 1272 34 is_stmt 0 view .LVU1051
 3461 000a 3426     		movs	r6, #52
 3462 000c 0296     		str	r6, [sp, #8]
1273:Drivers/STM32H7xx_HAL_Driver/Src/stm32h7xx_ll_sdmmc.c ****   sdmmc_cmdinit.WaitForInterrupt = SDMMC_WAIT_NO;
 3463              		.loc 1 1273 3 is_stmt 1 view .LVU1052
1273:Drivers/STM32H7xx_HAL_Driver/Src/stm32h7xx_ll_sdmmc.c ****   sdmmc_cmdinit.WaitForInterrupt = SDMMC_WAIT_NO;
 3464              		.loc 1 1273 34 is_stmt 0 view .LVU1053
 3465 000e 4FF48073 		mov	r3, #256
 3466 0012 0393     		str	r3, [sp, #12]
1274:Drivers/STM32H7xx_HAL_Driver/Src/stm32h7xx_ll_sdmmc.c ****   sdmmc_cmdinit.CPSM             = SDMMC_CPSM_ENABLE;
 3467              		.loc 1 1274 3 is_stmt 1 view .LVU1054
1274:Drivers/STM32H7xx_HAL_Driver/Src/stm32h7xx_ll_sdmmc.c ****   sdmmc_cmdinit.CPSM             = SDMMC_CPSM_ENABLE;
 3468              		.loc 1 1274 34 is_stmt 0 view .LVU1055
 3469 0014 0023     		movs	r3, #0
 3470 0016 0493     		str	r3, [sp, #16]
ARM GAS  C:\Users\Made\AppData\Local\Temp\ccTdy2Vr.s 			page 111


1275:Drivers/STM32H7xx_HAL_Driver/Src/stm32h7xx_ll_sdmmc.c ****   (void)SDMMC_SendCommand(SDMMCx, &sdmmc_cmdinit);
 3471              		.loc 1 1275 3 is_stmt 1 view .LVU1056
1275:Drivers/STM32H7xx_HAL_Driver/Src/stm32h7xx_ll_sdmmc.c ****   (void)SDMMC_SendCommand(SDMMCx, &sdmmc_cmdinit);
 3472              		.loc 1 1275 34 is_stmt 0 view .LVU1057
 3473 0018 4FF48053 		mov	r3, #4096
 3474 001c 0593     		str	r3, [sp, #20]
1276:Drivers/STM32H7xx_HAL_Driver/Src/stm32h7xx_ll_sdmmc.c **** 
 3475              		.loc 1 1276 3 is_stmt 1 view .LVU1058
1276:Drivers/STM32H7xx_HAL_Driver/Src/stm32h7xx_ll_sdmmc.c **** 
 3476              		.loc 1 1276 9 is_stmt 0 view .LVU1059
 3477 001e 01A9     		add	r1, sp, #4
 3478              	.LVL225:
1276:Drivers/STM32H7xx_HAL_Driver/Src/stm32h7xx_ll_sdmmc.c **** 
 3479              		.loc 1 1276 9 view .LVU1060
 3480 0020 FFF7FEFF 		bl	SDMMC_SendCommand
 3481              	.LVL226:
1279:Drivers/STM32H7xx_HAL_Driver/Src/stm32h7xx_ll_sdmmc.c **** 
 3482              		.loc 1 1279 3 is_stmt 1 view .LVU1061
1279:Drivers/STM32H7xx_HAL_Driver/Src/stm32h7xx_ll_sdmmc.c **** 
 3483              		.loc 1 1279 16 is_stmt 0 view .LVU1062
 3484 0024 2A46     		mov	r2, r5
 3485 0026 3146     		mov	r1, r6
 3486 0028 2046     		mov	r0, r4
 3487 002a FFF7FEFF 		bl	SDMMC_GetCmdResp5
 3488              	.LVL227:
1281:Drivers/STM32H7xx_HAL_Driver/Src/stm32h7xx_ll_sdmmc.c **** }
 3489              		.loc 1 1281 3 is_stmt 1 view .LVU1063
1282:Drivers/STM32H7xx_HAL_Driver/Src/stm32h7xx_ll_sdmmc.c **** 
 3490              		.loc 1 1282 1 is_stmt 0 view .LVU1064
 3491 002e 06B0     		add	sp, sp, #24
 3492              	.LCFI95:
 3493              		.cfi_def_cfa_offset 16
 3494              		@ sp needed
 3495 0030 70BD     		pop	{r4, r5, r6, pc}
1282:Drivers/STM32H7xx_HAL_Driver/Src/stm32h7xx_ll_sdmmc.c **** 
 3496              		.loc 1 1282 1 view .LVU1065
 3497              		.cfi_endproc
 3498              	.LFE379:
 3500              		.section	.text.SDMMC_SDIO_CmdReadWriteExtended,"ax",%progbits
 3501              		.align	1
 3502              		.global	SDMMC_SDIO_CmdReadWriteExtended
 3503              		.syntax unified
 3504              		.thumb
 3505              		.thumb_func
 3507              	SDMMC_SDIO_CmdReadWriteExtended:
 3508              	.LVL228:
 3509              	.LFB380:
1291:Drivers/STM32H7xx_HAL_Driver/Src/stm32h7xx_ll_sdmmc.c ****   SDMMC_CmdInitTypeDef  sdmmc_cmdinit;
 3510              		.loc 1 1291 1 is_stmt 1 view -0
 3511              		.cfi_startproc
 3512              		@ args = 0, pretend = 0, frame = 24
 3513              		@ frame_needed = 0, uses_anonymous_args = 0
1291:Drivers/STM32H7xx_HAL_Driver/Src/stm32h7xx_ll_sdmmc.c ****   SDMMC_CmdInitTypeDef  sdmmc_cmdinit;
 3514              		.loc 1 1291 1 is_stmt 0 view .LVU1067
 3515 0000 70B5     		push	{r4, r5, r6, lr}
 3516              	.LCFI96:
 3517              		.cfi_def_cfa_offset 16
ARM GAS  C:\Users\Made\AppData\Local\Temp\ccTdy2Vr.s 			page 112


 3518              		.cfi_offset 4, -16
 3519              		.cfi_offset 5, -12
 3520              		.cfi_offset 6, -8
 3521              		.cfi_offset 14, -4
 3522 0002 86B0     		sub	sp, sp, #24
 3523              	.LCFI97:
 3524              		.cfi_def_cfa_offset 40
 3525 0004 0446     		mov	r4, r0
1292:Drivers/STM32H7xx_HAL_Driver/Src/stm32h7xx_ll_sdmmc.c ****   uint32_t errorstate;
 3526              		.loc 1 1292 3 is_stmt 1 view .LVU1068
1293:Drivers/STM32H7xx_HAL_Driver/Src/stm32h7xx_ll_sdmmc.c **** 
 3527              		.loc 1 1293 3 view .LVU1069
1295:Drivers/STM32H7xx_HAL_Driver/Src/stm32h7xx_ll_sdmmc.c ****   sdmmc_cmdinit.CmdIndex         = SDMMC_CMD_SDMMC_RW_EXTENDED;
 3528              		.loc 1 1295 3 view .LVU1070
1295:Drivers/STM32H7xx_HAL_Driver/Src/stm32h7xx_ll_sdmmc.c ****   sdmmc_cmdinit.CmdIndex         = SDMMC_CMD_SDMMC_RW_EXTENDED;
 3529              		.loc 1 1295 34 is_stmt 0 view .LVU1071
 3530 0006 0191     		str	r1, [sp, #4]
1296:Drivers/STM32H7xx_HAL_Driver/Src/stm32h7xx_ll_sdmmc.c ****   sdmmc_cmdinit.Response         = SDMMC_RESPONSE_SHORT;
 3531              		.loc 1 1296 3 is_stmt 1 view .LVU1072
1296:Drivers/STM32H7xx_HAL_Driver/Src/stm32h7xx_ll_sdmmc.c ****   sdmmc_cmdinit.Response         = SDMMC_RESPONSE_SHORT;
 3532              		.loc 1 1296 34 is_stmt 0 view .LVU1073
 3533 0008 3525     		movs	r5, #53
 3534 000a 0295     		str	r5, [sp, #8]
1297:Drivers/STM32H7xx_HAL_Driver/Src/stm32h7xx_ll_sdmmc.c ****   sdmmc_cmdinit.WaitForInterrupt = SDMMC_WAIT_NO;
 3535              		.loc 1 1297 3 is_stmt 1 view .LVU1074
1297:Drivers/STM32H7xx_HAL_Driver/Src/stm32h7xx_ll_sdmmc.c ****   sdmmc_cmdinit.WaitForInterrupt = SDMMC_WAIT_NO;
 3536              		.loc 1 1297 34 is_stmt 0 view .LVU1075
 3537 000c 4FF48073 		mov	r3, #256
 3538 0010 0393     		str	r3, [sp, #12]
1298:Drivers/STM32H7xx_HAL_Driver/Src/stm32h7xx_ll_sdmmc.c ****   sdmmc_cmdinit.CPSM             = SDMMC_CPSM_ENABLE;
 3539              		.loc 1 1298 3 is_stmt 1 view .LVU1076
1298:Drivers/STM32H7xx_HAL_Driver/Src/stm32h7xx_ll_sdmmc.c ****   sdmmc_cmdinit.CPSM             = SDMMC_CPSM_ENABLE;
 3540              		.loc 1 1298 34 is_stmt 0 view .LVU1077
 3541 0012 0026     		movs	r6, #0
 3542 0014 0496     		str	r6, [sp, #16]
1299:Drivers/STM32H7xx_HAL_Driver/Src/stm32h7xx_ll_sdmmc.c ****   (void)SDMMC_SendCommand(SDMMCx, &sdmmc_cmdinit);
 3543              		.loc 1 1299 3 is_stmt 1 view .LVU1078
1299:Drivers/STM32H7xx_HAL_Driver/Src/stm32h7xx_ll_sdmmc.c ****   (void)SDMMC_SendCommand(SDMMCx, &sdmmc_cmdinit);
 3544              		.loc 1 1299 34 is_stmt 0 view .LVU1079
 3545 0016 4FF48053 		mov	r3, #4096
 3546 001a 0593     		str	r3, [sp, #20]
1300:Drivers/STM32H7xx_HAL_Driver/Src/stm32h7xx_ll_sdmmc.c **** 
 3547              		.loc 1 1300 3 is_stmt 1 view .LVU1080
1300:Drivers/STM32H7xx_HAL_Driver/Src/stm32h7xx_ll_sdmmc.c **** 
 3548              		.loc 1 1300 9 is_stmt 0 view .LVU1081
 3549 001c 01A9     		add	r1, sp, #4
 3550              	.LVL229:
1300:Drivers/STM32H7xx_HAL_Driver/Src/stm32h7xx_ll_sdmmc.c **** 
 3551              		.loc 1 1300 9 view .LVU1082
 3552 001e FFF7FEFF 		bl	SDMMC_SendCommand
 3553              	.LVL230:
1303:Drivers/STM32H7xx_HAL_Driver/Src/stm32h7xx_ll_sdmmc.c **** 
 3554              		.loc 1 1303 3 is_stmt 1 view .LVU1083
1303:Drivers/STM32H7xx_HAL_Driver/Src/stm32h7xx_ll_sdmmc.c **** 
 3555              		.loc 1 1303 16 is_stmt 0 view .LVU1084
 3556 0022 3246     		mov	r2, r6
 3557 0024 2946     		mov	r1, r5
ARM GAS  C:\Users\Made\AppData\Local\Temp\ccTdy2Vr.s 			page 113


 3558 0026 2046     		mov	r0, r4
 3559 0028 FFF7FEFF 		bl	SDMMC_GetCmdResp5
 3560              	.LVL231:
1305:Drivers/STM32H7xx_HAL_Driver/Src/stm32h7xx_ll_sdmmc.c **** }
 3561              		.loc 1 1305 3 is_stmt 1 view .LVU1085
1306:Drivers/STM32H7xx_HAL_Driver/Src/stm32h7xx_ll_sdmmc.c **** 
 3562              		.loc 1 1306 1 is_stmt 0 view .LVU1086
 3563 002c 06B0     		add	sp, sp, #24
 3564              	.LCFI98:
 3565              		.cfi_def_cfa_offset 16
 3566              		@ sp needed
 3567 002e 70BD     		pop	{r4, r5, r6, pc}
1306:Drivers/STM32H7xx_HAL_Driver/Src/stm32h7xx_ll_sdmmc.c **** 
 3568              		.loc 1 1306 1 view .LVU1087
 3569              		.cfi_endproc
 3570              	.LFE380:
 3572              		.section	.text.SDMMC_GetCmdResp6,"ax",%progbits
 3573              		.align	1
 3574              		.global	SDMMC_GetCmdResp6
 3575              		.syntax unified
 3576              		.thumb
 3577              		.thumb_func
 3579              	SDMMC_GetCmdResp6:
 3580              	.LVL232:
 3581              	.LFB387:
1707:Drivers/STM32H7xx_HAL_Driver/Src/stm32h7xx_ll_sdmmc.c ****   uint32_t response_r1;
 3582              		.loc 1 1707 1 is_stmt 1 view -0
 3583              		.cfi_startproc
 3584              		@ args = 0, pretend = 0, frame = 0
 3585              		@ frame_needed = 0, uses_anonymous_args = 0
1707:Drivers/STM32H7xx_HAL_Driver/Src/stm32h7xx_ll_sdmmc.c ****   uint32_t response_r1;
 3586              		.loc 1 1707 1 is_stmt 0 view .LVU1089
 3587 0000 F8B5     		push	{r3, r4, r5, r6, r7, lr}
 3588              	.LCFI99:
 3589              		.cfi_def_cfa_offset 24
 3590              		.cfi_offset 3, -24
 3591              		.cfi_offset 4, -20
 3592              		.cfi_offset 5, -16
 3593              		.cfi_offset 6, -12
 3594              		.cfi_offset 7, -8
 3595              		.cfi_offset 14, -4
 3596 0002 0546     		mov	r5, r0
 3597 0004 0E46     		mov	r6, r1
 3598 0006 1746     		mov	r7, r2
1708:Drivers/STM32H7xx_HAL_Driver/Src/stm32h7xx_ll_sdmmc.c ****   uint32_t sta_reg;
 3599              		.loc 1 1708 3 is_stmt 1 view .LVU1090
1709:Drivers/STM32H7xx_HAL_Driver/Src/stm32h7xx_ll_sdmmc.c **** 
 3600              		.loc 1 1709 3 view .LVU1091
1713:Drivers/STM32H7xx_HAL_Driver/Src/stm32h7xx_ll_sdmmc.c **** 
 3601              		.loc 1 1713 3 view .LVU1092
1713:Drivers/STM32H7xx_HAL_Driver/Src/stm32h7xx_ll_sdmmc.c **** 
 3602              		.loc 1 1713 61 is_stmt 0 view .LVU1093
 3603 0008 234B     		ldr	r3, .L183
 3604 000a 1B68     		ldr	r3, [r3]
 3605 000c 234A     		ldr	r2, .L183+4
 3606              	.LVL233:
1713:Drivers/STM32H7xx_HAL_Driver/Src/stm32h7xx_ll_sdmmc.c **** 
ARM GAS  C:\Users\Made\AppData\Local\Temp\ccTdy2Vr.s 			page 114


 3607              		.loc 1 1713 61 view .LVU1094
 3608 000e A2FB0323 		umull	r2, r3, r2, r3
 3609 0012 5B0A     		lsrs	r3, r3, #9
1713:Drivers/STM32H7xx_HAL_Driver/Src/stm32h7xx_ll_sdmmc.c **** 
 3610              		.loc 1 1713 12 view .LVU1095
 3611 0014 41F28832 		movw	r2, #5000
 3612 0018 02FB03F3 		mul	r3, r2, r3
 3613              	.LVL234:
 3614              	.L171:
1715:Drivers/STM32H7xx_HAL_Driver/Src/stm32h7xx_ll_sdmmc.c ****   {
 3615              		.loc 1 1715 3 is_stmt 1 view .LVU1096
1717:Drivers/STM32H7xx_HAL_Driver/Src/stm32h7xx_ll_sdmmc.c ****     {
 3616              		.loc 1 1717 5 view .LVU1097
 3617 001c 1A46     		mov	r2, r3
1717:Drivers/STM32H7xx_HAL_Driver/Src/stm32h7xx_ll_sdmmc.c ****     {
 3618              		.loc 1 1717 14 is_stmt 0 view .LVU1098
 3619 001e 013B     		subs	r3, r3, #1
 3620              	.LVL235:
1717:Drivers/STM32H7xx_HAL_Driver/Src/stm32h7xx_ll_sdmmc.c ****     {
 3621              		.loc 1 1717 8 view .LVU1099
 3622 0020 8AB3     		cbz	r2, .L175
1721:Drivers/STM32H7xx_HAL_Driver/Src/stm32h7xx_ll_sdmmc.c ****   } while (((sta_reg & (SDMMC_FLAG_CCRCFAIL | SDMMC_FLAG_CMDREND | SDMMC_FLAG_CTIMEOUT)) == 0U) ||
 3623              		.loc 1 1721 5 is_stmt 1 view .LVU1100
1721:Drivers/STM32H7xx_HAL_Driver/Src/stm32h7xx_ll_sdmmc.c ****   } while (((sta_reg & (SDMMC_FLAG_CCRCFAIL | SDMMC_FLAG_CMDREND | SDMMC_FLAG_CTIMEOUT)) == 0U) ||
 3624              		.loc 1 1721 13 is_stmt 0 view .LVU1101
 3625 0022 6C6B     		ldr	r4, [r5, #52]
 3626              	.LVL236:
1722:Drivers/STM32H7xx_HAL_Driver/Src/stm32h7xx_ll_sdmmc.c ****            ((sta_reg & SDMMC_FLAG_CMDACT) != 0U));
 3627              		.loc 1 1722 97 is_stmt 1 view .LVU1102
 3628 0024 14F0450F 		tst	r4, #69
 3629 0028 F8D0     		beq	.L171
1722:Drivers/STM32H7xx_HAL_Driver/Src/stm32h7xx_ll_sdmmc.c ****            ((sta_reg & SDMMC_FLAG_CMDACT) != 0U));
 3630              		.loc 1 1722 97 is_stmt 0 discriminator 1 view .LVU1103
 3631 002a 14F4005F 		tst	r4, #8192
 3632 002e F5D1     		bne	.L171
1725:Drivers/STM32H7xx_HAL_Driver/Src/stm32h7xx_ll_sdmmc.c ****   {
 3633              		.loc 1 1725 3 is_stmt 1 view .LVU1104
1725:Drivers/STM32H7xx_HAL_Driver/Src/stm32h7xx_ll_sdmmc.c ****   {
 3634              		.loc 1 1725 7 is_stmt 0 view .LVU1105
 3635 0030 6B6B     		ldr	r3, [r5, #52]
 3636              	.LVL237:
1725:Drivers/STM32H7xx_HAL_Driver/Src/stm32h7xx_ll_sdmmc.c ****   {
 3637              		.loc 1 1725 6 view .LVU1106
 3638 0032 13F0040F 		tst	r3, #4
 3639 0036 06D1     		bne	.L180
1731:Drivers/STM32H7xx_HAL_Driver/Src/stm32h7xx_ll_sdmmc.c ****   {
 3640              		.loc 1 1731 8 is_stmt 1 view .LVU1107
1731:Drivers/STM32H7xx_HAL_Driver/Src/stm32h7xx_ll_sdmmc.c ****   {
 3641              		.loc 1 1731 12 is_stmt 0 view .LVU1108
 3642 0038 6B6B     		ldr	r3, [r5, #52]
1731:Drivers/STM32H7xx_HAL_Driver/Src/stm32h7xx_ll_sdmmc.c ****   {
 3643              		.loc 1 1731 11 view .LVU1109
 3644 003a 13F0010F 		tst	r3, #1
 3645 003e 05D0     		beq	.L173
1733:Drivers/STM32H7xx_HAL_Driver/Src/stm32h7xx_ll_sdmmc.c **** 
 3646              		.loc 1 1733 5 is_stmt 1 view .LVU1110
 3647 0040 0120     		movs	r0, #1
ARM GAS  C:\Users\Made\AppData\Local\Temp\ccTdy2Vr.s 			page 115


 3648              	.LVL238:
1733:Drivers/STM32H7xx_HAL_Driver/Src/stm32h7xx_ll_sdmmc.c **** 
 3649              		.loc 1 1733 5 is_stmt 0 view .LVU1111
 3650 0042 A863     		str	r0, [r5, #56]
1735:Drivers/STM32H7xx_HAL_Driver/Src/stm32h7xx_ll_sdmmc.c ****   }
 3651              		.loc 1 1735 5 is_stmt 1 view .LVU1112
1735:Drivers/STM32H7xx_HAL_Driver/Src/stm32h7xx_ll_sdmmc.c ****   }
 3652              		.loc 1 1735 12 is_stmt 0 view .LVU1113
 3653 0044 21E0     		b	.L169
 3654              	.LVL239:
 3655              	.L180:
1727:Drivers/STM32H7xx_HAL_Driver/Src/stm32h7xx_ll_sdmmc.c **** 
 3656              		.loc 1 1727 5 is_stmt 1 view .LVU1114
 3657 0046 0420     		movs	r0, #4
 3658              	.LVL240:
1727:Drivers/STM32H7xx_HAL_Driver/Src/stm32h7xx_ll_sdmmc.c **** 
 3659              		.loc 1 1727 5 is_stmt 0 view .LVU1115
 3660 0048 A863     		str	r0, [r5, #56]
1729:Drivers/STM32H7xx_HAL_Driver/Src/stm32h7xx_ll_sdmmc.c ****   }
 3661              		.loc 1 1729 5 is_stmt 1 view .LVU1116
1729:Drivers/STM32H7xx_HAL_Driver/Src/stm32h7xx_ll_sdmmc.c ****   }
 3662              		.loc 1 1729 12 is_stmt 0 view .LVU1117
 3663 004a 1EE0     		b	.L169
 3664              	.LVL241:
 3665              	.L173:
1740:Drivers/STM32H7xx_HAL_Driver/Src/stm32h7xx_ll_sdmmc.c **** 
 3666              		.loc 1 1740 3 is_stmt 1 view .LVU1118
1743:Drivers/STM32H7xx_HAL_Driver/Src/stm32h7xx_ll_sdmmc.c ****   {
 3667              		.loc 1 1743 3 view .LVU1119
1743:Drivers/STM32H7xx_HAL_Driver/Src/stm32h7xx_ll_sdmmc.c ****   {
 3668              		.loc 1 1743 7 is_stmt 0 view .LVU1120
 3669 004c 2846     		mov	r0, r5
 3670              	.LVL242:
1743:Drivers/STM32H7xx_HAL_Driver/Src/stm32h7xx_ll_sdmmc.c ****   {
 3671              		.loc 1 1743 7 view .LVU1121
 3672 004e FFF7FEFF 		bl	SDMMC_GetCommandResponse
 3673              	.LVL243:
1743:Drivers/STM32H7xx_HAL_Driver/Src/stm32h7xx_ll_sdmmc.c ****   {
 3674              		.loc 1 1743 6 discriminator 1 view .LVU1122
 3675 0052 B042     		cmp	r0, r6
 3676 0054 01D0     		beq	.L181
1745:Drivers/STM32H7xx_HAL_Driver/Src/stm32h7xx_ll_sdmmc.c ****   }
 3677              		.loc 1 1745 12 view .LVU1123
 3678 0056 0120     		movs	r0, #1
 3679 0058 17E0     		b	.L169
 3680              	.L181:
1749:Drivers/STM32H7xx_HAL_Driver/Src/stm32h7xx_ll_sdmmc.c **** 
 3681              		.loc 1 1749 3 is_stmt 1 view .LVU1124
 3682 005a 114B     		ldr	r3, .L183+8
 3683 005c AB63     		str	r3, [r5, #56]
1752:Drivers/STM32H7xx_HAL_Driver/Src/stm32h7xx_ll_sdmmc.c **** 
 3684              		.loc 1 1752 3 view .LVU1125
1752:Drivers/STM32H7xx_HAL_Driver/Src/stm32h7xx_ll_sdmmc.c **** 
 3685              		.loc 1 1752 17 is_stmt 0 view .LVU1126
 3686 005e 0021     		movs	r1, #0
 3687 0060 2846     		mov	r0, r5
 3688 0062 FFF7FEFF 		bl	SDMMC_GetResponse
ARM GAS  C:\Users\Made\AppData\Local\Temp\ccTdy2Vr.s 			page 116


 3689              	.LVL244:
 3690 0066 0346     		mov	r3, r0
 3691              	.LVL245:
1754:Drivers/STM32H7xx_HAL_Driver/Src/stm32h7xx_ll_sdmmc.c ****                       SDMMC_R6_COM_CRC_FAILED)) == SDMMC_ALLZERO)
 3692              		.loc 1 1754 3 is_stmt 1 view .LVU1127
1754:Drivers/STM32H7xx_HAL_Driver/Src/stm32h7xx_ll_sdmmc.c ****                       SDMMC_R6_COM_CRC_FAILED)) == SDMMC_ALLZERO)
 3693              		.loc 1 1754 6 is_stmt 0 view .LVU1128
 3694 0068 10F46040 		ands	r0, r0, #57344
 3695              	.LVL246:
1754:Drivers/STM32H7xx_HAL_Driver/Src/stm32h7xx_ll_sdmmc.c ****                       SDMMC_R6_COM_CRC_FAILED)) == SDMMC_ALLZERO)
 3696              		.loc 1 1754 6 view .LVU1129
 3697 006c 08D0     		beq	.L182
1761:Drivers/STM32H7xx_HAL_Driver/Src/stm32h7xx_ll_sdmmc.c ****   {
 3698              		.loc 1 1761 8 is_stmt 1 view .LVU1130
1761:Drivers/STM32H7xx_HAL_Driver/Src/stm32h7xx_ll_sdmmc.c ****   {
 3699              		.loc 1 1761 11 is_stmt 0 view .LVU1131
 3700 006e 13F4804F 		tst	r3, #16384
 3701 0072 0BD1     		bne	.L177
1765:Drivers/STM32H7xx_HAL_Driver/Src/stm32h7xx_ll_sdmmc.c ****   {
 3702              		.loc 1 1765 8 is_stmt 1 view .LVU1132
1765:Drivers/STM32H7xx_HAL_Driver/Src/stm32h7xx_ll_sdmmc.c ****   {
 3703              		.loc 1 1765 11 is_stmt 0 view .LVU1133
 3704 0074 13F4004F 		tst	r3, #32768
 3705 0078 0BD0     		beq	.L178
1767:Drivers/STM32H7xx_HAL_Driver/Src/stm32h7xx_ll_sdmmc.c ****   }
 3706              		.loc 1 1767 12 view .LVU1134
 3707 007a 4FF48050 		mov	r0, #4096
 3708 007e 04E0     		b	.L169
 3709              	.L182:
1757:Drivers/STM32H7xx_HAL_Driver/Src/stm32h7xx_ll_sdmmc.c **** 
 3710              		.loc 1 1757 5 is_stmt 1 view .LVU1135
1757:Drivers/STM32H7xx_HAL_Driver/Src/stm32h7xx_ll_sdmmc.c **** 
 3711              		.loc 1 1757 13 is_stmt 0 view .LVU1136
 3712 0080 1B0C     		lsrs	r3, r3, #16
 3713              	.LVL247:
1757:Drivers/STM32H7xx_HAL_Driver/Src/stm32h7xx_ll_sdmmc.c **** 
 3714              		.loc 1 1757 11 view .LVU1137
 3715 0082 3B80     		strh	r3, [r7]	@ movhi
1759:Drivers/STM32H7xx_HAL_Driver/Src/stm32h7xx_ll_sdmmc.c ****   }
 3716              		.loc 1 1759 5 is_stmt 1 view .LVU1138
1759:Drivers/STM32H7xx_HAL_Driver/Src/stm32h7xx_ll_sdmmc.c ****   }
 3717              		.loc 1 1759 12 is_stmt 0 view .LVU1139
 3718 0084 01E0     		b	.L169
 3719              	.LVL248:
 3720              	.L175:
1719:Drivers/STM32H7xx_HAL_Driver/Src/stm32h7xx_ll_sdmmc.c ****     }
 3721              		.loc 1 1719 14 view .LVU1140
 3722 0086 4FF00040 		mov	r0, #-2147483648
 3723              	.LVL249:
 3724              	.L169:
1773:Drivers/STM32H7xx_HAL_Driver/Src/stm32h7xx_ll_sdmmc.c **** 
 3725              		.loc 1 1773 1 view .LVU1141
 3726 008a F8BD     		pop	{r3, r4, r5, r6, r7, pc}
 3727              	.LVL250:
 3728              	.L177:
1763:Drivers/STM32H7xx_HAL_Driver/Src/stm32h7xx_ll_sdmmc.c ****   }
 3729              		.loc 1 1763 12 view .LVU1142
ARM GAS  C:\Users\Made\AppData\Local\Temp\ccTdy2Vr.s 			page 117


 3730 008c 4FF40050 		mov	r0, #8192
 3731 0090 FBE7     		b	.L169
 3732              	.L178:
1771:Drivers/STM32H7xx_HAL_Driver/Src/stm32h7xx_ll_sdmmc.c ****   }
 3733              		.loc 1 1771 12 view .LVU1143
 3734 0092 4FF48030 		mov	r0, #65536
 3735 0096 F8E7     		b	.L169
 3736              	.L184:
 3737              		.align	2
 3738              	.L183:
 3739 0098 00000000 		.word	SystemCoreClock
 3740 009c D34D6210 		.word	274877907
 3741 00a0 C5002000 		.word	2097349
 3742              		.cfi_endproc
 3743              	.LFE387:
 3745              		.section	.text.SDMMC_CmdSetRelAdd,"ax",%progbits
 3746              		.align	1
 3747              		.global	SDMMC_CmdSetRelAdd
 3748              		.syntax unified
 3749              		.thumb
 3750              		.thumb_func
 3752              	SDMMC_CmdSetRelAdd:
 3753              	.LVL251:
 3754              	.LFB370:
1044:Drivers/STM32H7xx_HAL_Driver/Src/stm32h7xx_ll_sdmmc.c ****   SDMMC_CmdInitTypeDef  sdmmc_cmdinit;
 3755              		.loc 1 1044 1 is_stmt 1 view -0
 3756              		.cfi_startproc
 3757              		@ args = 0, pretend = 0, frame = 24
 3758              		@ frame_needed = 0, uses_anonymous_args = 0
1044:Drivers/STM32H7xx_HAL_Driver/Src/stm32h7xx_ll_sdmmc.c ****   SDMMC_CmdInitTypeDef  sdmmc_cmdinit;
 3759              		.loc 1 1044 1 is_stmt 0 view .LVU1145
 3760 0000 70B5     		push	{r4, r5, r6, lr}
 3761              	.LCFI100:
 3762              		.cfi_def_cfa_offset 16
 3763              		.cfi_offset 4, -16
 3764              		.cfi_offset 5, -12
 3765              		.cfi_offset 6, -8
 3766              		.cfi_offset 14, -4
 3767 0002 86B0     		sub	sp, sp, #24
 3768              	.LCFI101:
 3769              		.cfi_def_cfa_offset 40
 3770 0004 0446     		mov	r4, r0
 3771 0006 0D46     		mov	r5, r1
1045:Drivers/STM32H7xx_HAL_Driver/Src/stm32h7xx_ll_sdmmc.c ****   uint32_t errorstate;
 3772              		.loc 1 1045 3 is_stmt 1 view .LVU1146
1046:Drivers/STM32H7xx_HAL_Driver/Src/stm32h7xx_ll_sdmmc.c **** 
 3773              		.loc 1 1046 3 view .LVU1147
1049:Drivers/STM32H7xx_HAL_Driver/Src/stm32h7xx_ll_sdmmc.c ****   sdmmc_cmdinit.CmdIndex         = SDMMC_CMD_SET_REL_ADDR;
 3774              		.loc 1 1049 3 view .LVU1148
1049:Drivers/STM32H7xx_HAL_Driver/Src/stm32h7xx_ll_sdmmc.c ****   sdmmc_cmdinit.CmdIndex         = SDMMC_CMD_SET_REL_ADDR;
 3775              		.loc 1 1049 34 is_stmt 0 view .LVU1149
 3776 0008 0023     		movs	r3, #0
 3777 000a 0193     		str	r3, [sp, #4]
1050:Drivers/STM32H7xx_HAL_Driver/Src/stm32h7xx_ll_sdmmc.c ****   sdmmc_cmdinit.Response         = SDMMC_RESPONSE_SHORT;
 3778              		.loc 1 1050 3 is_stmt 1 view .LVU1150
1050:Drivers/STM32H7xx_HAL_Driver/Src/stm32h7xx_ll_sdmmc.c ****   sdmmc_cmdinit.Response         = SDMMC_RESPONSE_SHORT;
 3779              		.loc 1 1050 34 is_stmt 0 view .LVU1151
ARM GAS  C:\Users\Made\AppData\Local\Temp\ccTdy2Vr.s 			page 118


 3780 000c 0326     		movs	r6, #3
 3781 000e 0296     		str	r6, [sp, #8]
1051:Drivers/STM32H7xx_HAL_Driver/Src/stm32h7xx_ll_sdmmc.c ****   sdmmc_cmdinit.WaitForInterrupt = SDMMC_WAIT_NO;
 3782              		.loc 1 1051 3 is_stmt 1 view .LVU1152
1051:Drivers/STM32H7xx_HAL_Driver/Src/stm32h7xx_ll_sdmmc.c ****   sdmmc_cmdinit.WaitForInterrupt = SDMMC_WAIT_NO;
 3783              		.loc 1 1051 34 is_stmt 0 view .LVU1153
 3784 0010 4FF48072 		mov	r2, #256
 3785 0014 0392     		str	r2, [sp, #12]
1052:Drivers/STM32H7xx_HAL_Driver/Src/stm32h7xx_ll_sdmmc.c ****   sdmmc_cmdinit.CPSM             = SDMMC_CPSM_ENABLE;
 3786              		.loc 1 1052 3 is_stmt 1 view .LVU1154
1052:Drivers/STM32H7xx_HAL_Driver/Src/stm32h7xx_ll_sdmmc.c ****   sdmmc_cmdinit.CPSM             = SDMMC_CPSM_ENABLE;
 3787              		.loc 1 1052 34 is_stmt 0 view .LVU1155
 3788 0016 0493     		str	r3, [sp, #16]
1053:Drivers/STM32H7xx_HAL_Driver/Src/stm32h7xx_ll_sdmmc.c ****   (void)SDMMC_SendCommand(SDMMCx, &sdmmc_cmdinit);
 3789              		.loc 1 1053 3 is_stmt 1 view .LVU1156
1053:Drivers/STM32H7xx_HAL_Driver/Src/stm32h7xx_ll_sdmmc.c ****   (void)SDMMC_SendCommand(SDMMCx, &sdmmc_cmdinit);
 3790              		.loc 1 1053 34 is_stmt 0 view .LVU1157
 3791 0018 4FF48053 		mov	r3, #4096
 3792 001c 0593     		str	r3, [sp, #20]
1054:Drivers/STM32H7xx_HAL_Driver/Src/stm32h7xx_ll_sdmmc.c **** 
 3793              		.loc 1 1054 3 is_stmt 1 view .LVU1158
1054:Drivers/STM32H7xx_HAL_Driver/Src/stm32h7xx_ll_sdmmc.c **** 
 3794              		.loc 1 1054 9 is_stmt 0 view .LVU1159
 3795 001e 01A9     		add	r1, sp, #4
 3796              	.LVL252:
1054:Drivers/STM32H7xx_HAL_Driver/Src/stm32h7xx_ll_sdmmc.c **** 
 3797              		.loc 1 1054 9 view .LVU1160
 3798 0020 FFF7FEFF 		bl	SDMMC_SendCommand
 3799              	.LVL253:
1057:Drivers/STM32H7xx_HAL_Driver/Src/stm32h7xx_ll_sdmmc.c **** 
 3800              		.loc 1 1057 3 is_stmt 1 view .LVU1161
1057:Drivers/STM32H7xx_HAL_Driver/Src/stm32h7xx_ll_sdmmc.c **** 
 3801              		.loc 1 1057 16 is_stmt 0 view .LVU1162
 3802 0024 2A46     		mov	r2, r5
 3803 0026 3146     		mov	r1, r6
 3804 0028 2046     		mov	r0, r4
 3805 002a FFF7FEFF 		bl	SDMMC_GetCmdResp6
 3806              	.LVL254:
1059:Drivers/STM32H7xx_HAL_Driver/Src/stm32h7xx_ll_sdmmc.c **** }
 3807              		.loc 1 1059 3 is_stmt 1 view .LVU1163
1060:Drivers/STM32H7xx_HAL_Driver/Src/stm32h7xx_ll_sdmmc.c **** 
 3808              		.loc 1 1060 1 is_stmt 0 view .LVU1164
 3809 002e 06B0     		add	sp, sp, #24
 3810              	.LCFI102:
 3811              		.cfi_def_cfa_offset 16
 3812              		@ sp needed
 3813 0030 70BD     		pop	{r4, r5, r6, pc}
1060:Drivers/STM32H7xx_HAL_Driver/Src/stm32h7xx_ll_sdmmc.c **** 
 3814              		.loc 1 1060 1 view .LVU1165
 3815              		.cfi_endproc
 3816              	.LFE370:
 3818              		.section	.text.SDMMC_GetCmdResp7,"ax",%progbits
 3819              		.align	1
 3820              		.global	SDMMC_GetCmdResp7
 3821              		.syntax unified
 3822              		.thumb
 3823              		.thumb_func
ARM GAS  C:\Users\Made\AppData\Local\Temp\ccTdy2Vr.s 			page 119


 3825              	SDMMC_GetCmdResp7:
 3826              	.LVL255:
 3827              	.LFB388:
1781:Drivers/STM32H7xx_HAL_Driver/Src/stm32h7xx_ll_sdmmc.c ****   uint32_t sta_reg;
 3828              		.loc 1 1781 1 is_stmt 1 view -0
 3829              		.cfi_startproc
 3830              		@ args = 0, pretend = 0, frame = 0
 3831              		@ frame_needed = 0, uses_anonymous_args = 0
 3832              		@ link register save eliminated.
1781:Drivers/STM32H7xx_HAL_Driver/Src/stm32h7xx_ll_sdmmc.c ****   uint32_t sta_reg;
 3833              		.loc 1 1781 1 is_stmt 0 view .LVU1167
 3834 0000 0146     		mov	r1, r0
1782:Drivers/STM32H7xx_HAL_Driver/Src/stm32h7xx_ll_sdmmc.c ****   /* 8 is the number of required instructions cycles for the below loop statement.
 3835              		.loc 1 1782 3 is_stmt 1 view .LVU1168
1785:Drivers/STM32H7xx_HAL_Driver/Src/stm32h7xx_ll_sdmmc.c **** 
 3836              		.loc 1 1785 3 view .LVU1169
1785:Drivers/STM32H7xx_HAL_Driver/Src/stm32h7xx_ll_sdmmc.c **** 
 3837              		.loc 1 1785 61 is_stmt 0 view .LVU1170
 3838 0002 164B     		ldr	r3, .L195
 3839 0004 1B68     		ldr	r3, [r3]
 3840 0006 164A     		ldr	r2, .L195+4
 3841 0008 A2FB0323 		umull	r2, r3, r2, r3
 3842 000c 5B0A     		lsrs	r3, r3, #9
1785:Drivers/STM32H7xx_HAL_Driver/Src/stm32h7xx_ll_sdmmc.c **** 
 3843              		.loc 1 1785 12 view .LVU1171
 3844 000e 41F28832 		movw	r2, #5000
 3845 0012 02FB03F3 		mul	r3, r2, r3
 3846              	.LVL256:
 3847              	.L189:
1787:Drivers/STM32H7xx_HAL_Driver/Src/stm32h7xx_ll_sdmmc.c ****   {
 3848              		.loc 1 1787 3 is_stmt 1 view .LVU1172
1789:Drivers/STM32H7xx_HAL_Driver/Src/stm32h7xx_ll_sdmmc.c ****     {
 3849              		.loc 1 1789 5 view .LVU1173
 3850 0016 1A46     		mov	r2, r3
1789:Drivers/STM32H7xx_HAL_Driver/Src/stm32h7xx_ll_sdmmc.c ****     {
 3851              		.loc 1 1789 14 is_stmt 0 view .LVU1174
 3852 0018 013B     		subs	r3, r3, #1
 3853              	.LVL257:
1789:Drivers/STM32H7xx_HAL_Driver/Src/stm32h7xx_ll_sdmmc.c ****     {
 3854              		.loc 1 1789 8 view .LVU1175
 3855 001a E2B1     		cbz	r2, .L192
1793:Drivers/STM32H7xx_HAL_Driver/Src/stm32h7xx_ll_sdmmc.c ****   } while (((sta_reg & (SDMMC_FLAG_CCRCFAIL | SDMMC_FLAG_CMDREND | SDMMC_FLAG_CTIMEOUT)) == 0U) ||
 3856              		.loc 1 1793 5 is_stmt 1 view .LVU1176
1793:Drivers/STM32H7xx_HAL_Driver/Src/stm32h7xx_ll_sdmmc.c ****   } while (((sta_reg & (SDMMC_FLAG_CCRCFAIL | SDMMC_FLAG_CMDREND | SDMMC_FLAG_CTIMEOUT)) == 0U) ||
 3857              		.loc 1 1793 13 is_stmt 0 view .LVU1177
 3858 001c 4A6B     		ldr	r2, [r1, #52]
 3859              	.LVL258:
1794:Drivers/STM32H7xx_HAL_Driver/Src/stm32h7xx_ll_sdmmc.c ****            ((sta_reg & SDMMC_FLAG_CMDACT) != 0U));
 3860              		.loc 1 1794 97 is_stmt 1 view .LVU1178
 3861 001e 12F0450F 		tst	r2, #69
 3862 0022 F8D0     		beq	.L189
1794:Drivers/STM32H7xx_HAL_Driver/Src/stm32h7xx_ll_sdmmc.c ****            ((sta_reg & SDMMC_FLAG_CMDACT) != 0U));
 3863              		.loc 1 1794 97 is_stmt 0 discriminator 1 view .LVU1179
 3864 0024 12F4005F 		tst	r2, #8192
 3865 0028 F5D1     		bne	.L189
1797:Drivers/STM32H7xx_HAL_Driver/Src/stm32h7xx_ll_sdmmc.c ****   {
 3866              		.loc 1 1797 3 is_stmt 1 view .LVU1180
ARM GAS  C:\Users\Made\AppData\Local\Temp\ccTdy2Vr.s 			page 120


1797:Drivers/STM32H7xx_HAL_Driver/Src/stm32h7xx_ll_sdmmc.c ****   {
 3867              		.loc 1 1797 7 is_stmt 0 view .LVU1181
 3868 002a 4B6B     		ldr	r3, [r1, #52]
 3869              	.LVL259:
1797:Drivers/STM32H7xx_HAL_Driver/Src/stm32h7xx_ll_sdmmc.c ****   {
 3870              		.loc 1 1797 6 view .LVU1182
 3871 002c 13F0040F 		tst	r3, #4
 3872 0030 0BD1     		bne	.L193
1805:Drivers/STM32H7xx_HAL_Driver/Src/stm32h7xx_ll_sdmmc.c ****   {
 3873              		.loc 1 1805 8 is_stmt 1 view .LVU1183
1805:Drivers/STM32H7xx_HAL_Driver/Src/stm32h7xx_ll_sdmmc.c ****   {
 3874              		.loc 1 1805 12 is_stmt 0 view .LVU1184
 3875 0032 4B6B     		ldr	r3, [r1, #52]
1805:Drivers/STM32H7xx_HAL_Driver/Src/stm32h7xx_ll_sdmmc.c ****   {
 3876              		.loc 1 1805 11 view .LVU1185
 3877 0034 13F00103 		ands	r3, r3, #1
 3878 0038 0AD1     		bne	.L194
1815:Drivers/STM32H7xx_HAL_Driver/Src/stm32h7xx_ll_sdmmc.c **** 
 3879              		.loc 1 1815 3 is_stmt 1 view .LVU1186
1817:Drivers/STM32H7xx_HAL_Driver/Src/stm32h7xx_ll_sdmmc.c ****   {
 3880              		.loc 1 1817 3 view .LVU1187
1817:Drivers/STM32H7xx_HAL_Driver/Src/stm32h7xx_ll_sdmmc.c ****   {
 3881              		.loc 1 1817 7 is_stmt 0 view .LVU1188
 3882 003a 486B     		ldr	r0, [r1, #52]
 3883              	.LVL260:
1817:Drivers/STM32H7xx_HAL_Driver/Src/stm32h7xx_ll_sdmmc.c ****   {
 3884              		.loc 1 1817 6 view .LVU1189
 3885 003c 10F04000 		ands	r0, r0, #64
 3886 0040 0BD0     		beq	.L187
1820:Drivers/STM32H7xx_HAL_Driver/Src/stm32h7xx_ll_sdmmc.c ****   }
 3887              		.loc 1 1820 5 is_stmt 1 view .LVU1190
 3888 0042 4022     		movs	r2, #64
 3889              	.LVL261:
1820:Drivers/STM32H7xx_HAL_Driver/Src/stm32h7xx_ll_sdmmc.c ****   }
 3890              		.loc 1 1820 5 is_stmt 0 view .LVU1191
 3891 0044 8A63     		str	r2, [r1, #56]
1823:Drivers/STM32H7xx_HAL_Driver/Src/stm32h7xx_ll_sdmmc.c **** 
 3892              		.loc 1 1823 10 view .LVU1192
 3893 0046 1846     		mov	r0, r3
 3894 0048 7047     		bx	lr
 3895              	.LVL262:
 3896              	.L193:
1800:Drivers/STM32H7xx_HAL_Driver/Src/stm32h7xx_ll_sdmmc.c **** 
 3897              		.loc 1 1800 5 is_stmt 1 view .LVU1193
 3898 004a 0420     		movs	r0, #4
 3899              	.LVL263:
1800:Drivers/STM32H7xx_HAL_Driver/Src/stm32h7xx_ll_sdmmc.c **** 
 3900              		.loc 1 1800 5 is_stmt 0 view .LVU1194
 3901 004c 8863     		str	r0, [r1, #56]
1802:Drivers/STM32H7xx_HAL_Driver/Src/stm32h7xx_ll_sdmmc.c ****   }
 3902              		.loc 1 1802 5 is_stmt 1 view .LVU1195
1802:Drivers/STM32H7xx_HAL_Driver/Src/stm32h7xx_ll_sdmmc.c ****   }
 3903              		.loc 1 1802 12 is_stmt 0 view .LVU1196
 3904 004e 7047     		bx	lr
 3905              	.LVL264:
 3906              	.L194:
1808:Drivers/STM32H7xx_HAL_Driver/Src/stm32h7xx_ll_sdmmc.c **** 
ARM GAS  C:\Users\Made\AppData\Local\Temp\ccTdy2Vr.s 			page 121


 3907              		.loc 1 1808 5 is_stmt 1 view .LVU1197
 3908 0050 0120     		movs	r0, #1
 3909              	.LVL265:
1808:Drivers/STM32H7xx_HAL_Driver/Src/stm32h7xx_ll_sdmmc.c **** 
 3910              		.loc 1 1808 5 is_stmt 0 view .LVU1198
 3911 0052 8863     		str	r0, [r1, #56]
1810:Drivers/STM32H7xx_HAL_Driver/Src/stm32h7xx_ll_sdmmc.c ****   }
 3912              		.loc 1 1810 5 is_stmt 1 view .LVU1199
1810:Drivers/STM32H7xx_HAL_Driver/Src/stm32h7xx_ll_sdmmc.c ****   }
 3913              		.loc 1 1810 12 is_stmt 0 view .LVU1200
 3914 0054 7047     		bx	lr
 3915              	.LVL266:
 3916              	.L192:
1791:Drivers/STM32H7xx_HAL_Driver/Src/stm32h7xx_ll_sdmmc.c ****     }
 3917              		.loc 1 1791 14 view .LVU1201
 3918 0056 4FF00040 		mov	r0, #-2147483648
 3919              	.LVL267:
 3920              	.L187:
1825:Drivers/STM32H7xx_HAL_Driver/Src/stm32h7xx_ll_sdmmc.c **** 
 3921              		.loc 1 1825 1 view .LVU1202
 3922 005a 7047     		bx	lr
 3923              	.L196:
 3924              		.align	2
 3925              	.L195:
 3926 005c 00000000 		.word	SystemCoreClock
 3927 0060 D34D6210 		.word	274877907
 3928              		.cfi_endproc
 3929              	.LFE388:
 3931              		.section	.text.SDMMC_CmdOperCond,"ax",%progbits
 3932              		.align	1
 3933              		.global	SDMMC_CmdOperCond
 3934              		.syntax unified
 3935              		.thumb
 3936              		.thumb_func
 3938              	SDMMC_CmdOperCond:
 3939              	.LVL268:
 3940              	.LFB363:
 864:Drivers/STM32H7xx_HAL_Driver/Src/stm32h7xx_ll_sdmmc.c ****   SDMMC_CmdInitTypeDef  sdmmc_cmdinit;
 3941              		.loc 1 864 1 is_stmt 1 view -0
 3942              		.cfi_startproc
 3943              		@ args = 0, pretend = 0, frame = 24
 3944              		@ frame_needed = 0, uses_anonymous_args = 0
 864:Drivers/STM32H7xx_HAL_Driver/Src/stm32h7xx_ll_sdmmc.c ****   SDMMC_CmdInitTypeDef  sdmmc_cmdinit;
 3945              		.loc 1 864 1 is_stmt 0 view .LVU1204
 3946 0000 10B5     		push	{r4, lr}
 3947              	.LCFI103:
 3948              		.cfi_def_cfa_offset 8
 3949              		.cfi_offset 4, -8
 3950              		.cfi_offset 14, -4
 3951 0002 86B0     		sub	sp, sp, #24
 3952              	.LCFI104:
 3953              		.cfi_def_cfa_offset 32
 3954 0004 0446     		mov	r4, r0
 865:Drivers/STM32H7xx_HAL_Driver/Src/stm32h7xx_ll_sdmmc.c ****   uint32_t errorstate;
 3955              		.loc 1 865 3 is_stmt 1 view .LVU1205
 866:Drivers/STM32H7xx_HAL_Driver/Src/stm32h7xx_ll_sdmmc.c **** 
 3956              		.loc 1 866 3 view .LVU1206
ARM GAS  C:\Users\Made\AppData\Local\Temp\ccTdy2Vr.s 			page 122


 873:Drivers/STM32H7xx_HAL_Driver/Src/stm32h7xx_ll_sdmmc.c ****   sdmmc_cmdinit.CmdIndex         = SDMMC_CMD_HS_SEND_EXT_CSD;
 3957              		.loc 1 873 3 view .LVU1207
 873:Drivers/STM32H7xx_HAL_Driver/Src/stm32h7xx_ll_sdmmc.c ****   sdmmc_cmdinit.CmdIndex         = SDMMC_CMD_HS_SEND_EXT_CSD;
 3958              		.loc 1 873 34 is_stmt 0 view .LVU1208
 3959 0006 4FF4D573 		mov	r3, #426
 3960 000a 0193     		str	r3, [sp, #4]
 874:Drivers/STM32H7xx_HAL_Driver/Src/stm32h7xx_ll_sdmmc.c ****   sdmmc_cmdinit.Response         = SDMMC_RESPONSE_SHORT;
 3961              		.loc 1 874 3 is_stmt 1 view .LVU1209
 874:Drivers/STM32H7xx_HAL_Driver/Src/stm32h7xx_ll_sdmmc.c ****   sdmmc_cmdinit.Response         = SDMMC_RESPONSE_SHORT;
 3962              		.loc 1 874 34 is_stmt 0 view .LVU1210
 3963 000c 0823     		movs	r3, #8
 3964 000e 0293     		str	r3, [sp, #8]
 875:Drivers/STM32H7xx_HAL_Driver/Src/stm32h7xx_ll_sdmmc.c ****   sdmmc_cmdinit.WaitForInterrupt = SDMMC_WAIT_NO;
 3965              		.loc 1 875 3 is_stmt 1 view .LVU1211
 875:Drivers/STM32H7xx_HAL_Driver/Src/stm32h7xx_ll_sdmmc.c ****   sdmmc_cmdinit.WaitForInterrupt = SDMMC_WAIT_NO;
 3966              		.loc 1 875 34 is_stmt 0 view .LVU1212
 3967 0010 4FF48073 		mov	r3, #256
 3968 0014 0393     		str	r3, [sp, #12]
 876:Drivers/STM32H7xx_HAL_Driver/Src/stm32h7xx_ll_sdmmc.c ****   sdmmc_cmdinit.CPSM             = SDMMC_CPSM_ENABLE;
 3969              		.loc 1 876 3 is_stmt 1 view .LVU1213
 876:Drivers/STM32H7xx_HAL_Driver/Src/stm32h7xx_ll_sdmmc.c ****   sdmmc_cmdinit.CPSM             = SDMMC_CPSM_ENABLE;
 3970              		.loc 1 876 34 is_stmt 0 view .LVU1214
 3971 0016 0023     		movs	r3, #0
 3972 0018 0493     		str	r3, [sp, #16]
 877:Drivers/STM32H7xx_HAL_Driver/Src/stm32h7xx_ll_sdmmc.c ****   (void)SDMMC_SendCommand(SDMMCx, &sdmmc_cmdinit);
 3973              		.loc 1 877 3 is_stmt 1 view .LVU1215
 877:Drivers/STM32H7xx_HAL_Driver/Src/stm32h7xx_ll_sdmmc.c ****   (void)SDMMC_SendCommand(SDMMCx, &sdmmc_cmdinit);
 3974              		.loc 1 877 34 is_stmt 0 view .LVU1216
 3975 001a 4FF48053 		mov	r3, #4096
 3976 001e 0593     		str	r3, [sp, #20]
 878:Drivers/STM32H7xx_HAL_Driver/Src/stm32h7xx_ll_sdmmc.c **** 
 3977              		.loc 1 878 3 is_stmt 1 view .LVU1217
 878:Drivers/STM32H7xx_HAL_Driver/Src/stm32h7xx_ll_sdmmc.c **** 
 3978              		.loc 1 878 9 is_stmt 0 view .LVU1218
 3979 0020 01A9     		add	r1, sp, #4
 3980 0022 FFF7FEFF 		bl	SDMMC_SendCommand
 3981              	.LVL269:
 881:Drivers/STM32H7xx_HAL_Driver/Src/stm32h7xx_ll_sdmmc.c **** 
 3982              		.loc 1 881 3 is_stmt 1 view .LVU1219
 881:Drivers/STM32H7xx_HAL_Driver/Src/stm32h7xx_ll_sdmmc.c **** 
 3983              		.loc 1 881 16 is_stmt 0 view .LVU1220
 3984 0026 2046     		mov	r0, r4
 3985 0028 FFF7FEFF 		bl	SDMMC_GetCmdResp7
 3986              	.LVL270:
 883:Drivers/STM32H7xx_HAL_Driver/Src/stm32h7xx_ll_sdmmc.c **** }
 3987              		.loc 1 883 3 is_stmt 1 view .LVU1221
 884:Drivers/STM32H7xx_HAL_Driver/Src/stm32h7xx_ll_sdmmc.c **** 
 3988              		.loc 1 884 1 is_stmt 0 view .LVU1222
 3989 002c 06B0     		add	sp, sp, #24
 3990              	.LCFI105:
 3991              		.cfi_def_cfa_offset 8
 3992              		@ sp needed
 3993 002e 10BD     		pop	{r4, pc}
 884:Drivers/STM32H7xx_HAL_Driver/Src/stm32h7xx_ll_sdmmc.c **** 
 3994              		.loc 1 884 1 view .LVU1223
 3995              		.cfi_endproc
 3996              	.LFE363:
ARM GAS  C:\Users\Made\AppData\Local\Temp\ccTdy2Vr.s 			page 123


 3998              		.text
 3999              	.Letext0:
 4000              		.file 2 "C:/Program Files (x86)/Arm GNU Toolchain arm-none-eabi/13.3 rel1/arm-none-eabi/include/ma
 4001              		.file 3 "C:/Program Files (x86)/Arm GNU Toolchain arm-none-eabi/13.3 rel1/arm-none-eabi/include/sy
 4002              		.file 4 "Drivers/CMSIS/Device/ST/STM32H7xx/Include/stm32h743xx.h"
 4003              		.file 5 "Drivers/STM32H7xx_HAL_Driver/Inc/stm32h7xx_hal_def.h"
 4004              		.file 6 "Drivers/STM32H7xx_HAL_Driver/Inc/stm32h7xx_ll_sdmmc.h"
 4005              		.file 7 "Drivers/CMSIS/Device/ST/STM32H7xx/Include/system_stm32h7xx.h"
ARM GAS  C:\Users\Made\AppData\Local\Temp\ccTdy2Vr.s 			page 124


DEFINED SYMBOLS
                            *ABS*:00000000 stm32h7xx_ll_sdmmc.c
C:\Users\Made\AppData\Local\Temp\ccTdy2Vr.s:20     .text.SDMMC_GetCmdError:00000000 $t
C:\Users\Made\AppData\Local\Temp\ccTdy2Vr.s:25     .text.SDMMC_GetCmdError:00000000 SDMMC_GetCmdError
C:\Users\Made\AppData\Local\Temp\ccTdy2Vr.s:80     .text.SDMMC_GetCmdError:00000030 $d
C:\Users\Made\AppData\Local\Temp\ccTdy2Vr.s:87     .text.SDMMC_Init:00000000 $t
C:\Users\Made\AppData\Local\Temp\ccTdy2Vr.s:93     .text.SDMMC_Init:00000000 SDMMC_Init
C:\Users\Made\AppData\Local\Temp\ccTdy2Vr.s:152    .text.SDMMC_Init:0000002c $d
C:\Users\Made\AppData\Local\Temp\ccTdy2Vr.s:157    .text.SDMMC_ReadFIFO:00000000 $t
C:\Users\Made\AppData\Local\Temp\ccTdy2Vr.s:163    .text.SDMMC_ReadFIFO:00000000 SDMMC_ReadFIFO
C:\Users\Made\AppData\Local\Temp\ccTdy2Vr.s:181    .text.SDMMC_WriteFIFO:00000000 $t
C:\Users\Made\AppData\Local\Temp\ccTdy2Vr.s:187    .text.SDMMC_WriteFIFO:00000000 SDMMC_WriteFIFO
C:\Users\Made\AppData\Local\Temp\ccTdy2Vr.s:210    .text.SDMMC_PowerState_ON:00000000 $t
C:\Users\Made\AppData\Local\Temp\ccTdy2Vr.s:216    .text.SDMMC_PowerState_ON:00000000 SDMMC_PowerState_ON
C:\Users\Made\AppData\Local\Temp\ccTdy2Vr.s:240    .text.SDMMC_PowerState_Cycle:00000000 $t
C:\Users\Made\AppData\Local\Temp\ccTdy2Vr.s:246    .text.SDMMC_PowerState_Cycle:00000000 SDMMC_PowerState_Cycle
C:\Users\Made\AppData\Local\Temp\ccTdy2Vr.s:270    .text.SDMMC_PowerState_OFF:00000000 $t
C:\Users\Made\AppData\Local\Temp\ccTdy2Vr.s:276    .text.SDMMC_PowerState_OFF:00000000 SDMMC_PowerState_OFF
C:\Users\Made\AppData\Local\Temp\ccTdy2Vr.s:300    .text.SDMMC_GetPowerState:00000000 $t
C:\Users\Made\AppData\Local\Temp\ccTdy2Vr.s:306    .text.SDMMC_GetPowerState:00000000 SDMMC_GetPowerState
C:\Users\Made\AppData\Local\Temp\ccTdy2Vr.s:325    .text.SDMMC_SendCommand:00000000 $t
C:\Users\Made\AppData\Local\Temp\ccTdy2Vr.s:331    .text.SDMMC_SendCommand:00000000 SDMMC_SendCommand
C:\Users\Made\AppData\Local\Temp\ccTdy2Vr.s:385    .text.SDMMC_SendCommand:00000020 $d
C:\Users\Made\AppData\Local\Temp\ccTdy2Vr.s:390    .text.SDMMC_GetCommandResponse:00000000 $t
C:\Users\Made\AppData\Local\Temp\ccTdy2Vr.s:396    .text.SDMMC_GetCommandResponse:00000000 SDMMC_GetCommandResponse
C:\Users\Made\AppData\Local\Temp\ccTdy2Vr.s:415    .text.SDMMC_GetResponse:00000000 $t
C:\Users\Made\AppData\Local\Temp\ccTdy2Vr.s:421    .text.SDMMC_GetResponse:00000000 SDMMC_GetResponse
C:\Users\Made\AppData\Local\Temp\ccTdy2Vr.s:445    .text.SDMMC_ConfigData:00000000 $t
C:\Users\Made\AppData\Local\Temp\ccTdy2Vr.s:451    .text.SDMMC_ConfigData:00000000 SDMMC_ConfigData
C:\Users\Made\AppData\Local\Temp\ccTdy2Vr.s:509    .text.SDMMC_GetDataCounter:00000000 $t
C:\Users\Made\AppData\Local\Temp\ccTdy2Vr.s:515    .text.SDMMC_GetDataCounter:00000000 SDMMC_GetDataCounter
C:\Users\Made\AppData\Local\Temp\ccTdy2Vr.s:533    .text.SDMMC_GetFIFOCount:00000000 $t
C:\Users\Made\AppData\Local\Temp\ccTdy2Vr.s:539    .text.SDMMC_GetFIFOCount:00000000 SDMMC_GetFIFOCount
C:\Users\Made\AppData\Local\Temp\ccTdy2Vr.s:557    .text.SDMMC_SetSDMMCReadWaitMode:00000000 $t
C:\Users\Made\AppData\Local\Temp\ccTdy2Vr.s:563    .text.SDMMC_SetSDMMCReadWaitMode:00000000 SDMMC_SetSDMMCReadWaitMode
C:\Users\Made\AppData\Local\Temp\ccTdy2Vr.s:587    .text.SDMMC_CmdGoIdleState:00000000 $t
C:\Users\Made\AppData\Local\Temp\ccTdy2Vr.s:593    .text.SDMMC_CmdGoIdleState:00000000 SDMMC_CmdGoIdleState
C:\Users\Made\AppData\Local\Temp\ccTdy2Vr.s:651    .text.SDMMC_GetCmdResp1:00000000 $t
C:\Users\Made\AppData\Local\Temp\ccTdy2Vr.s:657    .text.SDMMC_GetCmdResp1:00000000 SDMMC_GetCmdResp1
C:\Users\Made\AppData\Local\Temp\ccTdy2Vr.s:937    .text.SDMMC_GetCmdResp1:0000014c $d
C:\Users\Made\AppData\Local\Temp\ccTdy2Vr.s:946    .text.SDMMC_CmdBlockLength:00000000 $t
C:\Users\Made\AppData\Local\Temp\ccTdy2Vr.s:952    .text.SDMMC_CmdBlockLength:00000000 SDMMC_CmdBlockLength
C:\Users\Made\AppData\Local\Temp\ccTdy2Vr.s:1017   .text.SDMMC_CmdBlockCount:00000000 $t
C:\Users\Made\AppData\Local\Temp\ccTdy2Vr.s:1023   .text.SDMMC_CmdBlockCount:00000000 SDMMC_CmdBlockCount
C:\Users\Made\AppData\Local\Temp\ccTdy2Vr.s:1088   .text.SDMMC_CmdReadSingleBlock:00000000 $t
C:\Users\Made\AppData\Local\Temp\ccTdy2Vr.s:1094   .text.SDMMC_CmdReadSingleBlock:00000000 SDMMC_CmdReadSingleBlock
C:\Users\Made\AppData\Local\Temp\ccTdy2Vr.s:1159   .text.SDMMC_CmdReadMultiBlock:00000000 $t
C:\Users\Made\AppData\Local\Temp\ccTdy2Vr.s:1165   .text.SDMMC_CmdReadMultiBlock:00000000 SDMMC_CmdReadMultiBlock
C:\Users\Made\AppData\Local\Temp\ccTdy2Vr.s:1230   .text.SDMMC_CmdWriteSingleBlock:00000000 $t
C:\Users\Made\AppData\Local\Temp\ccTdy2Vr.s:1236   .text.SDMMC_CmdWriteSingleBlock:00000000 SDMMC_CmdWriteSingleBlock
C:\Users\Made\AppData\Local\Temp\ccTdy2Vr.s:1301   .text.SDMMC_CmdWriteMultiBlock:00000000 $t
C:\Users\Made\AppData\Local\Temp\ccTdy2Vr.s:1307   .text.SDMMC_CmdWriteMultiBlock:00000000 SDMMC_CmdWriteMultiBlock
C:\Users\Made\AppData\Local\Temp\ccTdy2Vr.s:1372   .text.SDMMC_CmdSDEraseStartAdd:00000000 $t
C:\Users\Made\AppData\Local\Temp\ccTdy2Vr.s:1378   .text.SDMMC_CmdSDEraseStartAdd:00000000 SDMMC_CmdSDEraseStartAdd
C:\Users\Made\AppData\Local\Temp\ccTdy2Vr.s:1443   .text.SDMMC_CmdSDEraseEndAdd:00000000 $t
C:\Users\Made\AppData\Local\Temp\ccTdy2Vr.s:1449   .text.SDMMC_CmdSDEraseEndAdd:00000000 SDMMC_CmdSDEraseEndAdd
C:\Users\Made\AppData\Local\Temp\ccTdy2Vr.s:1514   .text.SDMMC_CmdEraseStartAdd:00000000 $t
ARM GAS  C:\Users\Made\AppData\Local\Temp\ccTdy2Vr.s 			page 125


C:\Users\Made\AppData\Local\Temp\ccTdy2Vr.s:1520   .text.SDMMC_CmdEraseStartAdd:00000000 SDMMC_CmdEraseStartAdd
C:\Users\Made\AppData\Local\Temp\ccTdy2Vr.s:1585   .text.SDMMC_CmdEraseEndAdd:00000000 $t
C:\Users\Made\AppData\Local\Temp\ccTdy2Vr.s:1591   .text.SDMMC_CmdEraseEndAdd:00000000 SDMMC_CmdEraseEndAdd
C:\Users\Made\AppData\Local\Temp\ccTdy2Vr.s:1656   .text.SDMMC_CmdErase:00000000 $t
C:\Users\Made\AppData\Local\Temp\ccTdy2Vr.s:1662   .text.SDMMC_CmdErase:00000000 SDMMC_CmdErase
C:\Users\Made\AppData\Local\Temp\ccTdy2Vr.s:1727   .text.SDMMC_CmdStopTransfer:00000000 $t
C:\Users\Made\AppData\Local\Temp\ccTdy2Vr.s:1733   .text.SDMMC_CmdStopTransfer:00000000 SDMMC_CmdStopTransfer
C:\Users\Made\AppData\Local\Temp\ccTdy2Vr.s:1822   .text.SDMMC_CmdStopTransfer:00000054 $d
C:\Users\Made\AppData\Local\Temp\ccTdy2Vr.s:1827   .text.SDMMC_CmdSelDesel:00000000 $t
C:\Users\Made\AppData\Local\Temp\ccTdy2Vr.s:1833   .text.SDMMC_CmdSelDesel:00000000 SDMMC_CmdSelDesel
C:\Users\Made\AppData\Local\Temp\ccTdy2Vr.s:1898   .text.SDMMC_CmdAppCommand:00000000 $t
C:\Users\Made\AppData\Local\Temp\ccTdy2Vr.s:1904   .text.SDMMC_CmdAppCommand:00000000 SDMMC_CmdAppCommand
C:\Users\Made\AppData\Local\Temp\ccTdy2Vr.s:1969   .text.SDMMC_CmdBusWidth:00000000 $t
C:\Users\Made\AppData\Local\Temp\ccTdy2Vr.s:1975   .text.SDMMC_CmdBusWidth:00000000 SDMMC_CmdBusWidth
C:\Users\Made\AppData\Local\Temp\ccTdy2Vr.s:2040   .text.SDMMC_CmdSendSCR:00000000 $t
C:\Users\Made\AppData\Local\Temp\ccTdy2Vr.s:2046   .text.SDMMC_CmdSendSCR:00000000 SDMMC_CmdSendSCR
C:\Users\Made\AppData\Local\Temp\ccTdy2Vr.s:2109   .text.SDMMC_CmdSetRelAddMmc:00000000 $t
C:\Users\Made\AppData\Local\Temp\ccTdy2Vr.s:2115   .text.SDMMC_CmdSetRelAddMmc:00000000 SDMMC_CmdSetRelAddMmc
C:\Users\Made\AppData\Local\Temp\ccTdy2Vr.s:2181   .text.SDMMC_CmdSleepMmc:00000000 $t
C:\Users\Made\AppData\Local\Temp\ccTdy2Vr.s:2187   .text.SDMMC_CmdSleepMmc:00000000 SDMMC_CmdSleepMmc
C:\Users\Made\AppData\Local\Temp\ccTdy2Vr.s:2252   .text.SDMMC_CmdSendStatus:00000000 $t
C:\Users\Made\AppData\Local\Temp\ccTdy2Vr.s:2258   .text.SDMMC_CmdSendStatus:00000000 SDMMC_CmdSendStatus
C:\Users\Made\AppData\Local\Temp\ccTdy2Vr.s:2323   .text.SDMMC_CmdStatusRegister:00000000 $t
C:\Users\Made\AppData\Local\Temp\ccTdy2Vr.s:2329   .text.SDMMC_CmdStatusRegister:00000000 SDMMC_CmdStatusRegister
C:\Users\Made\AppData\Local\Temp\ccTdy2Vr.s:2392   .text.SDMMC_CmdSwitch:00000000 $t
C:\Users\Made\AppData\Local\Temp\ccTdy2Vr.s:2398   .text.SDMMC_CmdSwitch:00000000 SDMMC_CmdSwitch
C:\Users\Made\AppData\Local\Temp\ccTdy2Vr.s:2463   .text.SDMMC_CmdVoltageSwitch:00000000 $t
C:\Users\Made\AppData\Local\Temp\ccTdy2Vr.s:2469   .text.SDMMC_CmdVoltageSwitch:00000000 SDMMC_CmdVoltageSwitch
C:\Users\Made\AppData\Local\Temp\ccTdy2Vr.s:2532   .text.SDMMC_CmdSendEXTCSD:00000000 $t
C:\Users\Made\AppData\Local\Temp\ccTdy2Vr.s:2538   .text.SDMMC_CmdSendEXTCSD:00000000 SDMMC_CmdSendEXTCSD
C:\Users\Made\AppData\Local\Temp\ccTdy2Vr.s:2603   .text.SDMMC_GetCmdResp2:00000000 $t
C:\Users\Made\AppData\Local\Temp\ccTdy2Vr.s:2609   .text.SDMMC_GetCmdResp2:00000000 SDMMC_GetCmdResp2
C:\Users\Made\AppData\Local\Temp\ccTdy2Vr.s:2697   .text.SDMMC_GetCmdResp2:00000054 $d
C:\Users\Made\AppData\Local\Temp\ccTdy2Vr.s:2704   .text.SDMMC_CmdSendCID:00000000 $t
C:\Users\Made\AppData\Local\Temp\ccTdy2Vr.s:2710   .text.SDMMC_CmdSendCID:00000000 SDMMC_CmdSendCID
C:\Users\Made\AppData\Local\Temp\ccTdy2Vr.s:2770   .text.SDMMC_CmdSendCSD:00000000 $t
C:\Users\Made\AppData\Local\Temp\ccTdy2Vr.s:2776   .text.SDMMC_CmdSendCSD:00000000 SDMMC_CmdSendCSD
C:\Users\Made\AppData\Local\Temp\ccTdy2Vr.s:2838   .text.SDMMC_GetCmdResp3:00000000 $t
C:\Users\Made\AppData\Local\Temp\ccTdy2Vr.s:2844   .text.SDMMC_GetCmdResp3:00000000 SDMMC_GetCmdResp3
C:\Users\Made\AppData\Local\Temp\ccTdy2Vr.s:2918   .text.SDMMC_GetCmdResp3:00000044 $d
C:\Users\Made\AppData\Local\Temp\ccTdy2Vr.s:2925   .text.SDMMC_CmdAppOperCommand:00000000 $t
C:\Users\Made\AppData\Local\Temp\ccTdy2Vr.s:2931   .text.SDMMC_CmdAppOperCommand:00000000 SDMMC_CmdAppOperCommand
C:\Users\Made\AppData\Local\Temp\ccTdy2Vr.s:2993   .text.SDMMC_CmdOpCondition:00000000 $t
C:\Users\Made\AppData\Local\Temp\ccTdy2Vr.s:2999   .text.SDMMC_CmdOpCondition:00000000 SDMMC_CmdOpCondition
C:\Users\Made\AppData\Local\Temp\ccTdy2Vr.s:3061   .text.SDMMC_GetCmdResp4:00000000 $t
C:\Users\Made\AppData\Local\Temp\ccTdy2Vr.s:3067   .text.SDMMC_GetCmdResp4:00000000 SDMMC_GetCmdResp4
C:\Users\Made\AppData\Local\Temp\ccTdy2Vr.s:3161   .text.SDMMC_GetCmdResp4:00000054 $d
C:\Users\Made\AppData\Local\Temp\ccTdy2Vr.s:3168   .text.SDMMC_CmdSendOperationcondition:00000000 $t
C:\Users\Made\AppData\Local\Temp\ccTdy2Vr.s:3174   .text.SDMMC_CmdSendOperationcondition:00000000 SDMMC_CmdSendOperationcondition
C:\Users\Made\AppData\Local\Temp\ccTdy2Vr.s:3239   .text.SDMMC_GetCmdResp5:00000000 $t
C:\Users\Made\AppData\Local\Temp\ccTdy2Vr.s:3245   .text.SDMMC_GetCmdResp5:00000000 SDMMC_GetCmdResp5
C:\Users\Made\AppData\Local\Temp\ccTdy2Vr.s:3421   .text.SDMMC_GetCmdResp5:000000b0 $d
C:\Users\Made\AppData\Local\Temp\ccTdy2Vr.s:3428   .text.SDMMC_SDIO_CmdReadWriteDirect:00000000 $t
C:\Users\Made\AppData\Local\Temp\ccTdy2Vr.s:3434   .text.SDMMC_SDIO_CmdReadWriteDirect:00000000 SDMMC_SDIO_CmdReadWriteDirect
C:\Users\Made\AppData\Local\Temp\ccTdy2Vr.s:3501   .text.SDMMC_SDIO_CmdReadWriteExtended:00000000 $t
C:\Users\Made\AppData\Local\Temp\ccTdy2Vr.s:3507   .text.SDMMC_SDIO_CmdReadWriteExtended:00000000 SDMMC_SDIO_CmdReadWriteExtended
C:\Users\Made\AppData\Local\Temp\ccTdy2Vr.s:3573   .text.SDMMC_GetCmdResp6:00000000 $t
ARM GAS  C:\Users\Made\AppData\Local\Temp\ccTdy2Vr.s 			page 126


C:\Users\Made\AppData\Local\Temp\ccTdy2Vr.s:3579   .text.SDMMC_GetCmdResp6:00000000 SDMMC_GetCmdResp6
C:\Users\Made\AppData\Local\Temp\ccTdy2Vr.s:3739   .text.SDMMC_GetCmdResp6:00000098 $d
C:\Users\Made\AppData\Local\Temp\ccTdy2Vr.s:3746   .text.SDMMC_CmdSetRelAdd:00000000 $t
C:\Users\Made\AppData\Local\Temp\ccTdy2Vr.s:3752   .text.SDMMC_CmdSetRelAdd:00000000 SDMMC_CmdSetRelAdd
C:\Users\Made\AppData\Local\Temp\ccTdy2Vr.s:3819   .text.SDMMC_GetCmdResp7:00000000 $t
C:\Users\Made\AppData\Local\Temp\ccTdy2Vr.s:3825   .text.SDMMC_GetCmdResp7:00000000 SDMMC_GetCmdResp7
C:\Users\Made\AppData\Local\Temp\ccTdy2Vr.s:3926   .text.SDMMC_GetCmdResp7:0000005c $d
C:\Users\Made\AppData\Local\Temp\ccTdy2Vr.s:3932   .text.SDMMC_CmdOperCond:00000000 $t
C:\Users\Made\AppData\Local\Temp\ccTdy2Vr.s:3938   .text.SDMMC_CmdOperCond:00000000 SDMMC_CmdOperCond

UNDEFINED SYMBOLS
SystemCoreClock
