:020000040800F2
:1000000000000220D5A10008550E0008570E000878
:10001000590E00085B0E00085D0E0008000000008D
:100020000000000000000000000000005F0E00085B
:10003000610E000800000000630E0008650E000855
:1000400029A2000829A2000829A2000829A2000864
:1000500029A2000829A2000829A2000829A2000854
:1000600029A2000829A2000829A20008690E000898
:10007000790E0008890E0008990E000829A20008D0
:1000800029A2000829A2000829A2000829A2000824
:1000900029A2000829A2000829A2000829A2000814
:1000A00029A2000829A2000829A2000829A2000804
:1000B000A90E000829A2000829A2000829A2000808
:1000C00029A2000829A2000829A2000829A20008E4
:1000D00029A2000829A2000829A2000829A20008D4
:1000E00029A2000829A200080000000029A2000897
:1000F00029A2000829A2000829A2000829A20008B4
:1001000029A2000829A2000829A2000829A20008A3
:1001100029A2000829A20008B90E0008D10E000883
:1001200029A2000829A2000829A2000829A2000883
:1001300029A2000829A2000829A2000829A2000873
:1001400000000000000000000000000000000000AF
:1001500029A2000829A2000829A2000829A2000853
:1001600029A2000829A2000829A2000829A2000843
:1001700029A2000829A2000829A200080000000006
:1001800029A2000829A2000829A2000829A2000823
:10019000E10E000829A2000829A2000829A20008EF
:1001A00029A2000829A2000829A2000829A2000803
:1001B00029A2000829A2000829A2000829A20008F3
:1001C00029A2000829A2000829A2000829A20008E3
:1001D00029A2000829A2000829A2000829A20008D3
:1001E00029A2000829A2000829A2000829A20008C3
:1001F00029A2000829A2000829A2000829A20008B3
:1002000029A2000829A2000829A2000829A20008A2
:1002100029A2000829A2000829A2000829A2000892
:1002200029A2000829A2000829A200080000000055
:1002300029A2000829A200080000000029A2000845
:1002400029A2000829A2000829A2000829A2000862
:1002500029A2000829A2000829A2000829A2000852
:1002600029A2000829A2000829A2000829A2000842
:1002700029A2000829A2000829A200080000000005
:1002800029A2000829A2000829A2000800000000F5
:080290000000000029A2000893
:1002A00001F0FF01102A2BDB10F0070F08D010F827
:1002B000013B013A8B422DD010F0070F42B3F6D12B
:1002C000F0B441EA012141EA014122F007047FF044
:1002D00000070023F0E80256083C85EA010586EA9B
:1002E000010685FA47F5A3FA87F586FA47F6A5FAD7
:1002F00087F68EB9EED1F0BC01F0FF0102F00702E3
:1003000032B110F8013B013A83EA010313B1F8D18D
:100310000020704701387047002D06BF354603386E
:10032000073815F0010F07D1013015F4807F02BFA7
:10033000013015F4C03F0130F0BC0138704700BFF8
:10034000034613F8012B002AFBD1181A0138704715
:1003500053B94AB9002908BF00281CBF4FF0FF312C
:100360004FF0FF3000F00CB8ADF1080C6DE904CE91
:100370000CF00EFDDDF804E0DDE9022304B0704767
:10038000704700BF0348044B834202D0034B03B1C4
:1003900018477047DC010020DC010020000000004D
:1003A0000548064B1B1AD90F01EBA301491002D0D7
:1003B000034B03B118477047DC010020DC0100202B
:1003C0000000000010B5064C237843B9FFF7DAFFB0
:1003D000044B13B10448AFF300800123237010BD18
:1003E00000000024000000004CD0000808B5054BB8
:1003F0001BB105490548AFF30080BDE80840FFF791
:10040000CFBF00BF00000000040000244CD0000853
:1004100010B584B00024009401940294039401F078
:1004200045FC01238DF800308DF8014001941F2216
:100430008DF8082087228DF809208DF80A408DF864
:100440000B408DF80C308DF80D308DF80E408DF886
:100450000F40684601F048FC042001F035FC04B070
:1004600010BD00002DE9F0438BB0002405940694E4
:10047000079408940994464BD3F8E02042F0100208
:10048000C3F8E020D3F8E02002F010020192019AB4
:10049000D3F8E02042F00102C3F8E020D3F8E020D6
:1004A00002F001020292029AD3F8E02042F0040224
:1004B000C3F8E020D3F8E02002F004020392039A8C
:1004C000D3F8E02042F00802C3F8E020D3F8E0308F
:1004D00003F008030493049B2E4F2246082138465C
:1004E00004F033FADFF8B88022460221404604F0D7
:1004F0002CFA294E22464FF6F071304604F025FAC8
:100500004FF00809CDF814900125069507940323B0
:10051000089305A9384604F001F9022705970695C6
:100520000794089405A9404604F0F8F820230593A1
:100530000694079505A9194804F0F0F84FF62073C2
:10054000059306950794089405A9304604F0E6F84B
:100550004FF480730593069707940894099405A9AE
:10056000404604F0DBF8CDF814900694079705A9EF
:10057000304604F0D3F8D0230593069507970894E6
:1005800005A9304604F0CAF80BB0BDE8F08300BFFF
:100590000044025800100258000C0258000802588B
:1005A0000000025800B583B0174BD3F8D82042F0B2
:1005B0000102C3F8D820D3F8D83003F00103019327
:1005C000019B002211460B2001F05CFB0B2001F087
:1005D00069FB002211460C2001F054FB0C2001F0B5
:1005E00061FB002211460D2001F04CFB0D2001F0B3
:1005F00059FB002211460E2001F044FB0E2001F0B1
:1006000051FB03B05DF804FB0044025800B583B011
:1006100013464FF47A7200920A460146074806F0E4
:1006200089F918B9002003B05DF804FB4FF4967007
:1006300008F0F2F94FF49670F5E700BF3C0400248F
:1006400008B507F0DFFF4FF40072024902480AF0D4
:1006500098FC08BDC42404243400003008B507F019
:10066000D1FF4FF40072024902480AF08AFC08BD2B
:10067000C42404243402003008B5036903B908BD5A
:100680004FF4C87008F0C8F9F9E7000008B502682F
:100690000A4B1B681B689A4200D008BD084A1368C1
:1006A00001331360074B01221A700022064B198890
:1006B000064B186804F049F9EFE700BFBC100024AE
:1006C000B410002410000020A4080024B008002466
:1006D00008B50268074B9A4204D00368B3F1804F13
:1006E00005D008BD044A136801331360F5E705F02F
:1006F00097FBF6E700140040CC2E042408B572B630
:100700000F4C0221204604F026F94FF4FA7005F050
:1007100099FB0221204604F01EF9642005F092FBAB
:100720000221204604F017F9642005F08BFB02211A
:10073000204604F010F94FF4967005F083FBDFE7D4
:100740000000025800B58BB02422002101A80AF055
:1007500080FB1248124B036001F0F2FAB8B9002294
:10076000019216230293039201230493059201A997
:100770000A4801F0C1FB60B91E230293102201A9AF
:10078000064801F0B9FB30B90BB05DF804FBFFF788
:10079000B5FFFFF7B3FFFFF7B1FF00BFA8050024C7
:1007A0000074004008B50848084B0360002343600C
:1007B00083604FF48042C2600361436106F0A5FC90
:1007C00000B908BDFFF79AFF3C04002400700052F6
:1007D00000B589B000230493059306930793019312
:1007E000029303931348144A0260772242608360A5
:1007F0004FF6FF72C2600361836101F0C3F890B9E4
:100800004FF48053049304A90A4801F0F9F860B941
:1008100000230193039301A9064801F08DF930B933
:1008200009B05DF804FBFFF769FFFFF767FFFFF70B
:1008300065FF00BFA40200240008004000B589B095
:100840000023049305930693079301930293039364
:100850001348144A02600122426083604EF65F2210
:10086000C2600361836101F08DF890B94FF4805349
:10087000049304A90A4801F0C3F860B90023019366
:10088000039301A9064801F057F930B909B05DF8A2
:1008900004FBFFF733FFFFF731FFFFF72FFF00BF28
:1008A000F00200240004004000B585B0002301934D
:1008B000029303930D480E4A02604360836040F642
:1008C000C312C260836101F05DF858B9202301931F
:1008D0000023039301A9054801F02EF920B905B0C2
:1008E0005DF804FBFFF70AFFFFF708FF0C02002486
:1008F0000010004000B589B00023049305930693CF
:1009000007930193029303931348144A02607722DA
:10091000426083604FF0FF32C2600361836101F087
:1009200031F890B94FF48053049304A90A4801F0B8
:1009300067F860B900230193039301A9064801F009
:10094000FBF830B909B05DF804FBFFF7D7FEFFF7FD
:10095000D5FEFFF7D3FE00BF58020024000C004074
:1009600000B58BB00023079308930993009301937C
:10097000029303930493059306931D481D4A026056
:1009800043608360C36004220261037543750122E2
:100990008261037743628362C3620363436380F8C7
:1009A0003830C26308F068FCE0B90023079307A958
:1009B0000F4808F08DFDB8B90F4B00930623019343
:1009C0000023029340F2FF720392042204920593E3
:1009D0008DF819306946064808F076F830B90BB042
:1009E0005DF804FBFFF78AFEFFF788FEFFF786FE3F
:1009F000E8050024002002400800900C00B585B0F6
:100A000000230193029303930D480E4A0260436052
:100A1000836042F6DF62C260836100F0B3FF58B9C1
:100A2000202301930023039301A9054801F084F8D2
:100A300020B905B05DF804FBFFF760FEFFF75EFE2E
:100A4000C00100240014004008B50B480B4B0360A4
:100A50004FF4E02303614FF48013C36000238361EC
:100A60004361C36183604360036208F0D9FD00B94C
:100A700008BDFFF743FE00BFBC0500241038005836
:100A800008B51748174B03604FF4800343604FF4D9
:100A9000003383600723C3604FF0007303614FF09E
:100AA000807343614FF0806383614FF04053C361B3
:100AB0000023036243628362C3624FF08042426359
:100AC0008363C363036443648364C36403654365EE
:100AD000836506F0EFFC00B908BDFFF70FFE00BF0D
:100AE000B40300240034014008B51548154B0360D9
:100AF0004FF4E133436000238360C36003610C2241
:100B000042618361C36103624362836209F09FFAB9
:100B100070B900210A4809F012FB58B900210848B1
:100B200009F032FB40B9064809F0EAFA30B908BDCD
:100B3000FFF7E4FDFFF7E2FDFFF7E0FDFFF7DEFD65
:100B400094000024004C004000B589B000230493B9
:100B50000593069307930193029303931348144A52
:100B60000260436083600122C2600361436183616C
:100B700000F008FF98B94FF48053049304A90B4880
:100B800000F03EFF68B9202301930023039301A9DD
:100B9000064800F0D1FF30B909B05DF804FBFFF75B
:100BA000ADFDFFF7ABFDFFF7A9FD00BF2801002455
:100BB0000040014000B589B00023049305930693DB
:100BC00007930193029303931348144A026043600E
:100BD00083600722C26003614361836100F0D2FE3B
:100BE000A0B94FF48053049304A90B4800F008FF08
:100BF00070B92023019300230293039301A90648AF
:100C000000F09AFF30B909B05DF804FBFFF776FDFC
:100C1000FFF774FDFFF772FD74010024000401402A
:100C200000B59DB04C22002109A80AF012F920223B
:100C3000002101A80AF00DF9022005F099F800231F
:100C40000093274B9A6942F440429A619B6903F4EE
:100C500040430093234BDA6A42F00102DA62DB6A16
:100C600003F001030093009B1D4B9B6913F4005F8D
:100C7000FAD00223099301220C9240220D92129382
:100C800000221392042114913C21159116932821DE
:100C9000179118930C2319931A921B9209A801F02B
:100CA000FDF9C8B93F230193032302930023039363
:100CB000092204920593069307930893012101A842
:100CC00001F094FE50B94FF480220021084601F053
:100CD0003FFD1DB05DF804FBFFF710FDFFF70EFDB3
:100CE000004802580004005810B5B0B0C024224695
:100CF000002168460AF0ADF84FF402220023CDE946
:100D0000002305230293462303938023049369223F
:100D10000592069307944FF480331993684602F0C6
:100D200027F908B930B010BDFFF7E8FC38B5FFF778
:100D30006FFB05F047F8FFF773FFFFF7D5FFFFF7ED
:100D400091FBFFF72FFCFFF7FDFCFFF72BFDFFF7F3
:100D50003FFDFFF773FDFFF7A7FDFFF7CBFDFFF7A3
:100D6000FFFDFFF74BFEFFF76FFEFFF789FEFFF772
:100D7000BBFEFFF7E9FEFFF71DFF00240221254817
:100D800003F0E9FD2021244803F0D8FD00280CBF22
:100D90000125002504F0010408BF002424B9C8205F
:100DA00005F050F82C46E9E701220221194803F02A
:100DB000CCFD1A4800F016FC194800F013FC194845
:100DC00000F010FC184800F051FC184800F04EFCF0
:100DD000174800F007FC06F0D7FF0823154A16490C
:100DE000164807F06BF81649164807F069FB164CD1
:100DF000256807F0E9FD23685B1B07EE903AF8EEE3
:100E0000677ADFED126A87EEA67A114B83ED007ADE
:100E1000EDE700BF0000025800080258F00200246D
:100E2000A4020024580200240C020024C001002463
:100E30007401002400100258B40300243C04002470
:100E4000E8050024A8050024CC2E042400401C46FC
:100E5000C82E0424FEE7FEE7FEE7FEE7FEE7704744
:100E6000704770477047000008B5024804F0E2FB85
:100E700008BD00BF3005002408B5024804F0DAFBC5
:100E800008BD00BF3C03002408B5024804F0D2FBB3
:100E900008BD00BF1C00002408B5024804F0CAFBCE
:100EA00008BD00BFB804002408B5024800F02AFCC1
:100EB00008BD00BF4C06002408B5034800F0E5FF5C
:100EC000024800F01FFC08BDA80500240C02002405
:100ED00008B5024800F016FC08BD00BFC0010024A0
:100EE00008B5024806F030FE08BD00BFB403002478
:100EF00082B0074BD3F8F42042F00202C3F8F4208A
:100F0000D3F8F43003F002030193019B02B0704761
:100F10000044025800B589B000230393049305935D
:100F2000069307930268144B9A4202D009B05DF809
:100F300004FB124BD3F8D82042F02002C3F8D8208B
:100F4000D3F8D82002F020020192019AD3F8E020D1
:100F500042F00102C3F8E020D3F8E03003F00103CF
:100F60000293029B402303930323049303A90448A1
:100F700003F0D4FBDAE700BF00200240004402582F
:100F80000000025810B588B0002303930493059322
:100F90000693079302681B4B9A4201D008B010BD1C
:100FA000194BD3F8F42042F48042C3F8F420D3F86C
:100FB000F42002F480420192019AD3F8E02042F03A
:100FC0001002C3F8E020D3F8E03003F010030293DE
:100FD000029B4FF408630393032304930B4C03A970
:100FE000204603F09BFB4FF480730393022304938A
:100FF0000023059306930D23079303A9204603F0CE
:101000008DFBCBE7103800580044025800100258FE
:1010100010B588B0002303930493059306930793B8
:1010200002683A4B9A4201D008B010BD0446384BD2
:10103000D3F8E82042F00052C3F8E820D3F8E820C3
:1010400002F000520192019AD3F8E02042F001022E
:10105000C3F8E020D3F8E03003F001030293029BD1
:10106000302303930323049303A92A4803F056FB78
:1010700029482A4B036043234360402383600023B5
:10108000C3604FF4806202614FF4006242614FF42A
:10109000005282614FF48072C2614FF440320262AA
:1010A000436203F071FE50BB1B4BA3609C631C4862
:1010B0001C4B036044234360402383600023C360D0
:1010C0004FF4806202614FF4006242614FF40052BB
:1010D00082614FF48072C2614FF4803202624362D7
:1010E00003F052FE70B90E4BE3609C630022114680
:1010F000362000F0C7FD362000F0D4FD94E7FFF75E
:10110000FDFAD1E7FFF7FAFAEDE700BF00740040FF
:10111000004402580000025830050024100002402C
:10112000B804002458000240F0B5BBB004460021CA
:1011300035913691379138913991C02204A809F040
:1011400088FE2268284B9A4201D03BB0F0BD4FF494
:1011500080320023CDE9042304A801F009FF002810
:101160003ED1224BD3F8D42042F48032C3F8D420AD
:10117000D3F8D42002F480320192019AD3F8E0200F
:1011800042F00402C3F8E020D3F8E02002F00402A9
:101190000292029AD3F8E02042F00802C3F8E0205D
:1011A000D3F8E03003F008030393039B4FF4F853A4
:1011B00035930227369701263796032538950C2458
:1011C000399435A90A4803F0A9FA042335933697D0
:1011D00037963895399435A9064803F09FFAB4E755
:1011E000FFF78CFABDE700BF0070005200440258C0
:1011F00000080258000C025810B588B00023039371
:1012000004930593069307930268284B9A4201D0F2
:1012100008B010BD0446264BD3F8F02042F400522B
:10122000C3F8F020D3F8F02002F400520192019AA2
:10123000D3F8E02042F01002C3F8E020D3F8E03009
:1012400003F010030293029B4423039302230493AD
:10125000032306930523079303A9164803F05EFAB8
:101260001548164B036054234360402383600023DA
:10127000C3604FF48062026143618361C3614FF4D4
:1012800000320262436203F07FFD58B90A4BA36744
:101290009C6300221146542000F0F4FC542000F01E
:1012A00001FDB5E7FFF72AFAF0E700BF003401407F
:1012B00000440258001002583C0300242800024059
:1012C00000B589B00368444A93421FD0434A934211
:1012D0002CD0434A934237D0424A934242D0424AAA
:1012E000934255D0414A934268D0414A93421AD121
:1012F000404BD3F8F02042F48032C3F8F020D3F80A
:10130000F03003F480330793079B0CE0394BD3F89C
:10131000E82042F00202C3F8E820D3F8E83003F0F6
:1013200002030193019B09B05DF804FB314BD3F834
:10133000E82042F00402C3F8E820D3F8E83003F0D4
:1013400004030293029BEEE72A4BD3F8E82042F015
:101350000802C3F8E820D3F8E83003F00803039349
:10136000039BE0E7234BD3F8E82042F01002C3F8D8
:10137000E820D3F8E83003F010030493049B002224
:101380001146362000F07EFC362000F08BFCCAE7C8
:10139000184BD3F8E82042F02002C3F8E820D3F835
:1013A000E83003F020030593059B00221146372007
:1013B00000F068FC372000F075FCB4E70D4BD3F863
:1013C000F02042F00202C3F8F020D3F8F03003F02E
:1013D00002030693069BA6E70004004000080040B5
:1013E000000C0040001000400014004000040140C8
:1013F0000040014000440258F0B5B9B00446002155
:1014000033913491359136913791C02202A809F079
:1014100020FD22682E4B9A4201D039B0F0BD022245
:101420000023CDE9022302A801F0A2FD002848D143
:10143000284BD3F8E82042F40022C3F8E820D3F880
:10144000E82002F400220092009AD3F8E02042F053
:101450000102C3F8E020D3F8E03003F00103019368
:10146000019B012333930227349700253595369548
:1014700008233793184E33A9304603F04FF94FF441
:10148000006333933497359536950623379333A904
:10149000304603F043F91148114B03604023436089
:1014A0008360C5604FF48063036145618561C561F8
:1014B0000562456203F068FC30B9084BE3679C6342
:1014C000ABE7FFF71BF9B3E7FFF718F9F5E700BF44
:1014D000004C004000440258000002581C00002448
:1014E000400002400F2801D90120704710B58AB092
:1014F0000446002201461C2000F0C4FB1C2000F022
:10150000D1FB1B4B1C601B4BD3F8E82042F00102BF
:10151000C3F8E820D3F8E83003F001030093009B00
:1015200001A902A801F0F2FB079BC3B901F0CAFBB5
:101530000346114AA2FB03239B0C013B0F484FF0CB
:101540008042026040F2E732C260436000230361E0
:10155000836000F017FA30B101200AB010BD01F02D
:10156000B1FB4300E5E7054800F080F8F5E700BF70
:10157000040000200044025883DE1B434C06002474
:1015800010B4036A046A24F001040462846924F03C
:10159000F00C4CEA021223F00A030B43826103624F
:1015A0005DF8044B704710B4036A046A24F0100419
:1015B0000462846924F4704C4CEA023223F0A003E4
:1015C00043EA0113826103625DF8044B7047000037
:1015D0008268034B13400B4343F00703836070475B
:1015E0008FFFCFFF90F83D30DBB2012B35D10223C6
:1015F00080F83D3003681B4AB3F1804F18BF934217
:101600001DD0A2F57C42934219D002F5806293422C
:1016100015D002F58062934211D002F578429342D0
:101620000DD0A2F56C42934209D002F59432934258
:1016300005D01A6842F001021A60002070479968CC
:10164000094A0A40062A18BFB2F5803F07D01A6837
:1016500042F001021A60002070470120704700200C
:10166000704700BF000001400700010090F83D30C6
:10167000DBB2012B3AD1022380F83D300268D368F7
:1016800043F00103D36003681A4AB3F1804F18BFD7
:1016900093421DD0A2F57C42934219D002F580629C
:1016A000934215D002F58062934211D002F5784240
:1016B00093420DD0A2F56C42934209D002F59432C8
:1016C000934205D01A6842F001021A600020704768
:1016D0009968094A0A40062A18BFB2F5803F07D028
:1016E0001A6842F001021A6000207047012070471A
:1016F000002070470000014007000100704770475C
:101700007047704770B504460368DE681D6915F0C0
:10171000020F10D016F0020F0DD06FF002021A6106
:101720000123037703689B6913F0030F64D0FFF76D
:10173000E6FF0023237715F0040F12D016F0040FF4
:101740000FD023686FF004021A6102232377236805
:101750009B6913F4407F55D02046FFF7D0FF00234C
:10176000237715F0080F12D016F0080F0FD023685A
:101770006FF008021A61042323772368DB6913F0F2
:10178000030F46D02046FFF7BAFF0023237715F05A
:10179000100F12D016F0100F0FD023686FF0100248
:1017A0001A61082323772368DB6913F4407F37D05D
:1017B0002046FFF7A4FF0023237715F0010F02D086
:1017C00016F0010F33D115F4025F02D016F0800F2E
:1017D00035D115F4807F02D016F0800F37D115F087
:1017E000400F02D016F0400F39D115F0200F02D073
:1017F00016F0200F3BD170BDFFF780FF2046FFF7AA
:101800007FFF96E72046FFF779FF2046FFF778FF36
:10181000A5E72046FFF772FF2046FFF771FFB4E708
:101820002046FFF76BFF2046FFF76AFFC3E72368F8
:101830006FF001021A612046FEF74AFFC3E72368F2
:101840006FF402521A61204600F0C7F9C1E723681D
:101850006FF480721A61204600F0C0F9BFE7236878
:101860006FF040021A612046FFF74BFFBDE7236887
:101870006FF020021A61204600F0AEF9BBE70000CD
:1018800070B40368394A904214BF00220122B0F1BB
:10189000804F14BF144642F00104ACB9344DA84245
:1018A00014BF00250125334EB0420DD065B905F1B6
:1018B000804505F58235A84214BF0025012506F5AF
:1018C0000066B04200D01DB123F070034D682B4379
:1018D00014BB274CA04214BF00240124254DA8426C
:1018E0001AD0CCB904F1804404F58234A04214BF6C
:1018F0000024012405F50065A8420DD064B91E4CF2
:10190000A04214BF0024012405F59A35A84203D053
:1019100014B91A4CA04203D123F44073CC6823437A
:1019200023F080034C6923438C68C4620C68846292
:10193000134CA04208BF42F0010262B90E4A904225
:1019400014BF0022012204F57054A04203D012B942
:101950000A4A904201D10A690263026842F0040215
:10196000026001224261036070BC704700000140C8
:1019700000080040000400400044014000480140CD
:101980000004014060B310B5044690F83D3013B335
:10199000022384F83D30214651F8040BFFF770FF15
:1019A000012384F8483084F83E3084F83F3084F8CE
:1019B000403084F8413084F8423084F8433084F871
:1019C000443084F8453084F8463084F8473084F851
:1019D0003D30002010BD80F83C30FFF771FCD7E7A8
:1019E0000120704710B4846824F47F4C42EA03223B
:1019F0000A4342EA0C0282605DF8044B7047000023
:101A000090F83C30012B00F08F8010B50446012384
:101A100080F83C30022380F83D3002689068434BE8
:101A2000034093600B68702B55D031D8502B6CD08D
:101A30001FD8402B0AD1CA6849682068FFF7A0FD6B
:101A400040212068FFF7C4FD002029E068D8202B42
:101A500003D00AD80BB1102B05D119462068FFF727
:101A6000B7FD00201CE001201AE0302BF5D001204A
:101A700016E0602B0AD1CA6849682068FFF793FD19
:101A800060212068FFF7A4FD002009E0012007E0A5
:101A9000B3F5005F2CD00AD8B3F5805F42D10020A7
:101AA000012384F83D30002384F83C3010BD204AE7
:101AB0009342D2D007D8B3F5801FCED0B3F1101F18
:101AC000CBD00120ECE71B4A9342C6D010329342A0
:101AD000C3D00120E4E7CB684A6889682068FFF733
:101AE00081FF2268936843F0770393600020D7E773
:101AF000CB684A6889682068FFF774FF226893689A
:101B000043F4804393600020CAE7CA6849682068AC
:101B1000FFF736FD50212068FFF75AFD0020BFE790
:101B20000120BDE70120BBE7022070478800CEFFFF
:101B3000200010003000100090F83C20012A45D011
:101B400070B40346012280F83C20022280F83D2038
:101B50000268506894681E4E1E4DAA4218BFB242D9
:101B600003D120F470004D68284320F070000D6808
:101B7000284350601A681648B2F1804F18BF82425D
:101B800017D0A0F57C40824213D000F580608242DD
:101B90000FD000F5806082420BD000F57840824281
:101BA00007D0A0F56C40824203D000F59430824209
:101BB00004D124F08004896821439160012283F8D4
:101BC0003D20002083F83C0070BC70470220704725
:101BD000000001400004014070477047704700005A
:101BE000002807DB00F01F02400901239340024A4E
:101BF00042F82030704700BF00E100E0002804DB1D
:101C00000901C9B2044B1954704700F00F000901D3
:101C1000C9B2024B1954704700E400E014ED00E033
:101C200000B500F00700C0F1070CBCF1040F28BF9D
:101C30004FF0040C031D062B0FD9C31E4FF0FF3EBF
:101C40000EFA0CF021EA000199400EFA03FE22EA96
:101C50000E0241EA02005DF804FB0023EEE70000FB
:101C60000649CB6823F4E0631B041B0C000200F45C
:101C7000E0600343024A1A43CA60704700ED00E087
:101C80000000FA0510B50446054BD868C0F30220E1
:101C9000FFF7C6FF01462046FFF7B0FF10BD00BFAB
:101CA00000ED00E008B5FFF79BFF08BDBFF35F8FB5
:101CB000044B5A6A22F480325A620022C3F89420FC
:101CC000704700BF00ED00E040F00100054BC3F895
:101CD00094005A6A42F480325A62BFF34F8FBFF3C6
:101CE0006F8F704700ED00E04378144AC2F89830D7
:101CF000D2F8A03023F00103C2F8A0304368C2F844
:101D00009C30017BC37A1B0643EA0173817A43EA64
:101D1000C143417B43EA8143817B43EA4143C17B29
:101D200043EA0143417A43EA0123017A43EA41034A
:101D300001780B43C2F8A030704700BF00ED00E00F
:101D400070B110B50446037933B10223237100202A
:101D500020610123237110BD4371FFF759F9F4E7A6
:101D60000120704770B50D461146049A002861D0D5
:101D70000446407901285FD0012060710220207163
:101D8000002D2FD1A0682D4EC663A0682C4E06648E
:101D9000A0682C4EC6642668306840F480503060DD
:101DA00022B1042A1BD02268103201E022680832D6
:101DB000002D31D12668306840F400503060A068B2
:101DC00003F0B4F90023637100282ED121680B6859
:101DD00005F010050122AA4013430B6070BD226874
:101DE0000C32E5E7E068184EC663E068174E0664FB
:101DF000E068174EC6642668306840F08050306056
:101E000022B1042A05D022681C32D1E7226814329C
:101E1000CEE722681832CBE72668306840F00050E1
:101E20003060E06803F082F9CCE7236943F00403F3
:101E30002361D3E70120D1E70220CFE7551E000838
:101E4000651E0008711E0008652000087720000844
:101E50008320000810B5846B2046FEF7FFFB0123AA
:101E6000237110BD08B5806BFEF7EAFB08BD704713
:101E700010B5846B236943F0040323612046FFF708
:101E8000F6FF0123237110BD704770B50446036847
:101E90001D685E6B15F4005F02D016F4005F06D17A
:101EA00015F0005F02D016F0005F11D170BD042262
:101EB0000271026942F0010202614FF400525A635A
:101EC0000268136823F480531360FFF7DDFFE7E730
:101ED00004232371236943F00203236123684FF035
:101EE00000525A632268136823F08053136020461F
:101EF00000F0D3F8DAE70000002918BF002800F04E
:101F0000AB80F8B5164604460D464379012B00F028
:101F1000A58001234371022303710B68042B16D0A3
:101F20002B69012B5FD02068C16B06F010020723DC
:101F3000934021EA0301EB68012B61D0022B00F0F2
:101F40008780AB68002B40F08580012759E003F0C3
:101F500073FF07469EB123685A6B002A40DA03F0EC
:101F60006BFFC01B0128F6D923685B6B002BF2DAEC
:101F7000236943F0080323610320207167E022688E
:101F8000516B374B0B408BB103F056FFC01B012840
:101F9000F5D923685A6B324B1340002BEFD02369DD
:101FA00043F0080323610320207150E0AB69136400
:101FB0002068836C06F0100240F2FF31914023EA62
:101FC0000103E96991400B4383642068C36CFF21DE
:101FD000914023EA0103296A91400B43C3649FE7C0
:101FE000AA695A64E4E721688A6B06F010001F238F
:101FF000834022EA03026B69834013438B6392E7B9
:1020000000272B68AE6833433B4393400B43C363C5
:10201000206803684FF48041914023EA0103036084
:102020002068016840F6FE73934021EA03016B6863
:1020300093400B43036020680368C02101FA02F259
:1020400023EA020303600123237100206071F8BDBD
:102050000127D6E70027D4E7012070470220F6E7E2
:102060000080002010B5846B2046FEF705FB01239D
:10207000237110BD704708B5806BFFF7FBFF08BDEB
:10208000704710B5846B236943F004032361204635
:10209000FFF7F6FF0123237110BD7047002800F001
:1020A0003B8338B50446036813F0010F25D0954AE9
:1020B000136903F03803926A102B15D0182B0FD038
:1020C0006368B3F5803F3FD0002B54D18D4B1A6825
:1020D00022F480321A601A6822F480221A6038E0F2
:1020E00002F00302022AEBD1864B1B6813F4003F77
:1020F00003D06368002B00F01183236813F0020FF4
:1021000000F0A3807F4A1369926A13F038035CD011
:10211000182B57D0E368002B00F0E08079490A685B
:1021200022F0190213430B6003F086FE0546754B3F
:102130001B6813F0040F40F0AF8003F07DFE401BDE
:102140000228F4D90320F0E26E4A136843F4803386
:102150001360636833B303F06FFE0546694B1B6879
:1021600013F4003FC9D103F067FE401BB0F5487F70
:10217000F4D90320D9E2B3F5A02F09D0614B1A6836
:1021800022F480321A601A6822F480221A60E0E792
:102190005C4B1A6842F480221A601A6842F480325A
:1021A0001A60D6E703F048FE0546564B1B6813F449
:1021B000003FA2D003F040FE401BB0F5487FF4D9A9
:1021C0000320B2E212F0030FA4D14E4B1B6813F0B0
:1021D000040F03D0E368002B00F0A282494A136881
:1021E00023F01903E1680B43136003F025FE054655
:1021F000444B1B6813F0040F06D103F01DFE401B77
:102200000228F5D9032090E203F030FE41F20303E7
:10221000984212D82269402A07D03A494B6823F4E1
:102220007C3343EA02334B600FE0364A536823F4B1
:102230007C3343F40033536007E0324A536823F0A1
:10224000FE43216943EA01635360236813F0100FD2
:1022500000F088802B4A136903F03803926A082B38
:1022600056D0182B50D0E369002B00F0B880254AD7
:10227000136843F08003136003F0DEFD0546214B35
:102280001B6813F4807F40F0888003F0D5FD401B6D
:102290000228F4D9032048E203F0E8FD41F20303E9
:1022A000984212D82269402A07D016494B6823F475
:1022B0007C3343EA02334B60C7E7124A536823F486
:1022C0007C3343F400335360BFE70E4A536823F076
:1022D000FE43216943EA01635360B6E7094A136884
:1022E00023F00103136003F0A7FD0546054B1B68AF
:1022F00013F0040FA9D003F09FFD401B0228F5D96D
:10230000032012E20044025802F00302012AAAD17B
:10231000A14B1B6813F4807F03D0E369802B40F04E
:10232000018203F0A3FD41F20303984212D8226A0E
:10233000202A07D098494B6823F0F84343EA826388
:102340004B600FE0944A536823F0F84343F0804316
:10235000536007E0904AD36823F07C53216A43EA34
:102360000163D360236813F0080F60D06369002B0A
:1023700049D0894A536F43F00103536703F05CFD72
:102380000546854B5B6F13F0020F50D103F054FDEF
:10239000401B0228F5D90320C7E103F067FD41F295
:1023A0000303984212D8226A202A07D07A494B6840
:1023B00023F0F84343EA82634B60D3E7764A5368DD
:1023C00023F0F84343F080435360CBE7724AD3686D
:1023D00023F07C53216A43EA0163D360C2E76E4A6B
:1023E000136823F08003136003F026FD05466A4B53
:1023F0001B6813F4807FB5D003F01EFD401B02283C
:10240000F5D9032091E1644A536F23F00103536728
:1024100003F012FD0546604B5B6F13F0020F06D010
:1024200003F00AFD401B0228F5D903207DE1236853
:1024300013F0200F29D0A3699BB1574A136843F4C6
:102440008053136003F0F8FC0546534B1B6813F4EC
:10245000005F1AD103F0F0FC401B0228F5D90320DD
:1024600063E14D4A136823F48053136003F0E4FCE6
:102470000546494B1B6813F4005F06D003F0DCFCF3
:10248000401B0228F5D903204FE1236813F0040F05
:1024900021D1636A002B00F047813F4A126902F0A4
:1024A0003802182A00F0EE80022B79D03A4A1368DD
:1024B00023F08073136003F0BFFC0446364B1B68A7
:1024C00013F0007F00F0DC8003F0B6FC001B022854
:1024D000F4D9032029E1314A136843F4807313606F
:1024E00003F0AAFC05462D4B1B6813F4807F06D130
:1024F00003F0A2FC401B6428F5D9032015E1A36872
:10250000012B0AD00BBB244B1A6F22F001021A6771
:102510001A6F22F004021A6704E01F4A136F43F097
:1025200001031367A36833B303F086FC05461A4B17
:102530001B6F13F0020FACD103F07EFC401B41F285
:1025400088339842F3D90320EFE0052B09D0124BD2
:102550001A6F22F001021A671A6F22F004021A673A
:10256000E0E70D4B1A6F42F004021A671A6F42F04F
:1025700001021A67D6E703F05FFC0546064B1B6FA6
:1025800013F0020F85D003F057FC401B41F2883353
:102590009842F3D90320C8E000440258004802588A
:1025A000694A136823F08073136003F045FC054605
:1025B000654B1B6813F0007F06D003F03DFC401B09
:1025C0000228F5D90320B0E05F4B996A5F4A0A40C0
:1025D000A16AE06A41EA00110A439A62226B013A59
:1025E000C2F30802616B0139490289B20A43A16B47
:1025F0000139090401F4FE010A43E16B01390906BE
:1026000001F0FE410A431A63DA6A22F00102DA623B
:102610005A6B6FF3CF02A16C42EAC1025A63DA6AC5
:1026200022F00C02216C0A43DA62DA6A22F002021A
:10263000616C0A43DA62DA6A42F48032DA62DA6A98
:1026400042F40032DA62DA6A42F48022DA62DA6A4A
:1026500042F00102DA621A6842F080721A6003F0F6
:10266000EBFB0446384B1B6813F0007F06D103F0E8
:10267000E3FB001B0228F5D9032056E0002054E0BC
:10268000002052E0304A916A106B012B4ED001F0CD
:102690000303A26A93424BD1C1F30511E36A994245
:1026A00048D1C0F30802236B013B9A4244D1C0F3E6
:1026B0004622636B013B9A4240D1C0F30642A36BB2
:1026C000013B9A423CD1C0F30660E36B013B984268
:1026D00038D11D4B5B6BC3F3CC03A26C9A4201D182
:1026E000002022E0184AD36A23F00103D36203F0EA
:1026F000A3FB054603F0A0FBA842FBD0124A536B94
:102700006FF3CF03A16C43EAC1035363D36A43F071
:102710000103D362002008E001207047012004E09B
:10272000012002E0012000E0002038BD0120FCE78C
:102730000120FAE70120F8E70120F6E70120F4E79D
:102740000120F2E70120F0E7004402580CFCFFFFF3
:1027500070B588B00C46154610BB234ED6F8E03055
:1027600043F00103C6F8E030D6F8E03003F001038F
:102770000193019B4FF4807303930223049303237B
:10278000069300230593079303A9184801F0C6FF99
:10279000336923F0FE7325431D43356108B070BDD6
:1027A000114ED6F8E03043F00403C6F8E030D6F816
:1027B000E03003F004030293029B4FF40073039391
:1027C000022304930323069300230593079303A98D
:1027D000074801F0A3FF336923F07E4344EAC514A0
:1027E0001C433461DAE700BF00440258000002587D
:1027F00000080258754B1B6903F03803102B00F0DA
:10280000DE80182B0FD0002B40F0DB806F4B1B6855
:1028100013F0200F00F0D7806C4B1B68C3F3C1038B
:102820006B48D840704710B4684B9A6A02F00302B4
:102830009C6AC4F30510D96A01F001015B6BC3F314
:10284000CC0301FB03F307EE903AF8EE677A14F439
:102850007C7F77D0012A4AD0022A76D0002A40F025
:1028600091805A4B1B6813F0200F23D057490A68F8
:10287000C2F3C102564BD34007EE103AF8EE476A56
:1028800007EE100AB8EE476A86EE867A0B6BC3F342
:10289000080306EE903AF8EE666A9FED4E6A67EE20
:1028A000867A76EEA77AF7EE006A77EEA67A27EEBA
:1028B000277A38E007EE100AF8EE476A9FED466A7D
:1028C00086EE267A414B1B6BC3F3080306EE903A63
:1028D000F8EE666A9FED3F6A67EE867A76EEA77A33
:1028E000F7EE006A77EEA67A27EE277A1BE007EE6E
:1028F000100AF8EE476A9FED396A86EE267A334B66
:102900001B6BC3F3080306EE903AF8EE666A9FED80
:10291000316A67EE867A76EEA77AF7EE006A77EE8E
:10292000A67A27EE277A294B1B6BC3F34623013384
:1029300007EE903AF8EE677AC7EE276AFCEEE67A81
:1029400017EE900A5DF8044B704707EE100AF8EE98
:10295000476A9FED236A86EE267A1C4B1B6BC3F3F6
:10296000080306EE903AF8EE666A9FED1A6A67EE83
:10297000867A76EEA77AF7EE006A77EEA67A27EEE9
:10298000277AD0E707EE100AF8EE476A9FED136A40
:1029900086EE267A0D4B1B6BC3F3080306EE903AC6
:1029A000F8EE666A9FED0B6A67EE867A76EEA77A96
:1029B000F7EE006A77EEA67A27EE277AB3E70948A2
:1029C0007047094870470248704700BF00440258EA
:1029D0000090D003000000390024744C0024744A95
:1029E00020BCBE4B40787D0100093D00002800F06E
:1029F000328170B50D4604469B4B1B6803F00F03F4
:102A00008B420BD2984A136823F00F030B431360D9
:102A1000136803F00F038B4240F01F81236813F00B
:102A2000040F0CD02269914B9B6903F070039A420A
:102A300005D98E498B6923F070031A438A61236894
:102A400013F0080F0CD06269884BDB6903F0700348
:102A50009A4205D98549CB6923F070031A43CA61AC
:102A6000236813F0100F0CD0A269804BDB6903F4CC
:102A7000E0639A4205D97D49CB6923F4E0631A43A8
:102A8000CA61236813F0200F0CD0E269774B1B6AF0
:102A900003F070039A4205D974490B6A23F070035E
:102AA0001A430A62236813F0020F0CD0E2686F4BDE
:102AB0009B6903F00F039A4205D96C498B6923F097
:102AC0000F031A438A61236813F0010F41D0674A4C
:102AD000936923F47063A1680B4393616368022BCD
:102AE0000AD0032B27D0012B2CD0604A126812F099
:102AF000040F06D10120ADE0126812F4003F00F08F
:102B0000AE805A490A6922F0070213430B6103F0B1
:102B100093F90646554B1B6903F038036268B3EB23
:102B2000C20F16D003F088F9801B41F28833984217
:102B3000F0D903208EE04D4A126812F0007FE0D1F8
:102B4000012087E0494A126812F4807FD9D1012020
:102B500080E0236813F0020F0CD0E268434B9B69BE
:102B600003F00F039A4205D240498B6923F00F030B
:102B70001A438A613C4B1B6803F00F03AB420AD92E
:102B8000394A136823F00F032B431360136803F0D3
:102B90000F03AB4265D1236813F0040F0CD02269F8
:102BA000324B9B6903F070039A4205D22F498B691F
:102BB00023F070031A438A61236813F0080F0CD0C6
:102BC00062692A4BDB6903F070039A4205D22749F8
:102BD000CB6923F070031A43CA61236813F0100F06
:102BE0000CD0A269214BDB6903F4E0639A4205D261
:102BF0001E49CB6923F4E0631A43CA61236813F0CA
:102C0000200F0CD0E269194B1B6A03F070039A4243
:102C100005D216490B6A23F070031A430A62FFF7C4
:102C2000E9FD12498B69C3F30323114AD35C03F016
:102C30001F03D8408B6903F00F03D35C03F01F031D
:102C400020FA03F30B4A13600B4B18600B4B186808
:102C5000FEF748FC70BD012070470120FAE7012013
:102C6000F8E70120F6E700BF0020005200440258B8
:102C700070D00008080000200C0000200400002094
:102C800008B5FFF7B7FD0B4A9369C3F303230A495D
:102C9000CB5C03F01F0320FA03F3926902F00F02EA
:102CA000885C00F01F0023FA00F0044A1060044A18
:102CB000136008BD0044025870D0000808000020CE
:102CC0000C00002008B5FFF7DBFF054BDB69C3F301
:102CD0000213044AD35C03F01F03D84008BD00BFB1
:102CE0000044025870D0000808B5FFF7C9FF054B33
:102CF000DB69C3F30223044AD35C03F01F03D8400B
:102D000008BD00BF0044025870D000083F23036094
:102D1000114B1A6902F0070242609A6902F470626C
:102D200082609A6902F00F02C2609A6902F0700232
:102D30000261DA6902F070024261DA6902F4E0626B
:102D400082611B6A03F07003C361044B1B6803F0CC
:102D50000F030B60704700BF004402580020005270
:102D6000404B9B6A03F00303032B79D070B50546F3
:102D70000E463C4A136823F08063136003F05CF84E
:102D80000446384B1B6813F0006F06D003F054F86C
:102D9000031B022BF5D9032070BD324B9A6A22F433
:102DA0007C32296842EA01329A626A68013AC2F3C7
:102DB0000802A9680139490289B20A43E968013960
:102DC000090401F4FE010A4329690139090601F0E9
:102DD000FE410A439A63DA6A22F0C00269690A4333
:102DE000DA62DA6A22F02002A9690A43DA62DA6A50
:102DF00022F01002DA62DA6B6FF3CF02E96942EA7D
:102E0000C102DA63DA6A42F01002DA62C6B91A461F
:102E1000DB6A43F40023D362124A136843F08063F1
:102E2000136003F009F804460E4B1B6813F0006FA3
:102E300014D103F001F8001B0228F5D90320ABE7F9
:102E4000012E05D0074AD36A43F40013D362E3E7A7
:102E5000044AD36A43F48013D362DDE700209BE782
:102E60000120704700440258404B9B6A03F0030363
:102E7000032B79D070B505460E463C4A136823F003
:102E80008053136002F0D8FF0446384B1B6813F0E0
:102E9000005F06D002F0D0FF031B022BF5D9032000
:102EA00070BD324B9A6A22F07C72296842EA015264
:102EB0009A626A68013AC2F30802A96801394902B4
:102EC00089B20A43E9680139090401F4FE010A43A1
:102ED00029690139090601F0FE410A431A64DA6AD8
:102EE00022F4406269690A43DA62DA6A22F4007203
:102EF000A9690A43DA62DA6A22F48072DA625A6CE9
:102F00006FF3CF02E96942EAC1025A64DA6A42F415
:102F10008072DA62C6B91A46DB6A43F48003D36270
:102F2000124A136843F08053136002F085FF044691
:102F30000E4B1B6813F0005F14D102F07DFF001BE5
:102F40000228F5D90320ABE7012E05D0074AD36A42
:102F500043F08073D362E3E7044AD36A43F4000387
:102F6000D362DDE700209BE7012070470044025850
:102F7000F8B50446036813F0006F30D0836EB3F5E4
:102F8000001F26D00ED8ABB1B3F5801F07D10221A8
:102F90000830FFF7E5FE054695B12E4621E00126F3
:102FA00035461EE0B3F5401F01D1002508E001269B
:102FB000354616E0984AD36A43F40033D3620025BD
:102FC000954A136D23F44013A16E0B43136500263D
:102FD00007E002212830FFF747FF0546DCE700261F
:102FE0003546236813F4807F14D0A36D042B31D8A9
:102FF000DFE803F0032229080800874AD36A43F474
:103000000033D3624DBB844A136D23F00703A16DD7
:103010000B431365236813F4007F38D0E36D802BD6
:103020004AD01FD833B3402B19D1002104F1080036
:10303000FFF796FE054622E0002104F10800FFF7A5
:103040008FFE0546DEE7002104F12800FFF70CFFA4
:103050000546D7E701263546DCE72E46DAE70126A6
:10306000354614E0C02B0AD0B3F5807F07D0012687
:1030700035460CE0684AD36A43F40033D36215BB8B
:10308000654A136D23F4E073E16D0B431365236808
:1030900013F4806F3CD0D4F8A830B3F5800F2FD054
:1030A00016D8F3B1B3F5001F0FD1002104F10800C9
:1030B000FFF756FE054619E0002104F12800FFF74E
:1030C000D3FE0546DBE72E46E1E7012635461FE045
:1030D000B3F5C00F0AD0B3F5000F07D0012635466F
:1030E00016E04D4AD36A43F40033D3627DB94A4AAD
:1030F000936D23F46003D4F8A8100B43936507E0A5
:10310000002104F12800FFF7AFFE0546EEE72E464A
:10311000236813F4006F2BD0D4F8AC30B3F1007FE8
:1031200053D00DD8ABB1B3F1807F06D1002104F1AB
:103130000800FFF715FE054610E00126354617E0AA
:10314000B3F1407F0AD0B3F1806F07D00126354636
:103150000EE0314AD36A43F40033D362002D3BD1F1
:103160002D4A936D23F0E063D4F8AC100B439365C4
:10317000236813F0007F13D0E36C202B36D030D8B7
:1031800033B1102B2AD1244AD36A43F40033D362DB
:103190009DBB214AD36C23F03003E16C0B43D36415
:1031A000236813F4805F47D0236EB3F5005F00F00F
:1031B0008D8027D893B3B3F5805F20D1002104F12F
:1031C0000800FFF7CDFD05462DE0002104F12800A1
:1031D000FFF74AFE0546C1E72E46C9E701263546F8
:1031E000DEE7302BD4D001263546D9E7022104F1A1
:1031F0000800FFF7B5FD0546CAE72E46D0E70126D1
:10320000354619E0B3F5405F0DD0B3F5804F0AD0D5
:103210000126354610E000BF00440258774AD36AC1
:1032200043F40033D362002D57D1744A136D23F455
:10323000E043216E0B431365236813F4005F17D03E
:10324000636EB3F5003F59D04CD843B1B3F5803F1E
:1032500045D1012104F10800FFF782FD0546002D4C
:1032600053D1664A136D23F4E023616E0B4313655B
:10327000236813F4804F19D0D4F8B030B3F1005F55
:1032800054D047D843B1B3F1805F40D1012104F15C
:103290000800FFF765FD0546002D4ED1574A936D96
:1032A00023F0E043D4F8B0100B439365236813F484
:1032B000004F51D0236FB3F1805F40D0B3F1005F76
:1032C00055D0002B40D00126354645E0002104F1C1
:1032D0002800FFF7C9FD0546A5E72E46ACE7012605
:1032E0003546C5E7B3F5802FB9D0B3F5A02FB6D0DA
:1032F000B3F5403FB3D001263546B9E7012104F1CB
:103300002800FFF7B1FD0546A9E72E46B0E70126E4
:103310003546CBE7B3F1804FBED0B3F1A04FBBD061
:10332000B3F1405FB8D001263546BFE7012104F173
:103330002800FFF799FD0546AEE72E46B6E72F4A6F
:10334000D36A43F40033D362C5B92C4A136D23F01A
:103350004053216F0B431365236813F0807F1CD00B
:10336000A36C032B44D8DFE803F0100B3C100121C1
:1033700004F10800FFF7F4FC0546E5E72E46EBE70D
:103380001E4AD36A43F40033D362A5BB1B4AD36CF5
:1033900023F00303A16C0B43D364236813F4800F61
:1033A0002ED1236813F0010F00F0A680E36F282BC5
:1033B00000F2A080DFE803F08E9E9E9E9E9E9E9E61
:1033C000889E9E9E9E9E9E9E979E9E9E9E9E9E9E3A
:1033D0008E9E9E9E9E9E9E9E8E9E9E9E9E9E9E9E2D
:1033E0008E00022104F10800FFF7BAFC0546CCE785
:1033F00001263546D1E72E46CFE700BF00440258EC
:10340000584A136843F48073136002F015FD0746B1
:10341000544B1B6813F4807F05D102F00DFDC01BD7
:103420006428F5D90325002D4AD14F4B1B6FD4F8E2
:10343000B420534013F4407F0CD04B4B1A6F22F44E
:103440004072196F41F480311967196F21F480318E
:1034500019671A67D4F8B430B3F5807F15D08DBBE7
:10346000D4F8B43003F44072B2F5407F1ED03E4A27
:10347000136923F47C5313613B490B6FD4F8B420D8
:10348000C2F30B0213430B678BE702F0D5FC074630
:10349000354B1B6F13F0020FE1D102F0CDFCC01BC6
:1034A00041F288339842F3D90325D8E72E480269C0
:1034B00022F47C522D4901EA131313430361DBE725
:1034C0002E466EE72E466CE7012104F10800FFF757
:1034D00047FC0546E5B9244A536D23F03803E16FF4
:1034E0000B43536508E0012104F12800FFF7BCFC01
:1034F0000546EFE701263546236813F0020F17D083
:10350000A36F052B29D8DFE803F00B05210B0B0B6C
:103510002E46F1E7012104F10800FFF721FC0546E2
:10352000F5B9114A536D23F00703A16F0B4353659F
:10353000236813F0040F2CD0D4F89430052B00F23C
:10354000DC80DFE803F01B15D31B1B1B012104F1FA
:103550002800FFF789FC0546E2E701263546E7E744
:103560002E46E5E70048025800440258CFFFFF000E
:10357000012104F10800FFF7F3FB0546002D40F0A0
:10358000BF80B34A936D23F00703D4F894100B4324
:103590009365236813F0200F1DD0D4F89030B3F159
:1035A000005F00F0C18000F2B0804BB1B3F1805FEA
:1035B00040F0A880002104F10800FFF7D1FB054688
:1035C000002D40F0B880A24A536D23F0E043D4F8B8
:1035D00090100B435365236813F0400F1DD0D4F8AF
:1035E0009C30B3F5006F00F0BA8000F2A9804BB1B7
:1035F000B3F5806F40F0A180002104F10800FFF7CF
:10360000AFFB0546002D40F0B180914A936D23F445
:10361000E053D4F89C100B439365236813F0800F9C
:103620001DD0D4F8A030B3F5804F00F0B38000F285
:10363000A2804BB1B3F5005F40F09A80002104F105
:103640000800FFF78DFB0546002D40F0AA80804A58
:10365000936D23F46043D4F8A0100B439365236863
:1036600013F0080F0DD0D4F88430B3F5805F00F06C
:103670009A80774A536D23F44053D4F884100B4357
:103680005365236813F0100F0DD0D4F89830B3F5BC
:10369000807F00F092806E4A936D23F44073D4F8DB
:1036A00098100B439365236813F4002F00F09A8061
:1036B000D4F8A430B3F5803F00F08980B3F5003F23
:1036C00008D0002B40F08A80002104F10800FFF7A9
:1036D00047FB0546002D40F084805D4A936D23F43E
:1036E0004033D4F8A4100B4393657BE0012104F12F
:1036F0002800FFF7B9FB054640E70126354648E7B5
:103700002E4646E70126354665E7B3F1804F3FF484
:1037100057AFB3F1A04F3FF453AFB3F1405F3FF465
:103720004FAF0126354656E7022104F12800FFF786
:103730009BFB054644E72E464DE7012635466CE7E0
:10374000B3F5805F3FF45EAFB3F5A05F3FF45AAFCF
:10375000B3F5406F3FF456AF012635465DE70221D1
:1037600004F12800FFF780FB05464BE72E4654E79F
:103770000126354673E7B3F5004F3FF465AFB3F567
:10378000204F3FF461AFB3F5C04F3FF45DAF01266A
:10379000354664E7022104F12800FFF765FB054682
:1037A00052E72E465BE7022104F12800FFF75CFB9D
:1037B00000283FF45EAF01265BE7022104F12800F8
:1037C000FFF752FB00283FF466AF012663E70221B2
:1037D00004F12800FFF748FB05467BE70126354644
:1037E00000E02E46236813F4802F18D0D4F88830D8
:1037F000B3F5001F1FD0B3F5401F07D0B3F5801FEE
:1038000020D1134AD36A43F40033D362EDB9104A8E
:10381000536D23F44013D4F888100B435365236889
:1038200013F4803F2CD0236DA3B1B3F5803F1FD09C
:103830000126354624E0012104F12800FFF714FB9E
:103840000546E3E701263546E9E72E46E7E700BFF0
:1038500000440258704AD36A43F40033D36275B906
:103860006D4AD36C23F48033216D0B43D36407E09E
:10387000022104F10800FFF773FA0546EFE72E4630
:10388000236813F0005F11D1236813F4003F28D0A0
:10389000D4F88030B3F5807F14D010D9B3F5007F11
:1038A00015D0B3F5407F12D001261AE0022104F1B1
:1038B0002800FFF7D9FA0028E6D00126E4E733B163
:1038C00001260EE0544AD36A43F40033D362002D3C
:1038D00069D1514A536D23F44073D4F880100B43DF
:1038E0005365236813F4801F06D04B4A136D23F0F1
:1038F0000043616F0B431365236813F0805F07D0AB
:10390000454A136923F48043D4F8B8100B4313617C
:10391000236813F4001F06D03F4A136D23F0807311
:10392000E16E0B431365236813F0804F09D03A4BC7
:103930001A6922F400421A611A69D4F8BC100A43C9
:103940001A612368002B06DA334AD36C23F0405304
:10395000616D0B43D364236813F4000F07D02E4A24
:10396000536D23F44003D4F88C100B435365636804
:1039700013F0010F19D1636813F0020F1ED16368B1
:1039800013F0040F23D1636813F0080F28D1636884
:1039900013F0100F2DD1636813F0200F32D106B150
:1039A00001263046F8BD2E469BE7002104F10800B1
:1039B000FFF7D6F90028DED00646DCE7012104F146
:1039C0000800FFF7CDF90028D9D00646D7E7022135
:1039D00004F10800FFF7C4F90028D4D00646D2E766
:1039E000002104F12800FFF73FFA0028CFD0064657
:1039F000CDE7012104F12800FFF736FA0028CAD0EC
:103A00000646C8E7022104F12800FFF72DFA002836
:103A1000C5D00126C5E700BF0044025808B5FFF72E
:103A20002FF9054B1B6AC3F30213044AD35C03F05E
:103A30001F03D84008BD00BF0044025870D00008E2
:103A400010B4794B9A6A9C6AC4F3053CD96AC1F3F5
:103A50000011DB6BC3F3CC0301FB03F314F47C3FD5
:103A600000F0DD8002F0030207EE903AF8EE677A8C
:103A7000012A4BD0022A00F09880002A40F0B28040
:103A8000694B1B6813F0200F23D067490A68C2F303
:103A9000C102664BD34007EE103AF8EE476A07EED4
:103AA00010CAB8EE476A86EE867A8B6BC3F30803BA
:103AB00006EE903AF8EE666A9FED5D6A67EE867AEA
:103AC00076EEA77AF7EE006A77EEA67A27EE277AE7
:103AD00038E007EE10CAF8EE476A9FED566A86EEA8
:103AE000267A514B9B6BC3F3080306EE903AF8EE2F
:103AF000666A9FED4F6A67EE867A76EEA77AF7EEF2
:103B0000006A77EEA67A27EE277A1BE007EE10CA46
:103B1000F8EE476A9FED486A86EE267A424B9B6B29
:103B2000C3F3080306EE903AF8EE666A9FED406A2A
:103B300067EE867A76EEA77AF7EE006A77EEA67AD7
:103B400027EE277A384A936BC3F3462307EE903A61
:103B5000F8EE677AF7EE006A77EEA67A87EE276AC4
:103B6000BCEEC66A80ED006A936BC3F3064307EEB2
:103B7000903AF8EE677A77EEA67A87EE276ABCEE7F
:103B8000C66A80ED016A936BC3F3066307EE903A51
:103B9000F8EE677A77EEA67AC7EE276AFCEEE66A59
:103BA000C0ED026A5DF8044B704707EE10CAF8EEEC
:103BB000476A9FED226A86EE267A1B4B9B6BC3F306
:103BC000080306EE903AF8EE666A9FED196A67EE12
:103BD000867A76EEA77AF7EE006A77EEA67A27EE77
:103BE000277AAFE707EE10CAF8EE476A9FED126A30
:103BF00086EE267A0C4B9B6BC3F3080306EE903AD5
:103C0000F8EE666A9FED0A6A67EE867A76EEA77A24
:103C1000F7EE006A77EEA67A27EE277A92E700237E
:103C2000036043608360BDE7004402580090D00306
:103C3000000000390024744C0024744A20BCBE4BA0
:103C400010B4794B9A6A9C6AC4F3055CD96AC1F3D3
:103C500000215B6CC3F3CC0301FB03F314F07C7F06
:103C600000F0DD8002F0030207EE903AF8EE677A8A
:103C7000012A4BD0022A00F09880002A40F0B2803E
:103C8000694B1B6813F0200F23D067490A68C2F301
:103C9000C102664BD34007EE103AF8EE476A07EED2
:103CA00010CAB8EE476A86EE867A0B6CC3F3080337
:103CB00006EE903AF8EE666A9FED5D6A67EE867AE8
:103CC00076EEA77AF7EE006A77EEA67A27EE277AE5
:103CD00038E007EE10CAF8EE476A9FED566A86EEA6
:103CE000267A514B1B6CC3F3080306EE903AF8EEAC
:103CF000666A9FED4F6A67EE867A76EEA77AF7EEF0
:103D0000006A77EEA67A27EE277A1BE007EE10CA44
:103D1000F8EE476A9FED486A86EE267A424B1B6CA6
:103D2000C3F3080306EE903AF8EE666A9FED406A28
:103D300067EE867A76EEA77AF7EE006A77EEA67AD5
:103D400027EE277A384A136CC3F3462307EE903ADE
:103D5000F8EE677AF7EE006A77EEA67A87EE276AC2
:103D6000BCEEC66A80ED006A136CC3F3064307EE2F
:103D7000903AF8EE677A77EEA67A87EE276ABCEE7D
:103D8000C66A80ED016A136CC3F3066307EE903ACE
:103D9000F8EE677A77EEA67AC7EE276AFCEEE66A57
:103DA000C0ED026A5DF8044B704707EE10CAF8EEEA
:103DB000476A9FED226A86EE267A1B4B1B6CC3F383
:103DC000080306EE903AF8EE666A9FED196A67EE10
:103DD000867A76EEA77AF7EE006A77EEA67A27EE75
:103DE000277AAFE707EE10CAF8EE476A9FED126A2E
:103DF00086EE267A0C4B1B6CC3F3080306EE903A52
:103E0000F8EE666A9FED0A6A67EE867A76EEA77A22
:103E1000F7EE006A77EEA67A27EE277A92E700237C
:103E2000036043608360BDE7004402580090D00304
:103E3000000000390024744C0024744A20BCBE4B9E
:103E400010B4794B9A6A9C6AC4F3051CD96A01F0D4
:103E500001015B6BC3F3CC0301FB03F314F47C7F20
:103E600000F0DD8002F0030207EE903AF8EE677A88
:103E7000012A4BD0022A00F09880002A40F0B2803C
:103E8000694B1B6813F0200F23D067490A68C2F3FF
:103E9000C102664BD34007EE103AF8EE476A07EED0
:103EA00010CAB8EE476A86EE867A0B6BC3F3080336
:103EB00006EE903AF8EE666A9FED5D6A67EE867AE6
:103EC00076EEA77AF7EE006A77EEA67A27EE277AE3
:103ED00038E007EE10CAF8EE476A9FED566A86EEA4
:103EE000267A514B1B6BC3F3080306EE903AF8EEAB
:103EF000666A9FED4F6A67EE867A76EEA77AF7EEEE
:103F0000006A77EEA67A27EE277A1BE007EE10CA42
:103F1000F8EE476A9FED486A86EE267A424B1B6BA5
:103F2000C3F3080306EE903AF8EE666A9FED406A26
:103F300067EE867A76EEA77AF7EE006A77EEA67AD3
:103F400027EE277A384A136BC3F3462307EE903ADD
:103F5000F8EE677AF7EE006A77EEA67A87EE276AC0
:103F6000BCEEC66A80ED006A136BC3F3064307EE2E
:103F7000903AF8EE677A77EEA67A87EE276ABCEE7B
:103F8000C66A80ED016A136BC3F3066307EE903ACD
:103F9000F8EE677A77EEA67AC7EE276AFCEEE66A55
:103FA000C0ED026A5DF8044B704707EE10CAF8EEE8
:103FB000476A9FED226A86EE267A1B4B1B6BC3F382
:103FC000080306EE903AF8EE666A9FED196A67EE0E
:103FD000867A76EEA77AF7EE006A77EEA67A27EE73
:103FE000277AAFE707EE10CAF8EE476A9FED116A2D
:103FF00086EE267A0C4B1B6BC3F3080306EE903A51
:10400000F8EE666A9FED0A6A67EE867A76EEA77A20
:10401000F7EE006A77EEA67A27EE277A92E700237A
:10402000036043608360BDE7004402580090D00302
:10403000000000390024744C0024744A20BCBE4B9C
:1040400000B58BB0A0F580730B432DD0A0F50073A5
:104050000B437CD0A0F580630B4300F0D080A0F52B
:1040600000630B4300F02881A0F580530B4300F060
:104070008781A0F500530B4300F0DF81A0F50023FA
:104080000B4300F02882A0F580330B4300F06B82D5
:10409000A0F580430B4300F08D82A0F5004008435B
:1040A00000F0D68200200CE0934B1B6D03F0070359
:1040B000042B00F2F782DFE803F007111B03250051
:1040C0008E480BB05DF804FB8B4B186810F0007045
:1040D000F7D007A8FFF7B4FE0898F2E7864B1868F8
:1040E00010F00060EDD004A8FFF7AAFC0498E8E700
:1040F000814B186810F00050E3D001A8FFF7A0FD35
:104100000198DEE77C4AD36C03F04053126812F04A
:10411000040F07D033B9784B1B68C3F3C103784849
:10412000D840CEE7744A126812F4807F03D0B3F10E
:10413000805F00F0B982704A126812F4003F00F00C
:10414000B582B3F1005F00F0B3820020B9E76A4B9B
:104150001B6D03F4E073802B31D015D9C02B00F018
:10416000A982B3F5807F1ED1634AD36C03F040531C
:10417000126812F0040F2DD063BB5F4B1B68C3F3B2
:10418000C1035F48D8409CE77BB1402B09D15A4B13
:10419000186810F0006094D004A8FFF751FC049850
:1041A0008FE700208DE700208BE7534B186810F055
:1041B000007086D007A8FFF743FE089881E74E4BB2
:1041C000186810F000503FF47CAF01A8FFF738FDED
:1041D000019876E7484A126812F4807F03D0B3F161
:1041E000805F00F06982444A126812F4003F00F0D8
:1041F0006582B3F1005F00F06382002061E73E4B0F
:104200009B6D03F46003B3F5800F35D016D9B3F579
:10421000C00F00F05782B3F5000F20D1364AD36C9F
:1042200003F04053126812F0040F30D07BBB324BC6
:104230001B68C3F3C1033248D84042E78BB1B3F5E2
:10424000001F0AD12C4B186810F000603FF439AF02
:1042500004A8FFF7F5FB049833E7002031E70020BE
:104260002FE7254B186810F000703FF42AAF07A81D
:10427000FFF7E6FD089824E71F4B186810F0005080
:104280003FF41FAF01A8FFF7DBFC019819E71A4ABA
:10429000126812F4807F03D0B3F1805F00F01482C3
:1042A000154A126812F4003F00F01082B3F1005F6B
:1042B00000F00E82002004E70F4B9B6D03F0E063DB
:1042C000B3F1007F3CD01DD9B3F1407F00F00282F2
:1042D000B3F1806F27D1084AD36C03F040531268C2
:1042E00012F0040F37D0002B35D1034B1B68C3F3FA
:1042F000C1030348D840E4E6004402580080BB00F4
:104300000090D0038BB1B3F1807F0AD19A4B18682B
:1043100010F000603FF4D5AE04A8FFF791FB0498BD
:10432000CFE60020CDE60020CBE6934B186810F0D6
:1043300000703FF4C6AE07A8FFF782FD0898C0E6FC
:104340008D4B186810F000503FF4BBAE01A8FFF78A
:1043500077FC0198B5E6884A126812F4807F03D092
:10436000B3F1805F00F0B881834A126812F4003F15
:1043700000F0B481B3F1005F00F0B2810020A0E64C
:104380007D4B1B6D03F4E043B3F5005F35D016D9C8
:10439000B3F5405F00F0A681B3F5804F20D1764A97
:1043A000D36C03F04053126812F0040F30D07BBB83
:1043B000714B1B68C3F3C1037048D84081E68BB1D1
:1043C000B3F5805F0AD16C4B186810F000603FF4C1
:1043D00078AE04A8FFF734FB049872E6002070E67C
:1043E00000206EE6644B186810F000703FF469AE70
:1043F00007A8FFF725FD089863E65F4B186810F0E3
:1044000000503FF45EAE01A8FFF71AFC019858E691
:10441000594A126812F4807F03D0B3F1805F00F034
:104420006381554A126812F4003F00F05F81B3F1D6
:10443000005F00F05D81002043E64F4B1B6D03F4ED
:10444000E023B3F5403F32D00BD8B3F5803F18D00E
:10445000B3F5003F20D013B9FEF734FC31E600205D
:104460002FE6B3F5802F2ED0B3F5A02F07D1424B06
:10447000186810F400303FF424AE414821E60020D3
:104480001FE63D4B186810F000603FF41AAE04A818
:10449000FFF7D6FA059814E6374B186810F000506D
:1044A0003FF40FAE01A8FFF7CBFB029809E6324BB1
:1044B000186810F004003FF404AE1B68C3F3C10396
:1044C0002E48D840FDE52C4B186810F480703FF45E
:1044D000F8AD2C48F5E5284B9B6D03F44033B3F55C
:1044E000803F10D0B3F5003F18D0002B40F0028180
:1044F000214B186810F000603FF4E3AD04A8FFF70B
:104500009FFA0498DDE51C4B186810F000503FF44A
:10451000D8AD01A8FFF794FB0398D2E5164AD36CF7
:1045200003F04053126812F0040F07D033B9124B56
:104530001B68C3F3C1031148D840C2E50E4A126894
:1045400012F4807F03D0B3F1805F00F0D5800A4A77
:10455000126812F4003F00F0D180B3F1005F00F068
:10456000CF800020ADE5044BDB6C13F480330BD01F
:10457000ABB90020A5E500BF004402580090D0036D
:1045800040787D0100093D005F4B186810F0007015
:104590003FF497AD07A8FFF753FC089891E55A4BF5
:1045A000186810F000603FF48CAD04A8FFF748FADB
:1045B000069886E5544B9B6D03F0E043B3F1405FF2
:1045C00032D00BD8B3F1805F18D0B3F1005F20D0A8
:1045D00013B9FFF723FA74E5002072E5B3F1804FB9
:1045E0002ED0B3F1A04F07D1474B186810F400301C
:1045F0003FF467AD454864E5002062E5424B18682A
:1046000010F000603FF45DAD04A8FFF719FA0598BB
:1046100057E53D4B186810F000503FF452AD01A82B
:10462000FFF70EFB02984CE5374B186810F00400BA
:104630003FF447AD1B68C3F3C1033548D84040E59C
:10464000314B186810F480703FF43BAD314838E5C9
:104650002D4B1B6D03F04053B3F1805F0CD0B3F1D1
:10466000005F14D0002B4DD1274B186810F4003098
:104670003FF427AD254824E5234B186810F000705F
:104680003FF41FAD07A8FFF7DBFB089819E51E4BA9
:10469000186810F000603FF414AD04A8FFF7D0F9DB
:1046A00005980EE500200CE51A480AE5002008E50B
:1046B000164806E5184804E5164802E5002000E51E
:1046C0001248FEE41448FCE41248FAE40020F8E43E
:1046D0000E48F6E41048F4E40E48F2E40020F0E45A
:1046E0000A48EEE40C48ECE40A48EAE40020E8E476
:1046F0000648E6E40020E4E40648E2E40020E0E4C2
:104700000248DEE40020DCE40044025840787D01E9
:104710000090D00300093D000080BB00F0B583B0DD
:1047200000236BE085685E000324B44025EA04059D
:10473000CC68B4402C438460456825EA0C054C687D
:10474000C4F300149C402C43446069E0DD08083544
:1047500050F8254003F0070C4FEA8C0C4FF00F0E79
:104760000EFA0CFE24EA0E0E0C6904FA0CF444EA6C
:104770000E0440F825406BE0092400E0002404FA10
:104780000EF42C430CF1020C694D45F82C404FF00F
:10479000B0442568D44325EA02064F6817F4801F09
:1047A00001D042EA05064FF0B0452E606D6804EA7C
:1047B00005064F6817F4001F01D042EA05064FF0C6
:1047C000B0456E60D5F8845004EA05064F6817F4CA
:1047D000003F01D042EA05064FF0B045C5F88460BD
:1047E000D5F880502C404E6816F4803F01D042EA44
:1047F00005044FF0B042C2F8804001330A6832FA33
:1048000003F400F092804FF0010C0CFA03FC1CEA58
:104810000202F2D04C6804F00304013C012C81D95F
:104820004C6804F00304032C0CD0C4685D004FF006
:10483000030C0CFA05FC24EA0C0C8C68AC4044EA2E
:104840000C04C4604C6804F00304022C3FF47EAFF7
:1048500004684FEA430E4FF0030C0CFA0EFC24EAF6
:104860000C0C4C6804F0030404FA0EF444EA0C0443
:1048700004604C6814F4403FBFD02E4CD4F8F45080
:1048800045F00205C4F8F450D4F8F44004F00204F2
:104890000194019C4FEA930C0CF10205244C54F84E
:1048A000255003F0030E4FEA8E0E0F2404FA0EF487
:1048B00025EA0405204CA0423FF460AF04F5806473
:1048C000A04222D004F58064A04220D004F5806488
:1048D000A0421ED004F58064A0421CD004F5806480
:1048E000A0421AD004F58064A04218D004F5806478
:1048F000A04216D004F58064A04214D004F5806470
:10490000A0423FF439AF0A2439E7012437E70224F3
:1049100035E7032433E7042431E705242FE7062491
:104920002DE707242BE7082429E703B0F0BD00BFDB
:10493000000400580044025800000258036919425C
:1049400001D001207047002070470AB18161704793
:10495000090481617047436901EA030221EA030106
:1049600041EA024181617047F0B4876D0468664E88
:10497000664DAC4218BFB44242D01835AC423FD06D
:104980001835AC423CD01835AC4239D01835AC4261
:1049900036D01835AC4233D01835AC4230D005F59E
:1049A0005675AC422CD01835AC4229D01835AC42E3
:1049B00026D01835AC4223D01835AC4220D018355B
:1049C000AC421DD01835AC421AD01835AC4217D0C5
:1049D0004F4DAC4214D01435AC4211D01435AC421A
:1049E0000ED01435AC420BD01435AC4208D014357F
:1049F000AC4205D01435AC4202D01435AC4207D1DC
:104A0000446E856E6560C46E14B1046F456F656059
:104A100004683D4E3D4DAC4218BFB44252D01835EB
:104A2000AC424FD01835AC424CD01835AC4249D0CE
:104A30001835AC4246D01835AC4243D01835AC429C
:104A400040D005F55675AC423CD01835AC4239D053
:104A50001835AC4236D01835AC4233D01835AC429C
:104A600030D01835AC422DD01835AC422AD018358C
:104A7000AC4227D0264E274DAC4218BFB44211D0CD
:104A8000254DAC420ED01435AC420BD01435AC429F
:104A900008D01435AC4205D01435AC4202D01435E0
:104AA000AC4224D1C46D04F01F050124AC407C60ED
:104AB000046863608368402B20D0036899600368B2
:104AC000DA6014E0C46D04F01F0C3F2404FA0CF407
:104AD000BC6005682C6824F480242C600468636042
:104AE0008368402B05D0036899600368DA60F0BCE6
:104AF000704703689A600368D960F8E703689A60B2
:104B00000368D960F3E700BF1000024028000240AC
:104B1000085402581C54025830540258036827495C
:104B2000274A934218BF8B422FD0183293422CD081
:104B30001832934229D01832934226D01832934229
:104B400023D01832934220D0183293421DD002F560
:104B50005672934219D01832934216D018329342AB
:104B600013D01832934210D0183293420DD018321D
:104B700093420AD01832934207D01832934204D09D
:104B800023F0FF038365806D704710B4D9B21039EC
:104B90000C4AA2FB0142C2F302120B4CA25CC2659A
:104BA0005F2907D96FF3090304338365806D5DF8CE
:104BB000044B70476FF309038365F7E71000024069
:104BC00028000240ABAAAAAA68D0000883699BB952
:104BD000836A012B0AD0022B02D00BB10020704750
:104BE000C36A13F0807F2AD100207047C36AB3F1F3
:104BF000C07F26D000207047B3F5005F0AD0836ADB
:104C0000022B26D9032B26D1C36A13F0807F24D12F
:104C100000207047836A032B03D8DFE803F01404F5
:104C2000140A00207047C36A13F0807F0DD1002062
:104C30007047C36AB3F1C07F09D0002070470120DC
:104C40007047012070470120704701207047012004
:104C50007047012070470020704701207047000016
:104C600003682149214A934218BF8B4227D014324E
:104C7000934224D01432934221D0143293421ED056
:104C8000143293421BD01432934218D01432934200
:104C900015D0DAB2103A1649A1FB021212091549D1
:104CA0001944A8291ED9144B13449B000366134BC7
:104CB000436602F01F020123934083667047DBB214
:104CC000083B0F4AA2FB03230E4A02EB1312920089
:104CD00002660D4A4266C3F30413012202FA03F38B
:104CE000836670470832DEE7085402581C540258A5
:104CF000ABAAAAAAF0FBFDBF008200108008024008
:104D0000CDCCCCCC009600168058025801794A1EB2
:104D1000072A2BD830B40368154D164CA34218BF90
:104D2000AB4218D01434A34215D01434A34212D08D
:104D30001434A3420FD01434A3420CD01434A34231
:104D400009D01434A34206D00B4B0B449B00C3661E
:104D50000A4B036705E00A4B0B449B00C366094BF3
:104D6000036701239340436730BC7047704700BF1F
:104D7000085402581C5402583F8200104009024057
:104D80003F9600164059025870B5044601F054F899
:104D9000002C00F0B981054623685349534A9342D9
:104DA00018BF8B420CBF0121002150D01832934212
:104DB0004DD0183293424AD01832934247D018321D
:104DC000934244D01832934241D0183293423ED09D
:104DD00002F5567293423AD01832934237D01832C5
:104DE000934234D01832934231D0183293422ED0AD
:104DF000183293422BD01832934228D01832934263
:104E000025D03B493B4A934218BF8B4200F0348186
:104E1000394A934200F030811432934200F02C81E1
:104E20001432934200F028811432934200F024811E
:104E30001432934200F020811432934200F01C811E
:104E400040236365032384F8353001204AE00222C1
:104E500084F83520002284F8342079BB274A934215
:104E60002CD01832934229D01832934226D01832CF
:104E7000934223D01832934220D0183293421DD04F
:104E800002F55672934219D01832934216D0183256
:104E9000934213D01832934210D0183293420DD05F
:104EA000183293420AD01832934207D018329342F4
:104EB00004D01A6822F001021A6003E01A6822F096
:104EC00001021A6023681A6812F0010F18D000F06E
:104ED000B3FF431B052BF5D920236365032384F817
:104EE0003530012070BD00BF100002402800024094
:104EF000085402581C5402583054025840000240D2
:104F00001A6882491140A268E0680243206902439E
:104F100060690243A0690243E0690243206A0243D8
:104F20000A43616A042900F09880794909686FF39F
:104F30000F01B1F1005F10D361682E2940F2928019
:104F400052290AD83F2908D33F39724820FA01F183
:104F500011F0010F01D042F480121A6026687569C1
:104F600025F00705636A1D43042B08D1A36A1D437E
:104F7000E36A23B12046FFF729FE002876D1756148
:104F80002046FFF7CBFDE36D03F01F023F23934064
:104F9000836023686049614A934218BF8B4242D0C4
:104FA000183293423FD0183293423CD01832934289
:104FB00039D01832934236D01832934233D0183257
:104FC000934230D002F5567293422CD0183293425D
:104FD00029D01832934226D01832934223D0183267
:104FE000934220D0183293421DD0183293421AD0E7
:104FF0001832934217D04A4A934214D01432934243
:1050000011D0143293420ED0143293420BD014328A
:10501000934208D01432934205D01432934202D006
:105020001432934213D12046FFF71AFEA368802B57
:105030005DD0236E22791A60636EA26E5A60636837
:10504000013B072B56D90023E366236763670020E3
:105050006065012384F8353044E7E16A206B014341
:105060000A4362E72929FFF478AF74E740236365B8
:10507000012084F8350035E7022284F8352000222B
:1050800084F8342019686FF31011A268402A2CD0DC
:10509000802A27D00022E06842EAD002206942EA52
:1050A000D002606942EAD002A06942EAD002E06917
:1050B00042EAD002206A42EA10120A431A602268C9
:1050C000184B1344184AA2FB03231B099B00E365FA
:1050D0002046FFF723FDE26D02F01F0101228A4006
:1050E000426056E74FF48042D5E71022D3E7002311
:1050F00063609EE72046FFF709FEE36E00221A6018
:10510000236F626F5A60A2E70120EBE63F8010FE3A
:105110000010005C0F030F00100002402800024046
:1051200008540258F8ABFDA7CDCCCCCC002800F039
:105130003E8170B5044690F83400012800F03981B2
:10514000012084F8340094F83500C0B2012807D05B
:105150004FF400636365002384F83430012070BD90
:10516000022084F83500002060652068924E934D3F
:10517000A84218BFB0422FD01835A8422CD01835FD
:10518000A84229D01835A84226D01835A84223D0E5
:105190001835A84220D01835A8421DD005F55675FF
:1051A000A84219D01835A84216D01835A84213D0F5
:1051B0001835A84210D01835A8420DD01835A8428D
:1051C0000AD01835A84207D01835A84204D005687F
:1051D00025F00105056003E0056825F0010505607F
:1051E0002046FFF7C1FB23687349744A934218BFF6
:1051F0008B4238D01832934235D01832934232D095
:10520000183293422FD0183293422CD01832934246
:1052100029D01832934226D002F55672934222D0FA
:10522000183293421FD0183293421CD01832934246
:1052300019D01832934216D01832934213D0183234
:10524000934210D0183293420DD01A6822F00E0209
:1052500042F00A021A60236C93B12268136843F08B
:10526000040313600CE01A6822F01E0242F01602DA
:105270001A60236C23B12268136843F0080313609B
:1052800023684D494D4A934218BF8B4242D0183291
:1052900093423FD0183293423CD01832934239D0D7
:1052A0001832934236D01832934233D01832934298
:1052B00030D002F5567293422CD01832934229D046
:1052C0001832934226D01832934223D01832934298
:1052D00020D0183293421DD0183293421AD018327F
:1052E000934217D0364A934214D01432934211D0CD
:1052F000143293420ED0143293420BD014329342A4
:1053000008D01432934205D01432934202D01432A2
:1053100093420ED1236E1A6812F4803F03D01A68AC
:1053200042F480721A60E36E1BB11A6842F4807214
:105330001A6023682049214A934218BF8B4230D01B
:10534000183293422DD0183293422AD01832934209
:1053500027D01832934224D01832934221D01832E9
:1053600093421ED002F5567293421AD018329342DD
:1053700017D01832934214D01832934211D01832F9
:1053800093420ED0183293420BD01832934208D079
:105390001832934205D01A6842F001021A600020C8
:1053A000DDE61A6842F001021A600020D7E601200B
:1053B00070470220D3E600BF1000024028000240E0
:1053C00008540258002800F0288108B5024690F8D9
:1053D0003530DBB2022B03D080234365012008BDAA
:1053E0000368904890498B4218BF83420CBF01204C
:1053F000002065D018318B4262D018318B425FD0CB
:1054000018318B425CD018318B4259D018318B4205
:1054100056D018318B4253D001F556718B424FD084
:1054200018318B424CD018318B4249D018318B4205
:1054300046D018318B4243D018318B4240D01831BE
:105440008B423DD018318B423AD0196821F00E01C1
:1054500019601368734874498B4218BF83426AD03D
:1054600072498B4267D018318B4264D018318B421D
:1054700061D018318B425ED018318B425BD018312D
:105480008B4258D001F556718B4254D018318B4263
:1054900051D018318B424ED018318B424BD018313D
:1054A0008B4248D018318B4245D018318B4242D0C4
:1054B00018318B423FD0196821F0010119603EE09C
:1054C000042182F8351080BB584A93422DD01832FF
:1054D00093422AD01832934227D01832934224D0D4
:1054E0001832934221D0183293421ED002F55672E0
:1054F00093421AD01832934217D01832934214D0E4
:105500001832934211D0183293420ED0183293427F
:105510000BD01832934208D01832934205D01A6843
:1055200022F001021A60002059E71A6822F00102F5
:105530001A60002053E7196821F00101196013680F
:10554000384839498B4218BF834242D018318B42C8
:105550003FD018318B423CD018318B4239D01831B2
:105560008B4236D018318B4233D018318B4230D039
:1055700001F556718B422CD018318B4229D018314D
:105580008B4226D018318B4223D018318B4220D049
:1055900018318B421DD018318B421AD018318B42F2
:1055A00017D023498B4214D014318B4211D01431BF
:1055B0008B420ED014318B420BD014318B4208D069
:1055C00014318B4205D014318B4202D014318B42FE
:1055D00017D1116E0B6823F480730B60906DD36D3F
:1055E00003F01F0101238B404360536E916E59609D
:1055F000D36E33B1196821F480711960136F516F44
:105600005960012382F83530002382F83430136D5D
:105610002BB1104698470020E1E60120704700209A
:10562000DDE600BF100002402800024040000240BA
:1056300008540258F0B583B00446002301937D4B13
:105640001D687D4BA3FB0535AD0A876D3E68D7F815
:1056500000C0036879497A48834218BF8B420CBF67
:105660000120002061D0774A93425ED018329342E5
:105670005BD01832934258D01832934255D018322A
:10568000934252D0183293424FD002F55672934251
:105690004BD01832934248D01832934245D018323A
:1056A000934242D0183293423FD0183293423CD0BA
:1056B0001832934239D01832934236D06249634A45
:1056C000934218BF8B4212D0614A93420FD01432DA
:1056D00093420CD01432934209D01432934206D034
:1056E0001432934203D01432934240F061821A681C
:1056F000E16D01F01F010420884010EA0C0F00F05A
:10570000A78212F0040F00F0A382786012F4004F19
:1057100000F05A8212F4803F40F05082A36C002BBC
:1057200000F046822046984742E2E26D02F01F01F7
:1057300008228A40324241D070BB424A93422BD069
:105740001832934228D01832934225D0183293420F
:1057500022D0183293421FD0183293421CD002F547
:105760005672934218D01832934215D01832934291
:1057700012D0183293420FD0183293420CD0183204
:10578000934209D01832934206D01832934203D084
:105790001A68C2F3C00202E01A68C2F380026AB15A
:1057A0001A6822F004021A60E36D03F01F02082356
:1057B0009340BB60636D43F001036365E26D02F0EB
:1057C0001F0226FA02F313F0010F47D023681B488B
:1057D0001B498B4218BF83423CD018318B4239D0D1
:1057E00018318B4236D018318B4233D018318B426E
:1057F00030D018318B422DD018318B422AD001F590
:1058000056718B4226D018318B4223D018318B42EF
:1058100020D018318B421DD018318B421AD018314C
:105820008B4217D018318B4214D018318B4211D0D3
:105830001B6813E00C000020B5814E1B10000240D5
:105840002800024040000240085402581C540258EC
:10585000305402585B6913F0800F3BD1E36D03F0C5
:105860001F03042202FA03F333423FD02268964812
:1058700096498A4218BF824234D018318A4231D0C8
:1058800018318A422ED018318A422BD018318A42E0
:1058900028D018318A4225D018318A4222D001F509
:1058A00056718A421ED018318A421BD018318A4262
:1058B00018D018318A4215D018318A4212D01831C6
:1058C0008A420FD018318A420CD018318A4209D04E
:1058D00013680BE001239340BB60636D43F0020348
:1058E0006365BBE7126812F0020F3DD1E36D03F070
:1058F0001F03102202FA03F333425FD0226872487A
:1059000072498A4218BF824234D018318A4231D05B
:1059100018318A422ED018318A422BD018318A424F
:1059200028D018318A4225D018318A4222D001F578
:1059300056718A421ED018318A421BD018318A42D1
:1059400018D018318A4215D018318A4212D0183135
:105950008A420FD018318A420CD018318A4209D0BD
:105960001268C2F3800208E0BB60636D43F0040379
:105970006365BBE71268C2F3C002FAB1BB6023687B
:105980001A6812F4802F0DD01B6813F4002F04D175
:10599000236C9BB12046984710E0A36C73B120465E
:1059A00098470BE01A6812F4807F03D11A6822F03E
:1059B00008021A60236C0BB120469847E36D03F090
:1059C0001F03202202FA03F3334200F0938022687F
:1059D0003D483E498A4218BF82422ED018318A4241
:1059E0002BD018318A4228D018318A4225D018315C
:1059F0008A4222D018318A421FD018318A421CD0E4
:105A000001F556718A4218D018318A4215D01831E2
:105A10008A4212D018318A420FD018318A420CD0F3
:105A200018318A4209D018318A4206D018318A4288
:105A300003D01268C2F3400202E01268C2F30012FF
:105A4000002A57D0BB6094F83530DBB2042B0ED05F
:105A500023681A6812F4802F3AD01B6813F4002FC1
:105A60002DD1636C002B45D02046984742E0226838
:105A7000136823F0160313602268536923F0800330
:105A80005361236CBBB12268136823F008031360D1
:105A9000E36D03F01F023F239340BB60012384F8B2
:105AA0003530002384F83430236D002B00F08080E3
:105AB000204698477CE0A36C002BE4D1E8E7E36B39
:105AC000C3B12046984715E010000240280002406C
:105AD0001A6812F4807F09D11A6822F010021A6045
:105AE000012384F83530002384F83430E36B0BB1A4
:105AF00020469847636D002B5AD0636D13F0010F59
:105B000052D0042384F8353023689649964A93424C
:105B100018BF8B422FD0183293422CD018329342A8
:105B200029D01832934226D01832934223D018320B
:105B3000934220D0183293421DD002F55672934200
:105B400019D01832934216D01832934213D018321B
:105B5000934210D0183293420DD0183293420AD09B
:105B60001832934207D01832934204D01A6822F0B8
:105B700001021A6003E01A6822F001021A60019B18
:105B800001330193AB4204D823681B6813F0010F63
:105B9000F5D123681B6813F0010F0BD0032384F8A1
:105BA0003530002384F83430E36C0BB1204698473D
:105BB00003B0F0BD012384F83530F2E7236C002BED
:105BC000F6D020469847F3E712F0200F3AD1236829
:105BD0006449654A934218BF8B422FD018329342D2
:105BE0002CD01832934229D01832934226D0183242
:105BF000934223D01832934220D0183293421DD0C2
:105C000002F55672934219D01832934216D01832C8
:105C1000934213D01832934210D0183293420DD0D1
:105C2000183293420AD01832934207D01832934266
:105C300004D01A6822F004021A6003E01A6822F005
:105C400008021A60236C002BB2D020469847AFE7B9
:105C50000220884010EA0C0F60D012F0020F5DD0D5
:105C6000786012F4004F0ED012F4803F05D1636CBF
:105C7000002B9DD0204698479AE7E36B002B97D0E6
:105C80002046984794E712F0200F40D12368354909
:105C9000354A934218BF8B422FD0183293422CD0F2
:105CA0001832934229D01832934226D018329342A8
:105CB00023D01832934220D0183293421DD002F5DF
:105CC0005672934219D01832934216D0183293422A
:105CD00013D01832934210D0183293420DD018329C
:105CE00093420AD01832934207D01832934204D01C
:105CF0001A6822F00A021A6003E01A6822F01402FD
:105D00001A60012384F83530002384F83430E36BC3
:105D1000002B3FF44DAF2046984749E7082000FA92
:105D200001F111EA0C0F3FF443AF12F0080F3FF4FA
:105D30003FAF1A6822F00E021A60E36D03F01F03F2
:105D4000012202FA03F37B60626584F835200023A8
:105D500084F83430E36C002B3FF42AAF2046984798
:105D600026E700BF1000024028000240406D704747
:105D7000134BDB6813F0040F07D1114BDB6803F002
:105D8000070383421AD00120704710B50C4AD3682C
:105D900023F007030343D36000F04EF80446084B9A
:105DA0005B6813F4005F07D100F046F8001BB0F504
:105DB0007A7FF4D9012000E0002010BD0020704758
:105DC0000048025810B50320FBF74AFFFCF712FD0C
:105DD0000F498B69C3F303230E4AD35C03F01F03FF
:105DE000D8408B6903F00F03D35C03F01F0320FA44
:105DF00003F3094A1360094B18600F20FBF772FB8D
:105E000010B10124204610BD0446FBF771F8F9E7F4
:105E10000044025870D00008080000200C00002048
:105E2000034B1B78034A11680B441360704700BF93
:105E30000000002098060024014B1868704700BF3E
:105E40009806002438B50446FFF7F6FF0546B4F17E
:105E5000FF3F02D0044B1B781C44FFF7EDFF401BB3
:105E6000A042FAD338BD00BF00000020014B1868E3
:105E7000000C70470010005C0B4B1B680B4AA2FB28
:105E800003235B0A41F2883202FB03F31A46013B0B
:105E90003AB1426B12F0800FF8D0054B83630020BB
:105EA00070474FF0004070470C000020D34D621047
:105EB000C500200084B00DF1040C8CE80E000B46E8
:105EC0001343039A1343049A1343059A13434168F7
:105ED000034A0A4013434360002004B0704700BFE8
:105EE000002CC0FFD0F880007047036843F0030324
:105EF000036000207047006800F003007047000056
:105F00000B6883604B688A681343CA6813430A6945
:105F10001343C168024A0A401343C360002070471C
:105F2000C0E0FEFF0069C0B27047143040587047AF
:105F30000B6843624B6883628B68CA6813430A69C3
:105F400013434A691343C26A22F0FF021343C36238
:105F50000020704710B586B00446002301930293D9
:105F6000039304934FF48053059301A9FFF7C8FFEF
:105F70002046FFF781FF06B010BD000070B5054652
:105F80000E46514B1B685149A1FB03135B0A03FBEF
:105F900002F21346013A002B5ED06C6B4C4B23404F
:105FA000002BF6D014F4005FF3D16B6B13F0040FE9
:105FB00006D16B6B13F0010F05D00120A8634DE0F3
:105FC0000420A8634AE0434BAB632846FFF7AAFFCF
:105FD000B04201D0012041E000212846FFF7A5FF93
:105FE00003463D481840C8B3002B38DB13F0804F00
:105FF00038D113F0005F37D113F0805F36D113F042
:10600000006F36D113F0806F36D113F0807F36D118
:1060100013F4000F36D113F4800F36D113F4001FA0
:1060200036D113F4801F36D113F4802F36D113F4F8
:10603000003F36D113F4803F36D113F4004F36D1F0
:1060400013F4804F36D113F4005F36D113F0080FEC
:1060500036D04FF4000001E04FF0004070BD4FF02B
:106060000070FBE74020F9E78020F7E74FF48070ED
:10607000F4E74FF40070F1E74FF48060EEE74FF47F
:106080000060EBE74FF48050E8E74FF40050E5E79D
:106090004FF48040E2E74FF40040DFE74FF4003078
:1060A000DCE74FF48020D9E74FF40020D6E74FF427
:1060B0008010D3E74FF40010D0E74FF48000CDE715
:1060C0004FF48030CAE700BF0C000020D34D6210AF
:1060D00045002000C500200008E0FFFD30B587B076
:1060E00004460191102502954FF480730393002319
:1060F00004934FF48053059301A9FFF701FF41F288
:10610000883229462046FFF739FF07B030BD30B549
:1061100087B004460191112502954FF480730393D3
:10612000002304934FF48053059301A9FFF7E8FE81
:1061300041F2883229462046FFF720FF07B030BDE4
:1061400030B587B004460191122502954FF4807353
:106150000393002304934FF48053059301A9FFF7A1
:10616000CFFE41F2883229462046FFF707FF07B0ED
:1061700030BD000030B587B00446002301930C25E4
:1061800002954FF48072039204934FF48053059369
:10619000C36843F08003C360C36823F04003C36057
:1061A00001A9FFF7ADFE084A29462046FFF7E6FEA3
:1061B000E36823F08003E360B0F1007F01D007B013
:1061C00030BD0020FBE700BF00E1F50530B587B02A
:1061D00004460191072502954FF480730393002331
:1061E00004934FF48053059301A9FFF789FE41F210
:1061F000883229462046FFF7C1FE07B030BD30B5D2
:1062000087B004460191372502954FF480730393BC
:10621000002304934FF48053059301A9FFF770FE08
:1062200041F2883229462046FFF7A8FE07B030BD6C
:1062300030B587B004460191062502954FF480736E
:106240000393002304934FF48053059301A9FFF7B0
:1062500057FE41F2883229462046FFF78FFE07B0ED
:1062600030BD30B587B00446002301933325029535
:106270004FF48072039204934FF48053059301A965
:10628000FFF73EFE41F2883229462046FFF776FEB0
:1062900007B030BD30B587B0044601910D25029599
:1062A0004FF480730393002304934FF480530593BA
:1062B00001A9FFF725FE41F2883229462046FFF763
:1062C0005DFE07B030BD30B587B0044600230193B2
:1062D0000D2502954FF48072039204934FF480537E
:1062E000059301A9FFF70CFE41F2883229462046AA
:1062F000FFF744FE07B030BD0146144B1B68144A3B
:10630000A2FB03235B0A41F2883202FB03F31A4625
:10631000013BBAB14A6B12F0450FF8D012F4005F9E
:10632000F5D14B6B13F0040F06D1486B10F0010050
:1063300005D1084B8B6370470420886370470120A8
:10634000886370474FF00040704700BF0C0000208A
:10635000D34D6210C500200010B586B0044600235E
:106360000193022202924FF44072039204934FF47D
:106370008053059301A9FFF7C3FD2046FFF7BCFF3B
:1063800006B010BD10B586B00446019109230293F2
:106390004FF440730393002304934FF48053059309
:1063A00001A9FFF7ADFD2046FFF7A6FF06B010BD1F
:1063B0000146104B1B68104AA2FB03235B0A41F203
:1063C000883202FB03F31A46013B82B14A6B12F09A
:1063D000450FF8D012F4005FF5D1486B10F00400BF
:1063E00002D1064B8B6370470420886370474FF0DF
:1063F000004070470C000020D34D6210C500200003
:1064000010B586B004460191292302934FF480739E
:106410000393002304934FF48053059301A9FFF7DE
:106420006FFD2046FFF7C4FF06B010BDF8B5054666
:106430000E461746234B1B68234AA2FB03235B0A25
:1064400041F2883202FB03F31A46013B8AB36C6BBC
:1064500014F0450FF8D014F4005FF5D16B6B13F016
:10646000040F06D16B6B13F0010F05D00120A86358
:1064700021E00420A8631EE02846FFF753FDB04248
:1064800001D0012017E0114BAB6300212846FFF734
:106490004CFD034610F4604008D013F4804F0BD13C
:1064A00013F4004F0BD04FF4805004E01B0C3B80E2
:1064B00001E04FF00040F8BD4FF40050FBE74FF40F
:1064C0008030F8E70C000020D34D6210C50020009A
:1064D00070B586B004460D4600230193032602964C
:1064E0004FF48072039204934FF48053059301A9F3
:1064F000FFF706FD2A4631462046FFF797FF06B014
:1065000070BD00000146164B1B68164AA2FB032310
:106510005B0A41F2883202FB03F31A46013BE2B107
:106520004A6B12F0450FF8D012F4005FF5D14B6BB7
:1065300013F0040F0BD14B6B13F001030AD1486B1E
:1065400010F040000BD040228A63184670470420A8
:10655000886370470120886370474FF000407047A0
:106560000C000020D34D621010B586B004464FF4E5
:10657000D5730193082302934FF480730393002390
:1065800004934FF48053059301A9FFF7B9FC20460B
:10659000FFF7B8FF06B010BD70B582B00446002307
:1065A00001930068FFF7D6FC054610B1284602B0FB
:1065B00070BD2068FFF7D8FFB0F1004F07D001236E
:1065C000E363E36B012B0BD02E46284614E0002337
:1065D000E3632068FFF7BEFC0028F2D00546E5E73C
:1065E00000212068FFF70BFE0028EDD04FF080550A
:1065F000DCE7019B01330193019A4FF6FE739A4247
:1066000013D896B900212068FFF7F9FDD0B91249D7
:106610002068FFF7F5FE0646B0B900212068FFF7B5
:1066200084FCC30FE5D01E46E3E7019A4FF6FE73E4
:106630009A420CD80023A36310F080430AD00123B0
:10664000A363B3E70546B1E74FF08055AEE74FF0DF
:106650008075ABE71D46A9E7000010C1F0B587B013
:1066600005460E46FFF7E8FB074600212868FFF7BE
:106670005CFC10F0007F64D140212868FFF72EFDFC
:10668000034610B16A6B6A635DE0696C09042868AF
:10669000FFF7B5FD034610B16A6B6A6353E04FF034
:1066A000FF3300934023019360230293022303935B
:1066B000002304930123059369462868FFF738FCFB
:1066C0002868FFF700FE034680B16A6B6A633AE010
:1066D0002868FFF707FC46F8040B0134072CF7D9AC
:1066E000FFF7AAFBC01BB0F1FF3F2FD02B685C6BFC
:1066F00014F4957404D15B6B13F4004FF0D0EDE704
:106700005A6B12F0080F24D15A6B12F0020F22D1EB
:106710005B6B13F0200F20D12868436B13F4805378
:106720000CD0FFF7DFFB46F8040BFFF785FBC01B1F
:10673000B0F1FF3FF0D14FF0004304E0084A82631C
:1067400001E04FF40063184607B0F0BD4FF000437E
:10675000F9E70823F7E70223F5E72023F3E700BF73
:106760003A0F0018F0B589B004460F46FFF764FBF6
:10677000054600230093019308212068FFF7AEFC33
:10678000064610B1304609B0F0BD616C09042068BE
:10679000FFF735FD06460028F4D14FF0FF33029392
:1067A00008230393302304930223059300230693C5
:1067B0000123079302A92068FFF7BAFB2068FFF7BF
:1067C00050FD064630B1DDE7FFF736FB431BB3F162
:1067D000FF3F46D02068426B40F22A531A420ED146
:1067E000436B13F4002FEFD1002EEDD1FFF77AFBAE
:1067F00000902068FFF776FB01900136E4E7436BD9
:1068000013F0080F24D1436B13F0020F23D1466B12
:1068100016F0200622D1144B8363019A130203F46D
:106820007F0343EA0263110A01F47F410B4343EA09
:1068300012633B60009A130203F47F0343EA02638E
:10684000110A01F47F410B4343EA12637B6099E72D
:106850000826866396E70226866393E720268663EA
:1068600090E74FF000468DE73A0F001810B582B060
:1068700004460021009101910068FFF756FB10F0DB
:10688000007F13D169462046FFF76CFF80B9019B5A
:1068900013F4802F0ED0616C09042068FFF7AFFC61
:1068A00030B902212068FFF7C3FC01E04FF400601B
:1068B00002B010BD4FF08060FAE710B582B0044618
:1068C0000021009101910068FFF72FFB10F0007F7D
:1068D00013D169462046FFF745FF80B9019B13F4A9
:1068E000803F0ED0616C09042068FFF788FC30B946
:1068F00000212068FFF79CFC01E04FF4006002B02B
:1069000010BD4FF08060FAE770B581B104460E46C5
:10691000416C09040068FFF7BDFC054608B1284634
:1069200070BD00212068FFF700FB3060F7E74FF0F3
:106930000065F4E72DE9F04F87B005460C46164692
:106940009A46DDF84090FFF777FA002C3AD080465F
:1069500095F83070FFB2012F40F0E08000236B63A8
:1069600006EB0A032A6D934232D8032385F83030B0
:106970002B680022DA62AB6B012B00D076024FF05D
:10698000FF3300934FEA4A2301939023029302239B
:10699000039300230493059369462868FFF7C8FA18
:1069A0002A68D36843F04003D360BAF1010F14D9C9
:1069B0000223EB6231462868FFF7C2FBA0B9DDF87D
:1069C00004B038E06B6B43F000636B630127AAE00F
:1069D0006B6B43F000736B63A5E00123EB62314600
:1069E0002868FFF794FBE9E72B68514A9A636B6BC1
:1069F00003436B63012385F830300023EB6292E0A0
:106A00002868FFF76FFA2070C0F307236370C0F3A4
:106A10000743A370000EE07004340136072EEFD94F
:106A2000ABF1200BFFF708FAA0EB080048450FD2A6
:106A3000B9F1000F0CD02B685E6B16F4957615D16A
:106A40005B6B13F4004FEDD0BBF11F0FEAD9E5E704
:106A50002B68374A9A636B6B43F000436B630123E7
:106A600085F830300023EB6203275CE0DA6822F01F
:106A70004002DA602868436B13F4807F05D0BAF1D6
:106A8000010F02D9AB6B032B18D12B685A6B12F094
:106A9000080F24D15A6B12F0020F2CD15A6B12F04E
:106AA000200F34D0224A9A636B6B43F020036B6350
:106AB000012385F830300023EB6234E0FFF75AFB06
:106AC00003460028E1D02A68194991636A6B134391
:106AD0006B63012385F830300023EB6223E0144A16
:106AE0009A636B6B43F008036B63012385F83030C6
:106AF0000023EB6217E00E4A9A636B6B43F00203CC
:106B00006B63012385F830300023EB620BE0094A08
:106B10009A63012385F83030002704E06B6B43F063
:106B200000536B630127384607B0BDE8F08F00BF04
:106B3000FF0FE01F3A0F00180346C26D920F0A7054
:106B4000C26DC2F383624A7090F85F2002F00302C4
:106B50008A7090F85E20CA7090F85D200A7190F8F3
:106B60005C204A71026E120DCA80B0F8622002F0F9
:106B70000F020A72026EC2F3C0324A72026EC2F390
:106B800080328A72026EC2F34032CA72026EC2F35F
:106B900000320A7300224A73826B002A40F086801A
:106BA000006E40F6FC7202EA8002586E42EA907271
:106BB0000A615A6EC2F3C2620A7593F8672002F046
:106BC00007024A755A6EC2F342528A755A6EC2F370
:106BD0008242CA755A6EC2F3C2320A760A6901321B
:106BE0009A64087E00F00700023082409A6491F8AF
:106BF00008C00CF00F0C012000FA0CF0D864400A19
:106C000000FB02F21A654FF400725A655A6EC2F325
:106C100080324A765A6EC2F3C6128A765A6E02F0F3
:106C20007F02CA769A6ED20F0A779A6EC2F34172C9
:106C30004A779A6EC2F382628A779A6EC2F383525F
:106C4000CA779A6EC2F3405281F82020002081F862
:106C50002100B3F86A2002F0010281F822209A6E26
:106C6000C2F3C03281F823209A6EC2F3803281F8D9
:106C700024209A6EC2F3403281F825209A6EC2F326
:106C8000003281F826209A6EC2F3812281F82720F3
:106C90009A6EC2F3012281F828209B6EC3F346034B
:106CA00081F82930012381F82A307047012A11D157
:106CB000026E120402F47C12B0F8660002430A610C
:106CC0000A69013292029A641A654FF40072DA641A
:106CD0005A659BE7026805499163426B42F0805216
:106CE0004263012083F83000704700BFFF0FE01FB0
:106CF00030B58DB004460023ADF80230FFF79CF8A4
:106D000005462068FFF7F7F8002867D0A36B032B30
:106D100017D1A36B032B2FD0BDF8023063BB0DF14D
:106D200002012068FFF7D4FB0346002858D1FFF783
:106D300083F8431B41F287329342EDD94FF0004371
:106D40004EE02068FFF708FB0346002848D10021E9
:106D50002068FFF7EAF8E06604212068FFF7E5F80D
:106D6000206708212068FFF7E0F860670C212068A1
:106D7000FFF7DBF8A067CCE7A36B032B1CD0BDF8B3
:106D80000210616409042068FFF7FCFA034638BB6F
:106D900000212068FFF7C9F8E06504212068FFF7AB
:106DA000C4F8206608212068FFF7BFF860660C2150
:106DB0002068FFF7BAF8A06604212068FFF7B5F84D
:106DC000000D206401A92046FFF7B6FE58B9616C9A
:106DD00009042068FFF7FAF9034601E04FF08063E9
:106DE00018460DB030BD4FF08053F9E770B588B04C
:106DF0000446002303930493059306934FF48030D5
:106E00000021FDF71DF938B9012084F830004FF05A
:106E10000063636308B070BD0646050A244BA3FBFC
:106E200005352D09079508AB13E903008DE803002C
:106E300003AB0ECB2068FFF73DF82068FFF755F84D
:106E40001C4B9E4202D96D00B6FBF5F65EB920469A
:106E5000FFF7A2FB024668B1012084F83000636BA3
:106E600013436363D6E71448B0FBF6F00130FEF736
:106E7000E9FFECE72046FFF73BFF024630B1012077
:106E800084F83000636B13436363C3E74FF400710E
:106E90002068FFF723F908B90020BBE723680749FA
:106EA0009963636B03436363012084F83000B1E7A7
:106EB000598B4F01FF340C0010210100FF0FE01F20
:106EC00030B591B090F83030DBB2032B59D0044686
:106ED0000D466946FFF7C2FBB8B123682B49996399
:106EE000636B03436363012584F830504FF40071F2
:106EF0002068FFF7F3F8002844D022682349916303
:106F00006063012584F830503CE0009AC2F381139D
:106F10002B70C2F340136B70130A23F0FF0343EA94
:106F200012639BB26B80019A130203F47F0343EA5E
:106F30000263110A01F47F410B4343EA12636B6061
:106F4000029BDAB22A72C3F307226A72C3F30352B6
:106F5000AA721B0C039AD1B223F0FF030B43AB813F
:106F6000C2F38523AB73C2F30123EB73C2F30313A4
:106F70002B7402F00F026A749DF81330AB74002575
:106F8000B4E70125284611B030BD00BFFF0FE01F58
:106F900030B589B004460D46032380F83030836B4A
:106FA000032B1CD0B1F5004F08D0B1F5804F0AD0AB
:106FB00079B1436B43F00063436314E0436B43F0E8
:106FC000805343630FE0FFF751FC636B034363633C
:106FD00009E0FFF772FC636B0343636303E0436BF9
:106FE00043F080534363636BB3B123683A4A9A63B7
:106FF00001254FF400712068FFF770F830B1236865
:1070000035499963636B034363630125012384F866
:107010003030284609B030BD4FF480300021FDF7F4
:107020000FF80246002850D063680393A3680493C6
:107030000595236906936169284BA3FB0203180E8B
:10704000B1EB136F0CD3079108AB13E903008DE884
:10705000030003AB0ECB2068FEF72CFF0025C8E72A
:10706000A36DB3F5007F08D0B3F5807F07D011BBC7
:107070001B4B9A421DD90790E6E70791E4E751B907
:10708000184B9A4205D9154BA3FB02235B0E0793BD
:10709000DAE70791D8E74B00B2FBF3F311488342DC
:1070A00005D90E4BA3FB02235B0E0793CCE7079198
:1070B000CAE70791C8E74B00B2FBF3F2084B9A42CC
:1070C00001D90790C0E70791BEE7636B43F0006307
:1070D000636301258DE700BFFF0FE01F893BE65585
:1070E00040787D0180F0FA0210B582B0044600239A
:1070F000019301A9FFF708FC10B1636B03436363BD
:107100000198C0F3432002B010BD70B586B00028CE
:1071100054D0044690F8303053B1042384F8303012
:107120002046FFF763FE38B10125284606B070BD42
:107130000376F9F7F9FFF0E701A92046FFF7C0FE53
:1071400000283DD19DF81430DBB29DF81520D2B255
:10715000A16B01290BD001290FD00023A365E168A1
:107160002046FFF715FF054658B10125DDE713431B
:10717000F1D04FF40073A365F1E74FF48073A3657A
:10718000EDE7FEF759FE06462046FFF7ADFF04285F
:107190000DD0FEF751FE801BB0F1FF3FF4D14FF050
:1071A00000436363012384F830300325BDE70023E7
:1071B0006363E362012384F83030B6E70125B4E766
:1071C0000125B2E7314AD2F8883043F47003C2F89F
:1071D00088302F4B1B6803F00F03062B06D82C4A70
:1071E000136823F00F0343F007031360294B1A6859
:1071F00042F001021A6000221A611968264A0A4008
:107200001A60234B1B6813F0080F06D0204A13683E
:1072100023F00F0343F0070313601E4B00229A6113
:10722000DA611A621D4999621D49D9621D491963C3
:107230005A639963DA6319645A64196821F48021E6
:1072400019601A66184B1B686FF30F03B3F1005FE8
:1072500003D2164B0122C3F808210E4BD3F8D430C9
:1072600013F4805F10D10B4BD3F8D42042F480523A
:10727000C3F8D4200E4A43F2D2011160D3F8D420CF
:1072800022F48052C3F8D420704700BF00ED00E024
:1072900000200052004402587FEDF6EA000202028C
:1072A0000000FF01800201010010005C008000511D
:1072B00000400052054AD36843F00203D360034BF9
:1072C0005B6813F4005FFAD0704700BF00480258B3
:1072D00010B503460C4A0D490D48006840B10C48F2
:1072E00000680344521A934206D8094A136010BD3D
:1072F0000748084C0460F2E703F00EFE0C2303601D
:107300004FF0FF30F3E700BF000002200004000050
:107310009C060024E00100200120704708B503F01E
:10732000FBFD162303604FF0FF3008BD08B54FF09A
:10733000FF31FFF7F3FFFEE770B50C461646002558
:1073400006E0AFF30080214601F8010B01350C4641
:10735000B542F6DB304670BD70B50C4616460025CA
:1073600004E014F8010BAFF300800135B542F8DBFF
:10737000304670BD4FF0FF3070474FF400534B6004
:1073800000207047012070470020704710B4026849
:107390005369916941F00801916101688A6942F07D
:1073A00010028A6101680A6822F001020A6001681D
:1073B0000C69294A22400A6101688A6822F4404225
:1073C0008A6090F88120D2B2042A0DD013F0200FE9
:1073D0000AD0D0F8842042F08002C0F884200168EE
:1073E0008A6942F020028A6190F88120D2B2032A91
:1073F0000DD013F0400F0AD0D0F8842042F00402E0
:10740000C0F8842001688A6942F040028A6113F45E
:10741000007F0AD0D0F8842042F00102C0F8842016
:1074200001688A6942F400728A6113F4807F0AD08D
:10743000D0F8843043F00803C0F8843002689369C0
:1074400043F4807393610023A0F86230A0F86A309F
:107450005DF8044B704700BF90FCFFFFC36B5B09F6
:10746000C0680830C00803FB000070472DE9F843EE
:1074700080460F4616461D46DDF8209000E0BDB15F
:10748000D8F800305C6937EA04040CBF01230023FC
:10749000B3420AD1FEF7D0FCA0EB0900A842EED31C
:1074A000B5F1FF3FEBD0032000E00020BDE8F883FA
:1074B0000320FBE7002800F0B78070B504460023E6
:1074C000836205685C4B5D4E9D4218BFB54214BF98
:1074D0000126002607D0A3F574439D4203D0C3685C
:1074E0000F2B00F2A3802046FFF7B8FF2EB1544BBC
:1074F0009D4202D0082800F29B804F4A4F4B9D428C
:1075000018BF954203D003F580639D4202D1102835
:1075100000F2908094F88130F3B1022384F8813036
:107520002268136823F00103136023689A6802F449
:10753000F812A169B1F1806F14D0636813F4800F61
:1075400023D0E368062B20D921680B6823F48073CD
:10755000206D03430B601DE084F880302046F9F76E
:107560004BFEDAE76168B1F5800F06D00029E4D15F
:10757000A16BB1F1805FE0D102E0A06B0028F5D1F2
:10758000196841F480511960D7E721680B6823F42A
:1075900080730B60E369A16A0B431343E26B1343EF
:1075A000E16822680B439360636B626A1343A26BCA
:1075B0001343A26913432269134362691343226A86
:1075C000134362681343E26C1343A2681343A26C33
:1075D0001343A16D22680B43D36063686BB92268C3
:1075E000936823F4C05343F4006393602268936864
:1075F00023F4C06343F4806393602268136D23F027
:1076000001031365636813F4800F06D02268D36802
:1076100023F00043616D0B43D3600020C4F8840065
:10762000012384F8813070BD012070470120FAE702
:107630000120F8E70120F6E7003001400038004063
:10764000003C00402DE9F04782B004468A4691464E
:107650001D46D0F80080FEF7EFFB94F88160F6B28B
:10766000012E40F048810746B9F1000F18BFBAF16A
:10767000000F00F0418194F88030012B00F0408130
:10768000012384F88030032384F881300023C4F878
:107690008430C4F85CA0A4F86090A4F8629063669B
:1076A000A4F86830A4F86A3063672367A368B3F569
:1076B000C02F1CD02268D36823F4C02343F40033C6
:1076C000D360226853686FF30F0349EA03035360E2
:1076D0002268136843F0010313606368B3F5800FF9
:1076E0000BD0E3680F2B1BD8072B4DD8ACE02268DA
:1076F000136843F400631360E3E72268136843F4FC
:1077000000731360EDE7E26D12681A62E36D0433F3
:10771000E365B4F8622092B2013A92B2A4F8622012
:10772000B4F862309BB2002B00F0C98023685A691C
:1077300012F0020FE7D1FEF77FFBC01BA84202D375
:10774000B5F1FF3F01D1002DEAD12046FFF71EFE23
:10775000D4F8843043F48073C4F88430012384F86F
:107760008130002384F880300326C5E0E36D1B8858
:10777000A8F82030E36D0233E365B4F862309BB2C1
:10778000013B9BB2A4F86230B4F862309BB2002B8C
:1077900000F095802268536913F0020F15D0B4F8F9
:1077A00062309BB2012BE1D9E36B002BDED0E36D9D
:1077B0001B681362E36D0433E365B4F862309BB277
:1077C000023B9BB2A4F86230DEE7FEF735FBC01B3C
:1077D000A84202D3B5F1FF3F01D1002DD4D12046FC
:1077E000FFF7D4FDD4F8843043F48073C4F88430B8
:1077F000012384F88130002384F8803003267BE065
:10780000B4F862309BB2012B10D9E36B73B1E36D16
:107810001B88A8F82030E36D0233E365B4F86230CA
:107820009BB2023B9BB2A4F862300DE0E36D1B7883
:1078300082F82030E36D0133E365B4F862309BB227
:10784000013B9BB2A4F86230B4F862309BB2002BCB
:1078500035D02268536913F0020F15D0B4F86230A6
:107860009BB2032BCCD9E36B402BC9D9E36D1B68CA
:107870001362E36D0433E365B4F862309BB2043BFA
:107880009BB2A4F86230DFE7FEF7D6FAC01BA8422D
:1078900002D3B5F1FF3F01D1002DD5D12046FFF72E
:1078A00075FDD4F8843043F48073C4F88430012328
:1078B00084F88130002384F8803003261CE0009790
:1078C0002B46002208212046FFF7D0FD28B1D4F82E
:1078D000843043F02003C4F884302046FFF756FD7F
:1078E000012384F88130002384F88030D4F8843078
:1078F00013B9002600E00226304602B0BDE8F0874A
:107900000226F9E770B590F88150EDB2012D40F0F4
:10791000CB8004461646002A18BF002900F0C58017
:1079200090F88030012B00F0C280012380F8803075
:10793000032380F881300023C0F88430C165A0F8AB
:107940006020A0F86220436643670367A0F86830B0
:10795000A0F86A308368B3F5C02F63D00268D3689B
:1079600023F4C02343F40033D360E3680F2B04D91E
:10797000A26F9269B2F5804F5AD1072B07D9A26F37
:107980009269B2F5005F18BFB2F5804F50D1072B56
:1079900062D8A36F9A69B2F5005F4DD09B69B3F5C9
:1079A000804F51D0A36F434A1A64A36F424ADA63EF
:1079B000A36F424ADA64A36F00221A6522689368B3
:1079C00023F4004393602268B4F862309BB2203203
:1079D000E16DA06FFDF7AAFB014600284BD1A36F14
:1079E000DB69B3F5807F53D0206843686FF30F03E2
:1079F000334343602268936843F4004393602268F2
:107A0000136943F4487313612268136843F0010358
:107A100013606368B3F5800F40D0002384F8803092
:107A20000D4642E00268136843F4006313609CE76C
:107A3000002384F8803038E0B4F8622092B201323A
:107A40005208A4F86220A9E7B4F862309BB203336D
:107A50009B08A4F86230A5E70F2BA3D8A36F9B69FE
:107A6000B3F5804F9ED1B4F862309BB201335B080E
:107A7000A4F8623096E7D4F8843043F01003C4F8D9
:107A80008430012384F88130002384F880300CE0B6
:107A9000226853686FF30F035360ABE722681368E3
:107AA00043F400731360B8E70225284670BD022531
:107AB000FBE700BFF17A0008C17A0008FD7A0008F0
:107AC00008B5806B90F88130DBB2072B09D0836F4B
:107AD000DB69B3F5807F05D00268136943F00803C2
:107AE000136108BDF8F7D2FDFBE770477047704798
:107AF00008B5806BFFF7FBFF08BD704710B5846BBE
:107B0000FEF734F9022800D110BD2046FFF73EFCF5
:107B1000D4F8843043F01003C4F88430012384F88F
:107B200081302046FFF7E9FFEEE708B5806B0023C0
:107B3000A0F86A30A0F86230012380F88130FFF7A6
:107B4000DCFF08BD704700002DE9F84304460668D5
:107B50003269736902EA0305D6F8089090F88170DB
:107B6000FFB213F4006F02D012F0080F3FD105F0FE
:107B70006403042B42D0002305F04508B8F1010F3F
:107B800044D005F02602022A45D0002B46D115F03C
:107B9000080F79D02268936943F008039361226843
:107BA000936943F0100393612268936943F400637F
:107BB00093612268136923F00803136123689B68AB
:107BC00013F4404F3BD02046FFF7E0FB012384F83D
:107BD0008130D4F88430002B4AD1052F4CD0042FAB
:107BE0004ED0032F1AD12046F8F750FD16E0B369A6
:107BF00043F40063B361FFF7A5FF0FE0636F204616
:107C00009847236F204698470123B5E7236F204606
:107C100098474346B5E7636F20469847BDE8F88329
:107C2000072B1CD9636E328E1A80636E0233636633
:107C3000B4F86A309BB2013B9BB2A4F86A30B4F846
:107C40006A309BB2002BBED0E3680F2BE8D92268C4
:107C5000636E126B1A60636E04336366E8E7226832
:107C6000636E92F830201A70636E01336366DFE74B
:107C70002046FFF742FFD1E72046FFF737FFCDE769
:107C80002046FFF732FFC9E715F4587FC6D015F03C
:107C9000400F0AD0D4F8843043F00403C4F8843091
:107CA0002268936943F04003936115F4007F0AD082
:107CB000D4F8843043F00103C4F884302268936917
:107CC00043F40073936115F4807F0AD0D4F88430B4
:107CD00043F00803C4F884302268936943F4807346
:107CE000936115F0200F0AD0D4F8843043F080035C
:107CF000C4F884302268936943F020039361D4F878
:107D00008430002B8AD02268136823F001031360AB
:107D1000226811691A4B0B40136109F44049B9F507
:107D2000404F25D12268936823F440439360E36F6A
:107D30005BB1144A1A65E06FFDF744FB28B1D4F833
:107D4000843043F04003C4F88430A36F002B3FF429
:107D500065AF0C4A1A65A06FFDF734FB00283FF4AD
:107D60005DAFD4F8843043F04003C4F8843055E765
:107D7000012384F881302046FFF7BFFE4EE700BFA5
:107D800094FCFFFF2B7B000808B50122002102486C
:107D9000F8F73CFC08BD00BFA0060024034A138886
:107DA000591C1180024AD054704700BFB8100024FB
:107DB0000000003800B583B08DF807004FF47A73E7
:107DC00001220DF1070106480068FFF73BFC10B9DE
:107DD00003B05DF804FB4FF4C87000F01DFEF7E738
:107DE000BC1000242DE9F04180460C461546104F8A
:107DF000104E012239883068FCF7A7FDA40064F01A
:107E0000070444EA480000F0FE00FFF7D3FF05F046
:107E1000F000FFF7CFFF280100F0F000FFF7CAFFE6
:107E2000002239883068FCF790FDBDE8F08100BF82
:107E3000A4080024B008002410B51446890061F09D
:107E4000070141EA400000F0FE00FFF7A7FF04F041
:107E5000F000FFF7A3FF200100F0F000FFF79EFF06
:107E600010BD10B5044641F0800200210846FFF71E
:107E7000E3FF44F0800200210846FFF7DDFF10BD5C
:107E8000024B1870024B1970704700BFA308002402
:107E9000A2080024024B1870024B1970704700BFF3
:107EA000A1080024A008002408B54FF48062002136
:107EB000014802F0CEFF08BDB40C0024F0B583B039
:107EC00004460D4617461E463220FDF7BBFF294BE0
:107ED0001F60294B1E80294B1D60294D2C604FF4DB
:107EE000806422460021274802F0B3FF2246002189
:107EF000254802F0AEFFFFF7D7FF4FF4206002F0F5
:107F000095F90146214B18604FF47A7300930523CD
:107F10001F4A52682868FEF70DFD08B103B0F0BD96
:107F2000302200210846FFF75DFF3022002108467D
:107F3000FFF758FF012200210846FFF753FF0220F8
:107F4000FDF780FF062200210846FFF74BFF0C22B9
:107F500000210846FFF746FF342200210846FFF7BC
:107F600041FF362200210846FFF73CFF094B012262
:107F70001A70D3E7B0080024A4080024BC10002421
:107F8000A8080024B4080024B40C0024AC08002481
:107F9000A0060024A60800242DE9F04F2E4B1B68F4
:107FA00000EBC00003EB000B1B5C03F00702C3F304
:107FB000C20A0AF1010A9146AAEB020A274B1B7872
:107FC0005344802B07DD264B1A78244B1A70254A20
:107FD0001378093313704FF0000824E04FEA0C13B4
:107FE0009BB203EBDE039BB21F4CE25C2A4007FA14
:107FF00000F101F0800131410A43E25401380CF1F3
:10800000010CBCF13F0FCCBF00230123002801DB92
:10801000002BE3D10EF1010E104B83F800E009F1C3
:10802000010908F10108D04514DA0C4B93F800E07F
:1080300093F90030002B0DDB0BEB09035F780EF09A
:1080400007066FF080053541EDB2064B93F800C08E
:108050000720D6E7BDE8F08FAC080024A308002471
:10806000A1080024A2080024B40C002470B5044622
:108070000E46002508E00B4A1378093313700A4BAB
:108080001A780A4B1A700135AE420ADD14F8010B5A
:108090000A28F0D0FFF780FF044A137801331370E9
:1080A000F1E770BDA2080024A1080024A308002461
:1080B00010B50446F8F744F9C1B22046FFF7D6FFE1
:1080C00010BD00002DE9F04784B004460D46019232
:1080D0009A469DF830809DF838609DF83C7006B94E
:1080E00027B10023194618469E4616E01946104649
:1080F000FFF7D0FE514B83F800A029462046FFF73A
:10810000B5FF98E04A1C1031694401F808EC0930C9
:10811000C0B2D1B24FF0000E01339D4218DDE25CD7
:108120000A2AEFD0DFF82491D9F8009002EBC202BE
:1081300019F8022002F00709C2F3C2020232A2EBD0
:10814000090272445FFA82FE6A1E9A42E4D1D9E7BC
:10815000A6B19DF834301B1A07EE103AB8EEC77A74
:10816000F6EE007A27EE277AB5EEC07AF1EE10FA35
:1081700006DA07EE90AAF8EEE77A07E09FED307A8C
:1081800007EE90AAF8EEE77A77EE877AFCEEE77AC8
:1081900017EE903A294A13704FF00009FF224E461D
:1081A00020E0DFED277A9DED017AB8EEC77A77EE11
:1081B000277AFCEEE77ACDED007A9DF80030214A6F
:1081C0001370214A137014F8010B0A2829D0FFF705
:1081D000E3FE1D4A137801331370334609F1010998
:1081E00032461E464D4523DD9642ECD0002FD8D0B6
:1081F00006F110036B4413F8083CA8EB030307EEE9
:10820000903AF8EEE77AB6EE007A67EE877AF5EE06
:10821000C07AF1EE10FAC6DADDED017AF8EEE77A0F
:10822000C7E7731CDBB205490A7809320A70D5E743
:10823000054B019A1A7004B0BDE8F087A20800242B
:1082400000000000A1080024A3080024AC080024BA
:10825000F0B585B004460D4616461F46F8F770F88F
:108260009DF8303003939DF82C3002939DF8283010
:108270000193009733462A46C1B22046FFF722FFFA
:1082800005B0F0BD2D4B1B784BB12D4B1B6893F8FF
:108290008130DBB2012B02D12A4B1B7803B9704726
:1082A00070B54FF480622849284802F06AFE012226
:1082B000274B1988274B1868FCF747FB0026264BED
:1082C0001E8024E005EB0613204AD45C04F0F00085
:1082D000FFF764FD200100F0F000FFF75FFD0135BE
:1082E0000F2DEFDD00250FE006F1200305EB031352
:1082F000164AD45C04F0F000FFF750FD200100F0B6
:10830000F000FFF74BFD01350F2DEDDD01361F2E7F
:1083100008DCF1B20020FFF7A4FDFA20FFF73EFDD4
:108320000025DDE7074B00221A700B4B1A880B491A
:10833000034B1868FFF7E6FA70BD00BFA6080024DB
:10834000BC10002410000020B40C0024B408002449
:10835000A4080024B0080024B8100024000000384D
:1083600070B58318802B01DD121AD2B20901C3083F
:1083700010F0070017D0C0F1080C5FFA8CFCCD1884
:108380001B4E16F805E0012404FA0CF4013CE4B29B
:108390004EEA04047455624507D3624526D0083876
:1083A0001044C2B2013300200FE0101A01238340B1
:1083B0005B422340735519E001EB030C0C4C4FF06A
:1083C000FF0E04F80CE001330130B0EBD20FF3DB09
:1083D00012F007020AD01944054C605C0123934057
:1083E000013BC2F1080293400343635470BD00BFD8
:1083F000B40C002470B58E465318402B01DD521A80
:10840000D2B200F00706C5084FF0000C0BE005EBF8
:108410000E10064C235C802131410B4323540EF196
:10842000010E0CF1010C6245F1DC70BDB40C0024AE
:108430002DE9F84305460E46904699469DF82040A2
:10844000002706E0F1194246C9B22846FFF788FF27
:108450000137BC42F6DC002709E0A9EB4402A11970
:10846000E819D2B2C9B2C0B2FFF7C4FF0137BC42AB
:10847000F3DC00270BE006EB0901C9B2C91BC9B246
:1084800001394246C9B22846FFF76AFF0137BC42AC
:10849000F1DC00270EE005EB0800C0B2C01BC0B243
:1084A000A9EB4402A1190138D2B2C9B2C0B2FFF798
:1084B000A1FF0137BC42EEDCBDE8F88300000000FC
:1084C00070B582B004460D4605210846FFF7E2FC70
:1084D0004FF4F0620021444802F0BBFC4FF480628C
:1084E0000021424802F0B5FC4FF4007632460021EC
:1084F0003F4802F0AEFC324600213E4802F0A9FCA3
:10850000324600213C4802F0A4FC002308E0C3EB03
:108510000311354A02EB0112002182F8ED100133FC
:10852000072BF4DD002100914FF400732F4A204601
:10853000F9F718FC002848D1002313E007EE903A21
:10854000B8EEE75BB2EE086B85EE067B9FED246B21
:1085500027EE067BBCEEC77B284A17EE101A22F8DE
:10856000131001330B2BE9DD244B40F6FF721A8305
:10857000002317E0C3F10C0206EE102AB8EEC66B1A
:10858000B2EE085B86EE057B9FED156B27EE067B52
:1085900003F10C01BCEEC77B184A17EE100A22F853
:1085A000110001330B2BE5DD002300931923134A3F
:1085B00010212046F9F7D6FB50B9114B1D60284613
:1085C00000F022FD38B902B070BD4FF4C870FAE770
:1085D0004FF4C870F7E74FF4C870F4E7AFF30080CA
:1085E0000000000000FEAF40441B042434000030B3
:1085F000C4220424C42404244411002400000030B4
:10860000C01000242DE9F84F4FF0000844468FE0D9
:108610000B788BB1A1F104099AF80120D31A002B31
:10862000B8BF5B4211F8040C121A002AB8BF5242BC
:10863000934203DC0431EBE74FF00009B9F1000F7E
:1086400036D120E04FF4007200215F4800EB442057
:1086500002F0FFFB17E0B5F9002007EE902AF8EED4
:10866000E77A67EE877AFDEEE77A17EE902A25F82B
:10867000022B0133FF2BEEDD544A52F82430013334
:1086800042F82430013401363C2E4FDC324607EBF1
:10869000460A17F81630012B01D0032BF3D14C4BAF
:1086A00003EB421909F1040199F80430002BAFD112
:1086B000B4F5007F58DA474B1D68B9F801301D4406
:1086C000C5F31613444AD169DFF820B101221944D9
:1086D0005846F7F79BFF05F00F056A010BEB4513B2
:1086E0003A4951F824103BF802208A42AAD9364D63
:1086F00005EB4425D3F80230012219442846F7F748
:1087000085FF9AF8013099F800209342B4D09B1A63
:1087100007EE903AF8EEE77ADFED306A87EEA67A58
:10872000F7EE007A37EE277A0023A3E708F1010875
:10873000B8F1070F18DCC8EB08131F01284B1F44C2
:1087400097F8EC30002BF1D0B7F8A0304FF6FF725D
:108750009342EBD0204A116A042201EB83011D48A9
:10876000F7F754FF00268FE70CB1002515E04FF412
:10877000007200211B4802F06CFB002217E005EBA1
:108780000320114931F810100A4412B201339C42FF
:10879000F5DC144B23F815200135FF2DEDDC00230B
:1087A0001A46F4E71B11104921F812300132FF2A52
:1087B00007DC0C4B33F9123013F50043F2D50F33BD
:1087C000F0E7BDE8F88F00BF441B002444130024E9
:1087D000E4260424C4260424A006002400007F43C9
:1087E000441B0424C4220424C4240424441100246B
:1087F00010B58CB0FFF758FB012300934023802273
:1088000000210846FFF714FE304B1B78304A1278DF
:10881000934202D02F4A002111602D4A1370052186
:108820000846FFF72DFB05210846FFF733FB274BD2
:108830001B78032B0ED8DFE803F0021A323901232C
:108840000293019340230093802300221146224883
:10885000FFF7FEFC1F4BD3ED007A9FED207A77EEF9
:10886000877AC3ED007AFFF70DFD0CB010BD194BF0
:10887000D3ED007AF5EEC07AF1EE10FA03DD134B7A
:1088800002221A70E6E70123029301933623009334
:108890007623052211461248FFF7DAFCDAE7114B7E
:1088A00001221A70094B03221A70D3E70E4CB4F858
:1088B000A0200E4904A802F067FA04A8FFF7F8FB0D
:1088C00004F1A200FFF7F4FBC4E700BF1200002090
:1088D00011000020C42E0424C4100024CDCCCC3DB3
:1088E00080D00008D02E0424441B04248CD000081F
:1088F0002DE9F843002503E094F8EC30BBB10135D5
:10890000072D59DCC5EB05131C012C4B1C4494F8B6
:10891000ED30002BF3D004F17C06B4F8A020284BF6
:108920005B6A9A42E8D30023A4F8A030E4E7B4F8E5
:10893000A0304FEA4318DFF88890D9F81810214F7B
:10894000012201EB13113846F7F760FEC8F3080265
:10895000D31957F802C058689968DA68C4F87CC01F
:108960007060B160F260D3F810C058699969DA6933
:10897000C6F810C07061B161F261B4F87C309E003D
:10898000D9F81010012201EBD3113846F7F73EFE5B
:10899000C6F30806BE59D9F81410012201EB56217E
:1089A0003846F7F733FEB91904F1A20002F0E1FAF4
:1089B000012384F8EC30A2E7BDE8F883441B0424CB
:1089C000A00600244411002408B5114B1B7813B9EC
:1089D000FFF70EFF08BD0F4B012283F8ED20132295
:1089E000A3F8A020032183F84610FF2283F8472034
:1089F00083F8361083F8372083F83C1083F83D2045
:108A000083F8421083F84320FFF772FFE0E700BFCE
:108A1000D02E0424441B042408B50246044905480A
:108A200002F0B2F9044B00221A70FFF7E1FE08BD14
:108A300094D00008C41000241200002010B430307C
:108A40000B0A9B0003F00C03C45801F01F014FF008
:108A50001F0C0CFA01FC24EA0C0CC2F384628A405D
:108A60004CEA0202C2505DF8044B704710B4143057
:108A70004B0E9B0003F00403C458C1F304514FF0A4
:108A8000070C0CFA01FC24EA0C0C8A404CEA0202A6
:108A9000C2505DF8044B7047C1F313033BB9C1F3F7
:108AA000846101228A40C3691343C361704791FA0C
:108AB000A1F131B1B1FA81F101F01F0101228A4027
:108AC000F1E72021F8E7000070B582B000230193A0
:108AD00090F85030012B00F0168204460D46012319
:108AE00080F850300268936813F0040F09D0436D8A
:108AF00043F0200343650120002384F8503002B086
:108B000070BD0B68002B0ADBC3F3130100293DD1B4
:108B1000C3F3846301219940D3690B43D3612A686D
:108B200069682068FFF78AFF2068836813F00403F0
:108B300000D00123826812F0080200D0012252EA1C
:108B400003062FD02268916811F0010140F0D7810F
:108B50002B68EE68D2F8C000C3F3130C20EA0C00B7
:108B600006F0180C944E26FA0CF63340C3F31303A8
:108B70000343C2F8C030EA68904B9A4200F0A180EB
:108B80002B68002BC0F242810020B5E793FAA3F3D3
:108B900033B1B3FA83F303F01F0301219940BBE71C
:108BA0002023F8E7AA682968FFF760FF844B1B6859
:108BB00003F07043B3F1805F0BD02268D36813F0E9
:108BC000100F3BD16B69D268C2F38202520093400E
:108BD00006E06B692268D268C2F3820252009340B9
:108BE0002969042938D02268286802F1600C5CF8F1
:108BF000212002F0004200F0F840034313434CF8F8
:108C00002130236828696A7E012A1FD031466033EB
:108C100053F8202022F000420A4343F82020216824
:108C20002A692B7E012B14D00B6923F4F04302F048
:108C30001F0206FA02F213430B6183E76B69D268E5
:108C4000920802F0040252009340C9E74FF000413D
:108C5000DDE74FF40066E7E72268136E03F0F843A0
:108C60002968B3EB816F1DD02268536E03F0F8437F
:108C70002968B3EB816F1AD02268936E03F0F84332
:108C80002968B3EB816F17D02268D36E03F0F843E5
:108C90002968B3EB816F7FF455AFD36E23F00043A7
:108CA000D3664FE7136E23F000431366DCE7536E81
:108CB00023F000435366DFE7936E23F0004393668F
:108CC000E2E720683F4B984205D03F4B98422BD0BB
:108CD000FFF7E2FE54E72B683C4A93424AD03C4AF5
:108CE000934249D03B4A934248D03B4A934247D0B3
:108CF00002F186621032934244D0384A934243D004
:108D000002F1042202F5401293423FD002F1866242
:108D100002F5006293423BD0314A93423AD0314A45
:108D20009342D5D13049D3E72B68284A934233D0B8
:108D3000274A934232D0274A934231D0264A93425F
:108D400030D002F18662103293422DD0234A9342F2
:108D50002CD002F1042202F54012934228D002F1F5
:108D6000866202F50062934224D01E4A9342AFD13C
:108D70001D49ADE70121ABE71C49A9E71C49A7E75D
:108D80001C49A5E71C49A3E71C49A1E71C499FE72B
:108D90001C499DE71C499BE7012199E7134997E787
:108DA000134995E7134993E7134991E713498FE76F
:108DB00013498DE713498BE7FFFF0F000000FF47C2
:108DC0000010005C0020024000210240020030043C
:108DD000040060080800900C1000C0100004002A75
:108DE000000021430000844B0000B84F40002019D0
:108DF0008000501D000180210002B0250008302EA7
:108E000000106032002090360000524722683F492F
:108E10003F48824218BF8A420CBF0121002118D16D
:108E20003C4EB56805F0E07CA9B13849886810F07F
:108E3000010000D001203649896811F0010100D0FD
:108E4000012101430CD0636D43F0200363650120D1
:108E500052E6314EE5E73149896811F0010FF2D150
:108E60002F498B4207D02F498B4226D02E498B4267
:108E700034D0002040E615F4000FF4D1274B9A427D
:108E800001D0002038E64CF40003B26822F0E07212
:108E90001343B360254B1B689B09254AA2FB0323A0
:108EA0009B0901335B00019302E0019B013B0193AD
:108EB000019B002BF9D100201EE615F0807FD5D153
:108EC000164B9A4201D0002016E64CF08073B2682F
:108ED00022F0E0721343B36000200DE615F4800F1A
:108EE0000FD10E4B9A4201D0002005E64CF48003CE
:108EF000B26822F0E0721343B3600020FCE500206A
:108F0000FAE50020F8E50220F9E500BF0020024064
:108F10000021024000230240006302580060025812
:108F2000000084CB000052C70000B8CF0C00002026
:108F3000632D3E0538B503689A6812F0010F56D1CB
:108F4000044699682B4A114209D0436D43F010033F
:108F50004365836D43F001038365012048E0996810
:108F6000254A0A4042F001029A60FCF765FF054677
:108F700023682249224A934218BF8B420DD102F541
:108F80000072926802F01F021D498B4207D01946F9
:108F9000994207D032B100202AE01A4AF1E7A1F540
:108FA0008071F5E723681A6812F0010F1DD19A68E5
:108FB00012F0010F05D199680F4A0A4042F00102F0
:108FC0009A60FCF739FF401B0228EBD923681B6825
:108FD00013F0010FE6D1636D43F010036365A36DD9
:108FE00043F00103A365012002E0002000E000201F
:108FF00038BD00BF3F000080C0FFFF7F002002405F
:10900000002102400063025838B5044603683E4917
:109010003E4A934218BF8B4254D102F500729568C4
:1090200005F01F059B6813F0040F69D194F85030C8
:10903000012B67D0012384F850302046FFF77AFFD8
:10904000002859D1626DA0F60273134043F4807377
:10905000636523682D4A934236D01A46934200D066
:109060001DB9626D22F480126265626D12F4805F38
:109070002DD0A26D22F00602A2651C221A600023E8
:1090800084F850302368214A934223D01A469342F1
:1090900007D0092D21D840F22121E94011F0010F1C
:1090A0001BD0DA6812F0007F05D0626D22F44052C6
:1090B00042F4805262659968154A0A4042F00402FF
:1090C0009A601EE0134AAAE7A2F58072C6E7002262
:1090D000A265D2E7A2F58072D9E7636D43F48013ED
:1090E0006365D36813F0007F0BD0636D23F44053A6
:1090F00043F48053636504E0002384F8503000E0BB
:10910000022038BD0220FCE700200240002102407E
:10911000C0FFFF7F0063025838B5044603684E491C
:109120004E4A934218BF8B4226D14D4B9B6813F495
:10913000403F14BF0123002343B3F9F7A1FD0546C7
:109140006368B3F5003F05D0B3F5403F1CD0B3F5DD
:10915000803F02D11B0CB5FBF3F5FCF787FE41F213
:109160000303984253D83F4B9D424AD922689368E3
:1091700043F48073936038BD3B4B9B6813F4403FCE
:1091800014BF01230023D7E78508E6E74FF400204A
:109190000021FAF755FF05466368B3F5101F2CD080
:1091A00021D8B3F5E01F26D004D9B3F5001FD4D1E0
:1091B0004509D2E7B3F5801F10D009D8B3F5002FC9
:1091C0000CD0B3F5402F09D0B3F5802F06D0C4E7FB
:1091D000B3F5A01F02D0B3F5C01FBED19B0C5B003E
:1091E000B5FBF3F5B9E7B3F5201F08D0B3F5301F91
:1091F000B3D1050AB1E70509AFE78509ADE7C509B0
:10920000ABE72268936823F480739360B3E7174B4E
:109210009D4205D82268936823F440739360AAE7BF
:10922000134B9D4207D82268936823F4407343F49C
:10923000807393609FE70F4B9D4207D82268936825
:1092400023F4407343F40073936094E722689368B7
:1092500043F4407393608EE70020024000210240F7
:1092600000230240002D31010063025821BCBE00E2
:1092700041787D0181F0FA0230B583B0002301937B
:10928000002800F00A810446436DEBB123689A6818
:1092900012F0005F03D09968814A0A409A602368FF
:1092A0009A6812F0805F1CD199687E4A0A4042F0A9
:1092B00080529A607C4B1B689B097C4AA2FB03236B
:1092C0009B090133019309E0F7F724FE0023A3650E
:1092D00084F85030DAE7019B013B0193019B002B9E
:1092E000F9D12268936813F0805F40F09980636D34
:1092F00043F010036365A36D43F00103A3650125EB
:10930000936813F0040300D00123616D11F0100F76
:1093100040F0BB80002B40F0B880636D23F4817374
:1093200043F002036365936813F0010F1ED1604997
:10933000604B9A4218BF8A420CBF0122002271D1B1
:10934000896811F0010100D001215A4B9B6813F08C
:10935000010300D001230B4308D1002A68D05649ED
:1093600063688A6822F47C1213438B60FCF77EFDED
:1093700041F20303984202D9A368102B5AD0627DB0
:10938000236B43EA4233A2681343227F43EA02433A
:10939000227F012A59D0626A22B102F47872A16A4E
:1093A0000A4313432168C868444A02401A43CA600A
:1093B00021688A6812F0040200D001228B6813F041
:1093C000080300D0012313431BD1227DE36A43EA43
:1093D0008232C8683A4B03401343CB6094F838306C
:1093E000012B37D02268136923F00103136122682F
:1093F000136923F07043616B0B4313612046FFF741
:109400008BFEE368012B37D02268136B23F00F0328
:109410001363636D23F0030343F00103636539E0D5
:1094200000256DE7274B9B6813F0010F9ED194E751
:10943000254995E7617D226B42EA41321343227F41
:1094400043EA024343F00C03A2E7226A013A43EAEB
:109450004243A0E7206802691C4B1340E26B511E97
:10946000226C42EA0142616C0A43A16C0A43134335
:1094700043F001030361BAE721680B6B23F00F038C
:10948000A269013A13430B63C3E7636D43F0100312
:1094900063650125284603B030BD0125FAE700BF0A
:1094A000C0FFFF5FC0FFFF6F0C000020632D3E0573
:1094B00000200240002102400023024003C0F0FFD0
:1094C000FCBFFFFF00600258006302581EF800FC5A
:1094D00090F85020012A00F0968030B49AB00346EC
:1094E000012280F850200022169217920068474A05
:1094F000904236D000220192019A002A35D092681B
:1095000012F0040200D00122846814F0040F6BD121
:10951000002A69D13D4C3E4A904218BFA0422DD14D
:1095200002F500720868002839D0906820F44040A5
:109530004C68204390601868344D354CA04218BFE9
:10954000A8421DD1AC6814F0010400D001243048B9
:10955000806810F0010000D00120204315D00020C9
:1095600047E002F580720192C6E75A6D42F0200290
:109570005A65002283F8502001203DE0254AD1E7BA
:109580002548806810F0010F39D1946823482040A5
:109590000C688968214308439060002029E09168A5
:1095A00021F4404191601968184C1948814218BF54
:1095B000A1420ED1A06810F0010000D00120144992
:1095C000896811F0010100D00121014306D000207B
:1095D0000FE01149896811F0010F12D190680F490D
:1095E00001409160002004E05A6D42F020025A656B
:1095F0000120002283F850201AB030BC70470020B0
:10960000F7E70020F5E70220704700BF0020024086
:10961000002102400063025800600258E0F0FFFFA2
:1096200030B583B000230193002800F0BA800446CF
:1096300003681B68002BC0F2B78090F82530002B20
:109640002ED02168086800F004002369E268134303
:10965000E269134362691343A2691343A268134387
:109660000D68534A2A401A430A606368102B1DD0C4
:109670002268136823F0100313602268136813F044
:10968000040F1FD0F0B14B4B1B689B094A49A1FB4B
:1096900003139B09013303EB83039B0001930EE04B
:1096A00080F824308362F7F76DFCCAE722681368FC
:1096B00043F010031360E0E7019B013B0193019B22
:1096C000002BF9D13D4B9A4231D04FF40013226A5E
:1096D00012F0030F4ED012F0100F2BD04FF0B0410C
:1096E0000A681A430A60226A12F0200F29D04FF04C
:1096F000B0414A681A434A604FF0B042C2F888301D
:10970000226A12F0020F23D04FF0B041D1F884202A
:109710001A43C1F88420226A12F0010F21D04FF0C1
:10972000B041D1F880201343C1F8803030E04FF4CD
:109730008013CCE74FF0B0410A6822EA03020A60C6
:10974000D1E74FF0B0414A6822EA03024A60D3E70A
:109750004FF0B041D1F8842022EA0302C1F88420FE
:10976000D9E74FF0B041D1F8802022EA0303C1F8D5
:1097700080300DE04FF0B042D2F8841021EA0301AE
:10978000C2F88410D2F8801021EA0303C2F88030B6
:1097900094F8253003F0FF0043B9012384F8253005
:1097A00000E0012003B030BD0120FBE70020F9E715
:1097B000E1CCE8F00C000020632D3E050C38005889
:1097C000026852E8003F23F4907342E80031002918
:1097D000F6D1026802F1080353E8001F0D4B0B405D
:1097E000083242E800310029F3D1C36E012B06D0C4
:1097F0002023C0F88C300023C3664367704702689B
:1098000052E8003F23F0100342E800310029F6D16E
:10981000EEE700BFFEFFFFEF70B586B00446836839
:109820000269134342691343C2691343016808681C
:10983000884A02401A430A602268536823F440535E
:10984000E1680B435360A1692268834B9A4201D0BF
:10985000236A19439068814B03400B43936022684D
:10986000D36A23F00F03616A0B43D36223687C4AF7
:10987000934221D07B4A934200F08C807A4A9342F3
:1098800000F0A280794A934200F0B580784A934272
:1098900000F0C880774A934200F0F480764A934201
:1098A00000F01981754A934200F02C816A4A934274
:1098B00000F03F81802233E0714A526D02F038029D
:1098C000282A65D8DFE812F02900640064006400EB
:1098D00064006400640064004D016400640064007E
:1098E00064006400640064002B0064006400640091
:1098F00064006400640064005E006400640064004E
:10990000640064006400640060006400640064003B
:1099100064006400640064006200012200E0082228
:109920004D498B4200F02F81E069B0F5004F00F007
:10993000AF81202A00F20682202A00F25382DFE85B
:1099400012F0080222025102510225025102510274
:1099500051022A0251025102510251025102510296
:1099600051022F0251025102510251025102510281
:10997000510251025102510251025102510251024F
:1099800051023B021022CBE72022C9E74022C7E761
:109990008022C5E73A4A526D02F00702052A11D823
:1099A000DFE812F00600E10008000A000C000E00DB
:1099B0000022B5E70822B3E71022B1E72022AFE783
:1099C0004022ADE78022ABE72D4A526D02F007023C
:1099D000052A0ED8DFE802F003C90507090B0022AB
:1099E0009EE708229CE710229AE7202298E740226F
:1099F00096E7802294E7224A526D02F00702052A78
:109A00000ED8DFE802F003B40507090B002287E750
:109A1000082285E7102283E7202281E740227FE7A2
:109A200080227DE7164A526D02F00702052A0ED801
:109A3000DFE802F0039F0507090B002270E7082208
:109A40006EE710226CE720226AE7402268E7802256
:109A500066E700BFF369FFCF000C0058FFF4FF1169
:109A6000001001400044004000480040004C00400D
:109A7000005000400014014000780040007C00408D
:109A8000004402587D4A526D02F03802282A20D83C
:109A9000DFE802F0151F1F1F1F1F1F1F711F1F1F51
:109AA0001F1F1F1F171F1F1F1F1F1F1F191F1F1FD4
:109AB0001F1F1F1F1B1F1F1F1F1F1F1F1D000122F6
:109AC0002EE708222CE710222AE7202228E740224E
:109AD00026E7802224E7694A526D02F00702052A30
:109AE0000ED8DFE802F0034A0507090B002217E74A
:109AF000082215E7102213E7202211E740220FE782
:109B000080220DE75D4A526D02F00702052A0ED849
:109B1000DFE802F003350507090B002200E7082201
:109B2000FEE61022FCE62022FAE64022F8E6802239
:109B3000F6E602F50E32926D02F00702052A0ED803
:109B4000DFE802F0031F0507090B0222E8E60822FE
:109B5000E6E61022E4E62022E2E64022E0E6802269
:109B6000DEE60422DCE60422DAE60422D8E6042259
:109B7000D6E60422D4E60422D2E60422D0E6042269
:109B8000CEE60422CCE6202A27D8022AC0F018818B
:109B9000023A1E2A00F21681DFE812F026001401B4
:109BA00056001401140114015B0014011401140186
:109BB00014011401140114016000140114011401B2
:109BC00014011401140114011401140114011401ED
:109BD00014011401140114016C00402A02D14FF445
:109BE000004006E00120FEE0F9F718FF002800F031
:109BF000EB80626A224B33F81220B0FBF2F3656807
:109C000005EB4501994200F2E180B3EB053F00F21C
:109C1000DF80002633463146F6F79AFB090241EA17
:109C2000106100026B08C0182A46334641F100015A
:109C3000F6F78EFBA0F54072124B9A4200F2CA80F2
:109C40002368D8603046CEE003A8F9F7F9FE0498FF
:109C5000CCE76846F9F7F4FF0198C7E7074B1B68A4
:109C600013F0200F08D0054B1B68C3F3C10306484F
:109C7000D840BEE70548BCE70348BAE700440258AD
:109C8000A4D00008FFFC0F000090D00300093D00A5
:109C9000202A15D8202A00F29F80DFE802F015362E
:109CA0009D9D399D9D9D3E9D9D9D9D9D9D9D439D01
:109CB0009D9D9D9D9D9D9D9D9D9D9D9D9D9D4F00BF
:109CC000402A06D001208EE0F8F7FCFF002800F0C3
:109CD0008580626A4B4B33F81230B0FBF3F0626858
:109CE000530803EB4003B3FBF2F3A3F110014FF66B
:109CF000EF72914274D89AB222F00F02C3F342037A
:109D000013432268D36000206DE0F8F7EDFFDDE734
:109D100003A8F9F795FE0498D8E76846F9F790FF8D
:109D20000198D3E7384B1B6813F0200F08D0364B4F
:109D30001B68C3F3C1033548D840CAE73448C8E7B5
:109D40003248C6E7402A02D14FF4004005E0012026
:109D500049E0F8F7B7FF00284FD0626A294B33F883
:109D60001230B0FBF3F0636800EB5300B0FBF3F08C
:109D7000A0F110024FF6EF739A4240D8236880B2E8
:109D8000D86000202FE0F8F7AFFFE4E703A8F9F769
:109D900057FE0498DFE76846F9F752FF0198DAE7C3
:109DA000194B1B6813F0200F08D0174B1B68C3F327
:109DB000C1031648D840D0E71548CEE71348CCE792
:109DC000012010E001200EE000200CE001200AE05C
:109DD000012008E0012006E0012004E0002002E06C
:109DE000012000E001200123A4F86A30A4F86830C3
:109DF00000236367A36706B070BD0020F3E701206E
:109E0000F1E700BFA4D00008004402580090D0033E
:109E100000093D00836A13F0080F06D002685368FA
:109E200023F40043816B0B435360836A13F0010FEB
:109E300006D00268536823F40033C16A0B435360B1
:109E4000836A13F0020F06D00268536823F480334C
:109E5000016B0B435360836A13F0040F06D0026852
:109E6000536823F48023416B0B435360836A13F0E0
:109E7000100F06D00268936823F48053C16B0B4324
:109E80009360836A13F0200F06D00268936823F46E
:109E90000053016C0B439360836A13F0400F0AD0A8
:109EA0000268536823F48013416C0B435360436C86
:109EB000B3F5801F0BD0836A13F0800F06D00268C1
:109EC000536823F40023C16C0B435360704702684E
:109ED000536823F4C003816C0B435360EBE72DE917
:109EE000F84305460E4617469946DDF820802B6854
:109EF000DC6936EA04040CBF01240024BC423AD1D8
:109F0000B8F1FF3FF3D0FBF797FFA0EB0900404506
:109F100034D8B8F1000F33D02B681A6812F0040F50
:109F2000E5D0B6F1400218BF0122802EDFD0002A12
:109F3000DDD0DA6912F0080F11D1DA6912F4006F7E
:109F4000D5D04FF400621A622846FFF739FC20236F
:109F5000C5F89030002385F8843003200CE00824F5
:109F60001C622846FFF72CFCC5F89040002385F8BA
:109F70008430012000E00020BDE8F8830320FBE7E7
:109F80000320F9E730B583B004460023C0F89030D1
:109F9000FBF752FF05462268126812F0080F10D135
:109FA00023681B6813F0040F28D12023C4F88830DD
:109FB000C4F88C300020E066206784F8840003B089
:109FC00030BD6FF07E430093034600224FF4001132
:109FD0002046FFF784FF0028E2D0226852E8003FC5
:109FE00023F0800342E800310029F6D12023C4F891
:109FF0008830002384F884300320E0E76FF07E434C
:10A0000000932B4600224FF480012046FFF767FFA4
:10A010000028CAD0226852E8003F23F4907342E837
:10A0200000310029F6D1226802F1080353E8003F0D
:10A0300023F00103083242E800310029F3D1202344
:10A04000C4F88C30002384F884300320B7E778B359
:10A0500010B50446D0F888300BB32423C4F88830F8
:10A060002268136823F001031360A36AE3B9204652
:10A07000FFF7D2FB012811D02268536823F49043E4
:10A0800053602268936823F02A0393602268136860
:10A0900043F0010313602046FFF774FF10BD80F802
:10A0A0008430F7F7A9F9D8E72046FFF7B3FEDEE7DB
:10A0B00001207047436E2BB90123A0F86A30A0F845
:10A0C0006830704730B403689A68C2F34262996896
:10A0D000490F094D6B5C1B01084C615C93FBF1F36C
:10A0E000A0F86A30AB5C1B01A25C93FBF2F3A0F812
:10A0F000683030BC704700BFC4D00008BCD0000836
:10A1000090F88430012B18D0012380F88430242368
:10A11000C0F8883003681A68196821F001011960D5
:10A1200022F000520023436601680A602022C0F832
:10A13000882080F88430184670470220704738B570
:10A1400090F88430012B1DD00446012380F8843020
:10A150002423C0F8883003681D681A6822F00102C1
:10A160001A600268936823F0604319439160FFF717
:10A17000A1FF23681D602023C4F88830002084F8E4
:10A18000840038BD0220FCE738B590F88430012BFC
:10A190001DD00446012380F884302423C0F8883081
:10A1A00003681D681A6822F001021A600268936849
:10A1B00023F0606319439160FFF77CFF23681D6003
:10A1C0002023C4F88830002084F8840038BD0220A1
:10A1D000FCE70000DFF838D0FDF76CF8FCF7F2FF81
:10A1E0000C480D490D4A002302E0D458C4500433F2
:10A1F000C4188C42F9D30A4A0A4C002301E01360C8
:10A200000432A242FBD300F08DFEF6F78FFD7047BB
:10A210000000022000000020DC01002054D40008CF
:10A220000000002420300424FEE70000024B014619
:10A23000186800F025B800BF2000002070B50F4E50
:10A240000C463168054611B900F044FE30602146E5
:10A25000284600F03FFE431C03D14FF0FF34204658
:10A2600070BDC41C24F00304A042F8D0211A284673
:10A2700000F030FE0130F2D1EFE700BFD42E04240D
:10A280002DE9F843CD1C25F0030508350C2D38BF0A
:10A290000C25002D064601DBA94204D90C233360AE
:10A2A0000020BDE8F883DFF8D48000F069F8D8F822
:10A2B00000301C4644BB29463046FFF7BFFF431C15
:10A2C000044658D1D8F800402746002F43D1002C2F
:10A2D0004BD023683946304604EB030900F0FAFD01
:10A2E000814542D121686D1A29463046FFF7A6FF05
:10A2F00001303AD023682B442360D8F800305A68E4
:10A3000062BBC8F800700FE02268521B20D40B2AF1
:10A3100017D96119A342256018BF5960636808BF47
:10A32000C8F8001062514B60304600F02FF804F17D
:10A330000B00231D20F00700C21A1CBF1B1AA350DC
:10A34000AFE76268A3420CBFC8F800205A60EBE791
:10A3500023466468AEE73C467F68B6E71A465B680A
:10A36000A342FBD100235360DEE70C233360304669
:10A3700000F00CF894E70560D6E700BFD82E04245F
:10A38000014800F0F4BD00BF1C300424014800F077
:10A39000EFBD00BF1C300424F0B52DED028BB0EEF4
:10A3A000408B85B017460D9D0C9E18EE902A25F027
:10A3B0002005002AB6BF2D220022B1EE408B462D8B
:10A3C0000C461A7004D0452D00D10134022100E062
:10A3D000032103AB019302AB009322463346B0EE58
:10A3E000480B00F065FE472D14D1FB070AD5021972
:10A3F000B5EE408BF1EE10FA08BF03923021039BBB
:10A40000934219D3039B0E9A1B1A136005B0BDEC3F
:10A41000028BF0BD462D00EB0402E9D10378302B0E
:10A4200007D1B5EE408BF1EE10FA1CBFC4F1010468
:10A43000346033681A44DBE75C1C03941970DEE770
:10A44000F7B50029BABF49422D232B2309290270F1
:10A45000437029DD0DF107031D460A271A46B1FB9B
:10A46000F7F607FB1614303402F8014C0C46632C47
:10A4700003F1FF333146F1DC3031941E03F8011C47
:10A48000411C2346AB420AD30DF109039B1AAC428F
:10A4900088BF002302330344181A03B0F0BD13F839
:10A4A000016B01F8016FEDE7302330318370C1702B
:10A4B000031DF1E7000000002DE9F04F8DB00C46C0
:10A4C000DDF8588016461F46054600F0CBFCD0F854
:10A4D00000B05846F5F734FF00230A93D8F800304F
:10A4E00094F8189022680590073323F0070303F1CE
:10A4F0000801C8F8001093ED000B9FED976BB0EECC
:10A50000C07BB4EE467BF1EE10FA84ED120B24DD35
:10A51000B5EEC00BF1EE10FA02D52D2384F84330CE
:10A520008F49904BB9F1470F8CBF8846984622F06F
:10A5300004020323236122604FF0000A0097334690
:10A540000BAA2146284600F0D1F9013040F089805D
:10A550004FF0FF300DB0BDE8F08FB4EE400BF1EEE0
:10A5600010FA09D710EE903A002BBCBF2D2384F8C7
:10A5700043307D497D4BD5E76368591C09F0DF0AFC
:10A5800039D10623636042F4806200232260039382
:10A590000AABCDE9019309AB009361680DF1230388
:10A5A0002846FFF7F9FEBAF1470F0999804629D1ED
:10A5B000C81C02DB6368994241DDA9F102095FFA18
:10A5C00089F901394A4604F150000991FFF738FF33
:10A5D0000A9A1318012A8246236102DC2268D207F4
:10A5E00001D5013323619DF82330002BA6D02D2304
:10A5F00084F84330A2E7BAF1470FC4D1002BC2D18F
:10A600000123BFE7B9F1650FDBD9B9F1660F18D1A6
:10A61000002963680BDD216113B92268D00702D5D8
:10A6200001330B442361A1654FF0000ADBE713B946
:10A630002268D20701D50233F4E70123F2E74FF095
:10A6400067090A9B994205DB23682161D807EAD58F
:10A650004B1CE7E70029D4BFC1F1020201221344D9
:10A66000E0E723685A0507D4236942463146284665
:10A67000B84701302AD16BE7B9F1650F40F2E080AD
:10A6800094ED127BB5EE407BF1EE10FA33D1384AEF
:10A69000012331462846B84701303FF459AFDDE980
:10A6A0000938434502DB2368D8070FD5059B5A4676
:10A6B00031462846B84701303FF44AAF4FF0000911
:10A6C00008F1FF3804F11A0AC84509DC23689B0722
:10A6D00000F10781E0680B9B9842B8BF184639E744
:10A6E0000123524631462846B84701303FF430AF87
:10A6F00009F10109E8E7099B002B3BDC1C4A012317
:10A7000031462846B84701303FF422AFDDE9093928
:10A7100059EA030302D12368D907D7D5059B5A46C6
:10A7200031462846B84701303FF412AF4FF0000AD7
:10A7300004F11A0B099B5B42534501DC4B4694E73D
:10A7400001235A4631462846B84701303FF400AF4E
:10A750000AF1010AEEE700BFFFFFFFFFFFFFEF7FF7
:10A76000D0D00008CCD00008D8D00008D4D0000841
:10A77000DCD00008A36DDDF828A05345A8BF5346E0
:10A78000002B994637DC0023079329EAE97904F185
:10A790001A02A36D07990693A3EB09038B4231DCE0
:10A7A000099B9A453BDC2368DA0738D4099BAAEB5E
:10A7B0000309069BAAEB03039945A8BF9946B9F183
:10A7C000000F34DC4FF0000829EAE97904F11A0B94
:10A7D000099BAAEB0303A3EB090343457FF776AF7D
:10A7E00001235A4631462846B84701303FF4B0AEFF
:10A7F00008F10108ECE7424631462846B8470130E7
:10A80000C1D1A5E60123314628460692B84701305A
:10A810003FF49EAE079B069A01330793B9E7059B69
:10A820005A4631462846B8470130BFD190E6069ACD
:10A830004B46424431462846B8470130C2D187E6EC
:10A84000DDF82890B9F1010F01DCDB0736D50123D3
:10A85000424631462846B84701303FF479AE059B61
:10A860005A4631462846B84701303FF471AE94ED60
:10A87000127BB5EE407BF1EE10FA09F1FF3918D0EA
:10A880004B4608F1010231462846B84701300CD149
:10A890005EE601235A4631462846B84701303FF468
:10A8A00057AE08F10108C845F3DB534604F15002E6
:10A8B000DCE64FF0000804F11A0BF4E701234246EE
:10A8C000E1E701234A4631462846B84701303FF4C4
:10A8D0003FAE08F10108E3680B995B1A4345F0DCD1
:10A8E000F8E64FF0000804F11909F4E72DE9F04704
:10A8F000164698468A680B69DDF820909342B8BFE7
:10A900001346336091F8432007460C460AB10133E1
:10A9100033602368990642BF336802333360256889
:10A9200015F0060506D104F1190AE36832689B1A8E
:10A93000AB4226DC94F843302268003B18BF012369
:10A9400092062BD404F1430241463846C8470130F1
:10A950001ED02368226903F00603042B02BFE568BA
:10A960003368ED1AA3680CBF25EAE575002593420C
:10A97000C4BF9B1AED1800261A34B5421AD1002024
:10A9800008E00123524641463846C847013003D10A
:10A990004FF0FF30BDE8F0870135C6E7E1185A1CDB
:10A9A000302081F84300224494F8451082F8431087
:10A9B0000233C7E70123224641463846C8470130E3
:10A9C000E6D00136D9E700002DE9FF470F7E0C9E47
:10A9D000782F914680460C469A4601F1430207D8EB
:10A9E000622F0AD8002F00F0D180582F00F0B880D5
:10A9F00004F1420684F842703AE0A7F16303152B94
:10AA0000F6D801A151F823F061AA000875AA000840
:10AA1000F1A90008F1A90008F1A90008F1A90008AE
:10AA200075AA0008F1A90008F1A90008F1A9000819
:10AA3000F1A9000873AB00089FAA00082DAB00081D
:10AA4000F1A90008F1A9000895AB0008F1A90008D8
:10AA50009FAA0008F1A90008F1A9000835AB000879
:10AA600033681A1D1B68326004F1420684F84230D4
:10AA700001239CE033682068191D3160060601D56A
:10AA80001D6803E04506FBD5B3F90050002D03DA3D
:10AA90002D236D4284F8433058480A2311E0216881
:10AAA0003368080653F8045B02D4490648BFADB2C8
:10AAB0006F2F5248336014BF0A230823002184F803
:10AAC00043106668A660002E05DB21682E4321F046
:10AAD000040121604BD01646B5FBF3F103FB11577F
:10AAE000C75D06F8017D2F46BB420D46F4D9082B01
:10AAF0000BD12368DF0708D5236961689942DEBF5F
:10AB0000302306F8013C06F1FF36921B2261CDF896
:10AB100000A04B4603AA21464046FFF7E7FE01305E
:10AB20004AD14FF0FF3004B0BDE8F087236843F00E
:10AB3000200323603248782784F845702368316801
:10AB40001F0651F8045B02D45F0648BFADB2316006
:10AB5000D90744BF43F0200323601DB11023ADE7A4
:10AB60002648E9E7236823F020032360F6E716462A
:10AB7000BDE7336825686169181D30602E061B68C3
:10AB800001D5196002E06806FBD519800023236116
:10AB90001646BCE733681A1D32601E6862680021E1
:10ABA0003046F5F77DFB08B1801B60606368236168
:10ABB000002384F84330AAE72369324649464046D9
:10ABC000D0470130ADD023689B0713D4E068039BC6
:10ABD0009842B8BF1846A6E7012332464946404688
:10ABE000D04701309DD00135E36803995B1AAB4231
:10ABF000F2DCEBE7002504F11906F5E7DED00008EA
:10AC0000EFD00008002310B50446C0E90033C0E9C6
:10AC10000433836081814366C281836119460822BF
:10AC20005C3000F016F90D4B63620D4BA3620D4BC7
:10AC3000E3620D4B23630D4B24629C4206D003F16B
:10AC40006802944202D0D0339C4205D104F15800EE
:10AC5000BDE8104000F08AB910BD00BFCDAD0008BE
:10AC6000EFAD000827AE00084BAE0008DC2E042430
:10AC7000024A0349034800F069B800BF14000020ED
:10AC800011C900082400002041680C4B994210B5FE
:10AC9000044601D001F03CFEA168094B994202D064
:10ACA000204601F035FEE168064B994204D020466B
:10ACB000BDE8104001F02CBE10BD00BFDC2E042406
:10ACC000442F0424AC2F042410B50B4B0B4C0C4A1E
:10ACD0001A60204600220421FFF794FF04F1680067
:10ACE00001220921FFF78EFF04F1D0000222BDE806
:10ACF00010401221FFF786BF14300424DC2E0424F8
:10AD000071AC0008014800F032B900BF1D300424C6
:10AD1000014800F02DB900BF1D30042410B50446D1
:10AD2000FFF7F0FF236A1BB1BDE81040FFF7F0BF4B
:10AD3000044B2362044B1B68002BF5D1FFF7C4FFC3
:10AD4000F2E700BF89AC0008143004242DE9F84371
:10AD50000746884614460026D4E90195B9F1010951
:10AD600005D52468002CF7D13046BDE8F883AB89BF
:10AD7000012B07D9B5F90E30013303D029463846E7
:10AD8000C04706436835E9E70EB410B59DB01FAB68
:10AD9000029006906FF000410A48079104910A4919
:10ADA00053F8042B0591002402A9006801931B9419
:10ADB00001F0ECFA029B1C701DB0BDE8104003B01E
:10ADC000704700BF200000200802FFFF10B50C46AE
:10ADD000B1F90E1000F06CF80028ABBF636DA389C9
:10ADE0001B1823F48053ACBF6365A38110BD2DE90C
:10ADF000F0411F468B89DB0505460C46164605D5F6
:10AE0000B1F90E100223002200F040F8A389B4F932
:10AE10000E1023F48053A38132463B462846BDE8FA
:10AE2000F04100F067B810B50C46B1F90E1000F013
:10AE30002DF8431CA38915BF606523F4805343F4A8
:10AE40008053A38118BFA38110BDB1F90E1000F08B
:10AE50000DB802440346934200D1704703F8011B2A
:10AE6000F9E70000004870476001002038B5064D42
:10AE70000023044608462B60FCF77CFA431C02D1F1
:10AE80002B6803B1236038BD1830042438B5074D52
:10AE900004460846114600222A601A46FCF774FA56
:10AEA000431C02D12B6803B1236038BD1830042441
:10AEB00038B5074D04460846114600222A601A4656
:10AEC000FCF73AFA431C02D12B6803B1236038BD6A
:10AED0001830042438B5064D0023044608462B607C
:10AEE000FCF7F6F9431C02D12B6803B1236038BD8F
:10AEF0001830042438B5074D044608461146002290
:10AF00002A601A46FCF728FA431C02D12B6803B1C9
:10AF1000236038BD18300424014B1868704700BF07
:10AF20002000002070B50D4D0D4C641BA4100026B0
:10AF3000A64209D10B4D0C4C02F088F8641BA410FA
:10AF40000026A64205D170BD55F8043B984701364E
:10AF5000EEE755F8043B98470136F2E74CD4000879
:10AF60004CD400084CD4000850D4000870477047F7
:10AF70007047034611F8012B03F8012B002AF9D181
:10AF800070470A44914200F1FF3300D1704710B579
:10AF900011F8014B03F8014F9142F9D110BD2DE991
:10AFA000F74F03690C69A34207467EDB013C01F1C0
:10AFB0001408A30000F11405009305EB840301932A
:10AFC00058F8243055F8242001339A4208EB8409BC
:10AFD000B2FBF3F62ED34FF0000AC446AE46D3467A
:10AFE0005CF8043B98B206FB00A0020C1B0C06FBAD
:10AFF0000323DEF8002080B292B2121A5A44DEF81F
:10B0000000004FEA134A9BB2C3EB224303EB104309
:10B0100092B242EA0342E1454EF8042B4FEA234B39
:10B02000DED2009BEB582BB9019B043B9D421A4694
:10B030002FD33C61384601F045F8002825DB29462E
:10B04000002058F8042BD1F800C01FFA82FE1FFA26
:10B050008CF3A3EB0E030344120CC2EB234202EB6E
:10B060001C429BB243EA0243C14541F8043B4FEA0C
:10B070002240E6D255F8242005EB840322B9043B94
:10B080009D421A460BD33C610136304603B0BDE801
:10B09000F08F1268043B002ACBD1013CC6E712684E
:10B0A000043B002AEFD1013CEAE70020EEE7000074
:10B0B0002DE9F04F2DED028BC76991B08DED020B9C
:10B0C00055EC104B1C9E0691814609920C937FB95A
:10B0D0001020FFF7ABF80246C9F81C0020B99E4BC0
:10B0E000EF219E4801F0EAFCC0E901770760C760E4
:10B0F000D9F81C30196859B15A684A600123934045
:10B100008B60484600F0ACFDD9F81C3000221A6074
:10B110002B1EBBBF23F00043039300230122ACBFCF
:10B12000336032608E4B039EB34310D10C9A42F2CF
:10B130000F731360C6F31303234300F0D5841D9BE4
:10B14000884F002B00F0D784FB1C00F0D2BC9DED93
:10B15000028BB5EE408BF1EE10FA0AD10C9A012366
:10B1600013601D9B13B11D9A7F4B13607F4F00F03E
:10B17000C2BC0EAA0FA94846B0EE480B01F052F827
:10B18000C6F30A530E9A0190002B45D0B0EE487BCF
:10B1900018EE901AC1F3130141F07F5141F44011B0
:10B1A000A3F2FF33002507EE901AB7EE086B9FED70
:10B1B000645B37EE467B9FED646BA7EE056B9FEDFE
:10B1C000645B07EE903AB8EEE74BB0EE467BA4EE38
:10B1D000057BFDEEC76BB5EEC07BF1EE10FA16EE07
:10B1E000908A08D5B8EEE66BB4EE476BF1EE10FA34
:10B1F00018BF08F1FF38B8F1160F2BD85C4901EBE6
:10B20000C80191ED007BB4EEC78BF1EE10FA01D5C9
:10B2100008F1FF3800211EE00F9B134403F2324176
:10B220002029C1BFC1F140018E4003F2124124FA2E
:10B2300001F1D6BFC1F12001314304FA01F107EE5B
:10B24000901AB8EE677B013B17EE901A0125A1F129
:10B25000F871A8E70121D21A531E059343BFC2F12A
:10B260000103002205920023B8F1000F0B9119DBB6
:10B27000059ACDF828804244059200220792069A4A
:10B28000092A44D8052AC4BF043A0692069AA2F1B4
:10B290000202CCBF00240124032A43D8DFE802F0D5
:10B2A0003335160AC8F1000207920022A3EB080307
:10B2B0000A92E4E701220892099A08EB020B0BF1CB
:10B2C000010A5246012AB8BF012206E00122089273
:10B2D000099A002A29DD93469246D9F81C7000216C
:10B2E000042000F11406964226D97960484604935A
:10B2F00000F076FC049B074600283DD11D4B02461A
:10B3000040F2AF11EDE60022E1E70022D3E701248D
:10B310000022069208944FF0FF3B0021DA461222E9
:10B320000991DAE701220892F5E74FF0010BDA46BE
:10B330005A46CDF824B0D0E701314000D1E700BF34
:10B3400061436F63A787D23FB3C8608B288AC63F2B
:10B35000FB799F501344D33F0DD1000824D100083E
:10B360000000F07F09D10008DDD00008DCD0000823
:10B3700078D200087DD10008D9F81C20BAF10E0F50
:10B3800010606ED8002C6CD0B8F1000F40F3B48080
:10B39000C84A08F00F0102EBC10218F4807F92ED59
:10B3A000007B4FEA281100F09B80C34A92ED086BA6
:10B3B00088EE066B8DED026B01F00F010322BE4893
:10B3C000002940F08F809DED026B86EE077B8DEDAE
:10B3D000027B0B999DED027B002900F0B380B7EE54
:10B3E000006BB4EEC67BF1EE10FA40F1AB80BAF11F
:10B3F000000F00F0A780BBF1000F30DDB2EE046B50
:10B4000027EE067B8DED027B08F1FF3104910132BE
:10B410005C469DED026BB1EE0C5B07EE902AB8EE38
:10B42000E77BA7EE065B15EE902A51EC150BA2F117
:10B430005071002C40F08A80B1EE047B36EE476BF1
:10B4400041EC170BB4EEC76BF1EE10FA00F35D821E
:10B45000B1EE477BB4EEC76BF1EE10FA23D48DED5D
:10B46000028B0F990029C0F22981B8F10E0F00F369
:10B470002581904B03EBC80393ED006B099B002BD8
:10B4800080F2C880BAF1000F00F3C4800BD1B1EE96
:10B49000047B26EE076B9DED027BB4EEC76BF1EEED
:10B4A00010FAC0F22F8200242546099BDB43049347
:10B4B0003E464FF000082146484600F0D1FB002DE3
:10B4C00000F0A280B8F1000F05D0A84503D0414696
:10B4D000484600F0C5FB2946484600F0C1FB93E012
:10B4E00002226CE7CC0704D590ED006B013227EE09
:10B4F000067B4910083063E722D0C8F100016D4A8D
:10B5000001F00F0002EBC00292ED007B28EE077BFA
:10B510008DED027B684809110024022229B9002C14
:10B520003FF457AF8DED027B53E7CE0705D590ED85
:10B53000006B0132012427EE067B49100830EDE74D
:10B54000022246E7CDF81080544662E7594A02EBE2
:10B55000C40212ED024B089A41EC170B3C444AB36B
:10B56000B6EE003BB7EE002B3E4683EE045BB2EE38
:10B57000043B35EE477BFDEEC64B14EE902AB8EE49
:10B58000E45B303236EE456BB4EEC76BF1EE10FA89
:10B5900006F8012B38D432EE465BB4EEC75BF1EE11
:10B5A00010FA6ED4A6423FF45AAF27EE037B26EE84
:10B5B000036BE0E721463E4627EE047BB2EE043BF8
:10B5C000FDEEC64B14EE902A303206F8012BA6424F
:10B5D000B8EEE45B36EE456B19D1B6EE005B37EEA4
:10B5E000054BB4EEC46BF1EE10FA4ADC35EE475B66
:10B5F000B4EEC56BF1EE10FA7FF531AF0E460139AE
:10B6000016F8013C302BF9D0DDF8108027E026EE4B
:10B61000036BD5E79DED027BB2EE044B3E4687EE11
:10B62000065BBDEEC55B15EE103A303306F8013B04
:10B63000F31B9A45B8EEC53BA3EE467B32D137EEFD
:10B64000077BB4EEC67BF1EE10FA18DCB4EE467B55
:10B65000F1EE10FA03D115EE103ADB070FD4019981
:10B66000484600F0FDFA00230C9A337008F10103FC
:10B6700013601D9B002B00F03E821E603BE2CDF864
:10B68000108033461E4613F8012D392A06D19F42F9
:10B69000F8D1049A0132049230223A701A780132B9
:10B6A0001A70B1E727EE047BB5EE407BF1EE10FA9D
:10B6B000B5D1D4E778D2000850D20008089A002A01
:10B6C00000F0E580069A012A00F3C680002D00F004
:10B6D000BF8001F23341079C1E460B440493059B37
:10B6E00048460B440121059300F06EFB049B054680
:10B6F00056B1059A002A07DDB2420599A8BF324625
:10B700009B1AB61A8A1A0592079A12B3089A002A47
:10B7100000F0C1809CB12946224648460D9300F0B6
:10B720000BFC019A01460546484600F063FB01996F
:10B730000490484600F094FA049A0D9B0192079AEF
:10B74000121B06D004930199484600F0F5FB049BB8
:10B75000019001214846049300F036FB0A9A049BAD
:10B760000446002A00F0CD810146484600F0E4FB83
:10B77000069B012B0446049B00F39480029A002A46
:10B7800040F08C80039AC2F31302002A40F08880B4
:10B79000039A22F00042120D120522B1059A0132DD
:10B7A00005920133012207920A9A002A00F0AF8124
:10B7B0002269049304EB8202106900F0B9FA049B39
:10B7C000C0F12000059A104410F01F0075D0C0F1A0
:10B7D0002002042A69DD059AC0F11C0002440344DA
:10B7E00006440592002B05DD01991A46484600F0F3
:10B7F000FDFB0190059B002B05DD21461A464846BE
:10B8000000F0F4FB04460B9B002B58D00198214616
:10B8100000F058FC002852DA08F1FF330493019934
:10B8200000230A22484600F03DFA089B0190002BB5
:10B8300000F06F81294600230A22484600F032FAC0
:10B84000BBF1000F054666DC069B022B40DC62E084
:10B850000E99C1F136013EE7079A0AF1FF34A24280
:10B8600007DBBAF1000FA2EB04040CDB1E465146C5
:10B8700033E7079A0A990794A21A11440A911E46BF
:10B880005146002429E7A3EB0A06002125E7079C7F
:10B89000089D1E462CE7079A049354E7002282E78E
:10B8A000029A80E70022079282E79BD005991C321A
:10B8B000114413441644059194E70246F6E7BAF1A1
:10B8C000000FCDF81080D34621DC069B022B1EDD35
:10B8D000BBF1000F7FF4E9AD21465B4605224846E7
:10B8E00000F0E0F901460446019800F0EBFB002867
:10B8F0007FF7DBAD3E46312306F8013B049B013365
:10B900000493D6E5CDF8108054462546F2E7089B0F
:10B91000002B00F00281002E05DD29463246484604
:10B9200000F064FB0546079B002B58D06968484629
:10B9300000F056F9064628B9824B024640F2EF2144
:10B94000FFF7CFBB2A690232920005F10C010C30DF
:10B95000FFF717FB01223146484600F047FB7B1CEE
:10B96000059307EB0B030993029B03F00103A84621
:10B9700008930546059B0198214603F1FF3BFFF71D
:10B980000EFB4146029000F1300A019800F09AFB4C
:10B990002A4607902146484600F0B0FBC26806469A
:10B9A000FAB90146019800F08DFB0246314648463F
:10B9B0000A9200F055F9DDE905630A9A42EA0301AB
:10B9C000089B19430FD1BAF1390F28D0079B002BE0
:10B9D00002DD029B03F1310A8BF800A06BE52846DB
:10B9E000BDE70122E2E7079B002B04DB06990B432E
:10B9F00008990B4320D1002AEEDD01990122484627
:10BA000000F0F4FA2146019000F05CFB002803DC12
:10BA1000E2D11AF0010FDFD0BAF1390FD9D13923B1
:10BA20008BF8003033461E46013B16F8012C392AAC
:10BA300052D001321A703EE5002A07DDBAF1390F03
:10BA4000EDD00AF101038BF8003034E5059B099A2B
:10BA500003F801AC934229D0019900230A224846F9
:10BA600000F020F9A84501904FF000034FF00A02C2
:10BA70004146484607D100F015F980460546059B2A
:10BA80000133059376E700F00DF92946804600233F
:10BA90000A22484600F006F90546F0E7BBF1000F20
:10BAA000CCBF5E4601263E444FF0000801990122BA
:10BAB000484600F09BFA2146019000F003FB002865
:10BAC000B0DC02D11AF0010FACD133461E4613F898
:10BAD000012D302AFAD0EEE49F42A4D1049B013319
:10BAE000049331233B70E6E41D9B174F1BB107F114
:10BAF00008031D9A1360384611B0BDEC028BBDE8F7
:10BB0000F08F069A012A7FF739AE0A9A0792012030
:10BB100058E6BBF1000F7FF7D8AE3E4601982146AC
:10BB2000FFF73DFA00F1300A06F801ABF21B93452E
:10BB3000B4DD019900230A22484600F0B3F80190D1
:10BB4000ECE700BF7DD1000800D1000838B50546FC
:10BB5000002941D051F8043C0C1F002BB8BFE41859
:10BB6000FEF70EFC1D4A136833B963601460284663
:10BB7000BDE83840FEF70ABCA34208D92068211866
:10BB80008B4201BF19685B6809182160EDE71A460E
:10BB90005B680BB1A342FAD911685018A0420BD1CF
:10BBA00020680144501883421160E0D118685B6836
:10BBB000536008441060DAE702D90C232B60D6E703
:10BBC000206821188B4204BF19685B68636004BF5A
:10BBD000091821605460CAE738BD00BFD82E04247C
:10BBE00070B5C66904460D4676B91020FEF71EFBF7
:10BBF0000246E06120B9184B18486B2100F05EFF47
:10BC0000C0E901660660C660E669F36883B1E3696E
:10BC1000DB6853F82500B8B9012101FA05F6721D59
:10BC20009200204600F068FF60B1C0E901560EE0C6
:10BC300021220421204600F05FFFE369F060DB6809
:10BC4000002BE4D1002070BD026843F825200023BA
:10BC5000C0E90333F7E700BF0DD100088ED100081B
:10BC600070B5C66905460C4676B91020FEF7DEFAB7
:10BC70000246E86120B9094B09488F2100F01EFFF8
:10BC8000C0E901660660C6603CB1EB696268DB68CA
:10BC900053F82210216043F8224070BD0DD10008F6
:10BCA0008ED100082DE9F0410D6907460C461E466D
:10BCB00001F1140C0020DCF8003099B202FB0161A4
:10BCC0001E0C0B0C02FB063389B2013001EB034161
:10BCD00085424CF8041B4FEA1346ECDC0EB3A36814
:10BCE000AB4219DC616838460131FFF779FF8046C5
:10BCF00028B902460C4B0D48BA2100F0DFFE22693C
:10BD0000023204F10C0192000C30FFF73AF921469F
:10BD10003846FFF7A5FF444604EB850301355E6115
:10BD200025612046BDE8F0817DD100088ED1000854
:10BD3000B0F5803F034636BF030400201020B3F166
:10BD4000807F3CBF1B020830B3F1805F3CBF1B010A
:10BD50000430B3F1804F3CBF9B000230002B05DB69
:10BD600013F0804F00F1010008BF202070470368E6
:10BD7000024613F007000BD0D90721D4980749BF1A
:10BD80005B089B08012013605CBF136002207047B2
:10BD900099B209B91B0C1020D9B209B908301B0A95
:10BDA000190704BF1B090430990704BF9B08023020
:10BDB000D90703D45B0800F1010003D0136070477A
:10BDC000002070472020704710B50C460121FFF776
:10BDD00007FF024628B9054B054840F2451100F01F
:10BDE0006DFE01234461036110BD00BF7DD10008D9
:10BDF0008ED100082DE9F04F17460A693B699A4237
:10BE0000A8BF3B468946A4BF0F4699463D69D9F86D
:10BE100010A0BB68796805EB0A06B34285B0B8BFCD
:10BE20000131FFF7DDFE30B90246414B41484FF486
:10BE3000B17100F043FE00F1140404EB860E2346BA
:10BE40000022734520D307F1140809F1140108EB0F
:10BE5000850501EB8A030293EB1B153B23F00303DB
:10BE600004331537BD4238BF04230193029B03916D
:10BE70008B420CD8002E03DD5EF8043D002B55D01C
:10BE8000066105B0BDE8F08F43F8042BD9E7B1F89F
:10BE900000A0BAF1000F1FD0C446A14600275CF8ED
:10BEA000042BD9F800301FFA82FB9BB20AFB0B333C
:10BEB0003B44D9F80070120C3F0C0AFB027202EBF3
:10BEC00013429BB243EA0243654549F8043B4FEAFB
:10BED0001247E4D8019BE750039BB3F8029004316A
:10BEE000B9F1000F20D023684746A4464FF0000A5E
:10BEF000B7F800B0BCF8022009FB0B2252449BB2F9
:10BF000043EA02434CF8043B57F8043B4FEA134A18
:10BF1000BCF8003009FB0A3303EB1243BD424FEA81
:10BF2000134AE5D8019AA35004349FE7013EA1E7E4
:10BF30007DD100088ED100082DE9F843154612F096
:10BF4000030207460E4607D0254C013A002354F859
:10BF50002220FFF7A7FE0646AD103DD0FC697CB954
:10BF60001020FEF763F90246F86128B91D4B1E4800
:10BF700040F2B31100F0A2FDC0E901440460C460C6
:10BF8000D7F81C80D8F808404CB940F271213846E7
:10BF9000FFF71AFF0023C8F80800044603604FF0BB
:10BFA0000009EB070AD5314622463846FFF722FF43
:10BFB000314680463846FFF753FE46466D100BD09B
:10BFC000206838B9224621463846FFF713FF206023
:10BFD000C0F800900446E4E73046BDE8F88300BFAF
:10BFE00040D200080DD100088ED100082DE9F0479D
:10BFF0000C464968236903EB6218A368074691461B
:10C000004FEA621A08F10106B3420BDB3846FFF72C
:10C01000E7FD054648B90246284B29484FF4EF7121
:10C0200000F04CFD01315B00EEE7002300F114014C
:10C0300000F110021846534533DB20692AEAEA7AF8
:10C0400004F1140319F01F0901EB8A0103EB800CC2
:10C050002BD0C9F1200E8A460022186800FA09F098
:10C0600010434AF8040B53F8042B9C4522FA0EF2B5
:10C07000F3D8ACEB0403153B23F00303043304F1C2
:10C080001500604588BF0423CA500AB108F10206B2
:10C09000013E38462E612146FFF7E2FD2846BDE805
:10C0A000F08742F8040F0133C5E7043953F8042B35
:10C0B00041F8042F9C45F9D8EAE700BF7DD100087C
:10C0C0008ED100080A6903460069801A30B50ED186
:10C0D0001433143103EB820401EB820154F8045D44
:10C0E00051F8042D954203D005D24FF0FF3030BDFA
:10C0F000A342F3D3FBE70120F9E700002DE9F74F56
:10C1000089460646114648461446FFF7DBFF051EE2
:10C1100012D129463046FFF763FD024628B93F4B4E
:10C1200040F237213E4800F0C9FC0123C0E9043544
:10C13000104603B0BDE8F08FBCBF4B46A146304669
:10C14000D9F80410BABF1C4601250025FFF748FDA9
:10C15000024618B9314B40F24521E3E7D9F8107097
:10C160002669C56009F1100309F1140504F1140EE4
:10C1700000F1140B05EB87080EEB86060193D946F8
:10C180004FF0000C019B5EF8040B53F804AF0193D1
:10C190001FFA8AF3194683B2CB1A000C6344C0EB32
:10C1A0001A4000EB23409BB243EA0043764549F82E
:10C1B000043B4FEA204CE5D8331B153B23F0030327
:10C1C00015340433A64238BF04231D445B441E4685
:10C1D0002C4644450ED308F10301491B21F003010D
:10C1E000033DA84538BF00210B4453F8041D91B10D
:10C1F00017619DE754F8041BE646080C1CFA81FC05
:10C20000714400EB2C4089B241EA004146F8041B1E
:10C210004FEA204CDDE7013FE7E700BF7DD1000892
:10C220008ED100082DE9F7430F46012159EC108B00
:10C230001646FFF7D5FC044630B90246234B244886
:10C2400040F20F3100F03AFCC9F30A55C9F3130369
:10C250000DB143F480130193B8F1000323D0684675
:10C260000093FFF784FDDDE90012D0B1C0F1200397
:10C2700002FA03F30B43C24063610192019BA36185
:10C28000002B0CBF012202222261A5B1A5F2334589
:10C2900005443D60C0F135003060204603B0BDE884
:10C2A000F0836161EAE701A8FFF761FD019B63612B
:10C2B00020300122E8E704EB8203A0F2324038602C
:10C2C0001869FFF735FDC0EB4210E5E77DD10008A6
:10C2D0008ED100082DE9F0478E681F46BE420B68DC
:10C2E00082460C4690462DD8B1F90C2012F4906F7E
:10C2F00026D06569096905EB4505A3EB010905EB46
:10C30000D5757B1C4B446D109D4238BF1D465305AF
:10C3100027D52946FDF7B4FF064660B321694A4692
:10C32000FEF72FFEA38923F4906343F08003A381DB
:10C33000266165614E44A5EB09052660A5603E4671
:10C34000BE4200D93E4620683246414600F09CFB82
:10C35000A3689B1BA3602368334423600020BDE8CF
:10C36000F0872A4600F0EEFB06460028E0D121695E
:10C370005046FFF7EBFB0C23CAF80030A38943F0CB
:10C380004003A3814FF0FF30E9E700002DE9F04FB3
:10C3900098468B891B069DB007460D46144610D55E
:10C3A0000B6973B94021FDF76BFF2860286130B934
:10C3B0000C233B604FF0FF301DB0BDE8F08F4023F1
:10C3C0006B610023099320238DF82930CDF80C8070
:10C3D0003023DFF89C818DF82A304FF00109234685
:10C3E0009A4613F8012B0AB1252AF9D1BAEB040BAE
:10C3F0000BD05B46224629463846FFF76BFF0130DB
:10C4000000F0A780099A5A4409929AF80030002B4C
:10C4100000F09F8000234FF0FF32CDE905230AF1A1
:10C42000010A049307938DF853301A93544605225A
:10C4300014F8011B4E48F3F733FF049AD8B9D0061D
:10C4400044BF20238DF85330110744BF2B238DF8B0
:10C4500053309AF800302A2B15D0079A5446002002
:10C460004FF00A0C214611F8013B303B092B4BD908
:10C47000B0B1079214E0A0EB080309FA03F31343E9
:10C480000493A246D2E7039B191D1B680391002B5E
:10C49000BBBF5B4242F0020207930793B8BF04920E
:10C4A00023782E2B0AD163782A2B32D1039B1A1DB5
:10C4B0001B68039243EAE37302340593DFF8C0A0DC
:10C4C000217803225046F3F7EBFE38B1049BA0EB32
:10C4D0000A004022824013430134049314F8011BE4
:10C4E00024488DF828100622F3F7DAFE002836D00B
:10C4F000214B1BBB039B073323F007030833039334
:10C50000099B334409936AE70CFB02320C46012075
:10C51000A8E700230134059319464FF00A0C204682
:10C5200010F8012B303A092A03D9002BC6D0059107
:10C53000C4E70CFB012104460123F0E703AB0093A1
:10C540002A460E4B04A93846FDF7B6FF421C0646A4
:10C55000D6D1AB895B063FF52DAF09982CE703AB2D
:10C5600000932A46054B04A93846FEF72DFAEDE75D
:10C57000E8D10008F2D10008B9A40008D5C200082B
:10C58000EED100089368013B002B10B4936008DAE9
:10C590009469A34201DB0A2903D15DF8044B00F042
:10C5A000DFB91368581C1060197008465DF8044B19
:10C5B0007047F8B506460F461446D518AC4201D16F
:10C5C000002007E014F8011B3A463046FFF7DAFF77
:10C5D000431CF3D1F8BD00002DE9F04F0D469DB08E
:10C5E00014469846064618B1036A0BB9FEF796FB47
:10C5F0006B6ED90705D4AB899A0502D4A86DFEF7F6
:10C60000B6FCAB891B0701D52B699BB9294630467F
:10C6100000F0E4F970B16B6EDC0704D54FF0FF3029
:10C620001DB0BDE8F08FAB899805F7D4A86DFEF773
:10C630009FFCF3E70023099320238DF82930CDF8E0
:10C640000C803023DFF8AC818DF82A304FF00109DF
:10C6500023469A4613F8012B0AB1252AF9D1BAEBE1
:10C66000040B0BD05B46224629463046FFF7A1FF5C
:10C67000013000F0A780099A5A4409929AF80030D4
:10C68000002B00F09F8000234FF0FF32CDE90523FF
:10C690000AF1010A049307938DF853301A93544614
:10C6A000052214F8011B5348F3F7FAFD049AD8B990
:10C6B000D10644BF20238DF85330130744BF2B23EA
:10C6C0008DF853309AF800302A2B15D0079A54462B
:10C6D00000204FF00A0C214611F8013B303B092B9A
:10C6E0004BD9B0B1079214E0A0EB080309FA03F3A9
:10C6F00013430493A246D2E7039B191D1B680391C1
:10C70000002BBBBF5B4242F0020207930793B8BF06
:10C71000049223782E2B0AD163782A2B32D1039BE3
:10C720001A1D1B68039243EAE37302340593DFF892
:10C73000D4A0217803225046F3F7B2FD38B1049B10
:10C74000A0EB0A004022824013430134049314F802
:10C75000011B29488DF828100622F3F7A1FD0028B7
:10C760003FD0264B1BBB039B073323F00703083343
:10C770000393099B3B4409936AE70CFB02320C4686
:10C780000120A8E700230134059319464FF00A0C55
:10C79000204610F8012B303A092A03D9002BC6D0C5
:10C7A0000591C4E70CFB012104460123F0E703AB2C
:10C7B00000932A46124B04A93046FDF77DFE07463A
:10C7C000781CD6D16B6ED90705D4AB899A0502D4F3
:10C7D000A86DFEF7CDFBAB895B063FF51FAF09984F
:10C7E0001EE703AB00932A46054B04A93046FEF72B
:10C7F000EBF8E4E7E8D10008F2D10008B9A400089A
:10C80000B3C50008EED10008B1F90C202DE9F041C4
:10C81000160705460C4654D44B68002B02DC0B6C03
:10C82000002B48DDE66A002E45D0002312F480522A
:10C830002F68216A2B6030D0626DA389590705D516
:10C840006368D21A636B0BB1236CD21A0023E66AB9
:10C85000216A2846B047431CA38906D129681D29AF
:10C860002BD82A4ACA40D60727D500226260D904AD
:10C870002269226004D5421C01D12B6803B960658E
:10C88000616B2F60B9B104F14403994202D028468C
:10C89000FFF75CF9002363630DE001232846B047EE
:10C8A0000246501CC9D12B68002BC6D01D2B01D0CD
:10C8B000162B1ED12F60002022E043F040031BB254
:10C8C0001BE00F69002FF6D093070E6808BF4B6975
:10C8D0000F6018BF0023A6EB07088B60B8F1000FAC
:10C8E000E9DD216AA66A43463A462846B047002851
:10C8F00008DCB4F90C3043F04003A3814FF0FF3063
:10C90000BDE8F0810744A8EB0008E7E701004020FC
:10C9100038B50B6905460C4613B90025284638BDC5
:10C9200018B1036A0BB9FEF7F9F9B4F90C30002B12
:10C93000F3D0626ED00704D4990502D4A06DFEF73F
:10C9400016FB28462146FFF75FFF636EDA070546B0
:10C95000E4D4A3899B05E1D4A06DFEF709FBDDE7D4
:10C96000F8B50E461446054618B1036A0BB9FEF732
:10C97000D5F9A369A360A3891A0701D5236943B92F
:10C980002146284600F02AF818B14FF0FF37384604
:10C99000F8BD23682269981A6369F6B28342374664
:10C9A00005DC21462846FFF7B3FF0028EDD1A36838
:10C9B000013BA36023685A1C22601E706269431CFD
:10C9C0009A4204D0A389DB07E1D50A2EDFD12146A4
:10C9D0002846FFF79DFF0028D9D0D6E738B5294B68
:10C9E000054618680C4618B1036A0BB9FEF796F9AC
:10C9F000B4F90C30190722D4DA0607D409222A60C8
:10CA000043F04003A3814FF0FF3033E0580712D5C5
:10CA1000616B41B104F14403994202D02846FFF70B
:10CA200095F800236363A38923F02403A3810023E3
:10CA3000636023692360A38943F00803A38123690A
:10CA40004BB9A38903F42073B3F5007F03D02146CB
:10CA5000284600F0EBF8B4F90C3013F001020AD0CC
:10CA60000022A26062695242A261226942B913F0B7
:10CA70008000C5D138BD990758BF6269A260F4E74C
:10CA80000020F7E720000020884210B501EB0204E7
:10CA900002D98442234607D8431EA14208D011F888
:10CAA000012B03F8012FF8E7024401468A4200D126
:10CAB00010BD13F8014D02F8014DF7E71FB51446FC
:10CAC0001A46094B1B680546D8684CB1074B0091C4
:10CAD000CDE9013406492B4600F070F800F004F966
:10CAE000044B1C46F3E700BF2000002003D20008DF
:10CAF00010D200083ED2000870B5A1FB025434B930
:10CB00002946FDF7BDFB064628B9304670BD0C220C
:10CB100002600026F9E72A462146FEF79AF9F4E773
:10CB200082B001B901A942B14BB113780B60127800
:10CB3000101E18BF012002B070471046FBE76FF0CF
:10CB40000100F8E72DE9F041074614460D4621B9EA
:10CB5000BDE8F0411146FDF793BB2AB9FEF7F6FF99
:10CB600025462846BDE8F08100F0C5F88442064617
:10CB700002D8B4EB500FF4D821463846FDF780FBBD
:10CB8000804608B94546ECE7B4422246294628BF0C
:10CB90003246FEF7F6F929463846FEF7D7FFF1E7A9
:10CBA0000346084641B1FF2A04D98A221A604FF091
:10CBB000FF3070470A700120704700000EB403B5C3
:10CBC000014603AB054853F8042B00680193FFF7B7
:10CBD00003FD02B05DF804EB03B0704720000020B5
:10CBE00070B50C46B1F90E10002996B015461E46D8
:10CBF0000DDAA38913F0800F4FF0000114BF40231A
:10CC00004FF48063002031602B6016B070BD6A461F
:10CC100000F048F80028ECDB019901F47041A1F51F
:10CC20000053594259414FF48063EBE78B89F7B5C4
:10CC30009D0706460C4607D504F147032360236190
:10CC40000123636103B0F0BD01AB6A46FFF7C8FF83
:10CC5000009F054639463046FDF712FB48B9B4F946
:10CC60000C309A05EED423F0030343F00203A381B2
:10CC7000E2E7A389206043F08003A381019BC4E91C
:10CC800004075BB1B4F90E10304600F01DF828B16E
:10CC9000A38923F0030343F00103A381A3891D4368
:10CCA000A581CFE738B5074D002304460846114655
:10CCB0002B60FAF762FB431C02D12B6803B123609F
:10CCC00038BD00BF1830042438B5064D0023044693
:10CCD00008462B60FAF756FB431C02D12B6803B1C0
:10CCE000236038BD1830042408B5062000F034F85D
:10CCF0000120FAF71BFB51F8043C181F002BBCBFA6
:10CD00000B58C01870471F2938B505460C4604D982
:10CD1000162303604FF0FF3038BDC26B12B152F8DA
:10CD200021304BB9284600F031F82246014628460A
:10CD3000BDE8384000F018B8012B0AD0591C03D1C7
:10CD4000162303600120E7E7002142F82410204663
:10CD500098470020E0E70000024B01461868FFF703
:10CD6000D2BF00BF2000002038B5074D0023044685
:10CD7000084611462B60FAF7D1FA431C02D12B6802
:10CD800003B1236038BD00BF18300424FAF7C4BAD9
:10CD90002DE9F047089D0E4604460F46002B4AD168
:10CDA00094468C45B2FA82F260D942B1C2F12003B6
:10CDB000974020FA03F30CFA02FC1F4394404FEA19
:10CDC0001C4E1FFA8CF6B7FBFEF1230C0EFB1177FD
:10CDD00043EA074301FB06F098420AD91CEB030320
:10CDE00001F1FF3780F01581984240F2128102393B
:10CDF00063441B1AA4B2B3FBFEF00EFB103344EAEB
:10CE0000034400FB06F6A6420AD91CEB040400F119
:10CE1000FF3380F00081A64240F2FD806444023876
:10CE200040EA0140A41B00211DB1D4400023C5E904
:10CE30000043BDE8F0878B4205D90DB1C5E900017B
:10CE400000210846F5E7B3FA83F1002946D1B34241
:10CE500002D3824200F2F580841A66EB03020120BD
:10CE60001746002DE5D0C5E90047E2E7002A40F06B
:10CE70009380A1EB0C034FEA1C471FFA8CFE0121A3
:10CE8000B3FBF7F607FB1630230C43EA00430EFB17
:10CE900006F0984208D91CEB030306F1FF3802D2D2
:10CEA000984200F2D08046461B1AA4B2B3FBF7F0BA
:10CEB00007FB103344EA03440EFB00FEA64508D9E5
:10CEC0001CEB040400F1FF3302D2A64500F2B68049
:10CED0001846A4EB0E0440EA0640A5E7C1F120077E
:10CEE0008B4022FA07FC4CEA030C06FA01FE20FAFA
:10CEF00007F426FA07F344EA0E0400FA01F84FEAB1
:10CF00001C404FEA1449B3FBF0FE1FFA8CF600FBFD
:10CF10001E3349EA03430EFB06F9994502FA01F272
:10CF20000BD91CEB03030EF1FF3A80F08580994585
:10CF300040F28280AEF1020E6344A3EB0909A4B271
:10CF4000B9FBF0F300FB139944EA094403FB06F62E
:10CF5000A64208D91CEB040403F1FF3068D2A642B4
:10CF600066D9023B644443EA0E40A41BA0FB02E6E0
:10CF7000B4427346B14652D34FD05DB1B8EB030211
:10CF800064EB090404FA07F722FA01F31F43CC40CB
:10CF9000C5E9007400214CE7C2F1200120FA01F339
:10CFA0000CFA02FC26FA01F1964033434FEA1C4783
:10CFB0001FFA8CFEB1FBF7F007FB1016190C41EAC3
:10CFC000064100FB0EF68E4204FA02F408D91CEB6F
:10CFD000010100F1FF382DD28E422BD90238614475
:10CFE000891B9BB2B1FBF7F607FB161143EA01431D
:10CFF00006FB0EF1994208D91CEB030306F1FF383A
:10D0000014D2994212D9023E63445B1A46EA0041A7
:10D0100036E73946EDE6184602E7F045ADD2BEEBFD
:10D02000020366EB0C060138B146A6E74646ECE77C
:10D03000034698E74046D3E7D6467EE76444023885
:10D0400047E708460DE7023E63442DE7F8B500BF09
:10D05000F8BC08BC9E467047F8B500BFF8BC08BCD9
:04D060009E46704731
:10D068000006101600061016000000000102030456
:10D0780001020304060708094C4F4144494E472E54
:10D088002E2E0000253035640A0000004572726FAC
:10D0980072202D20636F6465202564000100020062
:10D0A8000400060008000A000C00100020004000E0
:10D0B80080000001080402040801010101010103C4
:10D0C80007010000494E4600696E66004E414E0059
:10D0D8006E616E00300030313233343536373839CE
:10D0E80041424344454600303132333435363738CF
:10D0F8003961626364656600496E66696E69747950
:10D10800004E614E005245454E54206D616C6C6F67
:10D118006320737563636565646564002F64617477
:10D12800612F6A656E6B696E732F776F726B7370A0
:10D138006163652F474E552D746F6F6C6368616925
:10D148006E2F61726D2D31332F7372632F6E657779
:10D158006C69622D63796777696E2F6E65776C6984
:10D16800622F6C6962632F7374646C69622F6474D4
:10D178006F612E630042616C6C6F6320737563632B
:10D188006565646564002F646174612F6A656E6B00
:10D19800696E732F776F726B73706163652F474E7B
:10D1A800552D746F6F6C636861696E2F61726D2D98
:10D1B80031332F7372632F6E65776C69622D6379D3
:10D1C8006777696E2F6E65776C69622F6C69626329
:10D1D8002F7374646C69622F6D707265632E6300BF
:10D1E800232D302B2000686C4C0065666745464748
:10D1F800004300504F534958002E002C2066756E8E
:10D208006374696F6E3A2000617373657274696F35
:10D218006E2022257322206661696C65643A206657
:10D22800696C6520222573222C206C696E65202587
:10D2380064257325730A000005000000190000002A
:10D248007D000000000000000080E03779C3414302
:10D25800176E05B5B5B89346F5F93FE9034F384D54
:10D26800321D30F94877825A3CBF737FDD4F157500
:10D27800000000000000F03F000000000000244013
:10D2880000000000000059400000000000408F40EE
:10D29800000000000088C34000000000006AF84059
:10D2A8000000000080842E4100000000D01263417D
:10D2B8000000000084D797410000000065CDCD41F3
:10D2C800000000205FA00242000000E876483742D4
:10D2D800000000A2941A6D42000040E59C30A24272
:10D2E8000000901EC4BCD64200003426F56B0C43E7
:10D2F8000080E03779C3414300A0D885573476438E
:10D3080000C84E676DC1AB43003D9160E458E143EE
:10D31800408CB5781DAF154450EFE2D6E41A4B4463
:10D3280092D54D06CFF08044F64AE1C7022DB544A8
:10D33800B49DD9794378EA44002020202020202079
:10D3480020202828282828202020202020202020AD
:10D3580020202020202020202088101010101010BD
:10D368001010101010101010100404040404040409
:10D3780004040410101010101010414141414141A3
:10D388000101010101010101010101010101010185
:10D398000101010110101010101042424242424295
:10D3A8000202020202020202020202020202020255
:10D3B80002020202101010102000000000000000FD
:10D3C8000000000000000000000000000000000055
:10D3D8000000000000000000000000000000000045
:10D3E8000000000000000000000000000000000035
:10D3F8000000000000000000000000000000000025
:10D408000000000000000000000000000000000014
:10D418000000000000000000000000000000000004
:10D4280000000000000000000000000000000000F4
:0CD43800000000000000000000000000E8
:08D444005C2EFF7F01000000D7
:04D44C00ED030008E4
:04D45000C503000808
:10D4540001000000100000000090D0030090D003F1
:10D4640001FF01000000000003000000DC2E042482
:10D474002400002000000000DC2E0424442F042497
:10D48400AC2F042400000000000000000000000095
:10D494000000000000000000000000000000000088
:10D4A4000000000000000000000000000000000078
:10D4B4000000000000000000000000000000000068
:10D4C4004300000000000000000000000000000015
:10D4D4000000000000000000000000000000000048
:10D4E40043000000000000000000000000000000F5
:10D4F4000000000000000000000000000000000028
:10D5040043000000000000000000000000000000D4
:10D514000000000000000000000000000000000007
:10D5240043000000000000000000000000000000B4
:10D5340000000000000000000000000000000000E7
:10D544004300000000000000000000000000000094
:10D5540000000000000000000000000000000000C7
:10D564004300000000000000000000000000000074
:10D5740000000000000000000000000000000000A7
:10D584004300000000000000000000000000000054
:10D594000000000000000000000000000000000087
:10D5A400A1CB000821CB00080000000040D30008F4
:10D5B40001D200083ED200083ED200083ED2000844
:10D5C4003ED200083ED200083ED200083ED20008F7
:10D5D4003ED200083ED20008FFFFFFFFFFFFFFFF1F
:10D5E400FFFFFFFFFFFF00000100415343494900D3
:10D5F4000000000000000000000000000000000027
:10D6040000000000000000000000415343494900AD
:10D614000000000000000000000000000000000006
:0CD62400000000000000000000000000FA
:020000043800C2
:1000000000000000000000000000000000000000F0
:1000100000000000000000000000000000000000E0
:1000200000000000000000000000000000000000D0
:1000300000000000000000000000000000000000C0
:1000400000000000000000000000000000000000B0
:1000500000000000000000000000000000000000A0
:100060000000000000000000000000000000000090
:100070000000000000000000000000000000000080
:100080000000000000000000000000000000000070
:100090000000000000000000000000000000000060
:1000A0000000000000000000000000000000000050
:1000B0000000000000000000000000000000000040
:1000C0000000000000000000000000000000000030
:1000D0000000000000000000000000000000000020
:1000E0000000000000000000000000000000000010
:1000F0000000000000000000000000000000000000
:1001000000000000000000000000000000000000EF
:1001100000000000000000000000000000000000DF
:1001200000000000000000000000000000000000CF
:1001300000000000000000000000000000000000BF
:1001400000000000000000000000000000000000AF
:10015000000000000000000000000000000000009F
:10016000000000000000000000000000000000008F
:10017000000000000000000000000000000000007F
:10018000000000000000000000000000000000006F
:10019000000000000000000000000000000000005F
:1001A000000000000000000000000000000000004F
:1001B000000000000000000000000000000000003F
:1001C000000000000000000000000000000000002F
:1001D000000000000000000000000000000000001F
:1001E000000000000000000000000000000000000F
:1001F00000000000000000000000000000000000FF
:1002000000000000000000000000000000000000EE
:1002100000000000000000000000000000000000DE
:1002200000000000000000000000000000000000CE
:1002300000000000000000000000000000000000BE
:1002400000000000000000000000000000000000AE
:10025000000000000000000000000000000000009E
:10026000000000000000000000000000000000008E
:10027000000000000000000000000000000000007E
:10028000000000000000000000000000000000006E
:10029000000000000000000000000000000000005E
:1002A000000000000000000000000000000000004E
:1002B000000000000000000000000000000000003E
:1002C000000000000000000000000000000000002E
:1002D000000000000000000000000000000000001E
:1002E000000000000000000000000000000000000E
:1002F00000000000000000000000000000000000FE
:1003000000000000000000000000000000000000ED
:1003100000000000000000000000000000000000DD
:1003200000000000000000000000000000000000CD
:1003300000000000000000000000000000000000BD
:1003400000000000000000000000000000000000AD
:10035000000000000000000000000000000000009D
:10036000000000000000000000000000000000008D
:10037000000000000000000000000000000000007D
:10038000000000000000000000000000000000006D
:10039000000000000000000000000000000000005D
:1003A000000000000000000000000000000000004D
:1003B000000000000000000000000000000000003D
:1003C000000000000000000000000000000000002D
:1003D000000000000000000000000000000000001D
:1003E000000000000000000000000000000000000D
:1003F00000000000000000000000000000000000FD
:1004000000000000000000000000000000000000EC
:1004100000000000000000000000000000000000DC
:1004200000000000000000000000000000000000CC
:1004300000000000000000000000000000000000BC
:1004400000000000000000000000000000000000AC
:10045000000000000000000000000000000000009C
:10046000000000000000000000000000000000008C
:10047000000000000000000000000000000000007C
:10048000000000000000000000000000000000006C
:10049000000000000000000000000000000000005C
:1004A000000000000000000000000000000000004C
:1004B000000000000000000000000000000000003C
:1004C000000000000000000000000000000000002C
:1004D000000000000000000000000000000000001C
:1004E000000000000000000000000000000000000C
:1004F00000000000000000000000000000000000FC
:1005000000000000000000000000000000000000EB
:1005100000000000000000000000000000000000DB
:1005200000000000000000000000000000000000CB
:1005300000000000000000000000000000000000BB
:1005400000000000000000000000000000000000AB
:10055000000000000000000000000000000000009B
:10056000000000000000000000000000000000008B
:10057000000000000000000000000000000000007B
:10058000000000000000000000000000000000006B
:10059000000000000000000000000000000000005B
:1005A000000000000000000000000000000000004B
:1005B000000000000000000000000000000000003B
:1005C000000000000000000000000000000000002B
:1005D000000000000000000000000000000000001B
:1005E000000000000000000000000000000000000B
:1005F00000000000000000000000000000000000FB
:1006000000000000000000000000000000000000EA
:1006100000000000000000000000000000000000DA
:1006200000000000000000000000000000000000CA
:1006300000000000000000000000000000000000BA
:1006400000000000000000000000000000000000AA
:10065000000000000000000000000000000000009A
:10066000000000000000000000000000000000008A
:10067000000000000000000000000000000000007A
:10068000000000000000000000000000000000006A
:10069000000000000000000000000000000000005A
:1006A000000000000000000000000000000000004A
:1006B000000000000000000000000000000000003A
:1006C000000000000000000000000000000000002A
:1006D000000000000000000000000000000000001A
:1006E000000000000000000000000000000000000A
:1006F00000000000000000000000000000000000FA
:1007000000000000000000000000000000000000E9
:1007100000000000000000000000000000000000D9
:1007200000000000000000000000000000000000C9
:1007300000000000000000000000000000000000B9
:1007400000000000000000000000000000000000A9
:100750000000000000000000000000000000000099
:100760000000000000000000000000000000000089
:100770000000000000000000000000000000000079
:100780000000000000000000000000000000000069
:100790000000000000000000000000000000000059
:1007A0000000000000000000000000000000000049
:1007B0000000000000000000000000000000000039
:1007C0000000000000000000000000000000000029
:1007D0000000000000000000000000000000000019
:1007E0000000000000000000000000000000000009
:1007F00000000000000000000000000000000000F9
:1008000000000000000000000000000000000000E8
:1008100000000000000000000000000000000000D8
:1008200000000000000000000000000000000000C8
:1008300000000000000000000000000000000000B8
:1008400000000000000000000000000000000000A8
:100850000000000000000000000000000000000098
:100860000000000000000000000000000000000088
:100870000000000000000000000000000000000078
:100880000000000000000000000000000000000068
:100890000000000000000000000000000000000058
:1008A0000000000000000000000000000000000048
:1008B0000000000000000000000000000000000038
:1008C0000000000000000000000000000000000028
:1008D0000000000000000000000000000000000018
:1008E0000000000000000000000000000000000008
:1008F00000000000000000000000000000000000F8
:1009000000000000000000000000000000000000E7
:1009100000000000000000000000000000000000D7
:1009200000000000000000000000000000000000C7
:1009300000000000000000000000000000000000B7
:1009400000000000000000000000000000000000A7
:100950000000000000000000000000000000000097
:100960000000000000000000000000000000000087
:100970000000000000000000000000000000000077
:100980000000000000000000000000000000000067
:100990000000000000000000000000000000000057
:1009A0000000000000000000000000000000000047
:1009B0000000000000000000000000000000000037
:1009C0000000000000000000000000000000000027
:1009D0000000000000000000000000000000000017
:1009E0000000000000000000000000000000000007
:1009F00000000000000000000000000000000000F7
:100A000000000000000000000000000000000000E6
:100A100000000000000000000000000000000000D6
:100A200000000000000000000000000000000000C6
:100A300000000000000000000000000000000000B6
:100A400000000000000000000000000000000000A6
:100A50000000000000000000000000000000000096
:100A60000000000000000000000000000000000086
:100A70000000000000000000000000000000000076
:100A80000000000000000000000000000000000066
:100A90000000000000000000000000000000000056
:100AA0000000000000000000000000000000000046
:100AB0000000000000000000000000000000000036
:100AC0000000000000000000000000000000000026
:100AD0000000000000000000000000000000000016
:100AE0000000000000000000000000000000000006
:100AF00000000000000000000000000000000000F6
:100B000000000000000000000000000000000000E5
:100B100000000000000000000000000000000000D5
:100B200000000000000000000000000000000000C5
:100B300000000000000000000000000000000000B5
:100B400000000000000000000000000000000000A5
:100B50000000000000000000000000000000000095
:100B60000000000000000000000000000000000085
:100B70000000000000000000000000000000000075
:100B80000000000000000000000000000000000065
:100B90000000000000000000000000000000000055
:100BA0000000000000000000000000000000000045
:100BB0000000000000000000000000000000000035
:100BC0000000000000000000000000000000000025
:100BD0000000000000000000000000000000000015
:100BE0000000000000000000000000000000000005
:100BF00000000000000000000000000000000000F5
:100C000000000000000000000000000000000000E4
:100C100000000000000000000000000000000000D4
:100C200000000000000000000000000000000000C4
:100C300000000000000000000000000000000000B4
:100C400000000000000000000000000000000000A4
:100C50000000000000000000000000000000000094
:100C60000000000000000000000000000000000084
:100C70000000000000000000000000000000000074
:100C80000000000000000000000000000000000064
:100C90000000000000000000000000000000000054
:100CA0000000000000000000000000000000000044
:100CB0000000000000000000000000000000000034
:100CC0000000000000000000000000000000000024
:100CD0000000000000000000000000000000000014
:100CE0000000000000000000000000000000000004
:100CF00000000000000000000000000000000000F4
:100D000000000000000000000000000000000000E3
:100D100000000000000000000000000000000000D3
:100D200000000000000000000000000000000000C3
:100D300000000000000000000000000000000000B3
:100D400000000000000000000000000000000000A3
:100D50000000000000000000000000000000000093
:100D60000000000000000000000000000000000083
:100D70000000000000000000000000000000000073
:100D80000000000000000000000000000000000063
:100D90000000000000000000000000000000000053
:100DA0000000000000000000000000000000000043
:100DB0000000000000000000000000000000000033
:100DC0000000000000000000000000000000000023
:100DD0000000000000000000000000000000000013
:100DE0000000000000000000000000000000000003
:100DF00000000000000000000000000000000000F3
:100E000000000000000000000000000000000000E2
:100E100000000000000000000000000000000000D2
:100E200000000000000000000000000000000000C2
:100E300000000000000000000000000000000000B2
:100E400000000000000000000000000000000000A2
:100E50000000000000000000000000000000000092
:100E60000000000000000000000000000000000082
:100E70000000000000000000000000000000000072
:100E80000000000000000000000000000000000062
:100E90000000000000000000000000000000000052
:100EA0000000000000000000000000000000000042
:100EB0000000000000000000000000000000000032
:100EC0000000000000000000000000000000000022
:100ED0000000000000000000000000000000000012
:100EE0000000000000000000000000000000000002
:100EF00000000000000000000000000000000000F2
:100F000000000000000000000000000000000000E1
:100F100000000000000000000000000000000000D1
:100F200000000000000000000000000000000000C1
:100F300000000000000000000000000000000000B1
:100F400000000000000000000000000000000000A1
:100F50000000000000000000000000000000000091
:100F60000000000000000000000000000000000081
:100F70000000000000000000000000000000000071
:100F80000000000000000000000000000000000061
:100F90000000000000000000000000000000000051
:100FA0000000000000000000000000000000000041
:100FB0000000000000000000000000000000000031
:100FC0000000000000000000000000000000000021
:100FD0000000000000000000000000000000000011
:100FE0000000000000000000000000000000000001
:100FF00000000000000000000000000000000000F1
:040000050800A1D579
:00000001FF
