ARM GAS  C:\Users\Made\AppData\Local\Temp\cc5wfdsS.s 			page 1


   1              		.cpu cortex-m7
   2              		.arch armv7e-m
   3              		.fpu fpv5-d16
   4              		.eabi_attribute 28, 1
   5              		.eabi_attribute 20, 1
   6              		.eabi_attribute 21, 1
   7              		.eabi_attribute 23, 3
   8              		.eabi_attribute 24, 1
   9              		.eabi_attribute 25, 1
  10              		.eabi_attribute 26, 1
  11              		.eabi_attribute 30, 1
  12              		.eabi_attribute 34, 1
  13              		.eabi_attribute 18, 4
  14              		.file	"usbd_ctlreq.c"
  15              		.text
  16              	.Ltext0:
  17              		.cfi_sections	.debug_frame
  18              		.file 1 "Middlewares/ST/STM32_USB_Device_Library/Core/Src/usbd_ctlreq.c"
  19              		.section	.text.USBD_GetLen,"ax",%progbits
  20              		.align	1
  21              		.syntax unified
  22              		.thumb
  23              		.thumb_func
  25              	USBD_GetLen:
  26              	.LVL0:
  27              	.LFB352:
   1:Middlewares/ST/STM32_USB_Device_Library/Core/Src/usbd_ctlreq.c **** /**
   2:Middlewares/ST/STM32_USB_Device_Library/Core/Src/usbd_ctlreq.c ****   ******************************************************************************
   3:Middlewares/ST/STM32_USB_Device_Library/Core/Src/usbd_ctlreq.c ****   * @file    usbd_req.c
   4:Middlewares/ST/STM32_USB_Device_Library/Core/Src/usbd_ctlreq.c ****   * @author  MCD Application Team
   5:Middlewares/ST/STM32_USB_Device_Library/Core/Src/usbd_ctlreq.c ****   * @brief   This file provides the standard USB requests following chapter 9.
   6:Middlewares/ST/STM32_USB_Device_Library/Core/Src/usbd_ctlreq.c ****   ******************************************************************************
   7:Middlewares/ST/STM32_USB_Device_Library/Core/Src/usbd_ctlreq.c ****   * @attention
   8:Middlewares/ST/STM32_USB_Device_Library/Core/Src/usbd_ctlreq.c ****   *
   9:Middlewares/ST/STM32_USB_Device_Library/Core/Src/usbd_ctlreq.c ****   * Copyright (c) 2015 STMicroelectronics.
  10:Middlewares/ST/STM32_USB_Device_Library/Core/Src/usbd_ctlreq.c ****   * All rights reserved.
  11:Middlewares/ST/STM32_USB_Device_Library/Core/Src/usbd_ctlreq.c ****   *
  12:Middlewares/ST/STM32_USB_Device_Library/Core/Src/usbd_ctlreq.c ****   * This software is licensed under terms that can be found in the LICENSE file
  13:Middlewares/ST/STM32_USB_Device_Library/Core/Src/usbd_ctlreq.c ****   * in the root directory of this software component.
  14:Middlewares/ST/STM32_USB_Device_Library/Core/Src/usbd_ctlreq.c ****   * If no LICENSE file comes with this software, it is provided AS-IS.
  15:Middlewares/ST/STM32_USB_Device_Library/Core/Src/usbd_ctlreq.c ****   *
  16:Middlewares/ST/STM32_USB_Device_Library/Core/Src/usbd_ctlreq.c ****   ******************************************************************************
  17:Middlewares/ST/STM32_USB_Device_Library/Core/Src/usbd_ctlreq.c ****   */
  18:Middlewares/ST/STM32_USB_Device_Library/Core/Src/usbd_ctlreq.c **** 
  19:Middlewares/ST/STM32_USB_Device_Library/Core/Src/usbd_ctlreq.c **** /* Includes ------------------------------------------------------------------*/
  20:Middlewares/ST/STM32_USB_Device_Library/Core/Src/usbd_ctlreq.c **** #include "usbd_ctlreq.h"
  21:Middlewares/ST/STM32_USB_Device_Library/Core/Src/usbd_ctlreq.c **** #include "usbd_ioreq.h"
  22:Middlewares/ST/STM32_USB_Device_Library/Core/Src/usbd_ctlreq.c **** 
  23:Middlewares/ST/STM32_USB_Device_Library/Core/Src/usbd_ctlreq.c **** #ifdef USE_USBD_COMPOSITE
  24:Middlewares/ST/STM32_USB_Device_Library/Core/Src/usbd_ctlreq.c **** #include "usbd_composite_builder.h"
  25:Middlewares/ST/STM32_USB_Device_Library/Core/Src/usbd_ctlreq.c **** #endif /* USE_USBD_COMPOSITE */
  26:Middlewares/ST/STM32_USB_Device_Library/Core/Src/usbd_ctlreq.c **** 
  27:Middlewares/ST/STM32_USB_Device_Library/Core/Src/usbd_ctlreq.c **** /** @addtogroup STM32_USBD_STATE_DEVICE_LIBRARY
  28:Middlewares/ST/STM32_USB_Device_Library/Core/Src/usbd_ctlreq.c ****   * @{
  29:Middlewares/ST/STM32_USB_Device_Library/Core/Src/usbd_ctlreq.c ****   */
  30:Middlewares/ST/STM32_USB_Device_Library/Core/Src/usbd_ctlreq.c **** 
  31:Middlewares/ST/STM32_USB_Device_Library/Core/Src/usbd_ctlreq.c **** 
ARM GAS  C:\Users\Made\AppData\Local\Temp\cc5wfdsS.s 			page 2


  32:Middlewares/ST/STM32_USB_Device_Library/Core/Src/usbd_ctlreq.c **** /** @defgroup USBD_REQ
  33:Middlewares/ST/STM32_USB_Device_Library/Core/Src/usbd_ctlreq.c ****   * @brief USB standard requests module
  34:Middlewares/ST/STM32_USB_Device_Library/Core/Src/usbd_ctlreq.c ****   * @{
  35:Middlewares/ST/STM32_USB_Device_Library/Core/Src/usbd_ctlreq.c ****   */
  36:Middlewares/ST/STM32_USB_Device_Library/Core/Src/usbd_ctlreq.c **** 
  37:Middlewares/ST/STM32_USB_Device_Library/Core/Src/usbd_ctlreq.c **** /** @defgroup USBD_REQ_Private_TypesDefinitions
  38:Middlewares/ST/STM32_USB_Device_Library/Core/Src/usbd_ctlreq.c ****   * @{
  39:Middlewares/ST/STM32_USB_Device_Library/Core/Src/usbd_ctlreq.c ****   */
  40:Middlewares/ST/STM32_USB_Device_Library/Core/Src/usbd_ctlreq.c **** 
  41:Middlewares/ST/STM32_USB_Device_Library/Core/Src/usbd_ctlreq.c **** /**
  42:Middlewares/ST/STM32_USB_Device_Library/Core/Src/usbd_ctlreq.c ****   * @}
  43:Middlewares/ST/STM32_USB_Device_Library/Core/Src/usbd_ctlreq.c ****   */
  44:Middlewares/ST/STM32_USB_Device_Library/Core/Src/usbd_ctlreq.c **** 
  45:Middlewares/ST/STM32_USB_Device_Library/Core/Src/usbd_ctlreq.c **** 
  46:Middlewares/ST/STM32_USB_Device_Library/Core/Src/usbd_ctlreq.c **** /** @defgroup USBD_REQ_Private_Defines
  47:Middlewares/ST/STM32_USB_Device_Library/Core/Src/usbd_ctlreq.c ****   * @{
  48:Middlewares/ST/STM32_USB_Device_Library/Core/Src/usbd_ctlreq.c ****   */
  49:Middlewares/ST/STM32_USB_Device_Library/Core/Src/usbd_ctlreq.c **** #ifndef USBD_MAX_STR_DESC_SIZ
  50:Middlewares/ST/STM32_USB_Device_Library/Core/Src/usbd_ctlreq.c **** #define USBD_MAX_STR_DESC_SIZ                          64U
  51:Middlewares/ST/STM32_USB_Device_Library/Core/Src/usbd_ctlreq.c **** #endif /* USBD_MAX_STR_DESC_SIZ */
  52:Middlewares/ST/STM32_USB_Device_Library/Core/Src/usbd_ctlreq.c **** /**
  53:Middlewares/ST/STM32_USB_Device_Library/Core/Src/usbd_ctlreq.c ****   * @}
  54:Middlewares/ST/STM32_USB_Device_Library/Core/Src/usbd_ctlreq.c ****   */
  55:Middlewares/ST/STM32_USB_Device_Library/Core/Src/usbd_ctlreq.c **** 
  56:Middlewares/ST/STM32_USB_Device_Library/Core/Src/usbd_ctlreq.c **** 
  57:Middlewares/ST/STM32_USB_Device_Library/Core/Src/usbd_ctlreq.c **** /** @defgroup USBD_REQ_Private_Macros
  58:Middlewares/ST/STM32_USB_Device_Library/Core/Src/usbd_ctlreq.c ****   * @{
  59:Middlewares/ST/STM32_USB_Device_Library/Core/Src/usbd_ctlreq.c ****   */
  60:Middlewares/ST/STM32_USB_Device_Library/Core/Src/usbd_ctlreq.c **** 
  61:Middlewares/ST/STM32_USB_Device_Library/Core/Src/usbd_ctlreq.c **** /**
  62:Middlewares/ST/STM32_USB_Device_Library/Core/Src/usbd_ctlreq.c ****   * @}
  63:Middlewares/ST/STM32_USB_Device_Library/Core/Src/usbd_ctlreq.c ****   */
  64:Middlewares/ST/STM32_USB_Device_Library/Core/Src/usbd_ctlreq.c **** 
  65:Middlewares/ST/STM32_USB_Device_Library/Core/Src/usbd_ctlreq.c **** 
  66:Middlewares/ST/STM32_USB_Device_Library/Core/Src/usbd_ctlreq.c **** /** @defgroup USBD_REQ_Private_Variables
  67:Middlewares/ST/STM32_USB_Device_Library/Core/Src/usbd_ctlreq.c ****   * @{
  68:Middlewares/ST/STM32_USB_Device_Library/Core/Src/usbd_ctlreq.c ****   */
  69:Middlewares/ST/STM32_USB_Device_Library/Core/Src/usbd_ctlreq.c **** 
  70:Middlewares/ST/STM32_USB_Device_Library/Core/Src/usbd_ctlreq.c **** /**
  71:Middlewares/ST/STM32_USB_Device_Library/Core/Src/usbd_ctlreq.c ****   * @}
  72:Middlewares/ST/STM32_USB_Device_Library/Core/Src/usbd_ctlreq.c ****   */
  73:Middlewares/ST/STM32_USB_Device_Library/Core/Src/usbd_ctlreq.c **** 
  74:Middlewares/ST/STM32_USB_Device_Library/Core/Src/usbd_ctlreq.c **** 
  75:Middlewares/ST/STM32_USB_Device_Library/Core/Src/usbd_ctlreq.c **** /** @defgroup USBD_REQ_Private_FunctionPrototypes
  76:Middlewares/ST/STM32_USB_Device_Library/Core/Src/usbd_ctlreq.c ****   * @{
  77:Middlewares/ST/STM32_USB_Device_Library/Core/Src/usbd_ctlreq.c ****   */
  78:Middlewares/ST/STM32_USB_Device_Library/Core/Src/usbd_ctlreq.c **** static void USBD_GetDescriptor(USBD_HandleTypeDef *pdev, USBD_SetupReqTypedef *req);
  79:Middlewares/ST/STM32_USB_Device_Library/Core/Src/usbd_ctlreq.c **** static void USBD_SetAddress(USBD_HandleTypeDef *pdev, USBD_SetupReqTypedef *req);
  80:Middlewares/ST/STM32_USB_Device_Library/Core/Src/usbd_ctlreq.c **** static USBD_StatusTypeDef USBD_SetConfig(USBD_HandleTypeDef *pdev, USBD_SetupReqTypedef *req);
  81:Middlewares/ST/STM32_USB_Device_Library/Core/Src/usbd_ctlreq.c **** static void USBD_GetConfig(USBD_HandleTypeDef *pdev, USBD_SetupReqTypedef *req);
  82:Middlewares/ST/STM32_USB_Device_Library/Core/Src/usbd_ctlreq.c **** static void USBD_GetStatus(USBD_HandleTypeDef *pdev, USBD_SetupReqTypedef *req);
  83:Middlewares/ST/STM32_USB_Device_Library/Core/Src/usbd_ctlreq.c **** static void USBD_SetFeature(USBD_HandleTypeDef *pdev, USBD_SetupReqTypedef *req);
  84:Middlewares/ST/STM32_USB_Device_Library/Core/Src/usbd_ctlreq.c **** static void USBD_ClrFeature(USBD_HandleTypeDef *pdev, USBD_SetupReqTypedef *req);
  85:Middlewares/ST/STM32_USB_Device_Library/Core/Src/usbd_ctlreq.c **** static uint8_t USBD_GetLen(uint8_t *buf);
  86:Middlewares/ST/STM32_USB_Device_Library/Core/Src/usbd_ctlreq.c **** 
  87:Middlewares/ST/STM32_USB_Device_Library/Core/Src/usbd_ctlreq.c **** /**
  88:Middlewares/ST/STM32_USB_Device_Library/Core/Src/usbd_ctlreq.c ****   * @}
ARM GAS  C:\Users\Made\AppData\Local\Temp\cc5wfdsS.s 			page 3


  89:Middlewares/ST/STM32_USB_Device_Library/Core/Src/usbd_ctlreq.c ****   */
  90:Middlewares/ST/STM32_USB_Device_Library/Core/Src/usbd_ctlreq.c **** 
  91:Middlewares/ST/STM32_USB_Device_Library/Core/Src/usbd_ctlreq.c **** 
  92:Middlewares/ST/STM32_USB_Device_Library/Core/Src/usbd_ctlreq.c **** /** @defgroup USBD_REQ_Private_Functions
  93:Middlewares/ST/STM32_USB_Device_Library/Core/Src/usbd_ctlreq.c ****   * @{
  94:Middlewares/ST/STM32_USB_Device_Library/Core/Src/usbd_ctlreq.c ****   */
  95:Middlewares/ST/STM32_USB_Device_Library/Core/Src/usbd_ctlreq.c **** 
  96:Middlewares/ST/STM32_USB_Device_Library/Core/Src/usbd_ctlreq.c **** 
  97:Middlewares/ST/STM32_USB_Device_Library/Core/Src/usbd_ctlreq.c **** /**
  98:Middlewares/ST/STM32_USB_Device_Library/Core/Src/usbd_ctlreq.c ****   * @brief  USBD_StdDevReq
  99:Middlewares/ST/STM32_USB_Device_Library/Core/Src/usbd_ctlreq.c ****   *         Handle standard usb device requests
 100:Middlewares/ST/STM32_USB_Device_Library/Core/Src/usbd_ctlreq.c ****   * @param  pdev: device instance
 101:Middlewares/ST/STM32_USB_Device_Library/Core/Src/usbd_ctlreq.c ****   * @param  req: usb request
 102:Middlewares/ST/STM32_USB_Device_Library/Core/Src/usbd_ctlreq.c ****   * @retval status
 103:Middlewares/ST/STM32_USB_Device_Library/Core/Src/usbd_ctlreq.c ****   */
 104:Middlewares/ST/STM32_USB_Device_Library/Core/Src/usbd_ctlreq.c **** USBD_StatusTypeDef USBD_StdDevReq(USBD_HandleTypeDef *pdev, USBD_SetupReqTypedef *req)
 105:Middlewares/ST/STM32_USB_Device_Library/Core/Src/usbd_ctlreq.c **** {
 106:Middlewares/ST/STM32_USB_Device_Library/Core/Src/usbd_ctlreq.c ****   USBD_StatusTypeDef ret = USBD_OK;
 107:Middlewares/ST/STM32_USB_Device_Library/Core/Src/usbd_ctlreq.c **** 
 108:Middlewares/ST/STM32_USB_Device_Library/Core/Src/usbd_ctlreq.c ****   switch (req->bmRequest & USB_REQ_TYPE_MASK)
 109:Middlewares/ST/STM32_USB_Device_Library/Core/Src/usbd_ctlreq.c ****   {
 110:Middlewares/ST/STM32_USB_Device_Library/Core/Src/usbd_ctlreq.c ****     case USB_REQ_TYPE_CLASS:
 111:Middlewares/ST/STM32_USB_Device_Library/Core/Src/usbd_ctlreq.c ****     case USB_REQ_TYPE_VENDOR:
 112:Middlewares/ST/STM32_USB_Device_Library/Core/Src/usbd_ctlreq.c ****       ret = (USBD_StatusTypeDef)pdev->pClass[pdev->classId]->Setup(pdev, req);
 113:Middlewares/ST/STM32_USB_Device_Library/Core/Src/usbd_ctlreq.c ****       break;
 114:Middlewares/ST/STM32_USB_Device_Library/Core/Src/usbd_ctlreq.c **** 
 115:Middlewares/ST/STM32_USB_Device_Library/Core/Src/usbd_ctlreq.c ****     case USB_REQ_TYPE_STANDARD:
 116:Middlewares/ST/STM32_USB_Device_Library/Core/Src/usbd_ctlreq.c ****       switch (req->bRequest)
 117:Middlewares/ST/STM32_USB_Device_Library/Core/Src/usbd_ctlreq.c ****       {
 118:Middlewares/ST/STM32_USB_Device_Library/Core/Src/usbd_ctlreq.c ****         case USB_REQ_GET_DESCRIPTOR:
 119:Middlewares/ST/STM32_USB_Device_Library/Core/Src/usbd_ctlreq.c ****           USBD_GetDescriptor(pdev, req);
 120:Middlewares/ST/STM32_USB_Device_Library/Core/Src/usbd_ctlreq.c ****           break;
 121:Middlewares/ST/STM32_USB_Device_Library/Core/Src/usbd_ctlreq.c **** 
 122:Middlewares/ST/STM32_USB_Device_Library/Core/Src/usbd_ctlreq.c ****         case USB_REQ_SET_ADDRESS:
 123:Middlewares/ST/STM32_USB_Device_Library/Core/Src/usbd_ctlreq.c ****           USBD_SetAddress(pdev, req);
 124:Middlewares/ST/STM32_USB_Device_Library/Core/Src/usbd_ctlreq.c ****           break;
 125:Middlewares/ST/STM32_USB_Device_Library/Core/Src/usbd_ctlreq.c **** 
 126:Middlewares/ST/STM32_USB_Device_Library/Core/Src/usbd_ctlreq.c ****         case USB_REQ_SET_CONFIGURATION:
 127:Middlewares/ST/STM32_USB_Device_Library/Core/Src/usbd_ctlreq.c ****           ret = USBD_SetConfig(pdev, req);
 128:Middlewares/ST/STM32_USB_Device_Library/Core/Src/usbd_ctlreq.c ****           break;
 129:Middlewares/ST/STM32_USB_Device_Library/Core/Src/usbd_ctlreq.c **** 
 130:Middlewares/ST/STM32_USB_Device_Library/Core/Src/usbd_ctlreq.c ****         case USB_REQ_GET_CONFIGURATION:
 131:Middlewares/ST/STM32_USB_Device_Library/Core/Src/usbd_ctlreq.c ****           USBD_GetConfig(pdev, req);
 132:Middlewares/ST/STM32_USB_Device_Library/Core/Src/usbd_ctlreq.c ****           break;
 133:Middlewares/ST/STM32_USB_Device_Library/Core/Src/usbd_ctlreq.c **** 
 134:Middlewares/ST/STM32_USB_Device_Library/Core/Src/usbd_ctlreq.c ****         case USB_REQ_GET_STATUS:
 135:Middlewares/ST/STM32_USB_Device_Library/Core/Src/usbd_ctlreq.c ****           USBD_GetStatus(pdev, req);
 136:Middlewares/ST/STM32_USB_Device_Library/Core/Src/usbd_ctlreq.c ****           break;
 137:Middlewares/ST/STM32_USB_Device_Library/Core/Src/usbd_ctlreq.c **** 
 138:Middlewares/ST/STM32_USB_Device_Library/Core/Src/usbd_ctlreq.c ****         case USB_REQ_SET_FEATURE:
 139:Middlewares/ST/STM32_USB_Device_Library/Core/Src/usbd_ctlreq.c ****           USBD_SetFeature(pdev, req);
 140:Middlewares/ST/STM32_USB_Device_Library/Core/Src/usbd_ctlreq.c ****           break;
 141:Middlewares/ST/STM32_USB_Device_Library/Core/Src/usbd_ctlreq.c **** 
 142:Middlewares/ST/STM32_USB_Device_Library/Core/Src/usbd_ctlreq.c ****         case USB_REQ_CLEAR_FEATURE:
 143:Middlewares/ST/STM32_USB_Device_Library/Core/Src/usbd_ctlreq.c ****           USBD_ClrFeature(pdev, req);
 144:Middlewares/ST/STM32_USB_Device_Library/Core/Src/usbd_ctlreq.c ****           break;
 145:Middlewares/ST/STM32_USB_Device_Library/Core/Src/usbd_ctlreq.c **** 
ARM GAS  C:\Users\Made\AppData\Local\Temp\cc5wfdsS.s 			page 4


 146:Middlewares/ST/STM32_USB_Device_Library/Core/Src/usbd_ctlreq.c ****         default:
 147:Middlewares/ST/STM32_USB_Device_Library/Core/Src/usbd_ctlreq.c ****           USBD_CtlError(pdev, req);
 148:Middlewares/ST/STM32_USB_Device_Library/Core/Src/usbd_ctlreq.c ****           break;
 149:Middlewares/ST/STM32_USB_Device_Library/Core/Src/usbd_ctlreq.c ****       }
 150:Middlewares/ST/STM32_USB_Device_Library/Core/Src/usbd_ctlreq.c ****       break;
 151:Middlewares/ST/STM32_USB_Device_Library/Core/Src/usbd_ctlreq.c **** 
 152:Middlewares/ST/STM32_USB_Device_Library/Core/Src/usbd_ctlreq.c ****     default:
 153:Middlewares/ST/STM32_USB_Device_Library/Core/Src/usbd_ctlreq.c ****       USBD_CtlError(pdev, req);
 154:Middlewares/ST/STM32_USB_Device_Library/Core/Src/usbd_ctlreq.c ****       break;
 155:Middlewares/ST/STM32_USB_Device_Library/Core/Src/usbd_ctlreq.c ****   }
 156:Middlewares/ST/STM32_USB_Device_Library/Core/Src/usbd_ctlreq.c **** 
 157:Middlewares/ST/STM32_USB_Device_Library/Core/Src/usbd_ctlreq.c ****   return ret;
 158:Middlewares/ST/STM32_USB_Device_Library/Core/Src/usbd_ctlreq.c **** }
 159:Middlewares/ST/STM32_USB_Device_Library/Core/Src/usbd_ctlreq.c **** 
 160:Middlewares/ST/STM32_USB_Device_Library/Core/Src/usbd_ctlreq.c **** /**
 161:Middlewares/ST/STM32_USB_Device_Library/Core/Src/usbd_ctlreq.c ****   * @brief  USBD_StdItfReq
 162:Middlewares/ST/STM32_USB_Device_Library/Core/Src/usbd_ctlreq.c ****   *         Handle standard usb interface requests
 163:Middlewares/ST/STM32_USB_Device_Library/Core/Src/usbd_ctlreq.c ****   * @param  pdev: device instance
 164:Middlewares/ST/STM32_USB_Device_Library/Core/Src/usbd_ctlreq.c ****   * @param  req: usb request
 165:Middlewares/ST/STM32_USB_Device_Library/Core/Src/usbd_ctlreq.c ****   * @retval status
 166:Middlewares/ST/STM32_USB_Device_Library/Core/Src/usbd_ctlreq.c ****   */
 167:Middlewares/ST/STM32_USB_Device_Library/Core/Src/usbd_ctlreq.c **** USBD_StatusTypeDef USBD_StdItfReq(USBD_HandleTypeDef *pdev, USBD_SetupReqTypedef *req)
 168:Middlewares/ST/STM32_USB_Device_Library/Core/Src/usbd_ctlreq.c **** {
 169:Middlewares/ST/STM32_USB_Device_Library/Core/Src/usbd_ctlreq.c ****   USBD_StatusTypeDef ret = USBD_OK;
 170:Middlewares/ST/STM32_USB_Device_Library/Core/Src/usbd_ctlreq.c ****   uint8_t idx;
 171:Middlewares/ST/STM32_USB_Device_Library/Core/Src/usbd_ctlreq.c **** 
 172:Middlewares/ST/STM32_USB_Device_Library/Core/Src/usbd_ctlreq.c ****   switch (req->bmRequest & USB_REQ_TYPE_MASK)
 173:Middlewares/ST/STM32_USB_Device_Library/Core/Src/usbd_ctlreq.c ****   {
 174:Middlewares/ST/STM32_USB_Device_Library/Core/Src/usbd_ctlreq.c ****     case USB_REQ_TYPE_CLASS:
 175:Middlewares/ST/STM32_USB_Device_Library/Core/Src/usbd_ctlreq.c ****     case USB_REQ_TYPE_VENDOR:
 176:Middlewares/ST/STM32_USB_Device_Library/Core/Src/usbd_ctlreq.c ****     case USB_REQ_TYPE_STANDARD:
 177:Middlewares/ST/STM32_USB_Device_Library/Core/Src/usbd_ctlreq.c ****       switch (pdev->dev_state)
 178:Middlewares/ST/STM32_USB_Device_Library/Core/Src/usbd_ctlreq.c ****       {
 179:Middlewares/ST/STM32_USB_Device_Library/Core/Src/usbd_ctlreq.c ****         case USBD_STATE_DEFAULT:
 180:Middlewares/ST/STM32_USB_Device_Library/Core/Src/usbd_ctlreq.c ****         case USBD_STATE_ADDRESSED:
 181:Middlewares/ST/STM32_USB_Device_Library/Core/Src/usbd_ctlreq.c ****         case USBD_STATE_CONFIGURED:
 182:Middlewares/ST/STM32_USB_Device_Library/Core/Src/usbd_ctlreq.c **** 
 183:Middlewares/ST/STM32_USB_Device_Library/Core/Src/usbd_ctlreq.c ****           if (LOBYTE(req->wIndex) <= USBD_MAX_NUM_INTERFACES)
 184:Middlewares/ST/STM32_USB_Device_Library/Core/Src/usbd_ctlreq.c ****           {
 185:Middlewares/ST/STM32_USB_Device_Library/Core/Src/usbd_ctlreq.c ****             /* Get the class index relative to this interface */
 186:Middlewares/ST/STM32_USB_Device_Library/Core/Src/usbd_ctlreq.c ****             idx = USBD_CoreFindIF(pdev, LOBYTE(req->wIndex));
 187:Middlewares/ST/STM32_USB_Device_Library/Core/Src/usbd_ctlreq.c ****             if (((uint8_t)idx != 0xFFU) && (idx < USBD_MAX_SUPPORTED_CLASS))
 188:Middlewares/ST/STM32_USB_Device_Library/Core/Src/usbd_ctlreq.c ****             {
 189:Middlewares/ST/STM32_USB_Device_Library/Core/Src/usbd_ctlreq.c ****               /* Call the class data out function to manage the request */
 190:Middlewares/ST/STM32_USB_Device_Library/Core/Src/usbd_ctlreq.c ****               if (pdev->pClass[idx]->Setup != NULL)
 191:Middlewares/ST/STM32_USB_Device_Library/Core/Src/usbd_ctlreq.c ****               {
 192:Middlewares/ST/STM32_USB_Device_Library/Core/Src/usbd_ctlreq.c ****                 pdev->classId = idx;
 193:Middlewares/ST/STM32_USB_Device_Library/Core/Src/usbd_ctlreq.c ****                 ret = (USBD_StatusTypeDef)(pdev->pClass[idx]->Setup(pdev, req));
 194:Middlewares/ST/STM32_USB_Device_Library/Core/Src/usbd_ctlreq.c ****               }
 195:Middlewares/ST/STM32_USB_Device_Library/Core/Src/usbd_ctlreq.c ****               else
 196:Middlewares/ST/STM32_USB_Device_Library/Core/Src/usbd_ctlreq.c ****               {
 197:Middlewares/ST/STM32_USB_Device_Library/Core/Src/usbd_ctlreq.c ****                 /* should never reach this condition */
 198:Middlewares/ST/STM32_USB_Device_Library/Core/Src/usbd_ctlreq.c ****                 ret = USBD_FAIL;
 199:Middlewares/ST/STM32_USB_Device_Library/Core/Src/usbd_ctlreq.c ****               }
 200:Middlewares/ST/STM32_USB_Device_Library/Core/Src/usbd_ctlreq.c ****             }
 201:Middlewares/ST/STM32_USB_Device_Library/Core/Src/usbd_ctlreq.c ****             else
 202:Middlewares/ST/STM32_USB_Device_Library/Core/Src/usbd_ctlreq.c ****             {
ARM GAS  C:\Users\Made\AppData\Local\Temp\cc5wfdsS.s 			page 5


 203:Middlewares/ST/STM32_USB_Device_Library/Core/Src/usbd_ctlreq.c ****               /* No relative interface found */
 204:Middlewares/ST/STM32_USB_Device_Library/Core/Src/usbd_ctlreq.c ****               ret = USBD_FAIL;
 205:Middlewares/ST/STM32_USB_Device_Library/Core/Src/usbd_ctlreq.c ****             }
 206:Middlewares/ST/STM32_USB_Device_Library/Core/Src/usbd_ctlreq.c **** 
 207:Middlewares/ST/STM32_USB_Device_Library/Core/Src/usbd_ctlreq.c ****             if ((req->wLength == 0U) && (ret == USBD_OK))
 208:Middlewares/ST/STM32_USB_Device_Library/Core/Src/usbd_ctlreq.c ****             {
 209:Middlewares/ST/STM32_USB_Device_Library/Core/Src/usbd_ctlreq.c ****               (void)USBD_CtlSendStatus(pdev);
 210:Middlewares/ST/STM32_USB_Device_Library/Core/Src/usbd_ctlreq.c ****             }
 211:Middlewares/ST/STM32_USB_Device_Library/Core/Src/usbd_ctlreq.c ****           }
 212:Middlewares/ST/STM32_USB_Device_Library/Core/Src/usbd_ctlreq.c ****           else
 213:Middlewares/ST/STM32_USB_Device_Library/Core/Src/usbd_ctlreq.c ****           {
 214:Middlewares/ST/STM32_USB_Device_Library/Core/Src/usbd_ctlreq.c ****             USBD_CtlError(pdev, req);
 215:Middlewares/ST/STM32_USB_Device_Library/Core/Src/usbd_ctlreq.c ****           }
 216:Middlewares/ST/STM32_USB_Device_Library/Core/Src/usbd_ctlreq.c ****           break;
 217:Middlewares/ST/STM32_USB_Device_Library/Core/Src/usbd_ctlreq.c **** 
 218:Middlewares/ST/STM32_USB_Device_Library/Core/Src/usbd_ctlreq.c ****         default:
 219:Middlewares/ST/STM32_USB_Device_Library/Core/Src/usbd_ctlreq.c ****           USBD_CtlError(pdev, req);
 220:Middlewares/ST/STM32_USB_Device_Library/Core/Src/usbd_ctlreq.c ****           break;
 221:Middlewares/ST/STM32_USB_Device_Library/Core/Src/usbd_ctlreq.c ****       }
 222:Middlewares/ST/STM32_USB_Device_Library/Core/Src/usbd_ctlreq.c ****       break;
 223:Middlewares/ST/STM32_USB_Device_Library/Core/Src/usbd_ctlreq.c **** 
 224:Middlewares/ST/STM32_USB_Device_Library/Core/Src/usbd_ctlreq.c ****     default:
 225:Middlewares/ST/STM32_USB_Device_Library/Core/Src/usbd_ctlreq.c ****       USBD_CtlError(pdev, req);
 226:Middlewares/ST/STM32_USB_Device_Library/Core/Src/usbd_ctlreq.c ****       break;
 227:Middlewares/ST/STM32_USB_Device_Library/Core/Src/usbd_ctlreq.c ****   }
 228:Middlewares/ST/STM32_USB_Device_Library/Core/Src/usbd_ctlreq.c **** 
 229:Middlewares/ST/STM32_USB_Device_Library/Core/Src/usbd_ctlreq.c ****   return ret;
 230:Middlewares/ST/STM32_USB_Device_Library/Core/Src/usbd_ctlreq.c **** }
 231:Middlewares/ST/STM32_USB_Device_Library/Core/Src/usbd_ctlreq.c **** 
 232:Middlewares/ST/STM32_USB_Device_Library/Core/Src/usbd_ctlreq.c **** /**
 233:Middlewares/ST/STM32_USB_Device_Library/Core/Src/usbd_ctlreq.c ****   * @brief  USBD_StdEPReq
 234:Middlewares/ST/STM32_USB_Device_Library/Core/Src/usbd_ctlreq.c ****   *         Handle standard usb endpoint requests
 235:Middlewares/ST/STM32_USB_Device_Library/Core/Src/usbd_ctlreq.c ****   * @param  pdev: device instance
 236:Middlewares/ST/STM32_USB_Device_Library/Core/Src/usbd_ctlreq.c ****   * @param  req: usb request
 237:Middlewares/ST/STM32_USB_Device_Library/Core/Src/usbd_ctlreq.c ****   * @retval status
 238:Middlewares/ST/STM32_USB_Device_Library/Core/Src/usbd_ctlreq.c ****   */
 239:Middlewares/ST/STM32_USB_Device_Library/Core/Src/usbd_ctlreq.c **** USBD_StatusTypeDef USBD_StdEPReq(USBD_HandleTypeDef *pdev, USBD_SetupReqTypedef *req)
 240:Middlewares/ST/STM32_USB_Device_Library/Core/Src/usbd_ctlreq.c **** {
 241:Middlewares/ST/STM32_USB_Device_Library/Core/Src/usbd_ctlreq.c ****   USBD_EndpointTypeDef *pep;
 242:Middlewares/ST/STM32_USB_Device_Library/Core/Src/usbd_ctlreq.c ****   uint8_t ep_addr;
 243:Middlewares/ST/STM32_USB_Device_Library/Core/Src/usbd_ctlreq.c ****   uint8_t idx;
 244:Middlewares/ST/STM32_USB_Device_Library/Core/Src/usbd_ctlreq.c ****   USBD_StatusTypeDef ret = USBD_OK;
 245:Middlewares/ST/STM32_USB_Device_Library/Core/Src/usbd_ctlreq.c **** 
 246:Middlewares/ST/STM32_USB_Device_Library/Core/Src/usbd_ctlreq.c ****   ep_addr = LOBYTE(req->wIndex);
 247:Middlewares/ST/STM32_USB_Device_Library/Core/Src/usbd_ctlreq.c **** 
 248:Middlewares/ST/STM32_USB_Device_Library/Core/Src/usbd_ctlreq.c ****   switch (req->bmRequest & USB_REQ_TYPE_MASK)
 249:Middlewares/ST/STM32_USB_Device_Library/Core/Src/usbd_ctlreq.c ****   {
 250:Middlewares/ST/STM32_USB_Device_Library/Core/Src/usbd_ctlreq.c ****     case USB_REQ_TYPE_CLASS:
 251:Middlewares/ST/STM32_USB_Device_Library/Core/Src/usbd_ctlreq.c ****     case USB_REQ_TYPE_VENDOR:
 252:Middlewares/ST/STM32_USB_Device_Library/Core/Src/usbd_ctlreq.c ****       /* Get the class index relative to this endpoint */
 253:Middlewares/ST/STM32_USB_Device_Library/Core/Src/usbd_ctlreq.c ****       idx = USBD_CoreFindEP(pdev, ep_addr);
 254:Middlewares/ST/STM32_USB_Device_Library/Core/Src/usbd_ctlreq.c ****       if (((uint8_t)idx != 0xFFU) && (idx < USBD_MAX_SUPPORTED_CLASS))
 255:Middlewares/ST/STM32_USB_Device_Library/Core/Src/usbd_ctlreq.c ****       {
 256:Middlewares/ST/STM32_USB_Device_Library/Core/Src/usbd_ctlreq.c ****         pdev->classId = idx;
 257:Middlewares/ST/STM32_USB_Device_Library/Core/Src/usbd_ctlreq.c ****         /* Call the class data out function to manage the request */
 258:Middlewares/ST/STM32_USB_Device_Library/Core/Src/usbd_ctlreq.c ****         if (pdev->pClass[idx]->Setup != NULL)
 259:Middlewares/ST/STM32_USB_Device_Library/Core/Src/usbd_ctlreq.c ****         {
ARM GAS  C:\Users\Made\AppData\Local\Temp\cc5wfdsS.s 			page 6


 260:Middlewares/ST/STM32_USB_Device_Library/Core/Src/usbd_ctlreq.c ****           ret = (USBD_StatusTypeDef)pdev->pClass[idx]->Setup(pdev, req);
 261:Middlewares/ST/STM32_USB_Device_Library/Core/Src/usbd_ctlreq.c ****         }
 262:Middlewares/ST/STM32_USB_Device_Library/Core/Src/usbd_ctlreq.c ****       }
 263:Middlewares/ST/STM32_USB_Device_Library/Core/Src/usbd_ctlreq.c ****       break;
 264:Middlewares/ST/STM32_USB_Device_Library/Core/Src/usbd_ctlreq.c **** 
 265:Middlewares/ST/STM32_USB_Device_Library/Core/Src/usbd_ctlreq.c ****     case USB_REQ_TYPE_STANDARD:
 266:Middlewares/ST/STM32_USB_Device_Library/Core/Src/usbd_ctlreq.c ****       switch (req->bRequest)
 267:Middlewares/ST/STM32_USB_Device_Library/Core/Src/usbd_ctlreq.c ****       {
 268:Middlewares/ST/STM32_USB_Device_Library/Core/Src/usbd_ctlreq.c ****         case USB_REQ_SET_FEATURE:
 269:Middlewares/ST/STM32_USB_Device_Library/Core/Src/usbd_ctlreq.c ****           switch (pdev->dev_state)
 270:Middlewares/ST/STM32_USB_Device_Library/Core/Src/usbd_ctlreq.c ****           {
 271:Middlewares/ST/STM32_USB_Device_Library/Core/Src/usbd_ctlreq.c ****             case USBD_STATE_ADDRESSED:
 272:Middlewares/ST/STM32_USB_Device_Library/Core/Src/usbd_ctlreq.c ****               if ((ep_addr != 0x00U) && (ep_addr != 0x80U))
 273:Middlewares/ST/STM32_USB_Device_Library/Core/Src/usbd_ctlreq.c ****               {
 274:Middlewares/ST/STM32_USB_Device_Library/Core/Src/usbd_ctlreq.c ****                 (void)USBD_LL_StallEP(pdev, ep_addr);
 275:Middlewares/ST/STM32_USB_Device_Library/Core/Src/usbd_ctlreq.c ****                 (void)USBD_LL_StallEP(pdev, 0x80U);
 276:Middlewares/ST/STM32_USB_Device_Library/Core/Src/usbd_ctlreq.c ****               }
 277:Middlewares/ST/STM32_USB_Device_Library/Core/Src/usbd_ctlreq.c ****               else
 278:Middlewares/ST/STM32_USB_Device_Library/Core/Src/usbd_ctlreq.c ****               {
 279:Middlewares/ST/STM32_USB_Device_Library/Core/Src/usbd_ctlreq.c ****                 USBD_CtlError(pdev, req);
 280:Middlewares/ST/STM32_USB_Device_Library/Core/Src/usbd_ctlreq.c ****               }
 281:Middlewares/ST/STM32_USB_Device_Library/Core/Src/usbd_ctlreq.c ****               break;
 282:Middlewares/ST/STM32_USB_Device_Library/Core/Src/usbd_ctlreq.c **** 
 283:Middlewares/ST/STM32_USB_Device_Library/Core/Src/usbd_ctlreq.c ****             case USBD_STATE_CONFIGURED:
 284:Middlewares/ST/STM32_USB_Device_Library/Core/Src/usbd_ctlreq.c ****               if (req->wValue == USB_FEATURE_EP_HALT)
 285:Middlewares/ST/STM32_USB_Device_Library/Core/Src/usbd_ctlreq.c ****               {
 286:Middlewares/ST/STM32_USB_Device_Library/Core/Src/usbd_ctlreq.c ****                 if ((ep_addr != 0x00U) && (ep_addr != 0x80U) && (req->wLength == 0x00U))
 287:Middlewares/ST/STM32_USB_Device_Library/Core/Src/usbd_ctlreq.c ****                 {
 288:Middlewares/ST/STM32_USB_Device_Library/Core/Src/usbd_ctlreq.c ****                   (void)USBD_LL_StallEP(pdev, ep_addr);
 289:Middlewares/ST/STM32_USB_Device_Library/Core/Src/usbd_ctlreq.c ****                 }
 290:Middlewares/ST/STM32_USB_Device_Library/Core/Src/usbd_ctlreq.c ****               }
 291:Middlewares/ST/STM32_USB_Device_Library/Core/Src/usbd_ctlreq.c ****               (void)USBD_CtlSendStatus(pdev);
 292:Middlewares/ST/STM32_USB_Device_Library/Core/Src/usbd_ctlreq.c **** 
 293:Middlewares/ST/STM32_USB_Device_Library/Core/Src/usbd_ctlreq.c ****               break;
 294:Middlewares/ST/STM32_USB_Device_Library/Core/Src/usbd_ctlreq.c **** 
 295:Middlewares/ST/STM32_USB_Device_Library/Core/Src/usbd_ctlreq.c ****             default:
 296:Middlewares/ST/STM32_USB_Device_Library/Core/Src/usbd_ctlreq.c ****               USBD_CtlError(pdev, req);
 297:Middlewares/ST/STM32_USB_Device_Library/Core/Src/usbd_ctlreq.c ****               break;
 298:Middlewares/ST/STM32_USB_Device_Library/Core/Src/usbd_ctlreq.c ****           }
 299:Middlewares/ST/STM32_USB_Device_Library/Core/Src/usbd_ctlreq.c ****           break;
 300:Middlewares/ST/STM32_USB_Device_Library/Core/Src/usbd_ctlreq.c **** 
 301:Middlewares/ST/STM32_USB_Device_Library/Core/Src/usbd_ctlreq.c ****         case USB_REQ_CLEAR_FEATURE:
 302:Middlewares/ST/STM32_USB_Device_Library/Core/Src/usbd_ctlreq.c **** 
 303:Middlewares/ST/STM32_USB_Device_Library/Core/Src/usbd_ctlreq.c ****           switch (pdev->dev_state)
 304:Middlewares/ST/STM32_USB_Device_Library/Core/Src/usbd_ctlreq.c ****           {
 305:Middlewares/ST/STM32_USB_Device_Library/Core/Src/usbd_ctlreq.c ****             case USBD_STATE_ADDRESSED:
 306:Middlewares/ST/STM32_USB_Device_Library/Core/Src/usbd_ctlreq.c ****               if ((ep_addr != 0x00U) && (ep_addr != 0x80U))
 307:Middlewares/ST/STM32_USB_Device_Library/Core/Src/usbd_ctlreq.c ****               {
 308:Middlewares/ST/STM32_USB_Device_Library/Core/Src/usbd_ctlreq.c ****                 (void)USBD_LL_StallEP(pdev, ep_addr);
 309:Middlewares/ST/STM32_USB_Device_Library/Core/Src/usbd_ctlreq.c ****                 (void)USBD_LL_StallEP(pdev, 0x80U);
 310:Middlewares/ST/STM32_USB_Device_Library/Core/Src/usbd_ctlreq.c ****               }
 311:Middlewares/ST/STM32_USB_Device_Library/Core/Src/usbd_ctlreq.c ****               else
 312:Middlewares/ST/STM32_USB_Device_Library/Core/Src/usbd_ctlreq.c ****               {
 313:Middlewares/ST/STM32_USB_Device_Library/Core/Src/usbd_ctlreq.c ****                 USBD_CtlError(pdev, req);
 314:Middlewares/ST/STM32_USB_Device_Library/Core/Src/usbd_ctlreq.c ****               }
 315:Middlewares/ST/STM32_USB_Device_Library/Core/Src/usbd_ctlreq.c ****               break;
 316:Middlewares/ST/STM32_USB_Device_Library/Core/Src/usbd_ctlreq.c **** 
ARM GAS  C:\Users\Made\AppData\Local\Temp\cc5wfdsS.s 			page 7


 317:Middlewares/ST/STM32_USB_Device_Library/Core/Src/usbd_ctlreq.c ****             case USBD_STATE_CONFIGURED:
 318:Middlewares/ST/STM32_USB_Device_Library/Core/Src/usbd_ctlreq.c ****               if (req->wValue == USB_FEATURE_EP_HALT)
 319:Middlewares/ST/STM32_USB_Device_Library/Core/Src/usbd_ctlreq.c ****               {
 320:Middlewares/ST/STM32_USB_Device_Library/Core/Src/usbd_ctlreq.c ****                 if ((ep_addr & 0x7FU) != 0x00U)
 321:Middlewares/ST/STM32_USB_Device_Library/Core/Src/usbd_ctlreq.c ****                 {
 322:Middlewares/ST/STM32_USB_Device_Library/Core/Src/usbd_ctlreq.c ****                   (void)USBD_LL_ClearStallEP(pdev, ep_addr);
 323:Middlewares/ST/STM32_USB_Device_Library/Core/Src/usbd_ctlreq.c ****                 }
 324:Middlewares/ST/STM32_USB_Device_Library/Core/Src/usbd_ctlreq.c ****                 (void)USBD_CtlSendStatus(pdev);
 325:Middlewares/ST/STM32_USB_Device_Library/Core/Src/usbd_ctlreq.c **** 
 326:Middlewares/ST/STM32_USB_Device_Library/Core/Src/usbd_ctlreq.c ****                 /* Get the class index relative to this interface */
 327:Middlewares/ST/STM32_USB_Device_Library/Core/Src/usbd_ctlreq.c ****                 idx = USBD_CoreFindEP(pdev, ep_addr);
 328:Middlewares/ST/STM32_USB_Device_Library/Core/Src/usbd_ctlreq.c ****                 if (((uint8_t)idx != 0xFFU) && (idx < USBD_MAX_SUPPORTED_CLASS))
 329:Middlewares/ST/STM32_USB_Device_Library/Core/Src/usbd_ctlreq.c ****                 {
 330:Middlewares/ST/STM32_USB_Device_Library/Core/Src/usbd_ctlreq.c ****                   pdev->classId = idx;
 331:Middlewares/ST/STM32_USB_Device_Library/Core/Src/usbd_ctlreq.c ****                   /* Call the class data out function to manage the request */
 332:Middlewares/ST/STM32_USB_Device_Library/Core/Src/usbd_ctlreq.c ****                   if (pdev->pClass[idx]->Setup != NULL)
 333:Middlewares/ST/STM32_USB_Device_Library/Core/Src/usbd_ctlreq.c ****                   {
 334:Middlewares/ST/STM32_USB_Device_Library/Core/Src/usbd_ctlreq.c ****                     ret = (USBD_StatusTypeDef)(pdev->pClass[idx]->Setup(pdev, req));
 335:Middlewares/ST/STM32_USB_Device_Library/Core/Src/usbd_ctlreq.c ****                   }
 336:Middlewares/ST/STM32_USB_Device_Library/Core/Src/usbd_ctlreq.c ****                 }
 337:Middlewares/ST/STM32_USB_Device_Library/Core/Src/usbd_ctlreq.c ****               }
 338:Middlewares/ST/STM32_USB_Device_Library/Core/Src/usbd_ctlreq.c ****               break;
 339:Middlewares/ST/STM32_USB_Device_Library/Core/Src/usbd_ctlreq.c **** 
 340:Middlewares/ST/STM32_USB_Device_Library/Core/Src/usbd_ctlreq.c ****             default:
 341:Middlewares/ST/STM32_USB_Device_Library/Core/Src/usbd_ctlreq.c ****               USBD_CtlError(pdev, req);
 342:Middlewares/ST/STM32_USB_Device_Library/Core/Src/usbd_ctlreq.c ****               break;
 343:Middlewares/ST/STM32_USB_Device_Library/Core/Src/usbd_ctlreq.c ****           }
 344:Middlewares/ST/STM32_USB_Device_Library/Core/Src/usbd_ctlreq.c ****           break;
 345:Middlewares/ST/STM32_USB_Device_Library/Core/Src/usbd_ctlreq.c **** 
 346:Middlewares/ST/STM32_USB_Device_Library/Core/Src/usbd_ctlreq.c ****         case USB_REQ_GET_STATUS:
 347:Middlewares/ST/STM32_USB_Device_Library/Core/Src/usbd_ctlreq.c ****           switch (pdev->dev_state)
 348:Middlewares/ST/STM32_USB_Device_Library/Core/Src/usbd_ctlreq.c ****           {
 349:Middlewares/ST/STM32_USB_Device_Library/Core/Src/usbd_ctlreq.c ****             case USBD_STATE_ADDRESSED:
 350:Middlewares/ST/STM32_USB_Device_Library/Core/Src/usbd_ctlreq.c ****               if ((ep_addr != 0x00U) && (ep_addr != 0x80U))
 351:Middlewares/ST/STM32_USB_Device_Library/Core/Src/usbd_ctlreq.c ****               {
 352:Middlewares/ST/STM32_USB_Device_Library/Core/Src/usbd_ctlreq.c ****                 USBD_CtlError(pdev, req);
 353:Middlewares/ST/STM32_USB_Device_Library/Core/Src/usbd_ctlreq.c ****                 break;
 354:Middlewares/ST/STM32_USB_Device_Library/Core/Src/usbd_ctlreq.c ****               }
 355:Middlewares/ST/STM32_USB_Device_Library/Core/Src/usbd_ctlreq.c ****               pep = ((ep_addr & 0x80U) == 0x80U) ? &pdev->ep_in[ep_addr & 0x7FU] : \
 356:Middlewares/ST/STM32_USB_Device_Library/Core/Src/usbd_ctlreq.c ****                     &pdev->ep_out[ep_addr & 0x7FU];
 357:Middlewares/ST/STM32_USB_Device_Library/Core/Src/usbd_ctlreq.c **** 
 358:Middlewares/ST/STM32_USB_Device_Library/Core/Src/usbd_ctlreq.c ****               pep->status = 0x0000U;
 359:Middlewares/ST/STM32_USB_Device_Library/Core/Src/usbd_ctlreq.c **** 
 360:Middlewares/ST/STM32_USB_Device_Library/Core/Src/usbd_ctlreq.c ****               (void)USBD_CtlSendData(pdev, (uint8_t *)&pep->status, 2U);
 361:Middlewares/ST/STM32_USB_Device_Library/Core/Src/usbd_ctlreq.c ****               break;
 362:Middlewares/ST/STM32_USB_Device_Library/Core/Src/usbd_ctlreq.c **** 
 363:Middlewares/ST/STM32_USB_Device_Library/Core/Src/usbd_ctlreq.c ****             case USBD_STATE_CONFIGURED:
 364:Middlewares/ST/STM32_USB_Device_Library/Core/Src/usbd_ctlreq.c ****               if ((ep_addr & 0x80U) == 0x80U)
 365:Middlewares/ST/STM32_USB_Device_Library/Core/Src/usbd_ctlreq.c ****               {
 366:Middlewares/ST/STM32_USB_Device_Library/Core/Src/usbd_ctlreq.c ****                 if (pdev->ep_in[ep_addr & 0xFU].is_used == 0U)
 367:Middlewares/ST/STM32_USB_Device_Library/Core/Src/usbd_ctlreq.c ****                 {
 368:Middlewares/ST/STM32_USB_Device_Library/Core/Src/usbd_ctlreq.c ****                   USBD_CtlError(pdev, req);
 369:Middlewares/ST/STM32_USB_Device_Library/Core/Src/usbd_ctlreq.c ****                   break;
 370:Middlewares/ST/STM32_USB_Device_Library/Core/Src/usbd_ctlreq.c ****                 }
 371:Middlewares/ST/STM32_USB_Device_Library/Core/Src/usbd_ctlreq.c ****               }
 372:Middlewares/ST/STM32_USB_Device_Library/Core/Src/usbd_ctlreq.c ****               else
 373:Middlewares/ST/STM32_USB_Device_Library/Core/Src/usbd_ctlreq.c ****               {
ARM GAS  C:\Users\Made\AppData\Local\Temp\cc5wfdsS.s 			page 8


 374:Middlewares/ST/STM32_USB_Device_Library/Core/Src/usbd_ctlreq.c ****                 if (pdev->ep_out[ep_addr & 0xFU].is_used == 0U)
 375:Middlewares/ST/STM32_USB_Device_Library/Core/Src/usbd_ctlreq.c ****                 {
 376:Middlewares/ST/STM32_USB_Device_Library/Core/Src/usbd_ctlreq.c ****                   USBD_CtlError(pdev, req);
 377:Middlewares/ST/STM32_USB_Device_Library/Core/Src/usbd_ctlreq.c ****                   break;
 378:Middlewares/ST/STM32_USB_Device_Library/Core/Src/usbd_ctlreq.c ****                 }
 379:Middlewares/ST/STM32_USB_Device_Library/Core/Src/usbd_ctlreq.c ****               }
 380:Middlewares/ST/STM32_USB_Device_Library/Core/Src/usbd_ctlreq.c **** 
 381:Middlewares/ST/STM32_USB_Device_Library/Core/Src/usbd_ctlreq.c ****               pep = ((ep_addr & 0x80U) == 0x80U) ? &pdev->ep_in[ep_addr & 0x7FU] : \
 382:Middlewares/ST/STM32_USB_Device_Library/Core/Src/usbd_ctlreq.c ****                     &pdev->ep_out[ep_addr & 0x7FU];
 383:Middlewares/ST/STM32_USB_Device_Library/Core/Src/usbd_ctlreq.c **** 
 384:Middlewares/ST/STM32_USB_Device_Library/Core/Src/usbd_ctlreq.c ****               if ((ep_addr == 0x00U) || (ep_addr == 0x80U))
 385:Middlewares/ST/STM32_USB_Device_Library/Core/Src/usbd_ctlreq.c ****               {
 386:Middlewares/ST/STM32_USB_Device_Library/Core/Src/usbd_ctlreq.c ****                 pep->status = 0x0000U;
 387:Middlewares/ST/STM32_USB_Device_Library/Core/Src/usbd_ctlreq.c ****               }
 388:Middlewares/ST/STM32_USB_Device_Library/Core/Src/usbd_ctlreq.c ****               else if (USBD_LL_IsStallEP(pdev, ep_addr) != 0U)
 389:Middlewares/ST/STM32_USB_Device_Library/Core/Src/usbd_ctlreq.c ****               {
 390:Middlewares/ST/STM32_USB_Device_Library/Core/Src/usbd_ctlreq.c ****                 pep->status = 0x0001U;
 391:Middlewares/ST/STM32_USB_Device_Library/Core/Src/usbd_ctlreq.c ****               }
 392:Middlewares/ST/STM32_USB_Device_Library/Core/Src/usbd_ctlreq.c ****               else
 393:Middlewares/ST/STM32_USB_Device_Library/Core/Src/usbd_ctlreq.c ****               {
 394:Middlewares/ST/STM32_USB_Device_Library/Core/Src/usbd_ctlreq.c ****                 pep->status = 0x0000U;
 395:Middlewares/ST/STM32_USB_Device_Library/Core/Src/usbd_ctlreq.c ****               }
 396:Middlewares/ST/STM32_USB_Device_Library/Core/Src/usbd_ctlreq.c **** 
 397:Middlewares/ST/STM32_USB_Device_Library/Core/Src/usbd_ctlreq.c ****               (void)USBD_CtlSendData(pdev, (uint8_t *)&pep->status, 2U);
 398:Middlewares/ST/STM32_USB_Device_Library/Core/Src/usbd_ctlreq.c ****               break;
 399:Middlewares/ST/STM32_USB_Device_Library/Core/Src/usbd_ctlreq.c **** 
 400:Middlewares/ST/STM32_USB_Device_Library/Core/Src/usbd_ctlreq.c ****             default:
 401:Middlewares/ST/STM32_USB_Device_Library/Core/Src/usbd_ctlreq.c ****               USBD_CtlError(pdev, req);
 402:Middlewares/ST/STM32_USB_Device_Library/Core/Src/usbd_ctlreq.c ****               break;
 403:Middlewares/ST/STM32_USB_Device_Library/Core/Src/usbd_ctlreq.c ****           }
 404:Middlewares/ST/STM32_USB_Device_Library/Core/Src/usbd_ctlreq.c ****           break;
 405:Middlewares/ST/STM32_USB_Device_Library/Core/Src/usbd_ctlreq.c **** 
 406:Middlewares/ST/STM32_USB_Device_Library/Core/Src/usbd_ctlreq.c ****         default:
 407:Middlewares/ST/STM32_USB_Device_Library/Core/Src/usbd_ctlreq.c ****           USBD_CtlError(pdev, req);
 408:Middlewares/ST/STM32_USB_Device_Library/Core/Src/usbd_ctlreq.c ****           break;
 409:Middlewares/ST/STM32_USB_Device_Library/Core/Src/usbd_ctlreq.c ****       }
 410:Middlewares/ST/STM32_USB_Device_Library/Core/Src/usbd_ctlreq.c ****       break;
 411:Middlewares/ST/STM32_USB_Device_Library/Core/Src/usbd_ctlreq.c **** 
 412:Middlewares/ST/STM32_USB_Device_Library/Core/Src/usbd_ctlreq.c ****     default:
 413:Middlewares/ST/STM32_USB_Device_Library/Core/Src/usbd_ctlreq.c ****       USBD_CtlError(pdev, req);
 414:Middlewares/ST/STM32_USB_Device_Library/Core/Src/usbd_ctlreq.c ****       break;
 415:Middlewares/ST/STM32_USB_Device_Library/Core/Src/usbd_ctlreq.c ****   }
 416:Middlewares/ST/STM32_USB_Device_Library/Core/Src/usbd_ctlreq.c **** 
 417:Middlewares/ST/STM32_USB_Device_Library/Core/Src/usbd_ctlreq.c ****   return ret;
 418:Middlewares/ST/STM32_USB_Device_Library/Core/Src/usbd_ctlreq.c **** }
 419:Middlewares/ST/STM32_USB_Device_Library/Core/Src/usbd_ctlreq.c **** 
 420:Middlewares/ST/STM32_USB_Device_Library/Core/Src/usbd_ctlreq.c **** 
 421:Middlewares/ST/STM32_USB_Device_Library/Core/Src/usbd_ctlreq.c **** /**
 422:Middlewares/ST/STM32_USB_Device_Library/Core/Src/usbd_ctlreq.c ****   * @brief  USBD_GetDescriptor
 423:Middlewares/ST/STM32_USB_Device_Library/Core/Src/usbd_ctlreq.c ****   *         Handle Get Descriptor requests
 424:Middlewares/ST/STM32_USB_Device_Library/Core/Src/usbd_ctlreq.c ****   * @param  pdev: device instance
 425:Middlewares/ST/STM32_USB_Device_Library/Core/Src/usbd_ctlreq.c ****   * @param  req: usb request
 426:Middlewares/ST/STM32_USB_Device_Library/Core/Src/usbd_ctlreq.c ****   * @retval None
 427:Middlewares/ST/STM32_USB_Device_Library/Core/Src/usbd_ctlreq.c ****   */
 428:Middlewares/ST/STM32_USB_Device_Library/Core/Src/usbd_ctlreq.c **** static void USBD_GetDescriptor(USBD_HandleTypeDef *pdev, USBD_SetupReqTypedef *req)
 429:Middlewares/ST/STM32_USB_Device_Library/Core/Src/usbd_ctlreq.c **** {
 430:Middlewares/ST/STM32_USB_Device_Library/Core/Src/usbd_ctlreq.c ****   uint16_t len = 0U;
ARM GAS  C:\Users\Made\AppData\Local\Temp\cc5wfdsS.s 			page 9


 431:Middlewares/ST/STM32_USB_Device_Library/Core/Src/usbd_ctlreq.c ****   uint8_t *pbuf = NULL;
 432:Middlewares/ST/STM32_USB_Device_Library/Core/Src/usbd_ctlreq.c ****   uint8_t err = 0U;
 433:Middlewares/ST/STM32_USB_Device_Library/Core/Src/usbd_ctlreq.c **** 
 434:Middlewares/ST/STM32_USB_Device_Library/Core/Src/usbd_ctlreq.c ****   switch (req->wValue >> 8)
 435:Middlewares/ST/STM32_USB_Device_Library/Core/Src/usbd_ctlreq.c ****   {
 436:Middlewares/ST/STM32_USB_Device_Library/Core/Src/usbd_ctlreq.c **** #if ((USBD_LPM_ENABLED == 1U) || (USBD_CLASS_BOS_ENABLED == 1U))
 437:Middlewares/ST/STM32_USB_Device_Library/Core/Src/usbd_ctlreq.c ****     case USB_DESC_TYPE_BOS:
 438:Middlewares/ST/STM32_USB_Device_Library/Core/Src/usbd_ctlreq.c ****       if (pdev->pDesc->GetBOSDescriptor != NULL)
 439:Middlewares/ST/STM32_USB_Device_Library/Core/Src/usbd_ctlreq.c ****       {
 440:Middlewares/ST/STM32_USB_Device_Library/Core/Src/usbd_ctlreq.c ****         pbuf = pdev->pDesc->GetBOSDescriptor(pdev->dev_speed, &len);
 441:Middlewares/ST/STM32_USB_Device_Library/Core/Src/usbd_ctlreq.c ****       }
 442:Middlewares/ST/STM32_USB_Device_Library/Core/Src/usbd_ctlreq.c ****       else
 443:Middlewares/ST/STM32_USB_Device_Library/Core/Src/usbd_ctlreq.c ****       {
 444:Middlewares/ST/STM32_USB_Device_Library/Core/Src/usbd_ctlreq.c ****         USBD_CtlError(pdev, req);
 445:Middlewares/ST/STM32_USB_Device_Library/Core/Src/usbd_ctlreq.c ****         err++;
 446:Middlewares/ST/STM32_USB_Device_Library/Core/Src/usbd_ctlreq.c ****       }
 447:Middlewares/ST/STM32_USB_Device_Library/Core/Src/usbd_ctlreq.c ****       break;
 448:Middlewares/ST/STM32_USB_Device_Library/Core/Src/usbd_ctlreq.c **** #endif /* (USBD_LPM_ENABLED == 1U) || (USBD_CLASS_BOS_ENABLED == 1U) */
 449:Middlewares/ST/STM32_USB_Device_Library/Core/Src/usbd_ctlreq.c ****     case USB_DESC_TYPE_DEVICE:
 450:Middlewares/ST/STM32_USB_Device_Library/Core/Src/usbd_ctlreq.c ****       pbuf = pdev->pDesc->GetDeviceDescriptor(pdev->dev_speed, &len);
 451:Middlewares/ST/STM32_USB_Device_Library/Core/Src/usbd_ctlreq.c ****       break;
 452:Middlewares/ST/STM32_USB_Device_Library/Core/Src/usbd_ctlreq.c **** 
 453:Middlewares/ST/STM32_USB_Device_Library/Core/Src/usbd_ctlreq.c ****     case USB_DESC_TYPE_CONFIGURATION:
 454:Middlewares/ST/STM32_USB_Device_Library/Core/Src/usbd_ctlreq.c ****       if (pdev->dev_speed == USBD_SPEED_HIGH)
 455:Middlewares/ST/STM32_USB_Device_Library/Core/Src/usbd_ctlreq.c ****       {
 456:Middlewares/ST/STM32_USB_Device_Library/Core/Src/usbd_ctlreq.c **** #ifdef USE_USBD_COMPOSITE
 457:Middlewares/ST/STM32_USB_Device_Library/Core/Src/usbd_ctlreq.c ****         if ((uint8_t)(pdev->NumClasses) > 0U)
 458:Middlewares/ST/STM32_USB_Device_Library/Core/Src/usbd_ctlreq.c ****         {
 459:Middlewares/ST/STM32_USB_Device_Library/Core/Src/usbd_ctlreq.c ****           pbuf = (uint8_t *)USBD_CMPSIT.GetHSConfigDescriptor(&len);
 460:Middlewares/ST/STM32_USB_Device_Library/Core/Src/usbd_ctlreq.c ****         }
 461:Middlewares/ST/STM32_USB_Device_Library/Core/Src/usbd_ctlreq.c ****         else
 462:Middlewares/ST/STM32_USB_Device_Library/Core/Src/usbd_ctlreq.c **** #endif /* USE_USBD_COMPOSITE */
 463:Middlewares/ST/STM32_USB_Device_Library/Core/Src/usbd_ctlreq.c ****         {
 464:Middlewares/ST/STM32_USB_Device_Library/Core/Src/usbd_ctlreq.c ****           pbuf = (uint8_t *)pdev->pClass[0]->GetHSConfigDescriptor(&len);
 465:Middlewares/ST/STM32_USB_Device_Library/Core/Src/usbd_ctlreq.c ****         }
 466:Middlewares/ST/STM32_USB_Device_Library/Core/Src/usbd_ctlreq.c ****         pbuf[1] = USB_DESC_TYPE_CONFIGURATION;
 467:Middlewares/ST/STM32_USB_Device_Library/Core/Src/usbd_ctlreq.c ****       }
 468:Middlewares/ST/STM32_USB_Device_Library/Core/Src/usbd_ctlreq.c ****       else
 469:Middlewares/ST/STM32_USB_Device_Library/Core/Src/usbd_ctlreq.c ****       {
 470:Middlewares/ST/STM32_USB_Device_Library/Core/Src/usbd_ctlreq.c **** #ifdef USE_USBD_COMPOSITE
 471:Middlewares/ST/STM32_USB_Device_Library/Core/Src/usbd_ctlreq.c ****         if ((uint8_t)(pdev->NumClasses) > 0U)
 472:Middlewares/ST/STM32_USB_Device_Library/Core/Src/usbd_ctlreq.c ****         {
 473:Middlewares/ST/STM32_USB_Device_Library/Core/Src/usbd_ctlreq.c ****           pbuf = (uint8_t *)USBD_CMPSIT.GetFSConfigDescriptor(&len);
 474:Middlewares/ST/STM32_USB_Device_Library/Core/Src/usbd_ctlreq.c ****         }
 475:Middlewares/ST/STM32_USB_Device_Library/Core/Src/usbd_ctlreq.c ****         else
 476:Middlewares/ST/STM32_USB_Device_Library/Core/Src/usbd_ctlreq.c **** #endif /* USE_USBD_COMPOSITE */
 477:Middlewares/ST/STM32_USB_Device_Library/Core/Src/usbd_ctlreq.c ****         {
 478:Middlewares/ST/STM32_USB_Device_Library/Core/Src/usbd_ctlreq.c ****           pbuf = (uint8_t *)pdev->pClass[0]->GetFSConfigDescriptor(&len);
 479:Middlewares/ST/STM32_USB_Device_Library/Core/Src/usbd_ctlreq.c ****         }
 480:Middlewares/ST/STM32_USB_Device_Library/Core/Src/usbd_ctlreq.c ****         pbuf[1] = USB_DESC_TYPE_CONFIGURATION;
 481:Middlewares/ST/STM32_USB_Device_Library/Core/Src/usbd_ctlreq.c ****       }
 482:Middlewares/ST/STM32_USB_Device_Library/Core/Src/usbd_ctlreq.c ****       break;
 483:Middlewares/ST/STM32_USB_Device_Library/Core/Src/usbd_ctlreq.c **** 
 484:Middlewares/ST/STM32_USB_Device_Library/Core/Src/usbd_ctlreq.c ****     case USB_DESC_TYPE_STRING:
 485:Middlewares/ST/STM32_USB_Device_Library/Core/Src/usbd_ctlreq.c ****       switch ((uint8_t)(req->wValue))
 486:Middlewares/ST/STM32_USB_Device_Library/Core/Src/usbd_ctlreq.c ****       {
 487:Middlewares/ST/STM32_USB_Device_Library/Core/Src/usbd_ctlreq.c ****         case USBD_IDX_LANGID_STR:
ARM GAS  C:\Users\Made\AppData\Local\Temp\cc5wfdsS.s 			page 10


 488:Middlewares/ST/STM32_USB_Device_Library/Core/Src/usbd_ctlreq.c ****           if (pdev->pDesc->GetLangIDStrDescriptor != NULL)
 489:Middlewares/ST/STM32_USB_Device_Library/Core/Src/usbd_ctlreq.c ****           {
 490:Middlewares/ST/STM32_USB_Device_Library/Core/Src/usbd_ctlreq.c ****             pbuf = pdev->pDesc->GetLangIDStrDescriptor(pdev->dev_speed, &len);
 491:Middlewares/ST/STM32_USB_Device_Library/Core/Src/usbd_ctlreq.c ****           }
 492:Middlewares/ST/STM32_USB_Device_Library/Core/Src/usbd_ctlreq.c ****           else
 493:Middlewares/ST/STM32_USB_Device_Library/Core/Src/usbd_ctlreq.c ****           {
 494:Middlewares/ST/STM32_USB_Device_Library/Core/Src/usbd_ctlreq.c ****             USBD_CtlError(pdev, req);
 495:Middlewares/ST/STM32_USB_Device_Library/Core/Src/usbd_ctlreq.c ****             err++;
 496:Middlewares/ST/STM32_USB_Device_Library/Core/Src/usbd_ctlreq.c ****           }
 497:Middlewares/ST/STM32_USB_Device_Library/Core/Src/usbd_ctlreq.c ****           break;
 498:Middlewares/ST/STM32_USB_Device_Library/Core/Src/usbd_ctlreq.c **** 
 499:Middlewares/ST/STM32_USB_Device_Library/Core/Src/usbd_ctlreq.c ****         case USBD_IDX_MFC_STR:
 500:Middlewares/ST/STM32_USB_Device_Library/Core/Src/usbd_ctlreq.c ****           if (pdev->pDesc->GetManufacturerStrDescriptor != NULL)
 501:Middlewares/ST/STM32_USB_Device_Library/Core/Src/usbd_ctlreq.c ****           {
 502:Middlewares/ST/STM32_USB_Device_Library/Core/Src/usbd_ctlreq.c ****             pbuf = pdev->pDesc->GetManufacturerStrDescriptor(pdev->dev_speed, &len);
 503:Middlewares/ST/STM32_USB_Device_Library/Core/Src/usbd_ctlreq.c ****           }
 504:Middlewares/ST/STM32_USB_Device_Library/Core/Src/usbd_ctlreq.c ****           else
 505:Middlewares/ST/STM32_USB_Device_Library/Core/Src/usbd_ctlreq.c ****           {
 506:Middlewares/ST/STM32_USB_Device_Library/Core/Src/usbd_ctlreq.c ****             USBD_CtlError(pdev, req);
 507:Middlewares/ST/STM32_USB_Device_Library/Core/Src/usbd_ctlreq.c ****             err++;
 508:Middlewares/ST/STM32_USB_Device_Library/Core/Src/usbd_ctlreq.c ****           }
 509:Middlewares/ST/STM32_USB_Device_Library/Core/Src/usbd_ctlreq.c ****           break;
 510:Middlewares/ST/STM32_USB_Device_Library/Core/Src/usbd_ctlreq.c **** 
 511:Middlewares/ST/STM32_USB_Device_Library/Core/Src/usbd_ctlreq.c ****         case USBD_IDX_PRODUCT_STR:
 512:Middlewares/ST/STM32_USB_Device_Library/Core/Src/usbd_ctlreq.c ****           if (pdev->pDesc->GetProductStrDescriptor != NULL)
 513:Middlewares/ST/STM32_USB_Device_Library/Core/Src/usbd_ctlreq.c ****           {
 514:Middlewares/ST/STM32_USB_Device_Library/Core/Src/usbd_ctlreq.c ****             pbuf = pdev->pDesc->GetProductStrDescriptor(pdev->dev_speed, &len);
 515:Middlewares/ST/STM32_USB_Device_Library/Core/Src/usbd_ctlreq.c ****           }
 516:Middlewares/ST/STM32_USB_Device_Library/Core/Src/usbd_ctlreq.c ****           else
 517:Middlewares/ST/STM32_USB_Device_Library/Core/Src/usbd_ctlreq.c ****           {
 518:Middlewares/ST/STM32_USB_Device_Library/Core/Src/usbd_ctlreq.c ****             USBD_CtlError(pdev, req);
 519:Middlewares/ST/STM32_USB_Device_Library/Core/Src/usbd_ctlreq.c ****             err++;
 520:Middlewares/ST/STM32_USB_Device_Library/Core/Src/usbd_ctlreq.c ****           }
 521:Middlewares/ST/STM32_USB_Device_Library/Core/Src/usbd_ctlreq.c ****           break;
 522:Middlewares/ST/STM32_USB_Device_Library/Core/Src/usbd_ctlreq.c **** 
 523:Middlewares/ST/STM32_USB_Device_Library/Core/Src/usbd_ctlreq.c ****         case USBD_IDX_SERIAL_STR:
 524:Middlewares/ST/STM32_USB_Device_Library/Core/Src/usbd_ctlreq.c ****           if (pdev->pDesc->GetSerialStrDescriptor != NULL)
 525:Middlewares/ST/STM32_USB_Device_Library/Core/Src/usbd_ctlreq.c ****           {
 526:Middlewares/ST/STM32_USB_Device_Library/Core/Src/usbd_ctlreq.c ****             pbuf = pdev->pDesc->GetSerialStrDescriptor(pdev->dev_speed, &len);
 527:Middlewares/ST/STM32_USB_Device_Library/Core/Src/usbd_ctlreq.c ****           }
 528:Middlewares/ST/STM32_USB_Device_Library/Core/Src/usbd_ctlreq.c ****           else
 529:Middlewares/ST/STM32_USB_Device_Library/Core/Src/usbd_ctlreq.c ****           {
 530:Middlewares/ST/STM32_USB_Device_Library/Core/Src/usbd_ctlreq.c ****             USBD_CtlError(pdev, req);
 531:Middlewares/ST/STM32_USB_Device_Library/Core/Src/usbd_ctlreq.c ****             err++;
 532:Middlewares/ST/STM32_USB_Device_Library/Core/Src/usbd_ctlreq.c ****           }
 533:Middlewares/ST/STM32_USB_Device_Library/Core/Src/usbd_ctlreq.c ****           break;
 534:Middlewares/ST/STM32_USB_Device_Library/Core/Src/usbd_ctlreq.c **** 
 535:Middlewares/ST/STM32_USB_Device_Library/Core/Src/usbd_ctlreq.c ****         case USBD_IDX_CONFIG_STR:
 536:Middlewares/ST/STM32_USB_Device_Library/Core/Src/usbd_ctlreq.c ****           if (pdev->pDesc->GetConfigurationStrDescriptor != NULL)
 537:Middlewares/ST/STM32_USB_Device_Library/Core/Src/usbd_ctlreq.c ****           {
 538:Middlewares/ST/STM32_USB_Device_Library/Core/Src/usbd_ctlreq.c ****             pbuf = pdev->pDesc->GetConfigurationStrDescriptor(pdev->dev_speed, &len);
 539:Middlewares/ST/STM32_USB_Device_Library/Core/Src/usbd_ctlreq.c ****           }
 540:Middlewares/ST/STM32_USB_Device_Library/Core/Src/usbd_ctlreq.c ****           else
 541:Middlewares/ST/STM32_USB_Device_Library/Core/Src/usbd_ctlreq.c ****           {
 542:Middlewares/ST/STM32_USB_Device_Library/Core/Src/usbd_ctlreq.c ****             USBD_CtlError(pdev, req);
 543:Middlewares/ST/STM32_USB_Device_Library/Core/Src/usbd_ctlreq.c ****             err++;
 544:Middlewares/ST/STM32_USB_Device_Library/Core/Src/usbd_ctlreq.c ****           }
ARM GAS  C:\Users\Made\AppData\Local\Temp\cc5wfdsS.s 			page 11


 545:Middlewares/ST/STM32_USB_Device_Library/Core/Src/usbd_ctlreq.c ****           break;
 546:Middlewares/ST/STM32_USB_Device_Library/Core/Src/usbd_ctlreq.c **** 
 547:Middlewares/ST/STM32_USB_Device_Library/Core/Src/usbd_ctlreq.c ****         case USBD_IDX_INTERFACE_STR:
 548:Middlewares/ST/STM32_USB_Device_Library/Core/Src/usbd_ctlreq.c ****           if (pdev->pDesc->GetInterfaceStrDescriptor != NULL)
 549:Middlewares/ST/STM32_USB_Device_Library/Core/Src/usbd_ctlreq.c ****           {
 550:Middlewares/ST/STM32_USB_Device_Library/Core/Src/usbd_ctlreq.c ****             pbuf = pdev->pDesc->GetInterfaceStrDescriptor(pdev->dev_speed, &len);
 551:Middlewares/ST/STM32_USB_Device_Library/Core/Src/usbd_ctlreq.c ****           }
 552:Middlewares/ST/STM32_USB_Device_Library/Core/Src/usbd_ctlreq.c ****           else
 553:Middlewares/ST/STM32_USB_Device_Library/Core/Src/usbd_ctlreq.c ****           {
 554:Middlewares/ST/STM32_USB_Device_Library/Core/Src/usbd_ctlreq.c ****             USBD_CtlError(pdev, req);
 555:Middlewares/ST/STM32_USB_Device_Library/Core/Src/usbd_ctlreq.c ****             err++;
 556:Middlewares/ST/STM32_USB_Device_Library/Core/Src/usbd_ctlreq.c ****           }
 557:Middlewares/ST/STM32_USB_Device_Library/Core/Src/usbd_ctlreq.c ****           break;
 558:Middlewares/ST/STM32_USB_Device_Library/Core/Src/usbd_ctlreq.c **** 
 559:Middlewares/ST/STM32_USB_Device_Library/Core/Src/usbd_ctlreq.c ****         default:
 560:Middlewares/ST/STM32_USB_Device_Library/Core/Src/usbd_ctlreq.c **** #if (USBD_SUPPORT_USER_STRING_DESC == 1U)
 561:Middlewares/ST/STM32_USB_Device_Library/Core/Src/usbd_ctlreq.c ****           pbuf = NULL;
 562:Middlewares/ST/STM32_USB_Device_Library/Core/Src/usbd_ctlreq.c **** 
 563:Middlewares/ST/STM32_USB_Device_Library/Core/Src/usbd_ctlreq.c ****           for (uint32_t idx = 0U; (idx < pdev->NumClasses); idx++)
 564:Middlewares/ST/STM32_USB_Device_Library/Core/Src/usbd_ctlreq.c ****           {
 565:Middlewares/ST/STM32_USB_Device_Library/Core/Src/usbd_ctlreq.c ****             if (pdev->pClass[idx]->GetUsrStrDescriptor != NULL)
 566:Middlewares/ST/STM32_USB_Device_Library/Core/Src/usbd_ctlreq.c ****             {
 567:Middlewares/ST/STM32_USB_Device_Library/Core/Src/usbd_ctlreq.c ****               pdev->classId = idx;
 568:Middlewares/ST/STM32_USB_Device_Library/Core/Src/usbd_ctlreq.c ****               pbuf = pdev->pClass[idx]->GetUsrStrDescriptor(pdev, LOBYTE(req->wValue), &len);
 569:Middlewares/ST/STM32_USB_Device_Library/Core/Src/usbd_ctlreq.c **** 
 570:Middlewares/ST/STM32_USB_Device_Library/Core/Src/usbd_ctlreq.c ****               if (pbuf == NULL) /* This means that no class recognized the string index */
 571:Middlewares/ST/STM32_USB_Device_Library/Core/Src/usbd_ctlreq.c ****               {
 572:Middlewares/ST/STM32_USB_Device_Library/Core/Src/usbd_ctlreq.c ****                 continue;
 573:Middlewares/ST/STM32_USB_Device_Library/Core/Src/usbd_ctlreq.c ****               }
 574:Middlewares/ST/STM32_USB_Device_Library/Core/Src/usbd_ctlreq.c ****               else
 575:Middlewares/ST/STM32_USB_Device_Library/Core/Src/usbd_ctlreq.c ****               {
 576:Middlewares/ST/STM32_USB_Device_Library/Core/Src/usbd_ctlreq.c ****                 break;
 577:Middlewares/ST/STM32_USB_Device_Library/Core/Src/usbd_ctlreq.c ****               }
 578:Middlewares/ST/STM32_USB_Device_Library/Core/Src/usbd_ctlreq.c ****             }
 579:Middlewares/ST/STM32_USB_Device_Library/Core/Src/usbd_ctlreq.c ****           }
 580:Middlewares/ST/STM32_USB_Device_Library/Core/Src/usbd_ctlreq.c **** #endif /* USBD_SUPPORT_USER_STRING_DESC  */
 581:Middlewares/ST/STM32_USB_Device_Library/Core/Src/usbd_ctlreq.c **** 
 582:Middlewares/ST/STM32_USB_Device_Library/Core/Src/usbd_ctlreq.c **** #if (USBD_CLASS_USER_STRING_DESC == 1U)
 583:Middlewares/ST/STM32_USB_Device_Library/Core/Src/usbd_ctlreq.c ****           if (pdev->pDesc->GetUserStrDescriptor != NULL)
 584:Middlewares/ST/STM32_USB_Device_Library/Core/Src/usbd_ctlreq.c ****           {
 585:Middlewares/ST/STM32_USB_Device_Library/Core/Src/usbd_ctlreq.c ****             pbuf = pdev->pDesc->GetUserStrDescriptor(pdev->dev_speed, LOBYTE(req->wValue), &len);
 586:Middlewares/ST/STM32_USB_Device_Library/Core/Src/usbd_ctlreq.c ****           }
 587:Middlewares/ST/STM32_USB_Device_Library/Core/Src/usbd_ctlreq.c ****           else
 588:Middlewares/ST/STM32_USB_Device_Library/Core/Src/usbd_ctlreq.c ****           {
 589:Middlewares/ST/STM32_USB_Device_Library/Core/Src/usbd_ctlreq.c ****             USBD_CtlError(pdev, req);
 590:Middlewares/ST/STM32_USB_Device_Library/Core/Src/usbd_ctlreq.c ****             err++;
 591:Middlewares/ST/STM32_USB_Device_Library/Core/Src/usbd_ctlreq.c ****           }
 592:Middlewares/ST/STM32_USB_Device_Library/Core/Src/usbd_ctlreq.c **** #endif /* USBD_SUPPORT_USER_STRING_DESC  */
 593:Middlewares/ST/STM32_USB_Device_Library/Core/Src/usbd_ctlreq.c **** 
 594:Middlewares/ST/STM32_USB_Device_Library/Core/Src/usbd_ctlreq.c **** #if ((USBD_CLASS_USER_STRING_DESC == 0U) && (USBD_SUPPORT_USER_STRING_DESC == 0U))
 595:Middlewares/ST/STM32_USB_Device_Library/Core/Src/usbd_ctlreq.c ****           USBD_CtlError(pdev, req);
 596:Middlewares/ST/STM32_USB_Device_Library/Core/Src/usbd_ctlreq.c ****           err++;
 597:Middlewares/ST/STM32_USB_Device_Library/Core/Src/usbd_ctlreq.c **** #endif /* (USBD_CLASS_USER_STRING_DESC == 0U) && (USBD_SUPPORT_USER_STRING_DESC == 0U) */
 598:Middlewares/ST/STM32_USB_Device_Library/Core/Src/usbd_ctlreq.c ****           break;
 599:Middlewares/ST/STM32_USB_Device_Library/Core/Src/usbd_ctlreq.c ****       }
 600:Middlewares/ST/STM32_USB_Device_Library/Core/Src/usbd_ctlreq.c ****       break;
 601:Middlewares/ST/STM32_USB_Device_Library/Core/Src/usbd_ctlreq.c **** 
ARM GAS  C:\Users\Made\AppData\Local\Temp\cc5wfdsS.s 			page 12


 602:Middlewares/ST/STM32_USB_Device_Library/Core/Src/usbd_ctlreq.c ****     case USB_DESC_TYPE_DEVICE_QUALIFIER:
 603:Middlewares/ST/STM32_USB_Device_Library/Core/Src/usbd_ctlreq.c ****       if (pdev->dev_speed == USBD_SPEED_HIGH)
 604:Middlewares/ST/STM32_USB_Device_Library/Core/Src/usbd_ctlreq.c ****       {
 605:Middlewares/ST/STM32_USB_Device_Library/Core/Src/usbd_ctlreq.c **** #ifdef USE_USBD_COMPOSITE
 606:Middlewares/ST/STM32_USB_Device_Library/Core/Src/usbd_ctlreq.c ****         if ((uint8_t)(pdev->NumClasses) > 0U)
 607:Middlewares/ST/STM32_USB_Device_Library/Core/Src/usbd_ctlreq.c ****         {
 608:Middlewares/ST/STM32_USB_Device_Library/Core/Src/usbd_ctlreq.c ****           pbuf = (uint8_t *)USBD_CMPSIT.GetDeviceQualifierDescriptor(&len);
 609:Middlewares/ST/STM32_USB_Device_Library/Core/Src/usbd_ctlreq.c ****         }
 610:Middlewares/ST/STM32_USB_Device_Library/Core/Src/usbd_ctlreq.c ****         else
 611:Middlewares/ST/STM32_USB_Device_Library/Core/Src/usbd_ctlreq.c **** #endif /* USE_USBD_COMPOSITE */
 612:Middlewares/ST/STM32_USB_Device_Library/Core/Src/usbd_ctlreq.c ****         {
 613:Middlewares/ST/STM32_USB_Device_Library/Core/Src/usbd_ctlreq.c ****           pbuf = (uint8_t *)pdev->pClass[0]->GetDeviceQualifierDescriptor(&len);
 614:Middlewares/ST/STM32_USB_Device_Library/Core/Src/usbd_ctlreq.c ****         }
 615:Middlewares/ST/STM32_USB_Device_Library/Core/Src/usbd_ctlreq.c ****       }
 616:Middlewares/ST/STM32_USB_Device_Library/Core/Src/usbd_ctlreq.c ****       else
 617:Middlewares/ST/STM32_USB_Device_Library/Core/Src/usbd_ctlreq.c ****       {
 618:Middlewares/ST/STM32_USB_Device_Library/Core/Src/usbd_ctlreq.c ****         USBD_CtlError(pdev, req);
 619:Middlewares/ST/STM32_USB_Device_Library/Core/Src/usbd_ctlreq.c ****         err++;
 620:Middlewares/ST/STM32_USB_Device_Library/Core/Src/usbd_ctlreq.c ****       }
 621:Middlewares/ST/STM32_USB_Device_Library/Core/Src/usbd_ctlreq.c ****       break;
 622:Middlewares/ST/STM32_USB_Device_Library/Core/Src/usbd_ctlreq.c **** 
 623:Middlewares/ST/STM32_USB_Device_Library/Core/Src/usbd_ctlreq.c ****     case USB_DESC_TYPE_OTHER_SPEED_CONFIGURATION:
 624:Middlewares/ST/STM32_USB_Device_Library/Core/Src/usbd_ctlreq.c ****       if (pdev->dev_speed == USBD_SPEED_HIGH)
 625:Middlewares/ST/STM32_USB_Device_Library/Core/Src/usbd_ctlreq.c ****       {
 626:Middlewares/ST/STM32_USB_Device_Library/Core/Src/usbd_ctlreq.c **** #ifdef USE_USBD_COMPOSITE
 627:Middlewares/ST/STM32_USB_Device_Library/Core/Src/usbd_ctlreq.c ****         if ((uint8_t)(pdev->NumClasses) > 0U)
 628:Middlewares/ST/STM32_USB_Device_Library/Core/Src/usbd_ctlreq.c ****         {
 629:Middlewares/ST/STM32_USB_Device_Library/Core/Src/usbd_ctlreq.c ****           pbuf = (uint8_t *)USBD_CMPSIT.GetOtherSpeedConfigDescriptor(&len);
 630:Middlewares/ST/STM32_USB_Device_Library/Core/Src/usbd_ctlreq.c ****         }
 631:Middlewares/ST/STM32_USB_Device_Library/Core/Src/usbd_ctlreq.c ****         else
 632:Middlewares/ST/STM32_USB_Device_Library/Core/Src/usbd_ctlreq.c **** #endif /* USE_USBD_COMPOSITE */
 633:Middlewares/ST/STM32_USB_Device_Library/Core/Src/usbd_ctlreq.c ****         {
 634:Middlewares/ST/STM32_USB_Device_Library/Core/Src/usbd_ctlreq.c ****           pbuf = (uint8_t *)pdev->pClass[0]->GetOtherSpeedConfigDescriptor(&len);
 635:Middlewares/ST/STM32_USB_Device_Library/Core/Src/usbd_ctlreq.c ****         }
 636:Middlewares/ST/STM32_USB_Device_Library/Core/Src/usbd_ctlreq.c ****         pbuf[1] = USB_DESC_TYPE_OTHER_SPEED_CONFIGURATION;
 637:Middlewares/ST/STM32_USB_Device_Library/Core/Src/usbd_ctlreq.c ****       }
 638:Middlewares/ST/STM32_USB_Device_Library/Core/Src/usbd_ctlreq.c ****       else
 639:Middlewares/ST/STM32_USB_Device_Library/Core/Src/usbd_ctlreq.c ****       {
 640:Middlewares/ST/STM32_USB_Device_Library/Core/Src/usbd_ctlreq.c ****         USBD_CtlError(pdev, req);
 641:Middlewares/ST/STM32_USB_Device_Library/Core/Src/usbd_ctlreq.c ****         err++;
 642:Middlewares/ST/STM32_USB_Device_Library/Core/Src/usbd_ctlreq.c ****       }
 643:Middlewares/ST/STM32_USB_Device_Library/Core/Src/usbd_ctlreq.c ****       break;
 644:Middlewares/ST/STM32_USB_Device_Library/Core/Src/usbd_ctlreq.c **** 
 645:Middlewares/ST/STM32_USB_Device_Library/Core/Src/usbd_ctlreq.c ****     default:
 646:Middlewares/ST/STM32_USB_Device_Library/Core/Src/usbd_ctlreq.c ****       USBD_CtlError(pdev, req);
 647:Middlewares/ST/STM32_USB_Device_Library/Core/Src/usbd_ctlreq.c ****       err++;
 648:Middlewares/ST/STM32_USB_Device_Library/Core/Src/usbd_ctlreq.c ****       break;
 649:Middlewares/ST/STM32_USB_Device_Library/Core/Src/usbd_ctlreq.c ****   }
 650:Middlewares/ST/STM32_USB_Device_Library/Core/Src/usbd_ctlreq.c **** 
 651:Middlewares/ST/STM32_USB_Device_Library/Core/Src/usbd_ctlreq.c ****   if (err != 0U)
 652:Middlewares/ST/STM32_USB_Device_Library/Core/Src/usbd_ctlreq.c ****   {
 653:Middlewares/ST/STM32_USB_Device_Library/Core/Src/usbd_ctlreq.c ****     return;
 654:Middlewares/ST/STM32_USB_Device_Library/Core/Src/usbd_ctlreq.c ****   }
 655:Middlewares/ST/STM32_USB_Device_Library/Core/Src/usbd_ctlreq.c **** 
 656:Middlewares/ST/STM32_USB_Device_Library/Core/Src/usbd_ctlreq.c ****   if (req->wLength != 0U)
 657:Middlewares/ST/STM32_USB_Device_Library/Core/Src/usbd_ctlreq.c ****   {
 658:Middlewares/ST/STM32_USB_Device_Library/Core/Src/usbd_ctlreq.c ****     if (len != 0U)
ARM GAS  C:\Users\Made\AppData\Local\Temp\cc5wfdsS.s 			page 13


 659:Middlewares/ST/STM32_USB_Device_Library/Core/Src/usbd_ctlreq.c ****     {
 660:Middlewares/ST/STM32_USB_Device_Library/Core/Src/usbd_ctlreq.c ****       len = MIN(len, req->wLength);
 661:Middlewares/ST/STM32_USB_Device_Library/Core/Src/usbd_ctlreq.c ****       (void)USBD_CtlSendData(pdev, pbuf, len);
 662:Middlewares/ST/STM32_USB_Device_Library/Core/Src/usbd_ctlreq.c ****     }
 663:Middlewares/ST/STM32_USB_Device_Library/Core/Src/usbd_ctlreq.c ****     else
 664:Middlewares/ST/STM32_USB_Device_Library/Core/Src/usbd_ctlreq.c ****     {
 665:Middlewares/ST/STM32_USB_Device_Library/Core/Src/usbd_ctlreq.c ****       USBD_CtlError(pdev, req);
 666:Middlewares/ST/STM32_USB_Device_Library/Core/Src/usbd_ctlreq.c ****     }
 667:Middlewares/ST/STM32_USB_Device_Library/Core/Src/usbd_ctlreq.c ****   }
 668:Middlewares/ST/STM32_USB_Device_Library/Core/Src/usbd_ctlreq.c ****   else
 669:Middlewares/ST/STM32_USB_Device_Library/Core/Src/usbd_ctlreq.c ****   {
 670:Middlewares/ST/STM32_USB_Device_Library/Core/Src/usbd_ctlreq.c ****     (void)USBD_CtlSendStatus(pdev);
 671:Middlewares/ST/STM32_USB_Device_Library/Core/Src/usbd_ctlreq.c ****   }
 672:Middlewares/ST/STM32_USB_Device_Library/Core/Src/usbd_ctlreq.c **** }
 673:Middlewares/ST/STM32_USB_Device_Library/Core/Src/usbd_ctlreq.c **** 
 674:Middlewares/ST/STM32_USB_Device_Library/Core/Src/usbd_ctlreq.c **** 
 675:Middlewares/ST/STM32_USB_Device_Library/Core/Src/usbd_ctlreq.c **** /**
 676:Middlewares/ST/STM32_USB_Device_Library/Core/Src/usbd_ctlreq.c ****   * @brief  USBD_SetAddress
 677:Middlewares/ST/STM32_USB_Device_Library/Core/Src/usbd_ctlreq.c ****   *         Set device address
 678:Middlewares/ST/STM32_USB_Device_Library/Core/Src/usbd_ctlreq.c ****   * @param  pdev: device instance
 679:Middlewares/ST/STM32_USB_Device_Library/Core/Src/usbd_ctlreq.c ****   * @param  req: usb request
 680:Middlewares/ST/STM32_USB_Device_Library/Core/Src/usbd_ctlreq.c ****   * @retval None
 681:Middlewares/ST/STM32_USB_Device_Library/Core/Src/usbd_ctlreq.c ****   */
 682:Middlewares/ST/STM32_USB_Device_Library/Core/Src/usbd_ctlreq.c **** static void USBD_SetAddress(USBD_HandleTypeDef *pdev, USBD_SetupReqTypedef *req)
 683:Middlewares/ST/STM32_USB_Device_Library/Core/Src/usbd_ctlreq.c **** {
 684:Middlewares/ST/STM32_USB_Device_Library/Core/Src/usbd_ctlreq.c ****   uint8_t  dev_addr;
 685:Middlewares/ST/STM32_USB_Device_Library/Core/Src/usbd_ctlreq.c **** 
 686:Middlewares/ST/STM32_USB_Device_Library/Core/Src/usbd_ctlreq.c ****   if ((req->wIndex == 0U) && (req->wLength == 0U) && (req->wValue < 128U))
 687:Middlewares/ST/STM32_USB_Device_Library/Core/Src/usbd_ctlreq.c ****   {
 688:Middlewares/ST/STM32_USB_Device_Library/Core/Src/usbd_ctlreq.c ****     dev_addr = (uint8_t)(req->wValue) & 0x7FU;
 689:Middlewares/ST/STM32_USB_Device_Library/Core/Src/usbd_ctlreq.c **** 
 690:Middlewares/ST/STM32_USB_Device_Library/Core/Src/usbd_ctlreq.c ****     if (pdev->dev_state == USBD_STATE_CONFIGURED)
 691:Middlewares/ST/STM32_USB_Device_Library/Core/Src/usbd_ctlreq.c ****     {
 692:Middlewares/ST/STM32_USB_Device_Library/Core/Src/usbd_ctlreq.c ****       USBD_CtlError(pdev, req);
 693:Middlewares/ST/STM32_USB_Device_Library/Core/Src/usbd_ctlreq.c ****     }
 694:Middlewares/ST/STM32_USB_Device_Library/Core/Src/usbd_ctlreq.c ****     else
 695:Middlewares/ST/STM32_USB_Device_Library/Core/Src/usbd_ctlreq.c ****     {
 696:Middlewares/ST/STM32_USB_Device_Library/Core/Src/usbd_ctlreq.c ****       pdev->dev_address = dev_addr;
 697:Middlewares/ST/STM32_USB_Device_Library/Core/Src/usbd_ctlreq.c ****       (void)USBD_LL_SetUSBAddress(pdev, dev_addr);
 698:Middlewares/ST/STM32_USB_Device_Library/Core/Src/usbd_ctlreq.c ****       (void)USBD_CtlSendStatus(pdev);
 699:Middlewares/ST/STM32_USB_Device_Library/Core/Src/usbd_ctlreq.c **** 
 700:Middlewares/ST/STM32_USB_Device_Library/Core/Src/usbd_ctlreq.c ****       if (dev_addr != 0U)
 701:Middlewares/ST/STM32_USB_Device_Library/Core/Src/usbd_ctlreq.c ****       {
 702:Middlewares/ST/STM32_USB_Device_Library/Core/Src/usbd_ctlreq.c ****         pdev->dev_state = USBD_STATE_ADDRESSED;
 703:Middlewares/ST/STM32_USB_Device_Library/Core/Src/usbd_ctlreq.c ****       }
 704:Middlewares/ST/STM32_USB_Device_Library/Core/Src/usbd_ctlreq.c ****       else
 705:Middlewares/ST/STM32_USB_Device_Library/Core/Src/usbd_ctlreq.c ****       {
 706:Middlewares/ST/STM32_USB_Device_Library/Core/Src/usbd_ctlreq.c ****         pdev->dev_state = USBD_STATE_DEFAULT;
 707:Middlewares/ST/STM32_USB_Device_Library/Core/Src/usbd_ctlreq.c ****       }
 708:Middlewares/ST/STM32_USB_Device_Library/Core/Src/usbd_ctlreq.c ****     }
 709:Middlewares/ST/STM32_USB_Device_Library/Core/Src/usbd_ctlreq.c ****   }
 710:Middlewares/ST/STM32_USB_Device_Library/Core/Src/usbd_ctlreq.c ****   else
 711:Middlewares/ST/STM32_USB_Device_Library/Core/Src/usbd_ctlreq.c ****   {
 712:Middlewares/ST/STM32_USB_Device_Library/Core/Src/usbd_ctlreq.c ****     USBD_CtlError(pdev, req);
 713:Middlewares/ST/STM32_USB_Device_Library/Core/Src/usbd_ctlreq.c ****   }
 714:Middlewares/ST/STM32_USB_Device_Library/Core/Src/usbd_ctlreq.c **** }
 715:Middlewares/ST/STM32_USB_Device_Library/Core/Src/usbd_ctlreq.c **** 
ARM GAS  C:\Users\Made\AppData\Local\Temp\cc5wfdsS.s 			page 14


 716:Middlewares/ST/STM32_USB_Device_Library/Core/Src/usbd_ctlreq.c **** /**
 717:Middlewares/ST/STM32_USB_Device_Library/Core/Src/usbd_ctlreq.c ****   * @brief  USBD_SetConfig
 718:Middlewares/ST/STM32_USB_Device_Library/Core/Src/usbd_ctlreq.c ****   *         Handle Set device configuration request
 719:Middlewares/ST/STM32_USB_Device_Library/Core/Src/usbd_ctlreq.c ****   * @param  pdev: device instance
 720:Middlewares/ST/STM32_USB_Device_Library/Core/Src/usbd_ctlreq.c ****   * @param  req: usb request
 721:Middlewares/ST/STM32_USB_Device_Library/Core/Src/usbd_ctlreq.c ****   * @retval status
 722:Middlewares/ST/STM32_USB_Device_Library/Core/Src/usbd_ctlreq.c ****   */
 723:Middlewares/ST/STM32_USB_Device_Library/Core/Src/usbd_ctlreq.c **** static USBD_StatusTypeDef USBD_SetConfig(USBD_HandleTypeDef *pdev, USBD_SetupReqTypedef *req)
 724:Middlewares/ST/STM32_USB_Device_Library/Core/Src/usbd_ctlreq.c **** {
 725:Middlewares/ST/STM32_USB_Device_Library/Core/Src/usbd_ctlreq.c ****   USBD_StatusTypeDef ret = USBD_OK;
 726:Middlewares/ST/STM32_USB_Device_Library/Core/Src/usbd_ctlreq.c ****   static uint8_t cfgidx;
 727:Middlewares/ST/STM32_USB_Device_Library/Core/Src/usbd_ctlreq.c **** 
 728:Middlewares/ST/STM32_USB_Device_Library/Core/Src/usbd_ctlreq.c ****   cfgidx = (uint8_t)(req->wValue);
 729:Middlewares/ST/STM32_USB_Device_Library/Core/Src/usbd_ctlreq.c **** 
 730:Middlewares/ST/STM32_USB_Device_Library/Core/Src/usbd_ctlreq.c ****   if (cfgidx > USBD_MAX_NUM_CONFIGURATION)
 731:Middlewares/ST/STM32_USB_Device_Library/Core/Src/usbd_ctlreq.c ****   {
 732:Middlewares/ST/STM32_USB_Device_Library/Core/Src/usbd_ctlreq.c ****     USBD_CtlError(pdev, req);
 733:Middlewares/ST/STM32_USB_Device_Library/Core/Src/usbd_ctlreq.c ****     return USBD_FAIL;
 734:Middlewares/ST/STM32_USB_Device_Library/Core/Src/usbd_ctlreq.c ****   }
 735:Middlewares/ST/STM32_USB_Device_Library/Core/Src/usbd_ctlreq.c **** 
 736:Middlewares/ST/STM32_USB_Device_Library/Core/Src/usbd_ctlreq.c ****   switch (pdev->dev_state)
 737:Middlewares/ST/STM32_USB_Device_Library/Core/Src/usbd_ctlreq.c ****   {
 738:Middlewares/ST/STM32_USB_Device_Library/Core/Src/usbd_ctlreq.c ****     case USBD_STATE_ADDRESSED:
 739:Middlewares/ST/STM32_USB_Device_Library/Core/Src/usbd_ctlreq.c ****       if (cfgidx != 0U)
 740:Middlewares/ST/STM32_USB_Device_Library/Core/Src/usbd_ctlreq.c ****       {
 741:Middlewares/ST/STM32_USB_Device_Library/Core/Src/usbd_ctlreq.c ****         pdev->dev_config = cfgidx;
 742:Middlewares/ST/STM32_USB_Device_Library/Core/Src/usbd_ctlreq.c **** 
 743:Middlewares/ST/STM32_USB_Device_Library/Core/Src/usbd_ctlreq.c ****         ret = USBD_SetClassConfig(pdev, cfgidx);
 744:Middlewares/ST/STM32_USB_Device_Library/Core/Src/usbd_ctlreq.c **** 
 745:Middlewares/ST/STM32_USB_Device_Library/Core/Src/usbd_ctlreq.c ****         if (ret != USBD_OK)
 746:Middlewares/ST/STM32_USB_Device_Library/Core/Src/usbd_ctlreq.c ****         {
 747:Middlewares/ST/STM32_USB_Device_Library/Core/Src/usbd_ctlreq.c ****           USBD_CtlError(pdev, req);
 748:Middlewares/ST/STM32_USB_Device_Library/Core/Src/usbd_ctlreq.c ****           pdev->dev_state = USBD_STATE_ADDRESSED;
 749:Middlewares/ST/STM32_USB_Device_Library/Core/Src/usbd_ctlreq.c ****         }
 750:Middlewares/ST/STM32_USB_Device_Library/Core/Src/usbd_ctlreq.c ****         else
 751:Middlewares/ST/STM32_USB_Device_Library/Core/Src/usbd_ctlreq.c ****         {
 752:Middlewares/ST/STM32_USB_Device_Library/Core/Src/usbd_ctlreq.c ****           (void)USBD_CtlSendStatus(pdev);
 753:Middlewares/ST/STM32_USB_Device_Library/Core/Src/usbd_ctlreq.c ****           pdev->dev_state = USBD_STATE_CONFIGURED;
 754:Middlewares/ST/STM32_USB_Device_Library/Core/Src/usbd_ctlreq.c **** 
 755:Middlewares/ST/STM32_USB_Device_Library/Core/Src/usbd_ctlreq.c **** #if (USBD_USER_REGISTER_CALLBACK == 1U)
 756:Middlewares/ST/STM32_USB_Device_Library/Core/Src/usbd_ctlreq.c ****           if (pdev->DevStateCallback != NULL)
 757:Middlewares/ST/STM32_USB_Device_Library/Core/Src/usbd_ctlreq.c ****           {
 758:Middlewares/ST/STM32_USB_Device_Library/Core/Src/usbd_ctlreq.c ****             pdev->DevStateCallback(USBD_STATE_CONFIGURED, cfgidx);
 759:Middlewares/ST/STM32_USB_Device_Library/Core/Src/usbd_ctlreq.c ****           }
 760:Middlewares/ST/STM32_USB_Device_Library/Core/Src/usbd_ctlreq.c **** #endif /* USBD_USER_REGISTER_CALLBACK */
 761:Middlewares/ST/STM32_USB_Device_Library/Core/Src/usbd_ctlreq.c ****         }
 762:Middlewares/ST/STM32_USB_Device_Library/Core/Src/usbd_ctlreq.c ****       }
 763:Middlewares/ST/STM32_USB_Device_Library/Core/Src/usbd_ctlreq.c ****       else
 764:Middlewares/ST/STM32_USB_Device_Library/Core/Src/usbd_ctlreq.c ****       {
 765:Middlewares/ST/STM32_USB_Device_Library/Core/Src/usbd_ctlreq.c ****         (void)USBD_CtlSendStatus(pdev);
 766:Middlewares/ST/STM32_USB_Device_Library/Core/Src/usbd_ctlreq.c ****       }
 767:Middlewares/ST/STM32_USB_Device_Library/Core/Src/usbd_ctlreq.c ****       break;
 768:Middlewares/ST/STM32_USB_Device_Library/Core/Src/usbd_ctlreq.c **** 
 769:Middlewares/ST/STM32_USB_Device_Library/Core/Src/usbd_ctlreq.c ****     case USBD_STATE_CONFIGURED:
 770:Middlewares/ST/STM32_USB_Device_Library/Core/Src/usbd_ctlreq.c ****       if (cfgidx == 0U)
 771:Middlewares/ST/STM32_USB_Device_Library/Core/Src/usbd_ctlreq.c ****       {
 772:Middlewares/ST/STM32_USB_Device_Library/Core/Src/usbd_ctlreq.c ****         pdev->dev_state = USBD_STATE_ADDRESSED;
ARM GAS  C:\Users\Made\AppData\Local\Temp\cc5wfdsS.s 			page 15


 773:Middlewares/ST/STM32_USB_Device_Library/Core/Src/usbd_ctlreq.c ****         pdev->dev_config = cfgidx;
 774:Middlewares/ST/STM32_USB_Device_Library/Core/Src/usbd_ctlreq.c ****         (void)USBD_ClrClassConfig(pdev, cfgidx);
 775:Middlewares/ST/STM32_USB_Device_Library/Core/Src/usbd_ctlreq.c ****         (void)USBD_CtlSendStatus(pdev);
 776:Middlewares/ST/STM32_USB_Device_Library/Core/Src/usbd_ctlreq.c ****       }
 777:Middlewares/ST/STM32_USB_Device_Library/Core/Src/usbd_ctlreq.c ****       else if (cfgidx != pdev->dev_config)
 778:Middlewares/ST/STM32_USB_Device_Library/Core/Src/usbd_ctlreq.c ****       {
 779:Middlewares/ST/STM32_USB_Device_Library/Core/Src/usbd_ctlreq.c ****         /* Clear old configuration */
 780:Middlewares/ST/STM32_USB_Device_Library/Core/Src/usbd_ctlreq.c ****         (void)USBD_ClrClassConfig(pdev, (uint8_t)pdev->dev_config);
 781:Middlewares/ST/STM32_USB_Device_Library/Core/Src/usbd_ctlreq.c **** 
 782:Middlewares/ST/STM32_USB_Device_Library/Core/Src/usbd_ctlreq.c ****         /* set new configuration */
 783:Middlewares/ST/STM32_USB_Device_Library/Core/Src/usbd_ctlreq.c ****         pdev->dev_config = cfgidx;
 784:Middlewares/ST/STM32_USB_Device_Library/Core/Src/usbd_ctlreq.c **** 
 785:Middlewares/ST/STM32_USB_Device_Library/Core/Src/usbd_ctlreq.c ****         ret = USBD_SetClassConfig(pdev, cfgidx);
 786:Middlewares/ST/STM32_USB_Device_Library/Core/Src/usbd_ctlreq.c **** 
 787:Middlewares/ST/STM32_USB_Device_Library/Core/Src/usbd_ctlreq.c ****         if (ret != USBD_OK)
 788:Middlewares/ST/STM32_USB_Device_Library/Core/Src/usbd_ctlreq.c ****         {
 789:Middlewares/ST/STM32_USB_Device_Library/Core/Src/usbd_ctlreq.c ****           USBD_CtlError(pdev, req);
 790:Middlewares/ST/STM32_USB_Device_Library/Core/Src/usbd_ctlreq.c ****           (void)USBD_ClrClassConfig(pdev, (uint8_t)pdev->dev_config);
 791:Middlewares/ST/STM32_USB_Device_Library/Core/Src/usbd_ctlreq.c ****           pdev->dev_state = USBD_STATE_ADDRESSED;
 792:Middlewares/ST/STM32_USB_Device_Library/Core/Src/usbd_ctlreq.c ****         }
 793:Middlewares/ST/STM32_USB_Device_Library/Core/Src/usbd_ctlreq.c ****         else
 794:Middlewares/ST/STM32_USB_Device_Library/Core/Src/usbd_ctlreq.c ****         {
 795:Middlewares/ST/STM32_USB_Device_Library/Core/Src/usbd_ctlreq.c ****           (void)USBD_CtlSendStatus(pdev);
 796:Middlewares/ST/STM32_USB_Device_Library/Core/Src/usbd_ctlreq.c ****         }
 797:Middlewares/ST/STM32_USB_Device_Library/Core/Src/usbd_ctlreq.c ****       }
 798:Middlewares/ST/STM32_USB_Device_Library/Core/Src/usbd_ctlreq.c ****       else
 799:Middlewares/ST/STM32_USB_Device_Library/Core/Src/usbd_ctlreq.c ****       {
 800:Middlewares/ST/STM32_USB_Device_Library/Core/Src/usbd_ctlreq.c ****         (void)USBD_CtlSendStatus(pdev);
 801:Middlewares/ST/STM32_USB_Device_Library/Core/Src/usbd_ctlreq.c ****       }
 802:Middlewares/ST/STM32_USB_Device_Library/Core/Src/usbd_ctlreq.c ****       break;
 803:Middlewares/ST/STM32_USB_Device_Library/Core/Src/usbd_ctlreq.c **** 
 804:Middlewares/ST/STM32_USB_Device_Library/Core/Src/usbd_ctlreq.c ****     default:
 805:Middlewares/ST/STM32_USB_Device_Library/Core/Src/usbd_ctlreq.c ****       USBD_CtlError(pdev, req);
 806:Middlewares/ST/STM32_USB_Device_Library/Core/Src/usbd_ctlreq.c ****       (void)USBD_ClrClassConfig(pdev, cfgidx);
 807:Middlewares/ST/STM32_USB_Device_Library/Core/Src/usbd_ctlreq.c ****       ret = USBD_FAIL;
 808:Middlewares/ST/STM32_USB_Device_Library/Core/Src/usbd_ctlreq.c ****       break;
 809:Middlewares/ST/STM32_USB_Device_Library/Core/Src/usbd_ctlreq.c ****   }
 810:Middlewares/ST/STM32_USB_Device_Library/Core/Src/usbd_ctlreq.c **** 
 811:Middlewares/ST/STM32_USB_Device_Library/Core/Src/usbd_ctlreq.c ****   return ret;
 812:Middlewares/ST/STM32_USB_Device_Library/Core/Src/usbd_ctlreq.c **** }
 813:Middlewares/ST/STM32_USB_Device_Library/Core/Src/usbd_ctlreq.c **** 
 814:Middlewares/ST/STM32_USB_Device_Library/Core/Src/usbd_ctlreq.c **** /**
 815:Middlewares/ST/STM32_USB_Device_Library/Core/Src/usbd_ctlreq.c ****   * @brief  USBD_GetConfig
 816:Middlewares/ST/STM32_USB_Device_Library/Core/Src/usbd_ctlreq.c ****   *         Handle Get device configuration request
 817:Middlewares/ST/STM32_USB_Device_Library/Core/Src/usbd_ctlreq.c ****   * @param  pdev: device instance
 818:Middlewares/ST/STM32_USB_Device_Library/Core/Src/usbd_ctlreq.c ****   * @param  req: usb request
 819:Middlewares/ST/STM32_USB_Device_Library/Core/Src/usbd_ctlreq.c ****   * @retval None
 820:Middlewares/ST/STM32_USB_Device_Library/Core/Src/usbd_ctlreq.c ****   */
 821:Middlewares/ST/STM32_USB_Device_Library/Core/Src/usbd_ctlreq.c **** static void USBD_GetConfig(USBD_HandleTypeDef *pdev, USBD_SetupReqTypedef *req)
 822:Middlewares/ST/STM32_USB_Device_Library/Core/Src/usbd_ctlreq.c **** {
 823:Middlewares/ST/STM32_USB_Device_Library/Core/Src/usbd_ctlreq.c ****   if (req->wLength != 1U)
 824:Middlewares/ST/STM32_USB_Device_Library/Core/Src/usbd_ctlreq.c ****   {
 825:Middlewares/ST/STM32_USB_Device_Library/Core/Src/usbd_ctlreq.c ****     USBD_CtlError(pdev, req);
 826:Middlewares/ST/STM32_USB_Device_Library/Core/Src/usbd_ctlreq.c ****   }
 827:Middlewares/ST/STM32_USB_Device_Library/Core/Src/usbd_ctlreq.c ****   else
 828:Middlewares/ST/STM32_USB_Device_Library/Core/Src/usbd_ctlreq.c ****   {
 829:Middlewares/ST/STM32_USB_Device_Library/Core/Src/usbd_ctlreq.c ****     switch (pdev->dev_state)
ARM GAS  C:\Users\Made\AppData\Local\Temp\cc5wfdsS.s 			page 16


 830:Middlewares/ST/STM32_USB_Device_Library/Core/Src/usbd_ctlreq.c ****     {
 831:Middlewares/ST/STM32_USB_Device_Library/Core/Src/usbd_ctlreq.c ****       case USBD_STATE_DEFAULT:
 832:Middlewares/ST/STM32_USB_Device_Library/Core/Src/usbd_ctlreq.c ****       case USBD_STATE_ADDRESSED:
 833:Middlewares/ST/STM32_USB_Device_Library/Core/Src/usbd_ctlreq.c ****         pdev->dev_default_config = 0U;
 834:Middlewares/ST/STM32_USB_Device_Library/Core/Src/usbd_ctlreq.c ****         (void)USBD_CtlSendData(pdev, (uint8_t *)&pdev->dev_default_config, 1U);
 835:Middlewares/ST/STM32_USB_Device_Library/Core/Src/usbd_ctlreq.c ****         break;
 836:Middlewares/ST/STM32_USB_Device_Library/Core/Src/usbd_ctlreq.c **** 
 837:Middlewares/ST/STM32_USB_Device_Library/Core/Src/usbd_ctlreq.c ****       case USBD_STATE_CONFIGURED:
 838:Middlewares/ST/STM32_USB_Device_Library/Core/Src/usbd_ctlreq.c ****         (void)USBD_CtlSendData(pdev, (uint8_t *)&pdev->dev_config, 1U);
 839:Middlewares/ST/STM32_USB_Device_Library/Core/Src/usbd_ctlreq.c ****         break;
 840:Middlewares/ST/STM32_USB_Device_Library/Core/Src/usbd_ctlreq.c **** 
 841:Middlewares/ST/STM32_USB_Device_Library/Core/Src/usbd_ctlreq.c ****       default:
 842:Middlewares/ST/STM32_USB_Device_Library/Core/Src/usbd_ctlreq.c ****         USBD_CtlError(pdev, req);
 843:Middlewares/ST/STM32_USB_Device_Library/Core/Src/usbd_ctlreq.c ****         break;
 844:Middlewares/ST/STM32_USB_Device_Library/Core/Src/usbd_ctlreq.c ****     }
 845:Middlewares/ST/STM32_USB_Device_Library/Core/Src/usbd_ctlreq.c ****   }
 846:Middlewares/ST/STM32_USB_Device_Library/Core/Src/usbd_ctlreq.c **** }
 847:Middlewares/ST/STM32_USB_Device_Library/Core/Src/usbd_ctlreq.c **** 
 848:Middlewares/ST/STM32_USB_Device_Library/Core/Src/usbd_ctlreq.c **** /**
 849:Middlewares/ST/STM32_USB_Device_Library/Core/Src/usbd_ctlreq.c ****   * @brief  USBD_GetStatus
 850:Middlewares/ST/STM32_USB_Device_Library/Core/Src/usbd_ctlreq.c ****   *         Handle Get Status request
 851:Middlewares/ST/STM32_USB_Device_Library/Core/Src/usbd_ctlreq.c ****   * @param  pdev: device instance
 852:Middlewares/ST/STM32_USB_Device_Library/Core/Src/usbd_ctlreq.c ****   * @param  req: usb request
 853:Middlewares/ST/STM32_USB_Device_Library/Core/Src/usbd_ctlreq.c ****   * @retval None
 854:Middlewares/ST/STM32_USB_Device_Library/Core/Src/usbd_ctlreq.c ****   */
 855:Middlewares/ST/STM32_USB_Device_Library/Core/Src/usbd_ctlreq.c **** static void USBD_GetStatus(USBD_HandleTypeDef *pdev, USBD_SetupReqTypedef *req)
 856:Middlewares/ST/STM32_USB_Device_Library/Core/Src/usbd_ctlreq.c **** {
 857:Middlewares/ST/STM32_USB_Device_Library/Core/Src/usbd_ctlreq.c ****   switch (pdev->dev_state)
 858:Middlewares/ST/STM32_USB_Device_Library/Core/Src/usbd_ctlreq.c ****   {
 859:Middlewares/ST/STM32_USB_Device_Library/Core/Src/usbd_ctlreq.c ****     case USBD_STATE_DEFAULT:
 860:Middlewares/ST/STM32_USB_Device_Library/Core/Src/usbd_ctlreq.c ****     case USBD_STATE_ADDRESSED:
 861:Middlewares/ST/STM32_USB_Device_Library/Core/Src/usbd_ctlreq.c ****     case USBD_STATE_CONFIGURED:
 862:Middlewares/ST/STM32_USB_Device_Library/Core/Src/usbd_ctlreq.c ****       if (req->wLength != 0x2U)
 863:Middlewares/ST/STM32_USB_Device_Library/Core/Src/usbd_ctlreq.c ****       {
 864:Middlewares/ST/STM32_USB_Device_Library/Core/Src/usbd_ctlreq.c ****         USBD_CtlError(pdev, req);
 865:Middlewares/ST/STM32_USB_Device_Library/Core/Src/usbd_ctlreq.c ****         break;
 866:Middlewares/ST/STM32_USB_Device_Library/Core/Src/usbd_ctlreq.c ****       }
 867:Middlewares/ST/STM32_USB_Device_Library/Core/Src/usbd_ctlreq.c **** 
 868:Middlewares/ST/STM32_USB_Device_Library/Core/Src/usbd_ctlreq.c **** #if (USBD_SELF_POWERED == 1U)
 869:Middlewares/ST/STM32_USB_Device_Library/Core/Src/usbd_ctlreq.c ****       pdev->dev_config_status = USB_CONFIG_SELF_POWERED;
 870:Middlewares/ST/STM32_USB_Device_Library/Core/Src/usbd_ctlreq.c **** #else
 871:Middlewares/ST/STM32_USB_Device_Library/Core/Src/usbd_ctlreq.c ****       pdev->dev_config_status = 0U;
 872:Middlewares/ST/STM32_USB_Device_Library/Core/Src/usbd_ctlreq.c **** #endif /* USBD_SELF_POWERED */
 873:Middlewares/ST/STM32_USB_Device_Library/Core/Src/usbd_ctlreq.c **** 
 874:Middlewares/ST/STM32_USB_Device_Library/Core/Src/usbd_ctlreq.c ****       if (pdev->dev_remote_wakeup != 0U)
 875:Middlewares/ST/STM32_USB_Device_Library/Core/Src/usbd_ctlreq.c ****       {
 876:Middlewares/ST/STM32_USB_Device_Library/Core/Src/usbd_ctlreq.c ****         pdev->dev_config_status |= USB_CONFIG_REMOTE_WAKEUP;
 877:Middlewares/ST/STM32_USB_Device_Library/Core/Src/usbd_ctlreq.c ****       }
 878:Middlewares/ST/STM32_USB_Device_Library/Core/Src/usbd_ctlreq.c **** 
 879:Middlewares/ST/STM32_USB_Device_Library/Core/Src/usbd_ctlreq.c ****       (void)USBD_CtlSendData(pdev, (uint8_t *)&pdev->dev_config_status, 2U);
 880:Middlewares/ST/STM32_USB_Device_Library/Core/Src/usbd_ctlreq.c ****       break;
 881:Middlewares/ST/STM32_USB_Device_Library/Core/Src/usbd_ctlreq.c **** 
 882:Middlewares/ST/STM32_USB_Device_Library/Core/Src/usbd_ctlreq.c ****     default:
 883:Middlewares/ST/STM32_USB_Device_Library/Core/Src/usbd_ctlreq.c ****       USBD_CtlError(pdev, req);
 884:Middlewares/ST/STM32_USB_Device_Library/Core/Src/usbd_ctlreq.c ****       break;
 885:Middlewares/ST/STM32_USB_Device_Library/Core/Src/usbd_ctlreq.c ****   }
 886:Middlewares/ST/STM32_USB_Device_Library/Core/Src/usbd_ctlreq.c **** }
ARM GAS  C:\Users\Made\AppData\Local\Temp\cc5wfdsS.s 			page 17


 887:Middlewares/ST/STM32_USB_Device_Library/Core/Src/usbd_ctlreq.c **** 
 888:Middlewares/ST/STM32_USB_Device_Library/Core/Src/usbd_ctlreq.c **** 
 889:Middlewares/ST/STM32_USB_Device_Library/Core/Src/usbd_ctlreq.c **** /**
 890:Middlewares/ST/STM32_USB_Device_Library/Core/Src/usbd_ctlreq.c ****   * @brief  USBD_SetFeature
 891:Middlewares/ST/STM32_USB_Device_Library/Core/Src/usbd_ctlreq.c ****   *         Handle Set device feature request
 892:Middlewares/ST/STM32_USB_Device_Library/Core/Src/usbd_ctlreq.c ****   * @param  pdev: device instance
 893:Middlewares/ST/STM32_USB_Device_Library/Core/Src/usbd_ctlreq.c ****   * @param  req: usb request
 894:Middlewares/ST/STM32_USB_Device_Library/Core/Src/usbd_ctlreq.c ****   * @retval None
 895:Middlewares/ST/STM32_USB_Device_Library/Core/Src/usbd_ctlreq.c ****   */
 896:Middlewares/ST/STM32_USB_Device_Library/Core/Src/usbd_ctlreq.c **** static void USBD_SetFeature(USBD_HandleTypeDef *pdev, USBD_SetupReqTypedef *req)
 897:Middlewares/ST/STM32_USB_Device_Library/Core/Src/usbd_ctlreq.c **** {
 898:Middlewares/ST/STM32_USB_Device_Library/Core/Src/usbd_ctlreq.c ****   if (req->wValue == USB_FEATURE_REMOTE_WAKEUP)
 899:Middlewares/ST/STM32_USB_Device_Library/Core/Src/usbd_ctlreq.c ****   {
 900:Middlewares/ST/STM32_USB_Device_Library/Core/Src/usbd_ctlreq.c ****     pdev->dev_remote_wakeup = 1U;
 901:Middlewares/ST/STM32_USB_Device_Library/Core/Src/usbd_ctlreq.c ****     (void)USBD_CtlSendStatus(pdev);
 902:Middlewares/ST/STM32_USB_Device_Library/Core/Src/usbd_ctlreq.c ****   }
 903:Middlewares/ST/STM32_USB_Device_Library/Core/Src/usbd_ctlreq.c ****   else if (req->wValue == USB_FEATURE_TEST_MODE)
 904:Middlewares/ST/STM32_USB_Device_Library/Core/Src/usbd_ctlreq.c ****   {
 905:Middlewares/ST/STM32_USB_Device_Library/Core/Src/usbd_ctlreq.c ****     pdev->dev_test_mode = (uint8_t)(req->wIndex >> 8);
 906:Middlewares/ST/STM32_USB_Device_Library/Core/Src/usbd_ctlreq.c ****     (void)USBD_CtlSendStatus(pdev);
 907:Middlewares/ST/STM32_USB_Device_Library/Core/Src/usbd_ctlreq.c ****   }
 908:Middlewares/ST/STM32_USB_Device_Library/Core/Src/usbd_ctlreq.c ****   else
 909:Middlewares/ST/STM32_USB_Device_Library/Core/Src/usbd_ctlreq.c ****   {
 910:Middlewares/ST/STM32_USB_Device_Library/Core/Src/usbd_ctlreq.c ****     USBD_CtlError(pdev, req);
 911:Middlewares/ST/STM32_USB_Device_Library/Core/Src/usbd_ctlreq.c ****   }
 912:Middlewares/ST/STM32_USB_Device_Library/Core/Src/usbd_ctlreq.c **** }
 913:Middlewares/ST/STM32_USB_Device_Library/Core/Src/usbd_ctlreq.c **** 
 914:Middlewares/ST/STM32_USB_Device_Library/Core/Src/usbd_ctlreq.c **** 
 915:Middlewares/ST/STM32_USB_Device_Library/Core/Src/usbd_ctlreq.c **** /**
 916:Middlewares/ST/STM32_USB_Device_Library/Core/Src/usbd_ctlreq.c ****   * @brief  USBD_ClrFeature
 917:Middlewares/ST/STM32_USB_Device_Library/Core/Src/usbd_ctlreq.c ****   *         Handle clear device feature request
 918:Middlewares/ST/STM32_USB_Device_Library/Core/Src/usbd_ctlreq.c ****   * @param  pdev: device instance
 919:Middlewares/ST/STM32_USB_Device_Library/Core/Src/usbd_ctlreq.c ****   * @param  req: usb request
 920:Middlewares/ST/STM32_USB_Device_Library/Core/Src/usbd_ctlreq.c ****   * @retval None
 921:Middlewares/ST/STM32_USB_Device_Library/Core/Src/usbd_ctlreq.c ****   */
 922:Middlewares/ST/STM32_USB_Device_Library/Core/Src/usbd_ctlreq.c **** static void USBD_ClrFeature(USBD_HandleTypeDef *pdev, USBD_SetupReqTypedef *req)
 923:Middlewares/ST/STM32_USB_Device_Library/Core/Src/usbd_ctlreq.c **** {
 924:Middlewares/ST/STM32_USB_Device_Library/Core/Src/usbd_ctlreq.c ****   switch (pdev->dev_state)
 925:Middlewares/ST/STM32_USB_Device_Library/Core/Src/usbd_ctlreq.c ****   {
 926:Middlewares/ST/STM32_USB_Device_Library/Core/Src/usbd_ctlreq.c ****     case USBD_STATE_DEFAULT:
 927:Middlewares/ST/STM32_USB_Device_Library/Core/Src/usbd_ctlreq.c ****     case USBD_STATE_ADDRESSED:
 928:Middlewares/ST/STM32_USB_Device_Library/Core/Src/usbd_ctlreq.c ****     case USBD_STATE_CONFIGURED:
 929:Middlewares/ST/STM32_USB_Device_Library/Core/Src/usbd_ctlreq.c ****       if (req->wValue == USB_FEATURE_REMOTE_WAKEUP)
 930:Middlewares/ST/STM32_USB_Device_Library/Core/Src/usbd_ctlreq.c ****       {
 931:Middlewares/ST/STM32_USB_Device_Library/Core/Src/usbd_ctlreq.c ****         pdev->dev_remote_wakeup = 0U;
 932:Middlewares/ST/STM32_USB_Device_Library/Core/Src/usbd_ctlreq.c ****         (void)USBD_CtlSendStatus(pdev);
 933:Middlewares/ST/STM32_USB_Device_Library/Core/Src/usbd_ctlreq.c ****       }
 934:Middlewares/ST/STM32_USB_Device_Library/Core/Src/usbd_ctlreq.c ****       break;
 935:Middlewares/ST/STM32_USB_Device_Library/Core/Src/usbd_ctlreq.c **** 
 936:Middlewares/ST/STM32_USB_Device_Library/Core/Src/usbd_ctlreq.c ****     default:
 937:Middlewares/ST/STM32_USB_Device_Library/Core/Src/usbd_ctlreq.c ****       USBD_CtlError(pdev, req);
 938:Middlewares/ST/STM32_USB_Device_Library/Core/Src/usbd_ctlreq.c ****       break;
 939:Middlewares/ST/STM32_USB_Device_Library/Core/Src/usbd_ctlreq.c ****   }
 940:Middlewares/ST/STM32_USB_Device_Library/Core/Src/usbd_ctlreq.c **** }
 941:Middlewares/ST/STM32_USB_Device_Library/Core/Src/usbd_ctlreq.c **** 
 942:Middlewares/ST/STM32_USB_Device_Library/Core/Src/usbd_ctlreq.c **** 
 943:Middlewares/ST/STM32_USB_Device_Library/Core/Src/usbd_ctlreq.c **** /**
ARM GAS  C:\Users\Made\AppData\Local\Temp\cc5wfdsS.s 			page 18


 944:Middlewares/ST/STM32_USB_Device_Library/Core/Src/usbd_ctlreq.c ****   * @brief  USBD_ParseSetupRequest
 945:Middlewares/ST/STM32_USB_Device_Library/Core/Src/usbd_ctlreq.c ****   *         Copy buffer into setup structure
 946:Middlewares/ST/STM32_USB_Device_Library/Core/Src/usbd_ctlreq.c ****   * @param  req: usb request
 947:Middlewares/ST/STM32_USB_Device_Library/Core/Src/usbd_ctlreq.c ****   * @param  pdata: setup data pointer
 948:Middlewares/ST/STM32_USB_Device_Library/Core/Src/usbd_ctlreq.c ****   * @retval None
 949:Middlewares/ST/STM32_USB_Device_Library/Core/Src/usbd_ctlreq.c ****   */
 950:Middlewares/ST/STM32_USB_Device_Library/Core/Src/usbd_ctlreq.c **** void USBD_ParseSetupRequest(USBD_SetupReqTypedef *req, uint8_t *pdata)
 951:Middlewares/ST/STM32_USB_Device_Library/Core/Src/usbd_ctlreq.c **** {
 952:Middlewares/ST/STM32_USB_Device_Library/Core/Src/usbd_ctlreq.c ****   uint8_t *pbuff = pdata;
 953:Middlewares/ST/STM32_USB_Device_Library/Core/Src/usbd_ctlreq.c **** 
 954:Middlewares/ST/STM32_USB_Device_Library/Core/Src/usbd_ctlreq.c ****   req->bmRequest = *(uint8_t *)(pbuff);
 955:Middlewares/ST/STM32_USB_Device_Library/Core/Src/usbd_ctlreq.c **** 
 956:Middlewares/ST/STM32_USB_Device_Library/Core/Src/usbd_ctlreq.c ****   pbuff++;
 957:Middlewares/ST/STM32_USB_Device_Library/Core/Src/usbd_ctlreq.c ****   req->bRequest = *(uint8_t *)(pbuff);
 958:Middlewares/ST/STM32_USB_Device_Library/Core/Src/usbd_ctlreq.c **** 
 959:Middlewares/ST/STM32_USB_Device_Library/Core/Src/usbd_ctlreq.c ****   pbuff++;
 960:Middlewares/ST/STM32_USB_Device_Library/Core/Src/usbd_ctlreq.c ****   req->wValue = SWAPBYTE(pbuff);
 961:Middlewares/ST/STM32_USB_Device_Library/Core/Src/usbd_ctlreq.c **** 
 962:Middlewares/ST/STM32_USB_Device_Library/Core/Src/usbd_ctlreq.c ****   pbuff++;
 963:Middlewares/ST/STM32_USB_Device_Library/Core/Src/usbd_ctlreq.c ****   pbuff++;
 964:Middlewares/ST/STM32_USB_Device_Library/Core/Src/usbd_ctlreq.c ****   req->wIndex = SWAPBYTE(pbuff);
 965:Middlewares/ST/STM32_USB_Device_Library/Core/Src/usbd_ctlreq.c **** 
 966:Middlewares/ST/STM32_USB_Device_Library/Core/Src/usbd_ctlreq.c ****   pbuff++;
 967:Middlewares/ST/STM32_USB_Device_Library/Core/Src/usbd_ctlreq.c ****   pbuff++;
 968:Middlewares/ST/STM32_USB_Device_Library/Core/Src/usbd_ctlreq.c ****   req->wLength = SWAPBYTE(pbuff);
 969:Middlewares/ST/STM32_USB_Device_Library/Core/Src/usbd_ctlreq.c **** }
 970:Middlewares/ST/STM32_USB_Device_Library/Core/Src/usbd_ctlreq.c **** 
 971:Middlewares/ST/STM32_USB_Device_Library/Core/Src/usbd_ctlreq.c **** 
 972:Middlewares/ST/STM32_USB_Device_Library/Core/Src/usbd_ctlreq.c **** /**
 973:Middlewares/ST/STM32_USB_Device_Library/Core/Src/usbd_ctlreq.c ****   * @brief  USBD_CtlError
 974:Middlewares/ST/STM32_USB_Device_Library/Core/Src/usbd_ctlreq.c ****   *         Handle USB low level Error
 975:Middlewares/ST/STM32_USB_Device_Library/Core/Src/usbd_ctlreq.c ****   * @param  pdev: device instance
 976:Middlewares/ST/STM32_USB_Device_Library/Core/Src/usbd_ctlreq.c ****   * @param  req: usb request
 977:Middlewares/ST/STM32_USB_Device_Library/Core/Src/usbd_ctlreq.c ****   * @retval None
 978:Middlewares/ST/STM32_USB_Device_Library/Core/Src/usbd_ctlreq.c ****   */
 979:Middlewares/ST/STM32_USB_Device_Library/Core/Src/usbd_ctlreq.c **** void USBD_CtlError(USBD_HandleTypeDef *pdev, USBD_SetupReqTypedef *req)
 980:Middlewares/ST/STM32_USB_Device_Library/Core/Src/usbd_ctlreq.c **** {
 981:Middlewares/ST/STM32_USB_Device_Library/Core/Src/usbd_ctlreq.c ****   UNUSED(req);
 982:Middlewares/ST/STM32_USB_Device_Library/Core/Src/usbd_ctlreq.c **** 
 983:Middlewares/ST/STM32_USB_Device_Library/Core/Src/usbd_ctlreq.c ****   (void)USBD_LL_StallEP(pdev, 0x80U);
 984:Middlewares/ST/STM32_USB_Device_Library/Core/Src/usbd_ctlreq.c ****   (void)USBD_LL_StallEP(pdev, 0U);
 985:Middlewares/ST/STM32_USB_Device_Library/Core/Src/usbd_ctlreq.c **** }
 986:Middlewares/ST/STM32_USB_Device_Library/Core/Src/usbd_ctlreq.c **** 
 987:Middlewares/ST/STM32_USB_Device_Library/Core/Src/usbd_ctlreq.c **** 
 988:Middlewares/ST/STM32_USB_Device_Library/Core/Src/usbd_ctlreq.c **** /**
 989:Middlewares/ST/STM32_USB_Device_Library/Core/Src/usbd_ctlreq.c ****   * @brief  USBD_GetString
 990:Middlewares/ST/STM32_USB_Device_Library/Core/Src/usbd_ctlreq.c ****   *         Convert Ascii string into unicode one
 991:Middlewares/ST/STM32_USB_Device_Library/Core/Src/usbd_ctlreq.c ****   * @param  desc : descriptor buffer
 992:Middlewares/ST/STM32_USB_Device_Library/Core/Src/usbd_ctlreq.c ****   * @param  unicode : Formatted string buffer (unicode)
 993:Middlewares/ST/STM32_USB_Device_Library/Core/Src/usbd_ctlreq.c ****   * @param  len : descriptor length
 994:Middlewares/ST/STM32_USB_Device_Library/Core/Src/usbd_ctlreq.c ****   * @retval None
 995:Middlewares/ST/STM32_USB_Device_Library/Core/Src/usbd_ctlreq.c ****   */
 996:Middlewares/ST/STM32_USB_Device_Library/Core/Src/usbd_ctlreq.c **** void USBD_GetString(uint8_t *desc, uint8_t *unicode, uint16_t *len)
 997:Middlewares/ST/STM32_USB_Device_Library/Core/Src/usbd_ctlreq.c **** {
 998:Middlewares/ST/STM32_USB_Device_Library/Core/Src/usbd_ctlreq.c ****   uint8_t idx = 0U;
 999:Middlewares/ST/STM32_USB_Device_Library/Core/Src/usbd_ctlreq.c ****   uint8_t *pdesc;
1000:Middlewares/ST/STM32_USB_Device_Library/Core/Src/usbd_ctlreq.c **** 
ARM GAS  C:\Users\Made\AppData\Local\Temp\cc5wfdsS.s 			page 19


1001:Middlewares/ST/STM32_USB_Device_Library/Core/Src/usbd_ctlreq.c ****   if (desc == NULL)
1002:Middlewares/ST/STM32_USB_Device_Library/Core/Src/usbd_ctlreq.c ****   {
1003:Middlewares/ST/STM32_USB_Device_Library/Core/Src/usbd_ctlreq.c ****     return;
1004:Middlewares/ST/STM32_USB_Device_Library/Core/Src/usbd_ctlreq.c ****   }
1005:Middlewares/ST/STM32_USB_Device_Library/Core/Src/usbd_ctlreq.c **** 
1006:Middlewares/ST/STM32_USB_Device_Library/Core/Src/usbd_ctlreq.c ****   pdesc = desc;
1007:Middlewares/ST/STM32_USB_Device_Library/Core/Src/usbd_ctlreq.c ****   *len = MIN(USBD_MAX_STR_DESC_SIZ, ((uint16_t)USBD_GetLen(pdesc) * 2U) + 2U);
1008:Middlewares/ST/STM32_USB_Device_Library/Core/Src/usbd_ctlreq.c **** 
1009:Middlewares/ST/STM32_USB_Device_Library/Core/Src/usbd_ctlreq.c ****   unicode[idx] = *(uint8_t *)len;
1010:Middlewares/ST/STM32_USB_Device_Library/Core/Src/usbd_ctlreq.c ****   idx++;
1011:Middlewares/ST/STM32_USB_Device_Library/Core/Src/usbd_ctlreq.c ****   unicode[idx] = USB_DESC_TYPE_STRING;
1012:Middlewares/ST/STM32_USB_Device_Library/Core/Src/usbd_ctlreq.c ****   idx++;
1013:Middlewares/ST/STM32_USB_Device_Library/Core/Src/usbd_ctlreq.c **** 
1014:Middlewares/ST/STM32_USB_Device_Library/Core/Src/usbd_ctlreq.c ****   while (*pdesc != (uint8_t)'\0')
1015:Middlewares/ST/STM32_USB_Device_Library/Core/Src/usbd_ctlreq.c ****   {
1016:Middlewares/ST/STM32_USB_Device_Library/Core/Src/usbd_ctlreq.c ****     unicode[idx] = *pdesc;
1017:Middlewares/ST/STM32_USB_Device_Library/Core/Src/usbd_ctlreq.c ****     pdesc++;
1018:Middlewares/ST/STM32_USB_Device_Library/Core/Src/usbd_ctlreq.c ****     idx++;
1019:Middlewares/ST/STM32_USB_Device_Library/Core/Src/usbd_ctlreq.c **** 
1020:Middlewares/ST/STM32_USB_Device_Library/Core/Src/usbd_ctlreq.c ****     unicode[idx] = 0U;
1021:Middlewares/ST/STM32_USB_Device_Library/Core/Src/usbd_ctlreq.c ****     idx++;
1022:Middlewares/ST/STM32_USB_Device_Library/Core/Src/usbd_ctlreq.c ****   }
1023:Middlewares/ST/STM32_USB_Device_Library/Core/Src/usbd_ctlreq.c **** }
1024:Middlewares/ST/STM32_USB_Device_Library/Core/Src/usbd_ctlreq.c **** 
1025:Middlewares/ST/STM32_USB_Device_Library/Core/Src/usbd_ctlreq.c **** 
1026:Middlewares/ST/STM32_USB_Device_Library/Core/Src/usbd_ctlreq.c **** /**
1027:Middlewares/ST/STM32_USB_Device_Library/Core/Src/usbd_ctlreq.c ****   * @brief  USBD_GetLen
1028:Middlewares/ST/STM32_USB_Device_Library/Core/Src/usbd_ctlreq.c ****   *         return the string length
1029:Middlewares/ST/STM32_USB_Device_Library/Core/Src/usbd_ctlreq.c ****    * @param  buf : pointer to the ascii string buffer
1030:Middlewares/ST/STM32_USB_Device_Library/Core/Src/usbd_ctlreq.c ****   * @retval string length
1031:Middlewares/ST/STM32_USB_Device_Library/Core/Src/usbd_ctlreq.c ****   */
1032:Middlewares/ST/STM32_USB_Device_Library/Core/Src/usbd_ctlreq.c **** static uint8_t USBD_GetLen(uint8_t *buf)
1033:Middlewares/ST/STM32_USB_Device_Library/Core/Src/usbd_ctlreq.c **** {
  28              		.loc 1 1033 1 view -0
  29              		.cfi_startproc
  30              		@ args = 0, pretend = 0, frame = 0
  31              		@ frame_needed = 0, uses_anonymous_args = 0
  32              		@ link register save eliminated.
  33              		.loc 1 1033 1 is_stmt 0 view .LVU1
  34 0000 0346     		mov	r3, r0
1034:Middlewares/ST/STM32_USB_Device_Library/Core/Src/usbd_ctlreq.c ****   uint8_t  len = 0U;
  35              		.loc 1 1034 3 is_stmt 1 view .LVU2
  36              	.LVL1:
1035:Middlewares/ST/STM32_USB_Device_Library/Core/Src/usbd_ctlreq.c ****   uint8_t *pbuff = buf;
  37              		.loc 1 1035 3 view .LVU3
1036:Middlewares/ST/STM32_USB_Device_Library/Core/Src/usbd_ctlreq.c **** 
1037:Middlewares/ST/STM32_USB_Device_Library/Core/Src/usbd_ctlreq.c ****   while (*pbuff != (uint8_t)'\0')
  38              		.loc 1 1037 3 view .LVU4
1034:Middlewares/ST/STM32_USB_Device_Library/Core/Src/usbd_ctlreq.c ****   uint8_t *pbuff = buf;
  39              		.loc 1 1034 12 is_stmt 0 view .LVU5
  40 0002 0020     		movs	r0, #0
  41              	.LVL2:
  42              		.loc 1 1037 9 view .LVU6
  43 0004 02E0     		b	.L2
  44              	.LVL3:
  45              	.L3:
1038:Middlewares/ST/STM32_USB_Device_Library/Core/Src/usbd_ctlreq.c ****   {
ARM GAS  C:\Users\Made\AppData\Local\Temp\cc5wfdsS.s 			page 20


1039:Middlewares/ST/STM32_USB_Device_Library/Core/Src/usbd_ctlreq.c ****     len++;
  46              		.loc 1 1039 5 is_stmt 1 view .LVU7
  47              		.loc 1 1039 8 is_stmt 0 view .LVU8
  48 0006 0130     		adds	r0, r0, #1
  49              	.LVL4:
  50              		.loc 1 1039 8 view .LVU9
  51 0008 C0B2     		uxtb	r0, r0
  52              	.LVL5:
1040:Middlewares/ST/STM32_USB_Device_Library/Core/Src/usbd_ctlreq.c ****     pbuff++;
  53              		.loc 1 1040 5 is_stmt 1 view .LVU10
  54              		.loc 1 1040 10 is_stmt 0 view .LVU11
  55 000a 0133     		adds	r3, r3, #1
  56              	.LVL6:
  57              	.L2:
1037:Middlewares/ST/STM32_USB_Device_Library/Core/Src/usbd_ctlreq.c ****   {
  58              		.loc 1 1037 17 is_stmt 1 view .LVU12
1037:Middlewares/ST/STM32_USB_Device_Library/Core/Src/usbd_ctlreq.c ****   {
  59              		.loc 1 1037 10 is_stmt 0 view .LVU13
  60 000c 1A78     		ldrb	r2, [r3]	@ zero_extendqisi2
1037:Middlewares/ST/STM32_USB_Device_Library/Core/Src/usbd_ctlreq.c ****   {
  61              		.loc 1 1037 17 view .LVU14
  62 000e 002A     		cmp	r2, #0
  63 0010 F9D1     		bne	.L3
1041:Middlewares/ST/STM32_USB_Device_Library/Core/Src/usbd_ctlreq.c ****   }
1042:Middlewares/ST/STM32_USB_Device_Library/Core/Src/usbd_ctlreq.c **** 
1043:Middlewares/ST/STM32_USB_Device_Library/Core/Src/usbd_ctlreq.c ****   return len;
  64              		.loc 1 1043 3 is_stmt 1 view .LVU15
1044:Middlewares/ST/STM32_USB_Device_Library/Core/Src/usbd_ctlreq.c **** }
  65              		.loc 1 1044 1 is_stmt 0 view .LVU16
  66 0012 7047     		bx	lr
  67              		.cfi_endproc
  68              	.LFE352:
  70              		.section	.text.USBD_ParseSetupRequest,"ax",%progbits
  71              		.align	1
  72              		.global	USBD_ParseSetupRequest
  73              		.syntax unified
  74              		.thumb
  75              		.thumb_func
  77              	USBD_ParseSetupRequest:
  78              	.LVL7:
  79              	.LFB349:
 951:Middlewares/ST/STM32_USB_Device_Library/Core/Src/usbd_ctlreq.c ****   uint8_t *pbuff = pdata;
  80              		.loc 1 951 1 is_stmt 1 view -0
  81              		.cfi_startproc
  82              		@ args = 0, pretend = 0, frame = 0
  83              		@ frame_needed = 0, uses_anonymous_args = 0
  84              		@ link register save eliminated.
 952:Middlewares/ST/STM32_USB_Device_Library/Core/Src/usbd_ctlreq.c **** 
  85              		.loc 1 952 3 view .LVU18
 954:Middlewares/ST/STM32_USB_Device_Library/Core/Src/usbd_ctlreq.c **** 
  86              		.loc 1 954 3 view .LVU19
 954:Middlewares/ST/STM32_USB_Device_Library/Core/Src/usbd_ctlreq.c **** 
  87              		.loc 1 954 20 is_stmt 0 view .LVU20
  88 0000 0B78     		ldrb	r3, [r1]	@ zero_extendqisi2
 954:Middlewares/ST/STM32_USB_Device_Library/Core/Src/usbd_ctlreq.c **** 
  89              		.loc 1 954 18 view .LVU21
  90 0002 0370     		strb	r3, [r0]
ARM GAS  C:\Users\Made\AppData\Local\Temp\cc5wfdsS.s 			page 21


 956:Middlewares/ST/STM32_USB_Device_Library/Core/Src/usbd_ctlreq.c ****   req->bRequest = *(uint8_t *)(pbuff);
  91              		.loc 1 956 3 is_stmt 1 view .LVU22
  92              	.LVL8:
 957:Middlewares/ST/STM32_USB_Device_Library/Core/Src/usbd_ctlreq.c **** 
  93              		.loc 1 957 3 view .LVU23
 957:Middlewares/ST/STM32_USB_Device_Library/Core/Src/usbd_ctlreq.c **** 
  94              		.loc 1 957 19 is_stmt 0 view .LVU24
  95 0004 4B78     		ldrb	r3, [r1, #1]	@ zero_extendqisi2
 957:Middlewares/ST/STM32_USB_Device_Library/Core/Src/usbd_ctlreq.c **** 
  96              		.loc 1 957 17 view .LVU25
  97 0006 4370     		strb	r3, [r0, #1]
 959:Middlewares/ST/STM32_USB_Device_Library/Core/Src/usbd_ctlreq.c ****   req->wValue = SWAPBYTE(pbuff);
  98              		.loc 1 959 3 is_stmt 1 view .LVU26
  99              	.LVL9:
 960:Middlewares/ST/STM32_USB_Device_Library/Core/Src/usbd_ctlreq.c **** 
 100              		.loc 1 960 3 view .LVU27
 101              	.LBB8:
 102              	.LBI8:
 103              		.file 2 "Middlewares/ST/STM32_USB_Device_Library/Core/Inc/usbd_def.h"
   1:Middlewares/ST/STM32_USB_Device_Library/Core/Inc/usbd_def.h **** /**
   2:Middlewares/ST/STM32_USB_Device_Library/Core/Inc/usbd_def.h ****   ******************************************************************************
   3:Middlewares/ST/STM32_USB_Device_Library/Core/Inc/usbd_def.h ****   * @file    usbd_def.h
   4:Middlewares/ST/STM32_USB_Device_Library/Core/Inc/usbd_def.h ****   * @author  MCD Application Team
   5:Middlewares/ST/STM32_USB_Device_Library/Core/Inc/usbd_def.h ****   * @brief   General defines for the usb device library
   6:Middlewares/ST/STM32_USB_Device_Library/Core/Inc/usbd_def.h ****   ******************************************************************************
   7:Middlewares/ST/STM32_USB_Device_Library/Core/Inc/usbd_def.h ****   * @attention
   8:Middlewares/ST/STM32_USB_Device_Library/Core/Inc/usbd_def.h ****   *
   9:Middlewares/ST/STM32_USB_Device_Library/Core/Inc/usbd_def.h ****   * Copyright (c) 2015 STMicroelectronics.
  10:Middlewares/ST/STM32_USB_Device_Library/Core/Inc/usbd_def.h ****   * All rights reserved.
  11:Middlewares/ST/STM32_USB_Device_Library/Core/Inc/usbd_def.h ****   *
  12:Middlewares/ST/STM32_USB_Device_Library/Core/Inc/usbd_def.h ****   * This software is licensed under terms that can be found in the LICENSE file
  13:Middlewares/ST/STM32_USB_Device_Library/Core/Inc/usbd_def.h ****   * in the root directory of this software component.
  14:Middlewares/ST/STM32_USB_Device_Library/Core/Inc/usbd_def.h ****   * If no LICENSE file comes with this software, it is provided AS-IS.
  15:Middlewares/ST/STM32_USB_Device_Library/Core/Inc/usbd_def.h ****   *
  16:Middlewares/ST/STM32_USB_Device_Library/Core/Inc/usbd_def.h ****   ******************************************************************************
  17:Middlewares/ST/STM32_USB_Device_Library/Core/Inc/usbd_def.h ****   */
  18:Middlewares/ST/STM32_USB_Device_Library/Core/Inc/usbd_def.h **** 
  19:Middlewares/ST/STM32_USB_Device_Library/Core/Inc/usbd_def.h **** /* Define to prevent recursive inclusion -------------------------------------*/
  20:Middlewares/ST/STM32_USB_Device_Library/Core/Inc/usbd_def.h **** #ifndef __USBD_DEF_H
  21:Middlewares/ST/STM32_USB_Device_Library/Core/Inc/usbd_def.h **** #define __USBD_DEF_H
  22:Middlewares/ST/STM32_USB_Device_Library/Core/Inc/usbd_def.h **** 
  23:Middlewares/ST/STM32_USB_Device_Library/Core/Inc/usbd_def.h **** #ifdef __cplusplus
  24:Middlewares/ST/STM32_USB_Device_Library/Core/Inc/usbd_def.h **** extern "C" {
  25:Middlewares/ST/STM32_USB_Device_Library/Core/Inc/usbd_def.h **** #endif
  26:Middlewares/ST/STM32_USB_Device_Library/Core/Inc/usbd_def.h **** 
  27:Middlewares/ST/STM32_USB_Device_Library/Core/Inc/usbd_def.h **** /* Includes ------------------------------------------------------------------*/
  28:Middlewares/ST/STM32_USB_Device_Library/Core/Inc/usbd_def.h **** #include "usbd_conf.h"
  29:Middlewares/ST/STM32_USB_Device_Library/Core/Inc/usbd_def.h **** 
  30:Middlewares/ST/STM32_USB_Device_Library/Core/Inc/usbd_def.h **** /** @addtogroup STM32_USBD_DEVICE_LIBRARY
  31:Middlewares/ST/STM32_USB_Device_Library/Core/Inc/usbd_def.h ****   * @{
  32:Middlewares/ST/STM32_USB_Device_Library/Core/Inc/usbd_def.h ****   */
  33:Middlewares/ST/STM32_USB_Device_Library/Core/Inc/usbd_def.h **** 
  34:Middlewares/ST/STM32_USB_Device_Library/Core/Inc/usbd_def.h **** /** @defgroup USB_DEF
  35:Middlewares/ST/STM32_USB_Device_Library/Core/Inc/usbd_def.h ****   * @brief general defines for the usb device library file
  36:Middlewares/ST/STM32_USB_Device_Library/Core/Inc/usbd_def.h ****   * @{
  37:Middlewares/ST/STM32_USB_Device_Library/Core/Inc/usbd_def.h ****   */
  38:Middlewares/ST/STM32_USB_Device_Library/Core/Inc/usbd_def.h **** 
ARM GAS  C:\Users\Made\AppData\Local\Temp\cc5wfdsS.s 			page 22


  39:Middlewares/ST/STM32_USB_Device_Library/Core/Inc/usbd_def.h **** /** @defgroup USB_DEF_Exported_Defines
  40:Middlewares/ST/STM32_USB_Device_Library/Core/Inc/usbd_def.h ****   * @{
  41:Middlewares/ST/STM32_USB_Device_Library/Core/Inc/usbd_def.h ****   */
  42:Middlewares/ST/STM32_USB_Device_Library/Core/Inc/usbd_def.h **** 
  43:Middlewares/ST/STM32_USB_Device_Library/Core/Inc/usbd_def.h **** #ifndef NULL
  44:Middlewares/ST/STM32_USB_Device_Library/Core/Inc/usbd_def.h **** #define NULL                                            0U
  45:Middlewares/ST/STM32_USB_Device_Library/Core/Inc/usbd_def.h **** #endif /* NULL */
  46:Middlewares/ST/STM32_USB_Device_Library/Core/Inc/usbd_def.h **** 
  47:Middlewares/ST/STM32_USB_Device_Library/Core/Inc/usbd_def.h **** #ifndef USBD_MAX_NUM_INTERFACES
  48:Middlewares/ST/STM32_USB_Device_Library/Core/Inc/usbd_def.h **** #define USBD_MAX_NUM_INTERFACES                         1U
  49:Middlewares/ST/STM32_USB_Device_Library/Core/Inc/usbd_def.h **** #endif /* USBD_MAX_NUM_CONFIGURATION */
  50:Middlewares/ST/STM32_USB_Device_Library/Core/Inc/usbd_def.h **** 
  51:Middlewares/ST/STM32_USB_Device_Library/Core/Inc/usbd_def.h **** #ifndef USBD_MAX_NUM_CONFIGURATION
  52:Middlewares/ST/STM32_USB_Device_Library/Core/Inc/usbd_def.h **** #define USBD_MAX_NUM_CONFIGURATION                      1U
  53:Middlewares/ST/STM32_USB_Device_Library/Core/Inc/usbd_def.h **** #endif /* USBD_MAX_NUM_CONFIGURATION */
  54:Middlewares/ST/STM32_USB_Device_Library/Core/Inc/usbd_def.h **** 
  55:Middlewares/ST/STM32_USB_Device_Library/Core/Inc/usbd_def.h **** #ifdef USE_USBD_COMPOSITE
  56:Middlewares/ST/STM32_USB_Device_Library/Core/Inc/usbd_def.h **** #ifndef USBD_MAX_SUPPORTED_CLASS
  57:Middlewares/ST/STM32_USB_Device_Library/Core/Inc/usbd_def.h **** #define USBD_MAX_SUPPORTED_CLASS                       4U
  58:Middlewares/ST/STM32_USB_Device_Library/Core/Inc/usbd_def.h **** #endif /* USBD_MAX_SUPPORTED_CLASS */
  59:Middlewares/ST/STM32_USB_Device_Library/Core/Inc/usbd_def.h **** #else
  60:Middlewares/ST/STM32_USB_Device_Library/Core/Inc/usbd_def.h **** #ifndef USBD_MAX_SUPPORTED_CLASS
  61:Middlewares/ST/STM32_USB_Device_Library/Core/Inc/usbd_def.h **** #define USBD_MAX_SUPPORTED_CLASS                       1U
  62:Middlewares/ST/STM32_USB_Device_Library/Core/Inc/usbd_def.h **** #endif /* USBD_MAX_SUPPORTED_CLASS */
  63:Middlewares/ST/STM32_USB_Device_Library/Core/Inc/usbd_def.h **** #endif /* USE_USBD_COMPOSITE */
  64:Middlewares/ST/STM32_USB_Device_Library/Core/Inc/usbd_def.h **** 
  65:Middlewares/ST/STM32_USB_Device_Library/Core/Inc/usbd_def.h **** #ifndef USBD_MAX_CLASS_ENDPOINTS
  66:Middlewares/ST/STM32_USB_Device_Library/Core/Inc/usbd_def.h **** #define USBD_MAX_CLASS_ENDPOINTS                       5U
  67:Middlewares/ST/STM32_USB_Device_Library/Core/Inc/usbd_def.h **** #endif /* USBD_MAX_CLASS_ENDPOINTS */
  68:Middlewares/ST/STM32_USB_Device_Library/Core/Inc/usbd_def.h **** 
  69:Middlewares/ST/STM32_USB_Device_Library/Core/Inc/usbd_def.h **** #ifndef USBD_MAX_CLASS_INTERFACES
  70:Middlewares/ST/STM32_USB_Device_Library/Core/Inc/usbd_def.h **** #define USBD_MAX_CLASS_INTERFACES                      5U
  71:Middlewares/ST/STM32_USB_Device_Library/Core/Inc/usbd_def.h **** #endif /* USBD_MAX_CLASS_INTERFACES */
  72:Middlewares/ST/STM32_USB_Device_Library/Core/Inc/usbd_def.h **** 
  73:Middlewares/ST/STM32_USB_Device_Library/Core/Inc/usbd_def.h **** #ifndef USBD_LPM_ENABLED
  74:Middlewares/ST/STM32_USB_Device_Library/Core/Inc/usbd_def.h **** #define USBD_LPM_ENABLED                                0U
  75:Middlewares/ST/STM32_USB_Device_Library/Core/Inc/usbd_def.h **** #endif /* USBD_LPM_ENABLED */
  76:Middlewares/ST/STM32_USB_Device_Library/Core/Inc/usbd_def.h **** 
  77:Middlewares/ST/STM32_USB_Device_Library/Core/Inc/usbd_def.h **** #ifndef USBD_SELF_POWERED
  78:Middlewares/ST/STM32_USB_Device_Library/Core/Inc/usbd_def.h **** #define USBD_SELF_POWERED                               1U
  79:Middlewares/ST/STM32_USB_Device_Library/Core/Inc/usbd_def.h **** #endif /*USBD_SELF_POWERED */
  80:Middlewares/ST/STM32_USB_Device_Library/Core/Inc/usbd_def.h **** 
  81:Middlewares/ST/STM32_USB_Device_Library/Core/Inc/usbd_def.h **** #ifndef USBD_MAX_POWER
  82:Middlewares/ST/STM32_USB_Device_Library/Core/Inc/usbd_def.h **** #define USBD_MAX_POWER                                  0x32U /* 100 mA */
  83:Middlewares/ST/STM32_USB_Device_Library/Core/Inc/usbd_def.h **** #endif /* USBD_MAX_POWER */
  84:Middlewares/ST/STM32_USB_Device_Library/Core/Inc/usbd_def.h **** 
  85:Middlewares/ST/STM32_USB_Device_Library/Core/Inc/usbd_def.h **** #ifndef USBD_SUPPORT_USER_STRING_DESC
  86:Middlewares/ST/STM32_USB_Device_Library/Core/Inc/usbd_def.h **** #define USBD_SUPPORT_USER_STRING_DESC                   0U
  87:Middlewares/ST/STM32_USB_Device_Library/Core/Inc/usbd_def.h **** #endif /* USBD_SUPPORT_USER_STRING_DESC */
  88:Middlewares/ST/STM32_USB_Device_Library/Core/Inc/usbd_def.h **** 
  89:Middlewares/ST/STM32_USB_Device_Library/Core/Inc/usbd_def.h **** #ifndef USBD_CLASS_USER_STRING_DESC
  90:Middlewares/ST/STM32_USB_Device_Library/Core/Inc/usbd_def.h **** #define USBD_CLASS_USER_STRING_DESC                     0U
  91:Middlewares/ST/STM32_USB_Device_Library/Core/Inc/usbd_def.h **** #endif /* USBD_CLASS_USER_STRING_DESC */
  92:Middlewares/ST/STM32_USB_Device_Library/Core/Inc/usbd_def.h **** 
  93:Middlewares/ST/STM32_USB_Device_Library/Core/Inc/usbd_def.h **** #define  USB_LEN_DEV_QUALIFIER_DESC                     0x0AU
  94:Middlewares/ST/STM32_USB_Device_Library/Core/Inc/usbd_def.h **** #define  USB_LEN_DEV_DESC                               0x12U
  95:Middlewares/ST/STM32_USB_Device_Library/Core/Inc/usbd_def.h **** #define  USB_LEN_CFG_DESC                               0x09U
ARM GAS  C:\Users\Made\AppData\Local\Temp\cc5wfdsS.s 			page 23


  96:Middlewares/ST/STM32_USB_Device_Library/Core/Inc/usbd_def.h **** #define  USB_LEN_IF_DESC                                0x09U
  97:Middlewares/ST/STM32_USB_Device_Library/Core/Inc/usbd_def.h **** #define  USB_LEN_EP_DESC                                0x07U
  98:Middlewares/ST/STM32_USB_Device_Library/Core/Inc/usbd_def.h **** #define  USB_LEN_OTG_DESC                               0x03U
  99:Middlewares/ST/STM32_USB_Device_Library/Core/Inc/usbd_def.h **** #define  USB_LEN_LANGID_STR_DESC                        0x04U
 100:Middlewares/ST/STM32_USB_Device_Library/Core/Inc/usbd_def.h **** #define  USB_LEN_OTHER_SPEED_DESC_SIZ                   0x09U
 101:Middlewares/ST/STM32_USB_Device_Library/Core/Inc/usbd_def.h **** 
 102:Middlewares/ST/STM32_USB_Device_Library/Core/Inc/usbd_def.h **** #define  USBD_IDX_LANGID_STR                            0x00U
 103:Middlewares/ST/STM32_USB_Device_Library/Core/Inc/usbd_def.h **** #define  USBD_IDX_MFC_STR                               0x01U
 104:Middlewares/ST/STM32_USB_Device_Library/Core/Inc/usbd_def.h **** #define  USBD_IDX_PRODUCT_STR                           0x02U
 105:Middlewares/ST/STM32_USB_Device_Library/Core/Inc/usbd_def.h **** #define  USBD_IDX_SERIAL_STR                            0x03U
 106:Middlewares/ST/STM32_USB_Device_Library/Core/Inc/usbd_def.h **** #define  USBD_IDX_CONFIG_STR                            0x04U
 107:Middlewares/ST/STM32_USB_Device_Library/Core/Inc/usbd_def.h **** #define  USBD_IDX_INTERFACE_STR                         0x05U
 108:Middlewares/ST/STM32_USB_Device_Library/Core/Inc/usbd_def.h **** 
 109:Middlewares/ST/STM32_USB_Device_Library/Core/Inc/usbd_def.h **** #define  USB_REQ_TYPE_STANDARD                          0x00U
 110:Middlewares/ST/STM32_USB_Device_Library/Core/Inc/usbd_def.h **** #define  USB_REQ_TYPE_CLASS                             0x20U
 111:Middlewares/ST/STM32_USB_Device_Library/Core/Inc/usbd_def.h **** #define  USB_REQ_TYPE_VENDOR                            0x40U
 112:Middlewares/ST/STM32_USB_Device_Library/Core/Inc/usbd_def.h **** #define  USB_REQ_TYPE_MASK                              0x60U
 113:Middlewares/ST/STM32_USB_Device_Library/Core/Inc/usbd_def.h **** 
 114:Middlewares/ST/STM32_USB_Device_Library/Core/Inc/usbd_def.h **** #define  USB_REQ_RECIPIENT_DEVICE                       0x00U
 115:Middlewares/ST/STM32_USB_Device_Library/Core/Inc/usbd_def.h **** #define  USB_REQ_RECIPIENT_INTERFACE                    0x01U
 116:Middlewares/ST/STM32_USB_Device_Library/Core/Inc/usbd_def.h **** #define  USB_REQ_RECIPIENT_ENDPOINT                     0x02U
 117:Middlewares/ST/STM32_USB_Device_Library/Core/Inc/usbd_def.h **** #define  USB_REQ_RECIPIENT_MASK                         0x03U
 118:Middlewares/ST/STM32_USB_Device_Library/Core/Inc/usbd_def.h **** 
 119:Middlewares/ST/STM32_USB_Device_Library/Core/Inc/usbd_def.h **** #define  USB_REQ_GET_STATUS                             0x00U
 120:Middlewares/ST/STM32_USB_Device_Library/Core/Inc/usbd_def.h **** #define  USB_REQ_CLEAR_FEATURE                          0x01U
 121:Middlewares/ST/STM32_USB_Device_Library/Core/Inc/usbd_def.h **** #define  USB_REQ_SET_FEATURE                            0x03U
 122:Middlewares/ST/STM32_USB_Device_Library/Core/Inc/usbd_def.h **** #define  USB_REQ_SET_ADDRESS                            0x05U
 123:Middlewares/ST/STM32_USB_Device_Library/Core/Inc/usbd_def.h **** #define  USB_REQ_GET_DESCRIPTOR                         0x06U
 124:Middlewares/ST/STM32_USB_Device_Library/Core/Inc/usbd_def.h **** #define  USB_REQ_SET_DESCRIPTOR                         0x07U
 125:Middlewares/ST/STM32_USB_Device_Library/Core/Inc/usbd_def.h **** #define  USB_REQ_GET_CONFIGURATION                      0x08U
 126:Middlewares/ST/STM32_USB_Device_Library/Core/Inc/usbd_def.h **** #define  USB_REQ_SET_CONFIGURATION                      0x09U
 127:Middlewares/ST/STM32_USB_Device_Library/Core/Inc/usbd_def.h **** #define  USB_REQ_GET_INTERFACE                          0x0AU
 128:Middlewares/ST/STM32_USB_Device_Library/Core/Inc/usbd_def.h **** #define  USB_REQ_SET_INTERFACE                          0x0BU
 129:Middlewares/ST/STM32_USB_Device_Library/Core/Inc/usbd_def.h **** #define  USB_REQ_SYNCH_FRAME                            0x0CU
 130:Middlewares/ST/STM32_USB_Device_Library/Core/Inc/usbd_def.h **** 
 131:Middlewares/ST/STM32_USB_Device_Library/Core/Inc/usbd_def.h **** #define  USB_DESC_TYPE_DEVICE                           0x01U
 132:Middlewares/ST/STM32_USB_Device_Library/Core/Inc/usbd_def.h **** #define  USB_DESC_TYPE_CONFIGURATION                    0x02U
 133:Middlewares/ST/STM32_USB_Device_Library/Core/Inc/usbd_def.h **** #define  USB_DESC_TYPE_STRING                           0x03U
 134:Middlewares/ST/STM32_USB_Device_Library/Core/Inc/usbd_def.h **** #define  USB_DESC_TYPE_INTERFACE                        0x04U
 135:Middlewares/ST/STM32_USB_Device_Library/Core/Inc/usbd_def.h **** #define  USB_DESC_TYPE_ENDPOINT                         0x05U
 136:Middlewares/ST/STM32_USB_Device_Library/Core/Inc/usbd_def.h **** #define  USB_DESC_TYPE_DEVICE_QUALIFIER                 0x06U
 137:Middlewares/ST/STM32_USB_Device_Library/Core/Inc/usbd_def.h **** #define  USB_DESC_TYPE_OTHER_SPEED_CONFIGURATION        0x07U
 138:Middlewares/ST/STM32_USB_Device_Library/Core/Inc/usbd_def.h **** #define  USB_DESC_TYPE_IAD                              0x0BU
 139:Middlewares/ST/STM32_USB_Device_Library/Core/Inc/usbd_def.h **** #define  USB_DESC_TYPE_BOS                              0x0FU
 140:Middlewares/ST/STM32_USB_Device_Library/Core/Inc/usbd_def.h **** 
 141:Middlewares/ST/STM32_USB_Device_Library/Core/Inc/usbd_def.h **** #define USB_CONFIG_REMOTE_WAKEUP                        0x02U
 142:Middlewares/ST/STM32_USB_Device_Library/Core/Inc/usbd_def.h **** #define USB_CONFIG_SELF_POWERED                         0x01U
 143:Middlewares/ST/STM32_USB_Device_Library/Core/Inc/usbd_def.h **** 
 144:Middlewares/ST/STM32_USB_Device_Library/Core/Inc/usbd_def.h **** #define USB_FEATURE_EP_HALT                             0x00U
 145:Middlewares/ST/STM32_USB_Device_Library/Core/Inc/usbd_def.h **** #define USB_FEATURE_REMOTE_WAKEUP                       0x01U
 146:Middlewares/ST/STM32_USB_Device_Library/Core/Inc/usbd_def.h **** #define USB_FEATURE_TEST_MODE                           0x02U
 147:Middlewares/ST/STM32_USB_Device_Library/Core/Inc/usbd_def.h **** 
 148:Middlewares/ST/STM32_USB_Device_Library/Core/Inc/usbd_def.h **** #define USB_DEVICE_CAPABITY_TYPE                        0x10U
 149:Middlewares/ST/STM32_USB_Device_Library/Core/Inc/usbd_def.h **** 
 150:Middlewares/ST/STM32_USB_Device_Library/Core/Inc/usbd_def.h **** #define USB_CONF_DESC_SIZE                              0x09U
 151:Middlewares/ST/STM32_USB_Device_Library/Core/Inc/usbd_def.h **** #define USB_IF_DESC_SIZE                                0x09U
 152:Middlewares/ST/STM32_USB_Device_Library/Core/Inc/usbd_def.h **** #define USB_EP_DESC_SIZE                                0x07U
ARM GAS  C:\Users\Made\AppData\Local\Temp\cc5wfdsS.s 			page 24


 153:Middlewares/ST/STM32_USB_Device_Library/Core/Inc/usbd_def.h **** #define USB_IAD_DESC_SIZE                               0x08U
 154:Middlewares/ST/STM32_USB_Device_Library/Core/Inc/usbd_def.h **** 
 155:Middlewares/ST/STM32_USB_Device_Library/Core/Inc/usbd_def.h **** #define USB_HS_MAX_PACKET_SIZE                          512U
 156:Middlewares/ST/STM32_USB_Device_Library/Core/Inc/usbd_def.h **** #define USB_FS_MAX_PACKET_SIZE                          64U
 157:Middlewares/ST/STM32_USB_Device_Library/Core/Inc/usbd_def.h **** #define USB_MAX_EP0_SIZE                                64U
 158:Middlewares/ST/STM32_USB_Device_Library/Core/Inc/usbd_def.h **** 
 159:Middlewares/ST/STM32_USB_Device_Library/Core/Inc/usbd_def.h **** /*  Device Status */
 160:Middlewares/ST/STM32_USB_Device_Library/Core/Inc/usbd_def.h **** #define USBD_STATE_DEFAULT                              0x01U
 161:Middlewares/ST/STM32_USB_Device_Library/Core/Inc/usbd_def.h **** #define USBD_STATE_ADDRESSED                            0x02U
 162:Middlewares/ST/STM32_USB_Device_Library/Core/Inc/usbd_def.h **** #define USBD_STATE_CONFIGURED                           0x03U
 163:Middlewares/ST/STM32_USB_Device_Library/Core/Inc/usbd_def.h **** #define USBD_STATE_SUSPENDED                            0x04U
 164:Middlewares/ST/STM32_USB_Device_Library/Core/Inc/usbd_def.h **** 
 165:Middlewares/ST/STM32_USB_Device_Library/Core/Inc/usbd_def.h **** 
 166:Middlewares/ST/STM32_USB_Device_Library/Core/Inc/usbd_def.h **** /*  EP0 State */
 167:Middlewares/ST/STM32_USB_Device_Library/Core/Inc/usbd_def.h **** #define USBD_EP0_IDLE                                   0x00U
 168:Middlewares/ST/STM32_USB_Device_Library/Core/Inc/usbd_def.h **** #define USBD_EP0_SETUP                                  0x01U
 169:Middlewares/ST/STM32_USB_Device_Library/Core/Inc/usbd_def.h **** #define USBD_EP0_DATA_IN                                0x02U
 170:Middlewares/ST/STM32_USB_Device_Library/Core/Inc/usbd_def.h **** #define USBD_EP0_DATA_OUT                               0x03U
 171:Middlewares/ST/STM32_USB_Device_Library/Core/Inc/usbd_def.h **** #define USBD_EP0_STATUS_IN                              0x04U
 172:Middlewares/ST/STM32_USB_Device_Library/Core/Inc/usbd_def.h **** #define USBD_EP0_STATUS_OUT                             0x05U
 173:Middlewares/ST/STM32_USB_Device_Library/Core/Inc/usbd_def.h **** #define USBD_EP0_STALL                                  0x06U
 174:Middlewares/ST/STM32_USB_Device_Library/Core/Inc/usbd_def.h **** 
 175:Middlewares/ST/STM32_USB_Device_Library/Core/Inc/usbd_def.h **** #define USBD_EP_TYPE_CTRL                               0x00U
 176:Middlewares/ST/STM32_USB_Device_Library/Core/Inc/usbd_def.h **** #define USBD_EP_TYPE_ISOC                               0x01U
 177:Middlewares/ST/STM32_USB_Device_Library/Core/Inc/usbd_def.h **** #define USBD_EP_TYPE_BULK                               0x02U
 178:Middlewares/ST/STM32_USB_Device_Library/Core/Inc/usbd_def.h **** #define USBD_EP_TYPE_INTR                               0x03U
 179:Middlewares/ST/STM32_USB_Device_Library/Core/Inc/usbd_def.h **** 
 180:Middlewares/ST/STM32_USB_Device_Library/Core/Inc/usbd_def.h **** #ifdef USE_USBD_COMPOSITE
 181:Middlewares/ST/STM32_USB_Device_Library/Core/Inc/usbd_def.h **** #define USBD_EP_IN                                      0x80U
 182:Middlewares/ST/STM32_USB_Device_Library/Core/Inc/usbd_def.h **** #define USBD_EP_OUT                                     0x00U
 183:Middlewares/ST/STM32_USB_Device_Library/Core/Inc/usbd_def.h **** #define USBD_FUNC_DESCRIPTOR_TYPE                       0x24U
 184:Middlewares/ST/STM32_USB_Device_Library/Core/Inc/usbd_def.h **** #define USBD_DESC_SUBTYPE_ACM                           0x0FU
 185:Middlewares/ST/STM32_USB_Device_Library/Core/Inc/usbd_def.h **** #define USBD_DESC_ECM_BCD_LOW                           0x00U
 186:Middlewares/ST/STM32_USB_Device_Library/Core/Inc/usbd_def.h **** #define USBD_DESC_ECM_BCD_HIGH                          0x10U
 187:Middlewares/ST/STM32_USB_Device_Library/Core/Inc/usbd_def.h **** #endif /* USE_USBD_COMPOSITE */
 188:Middlewares/ST/STM32_USB_Device_Library/Core/Inc/usbd_def.h **** /**
 189:Middlewares/ST/STM32_USB_Device_Library/Core/Inc/usbd_def.h ****   * @}
 190:Middlewares/ST/STM32_USB_Device_Library/Core/Inc/usbd_def.h ****   */
 191:Middlewares/ST/STM32_USB_Device_Library/Core/Inc/usbd_def.h **** 
 192:Middlewares/ST/STM32_USB_Device_Library/Core/Inc/usbd_def.h **** 
 193:Middlewares/ST/STM32_USB_Device_Library/Core/Inc/usbd_def.h **** /** @defgroup USBD_DEF_Exported_TypesDefinitions
 194:Middlewares/ST/STM32_USB_Device_Library/Core/Inc/usbd_def.h ****   * @{
 195:Middlewares/ST/STM32_USB_Device_Library/Core/Inc/usbd_def.h ****   */
 196:Middlewares/ST/STM32_USB_Device_Library/Core/Inc/usbd_def.h **** 
 197:Middlewares/ST/STM32_USB_Device_Library/Core/Inc/usbd_def.h **** typedef  struct  usb_setup_req
 198:Middlewares/ST/STM32_USB_Device_Library/Core/Inc/usbd_def.h **** {
 199:Middlewares/ST/STM32_USB_Device_Library/Core/Inc/usbd_def.h ****   uint8_t   bmRequest;
 200:Middlewares/ST/STM32_USB_Device_Library/Core/Inc/usbd_def.h ****   uint8_t   bRequest;
 201:Middlewares/ST/STM32_USB_Device_Library/Core/Inc/usbd_def.h ****   uint16_t  wValue;
 202:Middlewares/ST/STM32_USB_Device_Library/Core/Inc/usbd_def.h ****   uint16_t  wIndex;
 203:Middlewares/ST/STM32_USB_Device_Library/Core/Inc/usbd_def.h ****   uint16_t  wLength;
 204:Middlewares/ST/STM32_USB_Device_Library/Core/Inc/usbd_def.h **** } USBD_SetupReqTypedef;
 205:Middlewares/ST/STM32_USB_Device_Library/Core/Inc/usbd_def.h **** 
 206:Middlewares/ST/STM32_USB_Device_Library/Core/Inc/usbd_def.h **** typedef struct
 207:Middlewares/ST/STM32_USB_Device_Library/Core/Inc/usbd_def.h **** {
 208:Middlewares/ST/STM32_USB_Device_Library/Core/Inc/usbd_def.h ****   uint8_t   bLength;
 209:Middlewares/ST/STM32_USB_Device_Library/Core/Inc/usbd_def.h ****   uint8_t   bDescriptorType;
ARM GAS  C:\Users\Made\AppData\Local\Temp\cc5wfdsS.s 			page 25


 210:Middlewares/ST/STM32_USB_Device_Library/Core/Inc/usbd_def.h ****   uint16_t  wTotalLength;
 211:Middlewares/ST/STM32_USB_Device_Library/Core/Inc/usbd_def.h ****   uint8_t   bNumInterfaces;
 212:Middlewares/ST/STM32_USB_Device_Library/Core/Inc/usbd_def.h ****   uint8_t   bConfigurationValue;
 213:Middlewares/ST/STM32_USB_Device_Library/Core/Inc/usbd_def.h ****   uint8_t   iConfiguration;
 214:Middlewares/ST/STM32_USB_Device_Library/Core/Inc/usbd_def.h ****   uint8_t   bmAttributes;
 215:Middlewares/ST/STM32_USB_Device_Library/Core/Inc/usbd_def.h ****   uint8_t   bMaxPower;
 216:Middlewares/ST/STM32_USB_Device_Library/Core/Inc/usbd_def.h **** } __PACKED USBD_ConfigDescTypeDef;
 217:Middlewares/ST/STM32_USB_Device_Library/Core/Inc/usbd_def.h **** 
 218:Middlewares/ST/STM32_USB_Device_Library/Core/Inc/usbd_def.h **** typedef struct
 219:Middlewares/ST/STM32_USB_Device_Library/Core/Inc/usbd_def.h **** {
 220:Middlewares/ST/STM32_USB_Device_Library/Core/Inc/usbd_def.h ****   uint8_t   bLength;
 221:Middlewares/ST/STM32_USB_Device_Library/Core/Inc/usbd_def.h ****   uint8_t   bDescriptorType;
 222:Middlewares/ST/STM32_USB_Device_Library/Core/Inc/usbd_def.h ****   uint16_t  wTotalLength;
 223:Middlewares/ST/STM32_USB_Device_Library/Core/Inc/usbd_def.h ****   uint8_t   bNumDeviceCaps;
 224:Middlewares/ST/STM32_USB_Device_Library/Core/Inc/usbd_def.h **** } USBD_BosDescTypeDef;
 225:Middlewares/ST/STM32_USB_Device_Library/Core/Inc/usbd_def.h **** 
 226:Middlewares/ST/STM32_USB_Device_Library/Core/Inc/usbd_def.h **** typedef struct
 227:Middlewares/ST/STM32_USB_Device_Library/Core/Inc/usbd_def.h **** {
 228:Middlewares/ST/STM32_USB_Device_Library/Core/Inc/usbd_def.h ****   uint8_t   bLength;
 229:Middlewares/ST/STM32_USB_Device_Library/Core/Inc/usbd_def.h ****   uint8_t   bDescriptorType;
 230:Middlewares/ST/STM32_USB_Device_Library/Core/Inc/usbd_def.h ****   uint8_t   bEndpointAddress;
 231:Middlewares/ST/STM32_USB_Device_Library/Core/Inc/usbd_def.h ****   uint8_t   bmAttributes;
 232:Middlewares/ST/STM32_USB_Device_Library/Core/Inc/usbd_def.h ****   uint16_t  wMaxPacketSize;
 233:Middlewares/ST/STM32_USB_Device_Library/Core/Inc/usbd_def.h ****   uint8_t   bInterval;
 234:Middlewares/ST/STM32_USB_Device_Library/Core/Inc/usbd_def.h **** } __PACKED USBD_EpDescTypeDef;
 235:Middlewares/ST/STM32_USB_Device_Library/Core/Inc/usbd_def.h **** 
 236:Middlewares/ST/STM32_USB_Device_Library/Core/Inc/usbd_def.h **** typedef  struct
 237:Middlewares/ST/STM32_USB_Device_Library/Core/Inc/usbd_def.h **** {
 238:Middlewares/ST/STM32_USB_Device_Library/Core/Inc/usbd_def.h ****   uint8_t  bLength;
 239:Middlewares/ST/STM32_USB_Device_Library/Core/Inc/usbd_def.h ****   uint8_t  bDescriptorType;
 240:Middlewares/ST/STM32_USB_Device_Library/Core/Inc/usbd_def.h ****   uint8_t  bDescriptorSubType;
 241:Middlewares/ST/STM32_USB_Device_Library/Core/Inc/usbd_def.h **** } USBD_DescHeaderTypeDef;
 242:Middlewares/ST/STM32_USB_Device_Library/Core/Inc/usbd_def.h **** 
 243:Middlewares/ST/STM32_USB_Device_Library/Core/Inc/usbd_def.h **** struct _USBD_HandleTypeDef;
 244:Middlewares/ST/STM32_USB_Device_Library/Core/Inc/usbd_def.h **** 
 245:Middlewares/ST/STM32_USB_Device_Library/Core/Inc/usbd_def.h **** typedef struct _Device_cb
 246:Middlewares/ST/STM32_USB_Device_Library/Core/Inc/usbd_def.h **** {
 247:Middlewares/ST/STM32_USB_Device_Library/Core/Inc/usbd_def.h ****   uint8_t (*Init)(struct _USBD_HandleTypeDef *pdev, uint8_t cfgidx);
 248:Middlewares/ST/STM32_USB_Device_Library/Core/Inc/usbd_def.h ****   uint8_t (*DeInit)(struct _USBD_HandleTypeDef *pdev, uint8_t cfgidx);
 249:Middlewares/ST/STM32_USB_Device_Library/Core/Inc/usbd_def.h ****   /* Control Endpoints*/
 250:Middlewares/ST/STM32_USB_Device_Library/Core/Inc/usbd_def.h ****   uint8_t (*Setup)(struct _USBD_HandleTypeDef *pdev, USBD_SetupReqTypedef  *req);
 251:Middlewares/ST/STM32_USB_Device_Library/Core/Inc/usbd_def.h ****   uint8_t (*EP0_TxSent)(struct _USBD_HandleTypeDef *pdev);
 252:Middlewares/ST/STM32_USB_Device_Library/Core/Inc/usbd_def.h ****   uint8_t (*EP0_RxReady)(struct _USBD_HandleTypeDef *pdev);
 253:Middlewares/ST/STM32_USB_Device_Library/Core/Inc/usbd_def.h ****   /* Class Specific Endpoints*/
 254:Middlewares/ST/STM32_USB_Device_Library/Core/Inc/usbd_def.h ****   uint8_t (*DataIn)(struct _USBD_HandleTypeDef *pdev, uint8_t epnum);
 255:Middlewares/ST/STM32_USB_Device_Library/Core/Inc/usbd_def.h ****   uint8_t (*DataOut)(struct _USBD_HandleTypeDef *pdev, uint8_t epnum);
 256:Middlewares/ST/STM32_USB_Device_Library/Core/Inc/usbd_def.h ****   uint8_t (*SOF)(struct _USBD_HandleTypeDef *pdev);
 257:Middlewares/ST/STM32_USB_Device_Library/Core/Inc/usbd_def.h ****   uint8_t (*IsoINIncomplete)(struct _USBD_HandleTypeDef *pdev, uint8_t epnum);
 258:Middlewares/ST/STM32_USB_Device_Library/Core/Inc/usbd_def.h ****   uint8_t (*IsoOUTIncomplete)(struct _USBD_HandleTypeDef *pdev, uint8_t epnum);
 259:Middlewares/ST/STM32_USB_Device_Library/Core/Inc/usbd_def.h **** 
 260:Middlewares/ST/STM32_USB_Device_Library/Core/Inc/usbd_def.h ****   uint8_t  *(*GetHSConfigDescriptor)(uint16_t *length);
 261:Middlewares/ST/STM32_USB_Device_Library/Core/Inc/usbd_def.h ****   uint8_t  *(*GetFSConfigDescriptor)(uint16_t *length);
 262:Middlewares/ST/STM32_USB_Device_Library/Core/Inc/usbd_def.h ****   uint8_t  *(*GetOtherSpeedConfigDescriptor)(uint16_t *length);
 263:Middlewares/ST/STM32_USB_Device_Library/Core/Inc/usbd_def.h ****   uint8_t  *(*GetDeviceQualifierDescriptor)(uint16_t *length);
 264:Middlewares/ST/STM32_USB_Device_Library/Core/Inc/usbd_def.h **** #if (USBD_SUPPORT_USER_STRING_DESC == 1U)
 265:Middlewares/ST/STM32_USB_Device_Library/Core/Inc/usbd_def.h ****   uint8_t  *(*GetUsrStrDescriptor)(struct _USBD_HandleTypeDef *pdev, uint8_t index,  uint16_t *leng
 266:Middlewares/ST/STM32_USB_Device_Library/Core/Inc/usbd_def.h **** #endif /* USBD_SUPPORT_USER_STRING_DESC  */
ARM GAS  C:\Users\Made\AppData\Local\Temp\cc5wfdsS.s 			page 26


 267:Middlewares/ST/STM32_USB_Device_Library/Core/Inc/usbd_def.h **** 
 268:Middlewares/ST/STM32_USB_Device_Library/Core/Inc/usbd_def.h **** } USBD_ClassTypeDef;
 269:Middlewares/ST/STM32_USB_Device_Library/Core/Inc/usbd_def.h **** 
 270:Middlewares/ST/STM32_USB_Device_Library/Core/Inc/usbd_def.h **** /* Following USB Device Speed */
 271:Middlewares/ST/STM32_USB_Device_Library/Core/Inc/usbd_def.h **** typedef enum
 272:Middlewares/ST/STM32_USB_Device_Library/Core/Inc/usbd_def.h **** {
 273:Middlewares/ST/STM32_USB_Device_Library/Core/Inc/usbd_def.h ****   USBD_SPEED_HIGH  = 0U,
 274:Middlewares/ST/STM32_USB_Device_Library/Core/Inc/usbd_def.h ****   USBD_SPEED_FULL  = 1U,
 275:Middlewares/ST/STM32_USB_Device_Library/Core/Inc/usbd_def.h ****   USBD_SPEED_LOW   = 2U,
 276:Middlewares/ST/STM32_USB_Device_Library/Core/Inc/usbd_def.h **** } USBD_SpeedTypeDef;
 277:Middlewares/ST/STM32_USB_Device_Library/Core/Inc/usbd_def.h **** 
 278:Middlewares/ST/STM32_USB_Device_Library/Core/Inc/usbd_def.h **** /* Following USB Device status */
 279:Middlewares/ST/STM32_USB_Device_Library/Core/Inc/usbd_def.h **** typedef enum
 280:Middlewares/ST/STM32_USB_Device_Library/Core/Inc/usbd_def.h **** {
 281:Middlewares/ST/STM32_USB_Device_Library/Core/Inc/usbd_def.h ****   USBD_OK = 0U,
 282:Middlewares/ST/STM32_USB_Device_Library/Core/Inc/usbd_def.h ****   USBD_BUSY,
 283:Middlewares/ST/STM32_USB_Device_Library/Core/Inc/usbd_def.h ****   USBD_EMEM,
 284:Middlewares/ST/STM32_USB_Device_Library/Core/Inc/usbd_def.h ****   USBD_FAIL,
 285:Middlewares/ST/STM32_USB_Device_Library/Core/Inc/usbd_def.h **** } USBD_StatusTypeDef;
 286:Middlewares/ST/STM32_USB_Device_Library/Core/Inc/usbd_def.h **** 
 287:Middlewares/ST/STM32_USB_Device_Library/Core/Inc/usbd_def.h **** /* USB Device descriptors structure */
 288:Middlewares/ST/STM32_USB_Device_Library/Core/Inc/usbd_def.h **** typedef struct
 289:Middlewares/ST/STM32_USB_Device_Library/Core/Inc/usbd_def.h **** {
 290:Middlewares/ST/STM32_USB_Device_Library/Core/Inc/usbd_def.h ****   uint8_t *(*GetDeviceDescriptor)(USBD_SpeedTypeDef speed, uint16_t *length);
 291:Middlewares/ST/STM32_USB_Device_Library/Core/Inc/usbd_def.h ****   uint8_t *(*GetLangIDStrDescriptor)(USBD_SpeedTypeDef speed, uint16_t *length);
 292:Middlewares/ST/STM32_USB_Device_Library/Core/Inc/usbd_def.h ****   uint8_t *(*GetManufacturerStrDescriptor)(USBD_SpeedTypeDef speed, uint16_t *length);
 293:Middlewares/ST/STM32_USB_Device_Library/Core/Inc/usbd_def.h ****   uint8_t *(*GetProductStrDescriptor)(USBD_SpeedTypeDef speed, uint16_t *length);
 294:Middlewares/ST/STM32_USB_Device_Library/Core/Inc/usbd_def.h ****   uint8_t *(*GetSerialStrDescriptor)(USBD_SpeedTypeDef speed, uint16_t *length);
 295:Middlewares/ST/STM32_USB_Device_Library/Core/Inc/usbd_def.h ****   uint8_t *(*GetConfigurationStrDescriptor)(USBD_SpeedTypeDef speed, uint16_t *length);
 296:Middlewares/ST/STM32_USB_Device_Library/Core/Inc/usbd_def.h ****   uint8_t *(*GetInterfaceStrDescriptor)(USBD_SpeedTypeDef speed, uint16_t *length);
 297:Middlewares/ST/STM32_USB_Device_Library/Core/Inc/usbd_def.h **** #if (USBD_CLASS_USER_STRING_DESC == 1)
 298:Middlewares/ST/STM32_USB_Device_Library/Core/Inc/usbd_def.h ****   uint8_t *(*GetUserStrDescriptor)(USBD_SpeedTypeDef speed, uint8_t idx, uint16_t *length);
 299:Middlewares/ST/STM32_USB_Device_Library/Core/Inc/usbd_def.h **** #endif /* USBD_CLASS_USER_STRING_DESC */
 300:Middlewares/ST/STM32_USB_Device_Library/Core/Inc/usbd_def.h **** #if ((USBD_LPM_ENABLED == 1U) || (USBD_CLASS_BOS_ENABLED == 1))
 301:Middlewares/ST/STM32_USB_Device_Library/Core/Inc/usbd_def.h ****   uint8_t *(*GetBOSDescriptor)(USBD_SpeedTypeDef speed, uint16_t *length);
 302:Middlewares/ST/STM32_USB_Device_Library/Core/Inc/usbd_def.h **** #endif /* (USBD_LPM_ENABLED == 1U) || (USBD_CLASS_BOS_ENABLED == 1) */
 303:Middlewares/ST/STM32_USB_Device_Library/Core/Inc/usbd_def.h **** } USBD_DescriptorsTypeDef;
 304:Middlewares/ST/STM32_USB_Device_Library/Core/Inc/usbd_def.h **** 
 305:Middlewares/ST/STM32_USB_Device_Library/Core/Inc/usbd_def.h **** /* USB Device handle structure */
 306:Middlewares/ST/STM32_USB_Device_Library/Core/Inc/usbd_def.h **** typedef struct
 307:Middlewares/ST/STM32_USB_Device_Library/Core/Inc/usbd_def.h **** {
 308:Middlewares/ST/STM32_USB_Device_Library/Core/Inc/usbd_def.h ****   uint32_t status;
 309:Middlewares/ST/STM32_USB_Device_Library/Core/Inc/usbd_def.h ****   uint32_t total_length;
 310:Middlewares/ST/STM32_USB_Device_Library/Core/Inc/usbd_def.h ****   uint32_t rem_length;
 311:Middlewares/ST/STM32_USB_Device_Library/Core/Inc/usbd_def.h ****   uint32_t maxpacket;
 312:Middlewares/ST/STM32_USB_Device_Library/Core/Inc/usbd_def.h ****   uint16_t is_used;
 313:Middlewares/ST/STM32_USB_Device_Library/Core/Inc/usbd_def.h ****   uint16_t bInterval;
 314:Middlewares/ST/STM32_USB_Device_Library/Core/Inc/usbd_def.h **** } USBD_EndpointTypeDef;
 315:Middlewares/ST/STM32_USB_Device_Library/Core/Inc/usbd_def.h **** 
 316:Middlewares/ST/STM32_USB_Device_Library/Core/Inc/usbd_def.h **** #ifdef USE_USBD_COMPOSITE
 317:Middlewares/ST/STM32_USB_Device_Library/Core/Inc/usbd_def.h **** typedef enum
 318:Middlewares/ST/STM32_USB_Device_Library/Core/Inc/usbd_def.h **** {
 319:Middlewares/ST/STM32_USB_Device_Library/Core/Inc/usbd_def.h ****   CLASS_TYPE_NONE    = 0,
 320:Middlewares/ST/STM32_USB_Device_Library/Core/Inc/usbd_def.h ****   CLASS_TYPE_HID     = 1,
 321:Middlewares/ST/STM32_USB_Device_Library/Core/Inc/usbd_def.h ****   CLASS_TYPE_CDC     = 2,
 322:Middlewares/ST/STM32_USB_Device_Library/Core/Inc/usbd_def.h ****   CLASS_TYPE_MSC     = 3,
 323:Middlewares/ST/STM32_USB_Device_Library/Core/Inc/usbd_def.h ****   CLASS_TYPE_DFU     = 4,
ARM GAS  C:\Users\Made\AppData\Local\Temp\cc5wfdsS.s 			page 27


 324:Middlewares/ST/STM32_USB_Device_Library/Core/Inc/usbd_def.h ****   CLASS_TYPE_CHID    = 5,
 325:Middlewares/ST/STM32_USB_Device_Library/Core/Inc/usbd_def.h ****   CLASS_TYPE_AUDIO   = 6,
 326:Middlewares/ST/STM32_USB_Device_Library/Core/Inc/usbd_def.h ****   CLASS_TYPE_ECM     = 7,
 327:Middlewares/ST/STM32_USB_Device_Library/Core/Inc/usbd_def.h ****   CLASS_TYPE_RNDIS   = 8,
 328:Middlewares/ST/STM32_USB_Device_Library/Core/Inc/usbd_def.h ****   CLASS_TYPE_MTP     = 9,
 329:Middlewares/ST/STM32_USB_Device_Library/Core/Inc/usbd_def.h ****   CLASS_TYPE_VIDEO   = 10,
 330:Middlewares/ST/STM32_USB_Device_Library/Core/Inc/usbd_def.h ****   CLASS_TYPE_PRINTER = 11,
 331:Middlewares/ST/STM32_USB_Device_Library/Core/Inc/usbd_def.h ****   CLASS_TYPE_CCID    = 12,
 332:Middlewares/ST/STM32_USB_Device_Library/Core/Inc/usbd_def.h **** } USBD_CompositeClassTypeDef;
 333:Middlewares/ST/STM32_USB_Device_Library/Core/Inc/usbd_def.h **** 
 334:Middlewares/ST/STM32_USB_Device_Library/Core/Inc/usbd_def.h **** 
 335:Middlewares/ST/STM32_USB_Device_Library/Core/Inc/usbd_def.h **** /* USB Device handle structure */
 336:Middlewares/ST/STM32_USB_Device_Library/Core/Inc/usbd_def.h **** typedef struct
 337:Middlewares/ST/STM32_USB_Device_Library/Core/Inc/usbd_def.h **** {
 338:Middlewares/ST/STM32_USB_Device_Library/Core/Inc/usbd_def.h ****   uint8_t                     add;
 339:Middlewares/ST/STM32_USB_Device_Library/Core/Inc/usbd_def.h ****   uint8_t                     type;
 340:Middlewares/ST/STM32_USB_Device_Library/Core/Inc/usbd_def.h ****   uint8_t                     size;
 341:Middlewares/ST/STM32_USB_Device_Library/Core/Inc/usbd_def.h ****   uint8_t                     is_used;
 342:Middlewares/ST/STM32_USB_Device_Library/Core/Inc/usbd_def.h **** } USBD_EPTypeDef;
 343:Middlewares/ST/STM32_USB_Device_Library/Core/Inc/usbd_def.h **** 
 344:Middlewares/ST/STM32_USB_Device_Library/Core/Inc/usbd_def.h **** /* USB Device handle structure */
 345:Middlewares/ST/STM32_USB_Device_Library/Core/Inc/usbd_def.h **** typedef struct
 346:Middlewares/ST/STM32_USB_Device_Library/Core/Inc/usbd_def.h **** {
 347:Middlewares/ST/STM32_USB_Device_Library/Core/Inc/usbd_def.h ****   USBD_CompositeClassTypeDef   ClassType;
 348:Middlewares/ST/STM32_USB_Device_Library/Core/Inc/usbd_def.h ****   uint32_t                     ClassId;
 349:Middlewares/ST/STM32_USB_Device_Library/Core/Inc/usbd_def.h ****   uint32_t                     Active;
 350:Middlewares/ST/STM32_USB_Device_Library/Core/Inc/usbd_def.h ****   uint32_t                     NumEps;
 351:Middlewares/ST/STM32_USB_Device_Library/Core/Inc/usbd_def.h ****   USBD_EPTypeDef               Eps[USBD_MAX_CLASS_ENDPOINTS];
 352:Middlewares/ST/STM32_USB_Device_Library/Core/Inc/usbd_def.h ****   uint8_t                      *EpAdd;
 353:Middlewares/ST/STM32_USB_Device_Library/Core/Inc/usbd_def.h ****   uint32_t                     NumIf;
 354:Middlewares/ST/STM32_USB_Device_Library/Core/Inc/usbd_def.h ****   uint8_t                      Ifs[USBD_MAX_CLASS_INTERFACES];
 355:Middlewares/ST/STM32_USB_Device_Library/Core/Inc/usbd_def.h ****   uint32_t                     CurrPcktSze;
 356:Middlewares/ST/STM32_USB_Device_Library/Core/Inc/usbd_def.h **** } USBD_CompositeElementTypeDef;
 357:Middlewares/ST/STM32_USB_Device_Library/Core/Inc/usbd_def.h **** #endif /* USE_USBD_COMPOSITE */
 358:Middlewares/ST/STM32_USB_Device_Library/Core/Inc/usbd_def.h **** 
 359:Middlewares/ST/STM32_USB_Device_Library/Core/Inc/usbd_def.h **** /* USB Device handle structure */
 360:Middlewares/ST/STM32_USB_Device_Library/Core/Inc/usbd_def.h **** typedef struct _USBD_HandleTypeDef
 361:Middlewares/ST/STM32_USB_Device_Library/Core/Inc/usbd_def.h **** {
 362:Middlewares/ST/STM32_USB_Device_Library/Core/Inc/usbd_def.h ****   uint8_t                 id;
 363:Middlewares/ST/STM32_USB_Device_Library/Core/Inc/usbd_def.h ****   uint32_t                dev_config;
 364:Middlewares/ST/STM32_USB_Device_Library/Core/Inc/usbd_def.h ****   uint32_t                dev_default_config;
 365:Middlewares/ST/STM32_USB_Device_Library/Core/Inc/usbd_def.h ****   uint32_t                dev_config_status;
 366:Middlewares/ST/STM32_USB_Device_Library/Core/Inc/usbd_def.h ****   USBD_SpeedTypeDef       dev_speed;
 367:Middlewares/ST/STM32_USB_Device_Library/Core/Inc/usbd_def.h ****   USBD_EndpointTypeDef    ep_in[16];
 368:Middlewares/ST/STM32_USB_Device_Library/Core/Inc/usbd_def.h ****   USBD_EndpointTypeDef    ep_out[16];
 369:Middlewares/ST/STM32_USB_Device_Library/Core/Inc/usbd_def.h ****   __IO uint32_t           ep0_state;
 370:Middlewares/ST/STM32_USB_Device_Library/Core/Inc/usbd_def.h ****   uint32_t                ep0_data_len;
 371:Middlewares/ST/STM32_USB_Device_Library/Core/Inc/usbd_def.h ****   __IO uint8_t            dev_state;
 372:Middlewares/ST/STM32_USB_Device_Library/Core/Inc/usbd_def.h ****   __IO uint8_t            dev_old_state;
 373:Middlewares/ST/STM32_USB_Device_Library/Core/Inc/usbd_def.h ****   uint8_t                 dev_address;
 374:Middlewares/ST/STM32_USB_Device_Library/Core/Inc/usbd_def.h ****   uint8_t                 dev_connection_status;
 375:Middlewares/ST/STM32_USB_Device_Library/Core/Inc/usbd_def.h ****   uint8_t                 dev_test_mode;
 376:Middlewares/ST/STM32_USB_Device_Library/Core/Inc/usbd_def.h ****   uint32_t                dev_remote_wakeup;
 377:Middlewares/ST/STM32_USB_Device_Library/Core/Inc/usbd_def.h ****   uint8_t                 ConfIdx;
 378:Middlewares/ST/STM32_USB_Device_Library/Core/Inc/usbd_def.h **** 
 379:Middlewares/ST/STM32_USB_Device_Library/Core/Inc/usbd_def.h ****   USBD_SetupReqTypedef    request;
 380:Middlewares/ST/STM32_USB_Device_Library/Core/Inc/usbd_def.h ****   USBD_DescriptorsTypeDef *pDesc;
ARM GAS  C:\Users\Made\AppData\Local\Temp\cc5wfdsS.s 			page 28


 381:Middlewares/ST/STM32_USB_Device_Library/Core/Inc/usbd_def.h ****   USBD_ClassTypeDef       *pClass[USBD_MAX_SUPPORTED_CLASS];
 382:Middlewares/ST/STM32_USB_Device_Library/Core/Inc/usbd_def.h ****   void                    *pClassData;
 383:Middlewares/ST/STM32_USB_Device_Library/Core/Inc/usbd_def.h ****   void                    *pClassDataCmsit[USBD_MAX_SUPPORTED_CLASS];
 384:Middlewares/ST/STM32_USB_Device_Library/Core/Inc/usbd_def.h ****   void                    *pUserData[USBD_MAX_SUPPORTED_CLASS];
 385:Middlewares/ST/STM32_USB_Device_Library/Core/Inc/usbd_def.h ****   void                    *pData;
 386:Middlewares/ST/STM32_USB_Device_Library/Core/Inc/usbd_def.h ****   void                    *pBosDesc;
 387:Middlewares/ST/STM32_USB_Device_Library/Core/Inc/usbd_def.h ****   void                    *pConfDesc;
 388:Middlewares/ST/STM32_USB_Device_Library/Core/Inc/usbd_def.h ****   uint32_t                classId;
 389:Middlewares/ST/STM32_USB_Device_Library/Core/Inc/usbd_def.h ****   uint32_t                NumClasses;
 390:Middlewares/ST/STM32_USB_Device_Library/Core/Inc/usbd_def.h **** #ifdef USE_USBD_COMPOSITE
 391:Middlewares/ST/STM32_USB_Device_Library/Core/Inc/usbd_def.h ****   USBD_CompositeElementTypeDef tclasslist[USBD_MAX_SUPPORTED_CLASS];
 392:Middlewares/ST/STM32_USB_Device_Library/Core/Inc/usbd_def.h **** #endif /* USE_USBD_COMPOSITE */
 393:Middlewares/ST/STM32_USB_Device_Library/Core/Inc/usbd_def.h **** #if (USBD_USER_REGISTER_CALLBACK == 1U)
 394:Middlewares/ST/STM32_USB_Device_Library/Core/Inc/usbd_def.h ****   void (* DevStateCallback)(uint8_t dev_state, uint8_t cfgidx);                    /*!< User Notifi
 395:Middlewares/ST/STM32_USB_Device_Library/Core/Inc/usbd_def.h **** #endif /* USBD_USER_REGISTER_CALLBACK */
 396:Middlewares/ST/STM32_USB_Device_Library/Core/Inc/usbd_def.h **** } USBD_HandleTypeDef;
 397:Middlewares/ST/STM32_USB_Device_Library/Core/Inc/usbd_def.h **** 
 398:Middlewares/ST/STM32_USB_Device_Library/Core/Inc/usbd_def.h **** #if (USBD_USER_REGISTER_CALLBACK == 1U)
 399:Middlewares/ST/STM32_USB_Device_Library/Core/Inc/usbd_def.h **** typedef void (*USBD_DevStateCallbackTypeDef)(uint8_t dev_state, uint8_t cfgidx);   /*!< pointer to 
 400:Middlewares/ST/STM32_USB_Device_Library/Core/Inc/usbd_def.h **** #endif /* USBD_USER_REGISTER_CALLBACK */
 401:Middlewares/ST/STM32_USB_Device_Library/Core/Inc/usbd_def.h **** 
 402:Middlewares/ST/STM32_USB_Device_Library/Core/Inc/usbd_def.h **** /* USB Device endpoint direction */
 403:Middlewares/ST/STM32_USB_Device_Library/Core/Inc/usbd_def.h **** typedef enum
 404:Middlewares/ST/STM32_USB_Device_Library/Core/Inc/usbd_def.h **** {
 405:Middlewares/ST/STM32_USB_Device_Library/Core/Inc/usbd_def.h ****   OUT   = 0x00,
 406:Middlewares/ST/STM32_USB_Device_Library/Core/Inc/usbd_def.h ****   IN    = 0x80,
 407:Middlewares/ST/STM32_USB_Device_Library/Core/Inc/usbd_def.h **** } USBD_EPDirectionTypeDef;
 408:Middlewares/ST/STM32_USB_Device_Library/Core/Inc/usbd_def.h **** 
 409:Middlewares/ST/STM32_USB_Device_Library/Core/Inc/usbd_def.h **** typedef enum
 410:Middlewares/ST/STM32_USB_Device_Library/Core/Inc/usbd_def.h **** {
 411:Middlewares/ST/STM32_USB_Device_Library/Core/Inc/usbd_def.h ****   NETWORK_CONNECTION = 0x00,
 412:Middlewares/ST/STM32_USB_Device_Library/Core/Inc/usbd_def.h ****   RESPONSE_AVAILABLE = 0x01,
 413:Middlewares/ST/STM32_USB_Device_Library/Core/Inc/usbd_def.h ****   CONNECTION_SPEED_CHANGE = 0x2A
 414:Middlewares/ST/STM32_USB_Device_Library/Core/Inc/usbd_def.h **** } USBD_CDC_NotifCodeTypeDef;
 415:Middlewares/ST/STM32_USB_Device_Library/Core/Inc/usbd_def.h **** /**
 416:Middlewares/ST/STM32_USB_Device_Library/Core/Inc/usbd_def.h ****   * @}
 417:Middlewares/ST/STM32_USB_Device_Library/Core/Inc/usbd_def.h ****   */
 418:Middlewares/ST/STM32_USB_Device_Library/Core/Inc/usbd_def.h **** 
 419:Middlewares/ST/STM32_USB_Device_Library/Core/Inc/usbd_def.h **** 
 420:Middlewares/ST/STM32_USB_Device_Library/Core/Inc/usbd_def.h **** 
 421:Middlewares/ST/STM32_USB_Device_Library/Core/Inc/usbd_def.h **** /** @defgroup USBD_DEF_Exported_Macros
 422:Middlewares/ST/STM32_USB_Device_Library/Core/Inc/usbd_def.h ****   * @{
 423:Middlewares/ST/STM32_USB_Device_Library/Core/Inc/usbd_def.h ****   */
 424:Middlewares/ST/STM32_USB_Device_Library/Core/Inc/usbd_def.h **** __STATIC_INLINE uint16_t SWAPBYTE(uint8_t *addr)
 104              		.loc 2 424 26 view .LVU28
 105              	.LBB9:
 425:Middlewares/ST/STM32_USB_Device_Library/Core/Inc/usbd_def.h **** {
 426:Middlewares/ST/STM32_USB_Device_Library/Core/Inc/usbd_def.h ****   uint16_t _SwapVal;
 106              		.loc 2 426 3 view .LVU29
 427:Middlewares/ST/STM32_USB_Device_Library/Core/Inc/usbd_def.h ****   uint16_t _Byte1;
 107              		.loc 2 427 3 view .LVU30
 428:Middlewares/ST/STM32_USB_Device_Library/Core/Inc/usbd_def.h ****   uint16_t _Byte2;
 108              		.loc 2 428 3 view .LVU31
 429:Middlewares/ST/STM32_USB_Device_Library/Core/Inc/usbd_def.h ****   uint8_t *_pbuff = addr;
 109              		.loc 2 429 3 view .LVU32
 430:Middlewares/ST/STM32_USB_Device_Library/Core/Inc/usbd_def.h **** 
 431:Middlewares/ST/STM32_USB_Device_Library/Core/Inc/usbd_def.h ****   _Byte1 = *(uint8_t *)_pbuff;
ARM GAS  C:\Users\Made\AppData\Local\Temp\cc5wfdsS.s 			page 29


 110              		.loc 2 431 3 view .LVU33
 111              		.loc 2 431 12 is_stmt 0 view .LVU34
 112 0008 8B78     		ldrb	r3, [r1, #2]	@ zero_extendqisi2
 113              	.LVL10:
 432:Middlewares/ST/STM32_USB_Device_Library/Core/Inc/usbd_def.h ****   _pbuff++;
 114              		.loc 2 432 3 is_stmt 1 view .LVU35
 433:Middlewares/ST/STM32_USB_Device_Library/Core/Inc/usbd_def.h ****   _Byte2 = *(uint8_t *)_pbuff;
 115              		.loc 2 433 3 view .LVU36
 116              		.loc 2 433 12 is_stmt 0 view .LVU37
 117 000a CA78     		ldrb	r2, [r1, #3]	@ zero_extendqisi2
 118              	.LVL11:
 434:Middlewares/ST/STM32_USB_Device_Library/Core/Inc/usbd_def.h **** 
 435:Middlewares/ST/STM32_USB_Device_Library/Core/Inc/usbd_def.h ****   _SwapVal = (_Byte2 << 8) | _Byte1;
 119              		.loc 2 435 3 is_stmt 1 view .LVU38
 120              		.loc 2 435 12 is_stmt 0 view .LVU39
 121 000c 43EA0223 		orr	r3, r3, r2, lsl #8
 122              	.LVL12:
 436:Middlewares/ST/STM32_USB_Device_Library/Core/Inc/usbd_def.h **** 
 437:Middlewares/ST/STM32_USB_Device_Library/Core/Inc/usbd_def.h ****   return _SwapVal;
 123              		.loc 2 437 3 is_stmt 1 view .LVU40
 124              		.loc 2 437 3 is_stmt 0 view .LVU41
 125              	.LBE9:
 126              	.LBE8:
 960:Middlewares/ST/STM32_USB_Device_Library/Core/Src/usbd_ctlreq.c **** 
 127              		.loc 1 960 15 discriminator 1 view .LVU42
 128 0010 4380     		strh	r3, [r0, #2]	@ movhi
 129              	.LVL13:
 962:Middlewares/ST/STM32_USB_Device_Library/Core/Src/usbd_ctlreq.c ****   pbuff++;
 130              		.loc 1 962 3 is_stmt 1 view .LVU43
 963:Middlewares/ST/STM32_USB_Device_Library/Core/Src/usbd_ctlreq.c ****   req->wIndex = SWAPBYTE(pbuff);
 131              		.loc 1 963 3 view .LVU44
 964:Middlewares/ST/STM32_USB_Device_Library/Core/Src/usbd_ctlreq.c **** 
 132              		.loc 1 964 3 view .LVU45
 133              	.LBB10:
 134              	.LBI10:
 424:Middlewares/ST/STM32_USB_Device_Library/Core/Inc/usbd_def.h **** {
 135              		.loc 2 424 26 view .LVU46
 136              	.LBB11:
 426:Middlewares/ST/STM32_USB_Device_Library/Core/Inc/usbd_def.h ****   uint16_t _Byte1;
 137              		.loc 2 426 3 view .LVU47
 427:Middlewares/ST/STM32_USB_Device_Library/Core/Inc/usbd_def.h ****   uint16_t _Byte2;
 138              		.loc 2 427 3 view .LVU48
 428:Middlewares/ST/STM32_USB_Device_Library/Core/Inc/usbd_def.h ****   uint8_t *_pbuff = addr;
 139              		.loc 2 428 3 view .LVU49
 429:Middlewares/ST/STM32_USB_Device_Library/Core/Inc/usbd_def.h **** 
 140              		.loc 2 429 3 view .LVU50
 431:Middlewares/ST/STM32_USB_Device_Library/Core/Inc/usbd_def.h ****   _pbuff++;
 141              		.loc 2 431 3 view .LVU51
 431:Middlewares/ST/STM32_USB_Device_Library/Core/Inc/usbd_def.h ****   _pbuff++;
 142              		.loc 2 431 12 is_stmt 0 view .LVU52
 143 0012 0B79     		ldrb	r3, [r1, #4]	@ zero_extendqisi2
 144              	.LVL14:
 432:Middlewares/ST/STM32_USB_Device_Library/Core/Inc/usbd_def.h ****   _Byte2 = *(uint8_t *)_pbuff;
 145              		.loc 2 432 3 is_stmt 1 view .LVU53
 433:Middlewares/ST/STM32_USB_Device_Library/Core/Inc/usbd_def.h **** 
 146              		.loc 2 433 3 view .LVU54
 433:Middlewares/ST/STM32_USB_Device_Library/Core/Inc/usbd_def.h **** 
ARM GAS  C:\Users\Made\AppData\Local\Temp\cc5wfdsS.s 			page 30


 147              		.loc 2 433 12 is_stmt 0 view .LVU55
 148 0014 4A79     		ldrb	r2, [r1, #5]	@ zero_extendqisi2
 149              	.LVL15:
 435:Middlewares/ST/STM32_USB_Device_Library/Core/Inc/usbd_def.h **** 
 150              		.loc 2 435 3 is_stmt 1 view .LVU56
 435:Middlewares/ST/STM32_USB_Device_Library/Core/Inc/usbd_def.h **** 
 151              		.loc 2 435 12 is_stmt 0 view .LVU57
 152 0016 43EA0223 		orr	r3, r3, r2, lsl #8
 153              	.LVL16:
 154              		.loc 2 437 3 is_stmt 1 view .LVU58
 155              		.loc 2 437 3 is_stmt 0 view .LVU59
 156              	.LBE11:
 157              	.LBE10:
 964:Middlewares/ST/STM32_USB_Device_Library/Core/Src/usbd_ctlreq.c **** 
 158              		.loc 1 964 15 discriminator 1 view .LVU60
 159 001a 8380     		strh	r3, [r0, #4]	@ movhi
 160              	.LVL17:
 966:Middlewares/ST/STM32_USB_Device_Library/Core/Src/usbd_ctlreq.c ****   pbuff++;
 161              		.loc 1 966 3 is_stmt 1 view .LVU61
 967:Middlewares/ST/STM32_USB_Device_Library/Core/Src/usbd_ctlreq.c ****   req->wLength = SWAPBYTE(pbuff);
 162              		.loc 1 967 3 view .LVU62
 968:Middlewares/ST/STM32_USB_Device_Library/Core/Src/usbd_ctlreq.c **** }
 163              		.loc 1 968 3 view .LVU63
 164              	.LBB12:
 165              	.LBI12:
 424:Middlewares/ST/STM32_USB_Device_Library/Core/Inc/usbd_def.h **** {
 166              		.loc 2 424 26 view .LVU64
 167              	.LBB13:
 426:Middlewares/ST/STM32_USB_Device_Library/Core/Inc/usbd_def.h ****   uint16_t _Byte1;
 168              		.loc 2 426 3 view .LVU65
 427:Middlewares/ST/STM32_USB_Device_Library/Core/Inc/usbd_def.h ****   uint16_t _Byte2;
 169              		.loc 2 427 3 view .LVU66
 428:Middlewares/ST/STM32_USB_Device_Library/Core/Inc/usbd_def.h ****   uint8_t *_pbuff = addr;
 170              		.loc 2 428 3 view .LVU67
 429:Middlewares/ST/STM32_USB_Device_Library/Core/Inc/usbd_def.h **** 
 171              		.loc 2 429 3 view .LVU68
 431:Middlewares/ST/STM32_USB_Device_Library/Core/Inc/usbd_def.h ****   _pbuff++;
 172              		.loc 2 431 3 view .LVU69
 431:Middlewares/ST/STM32_USB_Device_Library/Core/Inc/usbd_def.h ****   _pbuff++;
 173              		.loc 2 431 12 is_stmt 0 view .LVU70
 174 001c 8B79     		ldrb	r3, [r1, #6]	@ zero_extendqisi2
 175              	.LVL18:
 432:Middlewares/ST/STM32_USB_Device_Library/Core/Inc/usbd_def.h ****   _Byte2 = *(uint8_t *)_pbuff;
 176              		.loc 2 432 3 is_stmt 1 view .LVU71
 433:Middlewares/ST/STM32_USB_Device_Library/Core/Inc/usbd_def.h **** 
 177              		.loc 2 433 3 view .LVU72
 433:Middlewares/ST/STM32_USB_Device_Library/Core/Inc/usbd_def.h **** 
 178              		.loc 2 433 12 is_stmt 0 view .LVU73
 179 001e CA79     		ldrb	r2, [r1, #7]	@ zero_extendqisi2
 180              	.LVL19:
 435:Middlewares/ST/STM32_USB_Device_Library/Core/Inc/usbd_def.h **** 
 181              		.loc 2 435 3 is_stmt 1 view .LVU74
 435:Middlewares/ST/STM32_USB_Device_Library/Core/Inc/usbd_def.h **** 
 182              		.loc 2 435 12 is_stmt 0 view .LVU75
 183 0020 43EA0223 		orr	r3, r3, r2, lsl #8
 184              	.LVL20:
 185              		.loc 2 437 3 is_stmt 1 view .LVU76
ARM GAS  C:\Users\Made\AppData\Local\Temp\cc5wfdsS.s 			page 31


 186              		.loc 2 437 3 is_stmt 0 view .LVU77
 187              	.LBE13:
 188              	.LBE12:
 968:Middlewares/ST/STM32_USB_Device_Library/Core/Src/usbd_ctlreq.c **** }
 189              		.loc 1 968 16 discriminator 1 view .LVU78
 190 0024 C380     		strh	r3, [r0, #6]	@ movhi
 191              	.LVL21:
 969:Middlewares/ST/STM32_USB_Device_Library/Core/Src/usbd_ctlreq.c **** 
 192              		.loc 1 969 1 view .LVU79
 193 0026 7047     		bx	lr
 194              		.cfi_endproc
 195              	.LFE349:
 197              		.section	.text.USBD_CtlError,"ax",%progbits
 198              		.align	1
 199              		.global	USBD_CtlError
 200              		.syntax unified
 201              		.thumb
 202              		.thumb_func
 204              	USBD_CtlError:
 205              	.LVL22:
 206              	.LFB350:
 980:Middlewares/ST/STM32_USB_Device_Library/Core/Src/usbd_ctlreq.c ****   UNUSED(req);
 207              		.loc 1 980 1 is_stmt 1 view -0
 208              		.cfi_startproc
 209              		@ args = 0, pretend = 0, frame = 0
 210              		@ frame_needed = 0, uses_anonymous_args = 0
 980:Middlewares/ST/STM32_USB_Device_Library/Core/Src/usbd_ctlreq.c ****   UNUSED(req);
 211              		.loc 1 980 1 is_stmt 0 view .LVU81
 212 0000 10B5     		push	{r4, lr}
 213              	.LCFI0:
 214              		.cfi_def_cfa_offset 8
 215              		.cfi_offset 4, -8
 216              		.cfi_offset 14, -4
 217 0002 0446     		mov	r4, r0
 981:Middlewares/ST/STM32_USB_Device_Library/Core/Src/usbd_ctlreq.c **** 
 218              		.loc 1 981 3 is_stmt 1 view .LVU82
 983:Middlewares/ST/STM32_USB_Device_Library/Core/Src/usbd_ctlreq.c ****   (void)USBD_LL_StallEP(pdev, 0U);
 219              		.loc 1 983 3 view .LVU83
 983:Middlewares/ST/STM32_USB_Device_Library/Core/Src/usbd_ctlreq.c ****   (void)USBD_LL_StallEP(pdev, 0U);
 220              		.loc 1 983 9 is_stmt 0 view .LVU84
 221 0004 8021     		movs	r1, #128
 222              	.LVL23:
 983:Middlewares/ST/STM32_USB_Device_Library/Core/Src/usbd_ctlreq.c ****   (void)USBD_LL_StallEP(pdev, 0U);
 223              		.loc 1 983 9 view .LVU85
 224 0006 FFF7FEFF 		bl	USBD_LL_StallEP
 225              	.LVL24:
 984:Middlewares/ST/STM32_USB_Device_Library/Core/Src/usbd_ctlreq.c **** }
 226              		.loc 1 984 3 is_stmt 1 view .LVU86
 984:Middlewares/ST/STM32_USB_Device_Library/Core/Src/usbd_ctlreq.c **** }
 227              		.loc 1 984 9 is_stmt 0 view .LVU87
 228 000a 0021     		movs	r1, #0
 229 000c 2046     		mov	r0, r4
 230 000e FFF7FEFF 		bl	USBD_LL_StallEP
 231              	.LVL25:
 985:Middlewares/ST/STM32_USB_Device_Library/Core/Src/usbd_ctlreq.c **** 
 232              		.loc 1 985 1 view .LVU88
 233 0012 10BD     		pop	{r4, pc}
ARM GAS  C:\Users\Made\AppData\Local\Temp\cc5wfdsS.s 			page 32


 985:Middlewares/ST/STM32_USB_Device_Library/Core/Src/usbd_ctlreq.c **** 
 234              		.loc 1 985 1 view .LVU89
 235              		.cfi_endproc
 236              	.LFE350:
 238              		.section	.text.USBD_GetDescriptor,"ax",%progbits
 239              		.align	1
 240              		.syntax unified
 241              		.thumb
 242              		.thumb_func
 244              	USBD_GetDescriptor:
 245              	.LVL26:
 246              	.LFB342:
 429:Middlewares/ST/STM32_USB_Device_Library/Core/Src/usbd_ctlreq.c ****   uint16_t len = 0U;
 247              		.loc 1 429 1 is_stmt 1 view -0
 248              		.cfi_startproc
 249              		@ args = 0, pretend = 0, frame = 8
 250              		@ frame_needed = 0, uses_anonymous_args = 0
 429:Middlewares/ST/STM32_USB_Device_Library/Core/Src/usbd_ctlreq.c ****   uint16_t len = 0U;
 251              		.loc 1 429 1 is_stmt 0 view .LVU91
 252 0000 30B5     		push	{r4, r5, lr}
 253              	.LCFI1:
 254              		.cfi_def_cfa_offset 12
 255              		.cfi_offset 4, -12
 256              		.cfi_offset 5, -8
 257              		.cfi_offset 14, -4
 258 0002 83B0     		sub	sp, sp, #12
 259              	.LCFI2:
 260              		.cfi_def_cfa_offset 24
 261 0004 0446     		mov	r4, r0
 262 0006 0D46     		mov	r5, r1
 430:Middlewares/ST/STM32_USB_Device_Library/Core/Src/usbd_ctlreq.c ****   uint8_t *pbuf = NULL;
 263              		.loc 1 430 3 is_stmt 1 view .LVU92
 430:Middlewares/ST/STM32_USB_Device_Library/Core/Src/usbd_ctlreq.c ****   uint8_t *pbuf = NULL;
 264              		.loc 1 430 12 is_stmt 0 view .LVU93
 265 0008 0023     		movs	r3, #0
 266 000a ADF80630 		strh	r3, [sp, #6]	@ movhi
 431:Middlewares/ST/STM32_USB_Device_Library/Core/Src/usbd_ctlreq.c ****   uint8_t err = 0U;
 267              		.loc 1 431 3 is_stmt 1 view .LVU94
 268              	.LVL27:
 432:Middlewares/ST/STM32_USB_Device_Library/Core/Src/usbd_ctlreq.c **** 
 269              		.loc 1 432 3 view .LVU95
 434:Middlewares/ST/STM32_USB_Device_Library/Core/Src/usbd_ctlreq.c ****   {
 270              		.loc 1 434 3 view .LVU96
 434:Middlewares/ST/STM32_USB_Device_Library/Core/Src/usbd_ctlreq.c ****   {
 271              		.loc 1 434 14 is_stmt 0 view .LVU97
 272 000e 4A88     		ldrh	r2, [r1, #2]
 434:Middlewares/ST/STM32_USB_Device_Library/Core/Src/usbd_ctlreq.c ****   {
 273              		.loc 1 434 23 view .LVU98
 274 0010 130A     		lsrs	r3, r2, #8
 434:Middlewares/ST/STM32_USB_Device_Library/Core/Src/usbd_ctlreq.c ****   {
 275              		.loc 1 434 3 view .LVU99
 276 0012 013B     		subs	r3, r3, #1
 277 0014 0E2B     		cmp	r3, #14
 278 0016 00F2BC80 		bhi	.L8
 279 001a DFE803F0 		tbb	[pc, r3]
 280              	.LVL28:
 281              	.L10:
ARM GAS  C:\Users\Made\AppData\Local\Temp\cc5wfdsS.s 			page 33


 282 001e 15       		.byte	(.L15-.L10)/2
 283 001f 30       		.byte	(.L14-.L10)/2
 284 0020 44       		.byte	(.L13-.L10)/2
 285 0021 BA       		.byte	(.L8-.L10)/2
 286 0022 BA       		.byte	(.L8-.L10)/2
 287 0023 9E       		.byte	(.L12-.L10)/2
 288 0024 AB       		.byte	(.L11-.L10)/2
 289 0025 BA       		.byte	(.L8-.L10)/2
 290 0026 BA       		.byte	(.L8-.L10)/2
 291 0027 BA       		.byte	(.L8-.L10)/2
 292 0028 BA       		.byte	(.L8-.L10)/2
 293 0029 BA       		.byte	(.L8-.L10)/2
 294 002a BA       		.byte	(.L8-.L10)/2
 295 002b BA       		.byte	(.L8-.L10)/2
 296 002c 08       		.byte	(.L9-.L10)/2
 297 002d 00       		.p2align 1
 298              	.L9:
 438:Middlewares/ST/STM32_USB_Device_Library/Core/Src/usbd_ctlreq.c ****       {
 299              		.loc 1 438 7 is_stmt 1 view .LVU100
 438:Middlewares/ST/STM32_USB_Device_Library/Core/Src/usbd_ctlreq.c ****       {
 300              		.loc 1 438 15 is_stmt 0 view .LVU101
 301 002e D0F8B432 		ldr	r3, [r0, #692]
 438:Middlewares/ST/STM32_USB_Device_Library/Core/Src/usbd_ctlreq.c ****       {
 302              		.loc 1 438 22 view .LVU102
 303 0032 DB69     		ldr	r3, [r3, #28]
 438:Middlewares/ST/STM32_USB_Device_Library/Core/Src/usbd_ctlreq.c ****       {
 304              		.loc 1 438 10 view .LVU103
 305 0034 23B1     		cbz	r3, .L16
 440:Middlewares/ST/STM32_USB_Device_Library/Core/Src/usbd_ctlreq.c ****       }
 306              		.loc 1 440 9 is_stmt 1 view .LVU104
 440:Middlewares/ST/STM32_USB_Device_Library/Core/Src/usbd_ctlreq.c ****       }
 307              		.loc 1 440 16 is_stmt 0 view .LVU105
 308 0036 0DF10601 		add	r1, sp, #6
 309 003a 007C     		ldrb	r0, [r0, #16]	@ zero_extendqisi2
 310              	.LVL29:
 440:Middlewares/ST/STM32_USB_Device_Library/Core/Src/usbd_ctlreq.c ****       }
 311              		.loc 1 440 16 view .LVU106
 312 003c 9847     		blx	r3
 313              	.LVL30:
 651:Middlewares/ST/STM32_USB_Device_Library/Core/Src/usbd_ctlreq.c ****   {
 314              		.loc 1 651 3 is_stmt 1 view .LVU107
 315 003e 0AE0     		b	.L17
 316              	.LVL31:
 317              	.L16:
 444:Middlewares/ST/STM32_USB_Device_Library/Core/Src/usbd_ctlreq.c ****         err++;
 318              		.loc 1 444 9 view .LVU108
 319 0040 2946     		mov	r1, r5
 320 0042 FFF7FEFF 		bl	USBD_CtlError
 321              	.LVL32:
 445:Middlewares/ST/STM32_USB_Device_Library/Core/Src/usbd_ctlreq.c ****       }
 322              		.loc 1 445 9 view .LVU109
 651:Middlewares/ST/STM32_USB_Device_Library/Core/Src/usbd_ctlreq.c ****   {
 323              		.loc 1 651 3 view .LVU110
 324 0046 18E0     		b	.L7
 325              	.LVL33:
 326              	.L15:
 450:Middlewares/ST/STM32_USB_Device_Library/Core/Src/usbd_ctlreq.c ****       break;
ARM GAS  C:\Users\Made\AppData\Local\Temp\cc5wfdsS.s 			page 34


 327              		.loc 1 450 7 view .LVU111
 450:Middlewares/ST/STM32_USB_Device_Library/Core/Src/usbd_ctlreq.c ****       break;
 328              		.loc 1 450 18 is_stmt 0 view .LVU112
 329 0048 D0F8B432 		ldr	r3, [r0, #692]
 450:Middlewares/ST/STM32_USB_Device_Library/Core/Src/usbd_ctlreq.c ****       break;
 330              		.loc 1 450 25 view .LVU113
 331 004c 1B68     		ldr	r3, [r3]
 450:Middlewares/ST/STM32_USB_Device_Library/Core/Src/usbd_ctlreq.c ****       break;
 332              		.loc 1 450 14 view .LVU114
 333 004e 0DF10601 		add	r1, sp, #6
 334 0052 007C     		ldrb	r0, [r0, #16]	@ zero_extendqisi2
 335              	.LVL34:
 450:Middlewares/ST/STM32_USB_Device_Library/Core/Src/usbd_ctlreq.c ****       break;
 336              		.loc 1 450 14 view .LVU115
 337 0054 9847     		blx	r3
 338              	.LVL35:
 451:Middlewares/ST/STM32_USB_Device_Library/Core/Src/usbd_ctlreq.c **** 
 339              		.loc 1 451 7 is_stmt 1 view .LVU116
 651:Middlewares/ST/STM32_USB_Device_Library/Core/Src/usbd_ctlreq.c ****   {
 340              		.loc 1 651 3 view .LVU117
 341              	.L17:
 656:Middlewares/ST/STM32_USB_Device_Library/Core/Src/usbd_ctlreq.c ****   {
 342              		.loc 1 656 3 view .LVU118
 656:Middlewares/ST/STM32_USB_Device_Library/Core/Src/usbd_ctlreq.c ****   {
 343              		.loc 1 656 10 is_stmt 0 view .LVU119
 344 0056 EA88     		ldrh	r2, [r5, #6]
 656:Middlewares/ST/STM32_USB_Device_Library/Core/Src/usbd_ctlreq.c ****   {
 345              		.loc 1 656 6 view .LVU120
 346 0058 002A     		cmp	r2, #0
 347 005a 00F0A380 		beq	.L37
 658:Middlewares/ST/STM32_USB_Device_Library/Core/Src/usbd_ctlreq.c ****     {
 348              		.loc 1 658 5 is_stmt 1 view .LVU121
 658:Middlewares/ST/STM32_USB_Device_Library/Core/Src/usbd_ctlreq.c ****     {
 349              		.loc 1 658 13 is_stmt 0 view .LVU122
 350 005e BDF80630 		ldrh	r3, [sp, #6]
 658:Middlewares/ST/STM32_USB_Device_Library/Core/Src/usbd_ctlreq.c ****     {
 351              		.loc 1 658 8 view .LVU123
 352 0062 002B     		cmp	r3, #0
 353 0064 00F09980 		beq	.L38
 660:Middlewares/ST/STM32_USB_Device_Library/Core/Src/usbd_ctlreq.c ****       (void)USBD_CtlSendData(pdev, pbuf, len);
 354              		.loc 1 660 7 is_stmt 1 view .LVU124
 660:Middlewares/ST/STM32_USB_Device_Library/Core/Src/usbd_ctlreq.c ****       (void)USBD_CtlSendData(pdev, pbuf, len);
 355              		.loc 1 660 13 is_stmt 0 view .LVU125
 356 0068 9A42     		cmp	r2, r3
 357 006a 28BF     		it	cs
 358 006c 1A46     		movcs	r2, r3
 660:Middlewares/ST/STM32_USB_Device_Library/Core/Src/usbd_ctlreq.c ****       (void)USBD_CtlSendData(pdev, pbuf, len);
 359              		.loc 1 660 11 view .LVU126
 360 006e ADF80620 		strh	r2, [sp, #6]	@ movhi
 661:Middlewares/ST/STM32_USB_Device_Library/Core/Src/usbd_ctlreq.c ****     }
 361              		.loc 1 661 7 is_stmt 1 view .LVU127
 661:Middlewares/ST/STM32_USB_Device_Library/Core/Src/usbd_ctlreq.c ****     }
 362              		.loc 1 661 13 is_stmt 0 view .LVU128
 363 0072 0146     		mov	r1, r0
 364 0074 2046     		mov	r0, r4
 365              	.LVL36:
 661:Middlewares/ST/STM32_USB_Device_Library/Core/Src/usbd_ctlreq.c ****     }
ARM GAS  C:\Users\Made\AppData\Local\Temp\cc5wfdsS.s 			page 35


 366              		.loc 1 661 13 view .LVU129
 367 0076 FFF7FEFF 		bl	USBD_CtlSendData
 368              	.LVL37:
 369              	.L7:
 672:Middlewares/ST/STM32_USB_Device_Library/Core/Src/usbd_ctlreq.c **** 
 370              		.loc 1 672 1 view .LVU130
 371 007a 03B0     		add	sp, sp, #12
 372              	.LCFI3:
 373              		.cfi_remember_state
 374              		.cfi_def_cfa_offset 12
 375              		@ sp needed
 376 007c 30BD     		pop	{r4, r5, pc}
 377              	.LVL38:
 378              	.L14:
 379              	.LCFI4:
 380              		.cfi_restore_state
 454:Middlewares/ST/STM32_USB_Device_Library/Core/Src/usbd_ctlreq.c ****       {
 381              		.loc 1 454 7 is_stmt 1 view .LVU131
 454:Middlewares/ST/STM32_USB_Device_Library/Core/Src/usbd_ctlreq.c ****       {
 382              		.loc 1 454 15 is_stmt 0 view .LVU132
 383 007e 037C     		ldrb	r3, [r0, #16]	@ zero_extendqisi2
 454:Middlewares/ST/STM32_USB_Device_Library/Core/Src/usbd_ctlreq.c ****       {
 384              		.loc 1 454 10 view .LVU133
 385 0080 43B9     		cbnz	r3, .L19
 464:Middlewares/ST/STM32_USB_Device_Library/Core/Src/usbd_ctlreq.c ****         }
 386              		.loc 1 464 11 is_stmt 1 view .LVU134
 464:Middlewares/ST/STM32_USB_Device_Library/Core/Src/usbd_ctlreq.c ****         }
 387              		.loc 1 464 41 is_stmt 0 view .LVU135
 388 0082 D0F8B832 		ldr	r3, [r0, #696]
 464:Middlewares/ST/STM32_USB_Device_Library/Core/Src/usbd_ctlreq.c ****         }
 389              		.loc 1 464 44 view .LVU136
 390 0086 9B6A     		ldr	r3, [r3, #40]
 464:Middlewares/ST/STM32_USB_Device_Library/Core/Src/usbd_ctlreq.c ****         }
 391              		.loc 1 464 18 view .LVU137
 392 0088 0DF10600 		add	r0, sp, #6
 393              	.LVL39:
 464:Middlewares/ST/STM32_USB_Device_Library/Core/Src/usbd_ctlreq.c ****         }
 394              		.loc 1 464 18 view .LVU138
 395 008c 9847     		blx	r3
 396              	.LVL40:
 466:Middlewares/ST/STM32_USB_Device_Library/Core/Src/usbd_ctlreq.c ****       }
 397              		.loc 1 466 9 is_stmt 1 view .LVU139
 466:Middlewares/ST/STM32_USB_Device_Library/Core/Src/usbd_ctlreq.c ****       }
 398              		.loc 1 466 17 is_stmt 0 view .LVU140
 399 008e 0223     		movs	r3, #2
 400 0090 4370     		strb	r3, [r0, #1]
 651:Middlewares/ST/STM32_USB_Device_Library/Core/Src/usbd_ctlreq.c ****   {
 401              		.loc 1 651 3 is_stmt 1 view .LVU141
 402 0092 E0E7     		b	.L17
 403              	.LVL41:
 404              	.L19:
 478:Middlewares/ST/STM32_USB_Device_Library/Core/Src/usbd_ctlreq.c ****         }
 405              		.loc 1 478 11 view .LVU142
 478:Middlewares/ST/STM32_USB_Device_Library/Core/Src/usbd_ctlreq.c ****         }
 406              		.loc 1 478 41 is_stmt 0 view .LVU143
 407 0094 D0F8B832 		ldr	r3, [r0, #696]
 478:Middlewares/ST/STM32_USB_Device_Library/Core/Src/usbd_ctlreq.c ****         }
ARM GAS  C:\Users\Made\AppData\Local\Temp\cc5wfdsS.s 			page 36


 408              		.loc 1 478 44 view .LVU144
 409 0098 DB6A     		ldr	r3, [r3, #44]
 478:Middlewares/ST/STM32_USB_Device_Library/Core/Src/usbd_ctlreq.c ****         }
 410              		.loc 1 478 18 view .LVU145
 411 009a 0DF10600 		add	r0, sp, #6
 412              	.LVL42:
 478:Middlewares/ST/STM32_USB_Device_Library/Core/Src/usbd_ctlreq.c ****         }
 413              		.loc 1 478 18 view .LVU146
 414 009e 9847     		blx	r3
 415              	.LVL43:
 480:Middlewares/ST/STM32_USB_Device_Library/Core/Src/usbd_ctlreq.c ****       }
 416              		.loc 1 480 9 is_stmt 1 view .LVU147
 480:Middlewares/ST/STM32_USB_Device_Library/Core/Src/usbd_ctlreq.c ****       }
 417              		.loc 1 480 17 is_stmt 0 view .LVU148
 418 00a0 0223     		movs	r3, #2
 419 00a2 4370     		strb	r3, [r0, #1]
 651:Middlewares/ST/STM32_USB_Device_Library/Core/Src/usbd_ctlreq.c ****   {
 420              		.loc 1 651 3 is_stmt 1 view .LVU149
 421 00a4 D7E7     		b	.L17
 422              	.LVL44:
 423              	.L13:
 485:Middlewares/ST/STM32_USB_Device_Library/Core/Src/usbd_ctlreq.c ****       {
 424              		.loc 1 485 7 view .LVU150
 485:Middlewares/ST/STM32_USB_Device_Library/Core/Src/usbd_ctlreq.c ****       {
 425              		.loc 1 485 15 is_stmt 0 view .LVU151
 426 00a6 D2B2     		uxtb	r2, r2
 485:Middlewares/ST/STM32_USB_Device_Library/Core/Src/usbd_ctlreq.c ****       {
 427              		.loc 1 485 7 view .LVU152
 428 00a8 052A     		cmp	r2, #5
 429 00aa 52D8     		bhi	.L20
 430 00ac DFE802F0 		tbb	[pc, r2]
 431              	.L22:
 432 00b0 03       		.byte	(.L27-.L22)/2
 433 00b1 10       		.byte	(.L26-.L22)/2
 434 00b2 1D       		.byte	(.L25-.L22)/2
 435 00b3 2A       		.byte	(.L24-.L22)/2
 436 00b4 37       		.byte	(.L23-.L22)/2
 437 00b5 44       		.byte	(.L21-.L22)/2
 438              		.p2align 1
 439              	.L27:
 488:Middlewares/ST/STM32_USB_Device_Library/Core/Src/usbd_ctlreq.c ****           {
 440              		.loc 1 488 11 is_stmt 1 view .LVU153
 488:Middlewares/ST/STM32_USB_Device_Library/Core/Src/usbd_ctlreq.c ****           {
 441              		.loc 1 488 19 is_stmt 0 view .LVU154
 442 00b6 D0F8B432 		ldr	r3, [r0, #692]
 488:Middlewares/ST/STM32_USB_Device_Library/Core/Src/usbd_ctlreq.c ****           {
 443              		.loc 1 488 26 view .LVU155
 444 00ba 5B68     		ldr	r3, [r3, #4]
 488:Middlewares/ST/STM32_USB_Device_Library/Core/Src/usbd_ctlreq.c ****           {
 445              		.loc 1 488 14 view .LVU156
 446 00bc 23B1     		cbz	r3, .L28
 490:Middlewares/ST/STM32_USB_Device_Library/Core/Src/usbd_ctlreq.c ****           }
 447              		.loc 1 490 13 is_stmt 1 view .LVU157
 490:Middlewares/ST/STM32_USB_Device_Library/Core/Src/usbd_ctlreq.c ****           }
 448              		.loc 1 490 20 is_stmt 0 view .LVU158
 449 00be 0DF10601 		add	r1, sp, #6
 450 00c2 007C     		ldrb	r0, [r0, #16]	@ zero_extendqisi2
ARM GAS  C:\Users\Made\AppData\Local\Temp\cc5wfdsS.s 			page 37


 451              	.LVL45:
 490:Middlewares/ST/STM32_USB_Device_Library/Core/Src/usbd_ctlreq.c ****           }
 452              		.loc 1 490 20 view .LVU159
 453 00c4 9847     		blx	r3
 454              	.LVL46:
 651:Middlewares/ST/STM32_USB_Device_Library/Core/Src/usbd_ctlreq.c ****   {
 455              		.loc 1 651 3 is_stmt 1 view .LVU160
 456 00c6 C6E7     		b	.L17
 457              	.LVL47:
 458              	.L28:
 494:Middlewares/ST/STM32_USB_Device_Library/Core/Src/usbd_ctlreq.c ****             err++;
 459              		.loc 1 494 13 view .LVU161
 460 00c8 2946     		mov	r1, r5
 461 00ca FFF7FEFF 		bl	USBD_CtlError
 462              	.LVL48:
 495:Middlewares/ST/STM32_USB_Device_Library/Core/Src/usbd_ctlreq.c ****           }
 463              		.loc 1 495 13 view .LVU162
 651:Middlewares/ST/STM32_USB_Device_Library/Core/Src/usbd_ctlreq.c ****   {
 464              		.loc 1 651 3 view .LVU163
 465 00ce D4E7     		b	.L7
 466              	.LVL49:
 467              	.L26:
 500:Middlewares/ST/STM32_USB_Device_Library/Core/Src/usbd_ctlreq.c ****           {
 468              		.loc 1 500 11 view .LVU164
 500:Middlewares/ST/STM32_USB_Device_Library/Core/Src/usbd_ctlreq.c ****           {
 469              		.loc 1 500 19 is_stmt 0 view .LVU165
 470 00d0 D0F8B432 		ldr	r3, [r0, #692]
 500:Middlewares/ST/STM32_USB_Device_Library/Core/Src/usbd_ctlreq.c ****           {
 471              		.loc 1 500 26 view .LVU166
 472 00d4 9B68     		ldr	r3, [r3, #8]
 500:Middlewares/ST/STM32_USB_Device_Library/Core/Src/usbd_ctlreq.c ****           {
 473              		.loc 1 500 14 view .LVU167
 474 00d6 23B1     		cbz	r3, .L29
 502:Middlewares/ST/STM32_USB_Device_Library/Core/Src/usbd_ctlreq.c ****           }
 475              		.loc 1 502 13 is_stmt 1 view .LVU168
 502:Middlewares/ST/STM32_USB_Device_Library/Core/Src/usbd_ctlreq.c ****           }
 476              		.loc 1 502 20 is_stmt 0 view .LVU169
 477 00d8 0DF10601 		add	r1, sp, #6
 478 00dc 007C     		ldrb	r0, [r0, #16]	@ zero_extendqisi2
 479              	.LVL50:
 502:Middlewares/ST/STM32_USB_Device_Library/Core/Src/usbd_ctlreq.c ****           }
 480              		.loc 1 502 20 view .LVU170
 481 00de 9847     		blx	r3
 482              	.LVL51:
 651:Middlewares/ST/STM32_USB_Device_Library/Core/Src/usbd_ctlreq.c ****   {
 483              		.loc 1 651 3 is_stmt 1 view .LVU171
 484 00e0 B9E7     		b	.L17
 485              	.LVL52:
 486              	.L29:
 506:Middlewares/ST/STM32_USB_Device_Library/Core/Src/usbd_ctlreq.c ****             err++;
 487              		.loc 1 506 13 view .LVU172
 488 00e2 2946     		mov	r1, r5
 489 00e4 FFF7FEFF 		bl	USBD_CtlError
 490              	.LVL53:
 507:Middlewares/ST/STM32_USB_Device_Library/Core/Src/usbd_ctlreq.c ****           }
 491              		.loc 1 507 13 view .LVU173
 651:Middlewares/ST/STM32_USB_Device_Library/Core/Src/usbd_ctlreq.c ****   {
ARM GAS  C:\Users\Made\AppData\Local\Temp\cc5wfdsS.s 			page 38


 492              		.loc 1 651 3 view .LVU174
 493 00e8 C7E7     		b	.L7
 494              	.LVL54:
 495              	.L25:
 512:Middlewares/ST/STM32_USB_Device_Library/Core/Src/usbd_ctlreq.c ****           {
 496              		.loc 1 512 11 view .LVU175
 512:Middlewares/ST/STM32_USB_Device_Library/Core/Src/usbd_ctlreq.c ****           {
 497              		.loc 1 512 19 is_stmt 0 view .LVU176
 498 00ea D0F8B432 		ldr	r3, [r0, #692]
 512:Middlewares/ST/STM32_USB_Device_Library/Core/Src/usbd_ctlreq.c ****           {
 499              		.loc 1 512 26 view .LVU177
 500 00ee DB68     		ldr	r3, [r3, #12]
 512:Middlewares/ST/STM32_USB_Device_Library/Core/Src/usbd_ctlreq.c ****           {
 501              		.loc 1 512 14 view .LVU178
 502 00f0 23B1     		cbz	r3, .L30
 514:Middlewares/ST/STM32_USB_Device_Library/Core/Src/usbd_ctlreq.c ****           }
 503              		.loc 1 514 13 is_stmt 1 view .LVU179
 514:Middlewares/ST/STM32_USB_Device_Library/Core/Src/usbd_ctlreq.c ****           }
 504              		.loc 1 514 20 is_stmt 0 view .LVU180
 505 00f2 0DF10601 		add	r1, sp, #6
 506 00f6 007C     		ldrb	r0, [r0, #16]	@ zero_extendqisi2
 507              	.LVL55:
 514:Middlewares/ST/STM32_USB_Device_Library/Core/Src/usbd_ctlreq.c ****           }
 508              		.loc 1 514 20 view .LVU181
 509 00f8 9847     		blx	r3
 510              	.LVL56:
 651:Middlewares/ST/STM32_USB_Device_Library/Core/Src/usbd_ctlreq.c ****   {
 511              		.loc 1 651 3 is_stmt 1 view .LVU182
 512 00fa ACE7     		b	.L17
 513              	.LVL57:
 514              	.L30:
 518:Middlewares/ST/STM32_USB_Device_Library/Core/Src/usbd_ctlreq.c ****             err++;
 515              		.loc 1 518 13 view .LVU183
 516 00fc 2946     		mov	r1, r5
 517 00fe FFF7FEFF 		bl	USBD_CtlError
 518              	.LVL58:
 519:Middlewares/ST/STM32_USB_Device_Library/Core/Src/usbd_ctlreq.c ****           }
 519              		.loc 1 519 13 view .LVU184
 651:Middlewares/ST/STM32_USB_Device_Library/Core/Src/usbd_ctlreq.c ****   {
 520              		.loc 1 651 3 view .LVU185
 521 0102 BAE7     		b	.L7
 522              	.LVL59:
 523              	.L24:
 524:Middlewares/ST/STM32_USB_Device_Library/Core/Src/usbd_ctlreq.c ****           {
 524              		.loc 1 524 11 view .LVU186
 524:Middlewares/ST/STM32_USB_Device_Library/Core/Src/usbd_ctlreq.c ****           {
 525              		.loc 1 524 19 is_stmt 0 view .LVU187
 526 0104 D0F8B432 		ldr	r3, [r0, #692]
 524:Middlewares/ST/STM32_USB_Device_Library/Core/Src/usbd_ctlreq.c ****           {
 527              		.loc 1 524 26 view .LVU188
 528 0108 1B69     		ldr	r3, [r3, #16]
 524:Middlewares/ST/STM32_USB_Device_Library/Core/Src/usbd_ctlreq.c ****           {
 529              		.loc 1 524 14 view .LVU189
 530 010a 23B1     		cbz	r3, .L31
 526:Middlewares/ST/STM32_USB_Device_Library/Core/Src/usbd_ctlreq.c ****           }
 531              		.loc 1 526 13 is_stmt 1 view .LVU190
 526:Middlewares/ST/STM32_USB_Device_Library/Core/Src/usbd_ctlreq.c ****           }
ARM GAS  C:\Users\Made\AppData\Local\Temp\cc5wfdsS.s 			page 39


 532              		.loc 1 526 20 is_stmt 0 view .LVU191
 533 010c 0DF10601 		add	r1, sp, #6
 534 0110 007C     		ldrb	r0, [r0, #16]	@ zero_extendqisi2
 535              	.LVL60:
 526:Middlewares/ST/STM32_USB_Device_Library/Core/Src/usbd_ctlreq.c ****           }
 536              		.loc 1 526 20 view .LVU192
 537 0112 9847     		blx	r3
 538              	.LVL61:
 651:Middlewares/ST/STM32_USB_Device_Library/Core/Src/usbd_ctlreq.c ****   {
 539              		.loc 1 651 3 is_stmt 1 view .LVU193
 540 0114 9FE7     		b	.L17
 541              	.LVL62:
 542              	.L31:
 530:Middlewares/ST/STM32_USB_Device_Library/Core/Src/usbd_ctlreq.c ****             err++;
 543              		.loc 1 530 13 view .LVU194
 544 0116 2946     		mov	r1, r5
 545 0118 FFF7FEFF 		bl	USBD_CtlError
 546              	.LVL63:
 531:Middlewares/ST/STM32_USB_Device_Library/Core/Src/usbd_ctlreq.c ****           }
 547              		.loc 1 531 13 view .LVU195
 651:Middlewares/ST/STM32_USB_Device_Library/Core/Src/usbd_ctlreq.c ****   {
 548              		.loc 1 651 3 view .LVU196
 549 011c ADE7     		b	.L7
 550              	.LVL64:
 551              	.L23:
 536:Middlewares/ST/STM32_USB_Device_Library/Core/Src/usbd_ctlreq.c ****           {
 552              		.loc 1 536 11 view .LVU197
 536:Middlewares/ST/STM32_USB_Device_Library/Core/Src/usbd_ctlreq.c ****           {
 553              		.loc 1 536 19 is_stmt 0 view .LVU198
 554 011e D0F8B432 		ldr	r3, [r0, #692]
 536:Middlewares/ST/STM32_USB_Device_Library/Core/Src/usbd_ctlreq.c ****           {
 555              		.loc 1 536 26 view .LVU199
 556 0122 5B69     		ldr	r3, [r3, #20]
 536:Middlewares/ST/STM32_USB_Device_Library/Core/Src/usbd_ctlreq.c ****           {
 557              		.loc 1 536 14 view .LVU200
 558 0124 23B1     		cbz	r3, .L32
 538:Middlewares/ST/STM32_USB_Device_Library/Core/Src/usbd_ctlreq.c ****           }
 559              		.loc 1 538 13 is_stmt 1 view .LVU201
 538:Middlewares/ST/STM32_USB_Device_Library/Core/Src/usbd_ctlreq.c ****           }
 560              		.loc 1 538 20 is_stmt 0 view .LVU202
 561 0126 0DF10601 		add	r1, sp, #6
 562 012a 007C     		ldrb	r0, [r0, #16]	@ zero_extendqisi2
 563              	.LVL65:
 538:Middlewares/ST/STM32_USB_Device_Library/Core/Src/usbd_ctlreq.c ****           }
 564              		.loc 1 538 20 view .LVU203
 565 012c 9847     		blx	r3
 566              	.LVL66:
 651:Middlewares/ST/STM32_USB_Device_Library/Core/Src/usbd_ctlreq.c ****   {
 567              		.loc 1 651 3 is_stmt 1 view .LVU204
 568 012e 92E7     		b	.L17
 569              	.LVL67:
 570              	.L32:
 542:Middlewares/ST/STM32_USB_Device_Library/Core/Src/usbd_ctlreq.c ****             err++;
 571              		.loc 1 542 13 view .LVU205
 572 0130 2946     		mov	r1, r5
 573 0132 FFF7FEFF 		bl	USBD_CtlError
 574              	.LVL68:
ARM GAS  C:\Users\Made\AppData\Local\Temp\cc5wfdsS.s 			page 40


 543:Middlewares/ST/STM32_USB_Device_Library/Core/Src/usbd_ctlreq.c ****           }
 575              		.loc 1 543 13 view .LVU206
 651:Middlewares/ST/STM32_USB_Device_Library/Core/Src/usbd_ctlreq.c ****   {
 576              		.loc 1 651 3 view .LVU207
 577 0136 A0E7     		b	.L7
 578              	.LVL69:
 579              	.L21:
 548:Middlewares/ST/STM32_USB_Device_Library/Core/Src/usbd_ctlreq.c ****           {
 580              		.loc 1 548 11 view .LVU208
 548:Middlewares/ST/STM32_USB_Device_Library/Core/Src/usbd_ctlreq.c ****           {
 581              		.loc 1 548 19 is_stmt 0 view .LVU209
 582 0138 D0F8B432 		ldr	r3, [r0, #692]
 548:Middlewares/ST/STM32_USB_Device_Library/Core/Src/usbd_ctlreq.c ****           {
 583              		.loc 1 548 26 view .LVU210
 584 013c 9B69     		ldr	r3, [r3, #24]
 548:Middlewares/ST/STM32_USB_Device_Library/Core/Src/usbd_ctlreq.c ****           {
 585              		.loc 1 548 14 view .LVU211
 586 013e 23B1     		cbz	r3, .L33
 550:Middlewares/ST/STM32_USB_Device_Library/Core/Src/usbd_ctlreq.c ****           }
 587              		.loc 1 550 13 is_stmt 1 view .LVU212
 550:Middlewares/ST/STM32_USB_Device_Library/Core/Src/usbd_ctlreq.c ****           }
 588              		.loc 1 550 20 is_stmt 0 view .LVU213
 589 0140 0DF10601 		add	r1, sp, #6
 590 0144 007C     		ldrb	r0, [r0, #16]	@ zero_extendqisi2
 591              	.LVL70:
 550:Middlewares/ST/STM32_USB_Device_Library/Core/Src/usbd_ctlreq.c ****           }
 592              		.loc 1 550 20 view .LVU214
 593 0146 9847     		blx	r3
 594              	.LVL71:
 651:Middlewares/ST/STM32_USB_Device_Library/Core/Src/usbd_ctlreq.c ****   {
 595              		.loc 1 651 3 is_stmt 1 view .LVU215
 596 0148 85E7     		b	.L17
 597              	.LVL72:
 598              	.L33:
 554:Middlewares/ST/STM32_USB_Device_Library/Core/Src/usbd_ctlreq.c ****             err++;
 599              		.loc 1 554 13 view .LVU216
 600 014a 2946     		mov	r1, r5
 601 014c FFF7FEFF 		bl	USBD_CtlError
 602              	.LVL73:
 555:Middlewares/ST/STM32_USB_Device_Library/Core/Src/usbd_ctlreq.c ****           }
 603              		.loc 1 555 13 view .LVU217
 651:Middlewares/ST/STM32_USB_Device_Library/Core/Src/usbd_ctlreq.c ****   {
 604              		.loc 1 651 3 view .LVU218
 605 0150 93E7     		b	.L7
 606              	.LVL74:
 607              	.L20:
 595:Middlewares/ST/STM32_USB_Device_Library/Core/Src/usbd_ctlreq.c ****           err++;
 608              		.loc 1 595 11 view .LVU219
 609 0152 2946     		mov	r1, r5
 610 0154 FFF7FEFF 		bl	USBD_CtlError
 611              	.LVL75:
 596:Middlewares/ST/STM32_USB_Device_Library/Core/Src/usbd_ctlreq.c **** #endif /* (USBD_CLASS_USER_STRING_DESC == 0U) && (USBD_SUPPORT_USER_STRING_DESC == 0U) */
 612              		.loc 1 596 11 view .LVU220
 598:Middlewares/ST/STM32_USB_Device_Library/Core/Src/usbd_ctlreq.c ****       }
 613              		.loc 1 598 11 view .LVU221
 651:Middlewares/ST/STM32_USB_Device_Library/Core/Src/usbd_ctlreq.c ****   {
 614              		.loc 1 651 3 view .LVU222
ARM GAS  C:\Users\Made\AppData\Local\Temp\cc5wfdsS.s 			page 41


 615 0158 8FE7     		b	.L7
 616              	.LVL76:
 617              	.L12:
 603:Middlewares/ST/STM32_USB_Device_Library/Core/Src/usbd_ctlreq.c ****       {
 618              		.loc 1 603 7 view .LVU223
 603:Middlewares/ST/STM32_USB_Device_Library/Core/Src/usbd_ctlreq.c ****       {
 619              		.loc 1 603 15 is_stmt 0 view .LVU224
 620 015a 037C     		ldrb	r3, [r0, #16]	@ zero_extendqisi2
 603:Middlewares/ST/STM32_USB_Device_Library/Core/Src/usbd_ctlreq.c ****       {
 621              		.loc 1 603 10 view .LVU225
 622 015c 33B9     		cbnz	r3, .L34
 613:Middlewares/ST/STM32_USB_Device_Library/Core/Src/usbd_ctlreq.c ****         }
 623              		.loc 1 613 11 is_stmt 1 view .LVU226
 613:Middlewares/ST/STM32_USB_Device_Library/Core/Src/usbd_ctlreq.c ****         }
 624              		.loc 1 613 41 is_stmt 0 view .LVU227
 625 015e D0F8B832 		ldr	r3, [r0, #696]
 613:Middlewares/ST/STM32_USB_Device_Library/Core/Src/usbd_ctlreq.c ****         }
 626              		.loc 1 613 44 view .LVU228
 627 0162 5B6B     		ldr	r3, [r3, #52]
 613:Middlewares/ST/STM32_USB_Device_Library/Core/Src/usbd_ctlreq.c ****         }
 628              		.loc 1 613 18 view .LVU229
 629 0164 0DF10600 		add	r0, sp, #6
 630              	.LVL77:
 613:Middlewares/ST/STM32_USB_Device_Library/Core/Src/usbd_ctlreq.c ****         }
 631              		.loc 1 613 18 view .LVU230
 632 0168 9847     		blx	r3
 633              	.LVL78:
 651:Middlewares/ST/STM32_USB_Device_Library/Core/Src/usbd_ctlreq.c ****   {
 634              		.loc 1 651 3 is_stmt 1 view .LVU231
 635 016a 74E7     		b	.L17
 636              	.LVL79:
 637              	.L34:
 618:Middlewares/ST/STM32_USB_Device_Library/Core/Src/usbd_ctlreq.c ****         err++;
 638              		.loc 1 618 9 view .LVU232
 639 016c 2946     		mov	r1, r5
 640 016e FFF7FEFF 		bl	USBD_CtlError
 641              	.LVL80:
 619:Middlewares/ST/STM32_USB_Device_Library/Core/Src/usbd_ctlreq.c ****       }
 642              		.loc 1 619 9 view .LVU233
 651:Middlewares/ST/STM32_USB_Device_Library/Core/Src/usbd_ctlreq.c ****   {
 643              		.loc 1 651 3 view .LVU234
 644 0172 82E7     		b	.L7
 645              	.LVL81:
 646              	.L11:
 624:Middlewares/ST/STM32_USB_Device_Library/Core/Src/usbd_ctlreq.c ****       {
 647              		.loc 1 624 7 view .LVU235
 624:Middlewares/ST/STM32_USB_Device_Library/Core/Src/usbd_ctlreq.c ****       {
 648              		.loc 1 624 15 is_stmt 0 view .LVU236
 649 0174 037C     		ldrb	r3, [r0, #16]	@ zero_extendqisi2
 624:Middlewares/ST/STM32_USB_Device_Library/Core/Src/usbd_ctlreq.c ****       {
 650              		.loc 1 624 10 view .LVU237
 651 0176 43B9     		cbnz	r3, .L35
 634:Middlewares/ST/STM32_USB_Device_Library/Core/Src/usbd_ctlreq.c ****         }
 652              		.loc 1 634 11 is_stmt 1 view .LVU238
 634:Middlewares/ST/STM32_USB_Device_Library/Core/Src/usbd_ctlreq.c ****         }
 653              		.loc 1 634 41 is_stmt 0 view .LVU239
 654 0178 D0F8B832 		ldr	r3, [r0, #696]
ARM GAS  C:\Users\Made\AppData\Local\Temp\cc5wfdsS.s 			page 42


 634:Middlewares/ST/STM32_USB_Device_Library/Core/Src/usbd_ctlreq.c ****         }
 655              		.loc 1 634 44 view .LVU240
 656 017c 1B6B     		ldr	r3, [r3, #48]
 634:Middlewares/ST/STM32_USB_Device_Library/Core/Src/usbd_ctlreq.c ****         }
 657              		.loc 1 634 18 view .LVU241
 658 017e 0DF10600 		add	r0, sp, #6
 659              	.LVL82:
 634:Middlewares/ST/STM32_USB_Device_Library/Core/Src/usbd_ctlreq.c ****         }
 660              		.loc 1 634 18 view .LVU242
 661 0182 9847     		blx	r3
 662              	.LVL83:
 636:Middlewares/ST/STM32_USB_Device_Library/Core/Src/usbd_ctlreq.c ****       }
 663              		.loc 1 636 9 is_stmt 1 view .LVU243
 636:Middlewares/ST/STM32_USB_Device_Library/Core/Src/usbd_ctlreq.c ****       }
 664              		.loc 1 636 17 is_stmt 0 view .LVU244
 665 0184 0723     		movs	r3, #7
 666 0186 4370     		strb	r3, [r0, #1]
 651:Middlewares/ST/STM32_USB_Device_Library/Core/Src/usbd_ctlreq.c ****   {
 667              		.loc 1 651 3 is_stmt 1 view .LVU245
 668 0188 65E7     		b	.L17
 669              	.LVL84:
 670              	.L35:
 640:Middlewares/ST/STM32_USB_Device_Library/Core/Src/usbd_ctlreq.c ****         err++;
 671              		.loc 1 640 9 view .LVU246
 672 018a 2946     		mov	r1, r5
 673 018c FFF7FEFF 		bl	USBD_CtlError
 674              	.LVL85:
 641:Middlewares/ST/STM32_USB_Device_Library/Core/Src/usbd_ctlreq.c ****       }
 675              		.loc 1 641 9 view .LVU247
 651:Middlewares/ST/STM32_USB_Device_Library/Core/Src/usbd_ctlreq.c ****   {
 676              		.loc 1 651 3 view .LVU248
 677 0190 73E7     		b	.L7
 678              	.LVL86:
 679              	.L8:
 646:Middlewares/ST/STM32_USB_Device_Library/Core/Src/usbd_ctlreq.c ****       err++;
 680              		.loc 1 646 7 view .LVU249
 681 0192 2946     		mov	r1, r5
 682 0194 FFF7FEFF 		bl	USBD_CtlError
 683              	.LVL87:
 647:Middlewares/ST/STM32_USB_Device_Library/Core/Src/usbd_ctlreq.c ****       break;
 684              		.loc 1 647 7 view .LVU250
 648:Middlewares/ST/STM32_USB_Device_Library/Core/Src/usbd_ctlreq.c ****   }
 685              		.loc 1 648 7 view .LVU251
 651:Middlewares/ST/STM32_USB_Device_Library/Core/Src/usbd_ctlreq.c ****   {
 686              		.loc 1 651 3 view .LVU252
 653:Middlewares/ST/STM32_USB_Device_Library/Core/Src/usbd_ctlreq.c ****   }
 687              		.loc 1 653 5 view .LVU253
 688 0198 6FE7     		b	.L7
 689              	.LVL88:
 690              	.L38:
 665:Middlewares/ST/STM32_USB_Device_Library/Core/Src/usbd_ctlreq.c ****     }
 691              		.loc 1 665 7 view .LVU254
 692 019a 2946     		mov	r1, r5
 693 019c 2046     		mov	r0, r4
 694              	.LVL89:
 665:Middlewares/ST/STM32_USB_Device_Library/Core/Src/usbd_ctlreq.c ****     }
 695              		.loc 1 665 7 is_stmt 0 view .LVU255
ARM GAS  C:\Users\Made\AppData\Local\Temp\cc5wfdsS.s 			page 43


 696 019e FFF7FEFF 		bl	USBD_CtlError
 697              	.LVL90:
 698 01a2 6AE7     		b	.L7
 699              	.LVL91:
 700              	.L37:
 670:Middlewares/ST/STM32_USB_Device_Library/Core/Src/usbd_ctlreq.c ****   }
 701              		.loc 1 670 5 is_stmt 1 view .LVU256
 670:Middlewares/ST/STM32_USB_Device_Library/Core/Src/usbd_ctlreq.c ****   }
 702              		.loc 1 670 11 is_stmt 0 view .LVU257
 703 01a4 2046     		mov	r0, r4
 704              	.LVL92:
 670:Middlewares/ST/STM32_USB_Device_Library/Core/Src/usbd_ctlreq.c ****   }
 705              		.loc 1 670 11 view .LVU258
 706 01a6 FFF7FEFF 		bl	USBD_CtlSendStatus
 707              	.LVL93:
 708 01aa 66E7     		b	.L7
 709              		.cfi_endproc
 710              	.LFE342:
 712              		.section	.text.USBD_SetAddress,"ax",%progbits
 713              		.align	1
 714              		.syntax unified
 715              		.thumb
 716              		.thumb_func
 718              	USBD_SetAddress:
 719              	.LVL94:
 720              	.LFB343:
 683:Middlewares/ST/STM32_USB_Device_Library/Core/Src/usbd_ctlreq.c ****   uint8_t  dev_addr;
 721              		.loc 1 683 1 is_stmt 1 view -0
 722              		.cfi_startproc
 723              		@ args = 0, pretend = 0, frame = 0
 724              		@ frame_needed = 0, uses_anonymous_args = 0
 683:Middlewares/ST/STM32_USB_Device_Library/Core/Src/usbd_ctlreq.c ****   uint8_t  dev_addr;
 725              		.loc 1 683 1 is_stmt 0 view .LVU260
 726 0000 38B5     		push	{r3, r4, r5, lr}
 727              	.LCFI5:
 728              		.cfi_def_cfa_offset 16
 729              		.cfi_offset 3, -16
 730              		.cfi_offset 4, -12
 731              		.cfi_offset 5, -8
 732              		.cfi_offset 14, -4
 733 0002 0446     		mov	r4, r0
 684:Middlewares/ST/STM32_USB_Device_Library/Core/Src/usbd_ctlreq.c **** 
 734              		.loc 1 684 3 is_stmt 1 view .LVU261
 686:Middlewares/ST/STM32_USB_Device_Library/Core/Src/usbd_ctlreq.c ****   {
 735              		.loc 1 686 3 view .LVU262
 686:Middlewares/ST/STM32_USB_Device_Library/Core/Src/usbd_ctlreq.c ****   {
 736              		.loc 1 686 11 is_stmt 0 view .LVU263
 737 0004 8B88     		ldrh	r3, [r1, #4]
 686:Middlewares/ST/STM32_USB_Device_Library/Core/Src/usbd_ctlreq.c ****   {
 738              		.loc 1 686 6 view .LVU264
 739 0006 FBB9     		cbnz	r3, .L42
 686:Middlewares/ST/STM32_USB_Device_Library/Core/Src/usbd_ctlreq.c ****   {
 740              		.loc 1 686 34 discriminator 1 view .LVU265
 741 0008 CB88     		ldrh	r3, [r1, #6]
 686:Middlewares/ST/STM32_USB_Device_Library/Core/Src/usbd_ctlreq.c ****   {
 742              		.loc 1 686 27 discriminator 1 view .LVU266
 743 000a EBB9     		cbnz	r3, .L42
ARM GAS  C:\Users\Made\AppData\Local\Temp\cc5wfdsS.s 			page 44


 686:Middlewares/ST/STM32_USB_Device_Library/Core/Src/usbd_ctlreq.c ****   {
 744              		.loc 1 686 58 discriminator 2 view .LVU267
 745 000c 4B88     		ldrh	r3, [r1, #2]
 686:Middlewares/ST/STM32_USB_Device_Library/Core/Src/usbd_ctlreq.c ****   {
 746              		.loc 1 686 51 discriminator 2 view .LVU268
 747 000e 7F2B     		cmp	r3, #127
 748 0010 1AD8     		bhi	.L42
 688:Middlewares/ST/STM32_USB_Device_Library/Core/Src/usbd_ctlreq.c **** 
 749              		.loc 1 688 5 is_stmt 1 view .LVU269
 688:Middlewares/ST/STM32_USB_Device_Library/Core/Src/usbd_ctlreq.c **** 
 750              		.loc 1 688 14 is_stmt 0 view .LVU270
 751 0012 03F07F05 		and	r5, r3, #127
 752              	.LVL95:
 690:Middlewares/ST/STM32_USB_Device_Library/Core/Src/usbd_ctlreq.c ****     {
 753              		.loc 1 690 5 is_stmt 1 view .LVU271
 690:Middlewares/ST/STM32_USB_Device_Library/Core/Src/usbd_ctlreq.c ****     {
 754              		.loc 1 690 13 is_stmt 0 view .LVU272
 755 0016 90F89C32 		ldrb	r3, [r0, #668]	@ zero_extendqisi2
 756 001a DBB2     		uxtb	r3, r3
 690:Middlewares/ST/STM32_USB_Device_Library/Core/Src/usbd_ctlreq.c ****     {
 757              		.loc 1 690 8 view .LVU273
 758 001c 032B     		cmp	r3, #3
 759 001e 0CD0     		beq	.L47
 696:Middlewares/ST/STM32_USB_Device_Library/Core/Src/usbd_ctlreq.c ****       (void)USBD_LL_SetUSBAddress(pdev, dev_addr);
 760              		.loc 1 696 7 is_stmt 1 view .LVU274
 696:Middlewares/ST/STM32_USB_Device_Library/Core/Src/usbd_ctlreq.c ****       (void)USBD_LL_SetUSBAddress(pdev, dev_addr);
 761              		.loc 1 696 25 is_stmt 0 view .LVU275
 762 0020 80F89E52 		strb	r5, [r0, #670]
 697:Middlewares/ST/STM32_USB_Device_Library/Core/Src/usbd_ctlreq.c ****       (void)USBD_CtlSendStatus(pdev);
 763              		.loc 1 697 7 is_stmt 1 view .LVU276
 697:Middlewares/ST/STM32_USB_Device_Library/Core/Src/usbd_ctlreq.c ****       (void)USBD_CtlSendStatus(pdev);
 764              		.loc 1 697 13 is_stmt 0 view .LVU277
 765 0024 2946     		mov	r1, r5
 766              	.LVL96:
 697:Middlewares/ST/STM32_USB_Device_Library/Core/Src/usbd_ctlreq.c ****       (void)USBD_CtlSendStatus(pdev);
 767              		.loc 1 697 13 view .LVU278
 768 0026 FFF7FEFF 		bl	USBD_LL_SetUSBAddress
 769              	.LVL97:
 698:Middlewares/ST/STM32_USB_Device_Library/Core/Src/usbd_ctlreq.c **** 
 770              		.loc 1 698 7 is_stmt 1 view .LVU279
 698:Middlewares/ST/STM32_USB_Device_Library/Core/Src/usbd_ctlreq.c **** 
 771              		.loc 1 698 13 is_stmt 0 view .LVU280
 772 002a 2046     		mov	r0, r4
 773 002c FFF7FEFF 		bl	USBD_CtlSendStatus
 774              	.LVL98:
 700:Middlewares/ST/STM32_USB_Device_Library/Core/Src/usbd_ctlreq.c ****       {
 775              		.loc 1 700 7 is_stmt 1 view .LVU281
 700:Middlewares/ST/STM32_USB_Device_Library/Core/Src/usbd_ctlreq.c ****       {
 776              		.loc 1 700 10 is_stmt 0 view .LVU282
 777 0030 35B1     		cbz	r5, .L45
 702:Middlewares/ST/STM32_USB_Device_Library/Core/Src/usbd_ctlreq.c ****       }
 778              		.loc 1 702 9 is_stmt 1 view .LVU283
 702:Middlewares/ST/STM32_USB_Device_Library/Core/Src/usbd_ctlreq.c ****       }
 779              		.loc 1 702 25 is_stmt 0 view .LVU284
 780 0032 0223     		movs	r3, #2
 781 0034 84F89C32 		strb	r3, [r4, #668]
 782 0038 09E0     		b	.L41
ARM GAS  C:\Users\Made\AppData\Local\Temp\cc5wfdsS.s 			page 45


 783              	.LVL99:
 784              	.L47:
 692:Middlewares/ST/STM32_USB_Device_Library/Core/Src/usbd_ctlreq.c ****     }
 785              		.loc 1 692 7 is_stmt 1 view .LVU285
 786 003a FFF7FEFF 		bl	USBD_CtlError
 787              	.LVL100:
 692:Middlewares/ST/STM32_USB_Device_Library/Core/Src/usbd_ctlreq.c ****     }
 788              		.loc 1 692 7 is_stmt 0 view .LVU286
 789 003e 06E0     		b	.L41
 790              	.L45:
 706:Middlewares/ST/STM32_USB_Device_Library/Core/Src/usbd_ctlreq.c ****       }
 791              		.loc 1 706 9 is_stmt 1 view .LVU287
 706:Middlewares/ST/STM32_USB_Device_Library/Core/Src/usbd_ctlreq.c ****       }
 792              		.loc 1 706 25 is_stmt 0 view .LVU288
 793 0040 0123     		movs	r3, #1
 794 0042 84F89C32 		strb	r3, [r4, #668]
 795 0046 02E0     		b	.L41
 796              	.LVL101:
 797              	.L42:
 712:Middlewares/ST/STM32_USB_Device_Library/Core/Src/usbd_ctlreq.c ****   }
 798              		.loc 1 712 5 is_stmt 1 view .LVU289
 799 0048 2046     		mov	r0, r4
 800              	.LVL102:
 712:Middlewares/ST/STM32_USB_Device_Library/Core/Src/usbd_ctlreq.c ****   }
 801              		.loc 1 712 5 is_stmt 0 view .LVU290
 802 004a FFF7FEFF 		bl	USBD_CtlError
 803              	.LVL103:
 804              	.L41:
 714:Middlewares/ST/STM32_USB_Device_Library/Core/Src/usbd_ctlreq.c **** 
 805              		.loc 1 714 1 view .LVU291
 806 004e 38BD     		pop	{r3, r4, r5, pc}
 714:Middlewares/ST/STM32_USB_Device_Library/Core/Src/usbd_ctlreq.c **** 
 807              		.loc 1 714 1 view .LVU292
 808              		.cfi_endproc
 809              	.LFE343:
 811              		.section	.text.USBD_SetConfig,"ax",%progbits
 812              		.align	1
 813              		.syntax unified
 814              		.thumb
 815              		.thumb_func
 817              	USBD_SetConfig:
 818              	.LVL104:
 819              	.LFB344:
 724:Middlewares/ST/STM32_USB_Device_Library/Core/Src/usbd_ctlreq.c ****   USBD_StatusTypeDef ret = USBD_OK;
 820              		.loc 1 724 1 is_stmt 1 view -0
 821              		.cfi_startproc
 822              		@ args = 0, pretend = 0, frame = 0
 823              		@ frame_needed = 0, uses_anonymous_args = 0
 724:Middlewares/ST/STM32_USB_Device_Library/Core/Src/usbd_ctlreq.c ****   USBD_StatusTypeDef ret = USBD_OK;
 824              		.loc 1 724 1 is_stmt 0 view .LVU294
 825 0000 70B5     		push	{r4, r5, r6, lr}
 826              	.LCFI6:
 827              		.cfi_def_cfa_offset 16
 828              		.cfi_offset 4, -16
 829              		.cfi_offset 5, -12
 830              		.cfi_offset 6, -8
 831              		.cfi_offset 14, -4
ARM GAS  C:\Users\Made\AppData\Local\Temp\cc5wfdsS.s 			page 46


 832 0002 0446     		mov	r4, r0
 833 0004 0E46     		mov	r6, r1
 725:Middlewares/ST/STM32_USB_Device_Library/Core/Src/usbd_ctlreq.c ****   static uint8_t cfgidx;
 834              		.loc 1 725 3 is_stmt 1 view .LVU295
 835              	.LVL105:
 726:Middlewares/ST/STM32_USB_Device_Library/Core/Src/usbd_ctlreq.c **** 
 836              		.loc 1 726 3 view .LVU296
 728:Middlewares/ST/STM32_USB_Device_Library/Core/Src/usbd_ctlreq.c **** 
 837              		.loc 1 728 3 view .LVU297
 728:Middlewares/ST/STM32_USB_Device_Library/Core/Src/usbd_ctlreq.c **** 
 838              		.loc 1 728 12 is_stmt 0 view .LVU298
 839 0006 8D78     		ldrb	r5, [r1, #2]	@ zero_extendqisi2
 728:Middlewares/ST/STM32_USB_Device_Library/Core/Src/usbd_ctlreq.c **** 
 840              		.loc 1 728 10 view .LVU299
 841 0008 2F4B     		ldr	r3, .L63
 842 000a 1D70     		strb	r5, [r3]
 730:Middlewares/ST/STM32_USB_Device_Library/Core/Src/usbd_ctlreq.c ****   {
 843              		.loc 1 730 3 is_stmt 1 view .LVU300
 730:Middlewares/ST/STM32_USB_Device_Library/Core/Src/usbd_ctlreq.c ****   {
 844              		.loc 1 730 6 is_stmt 0 view .LVU301
 845 000c 012D     		cmp	r5, #1
 846 000e 10D8     		bhi	.L61
 736:Middlewares/ST/STM32_USB_Device_Library/Core/Src/usbd_ctlreq.c ****   {
 847              		.loc 1 736 3 is_stmt 1 view .LVU302
 736:Middlewares/ST/STM32_USB_Device_Library/Core/Src/usbd_ctlreq.c ****   {
 848              		.loc 1 736 15 is_stmt 0 view .LVU303
 849 0010 90F89C32 		ldrb	r3, [r0, #668]	@ zero_extendqisi2
 850 0014 DBB2     		uxtb	r3, r3
 736:Middlewares/ST/STM32_USB_Device_Library/Core/Src/usbd_ctlreq.c ****   {
 851              		.loc 1 736 3 view .LVU304
 852 0016 022B     		cmp	r3, #2
 853 0018 0FD0     		beq	.L51
 854 001a 032B     		cmp	r3, #3
 855 001c 26D0     		beq	.L52
 805:Middlewares/ST/STM32_USB_Device_Library/Core/Src/usbd_ctlreq.c ****       (void)USBD_ClrClassConfig(pdev, cfgidx);
 856              		.loc 1 805 7 is_stmt 1 view .LVU305
 857 001e FFF7FEFF 		bl	USBD_CtlError
 858              	.LVL106:
 806:Middlewares/ST/STM32_USB_Device_Library/Core/Src/usbd_ctlreq.c ****       ret = USBD_FAIL;
 859              		.loc 1 806 7 view .LVU306
 806:Middlewares/ST/STM32_USB_Device_Library/Core/Src/usbd_ctlreq.c ****       ret = USBD_FAIL;
 860              		.loc 1 806 13 is_stmt 0 view .LVU307
 861 0022 294B     		ldr	r3, .L63
 862 0024 1978     		ldrb	r1, [r3]	@ zero_extendqisi2
 863 0026 2046     		mov	r0, r4
 864 0028 FFF7FEFF 		bl	USBD_ClrClassConfig
 865              	.LVL107:
 807:Middlewares/ST/STM32_USB_Device_Library/Core/Src/usbd_ctlreq.c ****       break;
 866              		.loc 1 807 7 is_stmt 1 view .LVU308
 808:Middlewares/ST/STM32_USB_Device_Library/Core/Src/usbd_ctlreq.c ****   }
 867              		.loc 1 808 7 view .LVU309
 807:Middlewares/ST/STM32_USB_Device_Library/Core/Src/usbd_ctlreq.c ****       break;
 868              		.loc 1 807 11 is_stmt 0 view .LVU310
 869 002c 0325     		movs	r5, #3
 870              	.LVL108:
 871              	.L50:
 812:Middlewares/ST/STM32_USB_Device_Library/Core/Src/usbd_ctlreq.c **** 
ARM GAS  C:\Users\Made\AppData\Local\Temp\cc5wfdsS.s 			page 47


 872              		.loc 1 812 1 view .LVU311
 873 002e 2846     		mov	r0, r5
 874 0030 70BD     		pop	{r4, r5, r6, pc}
 875              	.LVL109:
 876              	.L61:
 732:Middlewares/ST/STM32_USB_Device_Library/Core/Src/usbd_ctlreq.c ****     return USBD_FAIL;
 877              		.loc 1 732 5 is_stmt 1 view .LVU312
 878 0032 FFF7FEFF 		bl	USBD_CtlError
 879              	.LVL110:
 733:Middlewares/ST/STM32_USB_Device_Library/Core/Src/usbd_ctlreq.c ****   }
 880              		.loc 1 733 5 view .LVU313
 733:Middlewares/ST/STM32_USB_Device_Library/Core/Src/usbd_ctlreq.c ****   }
 881              		.loc 1 733 12 is_stmt 0 view .LVU314
 882 0036 0325     		movs	r5, #3
 883 0038 F9E7     		b	.L50
 884              	.LVL111:
 885              	.L51:
 739:Middlewares/ST/STM32_USB_Device_Library/Core/Src/usbd_ctlreq.c ****       {
 886              		.loc 1 739 7 is_stmt 1 view .LVU315
 739:Middlewares/ST/STM32_USB_Device_Library/Core/Src/usbd_ctlreq.c ****       {
 887              		.loc 1 739 10 is_stmt 0 view .LVU316
 888 003a A5B1     		cbz	r5, .L54
 741:Middlewares/ST/STM32_USB_Device_Library/Core/Src/usbd_ctlreq.c **** 
 889              		.loc 1 741 9 is_stmt 1 view .LVU317
 741:Middlewares/ST/STM32_USB_Device_Library/Core/Src/usbd_ctlreq.c **** 
 890              		.loc 1 741 26 is_stmt 0 view .LVU318
 891 003c 4560     		str	r5, [r0, #4]
 743:Middlewares/ST/STM32_USB_Device_Library/Core/Src/usbd_ctlreq.c **** 
 892              		.loc 1 743 9 is_stmt 1 view .LVU319
 743:Middlewares/ST/STM32_USB_Device_Library/Core/Src/usbd_ctlreq.c **** 
 893              		.loc 1 743 15 is_stmt 0 view .LVU320
 894 003e 2946     		mov	r1, r5
 895              	.LVL112:
 743:Middlewares/ST/STM32_USB_Device_Library/Core/Src/usbd_ctlreq.c **** 
 896              		.loc 1 743 15 view .LVU321
 897 0040 FFF7FEFF 		bl	USBD_SetClassConfig
 898              	.LVL113:
 745:Middlewares/ST/STM32_USB_Device_Library/Core/Src/usbd_ctlreq.c ****         {
 899              		.loc 1 745 9 is_stmt 1 view .LVU322
 745:Middlewares/ST/STM32_USB_Device_Library/Core/Src/usbd_ctlreq.c ****         {
 900              		.loc 1 745 12 is_stmt 0 view .LVU323
 901 0044 0546     		mov	r5, r0
 902 0046 38B1     		cbz	r0, .L55
 747:Middlewares/ST/STM32_USB_Device_Library/Core/Src/usbd_ctlreq.c ****           pdev->dev_state = USBD_STATE_ADDRESSED;
 903              		.loc 1 747 11 is_stmt 1 view .LVU324
 904 0048 3146     		mov	r1, r6
 905 004a 2046     		mov	r0, r4
 906              	.LVL114:
 747:Middlewares/ST/STM32_USB_Device_Library/Core/Src/usbd_ctlreq.c ****           pdev->dev_state = USBD_STATE_ADDRESSED;
 907              		.loc 1 747 11 is_stmt 0 view .LVU325
 908 004c FFF7FEFF 		bl	USBD_CtlError
 909              	.LVL115:
 748:Middlewares/ST/STM32_USB_Device_Library/Core/Src/usbd_ctlreq.c ****         }
 910              		.loc 1 748 11 is_stmt 1 view .LVU326
 748:Middlewares/ST/STM32_USB_Device_Library/Core/Src/usbd_ctlreq.c ****         }
 911              		.loc 1 748 27 is_stmt 0 view .LVU327
 912 0050 0223     		movs	r3, #2
ARM GAS  C:\Users\Made\AppData\Local\Temp\cc5wfdsS.s 			page 48


 913 0052 84F89C32 		strb	r3, [r4, #668]
 914 0056 EAE7     		b	.L50
 915              	.LVL116:
 916              	.L55:
 752:Middlewares/ST/STM32_USB_Device_Library/Core/Src/usbd_ctlreq.c ****           pdev->dev_state = USBD_STATE_CONFIGURED;
 917              		.loc 1 752 11 is_stmt 1 view .LVU328
 752:Middlewares/ST/STM32_USB_Device_Library/Core/Src/usbd_ctlreq.c ****           pdev->dev_state = USBD_STATE_CONFIGURED;
 918              		.loc 1 752 17 is_stmt 0 view .LVU329
 919 0058 2046     		mov	r0, r4
 920              	.LVL117:
 752:Middlewares/ST/STM32_USB_Device_Library/Core/Src/usbd_ctlreq.c ****           pdev->dev_state = USBD_STATE_CONFIGURED;
 921              		.loc 1 752 17 view .LVU330
 922 005a FFF7FEFF 		bl	USBD_CtlSendStatus
 923              	.LVL118:
 753:Middlewares/ST/STM32_USB_Device_Library/Core/Src/usbd_ctlreq.c **** 
 924              		.loc 1 753 11 is_stmt 1 view .LVU331
 753:Middlewares/ST/STM32_USB_Device_Library/Core/Src/usbd_ctlreq.c **** 
 925              		.loc 1 753 27 is_stmt 0 view .LVU332
 926 005e 0323     		movs	r3, #3
 927 0060 84F89C32 		strb	r3, [r4, #668]
 928 0064 E3E7     		b	.L50
 929              	.LVL119:
 930              	.L54:
 765:Middlewares/ST/STM32_USB_Device_Library/Core/Src/usbd_ctlreq.c ****       }
 931              		.loc 1 765 9 is_stmt 1 view .LVU333
 765:Middlewares/ST/STM32_USB_Device_Library/Core/Src/usbd_ctlreq.c ****       }
 932              		.loc 1 765 15 is_stmt 0 view .LVU334
 933 0066 FFF7FEFF 		bl	USBD_CtlSendStatus
 934              	.LVL120:
 765:Middlewares/ST/STM32_USB_Device_Library/Core/Src/usbd_ctlreq.c ****       }
 935              		.loc 1 765 15 view .LVU335
 936 006a E0E7     		b	.L50
 937              	.LVL121:
 938              	.L52:
 770:Middlewares/ST/STM32_USB_Device_Library/Core/Src/usbd_ctlreq.c ****       {
 939              		.loc 1 770 7 is_stmt 1 view .LVU336
 770:Middlewares/ST/STM32_USB_Device_Library/Core/Src/usbd_ctlreq.c ****       {
 940              		.loc 1 770 10 is_stmt 0 view .LVU337
 941 006c CDB1     		cbz	r5, .L62
 777:Middlewares/ST/STM32_USB_Device_Library/Core/Src/usbd_ctlreq.c ****       {
 942              		.loc 1 777 12 is_stmt 1 view .LVU338
 777:Middlewares/ST/STM32_USB_Device_Library/Core/Src/usbd_ctlreq.c ****       {
 943              		.loc 1 777 30 is_stmt 0 view .LVU339
 944 006e 4168     		ldr	r1, [r0, #4]
 945              	.LVL122:
 777:Middlewares/ST/STM32_USB_Device_Library/Core/Src/usbd_ctlreq.c ****       {
 946              		.loc 1 777 15 view .LVU340
 947 0070 8D42     		cmp	r5, r1
 948 0072 25D0     		beq	.L57
 780:Middlewares/ST/STM32_USB_Device_Library/Core/Src/usbd_ctlreq.c **** 
 949              		.loc 1 780 9 is_stmt 1 view .LVU341
 780:Middlewares/ST/STM32_USB_Device_Library/Core/Src/usbd_ctlreq.c **** 
 950              		.loc 1 780 15 is_stmt 0 view .LVU342
 951 0074 C9B2     		uxtb	r1, r1
 952 0076 FFF7FEFF 		bl	USBD_ClrClassConfig
 953              	.LVL123:
 783:Middlewares/ST/STM32_USB_Device_Library/Core/Src/usbd_ctlreq.c **** 
ARM GAS  C:\Users\Made\AppData\Local\Temp\cc5wfdsS.s 			page 49


 954              		.loc 1 783 9 is_stmt 1 view .LVU343
 783:Middlewares/ST/STM32_USB_Device_Library/Core/Src/usbd_ctlreq.c **** 
 955              		.loc 1 783 26 is_stmt 0 view .LVU344
 956 007a 134B     		ldr	r3, .L63
 957 007c 1978     		ldrb	r1, [r3]	@ zero_extendqisi2
 958 007e 6160     		str	r1, [r4, #4]
 785:Middlewares/ST/STM32_USB_Device_Library/Core/Src/usbd_ctlreq.c **** 
 959              		.loc 1 785 9 is_stmt 1 view .LVU345
 785:Middlewares/ST/STM32_USB_Device_Library/Core/Src/usbd_ctlreq.c **** 
 960              		.loc 1 785 15 is_stmt 0 view .LVU346
 961 0080 2046     		mov	r0, r4
 962 0082 FFF7FEFF 		bl	USBD_SetClassConfig
 963              	.LVL124:
 787:Middlewares/ST/STM32_USB_Device_Library/Core/Src/usbd_ctlreq.c ****         {
 964              		.loc 1 787 9 is_stmt 1 view .LVU347
 787:Middlewares/ST/STM32_USB_Device_Library/Core/Src/usbd_ctlreq.c ****         {
 965              		.loc 1 787 12 is_stmt 0 view .LVU348
 966 0086 0546     		mov	r5, r0
 967 0088 B0B1     		cbz	r0, .L58
 789:Middlewares/ST/STM32_USB_Device_Library/Core/Src/usbd_ctlreq.c ****           (void)USBD_ClrClassConfig(pdev, (uint8_t)pdev->dev_config);
 968              		.loc 1 789 11 is_stmt 1 view .LVU349
 969 008a 3146     		mov	r1, r6
 970 008c 2046     		mov	r0, r4
 971              	.LVL125:
 789:Middlewares/ST/STM32_USB_Device_Library/Core/Src/usbd_ctlreq.c ****           (void)USBD_ClrClassConfig(pdev, (uint8_t)pdev->dev_config);
 972              		.loc 1 789 11 is_stmt 0 view .LVU350
 973 008e FFF7FEFF 		bl	USBD_CtlError
 974              	.LVL126:
 790:Middlewares/ST/STM32_USB_Device_Library/Core/Src/usbd_ctlreq.c ****           pdev->dev_state = USBD_STATE_ADDRESSED;
 975              		.loc 1 790 11 is_stmt 1 view .LVU351
 790:Middlewares/ST/STM32_USB_Device_Library/Core/Src/usbd_ctlreq.c ****           pdev->dev_state = USBD_STATE_ADDRESSED;
 976              		.loc 1 790 17 is_stmt 0 view .LVU352
 977 0092 2179     		ldrb	r1, [r4, #4]	@ zero_extendqisi2
 978 0094 2046     		mov	r0, r4
 979 0096 FFF7FEFF 		bl	USBD_ClrClassConfig
 980              	.LVL127:
 791:Middlewares/ST/STM32_USB_Device_Library/Core/Src/usbd_ctlreq.c ****         }
 981              		.loc 1 791 11 is_stmt 1 view .LVU353
 791:Middlewares/ST/STM32_USB_Device_Library/Core/Src/usbd_ctlreq.c ****         }
 982              		.loc 1 791 27 is_stmt 0 view .LVU354
 983 009a 0223     		movs	r3, #2
 984 009c 84F89C32 		strb	r3, [r4, #668]
 985 00a0 C5E7     		b	.L50
 986              	.LVL128:
 987              	.L62:
 772:Middlewares/ST/STM32_USB_Device_Library/Core/Src/usbd_ctlreq.c ****         pdev->dev_config = cfgidx;
 988              		.loc 1 772 9 is_stmt 1 view .LVU355
 772:Middlewares/ST/STM32_USB_Device_Library/Core/Src/usbd_ctlreq.c ****         pdev->dev_config = cfgidx;
 989              		.loc 1 772 25 is_stmt 0 view .LVU356
 990 00a2 0223     		movs	r3, #2
 991 00a4 80F89C32 		strb	r3, [r0, #668]
 773:Middlewares/ST/STM32_USB_Device_Library/Core/Src/usbd_ctlreq.c ****         (void)USBD_ClrClassConfig(pdev, cfgidx);
 992              		.loc 1 773 9 is_stmt 1 view .LVU357
 773:Middlewares/ST/STM32_USB_Device_Library/Core/Src/usbd_ctlreq.c ****         (void)USBD_ClrClassConfig(pdev, cfgidx);
 993              		.loc 1 773 26 is_stmt 0 view .LVU358
 994 00a8 4560     		str	r5, [r0, #4]
 774:Middlewares/ST/STM32_USB_Device_Library/Core/Src/usbd_ctlreq.c ****         (void)USBD_CtlSendStatus(pdev);
ARM GAS  C:\Users\Made\AppData\Local\Temp\cc5wfdsS.s 			page 50


 995              		.loc 1 774 9 is_stmt 1 view .LVU359
 774:Middlewares/ST/STM32_USB_Device_Library/Core/Src/usbd_ctlreq.c ****         (void)USBD_CtlSendStatus(pdev);
 996              		.loc 1 774 15 is_stmt 0 view .LVU360
 997 00aa 2946     		mov	r1, r5
 998              	.LVL129:
 774:Middlewares/ST/STM32_USB_Device_Library/Core/Src/usbd_ctlreq.c ****         (void)USBD_CtlSendStatus(pdev);
 999              		.loc 1 774 15 view .LVU361
 1000 00ac FFF7FEFF 		bl	USBD_ClrClassConfig
 1001              	.LVL130:
 775:Middlewares/ST/STM32_USB_Device_Library/Core/Src/usbd_ctlreq.c ****       }
 1002              		.loc 1 775 9 is_stmt 1 view .LVU362
 775:Middlewares/ST/STM32_USB_Device_Library/Core/Src/usbd_ctlreq.c ****       }
 1003              		.loc 1 775 15 is_stmt 0 view .LVU363
 1004 00b0 2046     		mov	r0, r4
 1005 00b2 FFF7FEFF 		bl	USBD_CtlSendStatus
 1006              	.LVL131:
 1007 00b6 BAE7     		b	.L50
 1008              	.LVL132:
 1009              	.L58:
 795:Middlewares/ST/STM32_USB_Device_Library/Core/Src/usbd_ctlreq.c ****         }
 1010              		.loc 1 795 11 is_stmt 1 view .LVU364
 795:Middlewares/ST/STM32_USB_Device_Library/Core/Src/usbd_ctlreq.c ****         }
 1011              		.loc 1 795 17 is_stmt 0 view .LVU365
 1012 00b8 2046     		mov	r0, r4
 1013              	.LVL133:
 795:Middlewares/ST/STM32_USB_Device_Library/Core/Src/usbd_ctlreq.c ****         }
 1014              		.loc 1 795 17 view .LVU366
 1015 00ba FFF7FEFF 		bl	USBD_CtlSendStatus
 1016              	.LVL134:
 1017 00be B6E7     		b	.L50
 1018              	.LVL135:
 1019              	.L57:
 800:Middlewares/ST/STM32_USB_Device_Library/Core/Src/usbd_ctlreq.c ****       }
 1020              		.loc 1 800 9 is_stmt 1 view .LVU367
 800:Middlewares/ST/STM32_USB_Device_Library/Core/Src/usbd_ctlreq.c ****       }
 1021              		.loc 1 800 15 is_stmt 0 view .LVU368
 1022 00c0 FFF7FEFF 		bl	USBD_CtlSendStatus
 1023              	.LVL136:
 725:Middlewares/ST/STM32_USB_Device_Library/Core/Src/usbd_ctlreq.c ****   static uint8_t cfgidx;
 1024              		.loc 1 725 22 view .LVU369
 1025 00c4 0025     		movs	r5, #0
 1026 00c6 B2E7     		b	.L50
 1027              	.L64:
 1028              		.align	2
 1029              	.L63:
 1030 00c8 00000000 		.word	cfgidx.0
 1031              		.cfi_endproc
 1032              	.LFE344:
 1034              		.section	.text.USBD_GetConfig,"ax",%progbits
 1035              		.align	1
 1036              		.syntax unified
 1037              		.thumb
 1038              		.thumb_func
 1040              	USBD_GetConfig:
 1041              	.LVL137:
 1042              	.LFB345:
 822:Middlewares/ST/STM32_USB_Device_Library/Core/Src/usbd_ctlreq.c ****   if (req->wLength != 1U)
ARM GAS  C:\Users\Made\AppData\Local\Temp\cc5wfdsS.s 			page 51


 1043              		.loc 1 822 1 is_stmt 1 view -0
 1044              		.cfi_startproc
 1045              		@ args = 0, pretend = 0, frame = 0
 1046              		@ frame_needed = 0, uses_anonymous_args = 0
 822:Middlewares/ST/STM32_USB_Device_Library/Core/Src/usbd_ctlreq.c ****   if (req->wLength != 1U)
 1047              		.loc 1 822 1 is_stmt 0 view .LVU371
 1048 0000 08B5     		push	{r3, lr}
 1049              	.LCFI7:
 1050              		.cfi_def_cfa_offset 8
 1051              		.cfi_offset 3, -8
 1052              		.cfi_offset 14, -4
 823:Middlewares/ST/STM32_USB_Device_Library/Core/Src/usbd_ctlreq.c ****   {
 1053              		.loc 1 823 3 is_stmt 1 view .LVU372
 823:Middlewares/ST/STM32_USB_Device_Library/Core/Src/usbd_ctlreq.c ****   {
 1054              		.loc 1 823 10 is_stmt 0 view .LVU373
 1055 0002 CB88     		ldrh	r3, [r1, #6]
 823:Middlewares/ST/STM32_USB_Device_Library/Core/Src/usbd_ctlreq.c ****   {
 1056              		.loc 1 823 6 view .LVU374
 1057 0004 012B     		cmp	r3, #1
 1058 0006 0BD1     		bne	.L73
 829:Middlewares/ST/STM32_USB_Device_Library/Core/Src/usbd_ctlreq.c ****     {
 1059              		.loc 1 829 5 is_stmt 1 view .LVU375
 829:Middlewares/ST/STM32_USB_Device_Library/Core/Src/usbd_ctlreq.c ****     {
 1060              		.loc 1 829 17 is_stmt 0 view .LVU376
 1061 0008 90F89C32 		ldrb	r3, [r0, #668]	@ zero_extendqisi2
 1062 000c DBB2     		uxtb	r3, r3
 829:Middlewares/ST/STM32_USB_Device_Library/Core/Src/usbd_ctlreq.c ****     {
 1063              		.loc 1 829 5 view .LVU377
 1064 000e 022B     		cmp	r3, #2
 1065 0010 09D9     		bls	.L74
 1066 0012 032B     		cmp	r3, #3
 1067 0014 11D1     		bne	.L70
 838:Middlewares/ST/STM32_USB_Device_Library/Core/Src/usbd_ctlreq.c ****         break;
 1068              		.loc 1 838 9 is_stmt 1 view .LVU378
 838:Middlewares/ST/STM32_USB_Device_Library/Core/Src/usbd_ctlreq.c ****         break;
 1069              		.loc 1 838 15 is_stmt 0 view .LVU379
 1070 0016 0122     		movs	r2, #1
 1071 0018 011D     		adds	r1, r0, #4
 1072              	.LVL138:
 838:Middlewares/ST/STM32_USB_Device_Library/Core/Src/usbd_ctlreq.c ****         break;
 1073              		.loc 1 838 15 view .LVU380
 1074 001a FFF7FEFF 		bl	USBD_CtlSendData
 1075              	.LVL139:
 839:Middlewares/ST/STM32_USB_Device_Library/Core/Src/usbd_ctlreq.c **** 
 1076              		.loc 1 839 9 is_stmt 1 view .LVU381
 1077 001e 01E0     		b	.L65
 1078              	.LVL140:
 1079              	.L73:
 825:Middlewares/ST/STM32_USB_Device_Library/Core/Src/usbd_ctlreq.c ****   }
 1080              		.loc 1 825 5 view .LVU382
 1081 0020 FFF7FEFF 		bl	USBD_CtlError
 1082              	.LVL141:
 1083              	.L65:
 846:Middlewares/ST/STM32_USB_Device_Library/Core/Src/usbd_ctlreq.c **** 
 1084              		.loc 1 846 1 is_stmt 0 view .LVU383
 1085 0024 08BD     		pop	{r3, pc}
 1086              	.LVL142:
ARM GAS  C:\Users\Made\AppData\Local\Temp\cc5wfdsS.s 			page 52


 1087              	.L74:
 829:Middlewares/ST/STM32_USB_Device_Library/Core/Src/usbd_ctlreq.c ****     {
 1088              		.loc 1 829 5 view .LVU384
 1089 0026 5BB2     		sxtb	r3, r3
 1090 0028 3BB1     		cbz	r3, .L70
 833:Middlewares/ST/STM32_USB_Device_Library/Core/Src/usbd_ctlreq.c ****         (void)USBD_CtlSendData(pdev, (uint8_t *)&pdev->dev_default_config, 1U);
 1091              		.loc 1 833 9 is_stmt 1 view .LVU385
 833:Middlewares/ST/STM32_USB_Device_Library/Core/Src/usbd_ctlreq.c ****         (void)USBD_CtlSendData(pdev, (uint8_t *)&pdev->dev_default_config, 1U);
 1092              		.loc 1 833 34 is_stmt 0 view .LVU386
 1093 002a 0146     		mov	r1, r0
 1094              	.LVL143:
 833:Middlewares/ST/STM32_USB_Device_Library/Core/Src/usbd_ctlreq.c ****         (void)USBD_CtlSendData(pdev, (uint8_t *)&pdev->dev_default_config, 1U);
 1095              		.loc 1 833 34 view .LVU387
 1096 002c 0023     		movs	r3, #0
 1097 002e 41F8083F 		str	r3, [r1, #8]!
 834:Middlewares/ST/STM32_USB_Device_Library/Core/Src/usbd_ctlreq.c ****         break;
 1098              		.loc 1 834 9 is_stmt 1 view .LVU388
 834:Middlewares/ST/STM32_USB_Device_Library/Core/Src/usbd_ctlreq.c ****         break;
 1099              		.loc 1 834 15 is_stmt 0 view .LVU389
 1100 0032 0122     		movs	r2, #1
 1101 0034 FFF7FEFF 		bl	USBD_CtlSendData
 1102              	.LVL144:
 835:Middlewares/ST/STM32_USB_Device_Library/Core/Src/usbd_ctlreq.c **** 
 1103              		.loc 1 835 9 is_stmt 1 view .LVU390
 1104 0038 F4E7     		b	.L65
 1105              	.LVL145:
 1106              	.L70:
 842:Middlewares/ST/STM32_USB_Device_Library/Core/Src/usbd_ctlreq.c ****         break;
 1107              		.loc 1 842 9 view .LVU391
 1108 003a FFF7FEFF 		bl	USBD_CtlError
 1109              	.LVL146:
 843:Middlewares/ST/STM32_USB_Device_Library/Core/Src/usbd_ctlreq.c ****     }
 1110              		.loc 1 843 9 view .LVU392
 846:Middlewares/ST/STM32_USB_Device_Library/Core/Src/usbd_ctlreq.c **** 
 1111              		.loc 1 846 1 is_stmt 0 view .LVU393
 1112 003e F1E7     		b	.L65
 1113              		.cfi_endproc
 1114              	.LFE345:
 1116              		.section	.text.USBD_GetStatus,"ax",%progbits
 1117              		.align	1
 1118              		.syntax unified
 1119              		.thumb
 1120              		.thumb_func
 1122              	USBD_GetStatus:
 1123              	.LVL147:
 1124              	.LFB346:
 856:Middlewares/ST/STM32_USB_Device_Library/Core/Src/usbd_ctlreq.c ****   switch (pdev->dev_state)
 1125              		.loc 1 856 1 is_stmt 1 view -0
 1126              		.cfi_startproc
 1127              		@ args = 0, pretend = 0, frame = 0
 1128              		@ frame_needed = 0, uses_anonymous_args = 0
 856:Middlewares/ST/STM32_USB_Device_Library/Core/Src/usbd_ctlreq.c ****   switch (pdev->dev_state)
 1129              		.loc 1 856 1 is_stmt 0 view .LVU395
 1130 0000 08B5     		push	{r3, lr}
 1131              	.LCFI8:
 1132              		.cfi_def_cfa_offset 8
 1133              		.cfi_offset 3, -8
ARM GAS  C:\Users\Made\AppData\Local\Temp\cc5wfdsS.s 			page 53


 1134              		.cfi_offset 14, -4
 857:Middlewares/ST/STM32_USB_Device_Library/Core/Src/usbd_ctlreq.c ****   {
 1135              		.loc 1 857 3 is_stmt 1 view .LVU396
 857:Middlewares/ST/STM32_USB_Device_Library/Core/Src/usbd_ctlreq.c ****   {
 1136              		.loc 1 857 15 is_stmt 0 view .LVU397
 1137 0002 90F89C32 		ldrb	r3, [r0, #668]	@ zero_extendqisi2
 857:Middlewares/ST/STM32_USB_Device_Library/Core/Src/usbd_ctlreq.c ****   {
 1138              		.loc 1 857 3 view .LVU398
 1139 0006 013B     		subs	r3, r3, #1
 1140 0008 022B     		cmp	r3, #2
 1141 000a 12D8     		bhi	.L76
 862:Middlewares/ST/STM32_USB_Device_Library/Core/Src/usbd_ctlreq.c ****       {
 1142              		.loc 1 862 7 is_stmt 1 view .LVU399
 862:Middlewares/ST/STM32_USB_Device_Library/Core/Src/usbd_ctlreq.c ****       {
 1143              		.loc 1 862 14 is_stmt 0 view .LVU400
 1144 000c CB88     		ldrh	r3, [r1, #6]
 862:Middlewares/ST/STM32_USB_Device_Library/Core/Src/usbd_ctlreq.c ****       {
 1145              		.loc 1 862 10 view .LVU401
 1146 000e 022B     		cmp	r3, #2
 1147 0010 0CD1     		bne	.L81
 869:Middlewares/ST/STM32_USB_Device_Library/Core/Src/usbd_ctlreq.c **** #else
 1148              		.loc 1 869 7 is_stmt 1 view .LVU402
 869:Middlewares/ST/STM32_USB_Device_Library/Core/Src/usbd_ctlreq.c **** #else
 1149              		.loc 1 869 31 is_stmt 0 view .LVU403
 1150 0012 0123     		movs	r3, #1
 1151 0014 C360     		str	r3, [r0, #12]
 874:Middlewares/ST/STM32_USB_Device_Library/Core/Src/usbd_ctlreq.c ****       {
 1152              		.loc 1 874 7 is_stmt 1 view .LVU404
 874:Middlewares/ST/STM32_USB_Device_Library/Core/Src/usbd_ctlreq.c ****       {
 1153              		.loc 1 874 15 is_stmt 0 view .LVU405
 1154 0016 D0F8A432 		ldr	r3, [r0, #676]
 874:Middlewares/ST/STM32_USB_Device_Library/Core/Src/usbd_ctlreq.c ****       {
 1155              		.loc 1 874 10 view .LVU406
 1156 001a 0BB1     		cbz	r3, .L79
 876:Middlewares/ST/STM32_USB_Device_Library/Core/Src/usbd_ctlreq.c ****       }
 1157              		.loc 1 876 9 is_stmt 1 view .LVU407
 876:Middlewares/ST/STM32_USB_Device_Library/Core/Src/usbd_ctlreq.c ****       }
 1158              		.loc 1 876 33 is_stmt 0 view .LVU408
 1159 001c 0323     		movs	r3, #3
 1160 001e C360     		str	r3, [r0, #12]
 1161              	.L79:
 879:Middlewares/ST/STM32_USB_Device_Library/Core/Src/usbd_ctlreq.c ****       break;
 1162              		.loc 1 879 7 is_stmt 1 view .LVU409
 879:Middlewares/ST/STM32_USB_Device_Library/Core/Src/usbd_ctlreq.c ****       break;
 1163              		.loc 1 879 13 is_stmt 0 view .LVU410
 1164 0020 0222     		movs	r2, #2
 1165 0022 00F10C01 		add	r1, r0, #12
 1166              	.LVL148:
 879:Middlewares/ST/STM32_USB_Device_Library/Core/Src/usbd_ctlreq.c ****       break;
 1167              		.loc 1 879 13 view .LVU411
 1168 0026 FFF7FEFF 		bl	USBD_CtlSendData
 1169              	.LVL149:
 880:Middlewares/ST/STM32_USB_Device_Library/Core/Src/usbd_ctlreq.c **** 
 1170              		.loc 1 880 7 is_stmt 1 view .LVU412
 1171              	.L75:
 886:Middlewares/ST/STM32_USB_Device_Library/Core/Src/usbd_ctlreq.c **** 
 1172              		.loc 1 886 1 is_stmt 0 view .LVU413
ARM GAS  C:\Users\Made\AppData\Local\Temp\cc5wfdsS.s 			page 54


 1173 002a 08BD     		pop	{r3, pc}
 1174              	.LVL150:
 1175              	.L81:
 864:Middlewares/ST/STM32_USB_Device_Library/Core/Src/usbd_ctlreq.c ****         break;
 1176              		.loc 1 864 9 is_stmt 1 view .LVU414
 1177 002c FFF7FEFF 		bl	USBD_CtlError
 1178              	.LVL151:
 865:Middlewares/ST/STM32_USB_Device_Library/Core/Src/usbd_ctlreq.c ****       }
 1179              		.loc 1 865 9 view .LVU415
 1180 0030 FBE7     		b	.L75
 1181              	.LVL152:
 1182              	.L76:
 883:Middlewares/ST/STM32_USB_Device_Library/Core/Src/usbd_ctlreq.c ****       break;
 1183              		.loc 1 883 7 view .LVU416
 1184 0032 FFF7FEFF 		bl	USBD_CtlError
 1185              	.LVL153:
 884:Middlewares/ST/STM32_USB_Device_Library/Core/Src/usbd_ctlreq.c ****   }
 1186              		.loc 1 884 7 view .LVU417
 886:Middlewares/ST/STM32_USB_Device_Library/Core/Src/usbd_ctlreq.c **** 
 1187              		.loc 1 886 1 is_stmt 0 view .LVU418
 1188 0036 F8E7     		b	.L75
 1189              		.cfi_endproc
 1190              	.LFE346:
 1192              		.section	.text.USBD_SetFeature,"ax",%progbits
 1193              		.align	1
 1194              		.syntax unified
 1195              		.thumb
 1196              		.thumb_func
 1198              	USBD_SetFeature:
 1199              	.LVL154:
 1200              	.LFB347:
 897:Middlewares/ST/STM32_USB_Device_Library/Core/Src/usbd_ctlreq.c ****   if (req->wValue == USB_FEATURE_REMOTE_WAKEUP)
 1201              		.loc 1 897 1 is_stmt 1 view -0
 1202              		.cfi_startproc
 1203              		@ args = 0, pretend = 0, frame = 0
 1204              		@ frame_needed = 0, uses_anonymous_args = 0
 897:Middlewares/ST/STM32_USB_Device_Library/Core/Src/usbd_ctlreq.c ****   if (req->wValue == USB_FEATURE_REMOTE_WAKEUP)
 1205              		.loc 1 897 1 is_stmt 0 view .LVU420
 1206 0000 08B5     		push	{r3, lr}
 1207              	.LCFI9:
 1208              		.cfi_def_cfa_offset 8
 1209              		.cfi_offset 3, -8
 1210              		.cfi_offset 14, -4
 898:Middlewares/ST/STM32_USB_Device_Library/Core/Src/usbd_ctlreq.c ****   {
 1211              		.loc 1 898 3 is_stmt 1 view .LVU421
 898:Middlewares/ST/STM32_USB_Device_Library/Core/Src/usbd_ctlreq.c ****   {
 1212              		.loc 1 898 10 is_stmt 0 view .LVU422
 1213 0002 4B88     		ldrh	r3, [r1, #2]
 898:Middlewares/ST/STM32_USB_Device_Library/Core/Src/usbd_ctlreq.c ****   {
 1214              		.loc 1 898 6 view .LVU423
 1215 0004 012B     		cmp	r3, #1
 1216 0006 04D0     		beq	.L87
 903:Middlewares/ST/STM32_USB_Device_Library/Core/Src/usbd_ctlreq.c ****   {
 1217              		.loc 1 903 8 is_stmt 1 view .LVU424
 903:Middlewares/ST/STM32_USB_Device_Library/Core/Src/usbd_ctlreq.c ****   {
 1218              		.loc 1 903 11 is_stmt 0 view .LVU425
 1219 0008 022B     		cmp	r3, #2
ARM GAS  C:\Users\Made\AppData\Local\Temp\cc5wfdsS.s 			page 55


 1220 000a 07D0     		beq	.L88
 910:Middlewares/ST/STM32_USB_Device_Library/Core/Src/usbd_ctlreq.c ****   }
 1221              		.loc 1 910 5 is_stmt 1 view .LVU426
 1222 000c FFF7FEFF 		bl	USBD_CtlError
 1223              	.LVL155:
 1224              	.L82:
 912:Middlewares/ST/STM32_USB_Device_Library/Core/Src/usbd_ctlreq.c **** 
 1225              		.loc 1 912 1 is_stmt 0 view .LVU427
 1226 0010 08BD     		pop	{r3, pc}
 1227              	.LVL156:
 1228              	.L87:
 900:Middlewares/ST/STM32_USB_Device_Library/Core/Src/usbd_ctlreq.c ****     (void)USBD_CtlSendStatus(pdev);
 1229              		.loc 1 900 5 is_stmt 1 view .LVU428
 900:Middlewares/ST/STM32_USB_Device_Library/Core/Src/usbd_ctlreq.c ****     (void)USBD_CtlSendStatus(pdev);
 1230              		.loc 1 900 29 is_stmt 0 view .LVU429
 1231 0012 C0F8A432 		str	r3, [r0, #676]
 901:Middlewares/ST/STM32_USB_Device_Library/Core/Src/usbd_ctlreq.c ****   }
 1232              		.loc 1 901 5 is_stmt 1 view .LVU430
 901:Middlewares/ST/STM32_USB_Device_Library/Core/Src/usbd_ctlreq.c ****   }
 1233              		.loc 1 901 11 is_stmt 0 view .LVU431
 1234 0016 FFF7FEFF 		bl	USBD_CtlSendStatus
 1235              	.LVL157:
 901:Middlewares/ST/STM32_USB_Device_Library/Core/Src/usbd_ctlreq.c ****   }
 1236              		.loc 1 901 11 view .LVU432
 1237 001a F9E7     		b	.L82
 1238              	.LVL158:
 1239              	.L88:
 905:Middlewares/ST/STM32_USB_Device_Library/Core/Src/usbd_ctlreq.c ****     (void)USBD_CtlSendStatus(pdev);
 1240              		.loc 1 905 5 is_stmt 1 view .LVU433
 905:Middlewares/ST/STM32_USB_Device_Library/Core/Src/usbd_ctlreq.c ****     (void)USBD_CtlSendStatus(pdev);
 1241              		.loc 1 905 40 is_stmt 0 view .LVU434
 1242 001c 8B88     		ldrh	r3, [r1, #4]
 905:Middlewares/ST/STM32_USB_Device_Library/Core/Src/usbd_ctlreq.c ****     (void)USBD_CtlSendStatus(pdev);
 1243              		.loc 1 905 27 view .LVU435
 1244 001e 1B0A     		lsrs	r3, r3, #8
 905:Middlewares/ST/STM32_USB_Device_Library/Core/Src/usbd_ctlreq.c ****     (void)USBD_CtlSendStatus(pdev);
 1245              		.loc 1 905 25 view .LVU436
 1246 0020 80F8A032 		strb	r3, [r0, #672]
 906:Middlewares/ST/STM32_USB_Device_Library/Core/Src/usbd_ctlreq.c ****   }
 1247              		.loc 1 906 5 is_stmt 1 view .LVU437
 906:Middlewares/ST/STM32_USB_Device_Library/Core/Src/usbd_ctlreq.c ****   }
 1248              		.loc 1 906 11 is_stmt 0 view .LVU438
 1249 0024 FFF7FEFF 		bl	USBD_CtlSendStatus
 1250              	.LVL159:
 906:Middlewares/ST/STM32_USB_Device_Library/Core/Src/usbd_ctlreq.c ****   }
 1251              		.loc 1 906 11 view .LVU439
 1252 0028 F2E7     		b	.L82
 1253              		.cfi_endproc
 1254              	.LFE347:
 1256              		.section	.text.USBD_ClrFeature,"ax",%progbits
 1257              		.align	1
 1258              		.syntax unified
 1259              		.thumb
 1260              		.thumb_func
 1262              	USBD_ClrFeature:
 1263              	.LVL160:
 1264              	.LFB348:
ARM GAS  C:\Users\Made\AppData\Local\Temp\cc5wfdsS.s 			page 56


 923:Middlewares/ST/STM32_USB_Device_Library/Core/Src/usbd_ctlreq.c ****   switch (pdev->dev_state)
 1265              		.loc 1 923 1 is_stmt 1 view -0
 1266              		.cfi_startproc
 1267              		@ args = 0, pretend = 0, frame = 0
 1268              		@ frame_needed = 0, uses_anonymous_args = 0
 923:Middlewares/ST/STM32_USB_Device_Library/Core/Src/usbd_ctlreq.c ****   switch (pdev->dev_state)
 1269              		.loc 1 923 1 is_stmt 0 view .LVU441
 1270 0000 08B5     		push	{r3, lr}
 1271              	.LCFI10:
 1272              		.cfi_def_cfa_offset 8
 1273              		.cfi_offset 3, -8
 1274              		.cfi_offset 14, -4
 924:Middlewares/ST/STM32_USB_Device_Library/Core/Src/usbd_ctlreq.c ****   {
 1275              		.loc 1 924 3 is_stmt 1 view .LVU442
 924:Middlewares/ST/STM32_USB_Device_Library/Core/Src/usbd_ctlreq.c ****   {
 1276              		.loc 1 924 15 is_stmt 0 view .LVU443
 1277 0002 90F89C32 		ldrb	r3, [r0, #668]	@ zero_extendqisi2
 924:Middlewares/ST/STM32_USB_Device_Library/Core/Src/usbd_ctlreq.c ****   {
 1278              		.loc 1 924 3 view .LVU444
 1279 0006 013B     		subs	r3, r3, #1
 1280 0008 022B     		cmp	r3, #2
 1281 000a 09D8     		bhi	.L90
 929:Middlewares/ST/STM32_USB_Device_Library/Core/Src/usbd_ctlreq.c ****       {
 1282              		.loc 1 929 7 is_stmt 1 view .LVU445
 929:Middlewares/ST/STM32_USB_Device_Library/Core/Src/usbd_ctlreq.c ****       {
 1283              		.loc 1 929 14 is_stmt 0 view .LVU446
 1284 000c 4B88     		ldrh	r3, [r1, #2]
 929:Middlewares/ST/STM32_USB_Device_Library/Core/Src/usbd_ctlreq.c ****       {
 1285              		.loc 1 929 10 view .LVU447
 1286 000e 012B     		cmp	r3, #1
 1287 0010 00D0     		beq	.L93
 1288              	.LVL161:
 1289              	.L89:
 940:Middlewares/ST/STM32_USB_Device_Library/Core/Src/usbd_ctlreq.c **** 
 1290              		.loc 1 940 1 view .LVU448
 1291 0012 08BD     		pop	{r3, pc}
 1292              	.LVL162:
 1293              	.L93:
 931:Middlewares/ST/STM32_USB_Device_Library/Core/Src/usbd_ctlreq.c ****         (void)USBD_CtlSendStatus(pdev);
 1294              		.loc 1 931 9 is_stmt 1 view .LVU449
 931:Middlewares/ST/STM32_USB_Device_Library/Core/Src/usbd_ctlreq.c ****         (void)USBD_CtlSendStatus(pdev);
 1295              		.loc 1 931 33 is_stmt 0 view .LVU450
 1296 0014 0023     		movs	r3, #0
 1297 0016 C0F8A432 		str	r3, [r0, #676]
 932:Middlewares/ST/STM32_USB_Device_Library/Core/Src/usbd_ctlreq.c ****       }
 1298              		.loc 1 932 9 is_stmt 1 view .LVU451
 932:Middlewares/ST/STM32_USB_Device_Library/Core/Src/usbd_ctlreq.c ****       }
 1299              		.loc 1 932 15 is_stmt 0 view .LVU452
 1300 001a FFF7FEFF 		bl	USBD_CtlSendStatus
 1301              	.LVL163:
 932:Middlewares/ST/STM32_USB_Device_Library/Core/Src/usbd_ctlreq.c ****       }
 1302              		.loc 1 932 15 view .LVU453
 1303 001e F8E7     		b	.L89
 1304              	.LVL164:
 1305              	.L90:
 937:Middlewares/ST/STM32_USB_Device_Library/Core/Src/usbd_ctlreq.c ****       break;
 1306              		.loc 1 937 7 is_stmt 1 view .LVU454
ARM GAS  C:\Users\Made\AppData\Local\Temp\cc5wfdsS.s 			page 57


 1307 0020 FFF7FEFF 		bl	USBD_CtlError
 1308              	.LVL165:
 938:Middlewares/ST/STM32_USB_Device_Library/Core/Src/usbd_ctlreq.c ****   }
 1309              		.loc 1 938 7 view .LVU455
 940:Middlewares/ST/STM32_USB_Device_Library/Core/Src/usbd_ctlreq.c **** 
 1310              		.loc 1 940 1 is_stmt 0 view .LVU456
 1311 0024 F5E7     		b	.L89
 1312              		.cfi_endproc
 1313              	.LFE348:
 1315              		.section	.text.USBD_StdDevReq,"ax",%progbits
 1316              		.align	1
 1317              		.global	USBD_StdDevReq
 1318              		.syntax unified
 1319              		.thumb
 1320              		.thumb_func
 1322              	USBD_StdDevReq:
 1323              	.LVL166:
 1324              	.LFB339:
 105:Middlewares/ST/STM32_USB_Device_Library/Core/Src/usbd_ctlreq.c ****   USBD_StatusTypeDef ret = USBD_OK;
 1325              		.loc 1 105 1 is_stmt 1 view -0
 1326              		.cfi_startproc
 1327              		@ args = 0, pretend = 0, frame = 0
 1328              		@ frame_needed = 0, uses_anonymous_args = 0
 105:Middlewares/ST/STM32_USB_Device_Library/Core/Src/usbd_ctlreq.c ****   USBD_StatusTypeDef ret = USBD_OK;
 1329              		.loc 1 105 1 is_stmt 0 view .LVU458
 1330 0000 38B5     		push	{r3, r4, r5, lr}
 1331              	.LCFI11:
 1332              		.cfi_def_cfa_offset 16
 1333              		.cfi_offset 3, -16
 1334              		.cfi_offset 4, -12
 1335              		.cfi_offset 5, -8
 1336              		.cfi_offset 14, -4
 106:Middlewares/ST/STM32_USB_Device_Library/Core/Src/usbd_ctlreq.c **** 
 1337              		.loc 1 106 3 is_stmt 1 view .LVU459
 1338              	.LVL167:
 108:Middlewares/ST/STM32_USB_Device_Library/Core/Src/usbd_ctlreq.c ****   {
 1339              		.loc 1 108 3 view .LVU460
 108:Middlewares/ST/STM32_USB_Device_Library/Core/Src/usbd_ctlreq.c ****   {
 1340              		.loc 1 108 14 is_stmt 0 view .LVU461
 1341 0002 0C78     		ldrb	r4, [r1]	@ zero_extendqisi2
 1342 0004 04F06004 		and	r4, r4, #96
 108:Middlewares/ST/STM32_USB_Device_Library/Core/Src/usbd_ctlreq.c ****   {
 1343              		.loc 1 108 3 view .LVU462
 1344 0008 202C     		cmp	r4, #32
 1345 000a 06D0     		beq	.L95
 1346 000c 402C     		cmp	r4, #64
 1347 000e 04D0     		beq	.L95
 1348 0010 6CB1     		cbz	r4, .L96
 153:Middlewares/ST/STM32_USB_Device_Library/Core/Src/usbd_ctlreq.c ****       break;
 1349              		.loc 1 153 7 is_stmt 1 view .LVU463
 1350 0012 FFF7FEFF 		bl	USBD_CtlError
 1351              	.LVL168:
 154:Middlewares/ST/STM32_USB_Device_Library/Core/Src/usbd_ctlreq.c ****   }
 1352              		.loc 1 154 7 view .LVU464
 106:Middlewares/ST/STM32_USB_Device_Library/Core/Src/usbd_ctlreq.c **** 
 1353              		.loc 1 106 22 is_stmt 0 view .LVU465
 1354 0016 0024     		movs	r4, #0
ARM GAS  C:\Users\Made\AppData\Local\Temp\cc5wfdsS.s 			page 58


 154:Middlewares/ST/STM32_USB_Device_Library/Core/Src/usbd_ctlreq.c ****   }
 1355              		.loc 1 154 7 view .LVU466
 1356 0018 07E0     		b	.L98
 1357              	.LVL169:
 1358              	.L95:
 112:Middlewares/ST/STM32_USB_Device_Library/Core/Src/usbd_ctlreq.c ****       break;
 1359              		.loc 1 112 7 is_stmt 1 view .LVU467
 112:Middlewares/ST/STM32_USB_Device_Library/Core/Src/usbd_ctlreq.c ****       break;
 1360              		.loc 1 112 50 is_stmt 0 view .LVU468
 1361 001a D0F8D432 		ldr	r3, [r0, #724]
 112:Middlewares/ST/STM32_USB_Device_Library/Core/Src/usbd_ctlreq.c ****       break;
 1362              		.loc 1 112 45 view .LVU469
 1363 001e AE33     		adds	r3, r3, #174
 1364 0020 50F82330 		ldr	r3, [r0, r3, lsl #2]
 112:Middlewares/ST/STM32_USB_Device_Library/Core/Src/usbd_ctlreq.c ****       break;
 1365              		.loc 1 112 60 view .LVU470
 1366 0024 9B68     		ldr	r3, [r3, #8]
 112:Middlewares/ST/STM32_USB_Device_Library/Core/Src/usbd_ctlreq.c ****       break;
 1367              		.loc 1 112 33 view .LVU471
 1368 0026 9847     		blx	r3
 1369              	.LVL170:
 112:Middlewares/ST/STM32_USB_Device_Library/Core/Src/usbd_ctlreq.c ****       break;
 1370              		.loc 1 112 33 view .LVU472
 1371 0028 0446     		mov	r4, r0
 1372              	.LVL171:
 113:Middlewares/ST/STM32_USB_Device_Library/Core/Src/usbd_ctlreq.c **** 
 1373              		.loc 1 113 7 is_stmt 1 view .LVU473
 1374              	.L98:
 157:Middlewares/ST/STM32_USB_Device_Library/Core/Src/usbd_ctlreq.c **** }
 1375              		.loc 1 157 3 view .LVU474
 158:Middlewares/ST/STM32_USB_Device_Library/Core/Src/usbd_ctlreq.c **** 
 1376              		.loc 1 158 1 is_stmt 0 view .LVU475
 1377 002a 2046     		mov	r0, r4
 1378 002c 38BD     		pop	{r3, r4, r5, pc}
 1379              	.LVL172:
 1380              	.L96:
 116:Middlewares/ST/STM32_USB_Device_Library/Core/Src/usbd_ctlreq.c ****       {
 1381              		.loc 1 116 7 is_stmt 1 view .LVU476
 116:Middlewares/ST/STM32_USB_Device_Library/Core/Src/usbd_ctlreq.c ****       {
 1382              		.loc 1 116 18 is_stmt 0 view .LVU477
 1383 002e 4D78     		ldrb	r5, [r1, #1]	@ zero_extendqisi2
 116:Middlewares/ST/STM32_USB_Device_Library/Core/Src/usbd_ctlreq.c ****       {
 1384              		.loc 1 116 7 view .LVU478
 1385 0030 092D     		cmp	r5, #9
 1386 0032 1DD8     		bhi	.L99
 1387 0034 DFE805F0 		tbb	[pc, r5]
 1388              	.L101:
 1389 0038 12       		.byte	(.L107-.L101)/2
 1390 0039 19       		.byte	(.L106-.L101)/2
 1391 003a 1C       		.byte	(.L99-.L101)/2
 1392 003b 16       		.byte	(.L105-.L101)/2
 1393 003c 1C       		.byte	(.L99-.L101)/2
 1394 003d 08       		.byte	(.L104-.L101)/2
 1395 003e 05       		.byte	(.L103-.L101)/2
 1396 003f 1C       		.byte	(.L99-.L101)/2
 1397 0040 0F       		.byte	(.L102-.L101)/2
 1398 0041 0B       		.byte	(.L100-.L101)/2
ARM GAS  C:\Users\Made\AppData\Local\Temp\cc5wfdsS.s 			page 59


 1399              		.p2align 1
 1400              	.L103:
 119:Middlewares/ST/STM32_USB_Device_Library/Core/Src/usbd_ctlreq.c ****           break;
 1401              		.loc 1 119 11 is_stmt 1 view .LVU479
 1402 0042 FFF7FEFF 		bl	USBD_GetDescriptor
 1403              	.LVL173:
 120:Middlewares/ST/STM32_USB_Device_Library/Core/Src/usbd_ctlreq.c **** 
 1404              		.loc 1 120 11 view .LVU480
 1405 0046 F0E7     		b	.L98
 1406              	.LVL174:
 1407              	.L104:
 123:Middlewares/ST/STM32_USB_Device_Library/Core/Src/usbd_ctlreq.c ****           break;
 1408              		.loc 1 123 11 view .LVU481
 1409 0048 FFF7FEFF 		bl	USBD_SetAddress
 1410              	.LVL175:
 124:Middlewares/ST/STM32_USB_Device_Library/Core/Src/usbd_ctlreq.c **** 
 1411              		.loc 1 124 11 view .LVU482
 1412 004c EDE7     		b	.L98
 1413              	.LVL176:
 1414              	.L100:
 127:Middlewares/ST/STM32_USB_Device_Library/Core/Src/usbd_ctlreq.c ****           break;
 1415              		.loc 1 127 11 view .LVU483
 127:Middlewares/ST/STM32_USB_Device_Library/Core/Src/usbd_ctlreq.c ****           break;
 1416              		.loc 1 127 17 is_stmt 0 view .LVU484
 1417 004e FFF7FEFF 		bl	USBD_SetConfig
 1418              	.LVL177:
 127:Middlewares/ST/STM32_USB_Device_Library/Core/Src/usbd_ctlreq.c ****           break;
 1419              		.loc 1 127 17 view .LVU485
 1420 0052 0446     		mov	r4, r0
 1421              	.LVL178:
 128:Middlewares/ST/STM32_USB_Device_Library/Core/Src/usbd_ctlreq.c **** 
 1422              		.loc 1 128 11 is_stmt 1 view .LVU486
 1423 0054 E9E7     		b	.L98
 1424              	.LVL179:
 1425              	.L102:
 131:Middlewares/ST/STM32_USB_Device_Library/Core/Src/usbd_ctlreq.c ****           break;
 1426              		.loc 1 131 11 view .LVU487
 1427 0056 FFF7FEFF 		bl	USBD_GetConfig
 1428              	.LVL180:
 132:Middlewares/ST/STM32_USB_Device_Library/Core/Src/usbd_ctlreq.c **** 
 1429              		.loc 1 132 11 view .LVU488
 1430 005a E6E7     		b	.L98
 1431              	.LVL181:
 1432              	.L107:
 135:Middlewares/ST/STM32_USB_Device_Library/Core/Src/usbd_ctlreq.c ****           break;
 1433              		.loc 1 135 11 view .LVU489
 1434 005c FFF7FEFF 		bl	USBD_GetStatus
 1435              	.LVL182:
 136:Middlewares/ST/STM32_USB_Device_Library/Core/Src/usbd_ctlreq.c **** 
 1436              		.loc 1 136 11 view .LVU490
 106:Middlewares/ST/STM32_USB_Device_Library/Core/Src/usbd_ctlreq.c **** 
 1437              		.loc 1 106 22 is_stmt 0 view .LVU491
 1438 0060 2C46     		mov	r4, r5
 136:Middlewares/ST/STM32_USB_Device_Library/Core/Src/usbd_ctlreq.c **** 
 1439              		.loc 1 136 11 view .LVU492
 1440 0062 E2E7     		b	.L98
 1441              	.LVL183:
ARM GAS  C:\Users\Made\AppData\Local\Temp\cc5wfdsS.s 			page 60


 1442              	.L105:
 139:Middlewares/ST/STM32_USB_Device_Library/Core/Src/usbd_ctlreq.c ****           break;
 1443              		.loc 1 139 11 is_stmt 1 view .LVU493
 1444 0064 FFF7FEFF 		bl	USBD_SetFeature
 1445              	.LVL184:
 140:Middlewares/ST/STM32_USB_Device_Library/Core/Src/usbd_ctlreq.c **** 
 1446              		.loc 1 140 11 view .LVU494
 1447 0068 DFE7     		b	.L98
 1448              	.LVL185:
 1449              	.L106:
 143:Middlewares/ST/STM32_USB_Device_Library/Core/Src/usbd_ctlreq.c ****           break;
 1450              		.loc 1 143 11 view .LVU495
 1451 006a FFF7FEFF 		bl	USBD_ClrFeature
 1452              	.LVL186:
 144:Middlewares/ST/STM32_USB_Device_Library/Core/Src/usbd_ctlreq.c **** 
 1453              		.loc 1 144 11 view .LVU496
 1454 006e DCE7     		b	.L98
 1455              	.LVL187:
 1456              	.L99:
 147:Middlewares/ST/STM32_USB_Device_Library/Core/Src/usbd_ctlreq.c ****           break;
 1457              		.loc 1 147 11 view .LVU497
 1458 0070 FFF7FEFF 		bl	USBD_CtlError
 1459              	.LVL188:
 148:Middlewares/ST/STM32_USB_Device_Library/Core/Src/usbd_ctlreq.c ****       }
 1460              		.loc 1 148 11 view .LVU498
 1461 0074 D9E7     		b	.L98
 1462              		.cfi_endproc
 1463              	.LFE339:
 1465              		.section	.text.USBD_StdItfReq,"ax",%progbits
 1466              		.align	1
 1467              		.global	USBD_StdItfReq
 1468              		.syntax unified
 1469              		.thumb
 1470              		.thumb_func
 1472              	USBD_StdItfReq:
 1473              	.LVL189:
 1474              	.LFB340:
 168:Middlewares/ST/STM32_USB_Device_Library/Core/Src/usbd_ctlreq.c ****   USBD_StatusTypeDef ret = USBD_OK;
 1475              		.loc 1 168 1 view -0
 1476              		.cfi_startproc
 1477              		@ args = 0, pretend = 0, frame = 0
 1478              		@ frame_needed = 0, uses_anonymous_args = 0
 168:Middlewares/ST/STM32_USB_Device_Library/Core/Src/usbd_ctlreq.c ****   USBD_StatusTypeDef ret = USBD_OK;
 1479              		.loc 1 168 1 is_stmt 0 view .LVU500
 1480 0000 70B5     		push	{r4, r5, r6, lr}
 1481              	.LCFI12:
 1482              		.cfi_def_cfa_offset 16
 1483              		.cfi_offset 4, -16
 1484              		.cfi_offset 5, -12
 1485              		.cfi_offset 6, -8
 1486              		.cfi_offset 14, -4
 1487 0002 0546     		mov	r5, r0
 1488 0004 0C46     		mov	r4, r1
 169:Middlewares/ST/STM32_USB_Device_Library/Core/Src/usbd_ctlreq.c ****   uint8_t idx;
 1489              		.loc 1 169 3 is_stmt 1 view .LVU501
 1490              	.LVL190:
 170:Middlewares/ST/STM32_USB_Device_Library/Core/Src/usbd_ctlreq.c **** 
ARM GAS  C:\Users\Made\AppData\Local\Temp\cc5wfdsS.s 			page 61


 1491              		.loc 1 170 3 view .LVU502
 172:Middlewares/ST/STM32_USB_Device_Library/Core/Src/usbd_ctlreq.c ****   {
 1492              		.loc 1 172 3 view .LVU503
 172:Middlewares/ST/STM32_USB_Device_Library/Core/Src/usbd_ctlreq.c ****   {
 1493              		.loc 1 172 14 is_stmt 0 view .LVU504
 1494 0006 0B78     		ldrb	r3, [r1]	@ zero_extendqisi2
 1495 0008 03F06003 		and	r3, r3, #96
 172:Middlewares/ST/STM32_USB_Device_Library/Core/Src/usbd_ctlreq.c ****   {
 1496              		.loc 1 172 3 view .LVU505
 1497 000c 202B     		cmp	r3, #32
 1498 000e 07D0     		beq	.L111
 1499 0010 402B     		cmp	r3, #64
 1500 0012 05D0     		beq	.L111
 1501 0014 23B1     		cbz	r3, .L111
 225:Middlewares/ST/STM32_USB_Device_Library/Core/Src/usbd_ctlreq.c ****       break;
 1502              		.loc 1 225 7 is_stmt 1 view .LVU506
 1503 0016 FFF7FEFF 		bl	USBD_CtlError
 1504              	.LVL191:
 226:Middlewares/ST/STM32_USB_Device_Library/Core/Src/usbd_ctlreq.c ****   }
 1505              		.loc 1 226 7 view .LVU507
 169:Middlewares/ST/STM32_USB_Device_Library/Core/Src/usbd_ctlreq.c ****   uint8_t idx;
 1506              		.loc 1 169 22 is_stmt 0 view .LVU508
 1507 001a 0026     		movs	r6, #0
 1508              	.LVL192:
 1509              	.L116:
 229:Middlewares/ST/STM32_USB_Device_Library/Core/Src/usbd_ctlreq.c **** }
 1510              		.loc 1 229 3 is_stmt 1 view .LVU509
 230:Middlewares/ST/STM32_USB_Device_Library/Core/Src/usbd_ctlreq.c **** 
 1511              		.loc 1 230 1 is_stmt 0 view .LVU510
 1512 001c 3046     		mov	r0, r6
 1513 001e 70BD     		pop	{r4, r5, r6, pc}
 1514              	.LVL193:
 1515              	.L111:
 177:Middlewares/ST/STM32_USB_Device_Library/Core/Src/usbd_ctlreq.c ****       {
 1516              		.loc 1 177 7 is_stmt 1 view .LVU511
 177:Middlewares/ST/STM32_USB_Device_Library/Core/Src/usbd_ctlreq.c ****       {
 1517              		.loc 1 177 19 is_stmt 0 view .LVU512
 1518 0020 95F89C32 		ldrb	r3, [r5, #668]	@ zero_extendqisi2
 177:Middlewares/ST/STM32_USB_Device_Library/Core/Src/usbd_ctlreq.c ****       {
 1519              		.loc 1 177 7 view .LVU513
 1520 0024 013B     		subs	r3, r3, #1
 1521 0026 022B     		cmp	r3, #2
 1522 0028 26D8     		bhi	.L113
 183:Middlewares/ST/STM32_USB_Device_Library/Core/Src/usbd_ctlreq.c ****           {
 1523              		.loc 1 183 11 is_stmt 1 view .LVU514
 183:Middlewares/ST/STM32_USB_Device_Library/Core/Src/usbd_ctlreq.c ****           {
 1524              		.loc 1 183 15 is_stmt 0 view .LVU515
 1525 002a 2179     		ldrb	r1, [r4, #4]	@ zero_extendqisi2
 1526              	.LVL194:
 183:Middlewares/ST/STM32_USB_Device_Library/Core/Src/usbd_ctlreq.c ****           {
 1527              		.loc 1 183 14 view .LVU516
 1528 002c 0129     		cmp	r1, #1
 1529 002e 05D9     		bls	.L120
 214:Middlewares/ST/STM32_USB_Device_Library/Core/Src/usbd_ctlreq.c ****           }
 1530              		.loc 1 214 13 is_stmt 1 view .LVU517
 1531 0030 2146     		mov	r1, r4
 1532 0032 2846     		mov	r0, r5
ARM GAS  C:\Users\Made\AppData\Local\Temp\cc5wfdsS.s 			page 62


 1533              	.LVL195:
 214:Middlewares/ST/STM32_USB_Device_Library/Core/Src/usbd_ctlreq.c ****           }
 1534              		.loc 1 214 13 is_stmt 0 view .LVU518
 1535 0034 FFF7FEFF 		bl	USBD_CtlError
 1536              	.LVL196:
 169:Middlewares/ST/STM32_USB_Device_Library/Core/Src/usbd_ctlreq.c ****   uint8_t idx;
 1537              		.loc 1 169 22 view .LVU519
 1538 0038 0026     		movs	r6, #0
 1539 003a EFE7     		b	.L116
 1540              	.LVL197:
 1541              	.L120:
 186:Middlewares/ST/STM32_USB_Device_Library/Core/Src/usbd_ctlreq.c ****             if (((uint8_t)idx != 0xFFU) && (idx < USBD_MAX_SUPPORTED_CLASS))
 1542              		.loc 1 186 13 is_stmt 1 view .LVU520
 186:Middlewares/ST/STM32_USB_Device_Library/Core/Src/usbd_ctlreq.c ****             if (((uint8_t)idx != 0xFFU) && (idx < USBD_MAX_SUPPORTED_CLASS))
 1543              		.loc 1 186 19 is_stmt 0 view .LVU521
 1544 003c 2846     		mov	r0, r5
 1545              	.LVL198:
 186:Middlewares/ST/STM32_USB_Device_Library/Core/Src/usbd_ctlreq.c ****             if (((uint8_t)idx != 0xFFU) && (idx < USBD_MAX_SUPPORTED_CLASS))
 1546              		.loc 1 186 19 view .LVU522
 1547 003e FFF7FEFF 		bl	USBD_CoreFindIF
 1548              	.LVL199:
 187:Middlewares/ST/STM32_USB_Device_Library/Core/Src/usbd_ctlreq.c ****             {
 1549              		.loc 1 187 13 is_stmt 1 view .LVU523
 187:Middlewares/ST/STM32_USB_Device_Library/Core/Src/usbd_ctlreq.c ****             {
 1550              		.loc 1 187 16 is_stmt 0 view .LVU524
 1551 0042 68B9     		cbnz	r0, .L117
 190:Middlewares/ST/STM32_USB_Device_Library/Core/Src/usbd_ctlreq.c ****               {
 1552              		.loc 1 190 15 is_stmt 1 view .LVU525
 190:Middlewares/ST/STM32_USB_Device_Library/Core/Src/usbd_ctlreq.c ****               {
 1553              		.loc 1 190 31 is_stmt 0 view .LVU526
 1554 0044 00F1AE02 		add	r2, r0, #174
 1555 0048 55F82220 		ldr	r2, [r5, r2, lsl #2]
 190:Middlewares/ST/STM32_USB_Device_Library/Core/Src/usbd_ctlreq.c ****               {
 1556              		.loc 1 190 36 view .LVU527
 1557 004c 9168     		ldr	r1, [r2, #8]
 190:Middlewares/ST/STM32_USB_Device_Library/Core/Src/usbd_ctlreq.c ****               {
 1558              		.loc 1 190 18 view .LVU528
 1559 004e 89B1     		cbz	r1, .L118
 192:Middlewares/ST/STM32_USB_Device_Library/Core/Src/usbd_ctlreq.c ****                 ret = (USBD_StatusTypeDef)(pdev->pClass[idx]->Setup(pdev, req));
 1560              		.loc 1 192 17 is_stmt 1 view .LVU529
 192:Middlewares/ST/STM32_USB_Device_Library/Core/Src/usbd_ctlreq.c ****                 ret = (USBD_StatusTypeDef)(pdev->pClass[idx]->Setup(pdev, req));
 1561              		.loc 1 192 31 is_stmt 0 view .LVU530
 1562 0050 C5F8D402 		str	r0, [r5, #724]
 193:Middlewares/ST/STM32_USB_Device_Library/Core/Src/usbd_ctlreq.c ****               }
 1563              		.loc 1 193 17 is_stmt 1 view .LVU531
 193:Middlewares/ST/STM32_USB_Device_Library/Core/Src/usbd_ctlreq.c ****               }
 1564              		.loc 1 193 61 is_stmt 0 view .LVU532
 1565 0054 9368     		ldr	r3, [r2, #8]
 193:Middlewares/ST/STM32_USB_Device_Library/Core/Src/usbd_ctlreq.c ****               }
 1566              		.loc 1 193 44 view .LVU533
 1567 0056 2146     		mov	r1, r4
 1568 0058 2846     		mov	r0, r5
 1569              	.LVL200:
 193:Middlewares/ST/STM32_USB_Device_Library/Core/Src/usbd_ctlreq.c ****               }
 1570              		.loc 1 193 44 view .LVU534
 1571 005a 9847     		blx	r3
 1572              	.LVL201:
ARM GAS  C:\Users\Made\AppData\Local\Temp\cc5wfdsS.s 			page 63


 193:Middlewares/ST/STM32_USB_Device_Library/Core/Src/usbd_ctlreq.c ****               }
 1573              		.loc 1 193 44 view .LVU535
 1574 005c 0646     		mov	r6, r0
 1575              	.LVL202:
 193:Middlewares/ST/STM32_USB_Device_Library/Core/Src/usbd_ctlreq.c ****               }
 1576              		.loc 1 193 44 view .LVU536
 1577 005e 00E0     		b	.L115
 1578              	.LVL203:
 1579              	.L117:
 204:Middlewares/ST/STM32_USB_Device_Library/Core/Src/usbd_ctlreq.c ****             }
 1580              		.loc 1 204 19 view .LVU537
 1581 0060 0326     		movs	r6, #3
 1582              	.LVL204:
 1583              	.L115:
 207:Middlewares/ST/STM32_USB_Device_Library/Core/Src/usbd_ctlreq.c ****             {
 1584              		.loc 1 207 13 is_stmt 1 view .LVU538
 207:Middlewares/ST/STM32_USB_Device_Library/Core/Src/usbd_ctlreq.c ****             {
 1585              		.loc 1 207 21 is_stmt 0 view .LVU539
 1586 0062 E388     		ldrh	r3, [r4, #6]
 207:Middlewares/ST/STM32_USB_Device_Library/Core/Src/usbd_ctlreq.c ****             {
 1587              		.loc 1 207 16 view .LVU540
 1588 0064 002B     		cmp	r3, #0
 1589 0066 D9D1     		bne	.L116
 207:Middlewares/ST/STM32_USB_Device_Library/Core/Src/usbd_ctlreq.c ****             {
 1590              		.loc 1 207 38 discriminator 1 view .LVU541
 1591 0068 002E     		cmp	r6, #0
 1592 006a D7D1     		bne	.L116
 209:Middlewares/ST/STM32_USB_Device_Library/Core/Src/usbd_ctlreq.c ****             }
 1593              		.loc 1 209 15 is_stmt 1 view .LVU542
 209:Middlewares/ST/STM32_USB_Device_Library/Core/Src/usbd_ctlreq.c ****             }
 1594              		.loc 1 209 21 is_stmt 0 view .LVU543
 1595 006c 2846     		mov	r0, r5
 1596 006e FFF7FEFF 		bl	USBD_CtlSendStatus
 1597              	.LVL205:
 1598 0072 D3E7     		b	.L116
 1599              	.LVL206:
 1600              	.L118:
 198:Middlewares/ST/STM32_USB_Device_Library/Core/Src/usbd_ctlreq.c ****               }
 1601              		.loc 1 198 21 view .LVU544
 1602 0074 0326     		movs	r6, #3
 1603 0076 F4E7     		b	.L115
 1604              	.LVL207:
 1605              	.L113:
 219:Middlewares/ST/STM32_USB_Device_Library/Core/Src/usbd_ctlreq.c ****           break;
 1606              		.loc 1 219 11 is_stmt 1 view .LVU545
 1607 0078 2146     		mov	r1, r4
 1608              	.LVL208:
 219:Middlewares/ST/STM32_USB_Device_Library/Core/Src/usbd_ctlreq.c ****           break;
 1609              		.loc 1 219 11 is_stmt 0 view .LVU546
 1610 007a 2846     		mov	r0, r5
 1611              	.LVL209:
 219:Middlewares/ST/STM32_USB_Device_Library/Core/Src/usbd_ctlreq.c ****           break;
 1612              		.loc 1 219 11 view .LVU547
 1613 007c FFF7FEFF 		bl	USBD_CtlError
 1614              	.LVL210:
 220:Middlewares/ST/STM32_USB_Device_Library/Core/Src/usbd_ctlreq.c ****       }
 1615              		.loc 1 220 11 is_stmt 1 view .LVU548
ARM GAS  C:\Users\Made\AppData\Local\Temp\cc5wfdsS.s 			page 64


 169:Middlewares/ST/STM32_USB_Device_Library/Core/Src/usbd_ctlreq.c ****   uint8_t idx;
 1616              		.loc 1 169 22 is_stmt 0 view .LVU549
 1617 0080 0026     		movs	r6, #0
 220:Middlewares/ST/STM32_USB_Device_Library/Core/Src/usbd_ctlreq.c ****       }
 1618              		.loc 1 220 11 view .LVU550
 1619 0082 CBE7     		b	.L116
 1620              		.cfi_endproc
 1621              	.LFE340:
 1623              		.section	.text.USBD_StdEPReq,"ax",%progbits
 1624              		.align	1
 1625              		.global	USBD_StdEPReq
 1626              		.syntax unified
 1627              		.thumb
 1628              		.thumb_func
 1630              	USBD_StdEPReq:
 1631              	.LVL211:
 1632              	.LFB341:
 240:Middlewares/ST/STM32_USB_Device_Library/Core/Src/usbd_ctlreq.c ****   USBD_EndpointTypeDef *pep;
 1633              		.loc 1 240 1 is_stmt 1 view -0
 1634              		.cfi_startproc
 1635              		@ args = 0, pretend = 0, frame = 0
 1636              		@ frame_needed = 0, uses_anonymous_args = 0
 240:Middlewares/ST/STM32_USB_Device_Library/Core/Src/usbd_ctlreq.c ****   USBD_EndpointTypeDef *pep;
 1637              		.loc 1 240 1 is_stmt 0 view .LVU552
 1638 0000 2DE9F041 		push	{r4, r5, r6, r7, r8, lr}
 1639              	.LCFI13:
 1640              		.cfi_def_cfa_offset 24
 1641              		.cfi_offset 4, -24
 1642              		.cfi_offset 5, -20
 1643              		.cfi_offset 6, -16
 1644              		.cfi_offset 7, -12
 1645              		.cfi_offset 8, -8
 1646              		.cfi_offset 14, -4
 1647 0004 0646     		mov	r6, r0
 1648 0006 0D46     		mov	r5, r1
 241:Middlewares/ST/STM32_USB_Device_Library/Core/Src/usbd_ctlreq.c ****   uint8_t ep_addr;
 1649              		.loc 1 241 3 is_stmt 1 view .LVU553
 242:Middlewares/ST/STM32_USB_Device_Library/Core/Src/usbd_ctlreq.c ****   uint8_t idx;
 1650              		.loc 1 242 3 view .LVU554
 243:Middlewares/ST/STM32_USB_Device_Library/Core/Src/usbd_ctlreq.c ****   USBD_StatusTypeDef ret = USBD_OK;
 1651              		.loc 1 243 3 view .LVU555
 244:Middlewares/ST/STM32_USB_Device_Library/Core/Src/usbd_ctlreq.c **** 
 1652              		.loc 1 244 3 view .LVU556
 1653              	.LVL212:
 246:Middlewares/ST/STM32_USB_Device_Library/Core/Src/usbd_ctlreq.c **** 
 1654              		.loc 1 246 3 view .LVU557
 246:Middlewares/ST/STM32_USB_Device_Library/Core/Src/usbd_ctlreq.c **** 
 1655              		.loc 1 246 13 is_stmt 0 view .LVU558
 1656 0008 8B88     		ldrh	r3, [r1, #4]
 246:Middlewares/ST/STM32_USB_Device_Library/Core/Src/usbd_ctlreq.c **** 
 1657              		.loc 1 246 11 view .LVU559
 1658 000a DFB2     		uxtb	r7, r3
 1659              	.LVL213:
 248:Middlewares/ST/STM32_USB_Device_Library/Core/Src/usbd_ctlreq.c ****   {
 1660              		.loc 1 248 3 is_stmt 1 view .LVU560
 248:Middlewares/ST/STM32_USB_Device_Library/Core/Src/usbd_ctlreq.c ****   {
 1661              		.loc 1 248 14 is_stmt 0 view .LVU561
ARM GAS  C:\Users\Made\AppData\Local\Temp\cc5wfdsS.s 			page 65


 1662 000c 0C78     		ldrb	r4, [r1]	@ zero_extendqisi2
 1663 000e 04F06004 		and	r4, r4, #96
 248:Middlewares/ST/STM32_USB_Device_Library/Core/Src/usbd_ctlreq.c ****   {
 1664              		.loc 1 248 3 view .LVU562
 1665 0012 202C     		cmp	r4, #32
 1666 0014 08D0     		beq	.L122
 1667 0016 402C     		cmp	r4, #64
 1668 0018 06D0     		beq	.L122
 1669 001a DCB1     		cbz	r4, .L123
 413:Middlewares/ST/STM32_USB_Device_Library/Core/Src/usbd_ctlreq.c ****       break;
 1670              		.loc 1 413 7 is_stmt 1 view .LVU563
 1671 001c FFF7FEFF 		bl	USBD_CtlError
 1672              	.LVL214:
 414:Middlewares/ST/STM32_USB_Device_Library/Core/Src/usbd_ctlreq.c ****   }
 1673              		.loc 1 414 7 view .LVU564
 244:Middlewares/ST/STM32_USB_Device_Library/Core/Src/usbd_ctlreq.c **** 
 1674              		.loc 1 244 22 is_stmt 0 view .LVU565
 1675 0020 0024     		movs	r4, #0
 1676              	.LVL215:
 1677              	.L125:
 417:Middlewares/ST/STM32_USB_Device_Library/Core/Src/usbd_ctlreq.c **** }
 1678              		.loc 1 417 3 is_stmt 1 view .LVU566
 418:Middlewares/ST/STM32_USB_Device_Library/Core/Src/usbd_ctlreq.c **** 
 1679              		.loc 1 418 1 is_stmt 0 view .LVU567
 1680 0022 2046     		mov	r0, r4
 1681 0024 BDE8F081 		pop	{r4, r5, r6, r7, r8, pc}
 1682              	.LVL216:
 1683              	.L122:
 253:Middlewares/ST/STM32_USB_Device_Library/Core/Src/usbd_ctlreq.c ****       if (((uint8_t)idx != 0xFFU) && (idx < USBD_MAX_SUPPORTED_CLASS))
 1684              		.loc 1 253 7 is_stmt 1 view .LVU568
 253:Middlewares/ST/STM32_USB_Device_Library/Core/Src/usbd_ctlreq.c ****       if (((uint8_t)idx != 0xFFU) && (idx < USBD_MAX_SUPPORTED_CLASS))
 1685              		.loc 1 253 13 is_stmt 0 view .LVU569
 1686 0028 3946     		mov	r1, r7
 1687              	.LVL217:
 253:Middlewares/ST/STM32_USB_Device_Library/Core/Src/usbd_ctlreq.c ****       if (((uint8_t)idx != 0xFFU) && (idx < USBD_MAX_SUPPORTED_CLASS))
 1688              		.loc 1 253 13 view .LVU570
 1689 002a 3046     		mov	r0, r6
 1690              	.LVL218:
 253:Middlewares/ST/STM32_USB_Device_Library/Core/Src/usbd_ctlreq.c ****       if (((uint8_t)idx != 0xFFU) && (idx < USBD_MAX_SUPPORTED_CLASS))
 1691              		.loc 1 253 13 view .LVU571
 1692 002c FFF7FEFF 		bl	USBD_CoreFindEP
 1693              	.LVL219:
 254:Middlewares/ST/STM32_USB_Device_Library/Core/Src/usbd_ctlreq.c ****       {
 1694              		.loc 1 254 7 is_stmt 1 view .LVU572
 254:Middlewares/ST/STM32_USB_Device_Library/Core/Src/usbd_ctlreq.c ****       {
 1695              		.loc 1 254 10 is_stmt 0 view .LVU573
 1696 0030 0446     		mov	r4, r0
 1697 0032 0028     		cmp	r0, #0
 1698 0034 40F0F980 		bne	.L153
 256:Middlewares/ST/STM32_USB_Device_Library/Core/Src/usbd_ctlreq.c ****         /* Call the class data out function to manage the request */
 1699              		.loc 1 256 9 is_stmt 1 view .LVU574
 256:Middlewares/ST/STM32_USB_Device_Library/Core/Src/usbd_ctlreq.c ****         /* Call the class data out function to manage the request */
 1700              		.loc 1 256 23 is_stmt 0 view .LVU575
 1701 0038 C6F8D402 		str	r0, [r6, #724]
 258:Middlewares/ST/STM32_USB_Device_Library/Core/Src/usbd_ctlreq.c ****         {
 1702              		.loc 1 258 9 is_stmt 1 view .LVU576
 258:Middlewares/ST/STM32_USB_Device_Library/Core/Src/usbd_ctlreq.c ****         {
ARM GAS  C:\Users\Made\AppData\Local\Temp\cc5wfdsS.s 			page 66


 1703              		.loc 1 258 25 is_stmt 0 view .LVU577
 1704 003c 00F1AE03 		add	r3, r0, #174
 1705 0040 56F82330 		ldr	r3, [r6, r3, lsl #2]
 258:Middlewares/ST/STM32_USB_Device_Library/Core/Src/usbd_ctlreq.c ****         {
 1706              		.loc 1 258 30 view .LVU578
 1707 0044 9B68     		ldr	r3, [r3, #8]
 258:Middlewares/ST/STM32_USB_Device_Library/Core/Src/usbd_ctlreq.c ****         {
 1708              		.loc 1 258 12 view .LVU579
 1709 0046 002B     		cmp	r3, #0
 1710 0048 EBD0     		beq	.L125
 260:Middlewares/ST/STM32_USB_Device_Library/Core/Src/usbd_ctlreq.c ****         }
 1711              		.loc 1 260 11 is_stmt 1 view .LVU580
 260:Middlewares/ST/STM32_USB_Device_Library/Core/Src/usbd_ctlreq.c ****         }
 1712              		.loc 1 260 37 is_stmt 0 view .LVU581
 1713 004a 2946     		mov	r1, r5
 1714 004c 3046     		mov	r0, r6
 1715              	.LVL220:
 260:Middlewares/ST/STM32_USB_Device_Library/Core/Src/usbd_ctlreq.c ****         }
 1716              		.loc 1 260 37 view .LVU582
 1717 004e 9847     		blx	r3
 1718              	.LVL221:
 1719 0050 0446     		mov	r4, r0
 1720              	.LVL222:
 260:Middlewares/ST/STM32_USB_Device_Library/Core/Src/usbd_ctlreq.c ****         }
 1721              		.loc 1 260 37 view .LVU583
 1722 0052 E6E7     		b	.L125
 1723              	.LVL223:
 1724              	.L123:
 266:Middlewares/ST/STM32_USB_Device_Library/Core/Src/usbd_ctlreq.c ****       {
 1725              		.loc 1 266 7 is_stmt 1 view .LVU584
 266:Middlewares/ST/STM32_USB_Device_Library/Core/Src/usbd_ctlreq.c ****       {
 1726              		.loc 1 266 18 is_stmt 0 view .LVU585
 1727 0054 91F80180 		ldrb	r8, [r1, #1]	@ zero_extendqisi2
 266:Middlewares/ST/STM32_USB_Device_Library/Core/Src/usbd_ctlreq.c ****       {
 1728              		.loc 1 266 7 view .LVU586
 1729 0058 B8F1010F 		cmp	r8, #1
 1730 005c 31D0     		beq	.L126
 1731 005e B8F1030F 		cmp	r8, #3
 1732 0062 05D0     		beq	.L127
 1733 0064 B8F1000F 		cmp	r8, #0
 1734 0068 66D0     		beq	.L128
 407:Middlewares/ST/STM32_USB_Device_Library/Core/Src/usbd_ctlreq.c ****           break;
 1735              		.loc 1 407 11 is_stmt 1 view .LVU587
 1736 006a FFF7FEFF 		bl	USBD_CtlError
 1737              	.LVL224:
 408:Middlewares/ST/STM32_USB_Device_Library/Core/Src/usbd_ctlreq.c ****       }
 1738              		.loc 1 408 11 view .LVU588
 1739 006e D8E7     		b	.L125
 1740              	.LVL225:
 1741              	.L127:
 269:Middlewares/ST/STM32_USB_Device_Library/Core/Src/usbd_ctlreq.c ****           {
 1742              		.loc 1 269 11 view .LVU589
 269:Middlewares/ST/STM32_USB_Device_Library/Core/Src/usbd_ctlreq.c ****           {
 1743              		.loc 1 269 23 is_stmt 0 view .LVU590
 1744 0070 90F89C32 		ldrb	r3, [r0, #668]	@ zero_extendqisi2
 1745 0074 DBB2     		uxtb	r3, r3
 269:Middlewares/ST/STM32_USB_Device_Library/Core/Src/usbd_ctlreq.c ****           {
ARM GAS  C:\Users\Made\AppData\Local\Temp\cc5wfdsS.s 			page 67


 1746              		.loc 1 269 11 view .LVU591
 1747 0076 022B     		cmp	r3, #2
 1748 0078 04D0     		beq	.L130
 1749 007a 032B     		cmp	r3, #3
 1750 007c 11D0     		beq	.L131
 296:Middlewares/ST/STM32_USB_Device_Library/Core/Src/usbd_ctlreq.c ****               break;
 1751              		.loc 1 296 15 is_stmt 1 view .LVU592
 1752 007e FFF7FEFF 		bl	USBD_CtlError
 1753              	.LVL226:
 297:Middlewares/ST/STM32_USB_Device_Library/Core/Src/usbd_ctlreq.c ****           }
 1754              		.loc 1 297 15 view .LVU593
 1755 0082 CEE7     		b	.L125
 1756              	.LVL227:
 1757              	.L130:
 272:Middlewares/ST/STM32_USB_Device_Library/Core/Src/usbd_ctlreq.c ****               {
 1758              		.loc 1 272 15 view .LVU594
 272:Middlewares/ST/STM32_USB_Device_Library/Core/Src/usbd_ctlreq.c ****               {
 1759              		.loc 1 272 18 is_stmt 0 view .LVU595
 1760 0084 002F     		cmp	r7, #0
 1761 0086 18BF     		it	ne
 1762 0088 802F     		cmpne	r7, #128
 1763 008a 07D0     		beq	.L133
 274:Middlewares/ST/STM32_USB_Device_Library/Core/Src/usbd_ctlreq.c ****                 (void)USBD_LL_StallEP(pdev, 0x80U);
 1764              		.loc 1 274 17 is_stmt 1 view .LVU596
 274:Middlewares/ST/STM32_USB_Device_Library/Core/Src/usbd_ctlreq.c ****                 (void)USBD_LL_StallEP(pdev, 0x80U);
 1765              		.loc 1 274 23 is_stmt 0 view .LVU597
 1766 008c 3946     		mov	r1, r7
 1767              	.LVL228:
 274:Middlewares/ST/STM32_USB_Device_Library/Core/Src/usbd_ctlreq.c ****                 (void)USBD_LL_StallEP(pdev, 0x80U);
 1768              		.loc 1 274 23 view .LVU598
 1769 008e FFF7FEFF 		bl	USBD_LL_StallEP
 1770              	.LVL229:
 275:Middlewares/ST/STM32_USB_Device_Library/Core/Src/usbd_ctlreq.c ****               }
 1771              		.loc 1 275 17 is_stmt 1 view .LVU599
 275:Middlewares/ST/STM32_USB_Device_Library/Core/Src/usbd_ctlreq.c ****               }
 1772              		.loc 1 275 23 is_stmt 0 view .LVU600
 1773 0092 8021     		movs	r1, #128
 1774 0094 3046     		mov	r0, r6
 1775 0096 FFF7FEFF 		bl	USBD_LL_StallEP
 1776              	.LVL230:
 1777 009a C2E7     		b	.L125
 1778              	.LVL231:
 1779              	.L133:
 279:Middlewares/ST/STM32_USB_Device_Library/Core/Src/usbd_ctlreq.c ****               }
 1780              		.loc 1 279 17 is_stmt 1 view .LVU601
 1781 009c FFF7FEFF 		bl	USBD_CtlError
 1782              	.LVL232:
 279:Middlewares/ST/STM32_USB_Device_Library/Core/Src/usbd_ctlreq.c ****               }
 1783              		.loc 1 279 17 is_stmt 0 view .LVU602
 1784 00a0 BFE7     		b	.L125
 1785              	.LVL233:
 1786              	.L131:
 284:Middlewares/ST/STM32_USB_Device_Library/Core/Src/usbd_ctlreq.c ****               {
 1787              		.loc 1 284 15 is_stmt 1 view .LVU603
 284:Middlewares/ST/STM32_USB_Device_Library/Core/Src/usbd_ctlreq.c ****               {
 1788              		.loc 1 284 22 is_stmt 0 view .LVU604
 1789 00a2 4B88     		ldrh	r3, [r1, #2]
ARM GAS  C:\Users\Made\AppData\Local\Temp\cc5wfdsS.s 			page 68


 284:Middlewares/ST/STM32_USB_Device_Library/Core/Src/usbd_ctlreq.c ****               {
 1790              		.loc 1 284 18 view .LVU605
 1791 00a4 2BB9     		cbnz	r3, .L134
 286:Middlewares/ST/STM32_USB_Device_Library/Core/Src/usbd_ctlreq.c ****                 {
 1792              		.loc 1 286 17 is_stmt 1 view .LVU606
 286:Middlewares/ST/STM32_USB_Device_Library/Core/Src/usbd_ctlreq.c ****                 {
 1793              		.loc 1 286 20 is_stmt 0 view .LVU607
 1794 00a6 002F     		cmp	r7, #0
 1795 00a8 18BF     		it	ne
 1796 00aa 802F     		cmpne	r7, #128
 1797 00ac 01D0     		beq	.L134
 286:Middlewares/ST/STM32_USB_Device_Library/Core/Src/usbd_ctlreq.c ****                 {
 1798              		.loc 1 286 69 discriminator 1 view .LVU608
 1799 00ae CB88     		ldrh	r3, [r1, #6]
 286:Middlewares/ST/STM32_USB_Device_Library/Core/Src/usbd_ctlreq.c ****                 {
 1800              		.loc 1 286 62 discriminator 1 view .LVU609
 1801 00b0 1BB1     		cbz	r3, .L161
 1802              	.LVL234:
 1803              	.L134:
 291:Middlewares/ST/STM32_USB_Device_Library/Core/Src/usbd_ctlreq.c **** 
 1804              		.loc 1 291 15 is_stmt 1 view .LVU610
 291:Middlewares/ST/STM32_USB_Device_Library/Core/Src/usbd_ctlreq.c **** 
 1805              		.loc 1 291 21 is_stmt 0 view .LVU611
 1806 00b2 3046     		mov	r0, r6
 1807 00b4 FFF7FEFF 		bl	USBD_CtlSendStatus
 1808              	.LVL235:
 293:Middlewares/ST/STM32_USB_Device_Library/Core/Src/usbd_ctlreq.c **** 
 1809              		.loc 1 293 15 is_stmt 1 view .LVU612
 1810 00b8 B3E7     		b	.L125
 1811              	.LVL236:
 1812              	.L161:
 288:Middlewares/ST/STM32_USB_Device_Library/Core/Src/usbd_ctlreq.c ****                 }
 1813              		.loc 1 288 19 view .LVU613
 288:Middlewares/ST/STM32_USB_Device_Library/Core/Src/usbd_ctlreq.c ****                 }
 1814              		.loc 1 288 25 is_stmt 0 view .LVU614
 1815 00ba 3946     		mov	r1, r7
 1816              	.LVL237:
 288:Middlewares/ST/STM32_USB_Device_Library/Core/Src/usbd_ctlreq.c ****                 }
 1817              		.loc 1 288 25 view .LVU615
 1818 00bc FFF7FEFF 		bl	USBD_LL_StallEP
 1819              	.LVL238:
 288:Middlewares/ST/STM32_USB_Device_Library/Core/Src/usbd_ctlreq.c ****                 }
 1820              		.loc 1 288 25 view .LVU616
 1821 00c0 F7E7     		b	.L134
 1822              	.LVL239:
 1823              	.L126:
 303:Middlewares/ST/STM32_USB_Device_Library/Core/Src/usbd_ctlreq.c ****           {
 1824              		.loc 1 303 11 is_stmt 1 view .LVU617
 303:Middlewares/ST/STM32_USB_Device_Library/Core/Src/usbd_ctlreq.c ****           {
 1825              		.loc 1 303 23 is_stmt 0 view .LVU618
 1826 00c2 90F89C32 		ldrb	r3, [r0, #668]	@ zero_extendqisi2
 1827 00c6 DBB2     		uxtb	r3, r3
 303:Middlewares/ST/STM32_USB_Device_Library/Core/Src/usbd_ctlreq.c ****           {
 1828              		.loc 1 303 11 view .LVU619
 1829 00c8 022B     		cmp	r3, #2
 1830 00ca 04D0     		beq	.L135
 1831 00cc 032B     		cmp	r3, #3
ARM GAS  C:\Users\Made\AppData\Local\Temp\cc5wfdsS.s 			page 69


 1832 00ce 11D0     		beq	.L136
 341:Middlewares/ST/STM32_USB_Device_Library/Core/Src/usbd_ctlreq.c ****               break;
 1833              		.loc 1 341 15 is_stmt 1 view .LVU620
 1834 00d0 FFF7FEFF 		bl	USBD_CtlError
 1835              	.LVL240:
 342:Middlewares/ST/STM32_USB_Device_Library/Core/Src/usbd_ctlreq.c ****           }
 1836              		.loc 1 342 15 view .LVU621
 1837 00d4 A5E7     		b	.L125
 1838              	.LVL241:
 1839              	.L135:
 306:Middlewares/ST/STM32_USB_Device_Library/Core/Src/usbd_ctlreq.c ****               {
 1840              		.loc 1 306 15 view .LVU622
 306:Middlewares/ST/STM32_USB_Device_Library/Core/Src/usbd_ctlreq.c ****               {
 1841              		.loc 1 306 18 is_stmt 0 view .LVU623
 1842 00d6 002F     		cmp	r7, #0
 1843 00d8 18BF     		it	ne
 1844 00da 802F     		cmpne	r7, #128
 1845 00dc 07D0     		beq	.L138
 308:Middlewares/ST/STM32_USB_Device_Library/Core/Src/usbd_ctlreq.c ****                 (void)USBD_LL_StallEP(pdev, 0x80U);
 1846              		.loc 1 308 17 is_stmt 1 view .LVU624
 308:Middlewares/ST/STM32_USB_Device_Library/Core/Src/usbd_ctlreq.c ****                 (void)USBD_LL_StallEP(pdev, 0x80U);
 1847              		.loc 1 308 23 is_stmt 0 view .LVU625
 1848 00de 3946     		mov	r1, r7
 1849              	.LVL242:
 308:Middlewares/ST/STM32_USB_Device_Library/Core/Src/usbd_ctlreq.c ****                 (void)USBD_LL_StallEP(pdev, 0x80U);
 1850              		.loc 1 308 23 view .LVU626
 1851 00e0 FFF7FEFF 		bl	USBD_LL_StallEP
 1852              	.LVL243:
 309:Middlewares/ST/STM32_USB_Device_Library/Core/Src/usbd_ctlreq.c ****               }
 1853              		.loc 1 309 17 is_stmt 1 view .LVU627
 309:Middlewares/ST/STM32_USB_Device_Library/Core/Src/usbd_ctlreq.c ****               }
 1854              		.loc 1 309 23 is_stmt 0 view .LVU628
 1855 00e4 8021     		movs	r1, #128
 1856 00e6 3046     		mov	r0, r6
 1857 00e8 FFF7FEFF 		bl	USBD_LL_StallEP
 1858              	.LVL244:
 1859 00ec 99E7     		b	.L125
 1860              	.LVL245:
 1861              	.L138:
 313:Middlewares/ST/STM32_USB_Device_Library/Core/Src/usbd_ctlreq.c ****               }
 1862              		.loc 1 313 17 is_stmt 1 view .LVU629
 1863 00ee FFF7FEFF 		bl	USBD_CtlError
 1864              	.LVL246:
 313:Middlewares/ST/STM32_USB_Device_Library/Core/Src/usbd_ctlreq.c ****               }
 1865              		.loc 1 313 17 is_stmt 0 view .LVU630
 1866 00f2 96E7     		b	.L125
 1867              	.LVL247:
 1868              	.L136:
 318:Middlewares/ST/STM32_USB_Device_Library/Core/Src/usbd_ctlreq.c ****               {
 1869              		.loc 1 318 15 is_stmt 1 view .LVU631
 318:Middlewares/ST/STM32_USB_Device_Library/Core/Src/usbd_ctlreq.c ****               {
 1870              		.loc 1 318 22 is_stmt 0 view .LVU632
 1871 00f4 4B88     		ldrh	r3, [r1, #2]
 318:Middlewares/ST/STM32_USB_Device_Library/Core/Src/usbd_ctlreq.c ****               {
 1872              		.loc 1 318 18 view .LVU633
 1873 00f6 002B     		cmp	r3, #0
 1874 00f8 93D1     		bne	.L125
ARM GAS  C:\Users\Made\AppData\Local\Temp\cc5wfdsS.s 			page 70


 320:Middlewares/ST/STM32_USB_Device_Library/Core/Src/usbd_ctlreq.c ****                 {
 1875              		.loc 1 320 17 is_stmt 1 view .LVU634
 320:Middlewares/ST/STM32_USB_Device_Library/Core/Src/usbd_ctlreq.c ****                 {
 1876              		.loc 1 320 20 is_stmt 0 view .LVU635
 1877 00fa 17F07F0F 		tst	r7, #127
 1878 00fe 17D1     		bne	.L162
 1879              	.LVL248:
 1880              	.L139:
 324:Middlewares/ST/STM32_USB_Device_Library/Core/Src/usbd_ctlreq.c **** 
 1881              		.loc 1 324 17 is_stmt 1 view .LVU636
 324:Middlewares/ST/STM32_USB_Device_Library/Core/Src/usbd_ctlreq.c **** 
 1882              		.loc 1 324 23 is_stmt 0 view .LVU637
 1883 0100 3046     		mov	r0, r6
 1884 0102 FFF7FEFF 		bl	USBD_CtlSendStatus
 1885              	.LVL249:
 327:Middlewares/ST/STM32_USB_Device_Library/Core/Src/usbd_ctlreq.c ****                 if (((uint8_t)idx != 0xFFU) && (idx < USBD_MAX_SUPPORTED_CLASS))
 1886              		.loc 1 327 17 is_stmt 1 view .LVU638
 327:Middlewares/ST/STM32_USB_Device_Library/Core/Src/usbd_ctlreq.c ****                 if (((uint8_t)idx != 0xFFU) && (idx < USBD_MAX_SUPPORTED_CLASS))
 1887              		.loc 1 327 23 is_stmt 0 view .LVU639
 1888 0106 3946     		mov	r1, r7
 1889 0108 3046     		mov	r0, r6
 1890 010a FFF7FEFF 		bl	USBD_CoreFindEP
 1891              	.LVL250:
 328:Middlewares/ST/STM32_USB_Device_Library/Core/Src/usbd_ctlreq.c ****                 {
 1892              		.loc 1 328 17 is_stmt 1 view .LVU640
 328:Middlewares/ST/STM32_USB_Device_Library/Core/Src/usbd_ctlreq.c ****                 {
 1893              		.loc 1 328 20 is_stmt 0 view .LVU641
 1894 010e 0028     		cmp	r0, #0
 1895 0110 87D1     		bne	.L125
 330:Middlewares/ST/STM32_USB_Device_Library/Core/Src/usbd_ctlreq.c ****                   /* Call the class data out function to manage the request */
 1896              		.loc 1 330 19 is_stmt 1 view .LVU642
 330:Middlewares/ST/STM32_USB_Device_Library/Core/Src/usbd_ctlreq.c ****                   /* Call the class data out function to manage the request */
 1897              		.loc 1 330 33 is_stmt 0 view .LVU643
 1898 0112 C6F8D402 		str	r0, [r6, #724]
 332:Middlewares/ST/STM32_USB_Device_Library/Core/Src/usbd_ctlreq.c ****                   {
 1899              		.loc 1 332 19 is_stmt 1 view .LVU644
 332:Middlewares/ST/STM32_USB_Device_Library/Core/Src/usbd_ctlreq.c ****                   {
 1900              		.loc 1 332 35 is_stmt 0 view .LVU645
 1901 0116 00F1AE02 		add	r2, r0, #174
 1902 011a 56F82220 		ldr	r2, [r6, r2, lsl #2]
 332:Middlewares/ST/STM32_USB_Device_Library/Core/Src/usbd_ctlreq.c ****                   {
 1903              		.loc 1 332 40 view .LVU646
 1904 011e 9268     		ldr	r2, [r2, #8]
 332:Middlewares/ST/STM32_USB_Device_Library/Core/Src/usbd_ctlreq.c ****                   {
 1905              		.loc 1 332 22 view .LVU647
 1906 0120 002A     		cmp	r2, #0
 1907 0122 00F08480 		beq	.L154
 334:Middlewares/ST/STM32_USB_Device_Library/Core/Src/usbd_ctlreq.c ****                   }
 1908              		.loc 1 334 21 is_stmt 1 view .LVU648
 334:Middlewares/ST/STM32_USB_Device_Library/Core/Src/usbd_ctlreq.c ****                   }
 1909              		.loc 1 334 48 is_stmt 0 view .LVU649
 1910 0126 2946     		mov	r1, r5
 1911 0128 3046     		mov	r0, r6
 1912              	.LVL251:
 334:Middlewares/ST/STM32_USB_Device_Library/Core/Src/usbd_ctlreq.c ****                   }
 1913              		.loc 1 334 48 view .LVU650
 1914 012a 9047     		blx	r2
ARM GAS  C:\Users\Made\AppData\Local\Temp\cc5wfdsS.s 			page 71


 1915              	.LVL252:
 334:Middlewares/ST/STM32_USB_Device_Library/Core/Src/usbd_ctlreq.c ****                   }
 1916              		.loc 1 334 48 view .LVU651
 1917 012c 0446     		mov	r4, r0
 1918              	.LVL253:
 334:Middlewares/ST/STM32_USB_Device_Library/Core/Src/usbd_ctlreq.c ****                   }
 1919              		.loc 1 334 48 view .LVU652
 1920 012e 78E7     		b	.L125
 1921              	.LVL254:
 1922              	.L162:
 322:Middlewares/ST/STM32_USB_Device_Library/Core/Src/usbd_ctlreq.c ****                 }
 1923              		.loc 1 322 19 is_stmt 1 view .LVU653
 322:Middlewares/ST/STM32_USB_Device_Library/Core/Src/usbd_ctlreq.c ****                 }
 1924              		.loc 1 322 25 is_stmt 0 view .LVU654
 1925 0130 3946     		mov	r1, r7
 1926              	.LVL255:
 322:Middlewares/ST/STM32_USB_Device_Library/Core/Src/usbd_ctlreq.c ****                 }
 1927              		.loc 1 322 25 view .LVU655
 1928 0132 FFF7FEFF 		bl	USBD_LL_ClearStallEP
 1929              	.LVL256:
 322:Middlewares/ST/STM32_USB_Device_Library/Core/Src/usbd_ctlreq.c ****                 }
 1930              		.loc 1 322 25 view .LVU656
 1931 0136 E3E7     		b	.L139
 1932              	.LVL257:
 1933              	.L128:
 347:Middlewares/ST/STM32_USB_Device_Library/Core/Src/usbd_ctlreq.c ****           {
 1934              		.loc 1 347 11 is_stmt 1 view .LVU657
 347:Middlewares/ST/STM32_USB_Device_Library/Core/Src/usbd_ctlreq.c ****           {
 1935              		.loc 1 347 23 is_stmt 0 view .LVU658
 1936 0138 90F89C22 		ldrb	r2, [r0, #668]	@ zero_extendqisi2
 1937 013c D2B2     		uxtb	r2, r2
 347:Middlewares/ST/STM32_USB_Device_Library/Core/Src/usbd_ctlreq.c ****           {
 1938              		.loc 1 347 11 view .LVU659
 1939 013e 022A     		cmp	r2, #2
 1940 0140 05D0     		beq	.L140
 1941 0142 032A     		cmp	r2, #3
 1942 0144 28D0     		beq	.L141
 401:Middlewares/ST/STM32_USB_Device_Library/Core/Src/usbd_ctlreq.c ****               break;
 1943              		.loc 1 401 15 is_stmt 1 view .LVU660
 1944 0146 FFF7FEFF 		bl	USBD_CtlError
 1945              	.LVL258:
 402:Middlewares/ST/STM32_USB_Device_Library/Core/Src/usbd_ctlreq.c ****           }
 1946              		.loc 1 402 15 view .LVU661
 244:Middlewares/ST/STM32_USB_Device_Library/Core/Src/usbd_ctlreq.c **** 
 1947              		.loc 1 244 22 is_stmt 0 view .LVU662
 1948 014a 4446     		mov	r4, r8
 402:Middlewares/ST/STM32_USB_Device_Library/Core/Src/usbd_ctlreq.c ****           }
 1949              		.loc 1 402 15 view .LVU663
 1950 014c 69E7     		b	.L125
 1951              	.LVL259:
 1952              	.L140:
 350:Middlewares/ST/STM32_USB_Device_Library/Core/Src/usbd_ctlreq.c ****               {
 1953              		.loc 1 350 15 is_stmt 1 view .LVU664
 350:Middlewares/ST/STM32_USB_Device_Library/Core/Src/usbd_ctlreq.c ****               {
 1954              		.loc 1 350 18 is_stmt 0 view .LVU665
 1955 014e 002F     		cmp	r7, #0
 1956 0150 18BF     		it	ne
ARM GAS  C:\Users\Made\AppData\Local\Temp\cc5wfdsS.s 			page 72


 1957 0152 802F     		cmpne	r7, #128
 1958 0154 13D1     		bne	.L163
 355:Middlewares/ST/STM32_USB_Device_Library/Core/Src/usbd_ctlreq.c ****                     &pdev->ep_out[ep_addr & 0x7FU];
 1959              		.loc 1 355 15 is_stmt 1 view .LVU666
 355:Middlewares/ST/STM32_USB_Device_Library/Core/Src/usbd_ctlreq.c ****                     &pdev->ep_out[ep_addr & 0x7FU];
 1960              		.loc 1 355 82 is_stmt 0 view .LVU667
 1961 0156 13F0800F 		tst	r3, #128
 1962 015a 14D1     		bne	.L164
 356:Middlewares/ST/STM32_USB_Device_Library/Core/Src/usbd_ctlreq.c **** 
 1963              		.loc 1 356 43 view .LVU668
 1964 015c 07F07F07 		and	r7, r7, #127
 1965              	.LVL260:
 355:Middlewares/ST/STM32_USB_Device_Library/Core/Src/usbd_ctlreq.c ****                     &pdev->ep_out[ep_addr & 0x7FU];
 1966              		.loc 1 355 82 discriminator 2 view .LVU669
 1967 0160 07EB8707 		add	r7, r7, r7, lsl #2
 1968 0164 B900     		lsls	r1, r7, #2
 1969              	.LVL261:
 355:Middlewares/ST/STM32_USB_Device_Library/Core/Src/usbd_ctlreq.c ****                     &pdev->ep_out[ep_addr & 0x7FU];
 1970              		.loc 1 355 82 discriminator 2 view .LVU670
 1971 0166 01F5A871 		add	r1, r1, #336
 1972 016a 0144     		add	r1, r1, r0
 1973 016c 0431     		adds	r1, r1, #4
 1974              	.L145:
 1975              	.LVL262:
 358:Middlewares/ST/STM32_USB_Device_Library/Core/Src/usbd_ctlreq.c **** 
 1976              		.loc 1 358 15 is_stmt 1 view .LVU671
 358:Middlewares/ST/STM32_USB_Device_Library/Core/Src/usbd_ctlreq.c **** 
 1977              		.loc 1 358 27 is_stmt 0 view .LVU672
 1978 016e 0023     		movs	r3, #0
 1979              	.LVL263:
 358:Middlewares/ST/STM32_USB_Device_Library/Core/Src/usbd_ctlreq.c **** 
 1980              		.loc 1 358 27 view .LVU673
 1981 0170 0B60     		str	r3, [r1]
 1982              	.LVL264:
 360:Middlewares/ST/STM32_USB_Device_Library/Core/Src/usbd_ctlreq.c ****               break;
 1983              		.loc 1 360 15 is_stmt 1 view .LVU674
 360:Middlewares/ST/STM32_USB_Device_Library/Core/Src/usbd_ctlreq.c ****               break;
 1984              		.loc 1 360 21 is_stmt 0 view .LVU675
 1985 0172 0222     		movs	r2, #2
 1986 0174 3046     		mov	r0, r6
 1987              	.LVL265:
 360:Middlewares/ST/STM32_USB_Device_Library/Core/Src/usbd_ctlreq.c ****               break;
 1988              		.loc 1 360 21 view .LVU676
 1989 0176 FFF7FEFF 		bl	USBD_CtlSendData
 1990              	.LVL266:
 361:Middlewares/ST/STM32_USB_Device_Library/Core/Src/usbd_ctlreq.c **** 
 1991              		.loc 1 361 15 is_stmt 1 view .LVU677
 244:Middlewares/ST/STM32_USB_Device_Library/Core/Src/usbd_ctlreq.c **** 
 1992              		.loc 1 244 22 is_stmt 0 view .LVU678
 1993 017a 4446     		mov	r4, r8
 361:Middlewares/ST/STM32_USB_Device_Library/Core/Src/usbd_ctlreq.c **** 
 1994              		.loc 1 361 15 view .LVU679
 1995 017c 51E7     		b	.L125
 1996              	.LVL267:
 1997              	.L163:
 352:Middlewares/ST/STM32_USB_Device_Library/Core/Src/usbd_ctlreq.c ****                 break;
 1998              		.loc 1 352 17 is_stmt 1 view .LVU680
ARM GAS  C:\Users\Made\AppData\Local\Temp\cc5wfdsS.s 			page 73


 1999 017e FFF7FEFF 		bl	USBD_CtlError
 2000              	.LVL268:
 353:Middlewares/ST/STM32_USB_Device_Library/Core/Src/usbd_ctlreq.c ****               }
 2001              		.loc 1 353 17 view .LVU681
 244:Middlewares/ST/STM32_USB_Device_Library/Core/Src/usbd_ctlreq.c **** 
 2002              		.loc 1 244 22 is_stmt 0 view .LVU682
 2003 0182 4446     		mov	r4, r8
 353:Middlewares/ST/STM32_USB_Device_Library/Core/Src/usbd_ctlreq.c ****               }
 2004              		.loc 1 353 17 view .LVU683
 2005 0184 4DE7     		b	.L125
 2006              	.LVL269:
 2007              	.L164:
 355:Middlewares/ST/STM32_USB_Device_Library/Core/Src/usbd_ctlreq.c ****                     &pdev->ep_out[ep_addr & 0x7FU];
 2008              		.loc 1 355 73 discriminator 1 view .LVU684
 2009 0186 07F07F07 		and	r7, r7, #127
 2010              	.LVL270:
 355:Middlewares/ST/STM32_USB_Device_Library/Core/Src/usbd_ctlreq.c ****                     &pdev->ep_out[ep_addr & 0x7FU];
 2011              		.loc 1 355 82 discriminator 1 view .LVU685
 2012 018a 07EB8707 		add	r7, r7, r7, lsl #2
 2013 018e B900     		lsls	r1, r7, #2
 2014              	.LVL271:
 355:Middlewares/ST/STM32_USB_Device_Library/Core/Src/usbd_ctlreq.c ****                     &pdev->ep_out[ep_addr & 0x7FU];
 2015              		.loc 1 355 82 discriminator 1 view .LVU686
 2016 0190 1031     		adds	r1, r1, #16
 2017 0192 0144     		add	r1, r1, r0
 2018 0194 0431     		adds	r1, r1, #4
 2019 0196 EAE7     		b	.L145
 2020              	.LVL272:
 2021              	.L141:
 364:Middlewares/ST/STM32_USB_Device_Library/Core/Src/usbd_ctlreq.c ****               {
 2022              		.loc 1 364 15 is_stmt 1 view .LVU687
 364:Middlewares/ST/STM32_USB_Device_Library/Core/Src/usbd_ctlreq.c ****               {
 2023              		.loc 1 364 37 is_stmt 0 view .LVU688
 2024 0198 5BB2     		sxtb	r3, r3
 364:Middlewares/ST/STM32_USB_Device_Library/Core/Src/usbd_ctlreq.c ****               {
 2025              		.loc 1 364 18 view .LVU689
 2026 019a 002B     		cmp	r3, #0
 2027 019c 20DB     		blt	.L165
 374:Middlewares/ST/STM32_USB_Device_Library/Core/Src/usbd_ctlreq.c ****                 {
 2028              		.loc 1 374 17 is_stmt 1 view .LVU690
 374:Middlewares/ST/STM32_USB_Device_Library/Core/Src/usbd_ctlreq.c ****                 {
 2029              		.loc 1 374 42 is_stmt 0 view .LVU691
 2030 019e 07F00F02 		and	r2, r7, #15
 374:Middlewares/ST/STM32_USB_Device_Library/Core/Src/usbd_ctlreq.c ****                 {
 2031              		.loc 1 374 49 view .LVU692
 2032 01a2 02EB8202 		add	r2, r2, r2, lsl #2
 2033 01a6 00EB8202 		add	r2, r0, r2, lsl #2
 2034 01aa B2F86421 		ldrh	r2, [r2, #356]
 374:Middlewares/ST/STM32_USB_Device_Library/Core/Src/usbd_ctlreq.c ****                 {
 2035              		.loc 1 374 20 view .LVU693
 2036 01ae 22B3     		cbz	r2, .L166
 2037              	.L147:
 381:Middlewares/ST/STM32_USB_Device_Library/Core/Src/usbd_ctlreq.c ****                     &pdev->ep_out[ep_addr & 0x7FU];
 2038              		.loc 1 381 15 is_stmt 1 view .LVU694
 381:Middlewares/ST/STM32_USB_Device_Library/Core/Src/usbd_ctlreq.c ****                     &pdev->ep_out[ep_addr & 0x7FU];
 2039              		.loc 1 381 82 is_stmt 0 view .LVU695
 2040 01b0 002B     		cmp	r3, #0
ARM GAS  C:\Users\Made\AppData\Local\Temp\cc5wfdsS.s 			page 74


 2041 01b2 26DB     		blt	.L167
 382:Middlewares/ST/STM32_USB_Device_Library/Core/Src/usbd_ctlreq.c **** 
 2042              		.loc 1 382 43 view .LVU696
 2043 01b4 07F07F03 		and	r3, r7, #127
 381:Middlewares/ST/STM32_USB_Device_Library/Core/Src/usbd_ctlreq.c ****                     &pdev->ep_out[ep_addr & 0x7FU];
 2044              		.loc 1 381 82 discriminator 2 view .LVU697
 2045 01b8 03EB8303 		add	r3, r3, r3, lsl #2
 2046 01bc 9C00     		lsls	r4, r3, #2
 2047 01be 04F5A874 		add	r4, r4, #336
 2048 01c2 3444     		add	r4, r4, r6
 2049 01c4 0434     		adds	r4, r4, #4
 2050              	.L149:
 2051              	.LVL273:
 384:Middlewares/ST/STM32_USB_Device_Library/Core/Src/usbd_ctlreq.c ****               {
 2052              		.loc 1 384 15 is_stmt 1 view .LVU698
 384:Middlewares/ST/STM32_USB_Device_Library/Core/Src/usbd_ctlreq.c ****               {
 2053              		.loc 1 384 18 is_stmt 0 view .LVU699
 2054 01c6 802F     		cmp	r7, #128
 2055 01c8 18BF     		it	ne
 2056 01ca 002F     		cmpne	r7, #0
 2057 01cc 22D1     		bne	.L150
 386:Middlewares/ST/STM32_USB_Device_Library/Core/Src/usbd_ctlreq.c ****               }
 2058              		.loc 1 386 17 is_stmt 1 view .LVU700
 386:Middlewares/ST/STM32_USB_Device_Library/Core/Src/usbd_ctlreq.c ****               }
 2059              		.loc 1 386 29 is_stmt 0 view .LVU701
 2060 01ce 0023     		movs	r3, #0
 2061 01d0 2360     		str	r3, [r4]
 2062              	.LVL274:
 2063              	.L151:
 397:Middlewares/ST/STM32_USB_Device_Library/Core/Src/usbd_ctlreq.c ****               break;
 2064              		.loc 1 397 15 is_stmt 1 view .LVU702
 397:Middlewares/ST/STM32_USB_Device_Library/Core/Src/usbd_ctlreq.c ****               break;
 2065              		.loc 1 397 21 is_stmt 0 view .LVU703
 2066 01d2 0222     		movs	r2, #2
 2067 01d4 2146     		mov	r1, r4
 2068 01d6 3046     		mov	r0, r6
 2069 01d8 FFF7FEFF 		bl	USBD_CtlSendData
 2070              	.LVL275:
 398:Middlewares/ST/STM32_USB_Device_Library/Core/Src/usbd_ctlreq.c **** 
 2071              		.loc 1 398 15 is_stmt 1 view .LVU704
 244:Middlewares/ST/STM32_USB_Device_Library/Core/Src/usbd_ctlreq.c **** 
 2072              		.loc 1 244 22 is_stmt 0 view .LVU705
 2073 01dc 4446     		mov	r4, r8
 2074              	.LVL276:
 398:Middlewares/ST/STM32_USB_Device_Library/Core/Src/usbd_ctlreq.c **** 
 2075              		.loc 1 398 15 view .LVU706
 2076 01de 20E7     		b	.L125
 2077              	.LVL277:
 2078              	.L165:
 366:Middlewares/ST/STM32_USB_Device_Library/Core/Src/usbd_ctlreq.c ****                 {
 2079              		.loc 1 366 17 is_stmt 1 view .LVU707
 366:Middlewares/ST/STM32_USB_Device_Library/Core/Src/usbd_ctlreq.c ****                 {
 2080              		.loc 1 366 41 is_stmt 0 view .LVU708
 2081 01e0 07F00F02 		and	r2, r7, #15
 366:Middlewares/ST/STM32_USB_Device_Library/Core/Src/usbd_ctlreq.c ****                 {
 2082              		.loc 1 366 48 view .LVU709
 2083 01e4 02EB8202 		add	r2, r2, r2, lsl #2
ARM GAS  C:\Users\Made\AppData\Local\Temp\cc5wfdsS.s 			page 75


 2084 01e8 00EB8202 		add	r2, r0, r2, lsl #2
 2085 01ec 928C     		ldrh	r2, [r2, #36]
 366:Middlewares/ST/STM32_USB_Device_Library/Core/Src/usbd_ctlreq.c ****                 {
 2086              		.loc 1 366 20 view .LVU710
 2087 01ee 002A     		cmp	r2, #0
 2088 01f0 DED1     		bne	.L147
 368:Middlewares/ST/STM32_USB_Device_Library/Core/Src/usbd_ctlreq.c ****                   break;
 2089              		.loc 1 368 19 is_stmt 1 view .LVU711
 2090 01f2 FFF7FEFF 		bl	USBD_CtlError
 2091              	.LVL278:
 369:Middlewares/ST/STM32_USB_Device_Library/Core/Src/usbd_ctlreq.c ****                 }
 2092              		.loc 1 369 19 view .LVU712
 244:Middlewares/ST/STM32_USB_Device_Library/Core/Src/usbd_ctlreq.c **** 
 2093              		.loc 1 244 22 is_stmt 0 view .LVU713
 2094 01f6 4446     		mov	r4, r8
 369:Middlewares/ST/STM32_USB_Device_Library/Core/Src/usbd_ctlreq.c ****                 }
 2095              		.loc 1 369 19 view .LVU714
 2096 01f8 13E7     		b	.L125
 2097              	.LVL279:
 2098              	.L166:
 376:Middlewares/ST/STM32_USB_Device_Library/Core/Src/usbd_ctlreq.c ****                   break;
 2099              		.loc 1 376 19 is_stmt 1 view .LVU715
 2100 01fa FFF7FEFF 		bl	USBD_CtlError
 2101              	.LVL280:
 377:Middlewares/ST/STM32_USB_Device_Library/Core/Src/usbd_ctlreq.c ****                 }
 2102              		.loc 1 377 19 view .LVU716
 244:Middlewares/ST/STM32_USB_Device_Library/Core/Src/usbd_ctlreq.c **** 
 2103              		.loc 1 244 22 is_stmt 0 view .LVU717
 2104 01fe 4446     		mov	r4, r8
 377:Middlewares/ST/STM32_USB_Device_Library/Core/Src/usbd_ctlreq.c ****                 }
 2105              		.loc 1 377 19 view .LVU718
 2106 0200 0FE7     		b	.L125
 2107              	.LVL281:
 2108              	.L167:
 381:Middlewares/ST/STM32_USB_Device_Library/Core/Src/usbd_ctlreq.c ****                     &pdev->ep_out[ep_addr & 0x7FU];
 2109              		.loc 1 381 73 discriminator 1 view .LVU719
 2110 0202 07F07F03 		and	r3, r7, #127
 381:Middlewares/ST/STM32_USB_Device_Library/Core/Src/usbd_ctlreq.c ****                     &pdev->ep_out[ep_addr & 0x7FU];
 2111              		.loc 1 381 82 discriminator 1 view .LVU720
 2112 0206 03EB8303 		add	r3, r3, r3, lsl #2
 2113 020a 9C00     		lsls	r4, r3, #2
 2114 020c 1034     		adds	r4, r4, #16
 2115 020e 3444     		add	r4, r4, r6
 2116 0210 0434     		adds	r4, r4, #4
 2117 0212 D8E7     		b	.L149
 2118              	.LVL282:
 2119              	.L150:
 388:Middlewares/ST/STM32_USB_Device_Library/Core/Src/usbd_ctlreq.c ****               {
 2120              		.loc 1 388 20 is_stmt 1 view .LVU721
 388:Middlewares/ST/STM32_USB_Device_Library/Core/Src/usbd_ctlreq.c ****               {
 2121              		.loc 1 388 24 is_stmt 0 view .LVU722
 2122 0214 3946     		mov	r1, r7
 2123              	.LVL283:
 388:Middlewares/ST/STM32_USB_Device_Library/Core/Src/usbd_ctlreq.c ****               {
 2124              		.loc 1 388 24 view .LVU723
 2125 0216 3046     		mov	r0, r6
 2126              	.LVL284:
ARM GAS  C:\Users\Made\AppData\Local\Temp\cc5wfdsS.s 			page 76


 388:Middlewares/ST/STM32_USB_Device_Library/Core/Src/usbd_ctlreq.c ****               {
 2127              		.loc 1 388 24 view .LVU724
 2128 0218 FFF7FEFF 		bl	USBD_LL_IsStallEP
 2129              	.LVL285:
 388:Middlewares/ST/STM32_USB_Device_Library/Core/Src/usbd_ctlreq.c ****               {
 2130              		.loc 1 388 23 discriminator 1 view .LVU725
 2131 021c 10B1     		cbz	r0, .L152
 390:Middlewares/ST/STM32_USB_Device_Library/Core/Src/usbd_ctlreq.c ****               }
 2132              		.loc 1 390 17 is_stmt 1 view .LVU726
 390:Middlewares/ST/STM32_USB_Device_Library/Core/Src/usbd_ctlreq.c ****               }
 2133              		.loc 1 390 29 is_stmt 0 view .LVU727
 2134 021e 0123     		movs	r3, #1
 2135 0220 2360     		str	r3, [r4]
 2136 0222 D6E7     		b	.L151
 2137              	.L152:
 394:Middlewares/ST/STM32_USB_Device_Library/Core/Src/usbd_ctlreq.c ****               }
 2138              		.loc 1 394 17 is_stmt 1 view .LVU728
 394:Middlewares/ST/STM32_USB_Device_Library/Core/Src/usbd_ctlreq.c ****               }
 2139              		.loc 1 394 29 is_stmt 0 view .LVU729
 2140 0224 0023     		movs	r3, #0
 2141 0226 2360     		str	r3, [r4]
 2142 0228 D3E7     		b	.L151
 2143              	.LVL286:
 2144              	.L153:
 244:Middlewares/ST/STM32_USB_Device_Library/Core/Src/usbd_ctlreq.c **** 
 2145              		.loc 1 244 22 view .LVU730
 2146 022a 0024     		movs	r4, #0
 2147 022c F9E6     		b	.L125
 2148              	.L154:
 244:Middlewares/ST/STM32_USB_Device_Library/Core/Src/usbd_ctlreq.c **** 
 2149              		.loc 1 244 22 view .LVU731
 2150 022e 0446     		mov	r4, r0
 2151 0230 F7E6     		b	.L125
 2152              		.cfi_endproc
 2153              	.LFE341:
 2155              		.section	.text.USBD_GetString,"ax",%progbits
 2156              		.align	1
 2157              		.global	USBD_GetString
 2158              		.syntax unified
 2159              		.thumb
 2160              		.thumb_func
 2162              	USBD_GetString:
 2163              	.LVL287:
 2164              	.LFB351:
 997:Middlewares/ST/STM32_USB_Device_Library/Core/Src/usbd_ctlreq.c ****   uint8_t idx = 0U;
 2165              		.loc 1 997 1 is_stmt 1 view -0
 2166              		.cfi_startproc
 2167              		@ args = 0, pretend = 0, frame = 0
 2168              		@ frame_needed = 0, uses_anonymous_args = 0
 998:Middlewares/ST/STM32_USB_Device_Library/Core/Src/usbd_ctlreq.c ****   uint8_t *pdesc;
 2169              		.loc 1 998 3 view .LVU733
 999:Middlewares/ST/STM32_USB_Device_Library/Core/Src/usbd_ctlreq.c **** 
 2170              		.loc 1 999 3 view .LVU734
1001:Middlewares/ST/STM32_USB_Device_Library/Core/Src/usbd_ctlreq.c ****   {
 2171              		.loc 1 1001 3 view .LVU735
1001:Middlewares/ST/STM32_USB_Device_Library/Core/Src/usbd_ctlreq.c ****   {
 2172              		.loc 1 1001 6 is_stmt 0 view .LVU736
ARM GAS  C:\Users\Made\AppData\Local\Temp\cc5wfdsS.s 			page 77


 2173 0000 00B3     		cbz	r0, .L175
 997:Middlewares/ST/STM32_USB_Device_Library/Core/Src/usbd_ctlreq.c ****   uint8_t idx = 0U;
 2174              		.loc 1 997 1 view .LVU737
 2175 0002 70B5     		push	{r4, r5, r6, lr}
 2176              	.LCFI14:
 2177              		.cfi_def_cfa_offset 16
 2178              		.cfi_offset 4, -16
 2179              		.cfi_offset 5, -12
 2180              		.cfi_offset 6, -8
 2181              		.cfi_offset 14, -4
 2182 0004 0D46     		mov	r5, r1
 2183 0006 1646     		mov	r6, r2
 2184 0008 0446     		mov	r4, r0
1006:Middlewares/ST/STM32_USB_Device_Library/Core/Src/usbd_ctlreq.c ****   *len = MIN(USBD_MAX_STR_DESC_SIZ, ((uint16_t)USBD_GetLen(pdesc) * 2U) + 2U);
 2185              		.loc 1 1006 3 is_stmt 1 view .LVU738
 2186              	.LVL288:
1007:Middlewares/ST/STM32_USB_Device_Library/Core/Src/usbd_ctlreq.c **** 
 2187              		.loc 1 1007 3 view .LVU739
1007:Middlewares/ST/STM32_USB_Device_Library/Core/Src/usbd_ctlreq.c **** 
 2188              		.loc 1 1007 10 is_stmt 0 view .LVU740
 2189 000a FFF7FEFF 		bl	USBD_GetLen
 2190              	.LVL289:
1007:Middlewares/ST/STM32_USB_Device_Library/Core/Src/usbd_ctlreq.c **** 
 2191              		.loc 1 1007 10 discriminator 1 view .LVU741
 2192 000e 0130     		adds	r0, r0, #1
 2193 0010 4300     		lsls	r3, r0, #1
1007:Middlewares/ST/STM32_USB_Device_Library/Core/Src/usbd_ctlreq.c **** 
 2194              		.loc 1 1007 8 discriminator 1 view .LVU742
 2195 0012 B3F5007F 		cmp	r3, #512
 2196 0016 06D8     		bhi	.L173
 2197 0018 9BB2     		uxth	r3, r3
 2198              	.L170:
1007:Middlewares/ST/STM32_USB_Device_Library/Core/Src/usbd_ctlreq.c **** 
 2199              		.loc 1 1007 8 discriminator 4 view .LVU743
 2200 001a 3380     		strh	r3, [r6]	@ movhi
1009:Middlewares/ST/STM32_USB_Device_Library/Core/Src/usbd_ctlreq.c ****   idx++;
 2201              		.loc 1 1009 3 is_stmt 1 view .LVU744
1009:Middlewares/ST/STM32_USB_Device_Library/Core/Src/usbd_ctlreq.c ****   idx++;
 2202              		.loc 1 1009 16 is_stmt 0 view .LVU745
 2203 001c 2B70     		strb	r3, [r5]
1010:Middlewares/ST/STM32_USB_Device_Library/Core/Src/usbd_ctlreq.c ****   unicode[idx] = USB_DESC_TYPE_STRING;
 2204              		.loc 1 1010 3 is_stmt 1 view .LVU746
 2205              	.LVL290:
1011:Middlewares/ST/STM32_USB_Device_Library/Core/Src/usbd_ctlreq.c ****   idx++;
 2206              		.loc 1 1011 3 view .LVU747
1011:Middlewares/ST/STM32_USB_Device_Library/Core/Src/usbd_ctlreq.c ****   idx++;
 2207              		.loc 1 1011 16 is_stmt 0 view .LVU748
 2208 001e 0323     		movs	r3, #3
 2209 0020 6B70     		strb	r3, [r5, #1]
1012:Middlewares/ST/STM32_USB_Device_Library/Core/Src/usbd_ctlreq.c **** 
 2210              		.loc 1 1012 3 is_stmt 1 view .LVU749
 2211              	.LVL291:
1014:Middlewares/ST/STM32_USB_Device_Library/Core/Src/usbd_ctlreq.c ****   {
 2212              		.loc 1 1014 3 view .LVU750
1012:Middlewares/ST/STM32_USB_Device_Library/Core/Src/usbd_ctlreq.c **** 
 2213              		.loc 1 1012 6 is_stmt 0 view .LVU751
 2214 0022 0223     		movs	r3, #2
ARM GAS  C:\Users\Made\AppData\Local\Temp\cc5wfdsS.s 			page 78


1014:Middlewares/ST/STM32_USB_Device_Library/Core/Src/usbd_ctlreq.c ****   {
 2215              		.loc 1 1014 9 view .LVU752
 2216 0024 0AE0     		b	.L171
 2217              	.LVL292:
 2218              	.L173:
1007:Middlewares/ST/STM32_USB_Device_Library/Core/Src/usbd_ctlreq.c **** 
 2219              		.loc 1 1007 8 discriminator 2 view .LVU753
 2220 0026 4FF40073 		mov	r3, #512
 2221 002a F6E7     		b	.L170
 2222              	.LVL293:
 2223              	.L172:
1016:Middlewares/ST/STM32_USB_Device_Library/Core/Src/usbd_ctlreq.c ****     pdesc++;
 2224              		.loc 1 1016 5 is_stmt 1 view .LVU754
1016:Middlewares/ST/STM32_USB_Device_Library/Core/Src/usbd_ctlreq.c ****     pdesc++;
 2225              		.loc 1 1016 18 is_stmt 0 view .LVU755
 2226 002c EA54     		strb	r2, [r5, r3]
1017:Middlewares/ST/STM32_USB_Device_Library/Core/Src/usbd_ctlreq.c ****     idx++;
 2227              		.loc 1 1017 5 is_stmt 1 view .LVU756
1017:Middlewares/ST/STM32_USB_Device_Library/Core/Src/usbd_ctlreq.c ****     idx++;
 2228              		.loc 1 1017 10 is_stmt 0 view .LVU757
 2229 002e 0134     		adds	r4, r4, #1
 2230              	.LVL294:
1018:Middlewares/ST/STM32_USB_Device_Library/Core/Src/usbd_ctlreq.c **** 
 2231              		.loc 1 1018 5 is_stmt 1 view .LVU758
1018:Middlewares/ST/STM32_USB_Device_Library/Core/Src/usbd_ctlreq.c **** 
 2232              		.loc 1 1018 8 is_stmt 0 view .LVU759
 2233 0030 5A1C     		adds	r2, r3, #1
 2234 0032 D2B2     		uxtb	r2, r2
 2235              	.LVL295:
1020:Middlewares/ST/STM32_USB_Device_Library/Core/Src/usbd_ctlreq.c ****     idx++;
 2236              		.loc 1 1020 5 is_stmt 1 view .LVU760
1020:Middlewares/ST/STM32_USB_Device_Library/Core/Src/usbd_ctlreq.c ****     idx++;
 2237              		.loc 1 1020 18 is_stmt 0 view .LVU761
 2238 0034 0021     		movs	r1, #0
 2239 0036 A954     		strb	r1, [r5, r2]
1021:Middlewares/ST/STM32_USB_Device_Library/Core/Src/usbd_ctlreq.c ****   }
 2240              		.loc 1 1021 5 is_stmt 1 view .LVU762
1021:Middlewares/ST/STM32_USB_Device_Library/Core/Src/usbd_ctlreq.c ****   }
 2241              		.loc 1 1021 8 is_stmt 0 view .LVU763
 2242 0038 0233     		adds	r3, r3, #2
 2243 003a DBB2     		uxtb	r3, r3
 2244              	.LVL296:
 2245              	.L171:
1014:Middlewares/ST/STM32_USB_Device_Library/Core/Src/usbd_ctlreq.c ****   {
 2246              		.loc 1 1014 17 is_stmt 1 view .LVU764
1014:Middlewares/ST/STM32_USB_Device_Library/Core/Src/usbd_ctlreq.c ****   {
 2247              		.loc 1 1014 10 is_stmt 0 view .LVU765
 2248 003c 2278     		ldrb	r2, [r4]	@ zero_extendqisi2
1014:Middlewares/ST/STM32_USB_Device_Library/Core/Src/usbd_ctlreq.c ****   {
 2249              		.loc 1 1014 17 view .LVU766
 2250 003e 002A     		cmp	r2, #0
 2251 0040 F4D1     		bne	.L172
1023:Middlewares/ST/STM32_USB_Device_Library/Core/Src/usbd_ctlreq.c **** 
 2252              		.loc 1 1023 1 view .LVU767
 2253 0042 70BD     		pop	{r4, r5, r6, pc}
 2254              	.LVL297:
 2255              	.L175:
ARM GAS  C:\Users\Made\AppData\Local\Temp\cc5wfdsS.s 			page 79


 2256              	.LCFI15:
 2257              		.cfi_def_cfa_offset 0
 2258              		.cfi_restore 4
 2259              		.cfi_restore 5
 2260              		.cfi_restore 6
 2261              		.cfi_restore 14
1023:Middlewares/ST/STM32_USB_Device_Library/Core/Src/usbd_ctlreq.c **** 
 2262              		.loc 1 1023 1 view .LVU768
 2263 0044 7047     		bx	lr
 2264              		.cfi_endproc
 2265              	.LFE351:
 2267              		.section	.bss.cfgidx.0,"aw",%nobits
 2270              	cfgidx.0:
 2271 0000 00       		.space	1
 2272              		.text
 2273              	.Letext0:
 2274              		.file 3 "C:/Program Files (x86)/Arm GNU Toolchain arm-none-eabi/13.3 rel1/arm-none-eabi/include/ma
 2275              		.file 4 "C:/Program Files (x86)/Arm GNU Toolchain arm-none-eabi/13.3 rel1/arm-none-eabi/include/sy
 2276              		.file 5 "Middlewares/ST/STM32_USB_Device_Library/Core/Inc/usbd_core.h"
 2277              		.file 6 "Middlewares/ST/STM32_USB_Device_Library/Core/Inc/usbd_ioreq.h"
ARM GAS  C:\Users\Made\AppData\Local\Temp\cc5wfdsS.s 			page 80


DEFINED SYMBOLS
                            *ABS*:00000000 usbd_ctlreq.c
C:\Users\Made\AppData\Local\Temp\cc5wfdsS.s:20     .text.USBD_GetLen:00000000 $t
C:\Users\Made\AppData\Local\Temp\cc5wfdsS.s:25     .text.USBD_GetLen:00000000 USBD_GetLen
C:\Users\Made\AppData\Local\Temp\cc5wfdsS.s:71     .text.USBD_ParseSetupRequest:00000000 $t
C:\Users\Made\AppData\Local\Temp\cc5wfdsS.s:77     .text.USBD_ParseSetupRequest:00000000 USBD_ParseSetupRequest
C:\Users\Made\AppData\Local\Temp\cc5wfdsS.s:198    .text.USBD_CtlError:00000000 $t
C:\Users\Made\AppData\Local\Temp\cc5wfdsS.s:204    .text.USBD_CtlError:00000000 USBD_CtlError
C:\Users\Made\AppData\Local\Temp\cc5wfdsS.s:239    .text.USBD_GetDescriptor:00000000 $t
C:\Users\Made\AppData\Local\Temp\cc5wfdsS.s:244    .text.USBD_GetDescriptor:00000000 USBD_GetDescriptor
C:\Users\Made\AppData\Local\Temp\cc5wfdsS.s:282    .text.USBD_GetDescriptor:0000001e $d
C:\Users\Made\AppData\Local\Temp\cc5wfdsS.s:432    .text.USBD_GetDescriptor:000000b0 $d
C:\Users\Made\AppData\Local\Temp\cc5wfdsS.s:438    .text.USBD_GetDescriptor:000000b6 $t
C:\Users\Made\AppData\Local\Temp\cc5wfdsS.s:713    .text.USBD_SetAddress:00000000 $t
C:\Users\Made\AppData\Local\Temp\cc5wfdsS.s:718    .text.USBD_SetAddress:00000000 USBD_SetAddress
C:\Users\Made\AppData\Local\Temp\cc5wfdsS.s:812    .text.USBD_SetConfig:00000000 $t
C:\Users\Made\AppData\Local\Temp\cc5wfdsS.s:817    .text.USBD_SetConfig:00000000 USBD_SetConfig
C:\Users\Made\AppData\Local\Temp\cc5wfdsS.s:1030   .text.USBD_SetConfig:000000c8 $d
C:\Users\Made\AppData\Local\Temp\cc5wfdsS.s:2270   .bss.cfgidx.0:00000000 cfgidx.0
C:\Users\Made\AppData\Local\Temp\cc5wfdsS.s:1035   .text.USBD_GetConfig:00000000 $t
C:\Users\Made\AppData\Local\Temp\cc5wfdsS.s:1040   .text.USBD_GetConfig:00000000 USBD_GetConfig
C:\Users\Made\AppData\Local\Temp\cc5wfdsS.s:1117   .text.USBD_GetStatus:00000000 $t
C:\Users\Made\AppData\Local\Temp\cc5wfdsS.s:1122   .text.USBD_GetStatus:00000000 USBD_GetStatus
C:\Users\Made\AppData\Local\Temp\cc5wfdsS.s:1193   .text.USBD_SetFeature:00000000 $t
C:\Users\Made\AppData\Local\Temp\cc5wfdsS.s:1198   .text.USBD_SetFeature:00000000 USBD_SetFeature
C:\Users\Made\AppData\Local\Temp\cc5wfdsS.s:1257   .text.USBD_ClrFeature:00000000 $t
C:\Users\Made\AppData\Local\Temp\cc5wfdsS.s:1262   .text.USBD_ClrFeature:00000000 USBD_ClrFeature
C:\Users\Made\AppData\Local\Temp\cc5wfdsS.s:1316   .text.USBD_StdDevReq:00000000 $t
C:\Users\Made\AppData\Local\Temp\cc5wfdsS.s:1322   .text.USBD_StdDevReq:00000000 USBD_StdDevReq
C:\Users\Made\AppData\Local\Temp\cc5wfdsS.s:1389   .text.USBD_StdDevReq:00000038 $d
C:\Users\Made\AppData\Local\Temp\cc5wfdsS.s:1399   .text.USBD_StdDevReq:00000042 $t
C:\Users\Made\AppData\Local\Temp\cc5wfdsS.s:1466   .text.USBD_StdItfReq:00000000 $t
C:\Users\Made\AppData\Local\Temp\cc5wfdsS.s:1472   .text.USBD_StdItfReq:00000000 USBD_StdItfReq
C:\Users\Made\AppData\Local\Temp\cc5wfdsS.s:1624   .text.USBD_StdEPReq:00000000 $t
C:\Users\Made\AppData\Local\Temp\cc5wfdsS.s:1630   .text.USBD_StdEPReq:00000000 USBD_StdEPReq
C:\Users\Made\AppData\Local\Temp\cc5wfdsS.s:2156   .text.USBD_GetString:00000000 $t
C:\Users\Made\AppData\Local\Temp\cc5wfdsS.s:2162   .text.USBD_GetString:00000000 USBD_GetString
C:\Users\Made\AppData\Local\Temp\cc5wfdsS.s:2271   .bss.cfgidx.0:00000000 $d
C:\Users\Made\AppData\Local\Temp\cc5wfdsS.s:297    .text.USBD_GetDescriptor:0000002d $d
C:\Users\Made\AppData\Local\Temp\cc5wfdsS.s:297    .text.USBD_GetDescriptor:0000002e $t

UNDEFINED SYMBOLS
USBD_LL_StallEP
USBD_CtlSendData
USBD_CtlSendStatus
USBD_LL_SetUSBAddress
USBD_ClrClassConfig
USBD_SetClassConfig
USBD_CoreFindIF
USBD_CoreFindEP
USBD_LL_ClearStallEP
USBD_LL_IsStallEP
