ARM GAS  C:\Users\Made\AppData\Local\Temp\cc1yTtBM.s 			page 1


   1              		.cpu cortex-m7
   2              		.arch armv7e-m
   3              		.fpu fpv5-d16
   4              		.eabi_attribute 28, 1
   5              		.eabi_attribute 20, 1
   6              		.eabi_attribute 21, 1
   7              		.eabi_attribute 23, 3
   8              		.eabi_attribute 24, 1
   9              		.eabi_attribute 25, 1
  10              		.eabi_attribute 26, 1
  11              		.eabi_attribute 30, 1
  12              		.eabi_attribute 34, 1
  13              		.eabi_attribute 18, 4
  14              		.file	"usbd_core.c"
  15              		.text
  16              	.Ltext0:
  17              		.cfi_sections	.debug_frame
  18              		.file 1 "Middlewares/ST/STM32_USB_Device_Library/Core/Src/usbd_core.c"
  19              		.section	.text.USBD_Init,"ax",%progbits
  20              		.align	1
  21              		.global	USBD_Init
  22              		.syntax unified
  23              		.thumb
  24              		.thumb_func
  26              	USBD_Init:
  27              	.LVL0:
  28              	.LFB339:
   1:Middlewares/ST/STM32_USB_Device_Library/Core/Src/usbd_core.c **** /**
   2:Middlewares/ST/STM32_USB_Device_Library/Core/Src/usbd_core.c ****   ******************************************************************************
   3:Middlewares/ST/STM32_USB_Device_Library/Core/Src/usbd_core.c ****   * @file    usbd_core.c
   4:Middlewares/ST/STM32_USB_Device_Library/Core/Src/usbd_core.c ****   * @author  MCD Application Team
   5:Middlewares/ST/STM32_USB_Device_Library/Core/Src/usbd_core.c ****   * @brief   This file provides all the USBD core functions.
   6:Middlewares/ST/STM32_USB_Device_Library/Core/Src/usbd_core.c ****   ******************************************************************************
   7:Middlewares/ST/STM32_USB_Device_Library/Core/Src/usbd_core.c ****   * @attention
   8:Middlewares/ST/STM32_USB_Device_Library/Core/Src/usbd_core.c ****   *
   9:Middlewares/ST/STM32_USB_Device_Library/Core/Src/usbd_core.c ****   * Copyright (c) 2015 STMicroelectronics.
  10:Middlewares/ST/STM32_USB_Device_Library/Core/Src/usbd_core.c ****   * All rights reserved.
  11:Middlewares/ST/STM32_USB_Device_Library/Core/Src/usbd_core.c ****   *
  12:Middlewares/ST/STM32_USB_Device_Library/Core/Src/usbd_core.c ****   * This software is licensed under terms that can be found in the LICENSE file
  13:Middlewares/ST/STM32_USB_Device_Library/Core/Src/usbd_core.c ****   * in the root directory of this software component.
  14:Middlewares/ST/STM32_USB_Device_Library/Core/Src/usbd_core.c ****   * If no LICENSE file comes with this software, it is provided AS-IS.
  15:Middlewares/ST/STM32_USB_Device_Library/Core/Src/usbd_core.c ****   *
  16:Middlewares/ST/STM32_USB_Device_Library/Core/Src/usbd_core.c ****   ******************************************************************************
  17:Middlewares/ST/STM32_USB_Device_Library/Core/Src/usbd_core.c ****   */
  18:Middlewares/ST/STM32_USB_Device_Library/Core/Src/usbd_core.c **** 
  19:Middlewares/ST/STM32_USB_Device_Library/Core/Src/usbd_core.c **** /* Includes ------------------------------------------------------------------*/
  20:Middlewares/ST/STM32_USB_Device_Library/Core/Src/usbd_core.c **** #include "usbd_core.h"
  21:Middlewares/ST/STM32_USB_Device_Library/Core/Src/usbd_core.c **** 
  22:Middlewares/ST/STM32_USB_Device_Library/Core/Src/usbd_core.c **** #ifdef USE_USBD_COMPOSITE
  23:Middlewares/ST/STM32_USB_Device_Library/Core/Src/usbd_core.c **** #include "usbd_composite_builder.h"
  24:Middlewares/ST/STM32_USB_Device_Library/Core/Src/usbd_core.c **** #endif /* USE_USBD_COMPOSITE */
  25:Middlewares/ST/STM32_USB_Device_Library/Core/Src/usbd_core.c **** 
  26:Middlewares/ST/STM32_USB_Device_Library/Core/Src/usbd_core.c **** /** @addtogroup STM32_USBD_DEVICE_LIBRARY
  27:Middlewares/ST/STM32_USB_Device_Library/Core/Src/usbd_core.c ****   * @{
  28:Middlewares/ST/STM32_USB_Device_Library/Core/Src/usbd_core.c ****   */
  29:Middlewares/ST/STM32_USB_Device_Library/Core/Src/usbd_core.c **** 
  30:Middlewares/ST/STM32_USB_Device_Library/Core/Src/usbd_core.c **** 
ARM GAS  C:\Users\Made\AppData\Local\Temp\cc1yTtBM.s 			page 2


  31:Middlewares/ST/STM32_USB_Device_Library/Core/Src/usbd_core.c **** /** @defgroup USBD_CORE
  32:Middlewares/ST/STM32_USB_Device_Library/Core/Src/usbd_core.c ****   * @brief usbd core module
  33:Middlewares/ST/STM32_USB_Device_Library/Core/Src/usbd_core.c ****   * @{
  34:Middlewares/ST/STM32_USB_Device_Library/Core/Src/usbd_core.c ****   */
  35:Middlewares/ST/STM32_USB_Device_Library/Core/Src/usbd_core.c **** 
  36:Middlewares/ST/STM32_USB_Device_Library/Core/Src/usbd_core.c **** /** @defgroup USBD_CORE_Private_TypesDefinitions
  37:Middlewares/ST/STM32_USB_Device_Library/Core/Src/usbd_core.c ****   * @{
  38:Middlewares/ST/STM32_USB_Device_Library/Core/Src/usbd_core.c ****   */
  39:Middlewares/ST/STM32_USB_Device_Library/Core/Src/usbd_core.c **** 
  40:Middlewares/ST/STM32_USB_Device_Library/Core/Src/usbd_core.c **** /**
  41:Middlewares/ST/STM32_USB_Device_Library/Core/Src/usbd_core.c ****   * @}
  42:Middlewares/ST/STM32_USB_Device_Library/Core/Src/usbd_core.c ****   */
  43:Middlewares/ST/STM32_USB_Device_Library/Core/Src/usbd_core.c **** 
  44:Middlewares/ST/STM32_USB_Device_Library/Core/Src/usbd_core.c **** 
  45:Middlewares/ST/STM32_USB_Device_Library/Core/Src/usbd_core.c **** /** @defgroup USBD_CORE_Private_Defines
  46:Middlewares/ST/STM32_USB_Device_Library/Core/Src/usbd_core.c ****   * @{
  47:Middlewares/ST/STM32_USB_Device_Library/Core/Src/usbd_core.c ****   */
  48:Middlewares/ST/STM32_USB_Device_Library/Core/Src/usbd_core.c **** 
  49:Middlewares/ST/STM32_USB_Device_Library/Core/Src/usbd_core.c **** /**
  50:Middlewares/ST/STM32_USB_Device_Library/Core/Src/usbd_core.c ****   * @}
  51:Middlewares/ST/STM32_USB_Device_Library/Core/Src/usbd_core.c ****   */
  52:Middlewares/ST/STM32_USB_Device_Library/Core/Src/usbd_core.c **** 
  53:Middlewares/ST/STM32_USB_Device_Library/Core/Src/usbd_core.c **** 
  54:Middlewares/ST/STM32_USB_Device_Library/Core/Src/usbd_core.c **** /** @defgroup USBD_CORE_Private_Macros
  55:Middlewares/ST/STM32_USB_Device_Library/Core/Src/usbd_core.c ****   * @{
  56:Middlewares/ST/STM32_USB_Device_Library/Core/Src/usbd_core.c ****   */
  57:Middlewares/ST/STM32_USB_Device_Library/Core/Src/usbd_core.c **** 
  58:Middlewares/ST/STM32_USB_Device_Library/Core/Src/usbd_core.c **** /**
  59:Middlewares/ST/STM32_USB_Device_Library/Core/Src/usbd_core.c ****   * @}
  60:Middlewares/ST/STM32_USB_Device_Library/Core/Src/usbd_core.c ****   */
  61:Middlewares/ST/STM32_USB_Device_Library/Core/Src/usbd_core.c **** 
  62:Middlewares/ST/STM32_USB_Device_Library/Core/Src/usbd_core.c **** 
  63:Middlewares/ST/STM32_USB_Device_Library/Core/Src/usbd_core.c **** /** @defgroup USBD_CORE_Private_FunctionPrototypes
  64:Middlewares/ST/STM32_USB_Device_Library/Core/Src/usbd_core.c ****   * @{
  65:Middlewares/ST/STM32_USB_Device_Library/Core/Src/usbd_core.c ****   */
  66:Middlewares/ST/STM32_USB_Device_Library/Core/Src/usbd_core.c **** 
  67:Middlewares/ST/STM32_USB_Device_Library/Core/Src/usbd_core.c **** /**
  68:Middlewares/ST/STM32_USB_Device_Library/Core/Src/usbd_core.c ****   * @}
  69:Middlewares/ST/STM32_USB_Device_Library/Core/Src/usbd_core.c ****   */
  70:Middlewares/ST/STM32_USB_Device_Library/Core/Src/usbd_core.c **** 
  71:Middlewares/ST/STM32_USB_Device_Library/Core/Src/usbd_core.c **** /** @defgroup USBD_CORE_Private_Variables
  72:Middlewares/ST/STM32_USB_Device_Library/Core/Src/usbd_core.c ****   * @{
  73:Middlewares/ST/STM32_USB_Device_Library/Core/Src/usbd_core.c ****   */
  74:Middlewares/ST/STM32_USB_Device_Library/Core/Src/usbd_core.c **** 
  75:Middlewares/ST/STM32_USB_Device_Library/Core/Src/usbd_core.c **** /**
  76:Middlewares/ST/STM32_USB_Device_Library/Core/Src/usbd_core.c ****   * @}
  77:Middlewares/ST/STM32_USB_Device_Library/Core/Src/usbd_core.c ****   */
  78:Middlewares/ST/STM32_USB_Device_Library/Core/Src/usbd_core.c **** 
  79:Middlewares/ST/STM32_USB_Device_Library/Core/Src/usbd_core.c **** 
  80:Middlewares/ST/STM32_USB_Device_Library/Core/Src/usbd_core.c **** /** @defgroup USBD_CORE_Private_Functions
  81:Middlewares/ST/STM32_USB_Device_Library/Core/Src/usbd_core.c ****   * @{
  82:Middlewares/ST/STM32_USB_Device_Library/Core/Src/usbd_core.c ****   */
  83:Middlewares/ST/STM32_USB_Device_Library/Core/Src/usbd_core.c **** 
  84:Middlewares/ST/STM32_USB_Device_Library/Core/Src/usbd_core.c **** /**
  85:Middlewares/ST/STM32_USB_Device_Library/Core/Src/usbd_core.c ****   * @brief  USBD_Init
  86:Middlewares/ST/STM32_USB_Device_Library/Core/Src/usbd_core.c ****   *         Initialize the device stack and load the class driver
  87:Middlewares/ST/STM32_USB_Device_Library/Core/Src/usbd_core.c ****   * @param  pdev: device instance
ARM GAS  C:\Users\Made\AppData\Local\Temp\cc1yTtBM.s 			page 3


  88:Middlewares/ST/STM32_USB_Device_Library/Core/Src/usbd_core.c ****   * @param  pdesc: Descriptor structure address
  89:Middlewares/ST/STM32_USB_Device_Library/Core/Src/usbd_core.c ****   * @param  id: Low level core index
  90:Middlewares/ST/STM32_USB_Device_Library/Core/Src/usbd_core.c ****   * @retval status: USBD Status
  91:Middlewares/ST/STM32_USB_Device_Library/Core/Src/usbd_core.c ****   */
  92:Middlewares/ST/STM32_USB_Device_Library/Core/Src/usbd_core.c **** USBD_StatusTypeDef USBD_Init(USBD_HandleTypeDef *pdev,
  93:Middlewares/ST/STM32_USB_Device_Library/Core/Src/usbd_core.c ****                              USBD_DescriptorsTypeDef *pdesc, uint8_t id)
  94:Middlewares/ST/STM32_USB_Device_Library/Core/Src/usbd_core.c **** {
  29              		.loc 1 94 1 view -0
  30              		.cfi_startproc
  31              		@ args = 0, pretend = 0, frame = 0
  32              		@ frame_needed = 0, uses_anonymous_args = 0
  95:Middlewares/ST/STM32_USB_Device_Library/Core/Src/usbd_core.c ****   USBD_StatusTypeDef ret;
  33              		.loc 1 95 3 view .LVU1
  96:Middlewares/ST/STM32_USB_Device_Library/Core/Src/usbd_core.c **** 
  97:Middlewares/ST/STM32_USB_Device_Library/Core/Src/usbd_core.c ****   /* Check whether the USB Host handle is valid */
  98:Middlewares/ST/STM32_USB_Device_Library/Core/Src/usbd_core.c ****   if (pdev == NULL)
  34              		.loc 1 98 3 view .LVU2
  35              		.loc 1 98 6 is_stmt 0 view .LVU3
  36 0000 98B1     		cbz	r0, .L4
  94:Middlewares/ST/STM32_USB_Device_Library/Core/Src/usbd_core.c ****   USBD_StatusTypeDef ret;
  37              		.loc 1 94 1 view .LVU4
  38 0002 08B5     		push	{r3, lr}
  39              	.LCFI0:
  40              		.cfi_def_cfa_offset 8
  41              		.cfi_offset 3, -8
  42              		.cfi_offset 14, -4
  43 0004 0346     		mov	r3, r0
  99:Middlewares/ST/STM32_USB_Device_Library/Core/Src/usbd_core.c ****   {
 100:Middlewares/ST/STM32_USB_Device_Library/Core/Src/usbd_core.c **** #if (USBD_DEBUG_LEVEL > 1U)
 101:Middlewares/ST/STM32_USB_Device_Library/Core/Src/usbd_core.c ****     USBD_ErrLog("Invalid Device handle");
 102:Middlewares/ST/STM32_USB_Device_Library/Core/Src/usbd_core.c **** #endif /* (USBD_DEBUG_LEVEL > 1U) */
 103:Middlewares/ST/STM32_USB_Device_Library/Core/Src/usbd_core.c ****     return USBD_FAIL;
 104:Middlewares/ST/STM32_USB_Device_Library/Core/Src/usbd_core.c ****   }
 105:Middlewares/ST/STM32_USB_Device_Library/Core/Src/usbd_core.c **** 
 106:Middlewares/ST/STM32_USB_Device_Library/Core/Src/usbd_core.c **** #ifdef USE_USBD_COMPOSITE
 107:Middlewares/ST/STM32_USB_Device_Library/Core/Src/usbd_core.c ****   /* Parse the table of classes in use */
 108:Middlewares/ST/STM32_USB_Device_Library/Core/Src/usbd_core.c ****   for (uint32_t i = 0; i < USBD_MAX_SUPPORTED_CLASS; i++)
 109:Middlewares/ST/STM32_USB_Device_Library/Core/Src/usbd_core.c ****   {
 110:Middlewares/ST/STM32_USB_Device_Library/Core/Src/usbd_core.c ****     /* Unlink previous class*/
 111:Middlewares/ST/STM32_USB_Device_Library/Core/Src/usbd_core.c ****     pdev->pClass[i] = NULL;
 112:Middlewares/ST/STM32_USB_Device_Library/Core/Src/usbd_core.c ****     pdev->pUserData[i] = NULL;
 113:Middlewares/ST/STM32_USB_Device_Library/Core/Src/usbd_core.c **** 
 114:Middlewares/ST/STM32_USB_Device_Library/Core/Src/usbd_core.c ****     /* Set class as inactive */
 115:Middlewares/ST/STM32_USB_Device_Library/Core/Src/usbd_core.c ****     pdev->tclasslist[i].Active = 0;
 116:Middlewares/ST/STM32_USB_Device_Library/Core/Src/usbd_core.c ****     pdev->NumClasses = 0;
 117:Middlewares/ST/STM32_USB_Device_Library/Core/Src/usbd_core.c ****     pdev->classId = 0;
 118:Middlewares/ST/STM32_USB_Device_Library/Core/Src/usbd_core.c ****   }
 119:Middlewares/ST/STM32_USB_Device_Library/Core/Src/usbd_core.c **** #else
 120:Middlewares/ST/STM32_USB_Device_Library/Core/Src/usbd_core.c ****   /* Unlink previous class*/
 121:Middlewares/ST/STM32_USB_Device_Library/Core/Src/usbd_core.c ****   pdev->pClass[0] = NULL;
  44              		.loc 1 121 3 is_stmt 1 view .LVU5
  45              		.loc 1 121 19 is_stmt 0 view .LVU6
  46 0006 0020     		movs	r0, #0
  47              	.LVL1:
  48              		.loc 1 121 19 view .LVU7
  49 0008 C3F8B802 		str	r0, [r3, #696]
 122:Middlewares/ST/STM32_USB_Device_Library/Core/Src/usbd_core.c ****   pdev->pUserData[0] = NULL;
ARM GAS  C:\Users\Made\AppData\Local\Temp\cc1yTtBM.s 			page 4


  50              		.loc 1 122 3 is_stmt 1 view .LVU8
  51              		.loc 1 122 22 is_stmt 0 view .LVU9
  52 000c C3F8C402 		str	r0, [r3, #708]
 123:Middlewares/ST/STM32_USB_Device_Library/Core/Src/usbd_core.c **** #endif /* USE_USBD_COMPOSITE */
 124:Middlewares/ST/STM32_USB_Device_Library/Core/Src/usbd_core.c **** 
 125:Middlewares/ST/STM32_USB_Device_Library/Core/Src/usbd_core.c ****   pdev->pConfDesc = NULL;
  53              		.loc 1 125 3 is_stmt 1 view .LVU10
  54              		.loc 1 125 19 is_stmt 0 view .LVU11
  55 0010 C3F8D002 		str	r0, [r3, #720]
 126:Middlewares/ST/STM32_USB_Device_Library/Core/Src/usbd_core.c **** 
 127:Middlewares/ST/STM32_USB_Device_Library/Core/Src/usbd_core.c ****   /* Assign USBD Descriptors */
 128:Middlewares/ST/STM32_USB_Device_Library/Core/Src/usbd_core.c ****   if (pdesc != NULL)
  56              		.loc 1 128 3 is_stmt 1 view .LVU12
  57              		.loc 1 128 6 is_stmt 0 view .LVU13
  58 0014 09B1     		cbz	r1, .L3
 129:Middlewares/ST/STM32_USB_Device_Library/Core/Src/usbd_core.c ****   {
 130:Middlewares/ST/STM32_USB_Device_Library/Core/Src/usbd_core.c ****     pdev->pDesc = pdesc;
  59              		.loc 1 130 5 is_stmt 1 view .LVU14
  60              		.loc 1 130 17 is_stmt 0 view .LVU15
  61 0016 C3F8B412 		str	r1, [r3, #692]
  62              	.L3:
 131:Middlewares/ST/STM32_USB_Device_Library/Core/Src/usbd_core.c ****   }
 132:Middlewares/ST/STM32_USB_Device_Library/Core/Src/usbd_core.c **** 
 133:Middlewares/ST/STM32_USB_Device_Library/Core/Src/usbd_core.c ****   /* Set Device initial State */
 134:Middlewares/ST/STM32_USB_Device_Library/Core/Src/usbd_core.c ****   pdev->dev_state = USBD_STATE_DEFAULT;
  63              		.loc 1 134 3 is_stmt 1 view .LVU16
  64              		.loc 1 134 19 is_stmt 0 view .LVU17
  65 001a 0121     		movs	r1, #1
  66              	.LVL2:
  67              		.loc 1 134 19 view .LVU18
  68 001c 83F89C12 		strb	r1, [r3, #668]
 135:Middlewares/ST/STM32_USB_Device_Library/Core/Src/usbd_core.c ****   pdev->id = id;
  69              		.loc 1 135 3 is_stmt 1 view .LVU19
  70              		.loc 1 135 12 is_stmt 0 view .LVU20
  71 0020 1A70     		strb	r2, [r3]
 136:Middlewares/ST/STM32_USB_Device_Library/Core/Src/usbd_core.c **** 
 137:Middlewares/ST/STM32_USB_Device_Library/Core/Src/usbd_core.c ****   /* Initialize low level driver */
 138:Middlewares/ST/STM32_USB_Device_Library/Core/Src/usbd_core.c ****   ret = USBD_LL_Init(pdev);
  72              		.loc 1 138 3 is_stmt 1 view .LVU21
  73              		.loc 1 138 9 is_stmt 0 view .LVU22
  74 0022 1846     		mov	r0, r3
  75 0024 FFF7FEFF 		bl	USBD_LL_Init
  76              	.LVL3:
 139:Middlewares/ST/STM32_USB_Device_Library/Core/Src/usbd_core.c **** 
 140:Middlewares/ST/STM32_USB_Device_Library/Core/Src/usbd_core.c ****   return ret;
  77              		.loc 1 140 3 is_stmt 1 view .LVU23
 141:Middlewares/ST/STM32_USB_Device_Library/Core/Src/usbd_core.c **** }
  78              		.loc 1 141 1 is_stmt 0 view .LVU24
  79 0028 08BD     		pop	{r3, pc}
  80              	.LVL4:
  81              	.L4:
  82              	.LCFI1:
  83              		.cfi_def_cfa_offset 0
  84              		.cfi_restore 3
  85              		.cfi_restore 14
 103:Middlewares/ST/STM32_USB_Device_Library/Core/Src/usbd_core.c ****   }
  86              		.loc 1 103 12 view .LVU25
ARM GAS  C:\Users\Made\AppData\Local\Temp\cc1yTtBM.s 			page 5


  87 002a 0320     		movs	r0, #3
  88              	.LVL5:
  89              		.loc 1 141 1 view .LVU26
  90 002c 7047     		bx	lr
  91              		.cfi_endproc
  92              	.LFE339:
  94              		.section	.text.USBD_DeInit,"ax",%progbits
  95              		.align	1
  96              		.global	USBD_DeInit
  97              		.syntax unified
  98              		.thumb
  99              		.thumb_func
 101              	USBD_DeInit:
 102              	.LVL6:
 103              	.LFB340:
 142:Middlewares/ST/STM32_USB_Device_Library/Core/Src/usbd_core.c **** 
 143:Middlewares/ST/STM32_USB_Device_Library/Core/Src/usbd_core.c **** /**
 144:Middlewares/ST/STM32_USB_Device_Library/Core/Src/usbd_core.c ****   * @brief  USBD_DeInit
 145:Middlewares/ST/STM32_USB_Device_Library/Core/Src/usbd_core.c ****   *         De-Initialize the device library
 146:Middlewares/ST/STM32_USB_Device_Library/Core/Src/usbd_core.c ****   * @param  pdev: device instance
 147:Middlewares/ST/STM32_USB_Device_Library/Core/Src/usbd_core.c ****   * @retval status: USBD Status
 148:Middlewares/ST/STM32_USB_Device_Library/Core/Src/usbd_core.c ****   */
 149:Middlewares/ST/STM32_USB_Device_Library/Core/Src/usbd_core.c **** USBD_StatusTypeDef USBD_DeInit(USBD_HandleTypeDef *pdev)
 150:Middlewares/ST/STM32_USB_Device_Library/Core/Src/usbd_core.c **** {
 104              		.loc 1 150 1 is_stmt 1 view -0
 105              		.cfi_startproc
 106              		@ args = 0, pretend = 0, frame = 0
 107              		@ frame_needed = 0, uses_anonymous_args = 0
 108              		.loc 1 150 1 is_stmt 0 view .LVU28
 109 0000 10B5     		push	{r4, lr}
 110              	.LCFI2:
 111              		.cfi_def_cfa_offset 8
 112              		.cfi_offset 4, -8
 113              		.cfi_offset 14, -4
 114 0002 0446     		mov	r4, r0
 151:Middlewares/ST/STM32_USB_Device_Library/Core/Src/usbd_core.c ****   USBD_StatusTypeDef ret;
 115              		.loc 1 151 3 is_stmt 1 view .LVU29
 152:Middlewares/ST/STM32_USB_Device_Library/Core/Src/usbd_core.c **** 
 153:Middlewares/ST/STM32_USB_Device_Library/Core/Src/usbd_core.c ****   /* Disconnect the USB Device */
 154:Middlewares/ST/STM32_USB_Device_Library/Core/Src/usbd_core.c ****   (void)USBD_LL_Stop(pdev);
 116              		.loc 1 154 3 view .LVU30
 117              		.loc 1 154 9 is_stmt 0 view .LVU31
 118 0004 FFF7FEFF 		bl	USBD_LL_Stop
 119              	.LVL7:
 155:Middlewares/ST/STM32_USB_Device_Library/Core/Src/usbd_core.c **** 
 156:Middlewares/ST/STM32_USB_Device_Library/Core/Src/usbd_core.c ****   /* Set Default State */
 157:Middlewares/ST/STM32_USB_Device_Library/Core/Src/usbd_core.c ****   pdev->dev_state = USBD_STATE_DEFAULT;
 120              		.loc 1 157 3 is_stmt 1 view .LVU32
 121              		.loc 1 157 19 is_stmt 0 view .LVU33
 122 0008 0123     		movs	r3, #1
 123 000a 84F89C32 		strb	r3, [r4, #668]
 158:Middlewares/ST/STM32_USB_Device_Library/Core/Src/usbd_core.c **** 
 159:Middlewares/ST/STM32_USB_Device_Library/Core/Src/usbd_core.c **** #ifdef USE_USBD_COMPOSITE
 160:Middlewares/ST/STM32_USB_Device_Library/Core/Src/usbd_core.c ****   /* Parse the table of classes in use */
 161:Middlewares/ST/STM32_USB_Device_Library/Core/Src/usbd_core.c ****   for (uint32_t i = 0; i < USBD_MAX_SUPPORTED_CLASS; i++)
 162:Middlewares/ST/STM32_USB_Device_Library/Core/Src/usbd_core.c ****   {
 163:Middlewares/ST/STM32_USB_Device_Library/Core/Src/usbd_core.c ****     /* Check if current class is in use */
ARM GAS  C:\Users\Made\AppData\Local\Temp\cc1yTtBM.s 			page 6


 164:Middlewares/ST/STM32_USB_Device_Library/Core/Src/usbd_core.c ****     if ((pdev->tclasslist[i].Active) == 1U)
 165:Middlewares/ST/STM32_USB_Device_Library/Core/Src/usbd_core.c ****     {
 166:Middlewares/ST/STM32_USB_Device_Library/Core/Src/usbd_core.c ****       if (pdev->pClass[i] != NULL)
 167:Middlewares/ST/STM32_USB_Device_Library/Core/Src/usbd_core.c ****       {
 168:Middlewares/ST/STM32_USB_Device_Library/Core/Src/usbd_core.c ****         pdev->classId = i;
 169:Middlewares/ST/STM32_USB_Device_Library/Core/Src/usbd_core.c ****         /* Free Class Resources */
 170:Middlewares/ST/STM32_USB_Device_Library/Core/Src/usbd_core.c ****         pdev->pClass[i]->DeInit(pdev, (uint8_t)pdev->dev_config);
 171:Middlewares/ST/STM32_USB_Device_Library/Core/Src/usbd_core.c ****       }
 172:Middlewares/ST/STM32_USB_Device_Library/Core/Src/usbd_core.c ****     }
 173:Middlewares/ST/STM32_USB_Device_Library/Core/Src/usbd_core.c ****   }
 174:Middlewares/ST/STM32_USB_Device_Library/Core/Src/usbd_core.c **** #else
 175:Middlewares/ST/STM32_USB_Device_Library/Core/Src/usbd_core.c ****   /* Free Class Resources */
 176:Middlewares/ST/STM32_USB_Device_Library/Core/Src/usbd_core.c ****   if (pdev->pClass[0] != NULL)
 124              		.loc 1 176 3 is_stmt 1 view .LVU34
 125              		.loc 1 176 19 is_stmt 0 view .LVU35
 126 000e D4F8B832 		ldr	r3, [r4, #696]
 127              		.loc 1 176 6 view .LVU36
 128 0012 1BB1     		cbz	r3, .L10
 177:Middlewares/ST/STM32_USB_Device_Library/Core/Src/usbd_core.c ****   {
 178:Middlewares/ST/STM32_USB_Device_Library/Core/Src/usbd_core.c ****     pdev->pClass[0]->DeInit(pdev, (uint8_t)pdev->dev_config);
 129              		.loc 1 178 5 is_stmt 1 view .LVU37
 130              		.loc 1 178 20 is_stmt 0 view .LVU38
 131 0014 5B68     		ldr	r3, [r3, #4]
 132              		.loc 1 178 5 view .LVU39
 133 0016 2179     		ldrb	r1, [r4, #4]	@ zero_extendqisi2
 134 0018 2046     		mov	r0, r4
 135 001a 9847     		blx	r3
 136              	.LVL8:
 137              	.L10:
 179:Middlewares/ST/STM32_USB_Device_Library/Core/Src/usbd_core.c ****   }
 180:Middlewares/ST/STM32_USB_Device_Library/Core/Src/usbd_core.c **** 
 181:Middlewares/ST/STM32_USB_Device_Library/Core/Src/usbd_core.c ****   pdev->pUserData[0] = NULL;
 138              		.loc 1 181 3 is_stmt 1 view .LVU40
 139              		.loc 1 181 22 is_stmt 0 view .LVU41
 140 001c 0023     		movs	r3, #0
 141 001e C4F8C432 		str	r3, [r4, #708]
 182:Middlewares/ST/STM32_USB_Device_Library/Core/Src/usbd_core.c **** 
 183:Middlewares/ST/STM32_USB_Device_Library/Core/Src/usbd_core.c **** #endif /* USE_USBD_COMPOSITE */
 184:Middlewares/ST/STM32_USB_Device_Library/Core/Src/usbd_core.c **** 
 185:Middlewares/ST/STM32_USB_Device_Library/Core/Src/usbd_core.c ****   /* Free Device descriptors resources */
 186:Middlewares/ST/STM32_USB_Device_Library/Core/Src/usbd_core.c ****   pdev->pDesc = NULL;
 142              		.loc 1 186 3 is_stmt 1 view .LVU42
 143              		.loc 1 186 15 is_stmt 0 view .LVU43
 144 0022 C4F8B432 		str	r3, [r4, #692]
 187:Middlewares/ST/STM32_USB_Device_Library/Core/Src/usbd_core.c ****   pdev->pConfDesc = NULL;
 145              		.loc 1 187 3 is_stmt 1 view .LVU44
 146              		.loc 1 187 19 is_stmt 0 view .LVU45
 147 0026 C4F8D032 		str	r3, [r4, #720]
 188:Middlewares/ST/STM32_USB_Device_Library/Core/Src/usbd_core.c **** 
 189:Middlewares/ST/STM32_USB_Device_Library/Core/Src/usbd_core.c ****   /* DeInitialize low level driver */
 190:Middlewares/ST/STM32_USB_Device_Library/Core/Src/usbd_core.c ****   ret = USBD_LL_DeInit(pdev);
 148              		.loc 1 190 3 is_stmt 1 view .LVU46
 149              		.loc 1 190 9 is_stmt 0 view .LVU47
 150 002a 2046     		mov	r0, r4
 151 002c FFF7FEFF 		bl	USBD_LL_DeInit
 152              	.LVL9:
 191:Middlewares/ST/STM32_USB_Device_Library/Core/Src/usbd_core.c **** 
ARM GAS  C:\Users\Made\AppData\Local\Temp\cc1yTtBM.s 			page 7


 192:Middlewares/ST/STM32_USB_Device_Library/Core/Src/usbd_core.c ****   return ret;
 153              		.loc 1 192 3 is_stmt 1 view .LVU48
 193:Middlewares/ST/STM32_USB_Device_Library/Core/Src/usbd_core.c **** }
 154              		.loc 1 193 1 is_stmt 0 view .LVU49
 155 0030 10BD     		pop	{r4, pc}
 156              		.loc 1 193 1 view .LVU50
 157              		.cfi_endproc
 158              	.LFE340:
 160              		.section	.text.USBD_RegisterClass,"ax",%progbits
 161              		.align	1
 162              		.global	USBD_RegisterClass
 163              		.syntax unified
 164              		.thumb
 165              		.thumb_func
 167              	USBD_RegisterClass:
 168              	.LVL10:
 169              	.LFB341:
 194:Middlewares/ST/STM32_USB_Device_Library/Core/Src/usbd_core.c **** 
 195:Middlewares/ST/STM32_USB_Device_Library/Core/Src/usbd_core.c **** /**
 196:Middlewares/ST/STM32_USB_Device_Library/Core/Src/usbd_core.c ****   * @brief  USBD_RegisterClass
 197:Middlewares/ST/STM32_USB_Device_Library/Core/Src/usbd_core.c ****   *         Link class driver to Device Core.
 198:Middlewares/ST/STM32_USB_Device_Library/Core/Src/usbd_core.c ****   * @param  pdev: Device Handle
 199:Middlewares/ST/STM32_USB_Device_Library/Core/Src/usbd_core.c ****   * @param  pclass: Class handle
 200:Middlewares/ST/STM32_USB_Device_Library/Core/Src/usbd_core.c ****   * @retval USBD Status
 201:Middlewares/ST/STM32_USB_Device_Library/Core/Src/usbd_core.c ****   */
 202:Middlewares/ST/STM32_USB_Device_Library/Core/Src/usbd_core.c **** USBD_StatusTypeDef USBD_RegisterClass(USBD_HandleTypeDef *pdev, USBD_ClassTypeDef *pclass)
 203:Middlewares/ST/STM32_USB_Device_Library/Core/Src/usbd_core.c **** {
 170              		.loc 1 203 1 is_stmt 1 view -0
 171              		.cfi_startproc
 172              		@ args = 0, pretend = 0, frame = 8
 173              		@ frame_needed = 0, uses_anonymous_args = 0
 174              		.loc 1 203 1 is_stmt 0 view .LVU52
 175 0000 10B5     		push	{r4, lr}
 176              	.LCFI3:
 177              		.cfi_def_cfa_offset 8
 178              		.cfi_offset 4, -8
 179              		.cfi_offset 14, -4
 180 0002 82B0     		sub	sp, sp, #8
 181              	.LCFI4:
 182              		.cfi_def_cfa_offset 16
 204:Middlewares/ST/STM32_USB_Device_Library/Core/Src/usbd_core.c ****   uint16_t len = 0U;
 183              		.loc 1 204 3 is_stmt 1 view .LVU53
 184              		.loc 1 204 12 is_stmt 0 view .LVU54
 185 0004 0023     		movs	r3, #0
 186 0006 ADF80630 		strh	r3, [sp, #6]	@ movhi
 205:Middlewares/ST/STM32_USB_Device_Library/Core/Src/usbd_core.c **** 
 206:Middlewares/ST/STM32_USB_Device_Library/Core/Src/usbd_core.c ****   if (pclass == NULL)
 187              		.loc 1 206 3 is_stmt 1 view .LVU55
 188              		.loc 1 206 6 is_stmt 0 view .LVU56
 189 000a B9B1     		cbz	r1, .L15
 190 000c 0446     		mov	r4, r0
 207:Middlewares/ST/STM32_USB_Device_Library/Core/Src/usbd_core.c ****   {
 208:Middlewares/ST/STM32_USB_Device_Library/Core/Src/usbd_core.c **** #if (USBD_DEBUG_LEVEL > 1U)
 209:Middlewares/ST/STM32_USB_Device_Library/Core/Src/usbd_core.c ****     USBD_ErrLog("Invalid Class handle");
 210:Middlewares/ST/STM32_USB_Device_Library/Core/Src/usbd_core.c **** #endif /* (USBD_DEBUG_LEVEL > 1U) */
 211:Middlewares/ST/STM32_USB_Device_Library/Core/Src/usbd_core.c ****     return USBD_FAIL;
 212:Middlewares/ST/STM32_USB_Device_Library/Core/Src/usbd_core.c ****   }
ARM GAS  C:\Users\Made\AppData\Local\Temp\cc1yTtBM.s 			page 8


 213:Middlewares/ST/STM32_USB_Device_Library/Core/Src/usbd_core.c **** 
 214:Middlewares/ST/STM32_USB_Device_Library/Core/Src/usbd_core.c ****   /* link the class to the USB Device handle */
 215:Middlewares/ST/STM32_USB_Device_Library/Core/Src/usbd_core.c ****   pdev->pClass[0] = pclass;
 191              		.loc 1 215 3 is_stmt 1 view .LVU57
 192              		.loc 1 215 19 is_stmt 0 view .LVU58
 193 000e C0F8B812 		str	r1, [r0, #696]
 216:Middlewares/ST/STM32_USB_Device_Library/Core/Src/usbd_core.c **** 
 217:Middlewares/ST/STM32_USB_Device_Library/Core/Src/usbd_core.c ****   /* Get Device Configuration Descriptor */
 218:Middlewares/ST/STM32_USB_Device_Library/Core/Src/usbd_core.c **** #ifdef USE_USB_HS
 219:Middlewares/ST/STM32_USB_Device_Library/Core/Src/usbd_core.c ****   if (pdev->pClass[pdev->classId]->GetHSConfigDescriptor != NULL)
 220:Middlewares/ST/STM32_USB_Device_Library/Core/Src/usbd_core.c ****   {
 221:Middlewares/ST/STM32_USB_Device_Library/Core/Src/usbd_core.c ****     pdev->pConfDesc = (void *)pdev->pClass[pdev->classId]->GetHSConfigDescriptor(&len);
 222:Middlewares/ST/STM32_USB_Device_Library/Core/Src/usbd_core.c ****   }
 223:Middlewares/ST/STM32_USB_Device_Library/Core/Src/usbd_core.c **** #else /* Default USE_USB_FS */
 224:Middlewares/ST/STM32_USB_Device_Library/Core/Src/usbd_core.c ****   if (pdev->pClass[pdev->classId]->GetFSConfigDescriptor != NULL)
 194              		.loc 1 224 3 is_stmt 1 view .LVU59
 195              		.loc 1 224 24 is_stmt 0 view .LVU60
 196 0012 D0F8D422 		ldr	r2, [r0, #724]
 197              		.loc 1 224 34 view .LVU61
 198 0016 CB6A     		ldr	r3, [r1, #44]
 199              		.loc 1 224 6 view .LVU62
 200 0018 43B1     		cbz	r3, .L14
 225:Middlewares/ST/STM32_USB_Device_Library/Core/Src/usbd_core.c ****   {
 226:Middlewares/ST/STM32_USB_Device_Library/Core/Src/usbd_core.c ****     pdev->pConfDesc = (void *)pdev->pClass[pdev->classId]->GetFSConfigDescriptor(&len);
 201              		.loc 1 226 5 is_stmt 1 view .LVU63
 202              		.loc 1 226 43 is_stmt 0 view .LVU64
 203 001a AE32     		adds	r2, r2, #174
 204 001c 50F82230 		ldr	r3, [r0, r2, lsl #2]
 205              		.loc 1 226 58 view .LVU65
 206 0020 DB6A     		ldr	r3, [r3, #44]
 207              		.loc 1 226 31 view .LVU66
 208 0022 0DF10600 		add	r0, sp, #6
 209              	.LVL11:
 210              		.loc 1 226 31 view .LVU67
 211 0026 9847     		blx	r3
 212              	.LVL12:
 213              		.loc 1 226 21 discriminator 1 view .LVU68
 214 0028 C4F8D002 		str	r0, [r4, #720]
 215              	.L14:
 227:Middlewares/ST/STM32_USB_Device_Library/Core/Src/usbd_core.c ****   }
 228:Middlewares/ST/STM32_USB_Device_Library/Core/Src/usbd_core.c **** #endif /* USE_USB_FS */
 229:Middlewares/ST/STM32_USB_Device_Library/Core/Src/usbd_core.c **** 
 230:Middlewares/ST/STM32_USB_Device_Library/Core/Src/usbd_core.c ****   /* Increment the NumClasses */
 231:Middlewares/ST/STM32_USB_Device_Library/Core/Src/usbd_core.c ****   pdev->NumClasses++;
 216              		.loc 1 231 3 is_stmt 1 view .LVU69
 217              		.loc 1 231 7 is_stmt 0 view .LVU70
 218 002c D4F8D832 		ldr	r3, [r4, #728]
 219              		.loc 1 231 19 view .LVU71
 220 0030 0133     		adds	r3, r3, #1
 221 0032 C4F8D832 		str	r3, [r4, #728]
 232:Middlewares/ST/STM32_USB_Device_Library/Core/Src/usbd_core.c **** 
 233:Middlewares/ST/STM32_USB_Device_Library/Core/Src/usbd_core.c ****   return USBD_OK;
 222              		.loc 1 233 3 is_stmt 1 view .LVU72
 223              		.loc 1 233 10 is_stmt 0 view .LVU73
 224 0036 0020     		movs	r0, #0
 225              	.LVL13:
 226              	.L13:
ARM GAS  C:\Users\Made\AppData\Local\Temp\cc1yTtBM.s 			page 9


 234:Middlewares/ST/STM32_USB_Device_Library/Core/Src/usbd_core.c **** }
 227              		.loc 1 234 1 view .LVU74
 228 0038 02B0     		add	sp, sp, #8
 229              	.LCFI5:
 230              		.cfi_remember_state
 231              		.cfi_def_cfa_offset 8
 232              		@ sp needed
 233 003a 10BD     		pop	{r4, pc}
 234              	.LVL14:
 235              	.L15:
 236              	.LCFI6:
 237              		.cfi_restore_state
 211:Middlewares/ST/STM32_USB_Device_Library/Core/Src/usbd_core.c ****   }
 238              		.loc 1 211 12 view .LVU75
 239 003c 0320     		movs	r0, #3
 240              	.LVL15:
 211:Middlewares/ST/STM32_USB_Device_Library/Core/Src/usbd_core.c ****   }
 241              		.loc 1 211 12 view .LVU76
 242 003e FBE7     		b	.L13
 243              		.cfi_endproc
 244              	.LFE341:
 246              		.section	.text.USBD_Start,"ax",%progbits
 247              		.align	1
 248              		.global	USBD_Start
 249              		.syntax unified
 250              		.thumb
 251              		.thumb_func
 253              	USBD_Start:
 254              	.LVL16:
 255              	.LFB342:
 235:Middlewares/ST/STM32_USB_Device_Library/Core/Src/usbd_core.c **** 
 236:Middlewares/ST/STM32_USB_Device_Library/Core/Src/usbd_core.c **** #ifdef USE_USBD_COMPOSITE
 237:Middlewares/ST/STM32_USB_Device_Library/Core/Src/usbd_core.c **** /**
 238:Middlewares/ST/STM32_USB_Device_Library/Core/Src/usbd_core.c ****   * @brief  USBD_RegisterClassComposite
 239:Middlewares/ST/STM32_USB_Device_Library/Core/Src/usbd_core.c ****   *         Link class driver to Device Core.
 240:Middlewares/ST/STM32_USB_Device_Library/Core/Src/usbd_core.c ****   * @param  pdev : Device Handle
 241:Middlewares/ST/STM32_USB_Device_Library/Core/Src/usbd_core.c ****   * @param  pclass: Class handle
 242:Middlewares/ST/STM32_USB_Device_Library/Core/Src/usbd_core.c ****   * @param  classtype: Class type
 243:Middlewares/ST/STM32_USB_Device_Library/Core/Src/usbd_core.c ****   * @param  EpAddr: Endpoint Address handle
 244:Middlewares/ST/STM32_USB_Device_Library/Core/Src/usbd_core.c ****   * @retval USBD Status
 245:Middlewares/ST/STM32_USB_Device_Library/Core/Src/usbd_core.c ****   */
 246:Middlewares/ST/STM32_USB_Device_Library/Core/Src/usbd_core.c **** USBD_StatusTypeDef USBD_RegisterClassComposite(USBD_HandleTypeDef *pdev, USBD_ClassTypeDef *pclass,
 247:Middlewares/ST/STM32_USB_Device_Library/Core/Src/usbd_core.c ****                                                USBD_CompositeClassTypeDef classtype, uint8_t *EpAdd
 248:Middlewares/ST/STM32_USB_Device_Library/Core/Src/usbd_core.c **** {
 249:Middlewares/ST/STM32_USB_Device_Library/Core/Src/usbd_core.c ****   USBD_StatusTypeDef ret = USBD_OK;
 250:Middlewares/ST/STM32_USB_Device_Library/Core/Src/usbd_core.c ****   uint16_t len = 0U;
 251:Middlewares/ST/STM32_USB_Device_Library/Core/Src/usbd_core.c **** 
 252:Middlewares/ST/STM32_USB_Device_Library/Core/Src/usbd_core.c ****   if ((pdev->classId < USBD_MAX_SUPPORTED_CLASS) && (pdev->NumClasses < USBD_MAX_SUPPORTED_CLASS))
 253:Middlewares/ST/STM32_USB_Device_Library/Core/Src/usbd_core.c ****   {
 254:Middlewares/ST/STM32_USB_Device_Library/Core/Src/usbd_core.c ****     if ((uint32_t)pclass != 0U)
 255:Middlewares/ST/STM32_USB_Device_Library/Core/Src/usbd_core.c ****     {
 256:Middlewares/ST/STM32_USB_Device_Library/Core/Src/usbd_core.c ****       /* Link the class to the USB Device handle */
 257:Middlewares/ST/STM32_USB_Device_Library/Core/Src/usbd_core.c ****       pdev->pClass[pdev->classId] = pclass;
 258:Middlewares/ST/STM32_USB_Device_Library/Core/Src/usbd_core.c ****       ret = USBD_OK;
 259:Middlewares/ST/STM32_USB_Device_Library/Core/Src/usbd_core.c **** 
 260:Middlewares/ST/STM32_USB_Device_Library/Core/Src/usbd_core.c ****       pdev->tclasslist[pdev->classId].EpAdd = EpAddr;
 261:Middlewares/ST/STM32_USB_Device_Library/Core/Src/usbd_core.c **** 
ARM GAS  C:\Users\Made\AppData\Local\Temp\cc1yTtBM.s 			page 10


 262:Middlewares/ST/STM32_USB_Device_Library/Core/Src/usbd_core.c ****       /* Call the composite class builder */
 263:Middlewares/ST/STM32_USB_Device_Library/Core/Src/usbd_core.c ****       (void)USBD_CMPSIT_AddClass(pdev, pclass, classtype, 0);
 264:Middlewares/ST/STM32_USB_Device_Library/Core/Src/usbd_core.c **** 
 265:Middlewares/ST/STM32_USB_Device_Library/Core/Src/usbd_core.c ****       /* Increment the ClassId for the next occurrence */
 266:Middlewares/ST/STM32_USB_Device_Library/Core/Src/usbd_core.c ****       pdev->classId ++;
 267:Middlewares/ST/STM32_USB_Device_Library/Core/Src/usbd_core.c ****       pdev->NumClasses ++;
 268:Middlewares/ST/STM32_USB_Device_Library/Core/Src/usbd_core.c ****     }
 269:Middlewares/ST/STM32_USB_Device_Library/Core/Src/usbd_core.c ****     else
 270:Middlewares/ST/STM32_USB_Device_Library/Core/Src/usbd_core.c ****     {
 271:Middlewares/ST/STM32_USB_Device_Library/Core/Src/usbd_core.c **** #if (USBD_DEBUG_LEVEL > 1U)
 272:Middlewares/ST/STM32_USB_Device_Library/Core/Src/usbd_core.c ****       USBD_ErrLog("Invalid Class handle");
 273:Middlewares/ST/STM32_USB_Device_Library/Core/Src/usbd_core.c **** #endif /* (USBD_DEBUG_LEVEL > 1U) */
 274:Middlewares/ST/STM32_USB_Device_Library/Core/Src/usbd_core.c ****       ret = USBD_FAIL;
 275:Middlewares/ST/STM32_USB_Device_Library/Core/Src/usbd_core.c ****     }
 276:Middlewares/ST/STM32_USB_Device_Library/Core/Src/usbd_core.c ****   }
 277:Middlewares/ST/STM32_USB_Device_Library/Core/Src/usbd_core.c **** 
 278:Middlewares/ST/STM32_USB_Device_Library/Core/Src/usbd_core.c ****   if (ret == USBD_OK)
 279:Middlewares/ST/STM32_USB_Device_Library/Core/Src/usbd_core.c ****   {
 280:Middlewares/ST/STM32_USB_Device_Library/Core/Src/usbd_core.c ****     /* Get Device Configuration Descriptor */
 281:Middlewares/ST/STM32_USB_Device_Library/Core/Src/usbd_core.c **** #ifdef USE_USB_HS
 282:Middlewares/ST/STM32_USB_Device_Library/Core/Src/usbd_core.c ****     pdev->pConfDesc = USBD_CMPSIT.GetHSConfigDescriptor(&len);
 283:Middlewares/ST/STM32_USB_Device_Library/Core/Src/usbd_core.c **** #else /* Default USE_USB_FS */
 284:Middlewares/ST/STM32_USB_Device_Library/Core/Src/usbd_core.c ****     pdev->pConfDesc = USBD_CMPSIT.GetFSConfigDescriptor(&len);
 285:Middlewares/ST/STM32_USB_Device_Library/Core/Src/usbd_core.c **** #endif /* USE_USB_FS */
 286:Middlewares/ST/STM32_USB_Device_Library/Core/Src/usbd_core.c ****   }
 287:Middlewares/ST/STM32_USB_Device_Library/Core/Src/usbd_core.c **** 
 288:Middlewares/ST/STM32_USB_Device_Library/Core/Src/usbd_core.c ****   return ret;
 289:Middlewares/ST/STM32_USB_Device_Library/Core/Src/usbd_core.c **** }
 290:Middlewares/ST/STM32_USB_Device_Library/Core/Src/usbd_core.c **** 
 291:Middlewares/ST/STM32_USB_Device_Library/Core/Src/usbd_core.c **** /**
 292:Middlewares/ST/STM32_USB_Device_Library/Core/Src/usbd_core.c ****   * @brief  USBD_UnRegisterClassComposite
 293:Middlewares/ST/STM32_USB_Device_Library/Core/Src/usbd_core.c ****   *         UnLink all composite class drivers from Device Core.
 294:Middlewares/ST/STM32_USB_Device_Library/Core/Src/usbd_core.c ****   * @param  pdev: Device Handle
 295:Middlewares/ST/STM32_USB_Device_Library/Core/Src/usbd_core.c ****   * @retval USBD Status
 296:Middlewares/ST/STM32_USB_Device_Library/Core/Src/usbd_core.c ****   */
 297:Middlewares/ST/STM32_USB_Device_Library/Core/Src/usbd_core.c **** USBD_StatusTypeDef  USBD_UnRegisterClassComposite(USBD_HandleTypeDef *pdev)
 298:Middlewares/ST/STM32_USB_Device_Library/Core/Src/usbd_core.c **** {
 299:Middlewares/ST/STM32_USB_Device_Library/Core/Src/usbd_core.c ****   USBD_StatusTypeDef   ret = USBD_FAIL;
 300:Middlewares/ST/STM32_USB_Device_Library/Core/Src/usbd_core.c ****   uint8_t idx1;
 301:Middlewares/ST/STM32_USB_Device_Library/Core/Src/usbd_core.c ****   uint8_t idx2;
 302:Middlewares/ST/STM32_USB_Device_Library/Core/Src/usbd_core.c **** 
 303:Middlewares/ST/STM32_USB_Device_Library/Core/Src/usbd_core.c ****   /* Unroll all activated classes */
 304:Middlewares/ST/STM32_USB_Device_Library/Core/Src/usbd_core.c ****   for (idx1 = 0; idx1 < pdev->NumClasses; idx1++)
 305:Middlewares/ST/STM32_USB_Device_Library/Core/Src/usbd_core.c ****   {
 306:Middlewares/ST/STM32_USB_Device_Library/Core/Src/usbd_core.c ****     /* Check if the class correspond to the requested type and if it is active */
 307:Middlewares/ST/STM32_USB_Device_Library/Core/Src/usbd_core.c ****     if (pdev->tclasslist[idx1].Active == 1U)
 308:Middlewares/ST/STM32_USB_Device_Library/Core/Src/usbd_core.c ****     {
 309:Middlewares/ST/STM32_USB_Device_Library/Core/Src/usbd_core.c ****       /* Set the new class ID */
 310:Middlewares/ST/STM32_USB_Device_Library/Core/Src/usbd_core.c ****       pdev->classId = idx1;
 311:Middlewares/ST/STM32_USB_Device_Library/Core/Src/usbd_core.c **** 
 312:Middlewares/ST/STM32_USB_Device_Library/Core/Src/usbd_core.c ****       /* Free resources used by the selected class */
 313:Middlewares/ST/STM32_USB_Device_Library/Core/Src/usbd_core.c ****       if (pdev->pClass[pdev->classId] != NULL)
 314:Middlewares/ST/STM32_USB_Device_Library/Core/Src/usbd_core.c ****       {
 315:Middlewares/ST/STM32_USB_Device_Library/Core/Src/usbd_core.c ****         /* Free Class Resources */
 316:Middlewares/ST/STM32_USB_Device_Library/Core/Src/usbd_core.c ****         if (pdev->pClass[pdev->classId]->DeInit(pdev, (uint8_t)pdev->dev_config) != 0U)
 317:Middlewares/ST/STM32_USB_Device_Library/Core/Src/usbd_core.c ****         {
 318:Middlewares/ST/STM32_USB_Device_Library/Core/Src/usbd_core.c **** #if (USBD_DEBUG_LEVEL > 1U)
ARM GAS  C:\Users\Made\AppData\Local\Temp\cc1yTtBM.s 			page 11


 319:Middlewares/ST/STM32_USB_Device_Library/Core/Src/usbd_core.c ****           USBD_ErrLog("Class DeInit didn't succeed!, can't unregister selected class");
 320:Middlewares/ST/STM32_USB_Device_Library/Core/Src/usbd_core.c **** #endif /* (USBD_DEBUG_LEVEL > 1U) */
 321:Middlewares/ST/STM32_USB_Device_Library/Core/Src/usbd_core.c **** 
 322:Middlewares/ST/STM32_USB_Device_Library/Core/Src/usbd_core.c ****           ret = USBD_FAIL;
 323:Middlewares/ST/STM32_USB_Device_Library/Core/Src/usbd_core.c ****         }
 324:Middlewares/ST/STM32_USB_Device_Library/Core/Src/usbd_core.c ****       }
 325:Middlewares/ST/STM32_USB_Device_Library/Core/Src/usbd_core.c **** 
 326:Middlewares/ST/STM32_USB_Device_Library/Core/Src/usbd_core.c ****       /* Free the class pointer */
 327:Middlewares/ST/STM32_USB_Device_Library/Core/Src/usbd_core.c ****       pdev->pClass[pdev->classId] = NULL;
 328:Middlewares/ST/STM32_USB_Device_Library/Core/Src/usbd_core.c **** 
 329:Middlewares/ST/STM32_USB_Device_Library/Core/Src/usbd_core.c ****       /* Free the class location in classes table and reset its parameters to zero */
 330:Middlewares/ST/STM32_USB_Device_Library/Core/Src/usbd_core.c ****       pdev->tclasslist[pdev->classId].ClassType = CLASS_TYPE_NONE;
 331:Middlewares/ST/STM32_USB_Device_Library/Core/Src/usbd_core.c ****       pdev->tclasslist[pdev->classId].ClassId = 0U;
 332:Middlewares/ST/STM32_USB_Device_Library/Core/Src/usbd_core.c ****       pdev->tclasslist[pdev->classId].Active = 0U;
 333:Middlewares/ST/STM32_USB_Device_Library/Core/Src/usbd_core.c ****       pdev->tclasslist[pdev->classId].NumEps = 0U;
 334:Middlewares/ST/STM32_USB_Device_Library/Core/Src/usbd_core.c ****       pdev->tclasslist[pdev->classId].NumIf = 0U;
 335:Middlewares/ST/STM32_USB_Device_Library/Core/Src/usbd_core.c ****       pdev->tclasslist[pdev->classId].CurrPcktSze = 0U;
 336:Middlewares/ST/STM32_USB_Device_Library/Core/Src/usbd_core.c **** 
 337:Middlewares/ST/STM32_USB_Device_Library/Core/Src/usbd_core.c ****       for (idx2 = 0U; idx2 < USBD_MAX_CLASS_ENDPOINTS; idx2++)
 338:Middlewares/ST/STM32_USB_Device_Library/Core/Src/usbd_core.c ****       {
 339:Middlewares/ST/STM32_USB_Device_Library/Core/Src/usbd_core.c ****         pdev->tclasslist[pdev->classId].Eps[idx2].add = 0U;
 340:Middlewares/ST/STM32_USB_Device_Library/Core/Src/usbd_core.c ****         pdev->tclasslist[pdev->classId].Eps[idx2].type = 0U;
 341:Middlewares/ST/STM32_USB_Device_Library/Core/Src/usbd_core.c ****         pdev->tclasslist[pdev->classId].Eps[idx2].size = 0U;
 342:Middlewares/ST/STM32_USB_Device_Library/Core/Src/usbd_core.c ****         pdev->tclasslist[pdev->classId].Eps[idx2].is_used = 0U;
 343:Middlewares/ST/STM32_USB_Device_Library/Core/Src/usbd_core.c ****       }
 344:Middlewares/ST/STM32_USB_Device_Library/Core/Src/usbd_core.c **** 
 345:Middlewares/ST/STM32_USB_Device_Library/Core/Src/usbd_core.c ****       for (idx2 = 0U; idx2 < USBD_MAX_CLASS_INTERFACES; idx2++)
 346:Middlewares/ST/STM32_USB_Device_Library/Core/Src/usbd_core.c ****       {
 347:Middlewares/ST/STM32_USB_Device_Library/Core/Src/usbd_core.c ****         pdev->tclasslist[pdev->classId].Ifs[idx2] = 0U;
 348:Middlewares/ST/STM32_USB_Device_Library/Core/Src/usbd_core.c ****       }
 349:Middlewares/ST/STM32_USB_Device_Library/Core/Src/usbd_core.c ****     }
 350:Middlewares/ST/STM32_USB_Device_Library/Core/Src/usbd_core.c ****   }
 351:Middlewares/ST/STM32_USB_Device_Library/Core/Src/usbd_core.c **** 
 352:Middlewares/ST/STM32_USB_Device_Library/Core/Src/usbd_core.c ****   /* Reset the configuration descriptor */
 353:Middlewares/ST/STM32_USB_Device_Library/Core/Src/usbd_core.c ****   (void)USBD_CMPST_ClearConfDesc(pdev);
 354:Middlewares/ST/STM32_USB_Device_Library/Core/Src/usbd_core.c **** 
 355:Middlewares/ST/STM32_USB_Device_Library/Core/Src/usbd_core.c ****   /* Reset the class ID and number of classes */
 356:Middlewares/ST/STM32_USB_Device_Library/Core/Src/usbd_core.c ****   pdev->classId = 0U;
 357:Middlewares/ST/STM32_USB_Device_Library/Core/Src/usbd_core.c ****   pdev->NumClasses = 0U;
 358:Middlewares/ST/STM32_USB_Device_Library/Core/Src/usbd_core.c **** 
 359:Middlewares/ST/STM32_USB_Device_Library/Core/Src/usbd_core.c ****   return ret;
 360:Middlewares/ST/STM32_USB_Device_Library/Core/Src/usbd_core.c **** }
 361:Middlewares/ST/STM32_USB_Device_Library/Core/Src/usbd_core.c **** #endif /* USE_USBD_COMPOSITE */
 362:Middlewares/ST/STM32_USB_Device_Library/Core/Src/usbd_core.c **** 
 363:Middlewares/ST/STM32_USB_Device_Library/Core/Src/usbd_core.c **** #if (USBD_USER_REGISTER_CALLBACK == 1U)
 364:Middlewares/ST/STM32_USB_Device_Library/Core/Src/usbd_core.c **** /**
 365:Middlewares/ST/STM32_USB_Device_Library/Core/Src/usbd_core.c ****   * @brief  USBD_RegisterDevStateCallback
 366:Middlewares/ST/STM32_USB_Device_Library/Core/Src/usbd_core.c ****   * @param  pdev : Device Handle
 367:Middlewares/ST/STM32_USB_Device_Library/Core/Src/usbd_core.c ****   * @param  pUserCallback: User Callback
 368:Middlewares/ST/STM32_USB_Device_Library/Core/Src/usbd_core.c ****   * @retval USBD Status
 369:Middlewares/ST/STM32_USB_Device_Library/Core/Src/usbd_core.c ****   */
 370:Middlewares/ST/STM32_USB_Device_Library/Core/Src/usbd_core.c **** USBD_StatusTypeDef USBD_RegisterDevStateCallback(USBD_HandleTypeDef *pdev, USBD_DevStateCallbackTyp
 371:Middlewares/ST/STM32_USB_Device_Library/Core/Src/usbd_core.c **** {
 372:Middlewares/ST/STM32_USB_Device_Library/Core/Src/usbd_core.c ****   pdev->DevStateCallback = pUserCallback;
 373:Middlewares/ST/STM32_USB_Device_Library/Core/Src/usbd_core.c **** 
 374:Middlewares/ST/STM32_USB_Device_Library/Core/Src/usbd_core.c ****   return USBD_OK;
 375:Middlewares/ST/STM32_USB_Device_Library/Core/Src/usbd_core.c **** }
ARM GAS  C:\Users\Made\AppData\Local\Temp\cc1yTtBM.s 			page 12


 376:Middlewares/ST/STM32_USB_Device_Library/Core/Src/usbd_core.c **** #endif /* USBD_USER_REGISTER_CALLBACK */
 377:Middlewares/ST/STM32_USB_Device_Library/Core/Src/usbd_core.c **** 
 378:Middlewares/ST/STM32_USB_Device_Library/Core/Src/usbd_core.c **** /**
 379:Middlewares/ST/STM32_USB_Device_Library/Core/Src/usbd_core.c ****   * @brief  USBD_Start
 380:Middlewares/ST/STM32_USB_Device_Library/Core/Src/usbd_core.c ****   *         Start the USB Device Core.
 381:Middlewares/ST/STM32_USB_Device_Library/Core/Src/usbd_core.c ****   * @param  pdev: Device Handle
 382:Middlewares/ST/STM32_USB_Device_Library/Core/Src/usbd_core.c ****   * @retval USBD Status
 383:Middlewares/ST/STM32_USB_Device_Library/Core/Src/usbd_core.c ****   */
 384:Middlewares/ST/STM32_USB_Device_Library/Core/Src/usbd_core.c **** USBD_StatusTypeDef USBD_Start(USBD_HandleTypeDef *pdev)
 385:Middlewares/ST/STM32_USB_Device_Library/Core/Src/usbd_core.c **** {
 256              		.loc 1 385 1 is_stmt 1 view -0
 257              		.cfi_startproc
 258              		@ args = 0, pretend = 0, frame = 0
 259              		@ frame_needed = 0, uses_anonymous_args = 0
 260              		.loc 1 385 1 is_stmt 0 view .LVU78
 261 0000 08B5     		push	{r3, lr}
 262              	.LCFI7:
 263              		.cfi_def_cfa_offset 8
 264              		.cfi_offset 3, -8
 265              		.cfi_offset 14, -4
 386:Middlewares/ST/STM32_USB_Device_Library/Core/Src/usbd_core.c **** #ifdef USE_USBD_COMPOSITE
 387:Middlewares/ST/STM32_USB_Device_Library/Core/Src/usbd_core.c ****   pdev->classId = 0U;
 388:Middlewares/ST/STM32_USB_Device_Library/Core/Src/usbd_core.c **** #endif /* USE_USBD_COMPOSITE */
 389:Middlewares/ST/STM32_USB_Device_Library/Core/Src/usbd_core.c **** 
 390:Middlewares/ST/STM32_USB_Device_Library/Core/Src/usbd_core.c ****   /* Start the low level driver  */
 391:Middlewares/ST/STM32_USB_Device_Library/Core/Src/usbd_core.c ****   return USBD_LL_Start(pdev);
 266              		.loc 1 391 3 is_stmt 1 view .LVU79
 267              		.loc 1 391 10 is_stmt 0 view .LVU80
 268 0002 FFF7FEFF 		bl	USBD_LL_Start
 269              	.LVL17:
 392:Middlewares/ST/STM32_USB_Device_Library/Core/Src/usbd_core.c **** }
 270              		.loc 1 392 1 view .LVU81
 271 0006 08BD     		pop	{r3, pc}
 272              		.cfi_endproc
 273              	.LFE342:
 275              		.section	.text.USBD_Stop,"ax",%progbits
 276              		.align	1
 277              		.global	USBD_Stop
 278              		.syntax unified
 279              		.thumb
 280              		.thumb_func
 282              	USBD_Stop:
 283              	.LVL18:
 284              	.LFB343:
 393:Middlewares/ST/STM32_USB_Device_Library/Core/Src/usbd_core.c **** 
 394:Middlewares/ST/STM32_USB_Device_Library/Core/Src/usbd_core.c **** /**
 395:Middlewares/ST/STM32_USB_Device_Library/Core/Src/usbd_core.c ****   * @brief  USBD_Stop
 396:Middlewares/ST/STM32_USB_Device_Library/Core/Src/usbd_core.c ****   *         Stop the USB Device Core.
 397:Middlewares/ST/STM32_USB_Device_Library/Core/Src/usbd_core.c ****   * @param  pdev: Device Handle
 398:Middlewares/ST/STM32_USB_Device_Library/Core/Src/usbd_core.c ****   * @retval USBD Status
 399:Middlewares/ST/STM32_USB_Device_Library/Core/Src/usbd_core.c ****   */
 400:Middlewares/ST/STM32_USB_Device_Library/Core/Src/usbd_core.c **** USBD_StatusTypeDef USBD_Stop(USBD_HandleTypeDef *pdev)
 401:Middlewares/ST/STM32_USB_Device_Library/Core/Src/usbd_core.c **** {
 285              		.loc 1 401 1 is_stmt 1 view -0
 286              		.cfi_startproc
 287              		@ args = 0, pretend = 0, frame = 0
 288              		@ frame_needed = 0, uses_anonymous_args = 0
ARM GAS  C:\Users\Made\AppData\Local\Temp\cc1yTtBM.s 			page 13


 289              		.loc 1 401 1 is_stmt 0 view .LVU83
 290 0000 10B5     		push	{r4, lr}
 291              	.LCFI8:
 292              		.cfi_def_cfa_offset 8
 293              		.cfi_offset 4, -8
 294              		.cfi_offset 14, -4
 295 0002 0446     		mov	r4, r0
 402:Middlewares/ST/STM32_USB_Device_Library/Core/Src/usbd_core.c ****   /* Disconnect USB Device */
 403:Middlewares/ST/STM32_USB_Device_Library/Core/Src/usbd_core.c ****   (void)USBD_LL_Stop(pdev);
 296              		.loc 1 403 3 is_stmt 1 view .LVU84
 297              		.loc 1 403 9 is_stmt 0 view .LVU85
 298 0004 FFF7FEFF 		bl	USBD_LL_Stop
 299              	.LVL19:
 404:Middlewares/ST/STM32_USB_Device_Library/Core/Src/usbd_core.c **** 
 405:Middlewares/ST/STM32_USB_Device_Library/Core/Src/usbd_core.c ****   /* Free Class Resources */
 406:Middlewares/ST/STM32_USB_Device_Library/Core/Src/usbd_core.c **** #ifdef USE_USBD_COMPOSITE
 407:Middlewares/ST/STM32_USB_Device_Library/Core/Src/usbd_core.c ****   /* Parse the table of classes in use */
 408:Middlewares/ST/STM32_USB_Device_Library/Core/Src/usbd_core.c ****   for (uint32_t i = 0U; i < USBD_MAX_SUPPORTED_CLASS; i++)
 409:Middlewares/ST/STM32_USB_Device_Library/Core/Src/usbd_core.c ****   {
 410:Middlewares/ST/STM32_USB_Device_Library/Core/Src/usbd_core.c ****     /* Check if current class is in use */
 411:Middlewares/ST/STM32_USB_Device_Library/Core/Src/usbd_core.c ****     if ((pdev->tclasslist[i].Active) == 1U)
 412:Middlewares/ST/STM32_USB_Device_Library/Core/Src/usbd_core.c ****     {
 413:Middlewares/ST/STM32_USB_Device_Library/Core/Src/usbd_core.c ****       if (pdev->pClass[i] != NULL)
 414:Middlewares/ST/STM32_USB_Device_Library/Core/Src/usbd_core.c ****       {
 415:Middlewares/ST/STM32_USB_Device_Library/Core/Src/usbd_core.c ****         pdev->classId = i;
 416:Middlewares/ST/STM32_USB_Device_Library/Core/Src/usbd_core.c ****         /* Free Class Resources */
 417:Middlewares/ST/STM32_USB_Device_Library/Core/Src/usbd_core.c ****         (void)pdev->pClass[i]->DeInit(pdev, (uint8_t)pdev->dev_config);
 418:Middlewares/ST/STM32_USB_Device_Library/Core/Src/usbd_core.c ****       }
 419:Middlewares/ST/STM32_USB_Device_Library/Core/Src/usbd_core.c ****     }
 420:Middlewares/ST/STM32_USB_Device_Library/Core/Src/usbd_core.c ****   }
 421:Middlewares/ST/STM32_USB_Device_Library/Core/Src/usbd_core.c **** 
 422:Middlewares/ST/STM32_USB_Device_Library/Core/Src/usbd_core.c ****   /* Reset the class ID */
 423:Middlewares/ST/STM32_USB_Device_Library/Core/Src/usbd_core.c ****   pdev->classId = 0U;
 424:Middlewares/ST/STM32_USB_Device_Library/Core/Src/usbd_core.c **** #else
 425:Middlewares/ST/STM32_USB_Device_Library/Core/Src/usbd_core.c ****   if (pdev->pClass[0] != NULL)
 300              		.loc 1 425 3 is_stmt 1 view .LVU86
 301              		.loc 1 425 19 is_stmt 0 view .LVU87
 302 0008 D4F8B832 		ldr	r3, [r4, #696]
 303              		.loc 1 425 6 view .LVU88
 304 000c 1BB1     		cbz	r3, .L20
 426:Middlewares/ST/STM32_USB_Device_Library/Core/Src/usbd_core.c ****   {
 427:Middlewares/ST/STM32_USB_Device_Library/Core/Src/usbd_core.c ****     (void)pdev->pClass[0]->DeInit(pdev, (uint8_t)pdev->dev_config);
 305              		.loc 1 427 5 is_stmt 1 view .LVU89
 306              		.loc 1 427 26 is_stmt 0 view .LVU90
 307 000e 5B68     		ldr	r3, [r3, #4]
 308              		.loc 1 427 11 view .LVU91
 309 0010 2179     		ldrb	r1, [r4, #4]	@ zero_extendqisi2
 310 0012 2046     		mov	r0, r4
 311 0014 9847     		blx	r3
 312              	.LVL20:
 313              	.L20:
 428:Middlewares/ST/STM32_USB_Device_Library/Core/Src/usbd_core.c ****   }
 429:Middlewares/ST/STM32_USB_Device_Library/Core/Src/usbd_core.c **** #endif /* USE_USBD_COMPOSITE */
 430:Middlewares/ST/STM32_USB_Device_Library/Core/Src/usbd_core.c **** 
 431:Middlewares/ST/STM32_USB_Device_Library/Core/Src/usbd_core.c ****   return USBD_OK;
 314              		.loc 1 431 3 is_stmt 1 view .LVU92
 432:Middlewares/ST/STM32_USB_Device_Library/Core/Src/usbd_core.c **** }
ARM GAS  C:\Users\Made\AppData\Local\Temp\cc1yTtBM.s 			page 14


 315              		.loc 1 432 1 is_stmt 0 view .LVU93
 316 0016 0020     		movs	r0, #0
 317 0018 10BD     		pop	{r4, pc}
 318              		.loc 1 432 1 view .LVU94
 319              		.cfi_endproc
 320              	.LFE343:
 322              		.section	.text.USBD_RunTestMode,"ax",%progbits
 323              		.align	1
 324              		.global	USBD_RunTestMode
 325              		.syntax unified
 326              		.thumb
 327              		.thumb_func
 329              	USBD_RunTestMode:
 330              	.LVL21:
 331              	.LFB344:
 433:Middlewares/ST/STM32_USB_Device_Library/Core/Src/usbd_core.c **** 
 434:Middlewares/ST/STM32_USB_Device_Library/Core/Src/usbd_core.c **** /**
 435:Middlewares/ST/STM32_USB_Device_Library/Core/Src/usbd_core.c ****   * @brief  USBD_RunTestMode
 436:Middlewares/ST/STM32_USB_Device_Library/Core/Src/usbd_core.c ****   *         Launch test mode process
 437:Middlewares/ST/STM32_USB_Device_Library/Core/Src/usbd_core.c ****   * @param  pdev: device instance
 438:Middlewares/ST/STM32_USB_Device_Library/Core/Src/usbd_core.c ****   * @retval status
 439:Middlewares/ST/STM32_USB_Device_Library/Core/Src/usbd_core.c ****   */
 440:Middlewares/ST/STM32_USB_Device_Library/Core/Src/usbd_core.c **** USBD_StatusTypeDef USBD_RunTestMode(USBD_HandleTypeDef *pdev)
 441:Middlewares/ST/STM32_USB_Device_Library/Core/Src/usbd_core.c **** {
 332              		.loc 1 441 1 is_stmt 1 view -0
 333              		.cfi_startproc
 334              		@ args = 0, pretend = 0, frame = 0
 335              		@ frame_needed = 0, uses_anonymous_args = 0
 336              		@ link register save eliminated.
 442:Middlewares/ST/STM32_USB_Device_Library/Core/Src/usbd_core.c **** #ifdef USBD_HS_TESTMODE_ENABLE
 443:Middlewares/ST/STM32_USB_Device_Library/Core/Src/usbd_core.c ****   USBD_StatusTypeDef ret;
 444:Middlewares/ST/STM32_USB_Device_Library/Core/Src/usbd_core.c **** 
 445:Middlewares/ST/STM32_USB_Device_Library/Core/Src/usbd_core.c ****   /* Run USB HS test mode */
 446:Middlewares/ST/STM32_USB_Device_Library/Core/Src/usbd_core.c ****   ret = USBD_LL_SetTestMode(pdev, pdev->dev_test_mode);
 447:Middlewares/ST/STM32_USB_Device_Library/Core/Src/usbd_core.c **** 
 448:Middlewares/ST/STM32_USB_Device_Library/Core/Src/usbd_core.c ****   return ret;
 449:Middlewares/ST/STM32_USB_Device_Library/Core/Src/usbd_core.c **** #else
 450:Middlewares/ST/STM32_USB_Device_Library/Core/Src/usbd_core.c ****   /* Prevent unused argument compilation warning */
 451:Middlewares/ST/STM32_USB_Device_Library/Core/Src/usbd_core.c ****   UNUSED(pdev);
 337              		.loc 1 451 3 view .LVU96
 452:Middlewares/ST/STM32_USB_Device_Library/Core/Src/usbd_core.c **** 
 453:Middlewares/ST/STM32_USB_Device_Library/Core/Src/usbd_core.c ****   return USBD_OK;
 338              		.loc 1 453 3 view .LVU97
 454:Middlewares/ST/STM32_USB_Device_Library/Core/Src/usbd_core.c **** #endif /* USBD_HS_TESTMODE_ENABLE */
 455:Middlewares/ST/STM32_USB_Device_Library/Core/Src/usbd_core.c **** }
 339              		.loc 1 455 1 is_stmt 0 view .LVU98
 340 0000 0020     		movs	r0, #0
 341              	.LVL22:
 342              		.loc 1 455 1 view .LVU99
 343 0002 7047     		bx	lr
 344              		.cfi_endproc
 345              	.LFE344:
 347              		.section	.text.USBD_SetClassConfig,"ax",%progbits
 348              		.align	1
 349              		.global	USBD_SetClassConfig
 350              		.syntax unified
 351              		.thumb
ARM GAS  C:\Users\Made\AppData\Local\Temp\cc1yTtBM.s 			page 15


 352              		.thumb_func
 354              	USBD_SetClassConfig:
 355              	.LVL23:
 356              	.LFB345:
 456:Middlewares/ST/STM32_USB_Device_Library/Core/Src/usbd_core.c **** 
 457:Middlewares/ST/STM32_USB_Device_Library/Core/Src/usbd_core.c **** /**
 458:Middlewares/ST/STM32_USB_Device_Library/Core/Src/usbd_core.c ****   * @brief  USBD_SetClassConfig
 459:Middlewares/ST/STM32_USB_Device_Library/Core/Src/usbd_core.c ****   *        Configure device and start the interface
 460:Middlewares/ST/STM32_USB_Device_Library/Core/Src/usbd_core.c ****   * @param  pdev: device instance
 461:Middlewares/ST/STM32_USB_Device_Library/Core/Src/usbd_core.c ****   * @param  cfgidx: configuration index
 462:Middlewares/ST/STM32_USB_Device_Library/Core/Src/usbd_core.c ****   * @retval status
 463:Middlewares/ST/STM32_USB_Device_Library/Core/Src/usbd_core.c ****   */
 464:Middlewares/ST/STM32_USB_Device_Library/Core/Src/usbd_core.c **** 
 465:Middlewares/ST/STM32_USB_Device_Library/Core/Src/usbd_core.c **** USBD_StatusTypeDef USBD_SetClassConfig(USBD_HandleTypeDef *pdev, uint8_t cfgidx)
 466:Middlewares/ST/STM32_USB_Device_Library/Core/Src/usbd_core.c **** {
 357              		.loc 1 466 1 is_stmt 1 view -0
 358              		.cfi_startproc
 359              		@ args = 0, pretend = 0, frame = 0
 360              		@ frame_needed = 0, uses_anonymous_args = 0
 361              		.loc 1 466 1 is_stmt 0 view .LVU101
 362 0000 08B5     		push	{r3, lr}
 363              	.LCFI9:
 364              		.cfi_def_cfa_offset 8
 365              		.cfi_offset 3, -8
 366              		.cfi_offset 14, -4
 467:Middlewares/ST/STM32_USB_Device_Library/Core/Src/usbd_core.c ****   USBD_StatusTypeDef ret = USBD_OK;
 367              		.loc 1 467 3 is_stmt 1 view .LVU102
 368              	.LVL24:
 468:Middlewares/ST/STM32_USB_Device_Library/Core/Src/usbd_core.c **** 
 469:Middlewares/ST/STM32_USB_Device_Library/Core/Src/usbd_core.c **** #ifdef USE_USBD_COMPOSITE
 470:Middlewares/ST/STM32_USB_Device_Library/Core/Src/usbd_core.c ****   /* Parse the table of classes in use */
 471:Middlewares/ST/STM32_USB_Device_Library/Core/Src/usbd_core.c ****   for (uint32_t i = 0U; i < USBD_MAX_SUPPORTED_CLASS; i++)
 472:Middlewares/ST/STM32_USB_Device_Library/Core/Src/usbd_core.c ****   {
 473:Middlewares/ST/STM32_USB_Device_Library/Core/Src/usbd_core.c ****     /* Check if current class is in use */
 474:Middlewares/ST/STM32_USB_Device_Library/Core/Src/usbd_core.c ****     if ((pdev->tclasslist[i].Active) == 1U)
 475:Middlewares/ST/STM32_USB_Device_Library/Core/Src/usbd_core.c ****     {
 476:Middlewares/ST/STM32_USB_Device_Library/Core/Src/usbd_core.c ****       if (pdev->pClass[i] != NULL)
 477:Middlewares/ST/STM32_USB_Device_Library/Core/Src/usbd_core.c ****       {
 478:Middlewares/ST/STM32_USB_Device_Library/Core/Src/usbd_core.c ****         pdev->classId = i;
 479:Middlewares/ST/STM32_USB_Device_Library/Core/Src/usbd_core.c ****         /* Set configuration  and Start the Class*/
 480:Middlewares/ST/STM32_USB_Device_Library/Core/Src/usbd_core.c ****         if (pdev->pClass[i]->Init(pdev, cfgidx) != 0U)
 481:Middlewares/ST/STM32_USB_Device_Library/Core/Src/usbd_core.c ****         {
 482:Middlewares/ST/STM32_USB_Device_Library/Core/Src/usbd_core.c ****           ret = USBD_FAIL;
 483:Middlewares/ST/STM32_USB_Device_Library/Core/Src/usbd_core.c ****         }
 484:Middlewares/ST/STM32_USB_Device_Library/Core/Src/usbd_core.c ****       }
 485:Middlewares/ST/STM32_USB_Device_Library/Core/Src/usbd_core.c ****     }
 486:Middlewares/ST/STM32_USB_Device_Library/Core/Src/usbd_core.c ****   }
 487:Middlewares/ST/STM32_USB_Device_Library/Core/Src/usbd_core.c **** #else
 488:Middlewares/ST/STM32_USB_Device_Library/Core/Src/usbd_core.c ****   if (pdev->pClass[0] != NULL)
 369              		.loc 1 488 3 view .LVU103
 370              		.loc 1 488 19 is_stmt 0 view .LVU104
 371 0002 D0F8B832 		ldr	r3, [r0, #696]
 372              		.loc 1 488 6 view .LVU105
 373 0006 13B1     		cbz	r3, .L25
 489:Middlewares/ST/STM32_USB_Device_Library/Core/Src/usbd_core.c ****   {
 490:Middlewares/ST/STM32_USB_Device_Library/Core/Src/usbd_core.c ****     /* Set configuration and Start the Class */
 491:Middlewares/ST/STM32_USB_Device_Library/Core/Src/usbd_core.c ****     ret = (USBD_StatusTypeDef)pdev->pClass[0]->Init(pdev, cfgidx);
ARM GAS  C:\Users\Made\AppData\Local\Temp\cc1yTtBM.s 			page 16


 374              		.loc 1 491 5 is_stmt 1 view .LVU106
 375              		.loc 1 491 46 is_stmt 0 view .LVU107
 376 0008 1B68     		ldr	r3, [r3]
 377              		.loc 1 491 31 view .LVU108
 378 000a 9847     		blx	r3
 379              	.LVL25:
 380              	.L24:
 492:Middlewares/ST/STM32_USB_Device_Library/Core/Src/usbd_core.c ****   }
 493:Middlewares/ST/STM32_USB_Device_Library/Core/Src/usbd_core.c **** #endif /* USE_USBD_COMPOSITE */
 494:Middlewares/ST/STM32_USB_Device_Library/Core/Src/usbd_core.c **** 
 495:Middlewares/ST/STM32_USB_Device_Library/Core/Src/usbd_core.c ****   return ret;
 381              		.loc 1 495 3 is_stmt 1 view .LVU109
 496:Middlewares/ST/STM32_USB_Device_Library/Core/Src/usbd_core.c **** }
 382              		.loc 1 496 1 is_stmt 0 view .LVU110
 383 000c 08BD     		pop	{r3, pc}
 384              	.LVL26:
 385              	.L25:
 467:Middlewares/ST/STM32_USB_Device_Library/Core/Src/usbd_core.c **** 
 386              		.loc 1 467 22 view .LVU111
 387 000e 0020     		movs	r0, #0
 388              	.LVL27:
 467:Middlewares/ST/STM32_USB_Device_Library/Core/Src/usbd_core.c **** 
 389              		.loc 1 467 22 view .LVU112
 390 0010 FCE7     		b	.L24
 391              		.cfi_endproc
 392              	.LFE345:
 394              		.section	.text.USBD_ClrClassConfig,"ax",%progbits
 395              		.align	1
 396              		.global	USBD_ClrClassConfig
 397              		.syntax unified
 398              		.thumb
 399              		.thumb_func
 401              	USBD_ClrClassConfig:
 402              	.LVL28:
 403              	.LFB346:
 497:Middlewares/ST/STM32_USB_Device_Library/Core/Src/usbd_core.c **** 
 498:Middlewares/ST/STM32_USB_Device_Library/Core/Src/usbd_core.c **** /**
 499:Middlewares/ST/STM32_USB_Device_Library/Core/Src/usbd_core.c ****   * @brief  USBD_ClrClassConfig
 500:Middlewares/ST/STM32_USB_Device_Library/Core/Src/usbd_core.c ****   *         Clear current configuration
 501:Middlewares/ST/STM32_USB_Device_Library/Core/Src/usbd_core.c ****   * @param  pdev: device instance
 502:Middlewares/ST/STM32_USB_Device_Library/Core/Src/usbd_core.c ****   * @param  cfgidx: configuration index
 503:Middlewares/ST/STM32_USB_Device_Library/Core/Src/usbd_core.c ****   * @retval status
 504:Middlewares/ST/STM32_USB_Device_Library/Core/Src/usbd_core.c ****   */
 505:Middlewares/ST/STM32_USB_Device_Library/Core/Src/usbd_core.c **** USBD_StatusTypeDef USBD_ClrClassConfig(USBD_HandleTypeDef *pdev, uint8_t cfgidx)
 506:Middlewares/ST/STM32_USB_Device_Library/Core/Src/usbd_core.c **** {
 404              		.loc 1 506 1 is_stmt 1 view -0
 405              		.cfi_startproc
 406              		@ args = 0, pretend = 0, frame = 0
 407              		@ frame_needed = 0, uses_anonymous_args = 0
 408              		.loc 1 506 1 is_stmt 0 view .LVU114
 409 0000 08B5     		push	{r3, lr}
 410              	.LCFI10:
 411              		.cfi_def_cfa_offset 8
 412              		.cfi_offset 3, -8
 413              		.cfi_offset 14, -4
 507:Middlewares/ST/STM32_USB_Device_Library/Core/Src/usbd_core.c ****   USBD_StatusTypeDef ret = USBD_OK;
 414              		.loc 1 507 3 is_stmt 1 view .LVU115
ARM GAS  C:\Users\Made\AppData\Local\Temp\cc1yTtBM.s 			page 17


 415              	.LVL29:
 508:Middlewares/ST/STM32_USB_Device_Library/Core/Src/usbd_core.c **** 
 509:Middlewares/ST/STM32_USB_Device_Library/Core/Src/usbd_core.c **** #ifdef USE_USBD_COMPOSITE
 510:Middlewares/ST/STM32_USB_Device_Library/Core/Src/usbd_core.c ****   /* Parse the table of classes in use */
 511:Middlewares/ST/STM32_USB_Device_Library/Core/Src/usbd_core.c ****   for (uint32_t i = 0U; i < USBD_MAX_SUPPORTED_CLASS; i++)
 512:Middlewares/ST/STM32_USB_Device_Library/Core/Src/usbd_core.c ****   {
 513:Middlewares/ST/STM32_USB_Device_Library/Core/Src/usbd_core.c ****     /* Check if current class is in use */
 514:Middlewares/ST/STM32_USB_Device_Library/Core/Src/usbd_core.c ****     if ((pdev->tclasslist[i].Active) == 1U)
 515:Middlewares/ST/STM32_USB_Device_Library/Core/Src/usbd_core.c ****     {
 516:Middlewares/ST/STM32_USB_Device_Library/Core/Src/usbd_core.c ****       if (pdev->pClass[i] != NULL)
 517:Middlewares/ST/STM32_USB_Device_Library/Core/Src/usbd_core.c ****       {
 518:Middlewares/ST/STM32_USB_Device_Library/Core/Src/usbd_core.c ****         pdev->classId = i;
 519:Middlewares/ST/STM32_USB_Device_Library/Core/Src/usbd_core.c ****         /* Clear configuration  and De-initialize the Class process */
 520:Middlewares/ST/STM32_USB_Device_Library/Core/Src/usbd_core.c ****         if (pdev->pClass[i]->DeInit(pdev, cfgidx) != 0U)
 521:Middlewares/ST/STM32_USB_Device_Library/Core/Src/usbd_core.c ****         {
 522:Middlewares/ST/STM32_USB_Device_Library/Core/Src/usbd_core.c ****           ret = USBD_FAIL;
 523:Middlewares/ST/STM32_USB_Device_Library/Core/Src/usbd_core.c ****         }
 524:Middlewares/ST/STM32_USB_Device_Library/Core/Src/usbd_core.c ****       }
 525:Middlewares/ST/STM32_USB_Device_Library/Core/Src/usbd_core.c ****     }
 526:Middlewares/ST/STM32_USB_Device_Library/Core/Src/usbd_core.c ****   }
 527:Middlewares/ST/STM32_USB_Device_Library/Core/Src/usbd_core.c **** #else
 528:Middlewares/ST/STM32_USB_Device_Library/Core/Src/usbd_core.c ****   /* Clear configuration  and De-initialize the Class process */
 529:Middlewares/ST/STM32_USB_Device_Library/Core/Src/usbd_core.c ****   if (pdev->pClass[0]->DeInit(pdev, cfgidx) != 0U)
 416              		.loc 1 529 3 view .LVU116
 417              		.loc 1 529 19 is_stmt 0 view .LVU117
 418 0002 D0F8B832 		ldr	r3, [r0, #696]
 419              		.loc 1 529 22 view .LVU118
 420 0006 5B68     		ldr	r3, [r3, #4]
 421              		.loc 1 529 7 view .LVU119
 422 0008 9847     		blx	r3
 423              	.LVL30:
 424              		.loc 1 529 6 discriminator 1 view .LVU120
 425 000a 00B9     		cbnz	r0, .L31
 426              	.L28:
 427              	.LVL31:
 530:Middlewares/ST/STM32_USB_Device_Library/Core/Src/usbd_core.c ****   {
 531:Middlewares/ST/STM32_USB_Device_Library/Core/Src/usbd_core.c ****     ret = USBD_FAIL;
 532:Middlewares/ST/STM32_USB_Device_Library/Core/Src/usbd_core.c ****   }
 533:Middlewares/ST/STM32_USB_Device_Library/Core/Src/usbd_core.c **** #endif /* USE_USBD_COMPOSITE */
 534:Middlewares/ST/STM32_USB_Device_Library/Core/Src/usbd_core.c **** 
 535:Middlewares/ST/STM32_USB_Device_Library/Core/Src/usbd_core.c ****   return ret;
 428              		.loc 1 535 3 is_stmt 1 view .LVU121
 536:Middlewares/ST/STM32_USB_Device_Library/Core/Src/usbd_core.c **** }
 429              		.loc 1 536 1 is_stmt 0 view .LVU122
 430 000c 08BD     		pop	{r3, pc}
 431              	.LVL32:
 432              	.L31:
 531:Middlewares/ST/STM32_USB_Device_Library/Core/Src/usbd_core.c ****   }
 433              		.loc 1 531 9 view .LVU123
 434 000e 0320     		movs	r0, #3
 435 0010 FCE7     		b	.L28
 436              		.cfi_endproc
 437              	.LFE346:
 439              		.section	.text.USBD_LL_SetupStage,"ax",%progbits
 440              		.align	1
 441              		.global	USBD_LL_SetupStage
 442              		.syntax unified
ARM GAS  C:\Users\Made\AppData\Local\Temp\cc1yTtBM.s 			page 18


 443              		.thumb
 444              		.thumb_func
 446              	USBD_LL_SetupStage:
 447              	.LVL33:
 448              	.LFB347:
 537:Middlewares/ST/STM32_USB_Device_Library/Core/Src/usbd_core.c **** 
 538:Middlewares/ST/STM32_USB_Device_Library/Core/Src/usbd_core.c **** 
 539:Middlewares/ST/STM32_USB_Device_Library/Core/Src/usbd_core.c **** /**
 540:Middlewares/ST/STM32_USB_Device_Library/Core/Src/usbd_core.c ****   * @brief  USBD_LL_SetupStage
 541:Middlewares/ST/STM32_USB_Device_Library/Core/Src/usbd_core.c ****   *         Handle the setup stage
 542:Middlewares/ST/STM32_USB_Device_Library/Core/Src/usbd_core.c ****   * @param  pdev: device instance
 543:Middlewares/ST/STM32_USB_Device_Library/Core/Src/usbd_core.c ****   * @param  psetup: setup packet buffer pointer
 544:Middlewares/ST/STM32_USB_Device_Library/Core/Src/usbd_core.c ****   * @retval status
 545:Middlewares/ST/STM32_USB_Device_Library/Core/Src/usbd_core.c ****   */
 546:Middlewares/ST/STM32_USB_Device_Library/Core/Src/usbd_core.c **** USBD_StatusTypeDef USBD_LL_SetupStage(USBD_HandleTypeDef *pdev, uint8_t *psetup)
 547:Middlewares/ST/STM32_USB_Device_Library/Core/Src/usbd_core.c **** {
 449              		.loc 1 547 1 is_stmt 1 view -0
 450              		.cfi_startproc
 451              		@ args = 0, pretend = 0, frame = 0
 452              		@ frame_needed = 0, uses_anonymous_args = 0
 453              		.loc 1 547 1 is_stmt 0 view .LVU125
 454 0000 38B5     		push	{r3, r4, r5, lr}
 455              	.LCFI11:
 456              		.cfi_def_cfa_offset 16
 457              		.cfi_offset 3, -16
 458              		.cfi_offset 4, -12
 459              		.cfi_offset 5, -8
 460              		.cfi_offset 14, -4
 461 0002 0446     		mov	r4, r0
 548:Middlewares/ST/STM32_USB_Device_Library/Core/Src/usbd_core.c ****   USBD_StatusTypeDef ret;
 462              		.loc 1 548 3 is_stmt 1 view .LVU126
 549:Middlewares/ST/STM32_USB_Device_Library/Core/Src/usbd_core.c **** 
 550:Middlewares/ST/STM32_USB_Device_Library/Core/Src/usbd_core.c ****   USBD_ParseSetupRequest(&pdev->request, psetup);
 463              		.loc 1 550 3 view .LVU127
 464 0004 00F2AA25 		addw	r5, r0, #682
 465 0008 2846     		mov	r0, r5
 466              	.LVL34:
 467              		.loc 1 550 3 is_stmt 0 view .LVU128
 468 000a FFF7FEFF 		bl	USBD_ParseSetupRequest
 469              	.LVL35:
 551:Middlewares/ST/STM32_USB_Device_Library/Core/Src/usbd_core.c **** 
 552:Middlewares/ST/STM32_USB_Device_Library/Core/Src/usbd_core.c ****   pdev->ep0_state = USBD_EP0_SETUP;
 470              		.loc 1 552 3 is_stmt 1 view .LVU129
 471              		.loc 1 552 19 is_stmt 0 view .LVU130
 472 000e 0123     		movs	r3, #1
 473 0010 C4F89432 		str	r3, [r4, #660]
 553:Middlewares/ST/STM32_USB_Device_Library/Core/Src/usbd_core.c **** 
 554:Middlewares/ST/STM32_USB_Device_Library/Core/Src/usbd_core.c ****   pdev->ep0_data_len = pdev->request.wLength;
 474              		.loc 1 554 3 is_stmt 1 view .LVU131
 475              		.loc 1 554 37 is_stmt 0 view .LVU132
 476 0014 B4F8B032 		ldrh	r3, [r4, #688]
 477              		.loc 1 554 22 view .LVU133
 478 0018 C4F89832 		str	r3, [r4, #664]
 555:Middlewares/ST/STM32_USB_Device_Library/Core/Src/usbd_core.c **** 
 556:Middlewares/ST/STM32_USB_Device_Library/Core/Src/usbd_core.c ****   switch (pdev->request.bmRequest & 0x1FU)
 479              		.loc 1 556 3 is_stmt 1 view .LVU134
 480              		.loc 1 556 24 is_stmt 0 view .LVU135
ARM GAS  C:\Users\Made\AppData\Local\Temp\cc1yTtBM.s 			page 19


 481 001c 94F8AA12 		ldrb	r1, [r4, #682]	@ zero_extendqisi2
 482 0020 01F01F03 		and	r3, r1, #31
 483              		.loc 1 556 3 view .LVU136
 484 0024 012B     		cmp	r3, #1
 485 0026 07D0     		beq	.L33
 486 0028 022B     		cmp	r3, #2
 487 002a 0AD0     		beq	.L34
 488 002c 73B9     		cbnz	r3, .L35
 557:Middlewares/ST/STM32_USB_Device_Library/Core/Src/usbd_core.c ****   {
 558:Middlewares/ST/STM32_USB_Device_Library/Core/Src/usbd_core.c ****     case USB_REQ_RECIPIENT_DEVICE:
 559:Middlewares/ST/STM32_USB_Device_Library/Core/Src/usbd_core.c ****       ret = USBD_StdDevReq(pdev, &pdev->request);
 489              		.loc 1 559 7 is_stmt 1 view .LVU137
 490              		.loc 1 559 13 is_stmt 0 view .LVU138
 491 002e 2946     		mov	r1, r5
 492 0030 2046     		mov	r0, r4
 493 0032 FFF7FEFF 		bl	USBD_StdDevReq
 494              	.LVL36:
 560:Middlewares/ST/STM32_USB_Device_Library/Core/Src/usbd_core.c ****       break;
 495              		.loc 1 560 7 is_stmt 1 view .LVU139
 496              	.L36:
 561:Middlewares/ST/STM32_USB_Device_Library/Core/Src/usbd_core.c **** 
 562:Middlewares/ST/STM32_USB_Device_Library/Core/Src/usbd_core.c ****     case USB_REQ_RECIPIENT_INTERFACE:
 563:Middlewares/ST/STM32_USB_Device_Library/Core/Src/usbd_core.c ****       ret = USBD_StdItfReq(pdev, &pdev->request);
 564:Middlewares/ST/STM32_USB_Device_Library/Core/Src/usbd_core.c ****       break;
 565:Middlewares/ST/STM32_USB_Device_Library/Core/Src/usbd_core.c **** 
 566:Middlewares/ST/STM32_USB_Device_Library/Core/Src/usbd_core.c ****     case USB_REQ_RECIPIENT_ENDPOINT:
 567:Middlewares/ST/STM32_USB_Device_Library/Core/Src/usbd_core.c ****       ret = USBD_StdEPReq(pdev, &pdev->request);
 568:Middlewares/ST/STM32_USB_Device_Library/Core/Src/usbd_core.c ****       break;
 569:Middlewares/ST/STM32_USB_Device_Library/Core/Src/usbd_core.c **** 
 570:Middlewares/ST/STM32_USB_Device_Library/Core/Src/usbd_core.c ****     default:
 571:Middlewares/ST/STM32_USB_Device_Library/Core/Src/usbd_core.c ****       ret = USBD_LL_StallEP(pdev, (pdev->request.bmRequest & 0x80U));
 572:Middlewares/ST/STM32_USB_Device_Library/Core/Src/usbd_core.c ****       break;
 573:Middlewares/ST/STM32_USB_Device_Library/Core/Src/usbd_core.c ****   }
 574:Middlewares/ST/STM32_USB_Device_Library/Core/Src/usbd_core.c **** 
 575:Middlewares/ST/STM32_USB_Device_Library/Core/Src/usbd_core.c ****   return ret;
 497              		.loc 1 575 3 view .LVU140
 576:Middlewares/ST/STM32_USB_Device_Library/Core/Src/usbd_core.c **** }
 498              		.loc 1 576 1 is_stmt 0 view .LVU141
 499 0036 38BD     		pop	{r3, r4, r5, pc}
 500              	.LVL37:
 501              	.L33:
 563:Middlewares/ST/STM32_USB_Device_Library/Core/Src/usbd_core.c ****       break;
 502              		.loc 1 563 7 is_stmt 1 view .LVU142
 563:Middlewares/ST/STM32_USB_Device_Library/Core/Src/usbd_core.c ****       break;
 503              		.loc 1 563 13 is_stmt 0 view .LVU143
 504 0038 2946     		mov	r1, r5
 505 003a 2046     		mov	r0, r4
 506 003c FFF7FEFF 		bl	USBD_StdItfReq
 507              	.LVL38:
 564:Middlewares/ST/STM32_USB_Device_Library/Core/Src/usbd_core.c **** 
 508              		.loc 1 564 7 is_stmt 1 view .LVU144
 509 0040 F9E7     		b	.L36
 510              	.LVL39:
 511              	.L34:
 567:Middlewares/ST/STM32_USB_Device_Library/Core/Src/usbd_core.c ****       break;
 512              		.loc 1 567 7 view .LVU145
 567:Middlewares/ST/STM32_USB_Device_Library/Core/Src/usbd_core.c ****       break;
ARM GAS  C:\Users\Made\AppData\Local\Temp\cc1yTtBM.s 			page 20


 513              		.loc 1 567 13 is_stmt 0 view .LVU146
 514 0042 2946     		mov	r1, r5
 515 0044 2046     		mov	r0, r4
 516 0046 FFF7FEFF 		bl	USBD_StdEPReq
 517              	.LVL40:
 568:Middlewares/ST/STM32_USB_Device_Library/Core/Src/usbd_core.c **** 
 518              		.loc 1 568 7 is_stmt 1 view .LVU147
 519 004a F4E7     		b	.L36
 520              	.LVL41:
 521              	.L35:
 571:Middlewares/ST/STM32_USB_Device_Library/Core/Src/usbd_core.c ****       break;
 522              		.loc 1 571 7 view .LVU148
 571:Middlewares/ST/STM32_USB_Device_Library/Core/Src/usbd_core.c ****       break;
 523              		.loc 1 571 13 is_stmt 0 view .LVU149
 524 004c 01F08001 		and	r1, r1, #128
 525 0050 2046     		mov	r0, r4
 526 0052 FFF7FEFF 		bl	USBD_LL_StallEP
 527              	.LVL42:
 572:Middlewares/ST/STM32_USB_Device_Library/Core/Src/usbd_core.c ****   }
 528              		.loc 1 572 7 is_stmt 1 view .LVU150
 529 0056 EEE7     		b	.L36
 530              		.cfi_endproc
 531              	.LFE347:
 533              		.section	.text.USBD_LL_Reset,"ax",%progbits
 534              		.align	1
 535              		.global	USBD_LL_Reset
 536              		.syntax unified
 537              		.thumb
 538              		.thumb_func
 540              	USBD_LL_Reset:
 541              	.LVL43:
 542              	.LFB350:
 577:Middlewares/ST/STM32_USB_Device_Library/Core/Src/usbd_core.c **** 
 578:Middlewares/ST/STM32_USB_Device_Library/Core/Src/usbd_core.c **** /**
 579:Middlewares/ST/STM32_USB_Device_Library/Core/Src/usbd_core.c ****   * @brief  USBD_LL_DataOutStage
 580:Middlewares/ST/STM32_USB_Device_Library/Core/Src/usbd_core.c ****   *         Handle data OUT stage
 581:Middlewares/ST/STM32_USB_Device_Library/Core/Src/usbd_core.c ****   * @param  pdev: device instance
 582:Middlewares/ST/STM32_USB_Device_Library/Core/Src/usbd_core.c ****   * @param  epnum: endpoint index
 583:Middlewares/ST/STM32_USB_Device_Library/Core/Src/usbd_core.c ****   * @param  pdata: data pointer
 584:Middlewares/ST/STM32_USB_Device_Library/Core/Src/usbd_core.c ****   * @retval status
 585:Middlewares/ST/STM32_USB_Device_Library/Core/Src/usbd_core.c ****   */
 586:Middlewares/ST/STM32_USB_Device_Library/Core/Src/usbd_core.c **** USBD_StatusTypeDef USBD_LL_DataOutStage(USBD_HandleTypeDef *pdev,
 587:Middlewares/ST/STM32_USB_Device_Library/Core/Src/usbd_core.c ****                                         uint8_t epnum, uint8_t *pdata)
 588:Middlewares/ST/STM32_USB_Device_Library/Core/Src/usbd_core.c **** {
 589:Middlewares/ST/STM32_USB_Device_Library/Core/Src/usbd_core.c ****   USBD_EndpointTypeDef *pep;
 590:Middlewares/ST/STM32_USB_Device_Library/Core/Src/usbd_core.c ****   USBD_StatusTypeDef ret = USBD_OK;
 591:Middlewares/ST/STM32_USB_Device_Library/Core/Src/usbd_core.c ****   uint8_t idx;
 592:Middlewares/ST/STM32_USB_Device_Library/Core/Src/usbd_core.c **** 
 593:Middlewares/ST/STM32_USB_Device_Library/Core/Src/usbd_core.c ****   if (epnum == 0U)
 594:Middlewares/ST/STM32_USB_Device_Library/Core/Src/usbd_core.c ****   {
 595:Middlewares/ST/STM32_USB_Device_Library/Core/Src/usbd_core.c ****     pep = &pdev->ep_out[0];
 596:Middlewares/ST/STM32_USB_Device_Library/Core/Src/usbd_core.c **** 
 597:Middlewares/ST/STM32_USB_Device_Library/Core/Src/usbd_core.c ****     if (pdev->ep0_state == USBD_EP0_DATA_OUT)
 598:Middlewares/ST/STM32_USB_Device_Library/Core/Src/usbd_core.c ****     {
 599:Middlewares/ST/STM32_USB_Device_Library/Core/Src/usbd_core.c ****       if (pep->rem_length > pep->maxpacket)
 600:Middlewares/ST/STM32_USB_Device_Library/Core/Src/usbd_core.c ****       {
 601:Middlewares/ST/STM32_USB_Device_Library/Core/Src/usbd_core.c ****         pep->rem_length -= pep->maxpacket;
ARM GAS  C:\Users\Made\AppData\Local\Temp\cc1yTtBM.s 			page 21


 602:Middlewares/ST/STM32_USB_Device_Library/Core/Src/usbd_core.c **** 
 603:Middlewares/ST/STM32_USB_Device_Library/Core/Src/usbd_core.c ****         (void)USBD_CtlContinueRx(pdev, pdata, MIN(pep->rem_length, pep->maxpacket));
 604:Middlewares/ST/STM32_USB_Device_Library/Core/Src/usbd_core.c ****       }
 605:Middlewares/ST/STM32_USB_Device_Library/Core/Src/usbd_core.c ****       else
 606:Middlewares/ST/STM32_USB_Device_Library/Core/Src/usbd_core.c ****       {
 607:Middlewares/ST/STM32_USB_Device_Library/Core/Src/usbd_core.c ****         /* Find the class ID relative to the current request */
 608:Middlewares/ST/STM32_USB_Device_Library/Core/Src/usbd_core.c ****         switch (pdev->request.bmRequest & 0x1FU)
 609:Middlewares/ST/STM32_USB_Device_Library/Core/Src/usbd_core.c ****         {
 610:Middlewares/ST/STM32_USB_Device_Library/Core/Src/usbd_core.c ****           case USB_REQ_RECIPIENT_DEVICE:
 611:Middlewares/ST/STM32_USB_Device_Library/Core/Src/usbd_core.c ****             /* Device requests must be managed by the first instantiated class
 612:Middlewares/ST/STM32_USB_Device_Library/Core/Src/usbd_core.c ****                (or duplicated by all classes for simplicity) */
 613:Middlewares/ST/STM32_USB_Device_Library/Core/Src/usbd_core.c ****             idx = 0U;
 614:Middlewares/ST/STM32_USB_Device_Library/Core/Src/usbd_core.c ****             break;
 615:Middlewares/ST/STM32_USB_Device_Library/Core/Src/usbd_core.c **** 
 616:Middlewares/ST/STM32_USB_Device_Library/Core/Src/usbd_core.c ****           case USB_REQ_RECIPIENT_INTERFACE:
 617:Middlewares/ST/STM32_USB_Device_Library/Core/Src/usbd_core.c ****             idx = USBD_CoreFindIF(pdev, LOBYTE(pdev->request.wIndex));
 618:Middlewares/ST/STM32_USB_Device_Library/Core/Src/usbd_core.c ****             break;
 619:Middlewares/ST/STM32_USB_Device_Library/Core/Src/usbd_core.c **** 
 620:Middlewares/ST/STM32_USB_Device_Library/Core/Src/usbd_core.c ****           case USB_REQ_RECIPIENT_ENDPOINT:
 621:Middlewares/ST/STM32_USB_Device_Library/Core/Src/usbd_core.c ****             idx = USBD_CoreFindEP(pdev, LOBYTE(pdev->request.wIndex));
 622:Middlewares/ST/STM32_USB_Device_Library/Core/Src/usbd_core.c ****             break;
 623:Middlewares/ST/STM32_USB_Device_Library/Core/Src/usbd_core.c **** 
 624:Middlewares/ST/STM32_USB_Device_Library/Core/Src/usbd_core.c ****           default:
 625:Middlewares/ST/STM32_USB_Device_Library/Core/Src/usbd_core.c ****             /* Back to the first class in case of doubt */
 626:Middlewares/ST/STM32_USB_Device_Library/Core/Src/usbd_core.c ****             idx = 0U;
 627:Middlewares/ST/STM32_USB_Device_Library/Core/Src/usbd_core.c ****             break;
 628:Middlewares/ST/STM32_USB_Device_Library/Core/Src/usbd_core.c ****         }
 629:Middlewares/ST/STM32_USB_Device_Library/Core/Src/usbd_core.c **** 
 630:Middlewares/ST/STM32_USB_Device_Library/Core/Src/usbd_core.c ****         if (idx < USBD_MAX_SUPPORTED_CLASS)
 631:Middlewares/ST/STM32_USB_Device_Library/Core/Src/usbd_core.c ****         {
 632:Middlewares/ST/STM32_USB_Device_Library/Core/Src/usbd_core.c ****           /* Setup the class ID and route the request to the relative class function */
 633:Middlewares/ST/STM32_USB_Device_Library/Core/Src/usbd_core.c ****           if (pdev->dev_state == USBD_STATE_CONFIGURED)
 634:Middlewares/ST/STM32_USB_Device_Library/Core/Src/usbd_core.c ****           {
 635:Middlewares/ST/STM32_USB_Device_Library/Core/Src/usbd_core.c ****             if (pdev->pClass[idx]->EP0_RxReady != NULL)
 636:Middlewares/ST/STM32_USB_Device_Library/Core/Src/usbd_core.c ****             {
 637:Middlewares/ST/STM32_USB_Device_Library/Core/Src/usbd_core.c ****               pdev->classId = idx;
 638:Middlewares/ST/STM32_USB_Device_Library/Core/Src/usbd_core.c ****               pdev->pClass[idx]->EP0_RxReady(pdev);
 639:Middlewares/ST/STM32_USB_Device_Library/Core/Src/usbd_core.c ****             }
 640:Middlewares/ST/STM32_USB_Device_Library/Core/Src/usbd_core.c ****           }
 641:Middlewares/ST/STM32_USB_Device_Library/Core/Src/usbd_core.c ****         }
 642:Middlewares/ST/STM32_USB_Device_Library/Core/Src/usbd_core.c **** 
 643:Middlewares/ST/STM32_USB_Device_Library/Core/Src/usbd_core.c ****         (void)USBD_CtlSendStatus(pdev);
 644:Middlewares/ST/STM32_USB_Device_Library/Core/Src/usbd_core.c ****       }
 645:Middlewares/ST/STM32_USB_Device_Library/Core/Src/usbd_core.c ****     }
 646:Middlewares/ST/STM32_USB_Device_Library/Core/Src/usbd_core.c ****   }
 647:Middlewares/ST/STM32_USB_Device_Library/Core/Src/usbd_core.c ****   else
 648:Middlewares/ST/STM32_USB_Device_Library/Core/Src/usbd_core.c ****   {
 649:Middlewares/ST/STM32_USB_Device_Library/Core/Src/usbd_core.c ****     /* Get the class index relative to this interface */
 650:Middlewares/ST/STM32_USB_Device_Library/Core/Src/usbd_core.c ****     idx = USBD_CoreFindEP(pdev, (epnum & 0x7FU));
 651:Middlewares/ST/STM32_USB_Device_Library/Core/Src/usbd_core.c **** 
 652:Middlewares/ST/STM32_USB_Device_Library/Core/Src/usbd_core.c ****     if (((uint16_t)idx != 0xFFU) && (idx < USBD_MAX_SUPPORTED_CLASS))
 653:Middlewares/ST/STM32_USB_Device_Library/Core/Src/usbd_core.c ****     {
 654:Middlewares/ST/STM32_USB_Device_Library/Core/Src/usbd_core.c ****       /* Call the class data out function to manage the request */
 655:Middlewares/ST/STM32_USB_Device_Library/Core/Src/usbd_core.c ****       if (pdev->dev_state == USBD_STATE_CONFIGURED)
 656:Middlewares/ST/STM32_USB_Device_Library/Core/Src/usbd_core.c ****       {
 657:Middlewares/ST/STM32_USB_Device_Library/Core/Src/usbd_core.c ****         if (pdev->pClass[idx]->DataOut != NULL)
 658:Middlewares/ST/STM32_USB_Device_Library/Core/Src/usbd_core.c ****         {
ARM GAS  C:\Users\Made\AppData\Local\Temp\cc1yTtBM.s 			page 22


 659:Middlewares/ST/STM32_USB_Device_Library/Core/Src/usbd_core.c ****           pdev->classId = idx;
 660:Middlewares/ST/STM32_USB_Device_Library/Core/Src/usbd_core.c ****           ret = (USBD_StatusTypeDef)pdev->pClass[idx]->DataOut(pdev, epnum);
 661:Middlewares/ST/STM32_USB_Device_Library/Core/Src/usbd_core.c ****         }
 662:Middlewares/ST/STM32_USB_Device_Library/Core/Src/usbd_core.c ****       }
 663:Middlewares/ST/STM32_USB_Device_Library/Core/Src/usbd_core.c ****       if (ret != USBD_OK)
 664:Middlewares/ST/STM32_USB_Device_Library/Core/Src/usbd_core.c ****       {
 665:Middlewares/ST/STM32_USB_Device_Library/Core/Src/usbd_core.c ****         return ret;
 666:Middlewares/ST/STM32_USB_Device_Library/Core/Src/usbd_core.c ****       }
 667:Middlewares/ST/STM32_USB_Device_Library/Core/Src/usbd_core.c ****     }
 668:Middlewares/ST/STM32_USB_Device_Library/Core/Src/usbd_core.c ****   }
 669:Middlewares/ST/STM32_USB_Device_Library/Core/Src/usbd_core.c **** 
 670:Middlewares/ST/STM32_USB_Device_Library/Core/Src/usbd_core.c ****   return USBD_OK;
 671:Middlewares/ST/STM32_USB_Device_Library/Core/Src/usbd_core.c **** }
 672:Middlewares/ST/STM32_USB_Device_Library/Core/Src/usbd_core.c **** 
 673:Middlewares/ST/STM32_USB_Device_Library/Core/Src/usbd_core.c **** /**
 674:Middlewares/ST/STM32_USB_Device_Library/Core/Src/usbd_core.c ****   * @brief  USBD_LL_DataInStage
 675:Middlewares/ST/STM32_USB_Device_Library/Core/Src/usbd_core.c ****   *         Handle data in stage
 676:Middlewares/ST/STM32_USB_Device_Library/Core/Src/usbd_core.c ****   * @param  pdev: device instance
 677:Middlewares/ST/STM32_USB_Device_Library/Core/Src/usbd_core.c ****   * @param  epnum: endpoint index
 678:Middlewares/ST/STM32_USB_Device_Library/Core/Src/usbd_core.c ****   * @param  pdata: data pointer
 679:Middlewares/ST/STM32_USB_Device_Library/Core/Src/usbd_core.c ****   * @retval status
 680:Middlewares/ST/STM32_USB_Device_Library/Core/Src/usbd_core.c ****   */
 681:Middlewares/ST/STM32_USB_Device_Library/Core/Src/usbd_core.c **** USBD_StatusTypeDef USBD_LL_DataInStage(USBD_HandleTypeDef *pdev,
 682:Middlewares/ST/STM32_USB_Device_Library/Core/Src/usbd_core.c ****                                        uint8_t epnum, uint8_t *pdata)
 683:Middlewares/ST/STM32_USB_Device_Library/Core/Src/usbd_core.c **** {
 684:Middlewares/ST/STM32_USB_Device_Library/Core/Src/usbd_core.c ****   USBD_EndpointTypeDef *pep;
 685:Middlewares/ST/STM32_USB_Device_Library/Core/Src/usbd_core.c ****   USBD_StatusTypeDef ret;
 686:Middlewares/ST/STM32_USB_Device_Library/Core/Src/usbd_core.c ****   uint8_t idx;
 687:Middlewares/ST/STM32_USB_Device_Library/Core/Src/usbd_core.c **** 
 688:Middlewares/ST/STM32_USB_Device_Library/Core/Src/usbd_core.c ****   if (epnum == 0U)
 689:Middlewares/ST/STM32_USB_Device_Library/Core/Src/usbd_core.c ****   {
 690:Middlewares/ST/STM32_USB_Device_Library/Core/Src/usbd_core.c ****     pep = &pdev->ep_in[0];
 691:Middlewares/ST/STM32_USB_Device_Library/Core/Src/usbd_core.c **** 
 692:Middlewares/ST/STM32_USB_Device_Library/Core/Src/usbd_core.c ****     if (pdev->ep0_state == USBD_EP0_DATA_IN)
 693:Middlewares/ST/STM32_USB_Device_Library/Core/Src/usbd_core.c ****     {
 694:Middlewares/ST/STM32_USB_Device_Library/Core/Src/usbd_core.c ****       if (pep->rem_length > pep->maxpacket)
 695:Middlewares/ST/STM32_USB_Device_Library/Core/Src/usbd_core.c ****       {
 696:Middlewares/ST/STM32_USB_Device_Library/Core/Src/usbd_core.c ****         pep->rem_length -= pep->maxpacket;
 697:Middlewares/ST/STM32_USB_Device_Library/Core/Src/usbd_core.c **** 
 698:Middlewares/ST/STM32_USB_Device_Library/Core/Src/usbd_core.c ****         (void)USBD_CtlContinueSendData(pdev, pdata, pep->rem_length);
 699:Middlewares/ST/STM32_USB_Device_Library/Core/Src/usbd_core.c **** 
 700:Middlewares/ST/STM32_USB_Device_Library/Core/Src/usbd_core.c ****         /* Prepare endpoint for premature end of transfer */
 701:Middlewares/ST/STM32_USB_Device_Library/Core/Src/usbd_core.c ****         (void)USBD_LL_PrepareReceive(pdev, 0U, NULL, 0U);
 702:Middlewares/ST/STM32_USB_Device_Library/Core/Src/usbd_core.c ****       }
 703:Middlewares/ST/STM32_USB_Device_Library/Core/Src/usbd_core.c ****       else
 704:Middlewares/ST/STM32_USB_Device_Library/Core/Src/usbd_core.c ****       {
 705:Middlewares/ST/STM32_USB_Device_Library/Core/Src/usbd_core.c ****         /* last packet is MPS multiple, so send ZLP packet */
 706:Middlewares/ST/STM32_USB_Device_Library/Core/Src/usbd_core.c ****         if ((pep->maxpacket == pep->rem_length) &&
 707:Middlewares/ST/STM32_USB_Device_Library/Core/Src/usbd_core.c ****             (pep->total_length >= pep->maxpacket) &&
 708:Middlewares/ST/STM32_USB_Device_Library/Core/Src/usbd_core.c ****             (pep->total_length < pdev->ep0_data_len))
 709:Middlewares/ST/STM32_USB_Device_Library/Core/Src/usbd_core.c ****         {
 710:Middlewares/ST/STM32_USB_Device_Library/Core/Src/usbd_core.c ****           (void)USBD_CtlContinueSendData(pdev, NULL, 0U);
 711:Middlewares/ST/STM32_USB_Device_Library/Core/Src/usbd_core.c ****           pdev->ep0_data_len = 0U;
 712:Middlewares/ST/STM32_USB_Device_Library/Core/Src/usbd_core.c **** 
 713:Middlewares/ST/STM32_USB_Device_Library/Core/Src/usbd_core.c ****           /* Prepare endpoint for premature end of transfer */
 714:Middlewares/ST/STM32_USB_Device_Library/Core/Src/usbd_core.c ****           (void)USBD_LL_PrepareReceive(pdev, 0U, NULL, 0U);
 715:Middlewares/ST/STM32_USB_Device_Library/Core/Src/usbd_core.c ****         }
ARM GAS  C:\Users\Made\AppData\Local\Temp\cc1yTtBM.s 			page 23


 716:Middlewares/ST/STM32_USB_Device_Library/Core/Src/usbd_core.c ****         else
 717:Middlewares/ST/STM32_USB_Device_Library/Core/Src/usbd_core.c ****         {
 718:Middlewares/ST/STM32_USB_Device_Library/Core/Src/usbd_core.c ****           if (pdev->dev_state == USBD_STATE_CONFIGURED)
 719:Middlewares/ST/STM32_USB_Device_Library/Core/Src/usbd_core.c ****           {
 720:Middlewares/ST/STM32_USB_Device_Library/Core/Src/usbd_core.c ****             if (pdev->pClass[0]->EP0_TxSent != NULL)
 721:Middlewares/ST/STM32_USB_Device_Library/Core/Src/usbd_core.c ****             {
 722:Middlewares/ST/STM32_USB_Device_Library/Core/Src/usbd_core.c ****               pdev->classId = 0U;
 723:Middlewares/ST/STM32_USB_Device_Library/Core/Src/usbd_core.c ****               pdev->pClass[0]->EP0_TxSent(pdev);
 724:Middlewares/ST/STM32_USB_Device_Library/Core/Src/usbd_core.c ****             }
 725:Middlewares/ST/STM32_USB_Device_Library/Core/Src/usbd_core.c ****           }
 726:Middlewares/ST/STM32_USB_Device_Library/Core/Src/usbd_core.c ****           (void)USBD_LL_StallEP(pdev, 0x80U);
 727:Middlewares/ST/STM32_USB_Device_Library/Core/Src/usbd_core.c ****           (void)USBD_CtlReceiveStatus(pdev);
 728:Middlewares/ST/STM32_USB_Device_Library/Core/Src/usbd_core.c ****         }
 729:Middlewares/ST/STM32_USB_Device_Library/Core/Src/usbd_core.c ****       }
 730:Middlewares/ST/STM32_USB_Device_Library/Core/Src/usbd_core.c ****     }
 731:Middlewares/ST/STM32_USB_Device_Library/Core/Src/usbd_core.c **** 
 732:Middlewares/ST/STM32_USB_Device_Library/Core/Src/usbd_core.c ****     if (pdev->dev_test_mode != 0U)
 733:Middlewares/ST/STM32_USB_Device_Library/Core/Src/usbd_core.c ****     {
 734:Middlewares/ST/STM32_USB_Device_Library/Core/Src/usbd_core.c ****       (void)USBD_RunTestMode(pdev);
 735:Middlewares/ST/STM32_USB_Device_Library/Core/Src/usbd_core.c ****       pdev->dev_test_mode = 0U;
 736:Middlewares/ST/STM32_USB_Device_Library/Core/Src/usbd_core.c ****     }
 737:Middlewares/ST/STM32_USB_Device_Library/Core/Src/usbd_core.c ****   }
 738:Middlewares/ST/STM32_USB_Device_Library/Core/Src/usbd_core.c ****   else
 739:Middlewares/ST/STM32_USB_Device_Library/Core/Src/usbd_core.c ****   {
 740:Middlewares/ST/STM32_USB_Device_Library/Core/Src/usbd_core.c ****     /* Get the class index relative to this interface */
 741:Middlewares/ST/STM32_USB_Device_Library/Core/Src/usbd_core.c ****     idx = USBD_CoreFindEP(pdev, ((uint8_t)epnum | 0x80U));
 742:Middlewares/ST/STM32_USB_Device_Library/Core/Src/usbd_core.c **** 
 743:Middlewares/ST/STM32_USB_Device_Library/Core/Src/usbd_core.c ****     if (((uint16_t)idx != 0xFFU) && (idx < USBD_MAX_SUPPORTED_CLASS))
 744:Middlewares/ST/STM32_USB_Device_Library/Core/Src/usbd_core.c ****     {
 745:Middlewares/ST/STM32_USB_Device_Library/Core/Src/usbd_core.c ****       /* Call the class data out function to manage the request */
 746:Middlewares/ST/STM32_USB_Device_Library/Core/Src/usbd_core.c ****       if (pdev->dev_state == USBD_STATE_CONFIGURED)
 747:Middlewares/ST/STM32_USB_Device_Library/Core/Src/usbd_core.c ****       {
 748:Middlewares/ST/STM32_USB_Device_Library/Core/Src/usbd_core.c ****         if (pdev->pClass[idx]->DataIn != NULL)
 749:Middlewares/ST/STM32_USB_Device_Library/Core/Src/usbd_core.c ****         {
 750:Middlewares/ST/STM32_USB_Device_Library/Core/Src/usbd_core.c ****           pdev->classId = idx;
 751:Middlewares/ST/STM32_USB_Device_Library/Core/Src/usbd_core.c ****           ret = (USBD_StatusTypeDef)pdev->pClass[idx]->DataIn(pdev, epnum);
 752:Middlewares/ST/STM32_USB_Device_Library/Core/Src/usbd_core.c **** 
 753:Middlewares/ST/STM32_USB_Device_Library/Core/Src/usbd_core.c ****           if (ret != USBD_OK)
 754:Middlewares/ST/STM32_USB_Device_Library/Core/Src/usbd_core.c ****           {
 755:Middlewares/ST/STM32_USB_Device_Library/Core/Src/usbd_core.c ****             return ret;
 756:Middlewares/ST/STM32_USB_Device_Library/Core/Src/usbd_core.c ****           }
 757:Middlewares/ST/STM32_USB_Device_Library/Core/Src/usbd_core.c ****         }
 758:Middlewares/ST/STM32_USB_Device_Library/Core/Src/usbd_core.c ****       }
 759:Middlewares/ST/STM32_USB_Device_Library/Core/Src/usbd_core.c ****     }
 760:Middlewares/ST/STM32_USB_Device_Library/Core/Src/usbd_core.c ****   }
 761:Middlewares/ST/STM32_USB_Device_Library/Core/Src/usbd_core.c **** 
 762:Middlewares/ST/STM32_USB_Device_Library/Core/Src/usbd_core.c ****   return USBD_OK;
 763:Middlewares/ST/STM32_USB_Device_Library/Core/Src/usbd_core.c **** }
 764:Middlewares/ST/STM32_USB_Device_Library/Core/Src/usbd_core.c **** 
 765:Middlewares/ST/STM32_USB_Device_Library/Core/Src/usbd_core.c **** /**
 766:Middlewares/ST/STM32_USB_Device_Library/Core/Src/usbd_core.c ****   * @brief  USBD_LL_Reset
 767:Middlewares/ST/STM32_USB_Device_Library/Core/Src/usbd_core.c ****   *         Handle Reset event
 768:Middlewares/ST/STM32_USB_Device_Library/Core/Src/usbd_core.c ****   * @param  pdev: device instance
 769:Middlewares/ST/STM32_USB_Device_Library/Core/Src/usbd_core.c ****   * @retval status
 770:Middlewares/ST/STM32_USB_Device_Library/Core/Src/usbd_core.c ****   */
 771:Middlewares/ST/STM32_USB_Device_Library/Core/Src/usbd_core.c **** USBD_StatusTypeDef USBD_LL_Reset(USBD_HandleTypeDef *pdev)
 772:Middlewares/ST/STM32_USB_Device_Library/Core/Src/usbd_core.c **** {
ARM GAS  C:\Users\Made\AppData\Local\Temp\cc1yTtBM.s 			page 24


 543              		.loc 1 772 1 view -0
 544              		.cfi_startproc
 545              		@ args = 0, pretend = 0, frame = 0
 546              		@ frame_needed = 0, uses_anonymous_args = 0
 547              		.loc 1 772 1 is_stmt 0 view .LVU152
 548 0000 F8B5     		push	{r3, r4, r5, r6, r7, lr}
 549              	.LCFI12:
 550              		.cfi_def_cfa_offset 24
 551              		.cfi_offset 3, -24
 552              		.cfi_offset 4, -20
 553              		.cfi_offset 5, -16
 554              		.cfi_offset 6, -12
 555              		.cfi_offset 7, -8
 556              		.cfi_offset 14, -4
 557 0002 0446     		mov	r4, r0
 773:Middlewares/ST/STM32_USB_Device_Library/Core/Src/usbd_core.c ****   USBD_StatusTypeDef ret = USBD_OK;
 558              		.loc 1 773 3 is_stmt 1 view .LVU153
 559              	.LVL44:
 774:Middlewares/ST/STM32_USB_Device_Library/Core/Src/usbd_core.c **** 
 775:Middlewares/ST/STM32_USB_Device_Library/Core/Src/usbd_core.c ****   /* Upon Reset call user call back */
 776:Middlewares/ST/STM32_USB_Device_Library/Core/Src/usbd_core.c ****   pdev->dev_state = USBD_STATE_DEFAULT;
 560              		.loc 1 776 3 view .LVU154
 561              		.loc 1 776 19 is_stmt 0 view .LVU155
 562 0004 0123     		movs	r3, #1
 563 0006 80F89C32 		strb	r3, [r0, #668]
 777:Middlewares/ST/STM32_USB_Device_Library/Core/Src/usbd_core.c ****   pdev->ep0_state = USBD_EP0_IDLE;
 564              		.loc 1 777 3 is_stmt 1 view .LVU156
 565              		.loc 1 777 19 is_stmt 0 view .LVU157
 566 000a 0023     		movs	r3, #0
 567 000c C0F89432 		str	r3, [r0, #660]
 778:Middlewares/ST/STM32_USB_Device_Library/Core/Src/usbd_core.c ****   pdev->dev_config = 0U;
 568              		.loc 1 778 3 is_stmt 1 view .LVU158
 569              		.loc 1 778 20 is_stmt 0 view .LVU159
 570 0010 4360     		str	r3, [r0, #4]
 779:Middlewares/ST/STM32_USB_Device_Library/Core/Src/usbd_core.c ****   pdev->dev_remote_wakeup = 0U;
 571              		.loc 1 779 3 is_stmt 1 view .LVU160
 572              		.loc 1 779 27 is_stmt 0 view .LVU161
 573 0012 C0F8A432 		str	r3, [r0, #676]
 780:Middlewares/ST/STM32_USB_Device_Library/Core/Src/usbd_core.c ****   pdev->dev_test_mode = 0U;
 574              		.loc 1 780 3 is_stmt 1 view .LVU162
 575              		.loc 1 780 23 is_stmt 0 view .LVU163
 576 0016 80F8A032 		strb	r3, [r0, #672]
 781:Middlewares/ST/STM32_USB_Device_Library/Core/Src/usbd_core.c **** 
 782:Middlewares/ST/STM32_USB_Device_Library/Core/Src/usbd_core.c **** #ifdef USE_USBD_COMPOSITE
 783:Middlewares/ST/STM32_USB_Device_Library/Core/Src/usbd_core.c ****   /* Parse the table of classes in use */
 784:Middlewares/ST/STM32_USB_Device_Library/Core/Src/usbd_core.c ****   for (uint32_t i = 0U; i < USBD_MAX_SUPPORTED_CLASS; i++)
 785:Middlewares/ST/STM32_USB_Device_Library/Core/Src/usbd_core.c ****   {
 786:Middlewares/ST/STM32_USB_Device_Library/Core/Src/usbd_core.c ****     /* Check if current class is in use */
 787:Middlewares/ST/STM32_USB_Device_Library/Core/Src/usbd_core.c ****     if ((pdev->tclasslist[i].Active) == 1U)
 788:Middlewares/ST/STM32_USB_Device_Library/Core/Src/usbd_core.c ****     {
 789:Middlewares/ST/STM32_USB_Device_Library/Core/Src/usbd_core.c ****       if (pdev->pClass[i] != NULL)
 790:Middlewares/ST/STM32_USB_Device_Library/Core/Src/usbd_core.c ****       {
 791:Middlewares/ST/STM32_USB_Device_Library/Core/Src/usbd_core.c ****         pdev->classId = i;
 792:Middlewares/ST/STM32_USB_Device_Library/Core/Src/usbd_core.c ****         /* Clear configuration  and De-initialize the Class process*/
 793:Middlewares/ST/STM32_USB_Device_Library/Core/Src/usbd_core.c **** 
 794:Middlewares/ST/STM32_USB_Device_Library/Core/Src/usbd_core.c ****         if (pdev->pClass[i]->DeInit != NULL)
 795:Middlewares/ST/STM32_USB_Device_Library/Core/Src/usbd_core.c ****         {
ARM GAS  C:\Users\Made\AppData\Local\Temp\cc1yTtBM.s 			page 25


 796:Middlewares/ST/STM32_USB_Device_Library/Core/Src/usbd_core.c ****           if (pdev->pClass[i]->DeInit(pdev, (uint8_t)pdev->dev_config) != USBD_OK)
 797:Middlewares/ST/STM32_USB_Device_Library/Core/Src/usbd_core.c ****           {
 798:Middlewares/ST/STM32_USB_Device_Library/Core/Src/usbd_core.c ****             ret = USBD_FAIL;
 799:Middlewares/ST/STM32_USB_Device_Library/Core/Src/usbd_core.c ****           }
 800:Middlewares/ST/STM32_USB_Device_Library/Core/Src/usbd_core.c ****         }
 801:Middlewares/ST/STM32_USB_Device_Library/Core/Src/usbd_core.c ****       }
 802:Middlewares/ST/STM32_USB_Device_Library/Core/Src/usbd_core.c ****     }
 803:Middlewares/ST/STM32_USB_Device_Library/Core/Src/usbd_core.c ****   }
 804:Middlewares/ST/STM32_USB_Device_Library/Core/Src/usbd_core.c **** #else
 805:Middlewares/ST/STM32_USB_Device_Library/Core/Src/usbd_core.c **** 
 806:Middlewares/ST/STM32_USB_Device_Library/Core/Src/usbd_core.c ****   if (pdev->pClass[0] != NULL)
 577              		.loc 1 806 3 is_stmt 1 view .LVU164
 578              		.loc 1 806 19 is_stmt 0 view .LVU165
 579 001a D0F8B832 		ldr	r3, [r0, #696]
 580              		.loc 1 806 6 view .LVU166
 581 001e DBB1     		cbz	r3, .L40
 807:Middlewares/ST/STM32_USB_Device_Library/Core/Src/usbd_core.c ****   {
 808:Middlewares/ST/STM32_USB_Device_Library/Core/Src/usbd_core.c ****     if (pdev->pClass[0]->DeInit != NULL)
 582              		.loc 1 808 5 is_stmt 1 view .LVU167
 583              		.loc 1 808 24 is_stmt 0 view .LVU168
 584 0020 5B68     		ldr	r3, [r3, #4]
 585              		.loc 1 808 8 view .LVU169
 586 0022 DBB1     		cbz	r3, .L41
 809:Middlewares/ST/STM32_USB_Device_Library/Core/Src/usbd_core.c ****     {
 810:Middlewares/ST/STM32_USB_Device_Library/Core/Src/usbd_core.c ****       if (pdev->pClass[0]->DeInit(pdev, (uint8_t)pdev->dev_config) != USBD_OK)
 587              		.loc 1 810 7 is_stmt 1 view .LVU170
 588              		.loc 1 810 11 is_stmt 0 view .LVU171
 589 0024 0021     		movs	r1, #0
 590 0026 9847     		blx	r3
 591              	.LVL45:
 592              		.loc 1 810 10 discriminator 1 view .LVU172
 593 0028 0746     		mov	r7, r0
 594 002a C8B9     		cbnz	r0, .L44
 595              	.L39:
 596              	.LVL46:
 811:Middlewares/ST/STM32_USB_Device_Library/Core/Src/usbd_core.c ****       {
 812:Middlewares/ST/STM32_USB_Device_Library/Core/Src/usbd_core.c ****         ret = USBD_FAIL;
 813:Middlewares/ST/STM32_USB_Device_Library/Core/Src/usbd_core.c ****       }
 814:Middlewares/ST/STM32_USB_Device_Library/Core/Src/usbd_core.c ****     }
 815:Middlewares/ST/STM32_USB_Device_Library/Core/Src/usbd_core.c ****   }
 816:Middlewares/ST/STM32_USB_Device_Library/Core/Src/usbd_core.c **** #endif /* USE_USBD_COMPOSITE */
 817:Middlewares/ST/STM32_USB_Device_Library/Core/Src/usbd_core.c **** 
 818:Middlewares/ST/STM32_USB_Device_Library/Core/Src/usbd_core.c ****   /* Open EP0 OUT */
 819:Middlewares/ST/STM32_USB_Device_Library/Core/Src/usbd_core.c ****   (void)USBD_LL_OpenEP(pdev, 0x00U, USBD_EP_TYPE_CTRL, USB_MAX_EP0_SIZE);
 597              		.loc 1 819 3 is_stmt 1 view .LVU173
 598              		.loc 1 819 9 is_stmt 0 view .LVU174
 599 002c 4023     		movs	r3, #64
 600 002e 0022     		movs	r2, #0
 601 0030 1146     		mov	r1, r2
 602 0032 2046     		mov	r0, r4
 603 0034 FFF7FEFF 		bl	USBD_LL_OpenEP
 604              	.LVL47:
 820:Middlewares/ST/STM32_USB_Device_Library/Core/Src/usbd_core.c ****   pdev->ep_out[0x00U & 0xFU].is_used = 1U;
 605              		.loc 1 820 3 is_stmt 1 view .LVU175
 606              		.loc 1 820 38 is_stmt 0 view .LVU176
 607 0038 0126     		movs	r6, #1
 608 003a A4F86461 		strh	r6, [r4, #356]	@ movhi
ARM GAS  C:\Users\Made\AppData\Local\Temp\cc1yTtBM.s 			page 26


 821:Middlewares/ST/STM32_USB_Device_Library/Core/Src/usbd_core.c **** 
 822:Middlewares/ST/STM32_USB_Device_Library/Core/Src/usbd_core.c ****   pdev->ep_out[0].maxpacket = USB_MAX_EP0_SIZE;
 609              		.loc 1 822 3 is_stmt 1 view .LVU177
 610              		.loc 1 822 29 is_stmt 0 view .LVU178
 611 003e 4025     		movs	r5, #64
 612 0040 C4F86051 		str	r5, [r4, #352]
 823:Middlewares/ST/STM32_USB_Device_Library/Core/Src/usbd_core.c **** 
 824:Middlewares/ST/STM32_USB_Device_Library/Core/Src/usbd_core.c ****   /* Open EP0 IN */
 825:Middlewares/ST/STM32_USB_Device_Library/Core/Src/usbd_core.c ****   (void)USBD_LL_OpenEP(pdev, 0x80U, USBD_EP_TYPE_CTRL, USB_MAX_EP0_SIZE);
 613              		.loc 1 825 3 is_stmt 1 view .LVU179
 614              		.loc 1 825 9 is_stmt 0 view .LVU180
 615 0044 2B46     		mov	r3, r5
 616 0046 0022     		movs	r2, #0
 617 0048 8021     		movs	r1, #128
 618 004a 2046     		mov	r0, r4
 619 004c FFF7FEFF 		bl	USBD_LL_OpenEP
 620              	.LVL48:
 826:Middlewares/ST/STM32_USB_Device_Library/Core/Src/usbd_core.c ****   pdev->ep_in[0x80U & 0xFU].is_used = 1U;
 621              		.loc 1 826 3 is_stmt 1 view .LVU181
 622              		.loc 1 826 37 is_stmt 0 view .LVU182
 623 0050 A684     		strh	r6, [r4, #36]	@ movhi
 827:Middlewares/ST/STM32_USB_Device_Library/Core/Src/usbd_core.c **** 
 828:Middlewares/ST/STM32_USB_Device_Library/Core/Src/usbd_core.c ****   pdev->ep_in[0].maxpacket = USB_MAX_EP0_SIZE;
 624              		.loc 1 828 3 is_stmt 1 view .LVU183
 625              		.loc 1 828 28 is_stmt 0 view .LVU184
 626 0052 2562     		str	r5, [r4, #32]
 829:Middlewares/ST/STM32_USB_Device_Library/Core/Src/usbd_core.c **** 
 830:Middlewares/ST/STM32_USB_Device_Library/Core/Src/usbd_core.c ****   return ret;
 627              		.loc 1 830 3 is_stmt 1 view .LVU185
 831:Middlewares/ST/STM32_USB_Device_Library/Core/Src/usbd_core.c **** }
 628              		.loc 1 831 1 is_stmt 0 view .LVU186
 629 0054 3846     		mov	r0, r7
 630 0056 F8BD     		pop	{r3, r4, r5, r6, r7, pc}
 631              	.LVL49:
 632              	.L40:
 773:Middlewares/ST/STM32_USB_Device_Library/Core/Src/usbd_core.c **** 
 633              		.loc 1 773 22 view .LVU187
 634 0058 0027     		movs	r7, #0
 635 005a E7E7     		b	.L39
 636              	.L41:
 637 005c 0027     		movs	r7, #0
 638 005e E5E7     		b	.L39
 639              	.LVL50:
 640              	.L44:
 812:Middlewares/ST/STM32_USB_Device_Library/Core/Src/usbd_core.c ****       }
 641              		.loc 1 812 13 view .LVU188
 642 0060 0327     		movs	r7, #3
 643 0062 E3E7     		b	.L39
 644              		.cfi_endproc
 645              	.LFE350:
 647              		.section	.text.USBD_LL_SetSpeed,"ax",%progbits
 648              		.align	1
 649              		.global	USBD_LL_SetSpeed
 650              		.syntax unified
 651              		.thumb
 652              		.thumb_func
 654              	USBD_LL_SetSpeed:
ARM GAS  C:\Users\Made\AppData\Local\Temp\cc1yTtBM.s 			page 27


 655              	.LVL51:
 656              	.LFB351:
 832:Middlewares/ST/STM32_USB_Device_Library/Core/Src/usbd_core.c **** 
 833:Middlewares/ST/STM32_USB_Device_Library/Core/Src/usbd_core.c **** /**
 834:Middlewares/ST/STM32_USB_Device_Library/Core/Src/usbd_core.c ****   * @brief  USBD_LL_SetSpeed
 835:Middlewares/ST/STM32_USB_Device_Library/Core/Src/usbd_core.c ****   *         Handle Reset event
 836:Middlewares/ST/STM32_USB_Device_Library/Core/Src/usbd_core.c ****   * @param  pdev: device instance
 837:Middlewares/ST/STM32_USB_Device_Library/Core/Src/usbd_core.c ****   * @retval status
 838:Middlewares/ST/STM32_USB_Device_Library/Core/Src/usbd_core.c ****   */
 839:Middlewares/ST/STM32_USB_Device_Library/Core/Src/usbd_core.c **** USBD_StatusTypeDef USBD_LL_SetSpeed(USBD_HandleTypeDef *pdev,
 840:Middlewares/ST/STM32_USB_Device_Library/Core/Src/usbd_core.c ****                                     USBD_SpeedTypeDef speed)
 841:Middlewares/ST/STM32_USB_Device_Library/Core/Src/usbd_core.c **** {
 657              		.loc 1 841 1 is_stmt 1 view -0
 658              		.cfi_startproc
 659              		@ args = 0, pretend = 0, frame = 0
 660              		@ frame_needed = 0, uses_anonymous_args = 0
 661              		@ link register save eliminated.
 842:Middlewares/ST/STM32_USB_Device_Library/Core/Src/usbd_core.c ****   pdev->dev_speed = speed;
 662              		.loc 1 842 3 view .LVU190
 663              		.loc 1 842 19 is_stmt 0 view .LVU191
 664 0000 0174     		strb	r1, [r0, #16]
 843:Middlewares/ST/STM32_USB_Device_Library/Core/Src/usbd_core.c **** 
 844:Middlewares/ST/STM32_USB_Device_Library/Core/Src/usbd_core.c ****   return USBD_OK;
 665              		.loc 1 844 3 is_stmt 1 view .LVU192
 845:Middlewares/ST/STM32_USB_Device_Library/Core/Src/usbd_core.c **** }
 666              		.loc 1 845 1 is_stmt 0 view .LVU193
 667 0002 0020     		movs	r0, #0
 668              	.LVL52:
 669              		.loc 1 845 1 view .LVU194
 670 0004 7047     		bx	lr
 671              		.cfi_endproc
 672              	.LFE351:
 674              		.section	.text.USBD_LL_Suspend,"ax",%progbits
 675              		.align	1
 676              		.global	USBD_LL_Suspend
 677              		.syntax unified
 678              		.thumb
 679              		.thumb_func
 681              	USBD_LL_Suspend:
 682              	.LVL53:
 683              	.LFB352:
 846:Middlewares/ST/STM32_USB_Device_Library/Core/Src/usbd_core.c **** 
 847:Middlewares/ST/STM32_USB_Device_Library/Core/Src/usbd_core.c **** /**
 848:Middlewares/ST/STM32_USB_Device_Library/Core/Src/usbd_core.c ****   * @brief  USBD_LL_Suspend
 849:Middlewares/ST/STM32_USB_Device_Library/Core/Src/usbd_core.c ****   *         Handle Suspend event
 850:Middlewares/ST/STM32_USB_Device_Library/Core/Src/usbd_core.c ****   * @param  pdev: device instance
 851:Middlewares/ST/STM32_USB_Device_Library/Core/Src/usbd_core.c ****   * @retval status
 852:Middlewares/ST/STM32_USB_Device_Library/Core/Src/usbd_core.c ****   */
 853:Middlewares/ST/STM32_USB_Device_Library/Core/Src/usbd_core.c **** USBD_StatusTypeDef USBD_LL_Suspend(USBD_HandleTypeDef *pdev)
 854:Middlewares/ST/STM32_USB_Device_Library/Core/Src/usbd_core.c **** {
 684              		.loc 1 854 1 is_stmt 1 view -0
 685              		.cfi_startproc
 686              		@ args = 0, pretend = 0, frame = 0
 687              		@ frame_needed = 0, uses_anonymous_args = 0
 688              		@ link register save eliminated.
 855:Middlewares/ST/STM32_USB_Device_Library/Core/Src/usbd_core.c ****   if (pdev->dev_state != USBD_STATE_SUSPENDED)
 689              		.loc 1 855 3 view .LVU196
ARM GAS  C:\Users\Made\AppData\Local\Temp\cc1yTtBM.s 			page 28


 690              		.loc 1 855 11 is_stmt 0 view .LVU197
 691 0000 90F89C32 		ldrb	r3, [r0, #668]	@ zero_extendqisi2
 692 0004 DBB2     		uxtb	r3, r3
 693              		.loc 1 855 6 view .LVU198
 694 0006 042B     		cmp	r3, #4
 695 0008 04D0     		beq	.L47
 856:Middlewares/ST/STM32_USB_Device_Library/Core/Src/usbd_core.c ****   {
 857:Middlewares/ST/STM32_USB_Device_Library/Core/Src/usbd_core.c ****     pdev->dev_old_state = pdev->dev_state;
 696              		.loc 1 857 5 is_stmt 1 view .LVU199
 697              		.loc 1 857 31 is_stmt 0 view .LVU200
 698 000a 90F89C32 		ldrb	r3, [r0, #668]	@ zero_extendqisi2
 699 000e DBB2     		uxtb	r3, r3
 700              		.loc 1 857 25 view .LVU201
 701 0010 80F89D32 		strb	r3, [r0, #669]
 702              	.L47:
 858:Middlewares/ST/STM32_USB_Device_Library/Core/Src/usbd_core.c ****   }
 859:Middlewares/ST/STM32_USB_Device_Library/Core/Src/usbd_core.c **** 
 860:Middlewares/ST/STM32_USB_Device_Library/Core/Src/usbd_core.c ****   pdev->dev_state = USBD_STATE_SUSPENDED;
 703              		.loc 1 860 3 is_stmt 1 view .LVU202
 704              		.loc 1 860 19 is_stmt 0 view .LVU203
 705 0014 0423     		movs	r3, #4
 706 0016 80F89C32 		strb	r3, [r0, #668]
 861:Middlewares/ST/STM32_USB_Device_Library/Core/Src/usbd_core.c **** 
 862:Middlewares/ST/STM32_USB_Device_Library/Core/Src/usbd_core.c ****   return USBD_OK;
 707              		.loc 1 862 3 is_stmt 1 view .LVU204
 863:Middlewares/ST/STM32_USB_Device_Library/Core/Src/usbd_core.c **** }
 708              		.loc 1 863 1 is_stmt 0 view .LVU205
 709 001a 0020     		movs	r0, #0
 710              	.LVL54:
 711              		.loc 1 863 1 view .LVU206
 712 001c 7047     		bx	lr
 713              		.cfi_endproc
 714              	.LFE352:
 716              		.section	.text.USBD_LL_Resume,"ax",%progbits
 717              		.align	1
 718              		.global	USBD_LL_Resume
 719              		.syntax unified
 720              		.thumb
 721              		.thumb_func
 723              	USBD_LL_Resume:
 724              	.LVL55:
 725              	.LFB353:
 864:Middlewares/ST/STM32_USB_Device_Library/Core/Src/usbd_core.c **** 
 865:Middlewares/ST/STM32_USB_Device_Library/Core/Src/usbd_core.c **** /**
 866:Middlewares/ST/STM32_USB_Device_Library/Core/Src/usbd_core.c ****   * @brief  USBD_LL_Resume
 867:Middlewares/ST/STM32_USB_Device_Library/Core/Src/usbd_core.c ****   *         Handle Resume event
 868:Middlewares/ST/STM32_USB_Device_Library/Core/Src/usbd_core.c ****   * @param  pdev: device instance
 869:Middlewares/ST/STM32_USB_Device_Library/Core/Src/usbd_core.c ****   * @retval status
 870:Middlewares/ST/STM32_USB_Device_Library/Core/Src/usbd_core.c ****   */
 871:Middlewares/ST/STM32_USB_Device_Library/Core/Src/usbd_core.c **** USBD_StatusTypeDef USBD_LL_Resume(USBD_HandleTypeDef *pdev)
 872:Middlewares/ST/STM32_USB_Device_Library/Core/Src/usbd_core.c **** {
 726              		.loc 1 872 1 is_stmt 1 view -0
 727              		.cfi_startproc
 728              		@ args = 0, pretend = 0, frame = 0
 729              		@ frame_needed = 0, uses_anonymous_args = 0
 730              		@ link register save eliminated.
 873:Middlewares/ST/STM32_USB_Device_Library/Core/Src/usbd_core.c ****   if (pdev->dev_state == USBD_STATE_SUSPENDED)
ARM GAS  C:\Users\Made\AppData\Local\Temp\cc1yTtBM.s 			page 29


 731              		.loc 1 873 3 view .LVU208
 732              		.loc 1 873 11 is_stmt 0 view .LVU209
 733 0000 90F89C32 		ldrb	r3, [r0, #668]	@ zero_extendqisi2
 734 0004 DBB2     		uxtb	r3, r3
 735              		.loc 1 873 6 view .LVU210
 736 0006 042B     		cmp	r3, #4
 737 0008 01D0     		beq	.L50
 738              	.L49:
 874:Middlewares/ST/STM32_USB_Device_Library/Core/Src/usbd_core.c ****   {
 875:Middlewares/ST/STM32_USB_Device_Library/Core/Src/usbd_core.c ****     pdev->dev_state = pdev->dev_old_state;
 876:Middlewares/ST/STM32_USB_Device_Library/Core/Src/usbd_core.c ****   }
 877:Middlewares/ST/STM32_USB_Device_Library/Core/Src/usbd_core.c **** 
 878:Middlewares/ST/STM32_USB_Device_Library/Core/Src/usbd_core.c ****   return USBD_OK;
 739              		.loc 1 878 3 is_stmt 1 view .LVU211
 879:Middlewares/ST/STM32_USB_Device_Library/Core/Src/usbd_core.c **** }
 740              		.loc 1 879 1 is_stmt 0 view .LVU212
 741 000a 0020     		movs	r0, #0
 742              	.LVL56:
 743              		.loc 1 879 1 view .LVU213
 744 000c 7047     		bx	lr
 745              	.LVL57:
 746              	.L50:
 875:Middlewares/ST/STM32_USB_Device_Library/Core/Src/usbd_core.c ****   }
 747              		.loc 1 875 5 is_stmt 1 view .LVU214
 875:Middlewares/ST/STM32_USB_Device_Library/Core/Src/usbd_core.c ****   }
 748              		.loc 1 875 27 is_stmt 0 view .LVU215
 749 000e 90F89D32 		ldrb	r3, [r0, #669]	@ zero_extendqisi2
 750 0012 DBB2     		uxtb	r3, r3
 875:Middlewares/ST/STM32_USB_Device_Library/Core/Src/usbd_core.c ****   }
 751              		.loc 1 875 21 view .LVU216
 752 0014 80F89C32 		strb	r3, [r0, #668]
 753 0018 F7E7     		b	.L49
 754              		.cfi_endproc
 755              	.LFE353:
 757              		.section	.text.USBD_LL_SOF,"ax",%progbits
 758              		.align	1
 759              		.global	USBD_LL_SOF
 760              		.syntax unified
 761              		.thumb
 762              		.thumb_func
 764              	USBD_LL_SOF:
 765              	.LVL58:
 766              	.LFB354:
 880:Middlewares/ST/STM32_USB_Device_Library/Core/Src/usbd_core.c **** 
 881:Middlewares/ST/STM32_USB_Device_Library/Core/Src/usbd_core.c **** /**
 882:Middlewares/ST/STM32_USB_Device_Library/Core/Src/usbd_core.c ****   * @brief  USBD_LL_SOF
 883:Middlewares/ST/STM32_USB_Device_Library/Core/Src/usbd_core.c ****   *         Handle SOF event
 884:Middlewares/ST/STM32_USB_Device_Library/Core/Src/usbd_core.c ****   * @param  pdev: device instance
 885:Middlewares/ST/STM32_USB_Device_Library/Core/Src/usbd_core.c ****   * @retval status
 886:Middlewares/ST/STM32_USB_Device_Library/Core/Src/usbd_core.c ****   */
 887:Middlewares/ST/STM32_USB_Device_Library/Core/Src/usbd_core.c **** USBD_StatusTypeDef USBD_LL_SOF(USBD_HandleTypeDef *pdev)
 888:Middlewares/ST/STM32_USB_Device_Library/Core/Src/usbd_core.c **** {
 767              		.loc 1 888 1 is_stmt 1 view -0
 768              		.cfi_startproc
 769              		@ args = 0, pretend = 0, frame = 0
 770              		@ frame_needed = 0, uses_anonymous_args = 0
 771              		.loc 1 888 1 is_stmt 0 view .LVU218
ARM GAS  C:\Users\Made\AppData\Local\Temp\cc1yTtBM.s 			page 30


 772 0000 08B5     		push	{r3, lr}
 773              	.LCFI13:
 774              		.cfi_def_cfa_offset 8
 775              		.cfi_offset 3, -8
 776              		.cfi_offset 14, -4
 889:Middlewares/ST/STM32_USB_Device_Library/Core/Src/usbd_core.c ****   /* The SOF event can be distributed for all classes that support it */
 890:Middlewares/ST/STM32_USB_Device_Library/Core/Src/usbd_core.c ****   if (pdev->dev_state == USBD_STATE_CONFIGURED)
 777              		.loc 1 890 3 is_stmt 1 view .LVU219
 778              		.loc 1 890 11 is_stmt 0 view .LVU220
 779 0002 90F89C32 		ldrb	r3, [r0, #668]	@ zero_extendqisi2
 780 0006 DBB2     		uxtb	r3, r3
 781              		.loc 1 890 6 view .LVU221
 782 0008 032B     		cmp	r3, #3
 783 000a 01D0     		beq	.L54
 784              	.LVL59:
 785              	.L52:
 891:Middlewares/ST/STM32_USB_Device_Library/Core/Src/usbd_core.c ****   {
 892:Middlewares/ST/STM32_USB_Device_Library/Core/Src/usbd_core.c **** #ifdef USE_USBD_COMPOSITE
 893:Middlewares/ST/STM32_USB_Device_Library/Core/Src/usbd_core.c ****     /* Parse the table of classes in use */
 894:Middlewares/ST/STM32_USB_Device_Library/Core/Src/usbd_core.c ****     for (uint32_t i = 0; i < USBD_MAX_SUPPORTED_CLASS; i++)
 895:Middlewares/ST/STM32_USB_Device_Library/Core/Src/usbd_core.c ****     {
 896:Middlewares/ST/STM32_USB_Device_Library/Core/Src/usbd_core.c ****       /* Check if current class is in use */
 897:Middlewares/ST/STM32_USB_Device_Library/Core/Src/usbd_core.c ****       if ((pdev->tclasslist[i].Active) == 1U)
 898:Middlewares/ST/STM32_USB_Device_Library/Core/Src/usbd_core.c ****       {
 899:Middlewares/ST/STM32_USB_Device_Library/Core/Src/usbd_core.c ****         if (pdev->pClass[i] != NULL)
 900:Middlewares/ST/STM32_USB_Device_Library/Core/Src/usbd_core.c ****         {
 901:Middlewares/ST/STM32_USB_Device_Library/Core/Src/usbd_core.c ****           if (pdev->pClass[i]->SOF != NULL)
 902:Middlewares/ST/STM32_USB_Device_Library/Core/Src/usbd_core.c ****           {
 903:Middlewares/ST/STM32_USB_Device_Library/Core/Src/usbd_core.c ****             pdev->classId = i;
 904:Middlewares/ST/STM32_USB_Device_Library/Core/Src/usbd_core.c ****             (void)pdev->pClass[i]->SOF(pdev);
 905:Middlewares/ST/STM32_USB_Device_Library/Core/Src/usbd_core.c ****           }
 906:Middlewares/ST/STM32_USB_Device_Library/Core/Src/usbd_core.c ****         }
 907:Middlewares/ST/STM32_USB_Device_Library/Core/Src/usbd_core.c ****       }
 908:Middlewares/ST/STM32_USB_Device_Library/Core/Src/usbd_core.c ****     }
 909:Middlewares/ST/STM32_USB_Device_Library/Core/Src/usbd_core.c **** #else
 910:Middlewares/ST/STM32_USB_Device_Library/Core/Src/usbd_core.c ****     if (pdev->pClass[0] != NULL)
 911:Middlewares/ST/STM32_USB_Device_Library/Core/Src/usbd_core.c ****     {
 912:Middlewares/ST/STM32_USB_Device_Library/Core/Src/usbd_core.c ****       if (pdev->pClass[0]->SOF != NULL)
 913:Middlewares/ST/STM32_USB_Device_Library/Core/Src/usbd_core.c ****       {
 914:Middlewares/ST/STM32_USB_Device_Library/Core/Src/usbd_core.c ****         (void)pdev->pClass[0]->SOF(pdev);
 915:Middlewares/ST/STM32_USB_Device_Library/Core/Src/usbd_core.c ****       }
 916:Middlewares/ST/STM32_USB_Device_Library/Core/Src/usbd_core.c ****     }
 917:Middlewares/ST/STM32_USB_Device_Library/Core/Src/usbd_core.c **** #endif /* USE_USBD_COMPOSITE */
 918:Middlewares/ST/STM32_USB_Device_Library/Core/Src/usbd_core.c ****   }
 919:Middlewares/ST/STM32_USB_Device_Library/Core/Src/usbd_core.c **** 
 920:Middlewares/ST/STM32_USB_Device_Library/Core/Src/usbd_core.c ****   return USBD_OK;
 786              		.loc 1 920 3 is_stmt 1 view .LVU222
 921:Middlewares/ST/STM32_USB_Device_Library/Core/Src/usbd_core.c **** }
 787              		.loc 1 921 1 is_stmt 0 view .LVU223
 788 000c 0020     		movs	r0, #0
 789 000e 08BD     		pop	{r3, pc}
 790              	.LVL60:
 791              	.L54:
 910:Middlewares/ST/STM32_USB_Device_Library/Core/Src/usbd_core.c ****     {
 792              		.loc 1 910 5 is_stmt 1 view .LVU224
 910:Middlewares/ST/STM32_USB_Device_Library/Core/Src/usbd_core.c ****     {
 793              		.loc 1 910 21 is_stmt 0 view .LVU225
ARM GAS  C:\Users\Made\AppData\Local\Temp\cc1yTtBM.s 			page 31


 794 0010 D0F8B832 		ldr	r3, [r0, #696]
 910:Middlewares/ST/STM32_USB_Device_Library/Core/Src/usbd_core.c ****     {
 795              		.loc 1 910 8 view .LVU226
 796 0014 002B     		cmp	r3, #0
 797 0016 F9D0     		beq	.L52
 912:Middlewares/ST/STM32_USB_Device_Library/Core/Src/usbd_core.c ****       {
 798              		.loc 1 912 7 is_stmt 1 view .LVU227
 912:Middlewares/ST/STM32_USB_Device_Library/Core/Src/usbd_core.c ****       {
 799              		.loc 1 912 26 is_stmt 0 view .LVU228
 800 0018 DB69     		ldr	r3, [r3, #28]
 912:Middlewares/ST/STM32_USB_Device_Library/Core/Src/usbd_core.c ****       {
 801              		.loc 1 912 10 view .LVU229
 802 001a 002B     		cmp	r3, #0
 803 001c F6D0     		beq	.L52
 914:Middlewares/ST/STM32_USB_Device_Library/Core/Src/usbd_core.c ****       }
 804              		.loc 1 914 9 is_stmt 1 view .LVU230
 914:Middlewares/ST/STM32_USB_Device_Library/Core/Src/usbd_core.c ****       }
 805              		.loc 1 914 15 is_stmt 0 view .LVU231
 806 001e 9847     		blx	r3
 807              	.LVL61:
 914:Middlewares/ST/STM32_USB_Device_Library/Core/Src/usbd_core.c ****       }
 808              		.loc 1 914 15 view .LVU232
 809 0020 F4E7     		b	.L52
 810              		.cfi_endproc
 811              	.LFE354:
 813              		.section	.text.USBD_LL_IsoINIncomplete,"ax",%progbits
 814              		.align	1
 815              		.global	USBD_LL_IsoINIncomplete
 816              		.syntax unified
 817              		.thumb
 818              		.thumb_func
 820              	USBD_LL_IsoINIncomplete:
 821              	.LVL62:
 822              	.LFB355:
 922:Middlewares/ST/STM32_USB_Device_Library/Core/Src/usbd_core.c **** 
 923:Middlewares/ST/STM32_USB_Device_Library/Core/Src/usbd_core.c **** /**
 924:Middlewares/ST/STM32_USB_Device_Library/Core/Src/usbd_core.c ****   * @brief  USBD_LL_IsoINIncomplete
 925:Middlewares/ST/STM32_USB_Device_Library/Core/Src/usbd_core.c ****   *         Handle iso in incomplete event
 926:Middlewares/ST/STM32_USB_Device_Library/Core/Src/usbd_core.c ****   * @param  pdev: device instance
 927:Middlewares/ST/STM32_USB_Device_Library/Core/Src/usbd_core.c ****   * @param  epnum: Endpoint number
 928:Middlewares/ST/STM32_USB_Device_Library/Core/Src/usbd_core.c ****   * @retval status
 929:Middlewares/ST/STM32_USB_Device_Library/Core/Src/usbd_core.c ****   */
 930:Middlewares/ST/STM32_USB_Device_Library/Core/Src/usbd_core.c **** USBD_StatusTypeDef USBD_LL_IsoINIncomplete(USBD_HandleTypeDef *pdev,
 931:Middlewares/ST/STM32_USB_Device_Library/Core/Src/usbd_core.c ****                                            uint8_t epnum)
 932:Middlewares/ST/STM32_USB_Device_Library/Core/Src/usbd_core.c **** {
 823              		.loc 1 932 1 is_stmt 1 view -0
 824              		.cfi_startproc
 825              		@ args = 0, pretend = 0, frame = 0
 826              		@ frame_needed = 0, uses_anonymous_args = 0
 827              		.loc 1 932 1 is_stmt 0 view .LVU234
 828 0000 08B5     		push	{r3, lr}
 829              	.LCFI14:
 830              		.cfi_def_cfa_offset 8
 831              		.cfi_offset 3, -8
 832              		.cfi_offset 14, -4
 933:Middlewares/ST/STM32_USB_Device_Library/Core/Src/usbd_core.c ****   if (pdev->pClass[pdev->classId] == NULL)
 833              		.loc 1 933 3 is_stmt 1 view .LVU235
ARM GAS  C:\Users\Made\AppData\Local\Temp\cc1yTtBM.s 			page 32


 834              		.loc 1 933 24 is_stmt 0 view .LVU236
 835 0002 D0F8D432 		ldr	r3, [r0, #724]
 836              		.loc 1 933 19 view .LVU237
 837 0006 AE33     		adds	r3, r3, #174
 838 0008 50F82320 		ldr	r2, [r0, r3, lsl #2]
 839              		.loc 1 933 6 view .LVU238
 840 000c 5AB1     		cbz	r2, .L57
 934:Middlewares/ST/STM32_USB_Device_Library/Core/Src/usbd_core.c ****   {
 935:Middlewares/ST/STM32_USB_Device_Library/Core/Src/usbd_core.c ****     return USBD_FAIL;
 936:Middlewares/ST/STM32_USB_Device_Library/Core/Src/usbd_core.c ****   }
 937:Middlewares/ST/STM32_USB_Device_Library/Core/Src/usbd_core.c **** 
 938:Middlewares/ST/STM32_USB_Device_Library/Core/Src/usbd_core.c ****   if (pdev->dev_state == USBD_STATE_CONFIGURED)
 841              		.loc 1 938 3 is_stmt 1 view .LVU239
 842              		.loc 1 938 11 is_stmt 0 view .LVU240
 843 000e 90F89C32 		ldrb	r3, [r0, #668]	@ zero_extendqisi2
 844 0012 DBB2     		uxtb	r3, r3
 845              		.loc 1 938 6 view .LVU241
 846 0014 032B     		cmp	r3, #3
 847 0016 01D0     		beq	.L61
 939:Middlewares/ST/STM32_USB_Device_Library/Core/Src/usbd_core.c ****   {
 940:Middlewares/ST/STM32_USB_Device_Library/Core/Src/usbd_core.c ****     if (pdev->pClass[pdev->classId]->IsoINIncomplete != NULL)
 941:Middlewares/ST/STM32_USB_Device_Library/Core/Src/usbd_core.c ****     {
 942:Middlewares/ST/STM32_USB_Device_Library/Core/Src/usbd_core.c ****       (void)pdev->pClass[pdev->classId]->IsoINIncomplete(pdev, epnum);
 943:Middlewares/ST/STM32_USB_Device_Library/Core/Src/usbd_core.c ****     }
 944:Middlewares/ST/STM32_USB_Device_Library/Core/Src/usbd_core.c ****   }
 945:Middlewares/ST/STM32_USB_Device_Library/Core/Src/usbd_core.c **** 
 946:Middlewares/ST/STM32_USB_Device_Library/Core/Src/usbd_core.c ****   return USBD_OK;
 848              		.loc 1 946 10 view .LVU242
 849 0018 0020     		movs	r0, #0
 850              	.LVL63:
 851              	.L56:
 947:Middlewares/ST/STM32_USB_Device_Library/Core/Src/usbd_core.c **** }
 852              		.loc 1 947 1 view .LVU243
 853 001a 08BD     		pop	{r3, pc}
 854              	.LVL64:
 855              	.L61:
 940:Middlewares/ST/STM32_USB_Device_Library/Core/Src/usbd_core.c ****     {
 856              		.loc 1 940 5 is_stmt 1 view .LVU244
 940:Middlewares/ST/STM32_USB_Device_Library/Core/Src/usbd_core.c ****     {
 857              		.loc 1 940 36 is_stmt 0 view .LVU245
 858 001c 136A     		ldr	r3, [r2, #32]
 940:Middlewares/ST/STM32_USB_Device_Library/Core/Src/usbd_core.c ****     {
 859              		.loc 1 940 8 view .LVU246
 860 001e 23B1     		cbz	r3, .L59
 942:Middlewares/ST/STM32_USB_Device_Library/Core/Src/usbd_core.c ****     }
 861              		.loc 1 942 7 is_stmt 1 view .LVU247
 942:Middlewares/ST/STM32_USB_Device_Library/Core/Src/usbd_core.c ****     }
 862              		.loc 1 942 13 is_stmt 0 view .LVU248
 863 0020 9847     		blx	r3
 864              	.LVL65:
 946:Middlewares/ST/STM32_USB_Device_Library/Core/Src/usbd_core.c **** }
 865              		.loc 1 946 10 view .LVU249
 866 0022 0020     		movs	r0, #0
 867 0024 F9E7     		b	.L56
 868              	.LVL66:
 869              	.L57:
 935:Middlewares/ST/STM32_USB_Device_Library/Core/Src/usbd_core.c ****   }
ARM GAS  C:\Users\Made\AppData\Local\Temp\cc1yTtBM.s 			page 33


 870              		.loc 1 935 12 view .LVU250
 871 0026 0320     		movs	r0, #3
 872              	.LVL67:
 935:Middlewares/ST/STM32_USB_Device_Library/Core/Src/usbd_core.c ****   }
 873              		.loc 1 935 12 view .LVU251
 874 0028 F7E7     		b	.L56
 875              	.LVL68:
 876              	.L59:
 946:Middlewares/ST/STM32_USB_Device_Library/Core/Src/usbd_core.c **** }
 877              		.loc 1 946 10 view .LVU252
 878 002a 0020     		movs	r0, #0
 879              	.LVL69:
 946:Middlewares/ST/STM32_USB_Device_Library/Core/Src/usbd_core.c **** }
 880              		.loc 1 946 10 view .LVU253
 881 002c F5E7     		b	.L56
 882              		.cfi_endproc
 883              	.LFE355:
 885              		.section	.text.USBD_LL_IsoOUTIncomplete,"ax",%progbits
 886              		.align	1
 887              		.global	USBD_LL_IsoOUTIncomplete
 888              		.syntax unified
 889              		.thumb
 890              		.thumb_func
 892              	USBD_LL_IsoOUTIncomplete:
 893              	.LVL70:
 894              	.LFB356:
 948:Middlewares/ST/STM32_USB_Device_Library/Core/Src/usbd_core.c **** 
 949:Middlewares/ST/STM32_USB_Device_Library/Core/Src/usbd_core.c **** /**
 950:Middlewares/ST/STM32_USB_Device_Library/Core/Src/usbd_core.c ****   * @brief  USBD_LL_IsoOUTIncomplete
 951:Middlewares/ST/STM32_USB_Device_Library/Core/Src/usbd_core.c ****   *         Handle iso out incomplete event
 952:Middlewares/ST/STM32_USB_Device_Library/Core/Src/usbd_core.c ****   * @param  pdev: device instance
 953:Middlewares/ST/STM32_USB_Device_Library/Core/Src/usbd_core.c ****   * @param  epnum: Endpoint number
 954:Middlewares/ST/STM32_USB_Device_Library/Core/Src/usbd_core.c ****   * @retval status
 955:Middlewares/ST/STM32_USB_Device_Library/Core/Src/usbd_core.c ****   */
 956:Middlewares/ST/STM32_USB_Device_Library/Core/Src/usbd_core.c **** USBD_StatusTypeDef USBD_LL_IsoOUTIncomplete(USBD_HandleTypeDef *pdev,
 957:Middlewares/ST/STM32_USB_Device_Library/Core/Src/usbd_core.c ****                                             uint8_t epnum)
 958:Middlewares/ST/STM32_USB_Device_Library/Core/Src/usbd_core.c **** {
 895              		.loc 1 958 1 is_stmt 1 view -0
 896              		.cfi_startproc
 897              		@ args = 0, pretend = 0, frame = 0
 898              		@ frame_needed = 0, uses_anonymous_args = 0
 899              		.loc 1 958 1 is_stmt 0 view .LVU255
 900 0000 08B5     		push	{r3, lr}
 901              	.LCFI15:
 902              		.cfi_def_cfa_offset 8
 903              		.cfi_offset 3, -8
 904              		.cfi_offset 14, -4
 959:Middlewares/ST/STM32_USB_Device_Library/Core/Src/usbd_core.c ****   if (pdev->pClass[pdev->classId] == NULL)
 905              		.loc 1 959 3 is_stmt 1 view .LVU256
 906              		.loc 1 959 24 is_stmt 0 view .LVU257
 907 0002 D0F8D432 		ldr	r3, [r0, #724]
 908              		.loc 1 959 19 view .LVU258
 909 0006 AE33     		adds	r3, r3, #174
 910 0008 50F82320 		ldr	r2, [r0, r3, lsl #2]
 911              		.loc 1 959 6 view .LVU259
 912 000c 5AB1     		cbz	r2, .L64
 960:Middlewares/ST/STM32_USB_Device_Library/Core/Src/usbd_core.c ****   {
ARM GAS  C:\Users\Made\AppData\Local\Temp\cc1yTtBM.s 			page 34


 961:Middlewares/ST/STM32_USB_Device_Library/Core/Src/usbd_core.c ****     return USBD_FAIL;
 962:Middlewares/ST/STM32_USB_Device_Library/Core/Src/usbd_core.c ****   }
 963:Middlewares/ST/STM32_USB_Device_Library/Core/Src/usbd_core.c **** 
 964:Middlewares/ST/STM32_USB_Device_Library/Core/Src/usbd_core.c ****   if (pdev->dev_state == USBD_STATE_CONFIGURED)
 913              		.loc 1 964 3 is_stmt 1 view .LVU260
 914              		.loc 1 964 11 is_stmt 0 view .LVU261
 915 000e 90F89C32 		ldrb	r3, [r0, #668]	@ zero_extendqisi2
 916 0012 DBB2     		uxtb	r3, r3
 917              		.loc 1 964 6 view .LVU262
 918 0014 032B     		cmp	r3, #3
 919 0016 01D0     		beq	.L68
 965:Middlewares/ST/STM32_USB_Device_Library/Core/Src/usbd_core.c ****   {
 966:Middlewares/ST/STM32_USB_Device_Library/Core/Src/usbd_core.c ****     if (pdev->pClass[pdev->classId]->IsoOUTIncomplete != NULL)
 967:Middlewares/ST/STM32_USB_Device_Library/Core/Src/usbd_core.c ****     {
 968:Middlewares/ST/STM32_USB_Device_Library/Core/Src/usbd_core.c ****       (void)pdev->pClass[pdev->classId]->IsoOUTIncomplete(pdev, epnum);
 969:Middlewares/ST/STM32_USB_Device_Library/Core/Src/usbd_core.c ****     }
 970:Middlewares/ST/STM32_USB_Device_Library/Core/Src/usbd_core.c ****   }
 971:Middlewares/ST/STM32_USB_Device_Library/Core/Src/usbd_core.c **** 
 972:Middlewares/ST/STM32_USB_Device_Library/Core/Src/usbd_core.c ****   return USBD_OK;
 920              		.loc 1 972 10 view .LVU263
 921 0018 0020     		movs	r0, #0
 922              	.LVL71:
 923              	.L63:
 973:Middlewares/ST/STM32_USB_Device_Library/Core/Src/usbd_core.c **** }
 924              		.loc 1 973 1 view .LVU264
 925 001a 08BD     		pop	{r3, pc}
 926              	.LVL72:
 927              	.L68:
 966:Middlewares/ST/STM32_USB_Device_Library/Core/Src/usbd_core.c ****     {
 928              		.loc 1 966 5 is_stmt 1 view .LVU265
 966:Middlewares/ST/STM32_USB_Device_Library/Core/Src/usbd_core.c ****     {
 929              		.loc 1 966 36 is_stmt 0 view .LVU266
 930 001c 536A     		ldr	r3, [r2, #36]
 966:Middlewares/ST/STM32_USB_Device_Library/Core/Src/usbd_core.c ****     {
 931              		.loc 1 966 8 view .LVU267
 932 001e 23B1     		cbz	r3, .L66
 968:Middlewares/ST/STM32_USB_Device_Library/Core/Src/usbd_core.c ****     }
 933              		.loc 1 968 7 is_stmt 1 view .LVU268
 968:Middlewares/ST/STM32_USB_Device_Library/Core/Src/usbd_core.c ****     }
 934              		.loc 1 968 13 is_stmt 0 view .LVU269
 935 0020 9847     		blx	r3
 936              	.LVL73:
 972:Middlewares/ST/STM32_USB_Device_Library/Core/Src/usbd_core.c **** }
 937              		.loc 1 972 10 view .LVU270
 938 0022 0020     		movs	r0, #0
 939 0024 F9E7     		b	.L63
 940              	.LVL74:
 941              	.L64:
 961:Middlewares/ST/STM32_USB_Device_Library/Core/Src/usbd_core.c ****   }
 942              		.loc 1 961 12 view .LVU271
 943 0026 0320     		movs	r0, #3
 944              	.LVL75:
 961:Middlewares/ST/STM32_USB_Device_Library/Core/Src/usbd_core.c ****   }
 945              		.loc 1 961 12 view .LVU272
 946 0028 F7E7     		b	.L63
 947              	.LVL76:
 948              	.L66:
ARM GAS  C:\Users\Made\AppData\Local\Temp\cc1yTtBM.s 			page 35


 972:Middlewares/ST/STM32_USB_Device_Library/Core/Src/usbd_core.c **** }
 949              		.loc 1 972 10 view .LVU273
 950 002a 0020     		movs	r0, #0
 951              	.LVL77:
 972:Middlewares/ST/STM32_USB_Device_Library/Core/Src/usbd_core.c **** }
 952              		.loc 1 972 10 view .LVU274
 953 002c F5E7     		b	.L63
 954              		.cfi_endproc
 955              	.LFE356:
 957              		.section	.text.USBD_LL_DevConnected,"ax",%progbits
 958              		.align	1
 959              		.global	USBD_LL_DevConnected
 960              		.syntax unified
 961              		.thumb
 962              		.thumb_func
 964              	USBD_LL_DevConnected:
 965              	.LVL78:
 966              	.LFB357:
 974:Middlewares/ST/STM32_USB_Device_Library/Core/Src/usbd_core.c **** 
 975:Middlewares/ST/STM32_USB_Device_Library/Core/Src/usbd_core.c **** /**
 976:Middlewares/ST/STM32_USB_Device_Library/Core/Src/usbd_core.c ****   * @brief  USBD_LL_DevConnected
 977:Middlewares/ST/STM32_USB_Device_Library/Core/Src/usbd_core.c ****   *         Handle device connection event
 978:Middlewares/ST/STM32_USB_Device_Library/Core/Src/usbd_core.c ****   * @param  pdev: device instance
 979:Middlewares/ST/STM32_USB_Device_Library/Core/Src/usbd_core.c ****   * @retval status
 980:Middlewares/ST/STM32_USB_Device_Library/Core/Src/usbd_core.c ****   */
 981:Middlewares/ST/STM32_USB_Device_Library/Core/Src/usbd_core.c **** USBD_StatusTypeDef USBD_LL_DevConnected(USBD_HandleTypeDef *pdev)
 982:Middlewares/ST/STM32_USB_Device_Library/Core/Src/usbd_core.c **** {
 967              		.loc 1 982 1 is_stmt 1 view -0
 968              		.cfi_startproc
 969              		@ args = 0, pretend = 0, frame = 0
 970              		@ frame_needed = 0, uses_anonymous_args = 0
 971              		@ link register save eliminated.
 983:Middlewares/ST/STM32_USB_Device_Library/Core/Src/usbd_core.c ****   /* Prevent unused argument compilation warning */
 984:Middlewares/ST/STM32_USB_Device_Library/Core/Src/usbd_core.c ****   UNUSED(pdev);
 972              		.loc 1 984 3 view .LVU276
 985:Middlewares/ST/STM32_USB_Device_Library/Core/Src/usbd_core.c **** 
 986:Middlewares/ST/STM32_USB_Device_Library/Core/Src/usbd_core.c ****   return USBD_OK;
 973              		.loc 1 986 3 view .LVU277
 987:Middlewares/ST/STM32_USB_Device_Library/Core/Src/usbd_core.c **** }
 974              		.loc 1 987 1 is_stmt 0 view .LVU278
 975 0000 0020     		movs	r0, #0
 976              	.LVL79:
 977              		.loc 1 987 1 view .LVU279
 978 0002 7047     		bx	lr
 979              		.cfi_endproc
 980              	.LFE357:
 982              		.section	.text.USBD_LL_DevDisconnected,"ax",%progbits
 983              		.align	1
 984              		.global	USBD_LL_DevDisconnected
 985              		.syntax unified
 986              		.thumb
 987              		.thumb_func
 989              	USBD_LL_DevDisconnected:
 990              	.LVL80:
 991              	.LFB358:
 988:Middlewares/ST/STM32_USB_Device_Library/Core/Src/usbd_core.c **** 
 989:Middlewares/ST/STM32_USB_Device_Library/Core/Src/usbd_core.c **** /**
ARM GAS  C:\Users\Made\AppData\Local\Temp\cc1yTtBM.s 			page 36


 990:Middlewares/ST/STM32_USB_Device_Library/Core/Src/usbd_core.c ****   * @brief  USBD_LL_DevDisconnected
 991:Middlewares/ST/STM32_USB_Device_Library/Core/Src/usbd_core.c ****   *         Handle device disconnection event
 992:Middlewares/ST/STM32_USB_Device_Library/Core/Src/usbd_core.c ****   * @param  pdev: device instance
 993:Middlewares/ST/STM32_USB_Device_Library/Core/Src/usbd_core.c ****   * @retval status
 994:Middlewares/ST/STM32_USB_Device_Library/Core/Src/usbd_core.c ****   */
 995:Middlewares/ST/STM32_USB_Device_Library/Core/Src/usbd_core.c **** USBD_StatusTypeDef USBD_LL_DevDisconnected(USBD_HandleTypeDef *pdev)
 996:Middlewares/ST/STM32_USB_Device_Library/Core/Src/usbd_core.c **** {
 992              		.loc 1 996 1 is_stmt 1 view -0
 993              		.cfi_startproc
 994              		@ args = 0, pretend = 0, frame = 0
 995              		@ frame_needed = 0, uses_anonymous_args = 0
 996              		.loc 1 996 1 is_stmt 0 view .LVU281
 997 0000 08B5     		push	{r3, lr}
 998              	.LCFI16:
 999              		.cfi_def_cfa_offset 8
 1000              		.cfi_offset 3, -8
 1001              		.cfi_offset 14, -4
 997:Middlewares/ST/STM32_USB_Device_Library/Core/Src/usbd_core.c ****   USBD_StatusTypeDef   ret = USBD_OK;
 1002              		.loc 1 997 3 is_stmt 1 view .LVU282
 1003              	.LVL81:
 998:Middlewares/ST/STM32_USB_Device_Library/Core/Src/usbd_core.c **** 
 999:Middlewares/ST/STM32_USB_Device_Library/Core/Src/usbd_core.c ****   /* Free Class Resources */
1000:Middlewares/ST/STM32_USB_Device_Library/Core/Src/usbd_core.c ****   pdev->dev_state = USBD_STATE_DEFAULT;
 1004              		.loc 1 1000 3 view .LVU283
 1005              		.loc 1 1000 19 is_stmt 0 view .LVU284
 1006 0002 0123     		movs	r3, #1
 1007 0004 80F89C32 		strb	r3, [r0, #668]
1001:Middlewares/ST/STM32_USB_Device_Library/Core/Src/usbd_core.c **** 
1002:Middlewares/ST/STM32_USB_Device_Library/Core/Src/usbd_core.c **** #ifdef USE_USBD_COMPOSITE
1003:Middlewares/ST/STM32_USB_Device_Library/Core/Src/usbd_core.c ****   /* Parse the table of classes in use */
1004:Middlewares/ST/STM32_USB_Device_Library/Core/Src/usbd_core.c ****   for (uint32_t i = 0; i < USBD_MAX_SUPPORTED_CLASS; i++)
1005:Middlewares/ST/STM32_USB_Device_Library/Core/Src/usbd_core.c ****   {
1006:Middlewares/ST/STM32_USB_Device_Library/Core/Src/usbd_core.c ****     /* Check if current class is in use */
1007:Middlewares/ST/STM32_USB_Device_Library/Core/Src/usbd_core.c ****     if ((pdev->tclasslist[i].Active) == 1U)
1008:Middlewares/ST/STM32_USB_Device_Library/Core/Src/usbd_core.c ****     {
1009:Middlewares/ST/STM32_USB_Device_Library/Core/Src/usbd_core.c ****       if (pdev->pClass[i] != NULL)
1010:Middlewares/ST/STM32_USB_Device_Library/Core/Src/usbd_core.c ****       {
1011:Middlewares/ST/STM32_USB_Device_Library/Core/Src/usbd_core.c ****         pdev->classId = i;
1012:Middlewares/ST/STM32_USB_Device_Library/Core/Src/usbd_core.c ****         /* Clear configuration  and De-initialize the Class process*/
1013:Middlewares/ST/STM32_USB_Device_Library/Core/Src/usbd_core.c ****         if (pdev->pClass[i]->DeInit(pdev, (uint8_t)pdev->dev_config) != 0U)
1014:Middlewares/ST/STM32_USB_Device_Library/Core/Src/usbd_core.c ****         {
1015:Middlewares/ST/STM32_USB_Device_Library/Core/Src/usbd_core.c ****           ret = USBD_FAIL;
1016:Middlewares/ST/STM32_USB_Device_Library/Core/Src/usbd_core.c ****         }
1017:Middlewares/ST/STM32_USB_Device_Library/Core/Src/usbd_core.c ****       }
1018:Middlewares/ST/STM32_USB_Device_Library/Core/Src/usbd_core.c ****     }
1019:Middlewares/ST/STM32_USB_Device_Library/Core/Src/usbd_core.c ****   }
1020:Middlewares/ST/STM32_USB_Device_Library/Core/Src/usbd_core.c **** #else
1021:Middlewares/ST/STM32_USB_Device_Library/Core/Src/usbd_core.c ****   if (pdev->pClass[0] != NULL)
 1008              		.loc 1 1021 3 is_stmt 1 view .LVU285
 1009              		.loc 1 1021 19 is_stmt 0 view .LVU286
 1010 0008 D0F8B832 		ldr	r3, [r0, #696]
 1011              		.loc 1 1021 6 view .LVU287
 1012 000c 23B1     		cbz	r3, .L72
1022:Middlewares/ST/STM32_USB_Device_Library/Core/Src/usbd_core.c ****   {
1023:Middlewares/ST/STM32_USB_Device_Library/Core/Src/usbd_core.c ****     if (pdev->pClass[0]->DeInit(pdev, (uint8_t)pdev->dev_config) != 0U)
 1013              		.loc 1 1023 5 is_stmt 1 view .LVU288
 1014              		.loc 1 1023 24 is_stmt 0 view .LVU289
ARM GAS  C:\Users\Made\AppData\Local\Temp\cc1yTtBM.s 			page 37


 1015 000e 5B68     		ldr	r3, [r3, #4]
 1016              		.loc 1 1023 9 view .LVU290
 1017 0010 0179     		ldrb	r1, [r0, #4]	@ zero_extendqisi2
 1018 0012 9847     		blx	r3
 1019              	.LVL82:
 1020              		.loc 1 1023 8 discriminator 1 view .LVU291
 1021 0014 10B9     		cbnz	r0, .L75
 1022              	.L71:
 1023              	.LVL83:
1024:Middlewares/ST/STM32_USB_Device_Library/Core/Src/usbd_core.c ****     {
1025:Middlewares/ST/STM32_USB_Device_Library/Core/Src/usbd_core.c ****       ret = USBD_FAIL;
1026:Middlewares/ST/STM32_USB_Device_Library/Core/Src/usbd_core.c ****     }
1027:Middlewares/ST/STM32_USB_Device_Library/Core/Src/usbd_core.c ****   }
1028:Middlewares/ST/STM32_USB_Device_Library/Core/Src/usbd_core.c **** #endif /* USE_USBD_COMPOSITE */
1029:Middlewares/ST/STM32_USB_Device_Library/Core/Src/usbd_core.c **** 
1030:Middlewares/ST/STM32_USB_Device_Library/Core/Src/usbd_core.c ****   return ret;
 1024              		.loc 1 1030 3 is_stmt 1 view .LVU292
1031:Middlewares/ST/STM32_USB_Device_Library/Core/Src/usbd_core.c **** }
 1025              		.loc 1 1031 1 is_stmt 0 view .LVU293
 1026 0016 08BD     		pop	{r3, pc}
 1027              	.LVL84:
 1028              	.L72:
 997:Middlewares/ST/STM32_USB_Device_Library/Core/Src/usbd_core.c **** 
 1029              		.loc 1 997 24 view .LVU294
 1030 0018 0020     		movs	r0, #0
 1031              	.LVL85:
 997:Middlewares/ST/STM32_USB_Device_Library/Core/Src/usbd_core.c **** 
 1032              		.loc 1 997 24 view .LVU295
 1033 001a FCE7     		b	.L71
 1034              	.L75:
1025:Middlewares/ST/STM32_USB_Device_Library/Core/Src/usbd_core.c ****     }
 1035              		.loc 1 1025 11 view .LVU296
 1036 001c 0320     		movs	r0, #3
 1037 001e FAE7     		b	.L71
 1038              		.cfi_endproc
 1039              	.LFE358:
 1041              		.section	.text.USBD_CoreFindIF,"ax",%progbits
 1042              		.align	1
 1043              		.global	USBD_CoreFindIF
 1044              		.syntax unified
 1045              		.thumb
 1046              		.thumb_func
 1048              	USBD_CoreFindIF:
 1049              	.LVL86:
 1050              	.LFB359:
1032:Middlewares/ST/STM32_USB_Device_Library/Core/Src/usbd_core.c **** 
1033:Middlewares/ST/STM32_USB_Device_Library/Core/Src/usbd_core.c **** /**
1034:Middlewares/ST/STM32_USB_Device_Library/Core/Src/usbd_core.c ****   * @brief  USBD_CoreFindIF
1035:Middlewares/ST/STM32_USB_Device_Library/Core/Src/usbd_core.c ****   *         return the class index relative to the selected interface
1036:Middlewares/ST/STM32_USB_Device_Library/Core/Src/usbd_core.c ****   * @param  pdev: device instance
1037:Middlewares/ST/STM32_USB_Device_Library/Core/Src/usbd_core.c ****   * @param  index : selected interface number
1038:Middlewares/ST/STM32_USB_Device_Library/Core/Src/usbd_core.c ****   * @retval index of the class using the selected interface number. OxFF if no class found.
1039:Middlewares/ST/STM32_USB_Device_Library/Core/Src/usbd_core.c ****   */
1040:Middlewares/ST/STM32_USB_Device_Library/Core/Src/usbd_core.c **** uint8_t USBD_CoreFindIF(USBD_HandleTypeDef *pdev, uint8_t index)
1041:Middlewares/ST/STM32_USB_Device_Library/Core/Src/usbd_core.c **** {
 1051              		.loc 1 1041 1 is_stmt 1 view -0
 1052              		.cfi_startproc
ARM GAS  C:\Users\Made\AppData\Local\Temp\cc1yTtBM.s 			page 38


 1053              		@ args = 0, pretend = 0, frame = 0
 1054              		@ frame_needed = 0, uses_anonymous_args = 0
 1055              		@ link register save eliminated.
1042:Middlewares/ST/STM32_USB_Device_Library/Core/Src/usbd_core.c **** #ifdef USE_USBD_COMPOSITE
1043:Middlewares/ST/STM32_USB_Device_Library/Core/Src/usbd_core.c ****   /* Parse the table of classes in use */
1044:Middlewares/ST/STM32_USB_Device_Library/Core/Src/usbd_core.c ****   for (uint32_t i = 0U; i < USBD_MAX_SUPPORTED_CLASS; i++)
1045:Middlewares/ST/STM32_USB_Device_Library/Core/Src/usbd_core.c ****   {
1046:Middlewares/ST/STM32_USB_Device_Library/Core/Src/usbd_core.c ****     /* Check if current class is in use */
1047:Middlewares/ST/STM32_USB_Device_Library/Core/Src/usbd_core.c ****     if ((pdev->tclasslist[i].Active) == 1U)
1048:Middlewares/ST/STM32_USB_Device_Library/Core/Src/usbd_core.c ****     {
1049:Middlewares/ST/STM32_USB_Device_Library/Core/Src/usbd_core.c ****       /* Parse all interfaces listed in the current class */
1050:Middlewares/ST/STM32_USB_Device_Library/Core/Src/usbd_core.c ****       for (uint32_t j = 0U; j < pdev->tclasslist[i].NumIf; j++)
1051:Middlewares/ST/STM32_USB_Device_Library/Core/Src/usbd_core.c ****       {
1052:Middlewares/ST/STM32_USB_Device_Library/Core/Src/usbd_core.c ****         /* Check if requested Interface matches the current class interface */
1053:Middlewares/ST/STM32_USB_Device_Library/Core/Src/usbd_core.c ****         if (pdev->tclasslist[i].Ifs[j] == index)
1054:Middlewares/ST/STM32_USB_Device_Library/Core/Src/usbd_core.c ****         {
1055:Middlewares/ST/STM32_USB_Device_Library/Core/Src/usbd_core.c ****           if (pdev->pClass[i]->Setup != NULL)
1056:Middlewares/ST/STM32_USB_Device_Library/Core/Src/usbd_core.c ****           {
1057:Middlewares/ST/STM32_USB_Device_Library/Core/Src/usbd_core.c ****             return (uint8_t)i;
1058:Middlewares/ST/STM32_USB_Device_Library/Core/Src/usbd_core.c ****           }
1059:Middlewares/ST/STM32_USB_Device_Library/Core/Src/usbd_core.c ****         }
1060:Middlewares/ST/STM32_USB_Device_Library/Core/Src/usbd_core.c ****       }
1061:Middlewares/ST/STM32_USB_Device_Library/Core/Src/usbd_core.c ****     }
1062:Middlewares/ST/STM32_USB_Device_Library/Core/Src/usbd_core.c ****   }
1063:Middlewares/ST/STM32_USB_Device_Library/Core/Src/usbd_core.c **** 
1064:Middlewares/ST/STM32_USB_Device_Library/Core/Src/usbd_core.c ****   return 0xFFU;
1065:Middlewares/ST/STM32_USB_Device_Library/Core/Src/usbd_core.c **** #else
1066:Middlewares/ST/STM32_USB_Device_Library/Core/Src/usbd_core.c ****   UNUSED(pdev);
 1056              		.loc 1 1066 3 view .LVU298
1067:Middlewares/ST/STM32_USB_Device_Library/Core/Src/usbd_core.c ****   UNUSED(index);
 1057              		.loc 1 1067 3 view .LVU299
1068:Middlewares/ST/STM32_USB_Device_Library/Core/Src/usbd_core.c **** 
1069:Middlewares/ST/STM32_USB_Device_Library/Core/Src/usbd_core.c ****   return 0x00U;
 1058              		.loc 1 1069 3 view .LVU300
1070:Middlewares/ST/STM32_USB_Device_Library/Core/Src/usbd_core.c **** #endif /* USE_USBD_COMPOSITE */
1071:Middlewares/ST/STM32_USB_Device_Library/Core/Src/usbd_core.c **** }
 1059              		.loc 1 1071 1 is_stmt 0 view .LVU301
 1060 0000 0020     		movs	r0, #0
 1061              	.LVL87:
 1062              		.loc 1 1071 1 view .LVU302
 1063 0002 7047     		bx	lr
 1064              		.cfi_endproc
 1065              	.LFE359:
 1067              		.section	.text.USBD_CoreFindEP,"ax",%progbits
 1068              		.align	1
 1069              		.global	USBD_CoreFindEP
 1070              		.syntax unified
 1071              		.thumb
 1072              		.thumb_func
 1074              	USBD_CoreFindEP:
 1075              	.LVL88:
 1076              	.LFB360:
1072:Middlewares/ST/STM32_USB_Device_Library/Core/Src/usbd_core.c **** 
1073:Middlewares/ST/STM32_USB_Device_Library/Core/Src/usbd_core.c **** /**
1074:Middlewares/ST/STM32_USB_Device_Library/Core/Src/usbd_core.c ****   * @brief  USBD_CoreFindEP
1075:Middlewares/ST/STM32_USB_Device_Library/Core/Src/usbd_core.c ****   *         return the class index relative to the selected endpoint
1076:Middlewares/ST/STM32_USB_Device_Library/Core/Src/usbd_core.c ****   * @param  pdev: device instance
ARM GAS  C:\Users\Made\AppData\Local\Temp\cc1yTtBM.s 			page 39


1077:Middlewares/ST/STM32_USB_Device_Library/Core/Src/usbd_core.c ****   * @param  index : selected endpoint number
1078:Middlewares/ST/STM32_USB_Device_Library/Core/Src/usbd_core.c ****   * @retval index of the class using the selected endpoint number. 0xFF if no class found.
1079:Middlewares/ST/STM32_USB_Device_Library/Core/Src/usbd_core.c ****   */
1080:Middlewares/ST/STM32_USB_Device_Library/Core/Src/usbd_core.c **** uint8_t USBD_CoreFindEP(USBD_HandleTypeDef *pdev, uint8_t index)
1081:Middlewares/ST/STM32_USB_Device_Library/Core/Src/usbd_core.c **** {
 1077              		.loc 1 1081 1 is_stmt 1 view -0
 1078              		.cfi_startproc
 1079              		@ args = 0, pretend = 0, frame = 0
 1080              		@ frame_needed = 0, uses_anonymous_args = 0
 1081              		@ link register save eliminated.
1082:Middlewares/ST/STM32_USB_Device_Library/Core/Src/usbd_core.c **** #ifdef USE_USBD_COMPOSITE
1083:Middlewares/ST/STM32_USB_Device_Library/Core/Src/usbd_core.c ****   /* Parse the table of classes in use */
1084:Middlewares/ST/STM32_USB_Device_Library/Core/Src/usbd_core.c ****   for (uint32_t i = 0U; i < USBD_MAX_SUPPORTED_CLASS; i++)
1085:Middlewares/ST/STM32_USB_Device_Library/Core/Src/usbd_core.c ****   {
1086:Middlewares/ST/STM32_USB_Device_Library/Core/Src/usbd_core.c ****     /* Check if current class is in use */
1087:Middlewares/ST/STM32_USB_Device_Library/Core/Src/usbd_core.c ****     if ((pdev->tclasslist[i].Active) == 1U)
1088:Middlewares/ST/STM32_USB_Device_Library/Core/Src/usbd_core.c ****     {
1089:Middlewares/ST/STM32_USB_Device_Library/Core/Src/usbd_core.c ****       /* Parse all endpoints listed in the current class */
1090:Middlewares/ST/STM32_USB_Device_Library/Core/Src/usbd_core.c ****       for (uint32_t j = 0U; j < pdev->tclasslist[i].NumEps; j++)
1091:Middlewares/ST/STM32_USB_Device_Library/Core/Src/usbd_core.c ****       {
1092:Middlewares/ST/STM32_USB_Device_Library/Core/Src/usbd_core.c ****         /* Check if requested endpoint matches the current class endpoint */
1093:Middlewares/ST/STM32_USB_Device_Library/Core/Src/usbd_core.c ****         if (pdev->tclasslist[i].Eps[j].add == index)
1094:Middlewares/ST/STM32_USB_Device_Library/Core/Src/usbd_core.c ****         {
1095:Middlewares/ST/STM32_USB_Device_Library/Core/Src/usbd_core.c ****           if (pdev->pClass[i]->Setup != NULL)
1096:Middlewares/ST/STM32_USB_Device_Library/Core/Src/usbd_core.c ****           {
1097:Middlewares/ST/STM32_USB_Device_Library/Core/Src/usbd_core.c ****             return (uint8_t)i;
1098:Middlewares/ST/STM32_USB_Device_Library/Core/Src/usbd_core.c ****           }
1099:Middlewares/ST/STM32_USB_Device_Library/Core/Src/usbd_core.c ****         }
1100:Middlewares/ST/STM32_USB_Device_Library/Core/Src/usbd_core.c ****       }
1101:Middlewares/ST/STM32_USB_Device_Library/Core/Src/usbd_core.c ****     }
1102:Middlewares/ST/STM32_USB_Device_Library/Core/Src/usbd_core.c ****   }
1103:Middlewares/ST/STM32_USB_Device_Library/Core/Src/usbd_core.c **** 
1104:Middlewares/ST/STM32_USB_Device_Library/Core/Src/usbd_core.c ****   return 0xFFU;
1105:Middlewares/ST/STM32_USB_Device_Library/Core/Src/usbd_core.c **** #else
1106:Middlewares/ST/STM32_USB_Device_Library/Core/Src/usbd_core.c ****   UNUSED(pdev);
 1082              		.loc 1 1106 3 view .LVU304
1107:Middlewares/ST/STM32_USB_Device_Library/Core/Src/usbd_core.c ****   UNUSED(index);
 1083              		.loc 1 1107 3 view .LVU305
1108:Middlewares/ST/STM32_USB_Device_Library/Core/Src/usbd_core.c **** 
1109:Middlewares/ST/STM32_USB_Device_Library/Core/Src/usbd_core.c ****   return 0x00U;
 1084              		.loc 1 1109 3 view .LVU306
1110:Middlewares/ST/STM32_USB_Device_Library/Core/Src/usbd_core.c **** #endif /* USE_USBD_COMPOSITE */
1111:Middlewares/ST/STM32_USB_Device_Library/Core/Src/usbd_core.c **** }
 1085              		.loc 1 1111 1 is_stmt 0 view .LVU307
 1086 0000 0020     		movs	r0, #0
 1087              	.LVL89:
 1088              		.loc 1 1111 1 view .LVU308
 1089 0002 7047     		bx	lr
 1090              		.cfi_endproc
 1091              	.LFE360:
 1093              		.section	.text.USBD_LL_DataOutStage,"ax",%progbits
 1094              		.align	1
 1095              		.global	USBD_LL_DataOutStage
 1096              		.syntax unified
 1097              		.thumb
 1098              		.thumb_func
 1100              	USBD_LL_DataOutStage:
ARM GAS  C:\Users\Made\AppData\Local\Temp\cc1yTtBM.s 			page 40


 1101              	.LVL90:
 1102              	.LFB348:
 588:Middlewares/ST/STM32_USB_Device_Library/Core/Src/usbd_core.c ****   USBD_EndpointTypeDef *pep;
 1103              		.loc 1 588 1 is_stmt 1 view -0
 1104              		.cfi_startproc
 1105              		@ args = 0, pretend = 0, frame = 0
 1106              		@ frame_needed = 0, uses_anonymous_args = 0
 588:Middlewares/ST/STM32_USB_Device_Library/Core/Src/usbd_core.c ****   USBD_EndpointTypeDef *pep;
 1107              		.loc 1 588 1 is_stmt 0 view .LVU310
 1108 0000 38B5     		push	{r3, r4, r5, lr}
 1109              	.LCFI17:
 1110              		.cfi_def_cfa_offset 16
 1111              		.cfi_offset 3, -16
 1112              		.cfi_offset 4, -12
 1113              		.cfi_offset 5, -8
 1114              		.cfi_offset 14, -4
 1115 0002 0446     		mov	r4, r0
 589:Middlewares/ST/STM32_USB_Device_Library/Core/Src/usbd_core.c ****   USBD_StatusTypeDef ret = USBD_OK;
 1116              		.loc 1 589 3 is_stmt 1 view .LVU311
 590:Middlewares/ST/STM32_USB_Device_Library/Core/Src/usbd_core.c ****   uint8_t idx;
 1117              		.loc 1 590 3 view .LVU312
 1118              	.LVL91:
 591:Middlewares/ST/STM32_USB_Device_Library/Core/Src/usbd_core.c **** 
 1119              		.loc 1 591 3 view .LVU313
 593:Middlewares/ST/STM32_USB_Device_Library/Core/Src/usbd_core.c ****   {
 1120              		.loc 1 593 3 view .LVU314
 593:Middlewares/ST/STM32_USB_Device_Library/Core/Src/usbd_core.c ****   {
 1121              		.loc 1 593 6 is_stmt 0 view .LVU315
 1122 0004 0D46     		mov	r5, r1
 1123 0006 0029     		cmp	r1, #0
 1124 0008 42D1     		bne	.L79
 1125 000a 1346     		mov	r3, r2
 595:Middlewares/ST/STM32_USB_Device_Library/Core/Src/usbd_core.c **** 
 1126              		.loc 1 595 5 is_stmt 1 view .LVU316
 1127              	.LVL92:
 597:Middlewares/ST/STM32_USB_Device_Library/Core/Src/usbd_core.c ****     {
 1128              		.loc 1 597 5 view .LVU317
 597:Middlewares/ST/STM32_USB_Device_Library/Core/Src/usbd_core.c ****     {
 1129              		.loc 1 597 13 is_stmt 0 view .LVU318
 1130 000c D0F89422 		ldr	r2, [r0, #660]
 1131              	.LVL93:
 597:Middlewares/ST/STM32_USB_Device_Library/Core/Src/usbd_core.c ****     {
 1132              		.loc 1 597 8 view .LVU319
 1133 0010 032A     		cmp	r2, #3
 1134 0012 01D0     		beq	.L90
 670:Middlewares/ST/STM32_USB_Device_Library/Core/Src/usbd_core.c **** }
 1135              		.loc 1 670 10 view .LVU320
 1136 0014 0846     		mov	r0, r1
 1137              	.LVL94:
 1138              	.L80:
 671:Middlewares/ST/STM32_USB_Device_Library/Core/Src/usbd_core.c **** 
 1139              		.loc 1 671 1 view .LVU321
 1140 0016 38BD     		pop	{r3, r4, r5, pc}
 1141              	.LVL95:
 1142              	.L90:
 599:Middlewares/ST/STM32_USB_Device_Library/Core/Src/usbd_core.c ****       {
 1143              		.loc 1 599 7 is_stmt 1 view .LVU322
ARM GAS  C:\Users\Made\AppData\Local\Temp\cc1yTtBM.s 			page 41


 599:Middlewares/ST/STM32_USB_Device_Library/Core/Src/usbd_core.c ****       {
 1144              		.loc 1 599 14 is_stmt 0 view .LVU323
 1145 0018 D0F85C11 		ldr	r1, [r0, #348]
 1146              	.LVL96:
 599:Middlewares/ST/STM32_USB_Device_Library/Core/Src/usbd_core.c ****       {
 1147              		.loc 1 599 32 view .LVU324
 1148 001c D0F86021 		ldr	r2, [r0, #352]
 599:Middlewares/ST/STM32_USB_Device_Library/Core/Src/usbd_core.c ****       {
 1149              		.loc 1 599 10 view .LVU325
 1150 0020 9142     		cmp	r1, r2
 1151 0022 09D8     		bhi	.L91
 608:Middlewares/ST/STM32_USB_Device_Library/Core/Src/usbd_core.c ****         {
 1152              		.loc 1 608 9 is_stmt 1 view .LVU326
 608:Middlewares/ST/STM32_USB_Device_Library/Core/Src/usbd_core.c ****         {
 1153              		.loc 1 608 30 is_stmt 0 view .LVU327
 1154 0024 90F8AA32 		ldrb	r3, [r0, #682]	@ zero_extendqisi2
 1155              	.LVL97:
 608:Middlewares/ST/STM32_USB_Device_Library/Core/Src/usbd_core.c ****         {
 1156              		.loc 1 608 30 view .LVU328
 1157 0028 03F01F03 		and	r3, r3, #31
 608:Middlewares/ST/STM32_USB_Device_Library/Core/Src/usbd_core.c ****         {
 1158              		.loc 1 608 9 view .LVU329
 1159 002c 012B     		cmp	r3, #1
 1160 002e 0ED0     		beq	.L82
 1161 0030 022B     		cmp	r3, #2
 1162 0032 1BD0     		beq	.L83
 1163 0034 2846     		mov	r0, r5
 1164              	.LVL98:
 608:Middlewares/ST/STM32_USB_Device_Library/Core/Src/usbd_core.c ****         {
 1165              		.loc 1 608 9 view .LVU330
 1166 0036 0FE0     		b	.L84
 1167              	.LVL99:
 1168              	.L91:
 601:Middlewares/ST/STM32_USB_Device_Library/Core/Src/usbd_core.c **** 
 1169              		.loc 1 601 9 is_stmt 1 view .LVU331
 601:Middlewares/ST/STM32_USB_Device_Library/Core/Src/usbd_core.c **** 
 1170              		.loc 1 601 25 is_stmt 0 view .LVU332
 1171 0038 891A     		subs	r1, r1, r2
 1172 003a C0F85C11 		str	r1, [r0, #348]
 603:Middlewares/ST/STM32_USB_Device_Library/Core/Src/usbd_core.c ****       }
 1173              		.loc 1 603 9 is_stmt 1 view .LVU333
 603:Middlewares/ST/STM32_USB_Device_Library/Core/Src/usbd_core.c ****       }
 1174              		.loc 1 603 15 is_stmt 0 view .LVU334
 1175 003e 8A42     		cmp	r2, r1
 1176 0040 28BF     		it	cs
 1177 0042 0A46     		movcs	r2, r1
 1178 0044 1946     		mov	r1, r3
 1179 0046 FFF7FEFF 		bl	USBD_CtlContinueRx
 1180              	.LVL100:
 670:Middlewares/ST/STM32_USB_Device_Library/Core/Src/usbd_core.c **** }
 1181              		.loc 1 670 10 view .LVU335
 1182 004a 2846     		mov	r0, r5
 1183 004c E3E7     		b	.L80
 1184              	.LVL101:
 1185              	.L82:
 617:Middlewares/ST/STM32_USB_Device_Library/Core/Src/usbd_core.c ****             break;
 1186              		.loc 1 617 13 is_stmt 1 view .LVU336
ARM GAS  C:\Users\Made\AppData\Local\Temp\cc1yTtBM.s 			page 42


 617:Middlewares/ST/STM32_USB_Device_Library/Core/Src/usbd_core.c ****             break;
 1187              		.loc 1 617 19 is_stmt 0 view .LVU337
 1188 004e 90F8AE12 		ldrb	r1, [r0, #686]	@ zero_extendqisi2
 1189 0052 FFF7FEFF 		bl	USBD_CoreFindIF
 1190              	.LVL102:
 618:Middlewares/ST/STM32_USB_Device_Library/Core/Src/usbd_core.c **** 
 1191              		.loc 1 618 13 is_stmt 1 view .LVU338
 1192              	.L85:
 630:Middlewares/ST/STM32_USB_Device_Library/Core/Src/usbd_core.c ****         {
 1193              		.loc 1 630 9 view .LVU339
 630:Middlewares/ST/STM32_USB_Device_Library/Core/Src/usbd_core.c ****         {
 1194              		.loc 1 630 12 is_stmt 0 view .LVU340
 1195 0056 20B9     		cbnz	r0, .L86
 1196              	.LVL103:
 1197              	.L84:
 633:Middlewares/ST/STM32_USB_Device_Library/Core/Src/usbd_core.c ****           {
 1198              		.loc 1 633 11 is_stmt 1 view .LVU341
 633:Middlewares/ST/STM32_USB_Device_Library/Core/Src/usbd_core.c ****           {
 1199              		.loc 1 633 19 is_stmt 0 view .LVU342
 1200 0058 94F89C32 		ldrb	r3, [r4, #668]	@ zero_extendqisi2
 1201 005c DBB2     		uxtb	r3, r3
 633:Middlewares/ST/STM32_USB_Device_Library/Core/Src/usbd_core.c ****           {
 1202              		.loc 1 633 14 view .LVU343
 1203 005e 032B     		cmp	r3, #3
 1204 0060 09D0     		beq	.L92
 1205              	.L86:
 643:Middlewares/ST/STM32_USB_Device_Library/Core/Src/usbd_core.c ****       }
 1206              		.loc 1 643 9 is_stmt 1 view .LVU344
 643:Middlewares/ST/STM32_USB_Device_Library/Core/Src/usbd_core.c ****       }
 1207              		.loc 1 643 15 is_stmt 0 view .LVU345
 1208 0062 2046     		mov	r0, r4
 1209 0064 FFF7FEFF 		bl	USBD_CtlSendStatus
 1210              	.LVL104:
 670:Middlewares/ST/STM32_USB_Device_Library/Core/Src/usbd_core.c **** }
 1211              		.loc 1 670 10 view .LVU346
 1212 0068 2846     		mov	r0, r5
 1213 006a D4E7     		b	.L80
 1214              	.LVL105:
 1215              	.L83:
 621:Middlewares/ST/STM32_USB_Device_Library/Core/Src/usbd_core.c ****             break;
 1216              		.loc 1 621 13 is_stmt 1 view .LVU347
 621:Middlewares/ST/STM32_USB_Device_Library/Core/Src/usbd_core.c ****             break;
 1217              		.loc 1 621 19 is_stmt 0 view .LVU348
 1218 006c 90F8AE12 		ldrb	r1, [r0, #686]	@ zero_extendqisi2
 1219 0070 FFF7FEFF 		bl	USBD_CoreFindEP
 1220              	.LVL106:
 622:Middlewares/ST/STM32_USB_Device_Library/Core/Src/usbd_core.c **** 
 1221              		.loc 1 622 13 is_stmt 1 view .LVU349
 1222 0074 EFE7     		b	.L85
 1223              	.LVL107:
 1224              	.L92:
 635:Middlewares/ST/STM32_USB_Device_Library/Core/Src/usbd_core.c ****             {
 1225              		.loc 1 635 13 view .LVU350
 635:Middlewares/ST/STM32_USB_Device_Library/Core/Src/usbd_core.c ****             {
 1226              		.loc 1 635 29 is_stmt 0 view .LVU351
 1227 0076 00F1AE03 		add	r3, r0, #174
 1228 007a 54F82330 		ldr	r3, [r4, r3, lsl #2]
ARM GAS  C:\Users\Made\AppData\Local\Temp\cc1yTtBM.s 			page 43


 635:Middlewares/ST/STM32_USB_Device_Library/Core/Src/usbd_core.c ****             {
 1229              		.loc 1 635 34 view .LVU352
 1230 007e 1A69     		ldr	r2, [r3, #16]
 635:Middlewares/ST/STM32_USB_Device_Library/Core/Src/usbd_core.c ****             {
 1231              		.loc 1 635 16 view .LVU353
 1232 0080 002A     		cmp	r2, #0
 1233 0082 EED0     		beq	.L86
 637:Middlewares/ST/STM32_USB_Device_Library/Core/Src/usbd_core.c ****               pdev->pClass[idx]->EP0_RxReady(pdev);
 1234              		.loc 1 637 15 is_stmt 1 view .LVU354
 637:Middlewares/ST/STM32_USB_Device_Library/Core/Src/usbd_core.c ****               pdev->pClass[idx]->EP0_RxReady(pdev);
 1235              		.loc 1 637 29 is_stmt 0 view .LVU355
 1236 0084 C4F8D402 		str	r0, [r4, #724]
 638:Middlewares/ST/STM32_USB_Device_Library/Core/Src/usbd_core.c ****             }
 1237              		.loc 1 638 15 is_stmt 1 view .LVU356
 638:Middlewares/ST/STM32_USB_Device_Library/Core/Src/usbd_core.c ****             }
 1238              		.loc 1 638 32 is_stmt 0 view .LVU357
 1239 0088 1B69     		ldr	r3, [r3, #16]
 638:Middlewares/ST/STM32_USB_Device_Library/Core/Src/usbd_core.c ****             }
 1240              		.loc 1 638 15 view .LVU358
 1241 008a 2046     		mov	r0, r4
 1242 008c 9847     		blx	r3
 1243              	.LVL108:
 1244 008e E8E7     		b	.L86
 1245              	.LVL109:
 1246              	.L79:
 650:Middlewares/ST/STM32_USB_Device_Library/Core/Src/usbd_core.c **** 
 1247              		.loc 1 650 5 is_stmt 1 view .LVU359
 650:Middlewares/ST/STM32_USB_Device_Library/Core/Src/usbd_core.c **** 
 1248              		.loc 1 650 11 is_stmt 0 view .LVU360
 1249 0090 01F07F01 		and	r1, r1, #127
 1250              	.LVL110:
 650:Middlewares/ST/STM32_USB_Device_Library/Core/Src/usbd_core.c **** 
 1251              		.loc 1 650 11 view .LVU361
 1252 0094 FFF7FEFF 		bl	USBD_CoreFindEP
 1253              	.LVL111:
 652:Middlewares/ST/STM32_USB_Device_Library/Core/Src/usbd_core.c ****     {
 1254              		.loc 1 652 5 is_stmt 1 view .LVU362
 652:Middlewares/ST/STM32_USB_Device_Library/Core/Src/usbd_core.c ****     {
 1255              		.loc 1 652 8 is_stmt 0 view .LVU363
 1256 0098 90B9     		cbnz	r0, .L88
 655:Middlewares/ST/STM32_USB_Device_Library/Core/Src/usbd_core.c ****       {
 1257              		.loc 1 655 7 is_stmt 1 view .LVU364
 655:Middlewares/ST/STM32_USB_Device_Library/Core/Src/usbd_core.c ****       {
 1258              		.loc 1 655 15 is_stmt 0 view .LVU365
 1259 009a 94F89C32 		ldrb	r3, [r4, #668]	@ zero_extendqisi2
 1260 009e DBB2     		uxtb	r3, r3
 655:Middlewares/ST/STM32_USB_Device_Library/Core/Src/usbd_core.c ****       {
 1261              		.loc 1 655 10 view .LVU366
 1262 00a0 032B     		cmp	r3, #3
 1263 00a2 B8D1     		bne	.L80
 657:Middlewares/ST/STM32_USB_Device_Library/Core/Src/usbd_core.c ****         {
 1264              		.loc 1 657 9 is_stmt 1 view .LVU367
 657:Middlewares/ST/STM32_USB_Device_Library/Core/Src/usbd_core.c ****         {
 1265              		.loc 1 657 25 is_stmt 0 view .LVU368
 1266 00a4 00F1AE03 		add	r3, r0, #174
 1267 00a8 54F82330 		ldr	r3, [r4, r3, lsl #2]
 657:Middlewares/ST/STM32_USB_Device_Library/Core/Src/usbd_core.c ****         {
ARM GAS  C:\Users\Made\AppData\Local\Temp\cc1yTtBM.s 			page 44


 1268              		.loc 1 657 30 view .LVU369
 1269 00ac 9A69     		ldr	r2, [r3, #24]
 657:Middlewares/ST/STM32_USB_Device_Library/Core/Src/usbd_core.c ****         {
 1270              		.loc 1 657 12 view .LVU370
 1271 00ae 002A     		cmp	r2, #0
 1272 00b0 B1D0     		beq	.L80
 659:Middlewares/ST/STM32_USB_Device_Library/Core/Src/usbd_core.c ****           ret = (USBD_StatusTypeDef)pdev->pClass[idx]->DataOut(pdev, epnum);
 1273              		.loc 1 659 11 is_stmt 1 view .LVU371
 659:Middlewares/ST/STM32_USB_Device_Library/Core/Src/usbd_core.c ****           ret = (USBD_StatusTypeDef)pdev->pClass[idx]->DataOut(pdev, epnum);
 1274              		.loc 1 659 25 is_stmt 0 view .LVU372
 1275 00b2 C4F8D402 		str	r0, [r4, #724]
 660:Middlewares/ST/STM32_USB_Device_Library/Core/Src/usbd_core.c ****         }
 1276              		.loc 1 660 11 is_stmt 1 view .LVU373
 660:Middlewares/ST/STM32_USB_Device_Library/Core/Src/usbd_core.c ****         }
 1277              		.loc 1 660 54 is_stmt 0 view .LVU374
 1278 00b6 9B69     		ldr	r3, [r3, #24]
 660:Middlewares/ST/STM32_USB_Device_Library/Core/Src/usbd_core.c ****         }
 1279              		.loc 1 660 37 view .LVU375
 1280 00b8 2946     		mov	r1, r5
 1281 00ba 2046     		mov	r0, r4
 1282              	.LVL112:
 660:Middlewares/ST/STM32_USB_Device_Library/Core/Src/usbd_core.c ****         }
 1283              		.loc 1 660 37 view .LVU376
 1284 00bc 9847     		blx	r3
 1285              	.LVL113:
 663:Middlewares/ST/STM32_USB_Device_Library/Core/Src/usbd_core.c ****       {
 1286              		.loc 1 663 7 is_stmt 1 view .LVU377
 1287 00be AAE7     		b	.L80
 1288              	.LVL114:
 1289              	.L88:
 670:Middlewares/ST/STM32_USB_Device_Library/Core/Src/usbd_core.c **** }
 1290              		.loc 1 670 10 is_stmt 0 view .LVU378
 1291 00c0 0020     		movs	r0, #0
 1292              	.LVL115:
 670:Middlewares/ST/STM32_USB_Device_Library/Core/Src/usbd_core.c **** }
 1293              		.loc 1 670 10 view .LVU379
 1294 00c2 A8E7     		b	.L80
 1295              		.cfi_endproc
 1296              	.LFE348:
 1298              		.section	.text.USBD_LL_DataInStage,"ax",%progbits
 1299              		.align	1
 1300              		.global	USBD_LL_DataInStage
 1301              		.syntax unified
 1302              		.thumb
 1303              		.thumb_func
 1305              	USBD_LL_DataInStage:
 1306              	.LVL116:
 1307              	.LFB349:
 683:Middlewares/ST/STM32_USB_Device_Library/Core/Src/usbd_core.c ****   USBD_EndpointTypeDef *pep;
 1308              		.loc 1 683 1 is_stmt 1 view -0
 1309              		.cfi_startproc
 1310              		@ args = 0, pretend = 0, frame = 0
 1311              		@ frame_needed = 0, uses_anonymous_args = 0
 683:Middlewares/ST/STM32_USB_Device_Library/Core/Src/usbd_core.c ****   USBD_EndpointTypeDef *pep;
 1312              		.loc 1 683 1 is_stmt 0 view .LVU381
 1313 0000 38B5     		push	{r3, r4, r5, lr}
 1314              	.LCFI18:
ARM GAS  C:\Users\Made\AppData\Local\Temp\cc1yTtBM.s 			page 45


 1315              		.cfi_def_cfa_offset 16
 1316              		.cfi_offset 3, -16
 1317              		.cfi_offset 4, -12
 1318              		.cfi_offset 5, -8
 1319              		.cfi_offset 14, -4
 1320 0002 0446     		mov	r4, r0
 684:Middlewares/ST/STM32_USB_Device_Library/Core/Src/usbd_core.c ****   USBD_StatusTypeDef ret;
 1321              		.loc 1 684 3 is_stmt 1 view .LVU382
 685:Middlewares/ST/STM32_USB_Device_Library/Core/Src/usbd_core.c ****   uint8_t idx;
 1322              		.loc 1 685 3 view .LVU383
 686:Middlewares/ST/STM32_USB_Device_Library/Core/Src/usbd_core.c **** 
 1323              		.loc 1 686 3 view .LVU384
 688:Middlewares/ST/STM32_USB_Device_Library/Core/Src/usbd_core.c ****   {
 1324              		.loc 1 688 3 view .LVU385
 688:Middlewares/ST/STM32_USB_Device_Library/Core/Src/usbd_core.c ****   {
 1325              		.loc 1 688 6 is_stmt 0 view .LVU386
 1326 0004 0D46     		mov	r5, r1
 1327 0006 0029     		cmp	r1, #0
 1328 0008 4BD1     		bne	.L94
 1329 000a 1346     		mov	r3, r2
 690:Middlewares/ST/STM32_USB_Device_Library/Core/Src/usbd_core.c **** 
 1330              		.loc 1 690 5 is_stmt 1 view .LVU387
 1331              	.LVL117:
 692:Middlewares/ST/STM32_USB_Device_Library/Core/Src/usbd_core.c ****     {
 1332              		.loc 1 692 5 view .LVU388
 692:Middlewares/ST/STM32_USB_Device_Library/Core/Src/usbd_core.c ****     {
 1333              		.loc 1 692 13 is_stmt 0 view .LVU389
 1334 000c D0F89422 		ldr	r2, [r0, #660]
 1335              	.LVL118:
 692:Middlewares/ST/STM32_USB_Device_Library/Core/Src/usbd_core.c ****     {
 1336              		.loc 1 692 8 view .LVU390
 1337 0010 022A     		cmp	r2, #2
 1338 0012 07D0     		beq	.L102
 1339              	.LVL119:
 1340              	.L95:
 732:Middlewares/ST/STM32_USB_Device_Library/Core/Src/usbd_core.c ****     {
 1341              		.loc 1 732 5 is_stmt 1 view .LVU391
 732:Middlewares/ST/STM32_USB_Device_Library/Core/Src/usbd_core.c ****     {
 1342              		.loc 1 732 13 is_stmt 0 view .LVU392
 1343 0014 94F8A002 		ldrb	r0, [r4, #672]	@ zero_extendqisi2
 732:Middlewares/ST/STM32_USB_Device_Library/Core/Src/usbd_core.c ****     {
 1344              		.loc 1 732 8 view .LVU393
 1345 0018 18B1     		cbz	r0, .L99
 734:Middlewares/ST/STM32_USB_Device_Library/Core/Src/usbd_core.c ****       pdev->dev_test_mode = 0U;
 1346              		.loc 1 734 7 is_stmt 1 view .LVU394
 735:Middlewares/ST/STM32_USB_Device_Library/Core/Src/usbd_core.c ****     }
 1347              		.loc 1 735 7 view .LVU395
 735:Middlewares/ST/STM32_USB_Device_Library/Core/Src/usbd_core.c ****     }
 1348              		.loc 1 735 27 is_stmt 0 view .LVU396
 1349 001a 0023     		movs	r3, #0
 1350 001c 84F8A032 		strb	r3, [r4, #672]
 762:Middlewares/ST/STM32_USB_Device_Library/Core/Src/usbd_core.c **** }
 1351              		.loc 1 762 10 view .LVU397
 1352 0020 2846     		mov	r0, r5
 1353              	.LVL120:
 1354              	.L99:
 763:Middlewares/ST/STM32_USB_Device_Library/Core/Src/usbd_core.c **** 
ARM GAS  C:\Users\Made\AppData\Local\Temp\cc1yTtBM.s 			page 46


 1355              		.loc 1 763 1 view .LVU398
 1356 0022 38BD     		pop	{r3, r4, r5, pc}
 1357              	.LVL121:
 1358              	.L102:
 694:Middlewares/ST/STM32_USB_Device_Library/Core/Src/usbd_core.c ****       {
 1359              		.loc 1 694 7 is_stmt 1 view .LVU399
 694:Middlewares/ST/STM32_USB_Device_Library/Core/Src/usbd_core.c ****       {
 1360              		.loc 1 694 14 is_stmt 0 view .LVU400
 1361 0024 C269     		ldr	r2, [r0, #28]
 694:Middlewares/ST/STM32_USB_Device_Library/Core/Src/usbd_core.c ****       {
 1362              		.loc 1 694 32 view .LVU401
 1363 0026 016A     		ldr	r1, [r0, #32]
 1364              	.LVL122:
 694:Middlewares/ST/STM32_USB_Device_Library/Core/Src/usbd_core.c ****       {
 1365              		.loc 1 694 10 view .LVU402
 1366 0028 8A42     		cmp	r2, r1
 1367 002a 0ED8     		bhi	.L103
 706:Middlewares/ST/STM32_USB_Device_Library/Core/Src/usbd_core.c ****             (pep->total_length >= pep->maxpacket) &&
 1368              		.loc 1 706 9 is_stmt 1 view .LVU403
 706:Middlewares/ST/STM32_USB_Device_Library/Core/Src/usbd_core.c ****             (pep->total_length >= pep->maxpacket) &&
 1369              		.loc 1 706 12 is_stmt 0 view .LVU404
 1370 002c 8A42     		cmp	r2, r1
 1371 002e 18D0     		beq	.L104
 1372              	.LVL123:
 1373              	.L97:
 718:Middlewares/ST/STM32_USB_Device_Library/Core/Src/usbd_core.c ****           {
 1374              		.loc 1 718 11 is_stmt 1 view .LVU405
 718:Middlewares/ST/STM32_USB_Device_Library/Core/Src/usbd_core.c ****           {
 1375              		.loc 1 718 19 is_stmt 0 view .LVU406
 1376 0030 94F89C32 		ldrb	r3, [r4, #668]	@ zero_extendqisi2
 1377 0034 DBB2     		uxtb	r3, r3
 718:Middlewares/ST/STM32_USB_Device_Library/Core/Src/usbd_core.c ****           {
 1378              		.loc 1 718 14 view .LVU407
 1379 0036 032B     		cmp	r3, #3
 1380 0038 27D0     		beq	.L105
 1381              	.LVL124:
 1382              	.L98:
 726:Middlewares/ST/STM32_USB_Device_Library/Core/Src/usbd_core.c ****           (void)USBD_CtlReceiveStatus(pdev);
 1383              		.loc 1 726 11 is_stmt 1 view .LVU408
 726:Middlewares/ST/STM32_USB_Device_Library/Core/Src/usbd_core.c ****           (void)USBD_CtlReceiveStatus(pdev);
 1384              		.loc 1 726 17 is_stmt 0 view .LVU409
 1385 003a 8021     		movs	r1, #128
 1386 003c 2046     		mov	r0, r4
 1387 003e FFF7FEFF 		bl	USBD_LL_StallEP
 1388              	.LVL125:
 727:Middlewares/ST/STM32_USB_Device_Library/Core/Src/usbd_core.c ****         }
 1389              		.loc 1 727 11 is_stmt 1 view .LVU410
 727:Middlewares/ST/STM32_USB_Device_Library/Core/Src/usbd_core.c ****         }
 1390              		.loc 1 727 17 is_stmt 0 view .LVU411
 1391 0042 2046     		mov	r0, r4
 1392 0044 FFF7FEFF 		bl	USBD_CtlReceiveStatus
 1393              	.LVL126:
 1394 0048 E4E7     		b	.L95
 1395              	.LVL127:
 1396              	.L103:
 696:Middlewares/ST/STM32_USB_Device_Library/Core/Src/usbd_core.c **** 
 1397              		.loc 1 696 9 is_stmt 1 view .LVU412
ARM GAS  C:\Users\Made\AppData\Local\Temp\cc1yTtBM.s 			page 47


 696:Middlewares/ST/STM32_USB_Device_Library/Core/Src/usbd_core.c **** 
 1398              		.loc 1 696 25 is_stmt 0 view .LVU413
 1399 004a 521A     		subs	r2, r2, r1
 1400 004c C261     		str	r2, [r0, #28]
 698:Middlewares/ST/STM32_USB_Device_Library/Core/Src/usbd_core.c **** 
 1401              		.loc 1 698 9 is_stmt 1 view .LVU414
 698:Middlewares/ST/STM32_USB_Device_Library/Core/Src/usbd_core.c **** 
 1402              		.loc 1 698 15 is_stmt 0 view .LVU415
 1403 004e 1946     		mov	r1, r3
 1404 0050 FFF7FEFF 		bl	USBD_CtlContinueSendData
 1405              	.LVL128:
 701:Middlewares/ST/STM32_USB_Device_Library/Core/Src/usbd_core.c ****       }
 1406              		.loc 1 701 9 is_stmt 1 view .LVU416
 701:Middlewares/ST/STM32_USB_Device_Library/Core/Src/usbd_core.c ****       }
 1407              		.loc 1 701 15 is_stmt 0 view .LVU417
 1408 0054 0023     		movs	r3, #0
 1409 0056 1A46     		mov	r2, r3
 1410 0058 1946     		mov	r1, r3
 1411 005a 2046     		mov	r0, r4
 1412 005c FFF7FEFF 		bl	USBD_LL_PrepareReceive
 1413              	.LVL129:
 1414 0060 D8E7     		b	.L95
 1415              	.LVL130:
 1416              	.L104:
 707:Middlewares/ST/STM32_USB_Device_Library/Core/Src/usbd_core.c ****             (pep->total_length < pdev->ep0_data_len))
 1417              		.loc 1 707 17 view .LVU418
 1418 0062 8369     		ldr	r3, [r0, #24]
 1419              	.LVL131:
 706:Middlewares/ST/STM32_USB_Device_Library/Core/Src/usbd_core.c ****             (pep->total_length >= pep->maxpacket) &&
 1420              		.loc 1 706 49 discriminator 1 view .LVU419
 1421 0064 9942     		cmp	r1, r3
 1422 0066 E3D8     		bhi	.L97
 708:Middlewares/ST/STM32_USB_Device_Library/Core/Src/usbd_core.c ****         {
 1423              		.loc 1 708 38 view .LVU420
 1424 0068 D0F89822 		ldr	r2, [r0, #664]
 707:Middlewares/ST/STM32_USB_Device_Library/Core/Src/usbd_core.c ****             (pep->total_length < pdev->ep0_data_len))
 1425              		.loc 1 707 51 view .LVU421
 1426 006c 9342     		cmp	r3, r2
 1427 006e DFD2     		bcs	.L97
 710:Middlewares/ST/STM32_USB_Device_Library/Core/Src/usbd_core.c ****           pdev->ep0_data_len = 0U;
 1428              		.loc 1 710 11 is_stmt 1 view .LVU422
 710:Middlewares/ST/STM32_USB_Device_Library/Core/Src/usbd_core.c ****           pdev->ep0_data_len = 0U;
 1429              		.loc 1 710 17 is_stmt 0 view .LVU423
 1430 0070 0022     		movs	r2, #0
 1431 0072 1146     		mov	r1, r2
 1432 0074 FFF7FEFF 		bl	USBD_CtlContinueSendData
 1433              	.LVL132:
 711:Middlewares/ST/STM32_USB_Device_Library/Core/Src/usbd_core.c **** 
 1434              		.loc 1 711 11 is_stmt 1 view .LVU424
 711:Middlewares/ST/STM32_USB_Device_Library/Core/Src/usbd_core.c **** 
 1435              		.loc 1 711 30 is_stmt 0 view .LVU425
 1436 0078 0021     		movs	r1, #0
 1437 007a C4F89812 		str	r1, [r4, #664]
 714:Middlewares/ST/STM32_USB_Device_Library/Core/Src/usbd_core.c ****         }
 1438              		.loc 1 714 11 is_stmt 1 view .LVU426
 714:Middlewares/ST/STM32_USB_Device_Library/Core/Src/usbd_core.c ****         }
 1439              		.loc 1 714 17 is_stmt 0 view .LVU427
ARM GAS  C:\Users\Made\AppData\Local\Temp\cc1yTtBM.s 			page 48


 1440 007e 0B46     		mov	r3, r1
 1441 0080 0A46     		mov	r2, r1
 1442 0082 2046     		mov	r0, r4
 1443 0084 FFF7FEFF 		bl	USBD_LL_PrepareReceive
 1444              	.LVL133:
 714:Middlewares/ST/STM32_USB_Device_Library/Core/Src/usbd_core.c ****         }
 1445              		.loc 1 714 11 view .LVU428
 1446 0088 C4E7     		b	.L95
 1447              	.LVL134:
 1448              	.L105:
 720:Middlewares/ST/STM32_USB_Device_Library/Core/Src/usbd_core.c ****             {
 1449              		.loc 1 720 13 is_stmt 1 view .LVU429
 720:Middlewares/ST/STM32_USB_Device_Library/Core/Src/usbd_core.c ****             {
 1450              		.loc 1 720 29 is_stmt 0 view .LVU430
 1451 008a D4F8B832 		ldr	r3, [r4, #696]
 720:Middlewares/ST/STM32_USB_Device_Library/Core/Src/usbd_core.c ****             {
 1452              		.loc 1 720 32 view .LVU431
 1453 008e DA68     		ldr	r2, [r3, #12]
 720:Middlewares/ST/STM32_USB_Device_Library/Core/Src/usbd_core.c ****             {
 1454              		.loc 1 720 16 view .LVU432
 1455 0090 002A     		cmp	r2, #0
 1456 0092 D2D0     		beq	.L98
 722:Middlewares/ST/STM32_USB_Device_Library/Core/Src/usbd_core.c ****               pdev->pClass[0]->EP0_TxSent(pdev);
 1457              		.loc 1 722 15 is_stmt 1 view .LVU433
 722:Middlewares/ST/STM32_USB_Device_Library/Core/Src/usbd_core.c ****               pdev->pClass[0]->EP0_TxSent(pdev);
 1458              		.loc 1 722 29 is_stmt 0 view .LVU434
 1459 0094 0022     		movs	r2, #0
 1460 0096 C4F8D422 		str	r2, [r4, #724]
 723:Middlewares/ST/STM32_USB_Device_Library/Core/Src/usbd_core.c ****             }
 1461              		.loc 1 723 15 is_stmt 1 view .LVU435
 723:Middlewares/ST/STM32_USB_Device_Library/Core/Src/usbd_core.c ****             }
 1462              		.loc 1 723 30 is_stmt 0 view .LVU436
 1463 009a DB68     		ldr	r3, [r3, #12]
 723:Middlewares/ST/STM32_USB_Device_Library/Core/Src/usbd_core.c ****             }
 1464              		.loc 1 723 15 view .LVU437
 1465 009c 2046     		mov	r0, r4
 1466              	.LVL135:
 723:Middlewares/ST/STM32_USB_Device_Library/Core/Src/usbd_core.c ****             }
 1467              		.loc 1 723 15 view .LVU438
 1468 009e 9847     		blx	r3
 1469              	.LVL136:
 1470 00a0 CBE7     		b	.L98
 1471              	.LVL137:
 1472              	.L94:
 741:Middlewares/ST/STM32_USB_Device_Library/Core/Src/usbd_core.c **** 
 1473              		.loc 1 741 5 is_stmt 1 view .LVU439
 741:Middlewares/ST/STM32_USB_Device_Library/Core/Src/usbd_core.c **** 
 1474              		.loc 1 741 11 is_stmt 0 view .LVU440
 1475 00a2 41F08001 		orr	r1, r1, #128
 1476              	.LVL138:
 741:Middlewares/ST/STM32_USB_Device_Library/Core/Src/usbd_core.c **** 
 1477              		.loc 1 741 11 view .LVU441
 1478 00a6 FFF7FEFF 		bl	USBD_CoreFindEP
 1479              	.LVL139:
 743:Middlewares/ST/STM32_USB_Device_Library/Core/Src/usbd_core.c ****     {
 1480              		.loc 1 743 5 is_stmt 1 view .LVU442
 743:Middlewares/ST/STM32_USB_Device_Library/Core/Src/usbd_core.c ****     {
ARM GAS  C:\Users\Made\AppData\Local\Temp\cc1yTtBM.s 			page 49


 1481              		.loc 1 743 8 is_stmt 0 view .LVU443
 1482 00aa 90B9     		cbnz	r0, .L100
 746:Middlewares/ST/STM32_USB_Device_Library/Core/Src/usbd_core.c ****       {
 1483              		.loc 1 746 7 is_stmt 1 view .LVU444
 746:Middlewares/ST/STM32_USB_Device_Library/Core/Src/usbd_core.c ****       {
 1484              		.loc 1 746 15 is_stmt 0 view .LVU445
 1485 00ac 94F89C32 		ldrb	r3, [r4, #668]	@ zero_extendqisi2
 1486 00b0 DBB2     		uxtb	r3, r3
 746:Middlewares/ST/STM32_USB_Device_Library/Core/Src/usbd_core.c ****       {
 1487              		.loc 1 746 10 view .LVU446
 1488 00b2 032B     		cmp	r3, #3
 1489 00b4 B5D1     		bne	.L99
 748:Middlewares/ST/STM32_USB_Device_Library/Core/Src/usbd_core.c ****         {
 1490              		.loc 1 748 9 is_stmt 1 view .LVU447
 748:Middlewares/ST/STM32_USB_Device_Library/Core/Src/usbd_core.c ****         {
 1491              		.loc 1 748 25 is_stmt 0 view .LVU448
 1492 00b6 00F1AE03 		add	r3, r0, #174
 1493 00ba 54F82330 		ldr	r3, [r4, r3, lsl #2]
 748:Middlewares/ST/STM32_USB_Device_Library/Core/Src/usbd_core.c ****         {
 1494              		.loc 1 748 30 view .LVU449
 1495 00be 5A69     		ldr	r2, [r3, #20]
 748:Middlewares/ST/STM32_USB_Device_Library/Core/Src/usbd_core.c ****         {
 1496              		.loc 1 748 12 view .LVU450
 1497 00c0 002A     		cmp	r2, #0
 1498 00c2 AED0     		beq	.L99
 750:Middlewares/ST/STM32_USB_Device_Library/Core/Src/usbd_core.c ****           ret = (USBD_StatusTypeDef)pdev->pClass[idx]->DataIn(pdev, epnum);
 1499              		.loc 1 750 11 is_stmt 1 view .LVU451
 750:Middlewares/ST/STM32_USB_Device_Library/Core/Src/usbd_core.c ****           ret = (USBD_StatusTypeDef)pdev->pClass[idx]->DataIn(pdev, epnum);
 1500              		.loc 1 750 25 is_stmt 0 view .LVU452
 1501 00c4 C4F8D402 		str	r0, [r4, #724]
 751:Middlewares/ST/STM32_USB_Device_Library/Core/Src/usbd_core.c **** 
 1502              		.loc 1 751 11 is_stmt 1 view .LVU453
 751:Middlewares/ST/STM32_USB_Device_Library/Core/Src/usbd_core.c **** 
 1503              		.loc 1 751 54 is_stmt 0 view .LVU454
 1504 00c8 5B69     		ldr	r3, [r3, #20]
 751:Middlewares/ST/STM32_USB_Device_Library/Core/Src/usbd_core.c **** 
 1505              		.loc 1 751 37 view .LVU455
 1506 00ca 2946     		mov	r1, r5
 1507 00cc 2046     		mov	r0, r4
 1508              	.LVL140:
 751:Middlewares/ST/STM32_USB_Device_Library/Core/Src/usbd_core.c **** 
 1509              		.loc 1 751 37 view .LVU456
 1510 00ce 9847     		blx	r3
 1511              	.LVL141:
 753:Middlewares/ST/STM32_USB_Device_Library/Core/Src/usbd_core.c ****           {
 1512              		.loc 1 753 11 is_stmt 1 view .LVU457
 1513 00d0 A7E7     		b	.L99
 1514              	.LVL142:
 1515              	.L100:
 762:Middlewares/ST/STM32_USB_Device_Library/Core/Src/usbd_core.c **** }
 1516              		.loc 1 762 10 is_stmt 0 view .LVU458
 1517 00d2 0020     		movs	r0, #0
 1518              	.LVL143:
 762:Middlewares/ST/STM32_USB_Device_Library/Core/Src/usbd_core.c **** }
 1519              		.loc 1 762 10 view .LVU459
 1520 00d4 A5E7     		b	.L99
 1521              		.cfi_endproc
ARM GAS  C:\Users\Made\AppData\Local\Temp\cc1yTtBM.s 			page 50


 1522              	.LFE349:
 1524              		.section	.text.USBD_GetNextDesc,"ax",%progbits
 1525              		.align	1
 1526              		.global	USBD_GetNextDesc
 1527              		.syntax unified
 1528              		.thumb
 1529              		.thumb_func
 1531              	USBD_GetNextDesc:
 1532              	.LVL144:
 1533              	.LFB362:
1112:Middlewares/ST/STM32_USB_Device_Library/Core/Src/usbd_core.c **** 
1113:Middlewares/ST/STM32_USB_Device_Library/Core/Src/usbd_core.c **** #ifdef USE_USBD_COMPOSITE
1114:Middlewares/ST/STM32_USB_Device_Library/Core/Src/usbd_core.c **** /**
1115:Middlewares/ST/STM32_USB_Device_Library/Core/Src/usbd_core.c ****   * @brief  USBD_CoreGetEPAdd
1116:Middlewares/ST/STM32_USB_Device_Library/Core/Src/usbd_core.c ****   *         Get the endpoint address relative to a selected class
1117:Middlewares/ST/STM32_USB_Device_Library/Core/Src/usbd_core.c ****   * @param  pdev: device instance
1118:Middlewares/ST/STM32_USB_Device_Library/Core/Src/usbd_core.c ****   * @param  ep_dir: USBD_EP_IN or USBD_EP_OUT
1119:Middlewares/ST/STM32_USB_Device_Library/Core/Src/usbd_core.c ****   * @param  ep_type: USBD_EP_TYPE_CTRL, USBD_EP_TYPE_ISOC, USBD_EP_TYPE_BULK or USBD_EP_TYPE_INTR
1120:Middlewares/ST/STM32_USB_Device_Library/Core/Src/usbd_core.c ****   * @param  ClassId: The Class ID
1121:Middlewares/ST/STM32_USB_Device_Library/Core/Src/usbd_core.c ****   * @retval Address of the selected endpoint or 0xFFU if no endpoint found.
1122:Middlewares/ST/STM32_USB_Device_Library/Core/Src/usbd_core.c ****   */
1123:Middlewares/ST/STM32_USB_Device_Library/Core/Src/usbd_core.c **** uint8_t USBD_CoreGetEPAdd(USBD_HandleTypeDef *pdev, uint8_t ep_dir, uint8_t ep_type, uint8_t ClassI
1124:Middlewares/ST/STM32_USB_Device_Library/Core/Src/usbd_core.c **** {
1125:Middlewares/ST/STM32_USB_Device_Library/Core/Src/usbd_core.c ****   uint8_t idx;
1126:Middlewares/ST/STM32_USB_Device_Library/Core/Src/usbd_core.c **** 
1127:Middlewares/ST/STM32_USB_Device_Library/Core/Src/usbd_core.c ****   /* Find the EP address in the selected class table */
1128:Middlewares/ST/STM32_USB_Device_Library/Core/Src/usbd_core.c ****   for (idx = 0; idx < pdev->tclasslist[ClassId].NumEps; idx++)
1129:Middlewares/ST/STM32_USB_Device_Library/Core/Src/usbd_core.c ****   {
1130:Middlewares/ST/STM32_USB_Device_Library/Core/Src/usbd_core.c ****     if (((pdev->tclasslist[ClassId].Eps[idx].add & USBD_EP_IN) == ep_dir) && \
1131:Middlewares/ST/STM32_USB_Device_Library/Core/Src/usbd_core.c ****         (pdev->tclasslist[ClassId].Eps[idx].type == ep_type) && \
1132:Middlewares/ST/STM32_USB_Device_Library/Core/Src/usbd_core.c ****         (pdev->tclasslist[ClassId].Eps[idx].is_used != 0U))
1133:Middlewares/ST/STM32_USB_Device_Library/Core/Src/usbd_core.c ****     {
1134:Middlewares/ST/STM32_USB_Device_Library/Core/Src/usbd_core.c ****       return (pdev->tclasslist[ClassId].Eps[idx].add);
1135:Middlewares/ST/STM32_USB_Device_Library/Core/Src/usbd_core.c ****     }
1136:Middlewares/ST/STM32_USB_Device_Library/Core/Src/usbd_core.c ****   }
1137:Middlewares/ST/STM32_USB_Device_Library/Core/Src/usbd_core.c **** 
1138:Middlewares/ST/STM32_USB_Device_Library/Core/Src/usbd_core.c ****   /* If reaching this point, then no endpoint was found */
1139:Middlewares/ST/STM32_USB_Device_Library/Core/Src/usbd_core.c ****   return 0xFFU;
1140:Middlewares/ST/STM32_USB_Device_Library/Core/Src/usbd_core.c **** }
1141:Middlewares/ST/STM32_USB_Device_Library/Core/Src/usbd_core.c **** #endif /* USE_USBD_COMPOSITE */
1142:Middlewares/ST/STM32_USB_Device_Library/Core/Src/usbd_core.c **** 
1143:Middlewares/ST/STM32_USB_Device_Library/Core/Src/usbd_core.c **** /**
1144:Middlewares/ST/STM32_USB_Device_Library/Core/Src/usbd_core.c ****   * @brief  USBD_GetEpDesc
1145:Middlewares/ST/STM32_USB_Device_Library/Core/Src/usbd_core.c ****   *         This function return the Endpoint descriptor
1146:Middlewares/ST/STM32_USB_Device_Library/Core/Src/usbd_core.c ****   * @param  pdev: device instance
1147:Middlewares/ST/STM32_USB_Device_Library/Core/Src/usbd_core.c ****   * @param  pConfDesc:  pointer to Bos descriptor
1148:Middlewares/ST/STM32_USB_Device_Library/Core/Src/usbd_core.c ****   * @param  EpAddr:  endpoint address
1149:Middlewares/ST/STM32_USB_Device_Library/Core/Src/usbd_core.c ****   * @retval pointer to video endpoint descriptor
1150:Middlewares/ST/STM32_USB_Device_Library/Core/Src/usbd_core.c ****   */
1151:Middlewares/ST/STM32_USB_Device_Library/Core/Src/usbd_core.c **** void *USBD_GetEpDesc(uint8_t *pConfDesc, uint8_t EpAddr)
1152:Middlewares/ST/STM32_USB_Device_Library/Core/Src/usbd_core.c **** {
1153:Middlewares/ST/STM32_USB_Device_Library/Core/Src/usbd_core.c ****   USBD_DescHeaderTypeDef *pdesc = (USBD_DescHeaderTypeDef *)(void *)pConfDesc;
1154:Middlewares/ST/STM32_USB_Device_Library/Core/Src/usbd_core.c ****   USBD_ConfigDescTypeDef *desc = (USBD_ConfigDescTypeDef *)(void *)pConfDesc;
1155:Middlewares/ST/STM32_USB_Device_Library/Core/Src/usbd_core.c ****   USBD_EpDescTypeDef *pEpDesc = NULL;
1156:Middlewares/ST/STM32_USB_Device_Library/Core/Src/usbd_core.c ****   uint16_t ptr;
1157:Middlewares/ST/STM32_USB_Device_Library/Core/Src/usbd_core.c **** 
1158:Middlewares/ST/STM32_USB_Device_Library/Core/Src/usbd_core.c ****   if (desc->wTotalLength > desc->bLength)
ARM GAS  C:\Users\Made\AppData\Local\Temp\cc1yTtBM.s 			page 51


1159:Middlewares/ST/STM32_USB_Device_Library/Core/Src/usbd_core.c ****   {
1160:Middlewares/ST/STM32_USB_Device_Library/Core/Src/usbd_core.c ****     ptr = desc->bLength;
1161:Middlewares/ST/STM32_USB_Device_Library/Core/Src/usbd_core.c **** 
1162:Middlewares/ST/STM32_USB_Device_Library/Core/Src/usbd_core.c ****     while (ptr < desc->wTotalLength)
1163:Middlewares/ST/STM32_USB_Device_Library/Core/Src/usbd_core.c ****     {
1164:Middlewares/ST/STM32_USB_Device_Library/Core/Src/usbd_core.c ****       pdesc = USBD_GetNextDesc((uint8_t *)pdesc, &ptr);
1165:Middlewares/ST/STM32_USB_Device_Library/Core/Src/usbd_core.c **** 
1166:Middlewares/ST/STM32_USB_Device_Library/Core/Src/usbd_core.c ****       if (pdesc->bDescriptorType == USB_DESC_TYPE_ENDPOINT)
1167:Middlewares/ST/STM32_USB_Device_Library/Core/Src/usbd_core.c ****       {
1168:Middlewares/ST/STM32_USB_Device_Library/Core/Src/usbd_core.c ****         pEpDesc = (USBD_EpDescTypeDef *)(void *)pdesc;
1169:Middlewares/ST/STM32_USB_Device_Library/Core/Src/usbd_core.c **** 
1170:Middlewares/ST/STM32_USB_Device_Library/Core/Src/usbd_core.c ****         if (pEpDesc->bEndpointAddress == EpAddr)
1171:Middlewares/ST/STM32_USB_Device_Library/Core/Src/usbd_core.c ****         {
1172:Middlewares/ST/STM32_USB_Device_Library/Core/Src/usbd_core.c ****           break;
1173:Middlewares/ST/STM32_USB_Device_Library/Core/Src/usbd_core.c ****         }
1174:Middlewares/ST/STM32_USB_Device_Library/Core/Src/usbd_core.c ****         else
1175:Middlewares/ST/STM32_USB_Device_Library/Core/Src/usbd_core.c ****         {
1176:Middlewares/ST/STM32_USB_Device_Library/Core/Src/usbd_core.c ****           pEpDesc = NULL;
1177:Middlewares/ST/STM32_USB_Device_Library/Core/Src/usbd_core.c ****         }
1178:Middlewares/ST/STM32_USB_Device_Library/Core/Src/usbd_core.c ****       }
1179:Middlewares/ST/STM32_USB_Device_Library/Core/Src/usbd_core.c ****     }
1180:Middlewares/ST/STM32_USB_Device_Library/Core/Src/usbd_core.c ****   }
1181:Middlewares/ST/STM32_USB_Device_Library/Core/Src/usbd_core.c **** 
1182:Middlewares/ST/STM32_USB_Device_Library/Core/Src/usbd_core.c ****   return (void *)pEpDesc;
1183:Middlewares/ST/STM32_USB_Device_Library/Core/Src/usbd_core.c **** }
1184:Middlewares/ST/STM32_USB_Device_Library/Core/Src/usbd_core.c **** 
1185:Middlewares/ST/STM32_USB_Device_Library/Core/Src/usbd_core.c **** /**
1186:Middlewares/ST/STM32_USB_Device_Library/Core/Src/usbd_core.c ****   * @brief  USBD_GetNextDesc
1187:Middlewares/ST/STM32_USB_Device_Library/Core/Src/usbd_core.c ****   *         This function return the next descriptor header
1188:Middlewares/ST/STM32_USB_Device_Library/Core/Src/usbd_core.c ****   * @param  buf: Buffer where the descriptor is available
1189:Middlewares/ST/STM32_USB_Device_Library/Core/Src/usbd_core.c ****   * @param  ptr: data pointer inside the descriptor
1190:Middlewares/ST/STM32_USB_Device_Library/Core/Src/usbd_core.c ****   * @retval next header
1191:Middlewares/ST/STM32_USB_Device_Library/Core/Src/usbd_core.c ****   */
1192:Middlewares/ST/STM32_USB_Device_Library/Core/Src/usbd_core.c **** USBD_DescHeaderTypeDef *USBD_GetNextDesc(uint8_t *pbuf, uint16_t *ptr)
1193:Middlewares/ST/STM32_USB_Device_Library/Core/Src/usbd_core.c **** {
 1534              		.loc 1 1193 1 is_stmt 1 view -0
 1535              		.cfi_startproc
 1536              		@ args = 0, pretend = 0, frame = 0
 1537              		@ frame_needed = 0, uses_anonymous_args = 0
 1538              		@ link register save eliminated.
1194:Middlewares/ST/STM32_USB_Device_Library/Core/Src/usbd_core.c ****   USBD_DescHeaderTypeDef *pnext = (USBD_DescHeaderTypeDef *)(void *)pbuf;
 1539              		.loc 1 1194 3 view .LVU461
1195:Middlewares/ST/STM32_USB_Device_Library/Core/Src/usbd_core.c **** 
1196:Middlewares/ST/STM32_USB_Device_Library/Core/Src/usbd_core.c ****   *ptr += pnext->bLength;
 1540              		.loc 1 1196 3 view .LVU462
 1541 0000 0B88     		ldrh	r3, [r1]
 1542              		.loc 1 1196 16 is_stmt 0 view .LVU463
 1543 0002 0278     		ldrb	r2, [r0]	@ zero_extendqisi2
 1544              		.loc 1 1196 8 view .LVU464
 1545 0004 1344     		add	r3, r3, r2
 1546 0006 0B80     		strh	r3, [r1]	@ movhi
1197:Middlewares/ST/STM32_USB_Device_Library/Core/Src/usbd_core.c ****   pnext = (USBD_DescHeaderTypeDef *)(void *)(pbuf + pnext->bLength);
 1547              		.loc 1 1197 3 is_stmt 1 view .LVU465
 1548              		.loc 1 1197 58 is_stmt 0 view .LVU466
 1549 0008 0378     		ldrb	r3, [r0]	@ zero_extendqisi2
 1550              	.LVL145:
1198:Middlewares/ST/STM32_USB_Device_Library/Core/Src/usbd_core.c **** 
ARM GAS  C:\Users\Made\AppData\Local\Temp\cc1yTtBM.s 			page 52


1199:Middlewares/ST/STM32_USB_Device_Library/Core/Src/usbd_core.c ****   return (pnext);
 1551              		.loc 1 1199 3 is_stmt 1 view .LVU467
1200:Middlewares/ST/STM32_USB_Device_Library/Core/Src/usbd_core.c **** }
 1552              		.loc 1 1200 1 is_stmt 0 view .LVU468
 1553 000a 1844     		add	r0, r0, r3
 1554              	.LVL146:
 1555              		.loc 1 1200 1 view .LVU469
 1556 000c 7047     		bx	lr
 1557              		.cfi_endproc
 1558              	.LFE362:
 1560              		.section	.text.USBD_GetEpDesc,"ax",%progbits
 1561              		.align	1
 1562              		.global	USBD_GetEpDesc
 1563              		.syntax unified
 1564              		.thumb
 1565              		.thumb_func
 1567              	USBD_GetEpDesc:
 1568              	.LVL147:
 1569              	.LFB361:
1152:Middlewares/ST/STM32_USB_Device_Library/Core/Src/usbd_core.c ****   USBD_DescHeaderTypeDef *pdesc = (USBD_DescHeaderTypeDef *)(void *)pConfDesc;
 1570              		.loc 1 1152 1 is_stmt 1 view -0
 1571              		.cfi_startproc
 1572              		@ args = 0, pretend = 0, frame = 8
 1573              		@ frame_needed = 0, uses_anonymous_args = 0
1153:Middlewares/ST/STM32_USB_Device_Library/Core/Src/usbd_core.c ****   USBD_ConfigDescTypeDef *desc = (USBD_ConfigDescTypeDef *)(void *)pConfDesc;
 1574              		.loc 1 1153 3 view .LVU471
1154:Middlewares/ST/STM32_USB_Device_Library/Core/Src/usbd_core.c ****   USBD_EpDescTypeDef *pEpDesc = NULL;
 1575              		.loc 1 1154 3 view .LVU472
1155:Middlewares/ST/STM32_USB_Device_Library/Core/Src/usbd_core.c ****   uint16_t ptr;
 1576              		.loc 1 1155 3 view .LVU473
1156:Middlewares/ST/STM32_USB_Device_Library/Core/Src/usbd_core.c **** 
 1577              		.loc 1 1156 3 view .LVU474
1158:Middlewares/ST/STM32_USB_Device_Library/Core/Src/usbd_core.c ****   {
 1578              		.loc 1 1158 3 view .LVU475
1158:Middlewares/ST/STM32_USB_Device_Library/Core/Src/usbd_core.c ****   {
 1579              		.loc 1 1158 11 is_stmt 0 view .LVU476
 1580 0000 4288     		ldrh	r2, [r0, #2]	@ unaligned
1158:Middlewares/ST/STM32_USB_Device_Library/Core/Src/usbd_core.c ****   {
 1581              		.loc 1 1158 32 view .LVU477
 1582 0002 0378     		ldrb	r3, [r0]	@ zero_extendqisi2
1158:Middlewares/ST/STM32_USB_Device_Library/Core/Src/usbd_core.c ****   {
 1583              		.loc 1 1158 6 view .LVU478
 1584 0004 9A42     		cmp	r2, r3
 1585 0006 18D9     		bls	.L111
1152:Middlewares/ST/STM32_USB_Device_Library/Core/Src/usbd_core.c ****   USBD_DescHeaderTypeDef *pdesc = (USBD_DescHeaderTypeDef *)(void *)pConfDesc;
 1586              		.loc 1 1152 1 view .LVU479
 1587 0008 30B5     		push	{r4, r5, lr}
 1588              	.LCFI19:
 1589              		.cfi_def_cfa_offset 12
 1590              		.cfi_offset 4, -12
 1591              		.cfi_offset 5, -8
 1592              		.cfi_offset 14, -4
 1593 000a 83B0     		sub	sp, sp, #12
 1594              	.LCFI20:
 1595              		.cfi_def_cfa_offset 24
 1596 000c 0446     		mov	r4, r0
 1597 000e 0D46     		mov	r5, r1
ARM GAS  C:\Users\Made\AppData\Local\Temp\cc1yTtBM.s 			page 53


1160:Middlewares/ST/STM32_USB_Device_Library/Core/Src/usbd_core.c **** 
 1598              		.loc 1 1160 5 is_stmt 1 view .LVU480
1160:Middlewares/ST/STM32_USB_Device_Library/Core/Src/usbd_core.c **** 
 1599              		.loc 1 1160 9 is_stmt 0 view .LVU481
 1600 0010 ADF80630 		strh	r3, [sp, #6]	@ movhi
1162:Middlewares/ST/STM32_USB_Device_Library/Core/Src/usbd_core.c ****     {
 1601              		.loc 1 1162 5 is_stmt 1 view .LVU482
 1602              	.LVL148:
 1603              	.L109:
1162:Middlewares/ST/STM32_USB_Device_Library/Core/Src/usbd_core.c ****     {
 1604              		.loc 1 1162 16 view .LVU483
1162:Middlewares/ST/STM32_USB_Device_Library/Core/Src/usbd_core.c ****     {
 1605              		.loc 1 1162 22 is_stmt 0 view .LVU484
 1606 0014 6388     		ldrh	r3, [r4, #2]	@ unaligned
1162:Middlewares/ST/STM32_USB_Device_Library/Core/Src/usbd_core.c ****     {
 1607              		.loc 1 1162 16 view .LVU485
 1608 0016 BDF80620 		ldrh	r2, [sp, #6]
 1609 001a 9A42     		cmp	r2, r3
 1610 001c 0AD2     		bcs	.L116
1164:Middlewares/ST/STM32_USB_Device_Library/Core/Src/usbd_core.c **** 
 1611              		.loc 1 1164 7 is_stmt 1 view .LVU486
1164:Middlewares/ST/STM32_USB_Device_Library/Core/Src/usbd_core.c **** 
 1612              		.loc 1 1164 15 is_stmt 0 view .LVU487
 1613 001e 0DF10601 		add	r1, sp, #6
 1614 0022 FFF7FEFF 		bl	USBD_GetNextDesc
 1615              	.LVL149:
1166:Middlewares/ST/STM32_USB_Device_Library/Core/Src/usbd_core.c ****       {
 1616              		.loc 1 1166 7 is_stmt 1 view .LVU488
1166:Middlewares/ST/STM32_USB_Device_Library/Core/Src/usbd_core.c ****       {
 1617              		.loc 1 1166 16 is_stmt 0 view .LVU489
 1618 0026 4378     		ldrb	r3, [r0, #1]	@ zero_extendqisi2
1166:Middlewares/ST/STM32_USB_Device_Library/Core/Src/usbd_core.c ****       {
 1619              		.loc 1 1166 10 view .LVU490
 1620 0028 052B     		cmp	r3, #5
 1621 002a F3D1     		bne	.L109
1168:Middlewares/ST/STM32_USB_Device_Library/Core/Src/usbd_core.c **** 
 1622              		.loc 1 1168 9 is_stmt 1 view .LVU491
 1623              	.LVL150:
1170:Middlewares/ST/STM32_USB_Device_Library/Core/Src/usbd_core.c ****         {
 1624              		.loc 1 1170 9 view .LVU492
1170:Middlewares/ST/STM32_USB_Device_Library/Core/Src/usbd_core.c ****         {
 1625              		.loc 1 1170 20 is_stmt 0 view .LVU493
 1626 002c 8378     		ldrb	r3, [r0, #2]	@ zero_extendqisi2
1170:Middlewares/ST/STM32_USB_Device_Library/Core/Src/usbd_core.c ****         {
 1627              		.loc 1 1170 12 view .LVU494
 1628 002e AB42     		cmp	r3, r5
 1629 0030 F0D1     		bne	.L109
 1630 0032 00E0     		b	.L107
 1631              	.LVL151:
 1632              	.L116:
1170:Middlewares/ST/STM32_USB_Device_Library/Core/Src/usbd_core.c ****         {
 1633              		.loc 1 1170 12 view .LVU495
 1634 0034 0020     		movs	r0, #0
 1635              	.LVL152:
 1636              	.L107:
1183:Middlewares/ST/STM32_USB_Device_Library/Core/Src/usbd_core.c **** 
 1637              		.loc 1 1183 1 view .LVU496
ARM GAS  C:\Users\Made\AppData\Local\Temp\cc1yTtBM.s 			page 54


 1638 0036 03B0     		add	sp, sp, #12
 1639              	.LCFI21:
 1640              		.cfi_def_cfa_offset 12
 1641              		@ sp needed
 1642 0038 30BD     		pop	{r4, r5, pc}
 1643              	.LVL153:
 1644              	.L111:
 1645              	.LCFI22:
 1646              		.cfi_def_cfa_offset 0
 1647              		.cfi_restore 4
 1648              		.cfi_restore 5
 1649              		.cfi_restore 14
1155:Middlewares/ST/STM32_USB_Device_Library/Core/Src/usbd_core.c ****   uint16_t ptr;
 1650              		.loc 1 1155 23 view .LVU497
 1651 003a 0020     		movs	r0, #0
 1652              	.LVL154:
1182:Middlewares/ST/STM32_USB_Device_Library/Core/Src/usbd_core.c **** }
 1653              		.loc 1 1182 3 is_stmt 1 view .LVU498
1183:Middlewares/ST/STM32_USB_Device_Library/Core/Src/usbd_core.c **** 
 1654              		.loc 1 1183 1 is_stmt 0 view .LVU499
 1655 003c 7047     		bx	lr
 1656              		.cfi_endproc
 1657              	.LFE361:
 1659              		.text
 1660              	.Letext0:
 1661              		.file 2 "C:/Program Files (x86)/Arm GNU Toolchain arm-none-eabi/13.3 rel1/arm-none-eabi/include/ma
 1662              		.file 3 "C:/Program Files (x86)/Arm GNU Toolchain arm-none-eabi/13.3 rel1/arm-none-eabi/include/sy
 1663              		.file 4 "Middlewares/ST/STM32_USB_Device_Library/Core/Inc/usbd_def.h"
 1664              		.file 5 "Middlewares/ST/STM32_USB_Device_Library/Core/Inc/usbd_core.h"
 1665              		.file 6 "Middlewares/ST/STM32_USB_Device_Library/Core/Inc/usbd_ioreq.h"
 1666              		.file 7 "Middlewares/ST/STM32_USB_Device_Library/Core/Inc/usbd_ctlreq.h"
ARM GAS  C:\Users\Made\AppData\Local\Temp\cc1yTtBM.s 			page 55


DEFINED SYMBOLS
                            *ABS*:00000000 usbd_core.c
C:\Users\Made\AppData\Local\Temp\cc1yTtBM.s:20     .text.USBD_Init:00000000 $t
C:\Users\Made\AppData\Local\Temp\cc1yTtBM.s:26     .text.USBD_Init:00000000 USBD_Init
C:\Users\Made\AppData\Local\Temp\cc1yTtBM.s:95     .text.USBD_DeInit:00000000 $t
C:\Users\Made\AppData\Local\Temp\cc1yTtBM.s:101    .text.USBD_DeInit:00000000 USBD_DeInit
C:\Users\Made\AppData\Local\Temp\cc1yTtBM.s:161    .text.USBD_RegisterClass:00000000 $t
C:\Users\Made\AppData\Local\Temp\cc1yTtBM.s:167    .text.USBD_RegisterClass:00000000 USBD_RegisterClass
C:\Users\Made\AppData\Local\Temp\cc1yTtBM.s:247    .text.USBD_Start:00000000 $t
C:\Users\Made\AppData\Local\Temp\cc1yTtBM.s:253    .text.USBD_Start:00000000 USBD_Start
C:\Users\Made\AppData\Local\Temp\cc1yTtBM.s:276    .text.USBD_Stop:00000000 $t
C:\Users\Made\AppData\Local\Temp\cc1yTtBM.s:282    .text.USBD_Stop:00000000 USBD_Stop
C:\Users\Made\AppData\Local\Temp\cc1yTtBM.s:323    .text.USBD_RunTestMode:00000000 $t
C:\Users\Made\AppData\Local\Temp\cc1yTtBM.s:329    .text.USBD_RunTestMode:00000000 USBD_RunTestMode
C:\Users\Made\AppData\Local\Temp\cc1yTtBM.s:348    .text.USBD_SetClassConfig:00000000 $t
C:\Users\Made\AppData\Local\Temp\cc1yTtBM.s:354    .text.USBD_SetClassConfig:00000000 USBD_SetClassConfig
C:\Users\Made\AppData\Local\Temp\cc1yTtBM.s:395    .text.USBD_ClrClassConfig:00000000 $t
C:\Users\Made\AppData\Local\Temp\cc1yTtBM.s:401    .text.USBD_ClrClassConfig:00000000 USBD_ClrClassConfig
C:\Users\Made\AppData\Local\Temp\cc1yTtBM.s:440    .text.USBD_LL_SetupStage:00000000 $t
C:\Users\Made\AppData\Local\Temp\cc1yTtBM.s:446    .text.USBD_LL_SetupStage:00000000 USBD_LL_SetupStage
C:\Users\Made\AppData\Local\Temp\cc1yTtBM.s:534    .text.USBD_LL_Reset:00000000 $t
C:\Users\Made\AppData\Local\Temp\cc1yTtBM.s:540    .text.USBD_LL_Reset:00000000 USBD_LL_Reset
C:\Users\Made\AppData\Local\Temp\cc1yTtBM.s:648    .text.USBD_LL_SetSpeed:00000000 $t
C:\Users\Made\AppData\Local\Temp\cc1yTtBM.s:654    .text.USBD_LL_SetSpeed:00000000 USBD_LL_SetSpeed
C:\Users\Made\AppData\Local\Temp\cc1yTtBM.s:675    .text.USBD_LL_Suspend:00000000 $t
C:\Users\Made\AppData\Local\Temp\cc1yTtBM.s:681    .text.USBD_LL_Suspend:00000000 USBD_LL_Suspend
C:\Users\Made\AppData\Local\Temp\cc1yTtBM.s:717    .text.USBD_LL_Resume:00000000 $t
C:\Users\Made\AppData\Local\Temp\cc1yTtBM.s:723    .text.USBD_LL_Resume:00000000 USBD_LL_Resume
C:\Users\Made\AppData\Local\Temp\cc1yTtBM.s:758    .text.USBD_LL_SOF:00000000 $t
C:\Users\Made\AppData\Local\Temp\cc1yTtBM.s:764    .text.USBD_LL_SOF:00000000 USBD_LL_SOF
C:\Users\Made\AppData\Local\Temp\cc1yTtBM.s:814    .text.USBD_LL_IsoINIncomplete:00000000 $t
C:\Users\Made\AppData\Local\Temp\cc1yTtBM.s:820    .text.USBD_LL_IsoINIncomplete:00000000 USBD_LL_IsoINIncomplete
C:\Users\Made\AppData\Local\Temp\cc1yTtBM.s:886    .text.USBD_LL_IsoOUTIncomplete:00000000 $t
C:\Users\Made\AppData\Local\Temp\cc1yTtBM.s:892    .text.USBD_LL_IsoOUTIncomplete:00000000 USBD_LL_IsoOUTIncomplete
C:\Users\Made\AppData\Local\Temp\cc1yTtBM.s:958    .text.USBD_LL_DevConnected:00000000 $t
C:\Users\Made\AppData\Local\Temp\cc1yTtBM.s:964    .text.USBD_LL_DevConnected:00000000 USBD_LL_DevConnected
C:\Users\Made\AppData\Local\Temp\cc1yTtBM.s:983    .text.USBD_LL_DevDisconnected:00000000 $t
C:\Users\Made\AppData\Local\Temp\cc1yTtBM.s:989    .text.USBD_LL_DevDisconnected:00000000 USBD_LL_DevDisconnected
C:\Users\Made\AppData\Local\Temp\cc1yTtBM.s:1042   .text.USBD_CoreFindIF:00000000 $t
C:\Users\Made\AppData\Local\Temp\cc1yTtBM.s:1048   .text.USBD_CoreFindIF:00000000 USBD_CoreFindIF
C:\Users\Made\AppData\Local\Temp\cc1yTtBM.s:1068   .text.USBD_CoreFindEP:00000000 $t
C:\Users\Made\AppData\Local\Temp\cc1yTtBM.s:1074   .text.USBD_CoreFindEP:00000000 USBD_CoreFindEP
C:\Users\Made\AppData\Local\Temp\cc1yTtBM.s:1094   .text.USBD_LL_DataOutStage:00000000 $t
C:\Users\Made\AppData\Local\Temp\cc1yTtBM.s:1100   .text.USBD_LL_DataOutStage:00000000 USBD_LL_DataOutStage
C:\Users\Made\AppData\Local\Temp\cc1yTtBM.s:1299   .text.USBD_LL_DataInStage:00000000 $t
C:\Users\Made\AppData\Local\Temp\cc1yTtBM.s:1305   .text.USBD_LL_DataInStage:00000000 USBD_LL_DataInStage
C:\Users\Made\AppData\Local\Temp\cc1yTtBM.s:1525   .text.USBD_GetNextDesc:00000000 $t
C:\Users\Made\AppData\Local\Temp\cc1yTtBM.s:1531   .text.USBD_GetNextDesc:00000000 USBD_GetNextDesc
C:\Users\Made\AppData\Local\Temp\cc1yTtBM.s:1561   .text.USBD_GetEpDesc:00000000 $t
C:\Users\Made\AppData\Local\Temp\cc1yTtBM.s:1567   .text.USBD_GetEpDesc:00000000 USBD_GetEpDesc

UNDEFINED SYMBOLS
USBD_LL_Init
USBD_LL_Stop
USBD_LL_DeInit
USBD_LL_Start
USBD_ParseSetupRequest
ARM GAS  C:\Users\Made\AppData\Local\Temp\cc1yTtBM.s 			page 56


USBD_StdDevReq
USBD_StdItfReq
USBD_StdEPReq
USBD_LL_StallEP
USBD_LL_OpenEP
USBD_CtlContinueRx
USBD_CtlSendStatus
USBD_CtlReceiveStatus
USBD_CtlContinueSendData
USBD_LL_PrepareReceive
